protein_id,pid,z_max,best_category,has_defense_keyword,description,score_jackhmmer,length,truncated_by_esm,low_complexity_frac,repeat_frac_k6
NP_564821.1,NP_564821,1.8457317,cell_death_HR,True,NP_564821.1 respiratory burst oxidase protein F [Arabidopsis thaliana],0.0,944,False,0.3011,0.0
NP_199919.1,NP_199919,1.8429677,cell_death_HR,True,NP_199919.1 NADPH/respiratory burst oxidase protein D [Arabidopsis thaliana],0.0,905,False,0.1685,0.0
NP_194841.2,NP_194841,1.8263532,cell_death_HR,False,NP_194841.2 SHK1 binding protein 1 [Arabidopsis thaliana],0.0,642,False,0.2063,0.0
NP_001329809.1,NP_001329809,1.8090807,cell_death_HR,False,NP_001329809.1 trehalose phosphatase/synthase 5 [Arabidopsis thaliana],0.0,862,False,0.0706,0.0
NP_567538.1,NP_567538,1.8090807,cell_death_HR,False,NP_567538.1 trehalose phosphatase/synthase 5 [Arabidopsis thaliana],0.0,862,False,0.0706,0.0
NP_193817.2,NP_193817,1.8063967,cell_death_HR,False,NP_193817.2 tripeptidyl peptidase ii [Arabidopsis thaliana],0.0,1380,True,0.2482,0.0015
NP_191802.1,NP_191802,1.8055134,NBS_LRR,False,NP_191802.1 Protein with RNI-like/FBD-like domain [Arabidopsis thaliana],0.0,437,False,0.2619,0.0
NP_974647.1,NP_974647,1.8015082,cell_death_HR,False,NP_974647.1 SHK1 binding protein 1 [Arabidopsis thaliana],0.0,584,False,0.193,0.0
NP_181800.2,NP_181800,1.8012793,NBS_LRR,False,"NP_181800.2 FBD, F-box, Skp2-like and Leucine Rich Repeat domains containing protein [Arabidopsis thaliana]",0.0,443,False,0.2326,0.0
NP_199602.1,NP_199602,1.8003199,cell_death_HR,True,NP_199602.1 respiratory burst oxidase homologue D [Arabidopsis thaliana],0.0,921,False,0.2967,0.0
NP_001319408.1,NP_001319408,1.7946813,NBS_LRR,False,NP_001319408.1 F-box/RNI-like/FBD-like domains-containing protein [Arabidopsis thaliana],18.769134521484375,439,False,0.0952,0.0
NP_178005.1,NP_178005,1.7946813,NBS_LRR,False,NP_178005.1 F-box/RNI-like/FBD-like domains-containing protein [Arabidopsis thaliana],18.769134521484375,439,False,0.0952,0.0
NP_001325685.1,NP_001325685,1.7867248,NBS_LRR,False,NP_001325685.1 F-box family protein [Arabidopsis thaliana],19.333866119384766,619,False,0.15,0.0
NP_200493.2,NP_200493,1.7865434,NBS_LRR,False,NP_200493.2 F-box/RNI-like/FBD-like domains-containing protein [Arabidopsis thaliana],81.30366516113281,435,False,0.2143,0.0
NP_191447.1,NP_191447,1.782847,NBS_LRR,False,NP_191447.1 F-box/RNI-like superfamily protein [Arabidopsis thaliana],37.938961029052734,454,False,0.1591,0.0
NP_177186.2,NP_177186,1.7820482,cell_death_HR,False,NP_177186.2 trehalose-6-phosphatase synthase S8 [Arabidopsis thaliana],0.0,856,False,0.1429,0.0
NP_175674.3,NP_175674,1.7793291,NBS_LRR,False,NP_175674.3 F-box/RNI superfamily protein [Arabidopsis thaliana],18.691259384155273,465,False,0.0667,0.0
NP_680364.1,NP_680364,1.7784396,NBS_LRR,False,NP_680364.1 F-box/RNI-like superfamily protein [Arabidopsis thaliana],31.070524215698242,462,False,0.2889,0.0
NP_175548.4,NP_175548,1.7775995,NBS_LRR,False,NP_175548.4 F-box/RNI-like/FBD-like domains-containing protein [Arabidopsis thaliana],24.335678100585938,435,False,0.0714,0.0
NP_173799.1,NP_173799,1.7764758,cell_death_HR,False,NP_173799.1 trehalose-phosphatase/synthase 9 [Arabidopsis thaliana],0.0,867,False,0.1765,0.0
NP_191474.3,NP_191474,1.7744541,NBS_LRR,False,NP_191474.3 F-box/RNI superfamily protein [Arabidopsis thaliana],0.0,475,False,0.1522,0.0
NP_172833.2,NP_172833,1.7713807,NBS_LRR,False,NP_172833.2 F-box/RNI-like/FBD-like domains-containing protein [Arabidopsis thaliana],23.680574417114258,456,False,0.25,0.0
NP_001189735.1,NP_001189735,1.7696315,NBS_LRR,True,NP_001189735.1 F-box/FBD/LRR protein [Arabidopsis thaliana],0.0,457,False,0.1364,0.0
NP_568800.1,NP_568800,1.7686636,NBS_LRR,False,NP_568800.1 F-box/RNI-like/FBD-like domains-containing protein [Arabidopsis thaliana],0.0,444,False,0.2558,0.0
NP_196356.1,NP_196356,1.7636644,cell_death_HR,True,NP_196356.1 respiratory burst oxidase homolog A [Arabidopsis thaliana],0.0,902,False,0.2022,0.0
NP_200449.2,NP_200449,1.7617943,NBS_LRR,False,NP_200449.2 F-box/RNI-like/FBD-like domains-containing protein [Arabidopsis thaliana],22.911840438842773,439,False,0.2381,0.0
NP_001332756.1,NP_001332756,1.7617943,NBS_LRR,False,NP_001332756.1 F-box/RNI-like/FBD-like domains-containing protein [Arabidopsis thaliana],22.911840438842773,439,False,0.2381,0.0
NP_001185196.1,NP_001185196,1.7612253,NBS_LRR,False,NP_001185196.1 F-box/RNI-like/FBD-like domains-containing protein [Arabidopsis thaliana],24.47742462158203,413,False,0.05,0.0
NP_001154655.1,NP_001154655,1.7530543,cell_death_HR,False,NP_001154655.1 alpha/beta-Hydrolases superfamily protein [Arabidopsis thaliana],0.0,377,False,0.3056,0.0
NP_001078614.1,NP_001078614,1.7527163,NBS_LRR,False,"NP_001078614.1 FBD, F-box, Skp2-like and Leucine Rich Repeat domains containing protein [Arabidopsis thaliana]",0.0,450,False,0.3182,0.0
NP_001322705.1,NP_001322705,1.752587,cell_death_HR,False,NP_001322705.1 trehalose phosphate synthase [Arabidopsis thaliana],0.0,861,False,0.0941,0.0
NP_176221.1,NP_176221,1.752587,cell_death_HR,False,NP_176221.1 trehalose phosphate synthase [Arabidopsis thaliana],0.0,861,False,0.0941,0.0
NP_001322706.1,NP_001322706,1.752587,cell_death_HR,False,NP_001322706.1 trehalose phosphate synthase [Arabidopsis thaliana],0.0,861,False,0.0941,0.0
NP_001322703.1,NP_001322703,1.752587,cell_death_HR,False,NP_001322703.1 trehalose phosphate synthase [Arabidopsis thaliana],0.0,861,False,0.0941,0.0
NP_001322702.1,NP_001322702,1.752587,cell_death_HR,False,NP_001322702.1 trehalose phosphate synthase [Arabidopsis thaliana],0.0,861,False,0.0941,0.0
NP_189992.1,NP_189992,1.7472513,NBS_LRR,False,NP_189992.1 F-box/RNI-like superfamily protein [Arabidopsis thaliana],0.0,427,False,0.1951,0.0
NP_197379.1,NP_197379,1.7463554,NBS_LRR,False,NP_197379.1 F-box/RNI-like superfamily protein [Arabidopsis thaliana],0.0,441,False,0.2093,0.0
NP_001190332.1,NP_001190332,1.7463554,NBS_LRR,False,NP_001190332.1 F-box/RNI-like superfamily protein [Arabidopsis thaliana],0.0,441,False,0.2093,0.0
NP_001190683.1,NP_001190683,1.74193,NBS_LRR,False,NP_001190683.1 RNI-like superfamily protein [Arabidopsis thaliana],22.713306427001953,309,False,0.1724,0.0
NP_850834.1,NP_850834,1.7375174,cell_death_HR,False,NP_850834.1 Target of Myb protein 1 [Arabidopsis thaliana],0.0,297,False,0.2143,0.0
NP_001330423.1,NP_001330423,1.7367036,NBS_LRR,False,NP_001330423.1 F-box/RNI-like/FBD-like domains-containing protein [Arabidopsis thaliana],0.0,435,False,0.2857,0.0
NP_199311.1,NP_199311,1.736702,NBS_LRR,False,NP_199311.1 F-box/RNI-like/FBD-like domains-containing protein [Arabidopsis thaliana],0.0,435,False,0.2857,0.0
NP_189994.1,NP_189994,1.7357849,NBS_LRR,False,NP_189994.1 F-box family protein [Arabidopsis thaliana],0.0,387,False,0.1351,0.0
NP_001320535.1,NP_001320535,1.735399,cell_death_HR,False,NP_001320535.1 DA1 [Arabidopsis thaliana],0.0,532,False,0.2692,0.0
NP_173361.1,NP_173361,1.735399,cell_death_HR,False,NP_173361.1 DA1 [Arabidopsis thaliana],0.0,532,False,0.2692,0.0
NP_001318622.1,NP_001318622,1.7341762,NBS_LRR,True,NP_001318622.1 F-box/FBD/LRR protein [Arabidopsis thaliana],0.0,468,False,0.1778,0.0
NP_177997.1,NP_177997,1.7338591,NBS_LRR,False,NP_177997.1 F-box/RNI-like superfamily protein [Arabidopsis thaliana],0.0,452,False,0.2727,0.0
NP_001318935.1,NP_001318935,1.7337332,NBS_LRR,False,NP_001318935.1 F-box/RNI-like superfamily protein [Arabidopsis thaliana],75.88835144042969,403,False,0.2821,0.0
NP_001321698.1,NP_001321698,1.7337332,NBS_LRR,False,NP_001321698.1 F-box/RNI-like superfamily protein [Arabidopsis thaliana],75.88835144042969,403,False,0.2821,0.0
NP_001154312.1,NP_001154312,1.7337332,NBS_LRR,False,NP_001154312.1 F-box/RNI-like superfamily protein [Arabidopsis thaliana],75.88835144042969,403,False,0.2821,0.0
NP_001321700.1,NP_001321700,1.7337332,NBS_LRR,False,NP_001321700.1 F-box/RNI-like superfamily protein [Arabidopsis thaliana],75.88835144042969,403,False,0.2821,0.0
NP_567169.2,NP_567169,1.7332411,NBS_LRR,False,NP_567169.2 F-box/RNI-like superfamily protein [Arabidopsis thaliana],17.35028076171875,507,False,0.102,0.0
NP_180554.2,NP_180554,1.7320559,NBS_LRR,False,NP_180554.2 F-box/RNI-like superfamily protein [Arabidopsis thaliana],0.0,459,False,0.2045,0.0
NP_973563.1,NP_973563,1.7320542,NBS_LRR,False,NP_973563.1 F-box/RNI-like superfamily protein [Arabidopsis thaliana],0.0,459,False,0.2045,0.0
NP_001318621.1,NP_001318621,1.7317829,NBS_LRR,True,NP_001318621.1 LOW protein: F-box/FBD/LRR-like protein [Arabidopsis thaliana],0.0,437,False,0.3571,0.0
NP_001332573.1,NP_001332573,1.7317829,NBS_LRR,True,NP_001332573.1 LOW protein: F-box/FBD/LRR-like protein [Arabidopsis thaliana],0.0,437,False,0.3571,0.0
NP_001332574.1,NP_001332574,1.7317829,NBS_LRR,True,NP_001332574.1 LOW protein: F-box/FBD/LRR-like protein [Arabidopsis thaliana],0.0,437,False,0.3571,0.0
NP_001332571.1,NP_001332571,1.7317829,NBS_LRR,True,NP_001332571.1 LOW protein: F-box/FBD/LRR-like protein [Arabidopsis thaliana],0.0,437,False,0.3571,0.0
NP_200468.1,NP_200468,1.7284741,NBS_LRR,True,NP_200468.1 Leucine-rich repeat (LRR) family protein [Arabidopsis thaliana],38.12361526489258,439,False,0.1667,0.0
NP_001321696.1,NP_001321696,1.7266562,NBS_LRR,False,NP_001321696.1 F-box/RNI-like superfamily protein [Arabidopsis thaliana],76.52182006835938,356,False,0.3235,0.0
NP_001321697.1,NP_001321697,1.7266562,NBS_LRR,False,NP_001321697.1 F-box/RNI-like superfamily protein [Arabidopsis thaliana],76.52182006835938,356,False,0.3235,0.0
NP_001319715.1,NP_001319715,1.7265009,NBS_LRR,True,NP_001319715.1 F-box/FBD/LRR protein [Arabidopsis thaliana],0.0,467,False,0.0889,0.0043
NP_199309.2,NP_199309,1.724593,NBS_LRR,False,NP_199309.2 F-box/RNI-like/FBD-like domains-containing protein [Arabidopsis thaliana],0.0,416,False,0.2,0.0
NP_001321870.1,NP_001321870,1.7231987,NBS_LRR,False,NP_001321870.1 F-box/RNI-like/FBD-like domains-containing protein [Arabidopsis thaliana],0.0,410,False,0.075,0.0
NP_680353.2,NP_680353,1.7216113,NBS_LRR,False,NP_680353.2 F-box/RNI-like superfamily protein [Arabidopsis thaliana],0.0,455,False,0.1591,0.0
NP_001031971.1,NP_001031971,1.7216096,NBS_LRR,False,NP_001031971.1 F-box/RNI-like superfamily protein [Arabidopsis thaliana],0.0,455,False,0.1591,0.0
NP_191483.1,NP_191483,1.719437,NBS_LRR,False,NP_191483.1 RNI-like superfamily protein [Arabidopsis thaliana],25.991811752319336,504,False,0.1429,0.004
NP_191455.1,NP_191455,1.7190871,NBS_LRR,False,NP_191455.1 F-box/RNI-like/FBD-like domains-containing protein [Arabidopsis thaliana],0.0,475,False,0.2826,0.0
NP_001330477.1,NP_001330477,1.7168148,NBS_LRR,False,NP_001330477.1 RNI-like superfamily protein [Arabidopsis thaliana],0.0,514,False,0.1,0.0
NP_197958.1,NP_197958,1.7137724,NBS_LRR,False,NP_197958.1 F-box/RNI-like superfamily protein [Arabidopsis thaliana],0.0,448,False,0.1628,0.0
NP_001322704.1,NP_001322704,1.7132596,cell_death_HR,False,NP_001322704.1 trehalose phosphate synthase [Arabidopsis thaliana],0.0,764,False,0.0933,0.0
NP_001321695.1,NP_001321695,1.7130351,NBS_LRR,False,NP_001321695.1 F-box/RNI-like superfamily protein [Arabidopsis thaliana],75.80027770996094,412,False,0.225,0.0
NP_001321699.1,NP_001321699,1.7129028,NBS_LRR,False,NP_001321699.1 F-box/RNI-like superfamily protein [Arabidopsis thaliana],76.78968811035156,304,False,0.3448,0.0
NP_191454.1,NP_191454,1.7126052,NBS_LRR,False,NP_191454.1 F-box/RNI-like superfamily protein [Arabidopsis thaliana],0.0,417,False,0.025,0.0
NP_001320954.1,NP_001320954,1.7119676,NBS_LRR,False,NP_001320954.1 F-box/RNI-like/FBD-like domains-containing protein [Arabidopsis thaliana],0.0,487,False,0.1702,0.0207
NP_191445.1,NP_191445,1.7104751,NBS_LRR,False,NP_191445.1 F-box/RNI-like superfamily protein [Arabidopsis thaliana],13.204785346984863,457,False,0.25,0.0
NP_186954.1,NP_186954,1.7101612,NBS_LRR,False,NP_186954.1 F-box/RNI-like superfamily protein [Arabidopsis thaliana],0.0,472,False,0.1739,0.0
NP_197066.1,NP_197066,1.70988,NBS_LRR,False,NP_197066.1 F-box/RNI-like superfamily protein [Arabidopsis thaliana],0.0,440,False,0.093,0.0
NP_190067.1,NP_190067,1.7097526,NBS_LRR,False,NP_190067.1 F-box family protein [Arabidopsis thaliana],0.0,448,False,0.1628,0.0
NP_001331135.1,NP_001331135,1.7096364,NBS_LRR,False,"NP_001331135.1 FBD, F-box, Skp2-like and Leucine Rich Repeat domains containing protein [Arabidopsis thaliana]",0.0,460,False,0.2222,0.0
NP_001331780.1,NP_001331780,1.7093716,NBS_LRR,False,"NP_001331780.1 FBD, F-box and Leucine Rich Repeat domains containing protein [Arabidopsis thaliana]",43.61013412475586,418,False,0.125,0.0
NP_001320089.1,NP_001320089,1.7076656,cell_death_HR,False,NP_001320089.1 Integral membrane Yip1 family protein [Arabidopsis thaliana],0.0,280,False,0.4815,0.0
NP_567843.1,NP_567843,1.7076656,cell_death_HR,False,NP_567843.1 Integral membrane Yip1 family protein [Arabidopsis thaliana],0.0,280,False,0.4815,0.0
NP_194365.1,NP_194365,1.7068361,NBS_LRR,False,NP_194365.1 F-box/RNI-like/FBD-like domains-containing protein [Arabidopsis thaliana],16.938312530517578,431,False,0.0476,0.0
NP_173618.1,NP_173618,1.706205,NBS_LRR,False,NP_173618.1 F-box/RNI-like/FBD-like domains-containing protein [Arabidopsis thaliana],0.0,465,False,0.1556,0.0
NP_201197.1,NP_201197,1.7061714,cell_death_HR,False,NP_201197.1 topoisomerase 3alpha [Arabidopsis thaliana],0.0,926,False,0.1209,0.0
NP_176635.1,NP_176635,1.7060382,NBS_LRR,False,NP_176635.1 F-box/FBD-like domains containing protein [Arabidopsis thaliana],0.0,444,False,0.2326,0.0
NP_001319320.1,NP_001319320,1.7060382,NBS_LRR,False,NP_001319320.1 F-box/FBD-like domains containing protein [Arabidopsis thaliana],0.0,444,False,0.2326,0.0
NP_191803.1,NP_191803,1.7030041,NBS_LRR,False,NP_191803.1 F-box/RNI-like superfamily protein [Arabidopsis thaliana],18.377166748046875,457,False,0.0909,0.0
NP_565442.1,NP_565442,1.7014182,cell_death_HR,False,NP_565442.1 Integral membrane Yip1 family protein [Arabidopsis thaliana],0.0,281,False,0.5185,0.0145
NP_001319875.1,NP_001319875,1.7005863,NBS_LRR,False,NP_001319875.1 RNI-like superfamily protein [Arabidopsis thaliana],25.849872589111328,306,False,0.1379,0.0
NP_200492.1,NP_200492,1.699862,NBS_LRR,False,NP_200492.1 F-box/RNI-like/FBD-like domains-containing protein [Arabidopsis thaliana],30.57895851135254,435,False,0.2143,0.0
NP_001331014.1,NP_001331014,1.6958274,NBS_LRR,False,NP_001331014.1 F-box/RNI-like superfamily protein [Arabidopsis thaliana],0.0,403,False,0.1795,0.0
NP_680363.1,NP_680363,1.6958274,NBS_LRR,False,NP_680363.1 F-box/RNI-like superfamily protein [Arabidopsis thaliana],0.0,403,False,0.1795,0.0
NP_191475.1,NP_191475,1.6949921,NBS_LRR,False,NP_191475.1 F-box/RNI-like superfamily protein [Arabidopsis thaliana],0.0,464,False,0.2889,0.0
NP_176244.1,NP_176244,1.6945523,NBS_LRR,False,NP_176244.1 F-box family protein [Arabidopsis thaliana],0.0,406,False,0.2821,0.0
NP_200480.1,NP_200480,1.6945163,NBS_LRR,False,"NP_200480.1 FBD, F-box and Leucine Rich Repeat domains containing protein [Arabidopsis thaliana]",32.014610290527344,402,False,0.3077,0.0
NP_176806.1,NP_176806,1.6923012,NBS_LRR,False,NP_176806.1 F-box/RNI-like superfamily protein [Arabidopsis thaliana],0.0,457,False,0.2955,0.0
NP_198638.2,NP_198638,1.6911002,cell_death_HR,False,NP_198638.2 alpha/beta-Hydrolases superfamily protein [Arabidopsis thaliana],0.0,336,False,0.2812,0.0
NP_001031978.1,NP_001031978,1.6910987,cell_death_HR,False,NP_001031978.1 alpha/beta-Hydrolases superfamily protein [Arabidopsis thaliana],0.0,336,False,0.2812,0.0
NP_177994.2,NP_177994,1.6906631,NBS_LRR,False,"NP_177994.2 FBD, F-box, Skp2-like and Leucine Rich Repeat domains containing protein [Arabidopsis thaliana]",0.0,420,False,0.1951,0.0
NP_192843.2,NP_192843,1.6888255,PR_proteins,False,NP_192843.2 glycosyl hydrolase 9C3 [Arabidopsis thaliana],0.0,626,False,0.2459,0.0
NP_001321463.1,NP_001321463,1.6876453,NBS_LRR,False,NP_001321463.1 RNI-like superfamily protein [Arabidopsis thaliana],65.26256561279297,432,False,0.2619,0.0
NP_179117.1,NP_179117,1.6874593,PR_proteins,False,NP_179117.1 Plant basic secretory protein (BSP) family protein [Arabidopsis thaliana],0.0,225,False,0.1905,0.0
NP_001331552.1,NP_001331552,1.687337,cell_death_HR,False,NP_001331552.1 vesicle-associated membrane protein 713 [Arabidopsis thaliana],0.0,226,False,0.1905,0.0
NP_172129.1,NP_172129,1.6867222,cell_death_HR,False,NP_172129.1 trehalose-phosphatase/synthase 7 [Arabidopsis thaliana],0.0,851,False,0.1071,0.0
NP_001321475.1,NP_001321475,1.6867222,cell_death_HR,False,NP_001321475.1 trehalose-phosphatase/synthase 7 [Arabidopsis thaliana],0.0,851,False,0.1071,0.0
NP_001321476.1,NP_001321476,1.6867222,cell_death_HR,False,NP_001321476.1 trehalose-phosphatase/synthase 7 [Arabidopsis thaliana],0.0,851,False,0.1071,0.0
NP_176805.1,NP_176805,1.6862999,NBS_LRR,False,NP_176805.1 F-box/RNI-like/FBD-like domains-containing protein [Arabidopsis thaliana],0.0,442,False,0.3023,0.0
NP_001330483.1,NP_001330483,1.6850528,cell_death_HR,False,NP_001330483.1 haloacid dehalogenase-like hydrolase family protein [Arabidopsis thaliana],0.0,523,False,0.2157,0.0
NP_566451.1,NP_566451,1.6845915,cell_death_HR,False,NP_566451.1 ubiquitin family protein [Arabidopsis thaliana],0.0,414,False,0.2,0.0
NP_001189877.1,NP_001189877,1.6845915,cell_death_HR,False,NP_001189877.1 ubiquitin family protein [Arabidopsis thaliana],0.0,414,False,0.2,0.0
NP_001328091.1,NP_001328091,1.6843787,PR_proteins,False,NP_001328091.1 glycosyl hydrolase 9C3 [Arabidopsis thaliana],0.0,625,False,0.2459,0.0
NP_567620.1,NP_567620,1.6830958,cell_death_HR,False,NP_567620.1 Calcium-dependent ARF-type GTPase activating protein family [Arabidopsis thaliana],0.0,337,False,0.1875,0.0
NP_849416.1,NP_849416,1.6830958,cell_death_HR,False,NP_849416.1 Calcium-dependent ARF-type GTPase activating protein family [Arabidopsis thaliana],0.0,337,False,0.1875,0.0
NP_974581.1,NP_974581,1.6830958,cell_death_HR,False,NP_974581.1 Calcium-dependent ARF-type GTPase activating protein family [Arabidopsis thaliana],0.0,337,False,0.1875,0.0
NP_974582.1,NP_974582,1.6830958,cell_death_HR,False,NP_974582.1 Calcium-dependent ARF-type GTPase activating protein family [Arabidopsis thaliana],0.0,337,False,0.1875,0.0
NP_001189876.1,NP_001189876,1.6828544,cell_death_HR,False,NP_001189876.1 ubiquitin family protein [Arabidopsis thaliana],0.0,413,False,0.2,0.0
NP_176804.1,NP_176804,1.6823306,NBS_LRR,False,NP_176804.1 F-box/RNI-like/FBD-like domains-containing protein [Arabidopsis thaliana],0.0,456,False,0.1591,0.0
NP_200059.2,NP_200059,1.680722,NBS_LRR,False,"NP_200059.2 FBD, F-box and Leucine Rich Repeat domains containing protein [Arabidopsis thaliana]",18.511384963989258,369,False,0.2857,0.0
NP_001319042.1,NP_001319042,1.6799829,cell_death_HR,False,NP_001319042.1 Riboflavin synthase-like superfamily protein [Arabidopsis thaliana],0.0,952,False,0.2872,0.0
NP_198127.1,NP_198127,1.6799111,NBS_LRR,False,NP_198127.1 F-box/FBD-like domains containing protein [Arabidopsis thaliana],0.0,459,False,0.2045,0.0
NP_173137.1,NP_173137,1.6799046,NBS_LRR,False,NP_173137.1 F-box/RNI-like/FBD-like domains-containing protein [Arabidopsis thaliana],0.0,449,False,0.1395,0.0
NP_001322751.1,NP_001322751,1.6799046,NBS_LRR,False,NP_001322751.1 F-box/RNI-like/FBD-like domains-containing protein [Arabidopsis thaliana],0.0,449,False,0.1395,0.0
NP_001322750.1,NP_001322750,1.6799046,NBS_LRR,False,NP_001322750.1 F-box/RNI-like/FBD-like domains-containing protein [Arabidopsis thaliana],0.0,449,False,0.1395,0.0
NP_190721.3,NP_190721,1.6782354,NBS_LRR,False,NP_190721.3 F-box/RNI-like/FBD-like domains-containing protein [Arabidopsis thaliana],59.26322555541992,455,False,0.2045,0.0
NP_567296.1,NP_567296,1.6778758,NBS_LRR,False,NP_567296.1 RNI-like superfamily protein [Arabidopsis thaliana],33.0660285949707,307,False,0.3793,0.0
NP_197957.1,NP_197957,1.6776813,NBS_LRR,False,NP_197957.1 F-box/RNI-like/FBD-like domains-containing protein [Arabidopsis thaliana],0.0,481,False,0.2128,0.0
NP_176621.1,NP_176621,1.6774212,PR_proteins,False,NP_176621.1 glycosyl hydrolase 9C2 [Arabidopsis thaliana],0.0,620,False,0.1967,0.0
NP_199310.1,NP_199310,1.6767626,NBS_LRR,False,NP_199310.1 Protein with RNI-like/FBD-like domain [Arabidopsis thaliana],0.0,389,False,0.2973,0.0
NP_200455.1,NP_200455,1.6765418,NBS_LRR,False,NP_200455.1 F-box/RNI-like/FBD-like domains-containing protein [Arabidopsis thaliana],0.0,430,False,0.1429,0.0
NP_173357.1,NP_173357,1.6764288,cell_death_HR,False,NP_173357.1 Riboflavin synthase-like superfamily protein [Arabidopsis thaliana],0.0,926,False,0.3297,0.0
NP_199308.1,NP_199308,1.6758994,NBS_LRR,False,NP_199308.1 F-box/RNI-like/FBD-like domains-containing protein [Arabidopsis thaliana],0.0,438,False,0.1429,0.0
NP_001190131.1,NP_001190131,1.6757506,NBS_LRR,False,NP_001190131.1 F-box/RNI-like superfamily protein [Arabidopsis thaliana],23.436397552490234,465,False,0.1111,0.0
NP_191451.1,NP_191451,1.6752536,NBS_LRR,False,NP_191451.1 F-box/RNI-like superfamily protein [Arabidopsis thaliana],0.0,470,False,0.1739,0.0
NP_001321161.1,NP_001321161,1.6739892,cell_death_HR,False,NP_001321161.1 RAD3-like DNA-binding helicase protein [Arabidopsis thaliana],0.0,807,False,0.1519,0.0
NP_001321160.1,NP_001321160,1.6739892,cell_death_HR,False,NP_001321160.1 RAD3-like DNA-binding helicase protein [Arabidopsis thaliana],0.0,807,False,0.1519,0.0
NP_849271.1,NP_849271,1.6734325,NBS_LRR,False,NP_849271.1 F-box/RNI-like/FBD-like domains-containing protein [Arabidopsis thaliana],43.271278381347656,441,False,0.2326,0.0
NP_189863.1,NP_189863,1.673166,NBS_LRR,False,NP_189863.1 F-box/RNI-like/FBD-like domains-containing protein [Arabidopsis thaliana],0.0,532,False,0.2692,0.019
NP_001328044.1,NP_001328044,1.6708286,cell_death_HR,False,NP_001328044.1 ARF-GAP domain 13 [Arabidopsis thaliana],0.0,336,False,0.1875,0.0
NP_567292.1,NP_567292,1.6708286,cell_death_HR,False,NP_567292.1 ARF-GAP domain 13 [Arabidopsis thaliana],0.0,336,False,0.1875,0.0
NP_001323594.1,NP_001323594,1.670176,NBS_LRR,False,NP_001323594.1 F-box/RNI-like/FBD-like domains-containing protein [Arabidopsis thaliana],0.0,447,False,0.2791,0.0
NP_187988.1,NP_187988,1.6701103,PR_proteins,False,NP_187988.1 beta galactosidase 1 [Arabidopsis thaliana],0.0,847,False,0.0843,0.0
NP_176035.1,NP_176035,1.669952,NBS_LRR,False,NP_176035.1 F-box family protein [Arabidopsis thaliana],0.0,479,False,0.1739,0.0
NP_001332575.1,NP_001332575,1.6699291,NBS_LRR,True,NP_001332575.1 LOW protein: F-box/FBD/LRR-like protein [Arabidopsis thaliana],0.0,474,False,0.3261,0.0
NP_974001.1,NP_974001,1.6694288,NBS_LRR,False,NP_974001.1 F-box/RNI-like/FBD-like domains-containing protein [Arabidopsis thaliana],19.7077579498291,346,False,0.0606,0.0
NP_001328197.1,NP_001328197,1.6692866,NBS_LRR,False,NP_001328197.1 F-box/RNI-like superfamily protein [Arabidopsis thaliana],19.46322250366211,464,False,0.0667,0.0
NP_001319927.1,NP_001319927,1.6692866,NBS_LRR,False,NP_001319927.1 F-box/RNI-like superfamily protein [Arabidopsis thaliana],19.46322250366211,464,False,0.0667,0.0
NP_180173.1,NP_180173,1.6675195,NBS_LRR,False,NP_180173.1 F-box/RNI-like/FBD-like domains-containing protein [Arabidopsis thaliana],0.0,442,False,0.3023,0.0
NP_001031420.1,NP_001031420,1.6675195,NBS_LRR,False,NP_001031420.1 F-box/RNI-like/FBD-like domains-containing protein [Arabidopsis thaliana],0.0,442,False,0.3023,0.0
NP_001318739.1,NP_001318739,1.667199,NBS_LRR,False,"NP_001318739.1 FBD, F-box, Skp2-like and Leucine Rich Repeat domains containing protein [Arabidopsis thaliana]",0.0,481,False,0.2128,0.0
NP_197659.1,NP_197659,1.6670388,NBS_LRR,False,NP_197659.1 F-box/RNI-like/FBD-like domains-containing protein [Arabidopsis thaliana],0.0,443,False,0.3256,0.0
NP_001032096.1,NP_001032096,1.6666703,cell_death_HR,False,"NP_001032096.1 Selenoprotein, Rdx type [Arabidopsis thaliana]",0.0,227,False,0.3333,0.0
NP_001190678.1,NP_001190678,1.666658,cell_death_HR,False,NP_001190678.1 NAD(P)H dehydrogenase B2 [Arabidopsis thaliana],0.0,619,False,0.1833,0.0
NP_001189903.1,NP_001189903,1.6664151,cell_death_HR,False,NP_001189903.1 alpha/beta-Hydrolases superfamily protein [Arabidopsis thaliana],0.0,274,False,0.3462,0.0
NP_191482.1,NP_191482,1.6645948,NBS_LRR,False,NP_191482.1 RNI-like superfamily protein [Arabidopsis thaliana],19.98775291442871,491,False,0.1458,0.0
NP_001326425.1,NP_001326425,1.6635486,NBS_LRR,False,"NP_001326425.1 FBD, F-box and Leucine Rich Repeat domains containing protein [Arabidopsis thaliana]",41.746124267578125,482,False,0.3404,0.0042
NP_001190724.1,NP_001190724,1.6635323,NBS_LRR,False,NP_001190724.1 F-box/RNI-like superfamily protein [Arabidopsis thaliana],21.079286575317383,443,False,0.186,0.0
NP_001321199.1,NP_001321199,1.6619741,cell_death_HR,False,NP_001321199.1 trehalose-6-phosphatase synthase S8 [Arabidopsis thaliana],0.0,818,False,0.1625,0.0
NP_191476.1,NP_191476,1.6616882,NBS_LRR,False,NP_191476.1 F-box/RNI-like superfamily protein [Arabidopsis thaliana],0.0,473,False,0.1739,0.0
NP_178506.3,NP_178506,1.6613824,NBS_LRR,False,"NP_178506.3 FBD, F-box and Leucine Rich Repeat domains containing protein [Arabidopsis thaliana]",0.0,448,False,0.2093,0.0
NP_200672.1,NP_200672,1.6567781,cell_death_HR,False,"NP_200672.1 Selenoprotein, Rdx type [Arabidopsis thaliana]",0.0,228,False,0.2857,0.0
NP_001319906.1,NP_001319906,1.6526494,antimicrobial,False,NP_001319906.1 hydroxymethylglutaryl-CoA synthase / HMG-CoA synthase / 3-hydroxy-3-methylglutaryl coenzyme A synthase [Arabidopsis thaliana],0.0,406,False,0.0513,0.0
NP_849361.1,NP_849361,1.6526479,antimicrobial,False,NP_849361.1 hydroxymethylglutaryl-CoA synthase / HMG-CoA synthase / 3-hydroxy-3-methylglutaryl coenzyme A synthase [Arabidopsis thaliana],0.0,406,False,0.0513,0.0
NP_196713.1,NP_196713,1.6513609,cell_death_HR,False,NP_196713.1 aspartate aminotransferase 3 [Arabidopsis thaliana],0.0,449,False,0.1395,0.0
NP_001329053.1,NP_001329053,1.649733,cell_death_HR,False,NP_001329053.1 NAD(P)H dehydrogenase B1 [Arabidopsis thaliana],0.0,505,False,0.1224,0.0
NP_567801.1,NP_567801,1.6493702,cell_death_HR,False,NP_567801.1 NAD(P)H dehydrogenase B1 [Arabidopsis thaliana],0.0,571,False,0.1786,0.0
NP_566051.1,NP_566051,1.647487,cell_death_HR,False,NP_566051.1 calcineurin B subunit-like protein [Arabidopsis thaliana],0.0,539,False,0.2115,0.0
NP_001321162.1,NP_001321162,1.6467599,cell_death_HR,False,NP_001321162.1 RAD3-like DNA-binding helicase protein [Arabidopsis thaliana],0.0,832,False,0.1341,0.0
NP_001321159.1,NP_001321159,1.6467584,cell_death_HR,False,NP_001321159.1 RAD3-like DNA-binding helicase protein [Arabidopsis thaliana],0.0,832,False,0.1341,0.0
NP_001321157.1,NP_001321157,1.6467584,cell_death_HR,False,NP_001321157.1 RAD3-like DNA-binding helicase protein [Arabidopsis thaliana],0.0,832,False,0.1341,0.0
NP_001328228.1,NP_001328228,1.6461358,cell_death_HR,False,NP_001328228.1 ATP-dependent RNA helicase [Arabidopsis thaliana],0.0,571,False,0.1429,0.0
NP_193215.2,NP_193215,1.6461358,cell_death_HR,False,NP_193215.2 ATP-dependent RNA helicase [Arabidopsis thaliana],0.0,571,False,0.1429,0.0
NP_199845.3,NP_199845,1.6459129,cell_death_HR,False,NP_199845.3 DNA repair protein RadA-like protein [Arabidopsis thaliana],18.51858901977539,587,False,0.4211,0.0
NP_001031953.1,NP_001031953,1.6457192,cell_death_HR,False,NP_001031953.1 MIRO-related GTP-ase 1 [Arabidopsis thaliana],0.0,648,False,0.2222,0.0
NP_198106.1,NP_198106,1.6457192,cell_death_HR,False,NP_198106.1 MIRO-related GTP-ase 1 [Arabidopsis thaliana],0.0,648,False,0.2222,0.0
NP_683275.2,NP_683275,1.6456946,cell_death_HR,False,NP_683275.2 general transcription factor II H2 [Arabidopsis thaliana],0.0,421,False,0.1707,0.0
NP_188701.2,NP_188701,1.644763,cell_death_HR,False,NP_188701.2 mRNA capping enzyme family protein [Arabidopsis thaliana],0.0,370,False,0.2222,0.0
NP_001326771.1,NP_001326771,1.6395903,cell_death_HR,False,NP_001326771.1 mRNA capping enzyme family protein [Arabidopsis thaliana],0.0,357,False,0.2353,0.0
NP_177641.1,NP_177641,1.6384232,PR_proteins,True,NP_177641.1 pathogenesis-related protein 5 [Arabidopsis thaliana],0.0,239,False,0.2273,0.0
NP_192919.1,NP_192919,1.6372865,antimicrobial,False,NP_192919.1 hydroxymethylglutaryl-CoA synthase / HMG-CoA synthase / 3-hydroxy-3-methylglutaryl coenzyme A synthase [Arabidopsis thaliana],0.0,461,False,0.0222,0.0
NP_974932.1,NP_974932,1.6360008,cell_death_HR,False,NP_974932.1 haloacid dehalogenase-like hydrolase family protein [Arabidopsis thaliana],0.0,418,False,0.2,0.0
NP_195902.1,NP_195902,1.6350968,cell_death_HR,False,"NP_195902.1 Spo11/DNA topoisomerase VI, subunit A protein [Arabidopsis thaliana]",0.0,427,False,0.3171,0.0095
NP_191645.1,NP_191645,1.6345972,cell_death_HR,False,NP_191645.1 SEC7-like guanine nucleotide exchange family protein [Arabidopsis thaliana],0.0,1793,True,0.2191,0.0045
NP_179460.1,NP_179460,1.6312644,cell_death_HR,False,NP_179460.1 trehalose phosphatase/synthase 11 [Arabidopsis thaliana],0.0,862,False,0.0941,0.0
NP_195110.3,NP_195110,1.6311208,PR_proteins,False,NP_195110.3 Glycosyl hydrolase family 10 protein [Arabidopsis thaliana],0.0,576,False,0.0893,0.0
NP_192898.2,NP_192898,1.6301023,cell_death_HR,False,NP_192898.2 C2 calcium/lipid-binding plant phosphoribosyltransferase family protein [Arabidopsis thaliana],0.0,1011,False,0.18,0.0
NP_190314.2,NP_190314,1.6297395,cell_death_HR,False,NP_190314.2 SELT-like protein precursor [Arabidopsis thaliana],0.0,209,False,0.3158,0.0
NP_201447.1,NP_201447,1.6296929,PR_proteins,False,NP_201447.1 Glycosyl hydrolase superfamily protein [Arabidopsis thaliana],0.0,431,False,0.119,0.0
NP_974346.1,NP_974346,1.6290154,cell_death_HR,False,NP_974346.1 mRNA capping enzyme family protein [Arabidopsis thaliana],0.0,369,False,0.2,0.0
NP_973799.1,NP_973799,1.6280717,cell_death_HR,True,NP_973799.1 respiratory burst oxidase-like protein [Arabidopsis thaliana],0.0,843,False,0.2289,0.0
NP_565267.1,NP_565267,1.6280363,cell_death_HR,False,NP_565267.1 ENTH/ANTH/VHS superfamily protein [Arabidopsis thaliana],0.0,571,False,0.3393,0.0
NP_181390.1,NP_181390,1.6274829,cell_death_HR,False,NP_181390.1 transcript elongation factor IIS [Arabidopsis thaliana],0.0,378,False,0.3056,0.0
NP_001329168.1,NP_001329168,1.6261362,cell_death_HR,False,NP_001329168.1 C2 calcium/lipid-binding plant phosphoribosyltransferase family protein [Arabidopsis thaliana],0.0,1007,False,0.1414,0.0
NP_182036.1,NP_182036,1.6253228,PR_proteins,False,NP_182036.1 expansin B4 [Arabidopsis thaliana],0.0,259,False,0.25,0.0
NP_187123.1,NP_187123,1.620861,PR_proteins,True,NP_187123.1 pathogenesis-related 4 [Arabidopsis thaliana],80.45662689208984,212,False,0.25,0.0
NP_200196.2,NP_200196,1.6180196,cell_death_HR,False,NP_200196.2 haloacid dehalogenase-like hydrolase family protein [Arabidopsis thaliana],0.0,402,False,0.1538,0.0
NP_194207.1,NP_194207,1.6170819,cell_death_HR,False,NP_194207.1 alpha/beta-Hydrolases superfamily protein [Arabidopsis thaliana],0.0,365,False,0.1429,0.0
NP_568839.1,NP_568839,1.6159489,cell_death_HR,False,NP_568839.1 COP9 signalosome subunit 6A [Arabidopsis thaliana],0.0,317,False,0.0667,0.0
NP_179673.1,NP_179673,1.6152279,cell_death_HR,False,NP_179673.1 NAD(P)H dehydrogenase B4 [Arabidopsis thaliana],0.0,582,False,0.1754,0.0
NP_195533.2,NP_195533,1.6149497,cell_death_HR,False,NP_195533.2 SEC7-like guanine nucleotide exchange family protein [Arabidopsis thaliana],0.0,1687,True,0.2036,0.0
NP_193467.2,NP_193467,1.61257,cell_death_HR,False,NP_193467.2 Formyl transferase [Arabidopsis thaliana],0.0,328,False,0.129,0.0
NP_200881.2,NP_200881,1.6106501,cell_death_HR,False,NP_200881.2 Anion-transporting ATPase [Arabidopsis thaliana],0.0,391,False,0.3158,0.0
NP_001328225.1,NP_001328225,1.6085533,cell_death_HR,False,NP_001328225.1 pachytene checkpoint-like protein [Arabidopsis thaliana],19.200706481933594,351,False,0.1765,0.0
NP_001328224.1,NP_001328224,1.6085533,cell_death_HR,False,NP_001328224.1 pachytene checkpoint-like protein [Arabidopsis thaliana],19.200706481933594,351,False,0.1765,0.0
NP_174368.1,NP_174368,1.6085129,antimicrobial,False,NP_174368.1 CTP synthase family protein [Arabidopsis thaliana],0.0,600,False,0.2542,0.0
NP_001330406.1,NP_001330406,1.6058308,cell_death_HR,False,NP_001330406.1 ENTH/ANTH/VHS superfamily protein [Arabidopsis thaliana],0.0,544,False,0.4151,0.0
NP_198370.1,NP_198370,1.6058292,cell_death_HR,False,NP_198370.1 ENTH/ANTH/VHS superfamily protein [Arabidopsis thaliana],0.0,544,False,0.4151,0.0
NP_187701.1,NP_187701,1.6053199,PR_proteins,False,NP_187701.1 Glycosyl hydrolase superfamily protein [Arabidopsis thaliana],0.0,408,False,0.1282,0.0
NP_200498.1,NP_200498,1.6042235,PR_proteins,False,NP_200498.1 beta-galactosidase 4 [Arabidopsis thaliana],0.0,724,False,0.1127,0.0
NP_568001.1,NP_568001,1.6035738,PR_proteins,False,NP_568001.1 beta-galactosidase 3 [Arabidopsis thaliana],0.0,856,False,0.0595,0.0
NP_567345.2,NP_567345,1.6031821,cell_death_HR,False,NP_567345.2 MUTL-homologue 1 [Arabidopsis thaliana],0.0,737,False,0.2778,0.0
NP_001324192.1,NP_001324192,1.602989,PR_proteins,False,NP_001324192.1 beta-galactosidase 8 [Arabidopsis thaliana],0.0,852,False,0.131,0.0
NP_850121.1,NP_850121,1.602989,PR_proteins,False,NP_850121.1 beta-galactosidase 8 [Arabidopsis thaliana],0.0,852,False,0.131,0.0
NP_001190250.1,NP_001190250,1.6027455,cell_death_HR,True,NP_001190250.1 respiratory burst oxidase homolog A [Arabidopsis thaliana],0.0,840,False,0.253,0.0
NP_565369.1,NP_565369,1.601996,PR_proteins,False,NP_565369.1 Plant basic secretory protein (BSP) family protein [Arabidopsis thaliana],0.0,225,False,0.1905,0.0
NP_849506.1,NP_849506,1.6011713,PR_proteins,False,NP_849506.1 beta-galactosidase 3 [Arabidopsis thaliana],0.0,855,False,0.0595,0.0
NP_001328043.1,NP_001328043,1.6010853,cell_death_HR,False,NP_001328043.1 ARF-GAP domain 13 [Arabidopsis thaliana],0.0,301,False,0.3448,0.0
NP_001078411.1,NP_001078411,1.5992662,antimicrobial,False,NP_001078411.1 CTP synthase family protein [Arabidopsis thaliana],0.0,597,False,0.1724,0.0
NP_001329931.1,NP_001329931,1.5992662,antimicrobial,False,NP_001329931.1 CTP synthase family protein [Arabidopsis thaliana],0.0,597,False,0.1724,0.0
NP_001320008.1,NP_001320008,1.5992662,antimicrobial,False,NP_001320008.1 CTP synthase family protein [Arabidopsis thaliana],0.0,597,False,0.1724,0.0
NP_001329930.1,NP_001329930,1.5992662,antimicrobial,False,NP_001329930.1 CTP synthase family protein [Arabidopsis thaliana],0.0,597,False,0.1724,0.0
NP_001329932.1,NP_001329932,1.5992662,antimicrobial,False,NP_001329932.1 CTP synthase family protein [Arabidopsis thaliana],0.0,597,False,0.1724,0.0
NP_196676.1,NP_196676,1.5988178,cell_death_HR,False,NP_196676.1 vesicle-associated membrane protein 713 [Arabidopsis thaliana],0.0,221,False,0.1905,0.0
NP_001189624.1,NP_001189624,1.5982889,PR_proteins,False,NP_001189624.1 beta-galactosidase 8 [Arabidopsis thaliana],0.0,846,False,0.1084,0.0
NP_001324193.1,NP_001324193,1.5982889,PR_proteins,False,NP_001324193.1 beta-galactosidase 8 [Arabidopsis thaliana],0.0,846,False,0.1084,0.0
NP_563645.1,NP_563645,1.5951177,cell_death_HR,False,NP_563645.1 Proteasome component (PCI) domain protein [Arabidopsis thaliana],0.0,260,False,0.16,0.0
NP_567746.1,NP_567746,1.5946535,cell_death_HR,False,NP_567746.1 COP9 signalosome subunit 6B [Arabidopsis thaliana],0.0,317,False,0.2,0.0
NP_567749.1,NP_567749,1.593891,cell_death_HR,False,NP_567749.1 Got1/Sft2-like vescicle transport protein family [Arabidopsis thaliana],0.0,225,False,0.5238,0.0
NP_196802.1,NP_196802,1.5881448,cell_death_HR,False,"NP_196802.1 Cell differentiation, Rcd1-like protein [Arabidopsis thaliana]",0.0,311,False,0.2333,0.0
NP_171769.1,NP_171769,1.5878665,cell_death_HR,False,NP_171769.1 importin alpha isoform 6 [Arabidopsis thaliana],0.0,538,False,0.3462,0.0
NP_568147.1,NP_568147,1.5848212,cell_death_HR,False,NP_568147.1 clathrin adaptor complexes medium subunit family protein [Arabidopsis thaliana],0.0,527,False,0.2941,0.0
NP_001031836.1,NP_001031836,1.5848212,cell_death_HR,False,NP_001031836.1 clathrin adaptor complexes medium subunit family protein [Arabidopsis thaliana],0.0,527,False,0.2941,0.0
NP_189086.1,NP_189086,1.5841633,cell_death_HR,False,NP_189086.1 ATP binding protein [Arabidopsis thaliana],0.0,532,False,0.2308,0.0
NP_849623.1,NP_849623,1.5839357,cell_death_HR,False,NP_849623.1 importin alpha isoform 4 [Arabidopsis thaliana],0.0,538,False,0.1923,0.0
NP_172398.1,NP_172398,1.5839357,cell_death_HR,False,NP_172398.1 importin alpha isoform 4 [Arabidopsis thaliana],0.0,538,False,0.1923,0.0
NP_191667.2,NP_191667,1.5833793,cell_death_HR,True,NP_191667.2 Protein kinase superfamily protein [Arabidopsis thaliana],0.0,326,False,0.0645,0.0
NP_194202.4,NP_194202,1.5832717,cell_death_HR,False,NP_194202.4 pachytene checkpoint-like protein [Arabidopsis thaliana],19.11858558654785,479,False,0.2174,0.0
NP_001320058.1,NP_001320058,1.5826246,cell_death_HR,False,NP_001320058.1 pachytene checkpoint-like protein [Arabidopsis thaliana],19.18858528137207,467,False,0.2222,0.0
NP_196710.1,NP_196710,1.5805569,cell_death_HR,False,NP_196710.1 adaptin family protein [Arabidopsis thaliana],0.0,841,False,0.2651,0.0
NP_200413.1,NP_200413,1.5796638,cell_death_HR,False,NP_200413.1 Got1/Sft2-like vescicle transport protein family [Arabidopsis thaliana],0.0,230,False,0.3182,0.0
NP_001330101.1,NP_001330101,1.5796607,cell_death_HR,False,NP_001330101.1 Got1/Sft2-like vescicle transport protein family [Arabidopsis thaliana],0.0,230,False,0.3182,0.0
NP_171698.1,NP_171698,1.5796223,cell_death_HR,False,NP_171698.1 SEC7-like guanine nucleotide exchange family protein [Arabidopsis thaliana],0.0,1750,True,0.2069,0.0
NP_177112.1,NP_177112,1.579039,PR_proteins,False,NP_177112.1 expansin A1 [Arabidopsis thaliana],0.0,250,False,0.4167,0.0
NP_849868.1,NP_849868,1.579039,PR_proteins,False,NP_849868.1 expansin A1 [Arabidopsis thaliana],0.0,250,False,0.4167,0.0
NP_001328386.1,NP_001328386,1.5782218,cell_death_HR,False,NP_001328386.1 alpha/beta-Hydrolases superfamily protein [Arabidopsis thaliana],0.0,413,False,0.225,0.0
NP_566633.1,NP_566633,1.5759851,PR_proteins,False,NP_566633.1 Granulin repeat cysteine protease family protein [Arabidopsis thaliana],0.0,452,False,0.2727,0.0
NP_974105.1,NP_974105,1.5754364,cell_death_HR,False,NP_974105.1 UDP-Glycosyltransferase / trehalose-phosphatase family protein [Arabidopsis thaliana],0.0,860,False,0.1059,0.0
NP_001322467.1,NP_001322467,1.5754364,cell_death_HR,False,NP_001322467.1 UDP-Glycosyltransferase / trehalose-phosphatase family protein [Arabidopsis thaliana],0.0,860,False,0.1059,0.0
NP_567350.1,NP_567350,1.5740283,cell_death_HR,False,NP_567350.1 esterase/lipase/thioesterase family protein [Arabidopsis thaliana],13.223858833312988,350,False,0.2647,0.0
NP_973739.1,NP_973739,1.5738668,cell_death_HR,False,NP_973739.1 Proteasome component (PCI) domain protein [Arabidopsis thaliana],0.0,237,False,0.1364,0.0
NP_001326667.1,NP_001326667,1.5730629,cell_death_HR,False,NP_001326667.1 UDP-Glycosyltransferase superfamily protein [Arabidopsis thaliana],0.0,447,False,0.186,0.0
NP_850658.1,NP_850658,1.5730629,cell_death_HR,False,NP_850658.1 UDP-Glycosyltransferase superfamily protein [Arabidopsis thaliana],0.0,447,False,0.186,0.0
NP_566874.1,NP_566874,1.5730613,cell_death_HR,False,NP_566874.1 UDP-Glycosyltransferase superfamily protein [Arabidopsis thaliana],0.0,447,False,0.186,0.0
NP_175127.1,NP_175127,1.5728912,PR_proteins,False,NP_175127.1 beta-galactosidase 5 [Arabidopsis thaliana],0.0,732,False,0.1389,0.0
NP_849553.1,NP_849553,1.5722014,PR_proteins,False,NP_849553.1 beta-galactosidase 12 [Arabidopsis thaliana],0.0,728,False,0.0845,0.0
NP_178409.2,NP_178409,1.5706487,PR_proteins,False,NP_178409.2 expansin A15 [Arabidopsis thaliana],0.0,253,False,0.4583,0.0
NP_200809.4,NP_200809,1.5705433,cell_death_HR,False,NP_200809.4 ferric reductase-like transmembrane component family protein [Arabidopsis thaliana],0.0,886,False,0.2529,0.0045
NP_850723.1,NP_850723,1.5701313,cell_death_HR,True,NP_850723.1 methylenetetrahydrofolate reductase 1 [Arabidopsis thaliana],0.0,421,False,0.0976,0.0
NP_176185.1,NP_176185,1.5691229,cell_death_HR,False,"NP_176185.1 RNA helicase, ATP-dependent, SK12/DOB1 protein [Arabidopsis thaliana]",0.0,988,False,0.1959,0.0
NP_001190833.1,NP_001190833,1.5683297,cell_death_HR,False,NP_001190833.1 Riboflavin synthase-like superfamily protein [Arabidopsis thaliana],0.0,837,False,0.1707,0.0
NP_567450.1,NP_567450,1.5683005,cell_death_HR,False,NP_567450.1 SNARE associated Golgi protein family [Arabidopsis thaliana],0.0,416,False,0.3,0.0
NP_001190290.1,NP_001190290,1.5675842,cell_death_HR,False,NP_001190290.1 adaptin family protein [Arabidopsis thaliana],0.0,850,False,0.2738,0.0
NP_567109.1,NP_567109,1.5675718,cell_death_HR,False,NP_567109.1 COP9 signalosome complex subunit 1 [Arabidopsis thaliana],0.0,441,False,0.2093,0.0
NP_564755.1,NP_564755,1.5669553,cell_death_HR,False,NP_564755.1 Radical SAM superfamily protein [Arabidopsis thaliana],0.0,458,False,0.1818,0.0044
NP_565780.1,NP_565780,1.5665268,PR_proteins,False,NP_565780.1 Cysteine proteinases superfamily protein [Arabidopsis thaliana],0.0,345,False,0.2727,0.0
NP_973743.1,NP_973743,1.5657378,cell_death_HR,False,NP_973743.1 importin alpha isoform 6 [Arabidopsis thaliana],0.0,539,False,0.3077,0.0
NP_194239.2,NP_194239,1.5654397,cell_death_HR,False,NP_194239.2 Riboflavin synthase-like superfamily protein [Arabidopsis thaliana],0.0,849,False,0.1687,0.0
NP_201316.1,NP_201316,1.5648435,antimicrobial,True,NP_201316.1 acyl-CoA oxidase 2 [Arabidopsis thaliana],0.0,692,False,0.1029,0.0
NP_196014.1,NP_196014,1.5644773,cell_death_HR,False,NP_196014.1 chloroplast signal recognition particle 54 kDa subunit [Arabidopsis thaliana],11.995524406433105,564,False,0.2909,0.0
NP_001190432.1,NP_001190432,1.5625681,cell_death_HR,True,NP_001190432.1 pfkB-like carbohydrate kinase family protein [Arabidopsis thaliana],0.0,315,False,0.3,0.0
NP_191713.1,NP_191713,1.5625066,cell_death_HR,False,NP_191713.1 alpha/beta-Hydrolases superfamily protein [Arabidopsis thaliana],0.0,515,False,0.2,0.0
NP_197797.1,NP_197797,1.5621716,PR_proteins,True,NP_197797.1 chitinase A [Arabidopsis thaliana],0.0,302,False,0.0345,0.0
NP_198955.2,NP_198955,1.5618103,cell_death_HR,False,NP_198955.2 PLAC8 family protein [Arabidopsis thaliana],0.0,264,False,0.36,0.1004
NP_001329559.1,NP_001329559,1.5607388,PR_proteins,False,NP_001329559.1 beta-galactosidase 12 [Arabidopsis thaliana],0.0,753,False,0.0811,0.0
NP_200443.1,NP_200443,1.5597025,PR_proteins,False,NP_200443.1 expansin A14 [Arabidopsis thaliana],0.0,255,False,0.4583,0.0
NP_001332569.1,NP_001332569,1.5597008,PR_proteins,False,NP_001332569.1 expansin A14 [Arabidopsis thaliana],0.0,255,False,0.4583,0.0
NP_177610.1,NP_177610,1.559512,cell_death_HR,False,NP_177610.1 C2 calcium/lipid-binding plant phosphoribosyltransferase family protein [Arabidopsis thaliana],0.0,1081,True,0.2897,0.0149
NP_849869.1,NP_849869,1.5585545,PR_proteins,False,NP_849869.1 expansin A1 [Arabidopsis thaliana],0.0,275,False,0.3846,0.0
NP_175986.2,NP_175986,1.5579041,cell_death_HR,False,NP_175986.2 Haloacid dehalogenase-like hydrolase (HAD) superfamily protein [Arabidopsis thaliana],0.0,376,False,0.2778,0.0054
NP_187873.1,NP_187873,1.5573162,antimicrobial,False,NP_187873.1 CTP synthase family protein [Arabidopsis thaliana],0.0,591,False,0.2586,0.0
NP_001329021.1,NP_001329021,1.5560105,antimicrobial,False,NP_001329021.1 CTP synthase family protein [Arabidopsis thaliana],0.0,578,False,0.25,0.0035
NP_181035.1,NP_181035,1.5560042,antimicrobial,False,NP_181035.1 CTP synthase family protein [Arabidopsis thaliana],0.0,597,False,0.1552,0.0
NP_001154239.1,NP_001154239,1.5559964,cell_death_HR,False,NP_001154239.1 importin alpha isoform 2 [Arabidopsis thaliana],0.0,535,False,0.2692,0.0038
NP_567485.4,NP_567485,1.5559964,cell_death_HR,False,NP_567485.4 importin alpha isoform 2 [Arabidopsis thaliana],0.0,535,False,0.2692,0.0038
NP_189657.1,NP_189657,1.5550909,cell_death_HR,False,NP_189657.1 alpha/beta-Hydrolases superfamily protein [Arabidopsis thaliana],0.0,399,False,0.3158,0.0
NP_001319066.1,NP_001319066,1.5547605,cell_death_HR,False,NP_001319066.1 Auxin efflux carrier family protein [Arabidopsis thaliana],0.0,615,False,0.2833,0.0033
NP_001077584.1,NP_001077584,1.5547574,cell_death_HR,False,NP_001077584.1 Auxin efflux carrier family protein [Arabidopsis thaliana],0.0,615,False,0.2833,0.0033
NP_200530.1,NP_200530,1.5538058,cell_death_HR,False,NP_200530.1 ENTH/ANTH/VHS superfamily protein [Arabidopsis thaliana],0.0,591,False,0.3103,0.0051
NP_564918.1,NP_564918,1.5537889,cell_death_HR,False,NP_564918.1 UDP-Glycosyltransferase / trehalose-phosphatase family protein [Arabidopsis thaliana],0.0,700,False,0.1159,0.0
NP_001329555.1,NP_001329555,1.5527682,PR_proteins,False,NP_001329555.1 beta-galactosidase 12 [Arabidopsis thaliana],0.0,567,False,0.1091,0.0
NP_973621.1,NP_973621,1.5525545,cell_death_HR,False,NP_973621.1 translocase inner membrane subunit 17-2 [Arabidopsis thaliana],0.0,243,False,0.5217,0.0966
NP_181277.1,NP_181277,1.5525545,cell_death_HR,False,NP_181277.1 translocase inner membrane subunit 17-2 [Arabidopsis thaliana],0.0,243,False,0.5217,0.0966
NP_001077599.1,NP_001077599,1.5511521,PR_proteins,False,NP_001077599.1 expansin A10 [Arabidopsis thaliana],0.0,259,False,0.4167,0.0
NP_200292.1,NP_200292,1.5504575,antimicrobial,False,NP_200292.1 tryptophan synthase beta-subunit 1 [Arabidopsis thaliana],0.0,470,False,0.1957,0.0
NP_173999.1,NP_173999,1.5496126,PR_proteins,False,NP_173999.1 expansin A10 [Arabidopsis thaliana],0.0,249,False,0.4348,0.0
NP_001329554.1,NP_001329554,1.5494844,PR_proteins,False,NP_001329554.1 beta-galactosidase 12 [Arabidopsis thaliana],0.0,592,False,0.0862,0.0
NP_001329557.1,NP_001329557,1.5494844,PR_proteins,False,NP_001329557.1 beta-galactosidase 12 [Arabidopsis thaliana],0.0,592,False,0.0862,0.0
NP_568978.2,NP_568978,1.5483131,PR_proteins,False,NP_568978.2 Glycosyl hydrolase family 35 protein [Arabidopsis thaliana],0.0,718,False,0.1286,0.0
NP_001117212.1,NP_001117212,1.5479443,cell_death_HR,False,NP_001117212.1 P-loop containing nucleoside triphosphate hydrolases superfamily protein [Arabidopsis thaliana],0.0,249,False,0.2174,0.0
NP_566205.1,NP_566205,1.5455431,cell_death_HR,False,NP_566205.1 Ku70-binding family protein [Arabidopsis thaliana],0.0,194,False,0.1667,0.0
NP_566259.1,NP_566259,1.5455116,antimicrobial,False,NP_566259.1 lon protease 4 [Arabidopsis thaliana],20.167499542236328,942,False,0.2903,0.0
NP_849700.1,NP_849700,1.5452418,cell_death_HR,False,NP_849700.1 Auxin efflux carrier family protein [Arabidopsis thaliana],0.0,619,False,0.2833,0.0033
NP_001329556.1,NP_001329556,1.5446345,PR_proteins,False,NP_001329556.1 beta-galactosidase 12 [Arabidopsis thaliana],0.0,717,False,0.0857,0.0
NP_851145.1,NP_851145,1.5445131,cell_death_HR,False,NP_851145.1 formyltetrahydrofolate deformylase [Arabidopsis thaliana],0.0,323,False,0.0968,0.0
NP_568682.1,NP_568682,1.5445131,cell_death_HR,False,NP_568682.1 formyltetrahydrofolate deformylase [Arabidopsis thaliana],0.0,323,False,0.0968,0.0
NP_178157.2,NP_178157,1.5442456,cell_death_HR,False,NP_178157.2 tetratricopeptide repeat (TPR)-containing protein [Arabidopsis thaliana],0.0,897,False,0.2045,0.0
NP_194437.1,NP_194437,1.5428059,antimicrobial,False,NP_194437.1 tryptophan synthase beta-subunit 2 [Arabidopsis thaliana],0.0,475,False,0.1957,0.0
NP_850724.1,NP_850724,1.5421611,cell_death_HR,True,NP_850724.1 methylenetetrahydrofolate reductase 1 [Arabidopsis thaliana],0.0,407,False,0.1026,0.0
NP_566265.1,NP_566265,1.5415908,cell_death_HR,False,NP_566265.1 long-chain acyl-CoA synthetase 6 [Arabidopsis thaliana],0.0,701,False,0.2899,0.0029
NP_001119234.1,NP_001119234,1.5415462,cell_death_HR,False,NP_001119234.1 alpha/beta-Hydrolases superfamily protein [Arabidopsis thaliana],0.0,369,False,0.2,0.0
NP_001326039.1,NP_001326039,1.5413933,antimicrobial,False,NP_001326039.1 D-aminoacid aminotransferase-like PLP-dependent enzymes superfamily protein [Arabidopsis thaliana],0.0,555,False,0.1481,0.0
NP_187170.2,NP_187170,1.5413933,antimicrobial,False,NP_187170.2 D-aminoacid aminotransferase-like PLP-dependent enzymes superfamily protein [Arabidopsis thaliana],0.0,555,False,0.1481,0.0
NP_001319477.1,NP_001319477,1.5413933,antimicrobial,False,NP_001319477.1 D-aminoacid aminotransferase-like PLP-dependent enzymes superfamily protein [Arabidopsis thaliana],0.0,555,False,0.1481,0.0
NP_194344.2,NP_194344,1.5413723,PR_proteins,False,NP_194344.2 beta-galactosidase 12 [Arabidopsis thaliana],0.0,636,False,0.1129,0.0
NP_001329560.1,NP_001329560,1.5413723,PR_proteins,False,NP_001329560.1 beta-galactosidase 12 [Arabidopsis thaliana],0.0,636,False,0.1129,0.0
NP_199617.1,NP_199617,1.5410697,cell_death_HR,False,NP_199617.1 C2 calcium/lipid-binding plant phosphoribosyltransferase family protein [Arabidopsis thaliana],0.0,1036,True,0.1569,0.0
NP_568543.1,NP_568543,1.5395417,cell_death_HR,False,NP_568543.1 DegP protease 10 [Arabidopsis thaliana],0.0,586,False,0.2456,0.0
NP_001329558.1,NP_001329558,1.5393246,PR_proteins,False,NP_001329558.1 beta-galactosidase 12 [Arabidopsis thaliana],0.0,638,False,0.0968,0.0
NP_172857.2,NP_172857,1.5388023,cell_death_HR,False,NP_172857.2 EXS (ERD1/XPR1/SYG1) family protein [Arabidopsis thaliana],0.0,813,False,0.275,0.0
NP_001322636.1,NP_001322636,1.5387961,antimicrobial,False,NP_001322636.1 isopropylmalate dehydrogenase 3 [Arabidopsis thaliana],0.0,419,False,0.225,0.0
NP_198601.2,NP_198601,1.5385702,cell_death_HR,True,NP_198601.2 pfkB-like carbohydrate kinase family protein [Arabidopsis thaliana],0.0,343,False,0.2424,0.0
NP_567139.1,NP_567139,1.5375924,cell_death_HR,False,NP_567139.1 MIRO-related GTP-ase 2 [Arabidopsis thaliana],0.0,643,False,0.2222,0.0
NP_171937.1,NP_171937,1.5373449,cell_death_HR,False,NP_171937.1 NAD(P)-linked oxidoreductase superfamily protein [Arabidopsis thaliana],0.0,412,False,0.1,0.0
NP_177250.1,NP_177250,1.5371851,cell_death_HR,False,NP_177250.1 Auxin efflux carrier family protein [Arabidopsis thaliana],0.0,640,False,0.3333,0.0031
NP_001328090.1,NP_001328090,1.5369105,PR_proteins,False,NP_001328090.1 glycosyl hydrolase 9C3 [Arabidopsis thaliana],0.0,542,False,0.2075,0.0
NP_001190410.1,NP_001190410,1.5368863,antimicrobial,False,NP_001190410.1 D-aminoacid aminotransferase-like PLP-dependent enzymes superfamily protein [Arabidopsis thaliana],0.0,936,False,0.163,0.0
NP_974552.1,NP_974552,1.5366932,cell_death_HR,False,NP_974552.1 SNARE associated Golgi protein family [Arabidopsis thaliana],0.0,406,False,0.2821,0.0
NP_001319278.1,NP_001319278,1.5363442,cell_death_HR,False,NP_001319278.1 cleavage and polyadenylation specificity factor 73-I [Arabidopsis thaliana],0.0,693,False,0.1324,0.0
NP_176297.1,NP_176297,1.5363442,cell_death_HR,False,NP_176297.1 cleavage and polyadenylation specificity factor 73-I [Arabidopsis thaliana],0.0,693,False,0.1324,0.0
NP_849835.1,NP_849835,1.5363442,cell_death_HR,False,NP_849835.1 cleavage and polyadenylation specificity factor 73-I [Arabidopsis thaliana],0.0,693,False,0.1324,0.0
NP_001031215.1,NP_001031215,1.5363412,cell_death_HR,False,NP_001031215.1 cleavage and polyadenylation specificity factor 73-I [Arabidopsis thaliana],0.0,693,False,0.1324,0.0
NP_001321253.1,NP_001321253,1.5363412,cell_death_HR,False,NP_001321253.1 cleavage and polyadenylation specificity factor 73-I [Arabidopsis thaliana],0.0,693,False,0.1324,0.0
NP_001185246.1,NP_001185246,1.5361674,cell_death_HR,False,NP_001185246.1 Haloacid dehalogenase-like hydrolase (HAD) superfamily protein [Arabidopsis thaliana],0.0,370,False,0.3056,0.0055
NP_172818.2,NP_172818,1.5355879,cell_death_HR,False,NP_172818.2 alpha/beta-Hydrolases superfamily protein [Arabidopsis thaliana],0.0,358,False,0.1471,0.0
NP_197190.1,NP_197190,1.5353973,cell_death_HR,False,NP_197190.1 Target of Myb protein 1 [Arabidopsis thaliana],0.0,407,False,0.2821,0.0
NP_850833.1,NP_850833,1.5353957,cell_death_HR,False,NP_850833.1 Target of Myb protein 1 [Arabidopsis thaliana],0.0,407,False,0.2821,0.0
NP_001331679.1,NP_001331679,1.5353957,cell_death_HR,False,NP_001331679.1 Target of Myb protein 1 [Arabidopsis thaliana],0.0,407,False,0.2821,0.0
NP_197021.2,NP_197021,1.5348899,cell_death_HR,False,NP_197021.2 tyrosyl-DNA phosphodiesterase-like protein [Arabidopsis thaliana],0.0,605,False,0.1525,0.0
NP_568496.1,NP_568496,1.5348822,antimicrobial,False,NP_568496.1 D-aminoacid aminotransferase-like PLP-dependent enzymes superfamily protein [Arabidopsis thaliana],0.0,559,False,0.1667,0.0
NP_198367.2,NP_198367,1.5348761,cell_death_HR,True,NP_198367.2 adenylate kinase family protein [Arabidopsis thaliana],0.0,588,False,0.1754,0.0
NP_568490.4,NP_568490,1.5343673,cell_death_HR,False,NP_568490.4 lon protease 1 [Arabidopsis thaliana],22.421010971069336,985,False,0.2268,0.0
NP_001328574.1,NP_001328574,1.5334004,cell_death_HR,False,NP_001328574.1 beta carbonic anhydrase 5 [Arabidopsis thaliana],0.0,301,False,0.1724,0.0
NP_567928.1,NP_567928,1.5334004,cell_death_HR,False,NP_567928.1 beta carbonic anhydrase 5 [Arabidopsis thaliana],0.0,301,False,0.1724,0.0
NP_568592.1,NP_568592,1.5332497,cell_death_HR,False,NP_568592.1 DNA repair helicase XPB1-like protein [Arabidopsis thaliana],0.0,767,False,0.2533,0.0
NP_197818.1,NP_197818,1.5318909,cell_death_HR,False,"NP_197818.1 Glycogen/starch synthases, ADP-glucose type [Arabidopsis thaliana]",0.0,652,False,0.1094,0.0
NP_001190378.1,NP_001190378,1.5318878,cell_death_HR,False,"NP_001190378.1 Glycogen/starch synthases, ADP-glucose type [Arabidopsis thaliana]",0.0,652,False,0.1094,0.0
NP_178093.1,NP_178093,1.5317643,antimicrobial,False,NP_178093.1 NADP-malic enzyme 4 [Arabidopsis thaliana],0.0,646,False,0.2063,0.0
NP_001031966.1,NP_001031966,1.5312729,cell_death_HR,True,NP_001031966.1 adenylate kinase family protein [Arabidopsis thaliana],0.0,580,False,0.1754,0.0
NP_568370.1,NP_568370,1.5310961,cell_death_HR,False,NP_568370.1 E1 C-terminal related 1 [Arabidopsis thaliana],0.0,454,False,0.2045,0.0
NP_001190770.1,NP_001190770,1.5305427,PR_proteins,False,NP_001190770.1 Pectinacetylesterase family protein [Arabidopsis thaliana],0.0,517,False,0.16,0.0
NP_001185448.1,NP_001185448,1.5298617,cell_death_HR,False,NP_001185448.1 tetratricopeptide repeat (TPR)-containing protein [Arabidopsis thaliana],0.0,911,False,0.2,0.0
NP_974551.1,NP_974551,1.5296142,cell_death_HR,False,NP_974551.1 SNARE associated Golgi protein family [Arabidopsis thaliana],0.0,355,False,0.2941,0.0
NP_179863.1,NP_179863,1.5294344,antimicrobial,False,NP_179863.1 peroxisomal NAD-malate dehydrogenase 1 [Arabidopsis thaliana],0.0,354,False,0.2353,0.0
NP_001330244.1,NP_001330244,1.5290899,cell_death_HR,False,NP_001330244.1 TIM-barrel signal transduction protein [Arabidopsis thaliana],0.0,619,False,0.2667,0.0033
NP_177544.1,NP_177544,1.5279078,cell_death_HR,False,NP_177544.1 2-isopropylmalate synthase 1 [Arabidopsis thaliana],0.0,631,False,0.1452,0.0
NP_187616.1,NP_187616,1.5278913,antimicrobial,False,NP_187616.1 L-O-methylthreonine resistant 1 [Arabidopsis thaliana],0.0,592,False,0.1552,0.0
NP_195109.2,NP_195109,1.5278686,PR_proteins,False,NP_195109.2 Glycosyl hydrolase family 10 protein [Arabidopsis thaliana],0.0,576,False,0.125,0.0
NP_001319356.1,NP_001319356,1.5276971,PR_proteins,False,NP_001319356.1 expansin A1 [Arabidopsis thaliana],0.0,220,False,0.4762,0.0
NP_173105.1,NP_173105,1.5272022,cell_death_HR,False,NP_173105.1 UDP-Glycosyltransferase superfamily protein [Arabidopsis thaliana],0.0,465,False,0.1778,0.0
NP_192124.1,NP_192124,1.526735,cell_death_HR,False,NP_192124.1 ARM repeat superfamily protein [Arabidopsis thaliana],0.0,531,False,0.2692,0.0
NP_974646.1,NP_974646,1.5267256,cell_death_HR,False,NP_974646.1 alpha/beta-Hydrolases superfamily protein [Arabidopsis thaliana],0.0,294,False,0.1071,0.0
NP_194831.3,NP_194831,1.5267256,cell_death_HR,False,NP_194831.3 alpha/beta-Hydrolases superfamily protein [Arabidopsis thaliana],0.0,294,False,0.1071,0.0
NP_179324.2,NP_179324,1.5264267,antimicrobial,True,NP_179324.2 pantothenate kinase [Arabidopsis thaliana],0.0,361,False,0.2,0.0
NP_563735.1,NP_563735,1.5262938,cell_death_HR,False,NP_563735.1 vacuole membrane-like protein [Arabidopsis thaliana],0.0,416,False,0.275,0.0
NP_566011.1,NP_566011,1.5258847,cell_death_HR,True,NP_566011.1 methylenetetrahydrofolate reductase 2 [Arabidopsis thaliana],0.0,594,False,0.1207,0.0
NP_172119.1,NP_172119,1.525011,antimicrobial,True,NP_172119.1 acyl-CoA oxidase 3 [Arabidopsis thaliana],0.0,675,False,0.1818,0.0
NP_178423.5,NP_178423,1.5238218,cell_death_HR,False,NP_178423.5 EXS (ERD1/XPR1/SYG1) family protein [Arabidopsis thaliana],0.0,823,False,0.284,0.0024
NP_181346.1,NP_181346,1.5237296,cell_death_HR,False,NP_181346.1 glycerol-3-phosphate acyltransferase 6 [Arabidopsis thaliana],0.0,501,False,0.1837,0.0
NP_001031305.1,NP_001031305,1.5236819,cell_death_HR,False,NP_001031305.1 heat shock protein 91 [Arabidopsis thaliana],0.0,789,False,0.2208,0.0
NP_001329169.1,NP_001329169,1.5235804,cell_death_HR,False,NP_001329169.1 C2 calcium/lipid-binding plant phosphoribosyltransferase family protein [Arabidopsis thaliana],0.0,874,False,0.1628,0.0
NP_001329929.1,NP_001329929,1.523334,antimicrobial,False,NP_001329929.1 CTP synthase family protein [Arabidopsis thaliana],0.0,548,False,0.1509,0.0
NP_001320888.1,NP_001320888,1.5231808,cell_death_HR,False,NP_001320888.1 UDP-Glycosyltransferase superfamily protein [Arabidopsis thaliana],0.0,615,False,0.2167,0.0
NP_001319161.1,NP_001319161,1.5231808,cell_death_HR,False,NP_001319161.1 UDP-Glycosyltransferase superfamily protein [Arabidopsis thaliana],0.0,615,False,0.2167,0.0
NP_175027.1,NP_175027,1.5231808,cell_death_HR,False,NP_175027.1 UDP-Glycosyltransferase superfamily protein [Arabidopsis thaliana],0.0,615,False,0.2167,0.0
NP_973967.1,NP_973967,1.5231808,cell_death_HR,False,NP_973967.1 UDP-Glycosyltransferase superfamily protein [Arabidopsis thaliana],0.0,615,False,0.2167,0.0
NP_001077674.1,NP_001077674,1.5231808,cell_death_HR,False,NP_001077674.1 UDP-Glycosyltransferase superfamily protein [Arabidopsis thaliana],0.0,615,False,0.2167,0.0
NP_001320891.1,NP_001320891,1.5231808,cell_death_HR,False,NP_001320891.1 UDP-Glycosyltransferase superfamily protein [Arabidopsis thaliana],0.0,615,False,0.2167,0.0
NP_001320890.1,NP_001320890,1.5231808,cell_death_HR,False,NP_001320890.1 UDP-Glycosyltransferase superfamily protein [Arabidopsis thaliana],0.0,615,False,0.2167,0.0
NP_174403.1,NP_174403,1.5231484,antimicrobial,False,NP_174403.1 isopropylmalate dehydrogenase 3 [Arabidopsis thaliana],0.0,404,False,0.2564,0.0
NP_565261.1,NP_565261,1.5229332,cell_death_HR,False,NP_565261.1 Auxin efflux carrier family protein [Arabidopsis thaliana],0.0,612,False,0.3667,0.0033
NP_177500.1,NP_177500,1.5218742,cell_death_HR,False,NP_177500.1 Auxin efflux carrier family protein [Arabidopsis thaliana],0.0,622,False,0.377,0.0032
NP_001327477.1,NP_001327477,1.5218349,antimicrobial,False,"NP_001327477.1 2-oxoglutarate dehydrogenase, E1 component [Arabidopsis thaliana]",0.0,1017,False,0.05,0.0
NP_191101.2,NP_191101,1.5218349,antimicrobial,False,"NP_191101.2 2-oxoglutarate dehydrogenase, E1 component [Arabidopsis thaliana]",0.0,1017,False,0.05,0.0
NP_849923.1,NP_849923,1.5211147,cell_death_HR,False,NP_849923.1 Auxin efflux carrier family protein [Arabidopsis thaliana],0.0,616,False,0.3333,0.0033
NP_001325548.1,NP_001325548,1.5207084,antimicrobial,False,NP_001325548.1 lon protease 4 [Arabidopsis thaliana],20.184560775756836,931,False,0.3152,0.0
NP_176247.2,NP_176247,1.5206889,cell_death_HR,True,NP_176247.2 pantothenate kinase 1 [Arabidopsis thaliana],0.0,383,False,0.2703,0.0
NP_190852.2,NP_190852,1.5204096,PR_proteins,False,NP_190852.2 beta-galactosidase 2 [Arabidopsis thaliana],0.0,727,False,0.0845,0.0
NP_201376.1,NP_201376,1.5197096,antimicrobial,False,"NP_201376.1 2-oxoglutarate dehydrogenase, E1 component [Arabidopsis thaliana]",0.0,1025,True,0.0495,0.0
NP_568775.1,NP_568775,1.5193509,antimicrobial,False,NP_568775.1 UDP-sugar pyrophosphorylase [Arabidopsis thaliana],0.0,614,False,0.1833,0.0
NP_001330283.1,NP_001330283,1.5191165,antimicrobial,False,NP_001330283.1 D-aminoacid aminotransferase-like PLP-dependent enzymes superfamily protein [Arabidopsis thaliana],0.0,504,False,0.1633,0.0
NP_179742.2,NP_179742,1.5188411,cell_death_HR,False,NP_179742.2 SUMO-activating enzyme 2 [Arabidopsis thaliana],0.0,625,False,0.2787,0.0
NP_175323.1,NP_175323,1.5186086,PR_proteins,False,NP_175323.1 glycosyl hydrolase 9C1 [Arabidopsis thaliana],0.0,627,False,0.2623,0.0
NP_001032145.1,NP_001032145,1.5185659,antimicrobial,True,NP_001032145.1 acyl-CoA oxidase 2 [Arabidopsis thaliana],0.0,646,False,0.1111,0.0
NP_566040.1,NP_566040,1.5180863,cell_death_HR,False,NP_566040.1 RAS associated with diabetes protein 51C [Arabidopsis thaliana],0.0,363,False,0.2286,0.0
NP_190167.2,NP_190167,1.5176498,cell_death_HR,False,NP_190167.2 ferric reductase-like transmembrane component family protein [Arabidopsis thaliana],0.0,912,False,0.2778,0.011
NP_191311.1,NP_191311,1.5171087,cell_death_HR,False,NP_191311.1 seed imbibition 2 [Arabidopsis thaliana],0.0,773,False,0.1053,0.0
NP_173675.1,NP_173675,1.5167705,cell_death_HR,False,NP_173675.1 C2 calcium/lipid-binding plant phosphoribosyltransferase family protein [Arabidopsis thaliana],0.0,1029,True,0.2772,0.002
NP_001154514.1,NP_001154514,1.5166153,cell_death_HR,False,NP_001154514.1 Major facilitator superfamily protein [Arabidopsis thaliana],0.0,307,False,0.3103,0.0
NP_849320.1,NP_849320,1.516463,cell_death_HR,False,NP_849320.1 ubiquitin family protein [Arabidopsis thaliana],0.0,340,False,0.2727,0.0
NP_196924.1,NP_196924,1.5161984,antimicrobial,False,NP_196924.1 isopropylmalate dehydrogenase 1 [Arabidopsis thaliana],0.0,409,False,0.2564,0.0
NP_849993.5,NP_849993,1.5160633,cell_death_HR,False,NP_849993.5 Putative N-acetyl-gamma-glutamyl-phosphate reductase [Arabidopsis thaliana],0.0,400,False,0.1538,0.0
NP_001119349.1,NP_001119349,1.5155299,cell_death_HR,False,NP_001119349.1 PLAC8 family protein [Arabidopsis thaliana],0.0,206,False,0.3684,0.1294
NP_187750.1,NP_187750,1.5152808,cell_death_HR,False,NP_187750.1 glycerol-3-phosphate acyltransferase 5 [Arabidopsis thaliana],0.0,502,False,0.1837,0.0
NP_001330519.1,NP_001330519,1.5150349,cell_death_HR,False,NP_001330519.1 adaptin family protein [Arabidopsis thaliana],0.0,796,False,0.2564,0.0
NP_563855.1,NP_563855,1.5150348,PR_proteins,False,NP_563855.1 xylem bark cysteine peptidase 3 [Arabidopsis thaliana],0.0,437,False,0.119,0.0
NP_001320473.1,NP_001320473,1.5141201,PR_proteins,False,NP_001320473.1 beta-galactosidase 5 [Arabidopsis thaliana],0.0,653,False,0.0469,0.0
NP_001327024.1,NP_001327024,1.512826,cell_death_HR,True,NP_001327024.1 Protein kinase superfamily protein [Arabidopsis thaliana],0.0,352,False,0.1471,0.0
NP_195215.2,NP_195215,1.5125504,antimicrobial,False,NP_195215.2 xanthine dehydrogenase 1 [Arabidopsis thaliana],0.0,1361,True,0.1852,0.0
NP_001329575.1,NP_001329575,1.5123278,cell_death_HR,False,NP_001329575.1 NAD(P)H dehydrogenase B3 [Arabidopsis thaliana],0.0,579,False,0.125,0.0
NP_850025.1,NP_850025,1.510686,cell_death_HR,True,NP_850025.1 phosphofructokinase 5 [Arabidopsis thaliana],0.0,537,False,0.2115,0.0
NP_001318773.1,NP_001318773,1.5106122,cell_death_HR,False,NP_001318773.1 DNA repair protein RadA-like protein [Arabidopsis thaliana],18.439632415771484,627,False,0.4098,0.0
NP_001332610.1,NP_001332610,1.5106122,cell_death_HR,False,NP_001332610.1 DNA repair protein RadA-like protein [Arabidopsis thaliana],18.439632415771484,627,False,0.4098,0.0
NP_181500.1,NP_181500,1.5099299,PR_proteins,False,NP_181500.1 expansin A4 [Arabidopsis thaliana],0.0,257,False,0.1667,0.0
NP_001328443.1,NP_001328443,1.5095751,PR_proteins,True,NP_001328443.1 Barwin-related endoglucanase [Arabidopsis thaliana],0.0,126,False,0.2727,0.0
NP_193880.5,NP_193880,1.5093455,cell_death_HR,False,NP_193880.5 NAD(P)H dehydrogenase B3 [Arabidopsis thaliana],0.0,580,False,0.1579,0.0
NP_187788.1,NP_187788,1.5086999,cell_death_HR,False,NP_187788.1 syntaxin of plants 121 [Arabidopsis thaliana],0.0,346,False,0.4545,0.0147
NP_001031534.1,NP_001031534,1.5070735,cell_death_HR,False,NP_001031534.1 protein phosphatase 5.2 [Arabidopsis thaliana],0.0,538,False,0.25,0.0
NP_196528.1,NP_196528,1.5066795,antimicrobial,False,NP_196528.1 peroxisomal NAD-malate dehydrogenase 2 [Arabidopsis thaliana],0.0,354,False,0.3235,0.0
NP_850524.1,NP_850524,1.5063757,cell_death_HR,False,NP_850524.1 importin alpha isoform 1 [Arabidopsis thaliana],0.0,532,False,0.2885,0.0
NP_187328.1,NP_187328,1.5063757,cell_death_HR,False,NP_187328.1 importin alpha isoform 1 [Arabidopsis thaliana],0.0,532,False,0.2885,0.0
NP_567735.1,NP_567735,1.5063418,cell_death_HR,False,NP_567735.1 NFU domain protein 3 [Arabidopsis thaliana],0.0,236,False,0.1818,0.0
NP_189675.2,NP_189675,1.5063045,PR_proteins,False,NP_189675.2 Glycosyl hydrolase superfamily protein [Arabidopsis thaliana],0.0,329,False,0.0323,0.0
NP_001322763.1,NP_001322763,1.5062819,cell_death_HR,False,NP_001322763.1 2-isopropylmalate synthase 1 [Arabidopsis thaliana],0.0,551,False,0.1481,0.0
NP_173285.2,NP_173285,1.5052088,cell_death_HR,False,NP_173285.2 methylthioalkylmalate synthase-like 4 [Arabidopsis thaliana],0.0,631,False,0.1452,0.0032
NP_001330735.1,NP_001330735,1.5046376,antimicrobial,False,NP_001330735.1 peroxisomal NAD-malate dehydrogenase 2 [Arabidopsis thaliana],0.0,353,False,0.2647,0.0
NP_191170.1,NP_191170,1.5044587,cell_death_HR,False,NP_191170.1 prenylated RAB acceptor 1.B1 [Arabidopsis thaliana],0.0,209,False,0.5789,0.0
NP_001190100.1,NP_001190100,1.5044571,cell_death_HR,False,NP_001190100.1 prenylated RAB acceptor 1.B1 [Arabidopsis thaliana],0.0,209,False,0.5789,0.0
NP_001327380.1,NP_001327380,1.5044571,cell_death_HR,False,NP_001327380.1 prenylated RAB acceptor 1.B1 [Arabidopsis thaliana],0.0,209,False,0.5789,0.0
NP_001319766.1,NP_001319766,1.5044571,cell_death_HR,False,NP_001319766.1 prenylated RAB acceptor 1.B1 [Arabidopsis thaliana],0.0,209,False,0.5789,0.0
NP_001117297.1,NP_001117297,1.5042466,cell_death_HR,False,NP_001117297.1 UDP-Glycosyltransferase superfamily protein [Arabidopsis thaliana],0.0,496,False,0.1875,0.0
NP_199832.1,NP_199832,1.5041267,cell_death_HR,False,NP_199832.1 quinolinate synthase [Arabidopsis thaliana],0.0,718,False,0.2143,0.0028
NP_172772.2,NP_172772,1.5032606,PR_proteins,False,NP_172772.2 Cellulase (glycosyl hydrolase family 5) protein [Arabidopsis thaliana],0.0,552,False,0.2222,0.0
NP_173460.1,NP_173460,1.502903,cell_death_HR,False,NP_173460.1 translocase inner membrane subunit 17-1 [Arabidopsis thaliana],0.0,218,False,0.5,0.0
NP_565216.2,NP_565216,1.5026017,cell_death_HR,False,NP_565216.2 Rad23 UV excision repair protein family [Arabidopsis thaliana],0.0,365,False,0.5143,0.0
NP_195216.2,NP_195216,1.5025376,antimicrobial,False,NP_195216.2 xanthine dehydrogenase 2 [Arabidopsis thaliana],0.0,1353,True,0.2239,0.0
NP_001329028.1,NP_001329028,1.5025376,antimicrobial,False,NP_001329028.1 xanthine dehydrogenase 2 [Arabidopsis thaliana],0.0,1163,True,0.2261,0.0
NP_001189652.1,NP_001189652,1.5023142,cell_death_HR,False,NP_001189652.1 cofactor of nitrate reductase and xanthine dehydrogenase 2 [Arabidopsis thaliana],0.0,382,False,0.1892,0.0
NP_568591.1,NP_568591,1.5007093,cell_death_HR,False,NP_568591.1 homolog of Xeroderma pigmentosum complementation group B 2 [Arabidopsis thaliana],0.0,766,False,0.24,0.0
NP_195264.2,NP_195264,1.5006417,cell_death_HR,False,NP_195264.2 SEC7-like guanine nucleotide exchange family protein [Arabidopsis thaliana],0.0,1706,True,0.1893,0.0
NP_001331083.1,NP_001331083,1.4995856,cell_death_HR,False,NP_001331083.1 homolog of Xeroderma pigmentosum complementation group B 2 [Arabidopsis thaliana],0.0,761,False,0.2533,0.0
NP_172120.2,NP_172120,1.4994857,antimicrobial,True,NP_172120.2 acyl-CoA oxidase 6 [Arabidopsis thaliana],0.0,675,False,0.197,0.0
NP_001323910.1,NP_001323910,1.4983491,PR_proteins,False,NP_001323910.1 glycosyl hydrolase 9B12 [Arabidopsis thaliana],0.0,408,False,0.3077,0.0
NP_001331114.1,NP_001331114,1.4982041,PR_proteins,True,NP_001331114.1 Pathogenesis-related thaumatin superfamily protein [Arabidopsis thaliana],0.0,243,False,0.2609,0.0
NP_001327775.1,NP_001327775,1.4981155,antimicrobial,False,NP_001327775.1 1-deoxy-D-xylulose 5-phosphate synthase 1 [Arabidopsis thaliana],0.0,677,False,0.1667,0.0
NP_849600.1,NP_849600,1.4977179,cell_death_HR,False,NP_849600.1 Ribosomal protein S5/Elongation factor G/III/V family protein [Arabidopsis thaliana],0.0,987,False,0.1134,0.0
NP_001321282.1,NP_001321282,1.4977179,cell_death_HR,False,NP_001321282.1 Ribosomal protein S5/Elongation factor G/III/V family protein [Arabidopsis thaliana],0.0,987,False,0.1134,0.0
NP_172112.1,NP_172112,1.4977179,cell_death_HR,False,NP_172112.1 Ribosomal protein S5/Elongation factor G/III/V family protein [Arabidopsis thaliana],0.0,987,False,0.1134,0.0
NP_177899.1,NP_177899,1.497609,antimicrobial,False,NP_177899.1 nitrate reductase 1 [Arabidopsis thaliana],0.0,917,False,0.1333,0.0
NP_566193.2,NP_566193,1.4974581,cell_death_HR,False,NP_566193.2 exportin 1B [Arabidopsis thaliana],0.0,1076,True,0.1226,0.0
NP_001319339.1,NP_001319339,1.4969046,cell_death_HR,False,NP_001319339.1 Copine (Calcium-dependent phospholipid-binding protein) family [Arabidopsis thaliana],0.0,433,False,0.1667,0.0
NP_001077787.1,NP_001077787,1.4969046,cell_death_HR,False,NP_001077787.1 Copine (Calcium-dependent phospholipid-binding protein) family [Arabidopsis thaliana],0.0,433,False,0.1667,0.0
NP_974100.1,NP_974100,1.4969046,cell_death_HR,False,NP_974100.1 Copine (Calcium-dependent phospholipid-binding protein) family [Arabidopsis thaliana],0.0,433,False,0.1667,0.0
NP_564907.1,NP_564907,1.4969046,cell_death_HR,False,NP_564907.1 Copine (Calcium-dependent phospholipid-binding protein) family [Arabidopsis thaliana],0.0,433,False,0.1667,0.0
NP_001031784.1,NP_001031784,1.4969001,cell_death_HR,False,NP_001031784.1 beta carbonic anhydrase 5 [Arabidopsis thaliana],0.0,302,False,0.069,0.0
NP_191190.2,NP_191190,1.4965663,PR_proteins,False,NP_191190.2 Melibiase family protein [Arabidopsis thaliana],0.0,437,False,0.1667,0.0
NP_001325881.1,NP_001325881,1.496485,cell_death_HR,False,NP_001325881.1 thioredoxin domain PLP3A-like protein [Arabidopsis thaliana],0.0,230,False,0.3182,0.0
NP_190665.2,NP_190665,1.4964834,cell_death_HR,False,NP_190665.2 thioredoxin domain PLP3A-like protein [Arabidopsis thaliana],0.0,230,False,0.3182,0.0
NP_001189570.1,NP_001189570,1.4962959,cell_death_HR,False,NP_001189570.1 SUMO-activating enzyme 2 [Arabidopsis thaliana],0.0,628,False,0.2623,0.0
NP_001323667.1,NP_001323667,1.4962845,antimicrobial,True,NP_001323667.1 pantothenate kinase [Arabidopsis thaliana],0.0,348,False,0.2121,0.0
NP_565755.1,NP_565755,1.49575,PR_proteins,False,NP_565755.1 beta galactosidase 9 [Arabidopsis thaliana],0.0,887,False,0.0805,0.0
NP_001078740.1,NP_001078740,1.4954519,cell_death_HR,False,NP_001078740.1 protein-l-isoaspartate methyltransferase 2 [Arabidopsis thaliana],0.0,306,False,0.2759,0.0
NP_191556.1,NP_191556,1.4949416,cell_death_HR,True,NP_191556.1 methylenetetrahydrofolate reductase 1 [Arabidopsis thaliana],0.0,592,False,0.1379,0.0
NP_195112.2,NP_195112,1.4949069,PR_proteins,False,NP_195112.2 Glycosyl hydrolase family 10 protein [Arabidopsis thaliana],0.0,576,False,0.125,0.0
NP_001319124.1,NP_001319124,1.4946454,PR_proteins,False,NP_001319124.1 beta-galactosidase 15 [Arabidopsis thaliana],0.0,779,False,0.1579,0.0
NP_190958.1,NP_190958,1.4943621,cell_death_HR,False,NP_190958.1 uracil phosphoribosyltransferase [Arabidopsis thaliana],0.0,296,False,0.2143,0.0
NP_175553.1,NP_175553,1.4942772,antimicrobial,False,NP_175553.1 sucrose-phosphatase 1 [Arabidopsis thaliana],0.0,423,False,0.1463,0.0
NP_001319120.1,NP_001319120,1.494236,cell_death_HR,False,NP_001319120.1 N-acetylglucosamine-1-phosphate uridylyltransferase 1 [Arabidopsis thaliana],0.0,383,False,0.2703,0.0
NP_564320.1,NP_564320,1.4937923,PR_proteins,False,NP_564320.1 Papain family cysteine protease [Arabidopsis thaliana],0.0,346,False,0.0606,0.0
NP_199776.1,NP_199776,1.4921032,antimicrobial,True,NP_199776.1 xylulose kinase-2 [Arabidopsis thaliana],0.0,558,False,0.1667,0.0
NP_180873.1,NP_180873,1.4920512,antimicrobial,False,NP_180873.1 peroxisomal 3-ketoacyl-CoA thiolase 3 [Arabidopsis thaliana],0.0,462,False,0.3111,0.0
NP_565338.1,NP_565338,1.4919578,cell_death_HR,False,"NP_565338.1 RNA helicase, ATP-dependent, SK12/DOB1 protein [Arabidopsis thaliana]",0.0,995,False,0.2551,0.0
NP_850606.1,NP_850606,1.4913721,cell_death_HR,False,NP_850606.1 RHOMBOID-like protein 14 [Arabidopsis thaliana],0.0,334,False,0.3125,0.0
NP_568550.1,NP_568550,1.4913614,cell_death_HR,False,NP_568550.1 NADH-ubiquinone dehydrogenase [Arabidopsis thaliana],0.0,748,False,0.137,0.0
NP_178111.1,NP_178111,1.4908587,cell_death_HR,False,NP_178111.1 heat shock protein 91 [Arabidopsis thaliana],0.0,831,False,0.2683,0.0
NP_198669.1,NP_198669,1.4907298,antimicrobial,False,NP_198669.1 tryptophan synthase beta type 2 [Arabidopsis thaliana],0.0,506,False,0.2041,0.0
NP_171965.1,NP_171965,1.4904058,antimicrobial,False,NP_171965.1 peroxisomal 3-ketoacyl-CoA thiolase 4 [Arabidopsis thaliana],0.0,443,False,0.3023,0.0
NP_201186.1,NP_201186,1.4899653,PR_proteins,False,NP_201186.1 beta-galactosidase 10 [Arabidopsis thaliana],0.0,741,False,0.137,0.0
NP_001320597.1,NP_001320597,1.4899104,PR_proteins,False,NP_001320597.1 beta-galactosidase 16 [Arabidopsis thaliana],0.0,820,False,0.1358,0.0
NP_001325739.1,NP_001325739,1.4898304,PR_proteins,False,NP_001325739.1 beta-galactosidase 2 [Arabidopsis thaliana],0.0,781,False,0.1169,0.0
NP_200483.2,NP_200483,1.4896979,antimicrobial,False,NP_200483.2 Lactate/malate dehydrogenase family protein [Arabidopsis thaliana],0.0,372,False,0.2222,0.0
NP_181404.1,NP_181404,1.4894431,antimicrobial,False,NP_181404.1 mevalonate diphosphate decarboxylase 1 [Arabidopsis thaliana],0.0,412,False,0.275,0.0
NP_172631.2,NP_172631,1.4889878,cell_death_HR,False,NP_172631.2 heat shock protein 70 (Hsp 70) family protein [Arabidopsis thaliana],0.0,763,False,0.0667,0.0
NP_001322125.1,NP_001322125,1.4889878,cell_death_HR,False,NP_001322125.1 heat shock protein 70 (Hsp 70) family protein [Arabidopsis thaliana],0.0,763,False,0.0667,0.0
NP_001322127.1,NP_001322127,1.4889878,cell_death_HR,False,NP_001322127.1 heat shock protein 70 (Hsp 70) family protein [Arabidopsis thaliana],0.0,763,False,0.0667,0.0
NP_001185125.1,NP_001185125,1.488974,cell_death_HR,False,NP_001185125.1 extra-large GTP-binding protein 3 [Arabidopsis thaliana],0.0,848,False,0.241,0.0
NP_001319126.1,NP_001319126,1.488971,cell_death_HR,False,NP_001319126.1 extra-large GTP-binding protein 3 [Arabidopsis thaliana],0.0,848,False,0.241,0.0
NP_001320661.1,NP_001320661,1.488971,cell_death_HR,False,NP_001320661.1 extra-large GTP-binding protein 3 [Arabidopsis thaliana],0.0,848,False,0.241,0.0
NP_849737.1,NP_849737,1.488971,cell_death_HR,False,NP_849737.1 extra-large GTP-binding protein 3 [Arabidopsis thaliana],0.0,848,False,0.241,0.0
NP_001320662.1,NP_001320662,1.488971,cell_death_HR,False,NP_001320662.1 extra-large GTP-binding protein 3 [Arabidopsis thaliana],0.0,848,False,0.241,0.0
NP_174475.1,NP_174475,1.488971,cell_death_HR,False,NP_174475.1 extra-large GTP-binding protein 3 [Arabidopsis thaliana],0.0,848,False,0.241,0.0
NP_179021.3,NP_179021,1.488957,cell_death_HR,False,NP_179021.3 minichromosome maintenance 9 [Arabidopsis thaliana],0.0,646,False,0.2222,0.0
NP_566995.1,NP_566995,1.4887383,antimicrobial,True,NP_566995.1 GHMP kinase family protein [Arabidopsis thaliana],0.0,419,False,0.2,0.0
NP_001332484.1,NP_001332484,1.4886696,cell_death_HR,False,NP_001332484.1 Actin binding Calponin homology (CH) domain-containing protein [Arabidopsis thaliana],0.0,714,False,0.3286,0.0169
NP_001318801.1,NP_001318801,1.4886696,cell_death_HR,False,NP_001318801.1 Actin binding Calponin homology (CH) domain-containing protein [Arabidopsis thaliana],0.0,714,False,0.3286,0.0169
NP_001332485.1,NP_001332485,1.4886696,cell_death_HR,False,NP_001332485.1 Actin binding Calponin homology (CH) domain-containing protein [Arabidopsis thaliana],0.0,714,False,0.3286,0.0169
NP_568620.1,NP_568620,1.4883142,PR_proteins,False,NP_568620.1 Granulin repeat cysteine protease family protein [Arabidopsis thaliana],0.0,463,False,0.1556,0.0
NP_001117303.1,NP_001117303,1.4880068,antimicrobial,False,NP_001117303.1 ketose-bisphosphate aldolase class-II family protein [Arabidopsis thaliana],0.0,1374,True,0.2721,0.0
NP_001324194.1,NP_001324194,1.487851,PR_proteins,False,NP_001324194.1 beta-galactosidase 8 [Arabidopsis thaliana],0.0,702,False,0.1304,0.0
NP_001185357.1,NP_001185357,1.4872596,PR_proteins,False,NP_001185357.1 expansin A1 [Arabidopsis thaliana],0.0,245,False,0.3913,0.0
NP_175984.1,NP_175984,1.4869308,antimicrobial,False,NP_175984.1 Pyridoxal-5'-phosphate-dependent enzyme family protein [Arabidopsis thaliana],0.0,421,False,0.1463,0.0
NP_181292.1,NP_181292,1.4868219,cell_death_HR,False,NP_181292.1 origin recognition complex second largest subunit 2 [Arabidopsis thaliana],0.0,363,False,0.1429,0.0
NP_565052.1,NP_565052,1.4864898,cell_death_HR,False,NP_565052.1 inorganic pyrophosphatase 1 [Arabidopsis thaliana],0.0,295,False,0.1786,0.0
NP_566642.1,NP_566642,1.4862992,cell_death_HR,False,NP_566642.1 glutamyl-tRNA (Gln) amidotransferase subunit A (DUF620) [Arabidopsis thaliana],0.0,485,False,0.234,0.0104
NP_197905.1,NP_197905,1.4859779,cell_death_HR,False,NP_197905.1 Ribosomal protein S5/Elongation factor G/III/V family protein [Arabidopsis thaliana],0.0,973,False,0.1146,0.0
NP_001318643.1,NP_001318643,1.4859779,cell_death_HR,False,NP_001318643.1 Ribosomal protein S5/Elongation factor G/III/V family protein [Arabidopsis thaliana],0.0,973,False,0.1146,0.0
NP_851103.1,NP_851103,1.4858688,cell_death_HR,False,NP_851103.1 NADH-ubiquinone dehydrogenase [Arabidopsis thaliana],0.0,745,False,0.137,0.0
NP_001322668.1,NP_001322668,1.4856966,cell_death_HR,False,NP_001322668.1 C2 calcium/lipid-binding and GRAM domain containing protein [Arabidopsis thaliana],0.0,805,False,0.2405,0.0
NP_564321.2,NP_564321,1.4852636,PR_proteins,False,NP_564321.2 Cysteine proteinases superfamily protein [Arabidopsis thaliana],0.0,355,False,0.1471,0.0
NP_188767.2,NP_188767,1.4852386,cell_death_HR,False,NP_188767.2 RNA methyltransferase family protein [Arabidopsis thaliana],0.0,554,False,0.1667,0.0
NP_001321678.1,NP_001321678,1.4852232,cell_death_HR,False,NP_001321678.1 vacuole membrane-like protein [Arabidopsis thaliana],0.0,344,False,0.1818,0.0
NP_001321677.1,NP_001321677,1.4852232,cell_death_HR,False,NP_001321677.1 vacuole membrane-like protein [Arabidopsis thaliana],0.0,344,False,0.1818,0.0
NP_187864.1,NP_187864,1.4848973,cell_death_HR,False,NP_187864.1 heat shock protein 70 [Arabidopsis thaliana],0.0,650,False,0.2188,0.0
NP_850072.1,NP_850072,1.4848496,cell_death_HR,False,NP_850072.1 haloacid dehalogenase-like hydrolase family protein [Arabidopsis thaliana],0.0,584,False,0.2105,0.0
NP_181370.1,NP_181370,1.4848019,cell_death_HR,False,NP_181370.1 prenylated RAB acceptor 1.B4 [Arabidopsis thaliana],0.0,220,False,0.5714,0.0
NP_001326566.1,NP_001326566,1.4845839,PR_proteins,False,NP_001326566.1 alpha-L-arabinofuranosidase 1 [Arabidopsis thaliana],0.0,678,False,0.1818,0.0
NP_187685.1,NP_187685,1.4845839,PR_proteins,False,NP_187685.1 alpha-L-arabinofuranosidase 1 [Arabidopsis thaliana],0.0,678,False,0.1818,0.0
NP_001185028.1,NP_001185028,1.4843667,antimicrobial,False,NP_001185028.1 ketose-bisphosphate aldolase class-II family protein [Arabidopsis thaliana],0.0,1393,True,0.2826,0.0
NP_181047.1,NP_181047,1.4839195,cell_death_HR,False,NP_181047.1 N-acetylglucosamine-1-phosphate uridylyltransferase 2 [Arabidopsis thaliana],0.0,502,False,0.2041,0.0
NP_001321158.1,NP_001321158,1.4837228,cell_death_HR,False,NP_001321158.1 RAD3-like DNA-binding helicase protein [Arabidopsis thaliana],0.0,1022,False,0.2178,0.0
NP_001322120.1,NP_001322120,1.48361,antimicrobial,False,NP_001322120.1 sucrose-phosphatase 1 [Arabidopsis thaliana],0.0,424,False,0.1707,0.0
NP_001322121.1,NP_001322121,1.48361,antimicrobial,False,NP_001322121.1 sucrose-phosphatase 1 [Arabidopsis thaliana],0.0,424,False,0.1707,0.0
NP_001322122.1,NP_001322122,1.48361,antimicrobial,False,NP_001322122.1 sucrose-phosphatase 1 [Arabidopsis thaliana],0.0,424,False,0.1707,0.0
NP_178113.3,NP_178113,1.4834645,cell_death_HR,False,NP_178113.3 RAD3-like DNA-binding helicase protein [Arabidopsis thaliana],0.0,1040,True,0.165,0.0
NP_197776.1,NP_197776,1.4832678,cell_death_HR,False,NP_197776.1 cleavage and polyadenylation specificity factor 100 [Arabidopsis thaliana],0.0,739,False,0.1111,0.0
NP_001318221.1,NP_001318221,1.4824222,cell_death_HR,False,NP_001318221.1 minichromosome maintenance 9 [Arabidopsis thaliana],0.0,651,False,0.2188,0.0
NP_174901.1,NP_174901,1.4823059,antimicrobial,False,NP_174901.1 nitrate reductase 2 [Arabidopsis thaliana],0.0,917,False,0.1111,0.0
NP_850982.1,NP_850982,1.4820133,cell_death_HR,False,NP_850982.1 Rad23 UV excision repair protein family [Arabidopsis thaliana],0.0,371,False,0.5,0.0
NP_001323831.1,NP_001323831,1.4817382,cell_death_HR,False,NP_001323831.1 protein phosphatase 5.2 [Arabidopsis thaliana],0.0,537,False,0.2692,0.0
NP_181112.1,NP_181112,1.4817019,antimicrobial,True,NP_181112.1 acyl-CoA oxidase 5 [Arabidopsis thaliana],0.0,664,False,0.1231,0.0
NP_177642.2,NP_177642,1.4816265,PR_proteins,True,NP_177642.2 Pathogenesis-related thaumatin superfamily protein [Arabidopsis thaliana],0.0,246,False,0.2174,0.0
NP_567283.1,NP_567283,1.4811864,cell_death_HR,False,NP_567283.1 NAD(P)H dehydrogenase B2 [Arabidopsis thaliana],0.0,582,False,0.1579,0.0
NP_001032163.1,NP_001032163,1.480968,cell_death_HR,False,NP_001032163.1 TIM-barrel signal transduction protein [Arabidopsis thaliana],0.0,754,False,0.2703,0.0027
NP_198800.1,NP_198800,1.4808143,cell_death_HR,False,NP_198800.1 ATP-dependent RNA helicase [Arabidopsis thaliana],0.0,776,False,0.1711,0.0
NP_194078.2,NP_194078,1.480138,cell_death_HR,False,NP_194078.2 PLAC8 family protein [Arabidopsis thaliana],0.0,255,False,0.2917,0.04
NP_174850.4,NP_174850,1.4801161,antimicrobial,False,NP_174850.4 acetyl-CoA carboxylase 2 [Arabidopsis thaliana],0.0,2355,True,0.1496,0.0026
NP_190886.4,NP_190886,1.4801035,antimicrobial,False,NP_190886.4 nodulin/glutamine synthase-like protein [Arabidopsis thaliana],0.0,852,False,0.1548,0.0
NP_849576.1,NP_849576,1.4800457,cell_death_HR,False,NP_849576.1 Proteasome component (PCI) domain protein [Arabidopsis thaliana],0.0,225,False,0.1429,0.0
NP_001325730.1,NP_001325730,1.4799966,cell_death_HR,False,NP_001325730.1 alpha/beta-Hydrolases superfamily protein [Arabidopsis thaliana],0.0,265,False,0.32,0.0
NP_001321415.1,NP_001321415,1.4791679,cell_death_HR,False,NP_001321415.1 alpha/beta-Hydrolases superfamily protein [Arabidopsis thaliana],0.0,255,False,0.2083,0.0
NP_175679.2,NP_175679,1.4791664,cell_death_HR,False,NP_175679.2 alpha/beta-Hydrolases superfamily protein [Arabidopsis thaliana],0.0,255,False,0.2083,0.0
NP_001329019.1,NP_001329019,1.4790229,antimicrobial,False,NP_001329019.1 CTP synthase family protein [Arabidopsis thaliana],0.0,466,False,0.1778,0.0043
NP_173839.1,NP_173839,1.4789958,cell_death_HR,False,NP_173839.1 AAA-type ATPase family protein [Arabidopsis thaliana],34.556304931640625,525,False,0.2549,0.0
NP_192121.2,NP_192121,1.4789772,antimicrobial,False,NP_192121.2 CTP synthase family protein [Arabidopsis thaliana],0.0,556,False,0.1667,0.0036
NP_001328419.1,NP_001328419,1.4788144,cell_death_HR,False,NP_001328419.1 Formyl transferase [Arabidopsis thaliana],0.0,254,False,0.1667,0.0
NP_569033.1,NP_569033,1.4787205,cell_death_HR,False,NP_569033.1 thioredoxin domain PLP3B-like protein [Arabidopsis thaliana],0.0,230,False,0.2727,0.0
NP_178634.2,NP_178634,1.4786091,antimicrobial,False,NP_178634.2 aconitase 3 [Arabidopsis thaliana],0.0,990,False,0.1939,0.0
NP_177866.2,NP_177866,1.478506,PR_proteins,False,NP_177866.2 beta-galactosidase 16 [Arabidopsis thaliana],0.0,815,False,0.125,0.0
NP_001320090.1,NP_001320090,1.4781245,PR_proteins,True,NP_001320090.1 Barwin-related endoglucanase [Arabidopsis thaliana],0.0,124,False,0.1818,0.0
NP_001031737.1,NP_001031737,1.4777184,cell_death_HR,False,NP_001031737.1 AFG1-like ATPase family protein [Arabidopsis thaliana],0.0,473,False,0.3261,0.0
NP_567513.4,NP_567513,1.4776621,antimicrobial,True,NP_567513.4 acyl-CoA oxidase 1 [Arabidopsis thaliana],0.0,664,False,0.1385,0.0
NP_001322878.1,NP_001322878,1.4776306,antimicrobial,False,NP_001322878.1 ketose-bisphosphate aldolase class-II family protein [Arabidopsis thaliana],0.0,1314,True,0.2923,0.0
NP_173263.2,NP_173263,1.4776306,antimicrobial,False,NP_173263.2 ketose-bisphosphate aldolase class-II family protein [Arabidopsis thaliana],0.0,1373,True,0.2868,0.0
NP_001190744.1,NP_001190744,1.4775378,antimicrobial,True,NP_001190744.1 acyl-CoA oxidase 1 [Arabidopsis thaliana],0.0,651,False,0.1406,0.0
NP_197655.1,NP_197655,1.4774201,cell_death_HR,False,NP_197655.1 arogenate dehydratase 5 [Arabidopsis thaliana],0.0,425,False,0.2439,0.0
NP_186818.1,NP_186818,1.4774201,cell_death_HR,False,NP_186818.1 alpha/beta-Hydrolases superfamily protein [Arabidopsis thaliana],0.0,361,False,0.2571,0.0
NP_172832.3,NP_172832,1.4770004,cell_death_HR,False,"NP_172832.3 root UVB sensitive protein (Protein of unknown function, DUF647) [Arabidopsis thaliana]",0.0,440,False,0.2558,0.0
NP_568193.1,NP_568193,1.4769882,PR_proteins,False,NP_568193.1 alpha-galactosidase 2 [Arabidopsis thaliana],0.0,396,False,0.0526,0.0
NP_181593.1,NP_181593,1.476535,PR_proteins,False,NP_181593.1 expansin A8 [Arabidopsis thaliana],0.0,253,False,0.375,0.0
NP_001325948.1,NP_001325948,1.476284,cell_death_HR,False,NP_001325948.1 RING domain ligase1 [Arabidopsis thaliana],0.0,489,False,0.4043,0.0723
NP_186814.1,NP_186814,1.476284,cell_death_HR,False,NP_186814.1 RING domain ligase1 [Arabidopsis thaliana],0.0,489,False,0.4043,0.0723
NP_187119.1,NP_187119,1.4759228,cell_death_HR,False,NP_187119.1 CLP-similar protein 3 [Arabidopsis thaliana],0.0,444,False,0.3023,0.0
NP_001327497.1,NP_001327497,1.4759228,cell_death_HR,False,NP_001327497.1 CLP-similar protein 3 [Arabidopsis thaliana],0.0,444,False,0.3023,0.0
NP_001319471.1,NP_001319471,1.4759228,cell_death_HR,False,NP_001319471.1 CLP-similar protein 3 [Arabidopsis thaliana],0.0,444,False,0.3023,0.0
NP_563893.1,NP_563893,1.4752295,cell_death_HR,False,NP_563893.1 CLP protease proteolytic subunit 6 [Arabidopsis thaliana],0.0,271,False,0.3462,0.0
NP_188716.1,NP_188716,1.474364,cell_death_HR,False,"NP_188716.1 Cell differentiation, Rcd1-like protein [Arabidopsis thaliana]",0.0,316,False,0.2667,0.0
NP_172709.2,NP_172709,1.4737369,cell_death_HR,False,NP_172709.2 zinc ion binding protein [Arabidopsis thaliana],0.0,988,False,0.1546,0.0
NP_001189660.1,NP_001189660,1.4732828,PR_proteins,False,NP_001189660.1 beta galactosidase 9 [Arabidopsis thaliana],0.0,859,False,0.0833,0.0
NP_565469.1,NP_565469,1.4732741,cell_death_HR,False,NP_565469.1 NAD(P)-binding Rossmann-fold superfamily protein [Arabidopsis thaliana],0.0,402,False,0.2051,0.0
NP_193488.2,NP_193488,1.473225,cell_death_HR,False,NP_193488.2 Major facilitator superfamily protein [Arabidopsis thaliana],0.0,544,False,0.283,0.0
NP_197853.1,NP_197853,1.472962,cell_death_HR,False,NP_197853.1 Mitochondrial import inner membrane translocase subunit Tim17/Tim22/Tim23 family protein [Arabidopsis thaliana],0.0,259,False,0.25,0.0
NP_001185143.1,NP_001185143,1.472183,antimicrobial,False,NP_001185143.1 acetyl-CoA carboxylase 1 [Arabidopsis thaliana],0.0,2254,True,0.1473,0.0009
NP_174849.2,NP_174849,1.472183,antimicrobial,False,NP_174849.2 acetyl-CoA carboxylase 1 [Arabidopsis thaliana],0.0,2254,True,0.1473,0.0009
NP_001329022.1,NP_001329022,1.4716765,antimicrobial,False,NP_001329022.1 CTP synthase family protein [Arabidopsis thaliana],0.0,484,False,0.1702,0.0042
NP_174498.1,NP_174498,1.4715909,cell_death_HR,False,NP_174498.1 alpha/beta-Hydrolases superfamily protein [Arabidopsis thaliana],0.0,422,False,0.561,0.0
NP_001324569.1,NP_001324569,1.4711727,cell_death_HR,False,NP_001324569.1 alpha/beta-Hydrolases superfamily protein [Arabidopsis thaliana],0.0,293,False,0.25,0.0
NP_187286.1,NP_187286,1.4711682,cell_death_HR,False,"NP_187286.1 dehydroquinate dehydratase, putative / shikimate dehydrogenase [Arabidopsis thaliana]",0.0,603,False,0.2712,0.0
NP_565412.1,NP_565412,1.4708332,antimicrobial,True,NP_565412.1 pantothenate kinase [Arabidopsis thaliana],0.0,367,False,0.1143,0.0
NP_566263.1,NP_566263,1.4701589,PR_proteins,False,NP_566263.1 Pectinacetylesterase family protein [Arabidopsis thaliana],0.0,415,False,0.125,0.0
NP_001329020.1,NP_001329020,1.4699366,antimicrobial,False,NP_001329020.1 CTP synthase family protein [Arabidopsis thaliana],0.0,517,False,0.18,0.0039
NP_974931.1,NP_974931,1.4697508,cell_death_HR,False,NP_974931.1 haloacid dehalogenase-like hydrolase family protein [Arabidopsis thaliana],0.0,507,False,0.1429,0.0
NP_193291.1,NP_193291,1.469743,antimicrobial,False,NP_193291.1 Deoxyxylulose-5-phosphate synthase [Arabidopsis thaliana],0.0,717,False,0.2714,0.0
NP_565632.1,NP_565632,1.4695894,cell_death_HR,False,NP_565632.1 proteasome family protein [Arabidopsis thaliana],0.0,439,False,0.1905,0.0
NP_564338.1,NP_564338,1.4695842,antimicrobial,False,NP_564338.1 carbamoyl phosphate synthetase B [Arabidopsis thaliana],0.0,1187,True,0.1709,0.0
NP_180775.2,NP_180775,1.4687039,cell_death_HR,False,NP_180775.2 S-adenosyl-L-methionine-dependent methyltransferases superfamily protein [Arabidopsis thaliana],0.0,449,False,0.186,0.0
NP_195308.1,NP_195308,1.4682361,antimicrobial,False,NP_195308.1 aconitase 1 [Arabidopsis thaliana],0.0,898,False,0.1591,0.0
NP_195869.1,NP_195869,1.4674311,cell_death_HR,False,NP_195869.1 Heat shock protein 70 (Hsp 70) family protein [Arabidopsis thaliana],0.0,653,False,0.2344,0.0
NP_849486.1,NP_849486,1.4673346,antimicrobial,False,NP_849486.1 lysine-ketoglutarate reductase/saccharopine dehydrogenase bifunctional enzyme [Arabidopsis thaliana],0.0,1064,True,0.219,0.0
NP_001328161.1,NP_001328161,1.4673346,antimicrobial,False,NP_001328161.1 lysine-ketoglutarate reductase/saccharopine dehydrogenase bifunctional enzyme [Arabidopsis thaliana],0.0,1064,True,0.219,0.0
NP_567914.1,NP_567914,1.4673346,antimicrobial,False,NP_567914.1 lysine-ketoglutarate reductase/saccharopine dehydrogenase bifunctional enzyme [Arabidopsis thaliana],0.0,1064,True,0.219,0.0
NP_001118686.1,NP_001118686,1.4670279,antimicrobial,False,NP_001118686.1 topoisomerase II [Arabidopsis thaliana],0.0,1438,True,0.2887,0.0
NP_189031.1,NP_189031,1.4670279,antimicrobial,False,NP_189031.1 topoisomerase II [Arabidopsis thaliana],0.0,1473,True,0.3014,0.0286
NP_173458.1,NP_173458,1.466538,cell_death_HR,False,NP_173458.1 sterol methyltransferase 2 [Arabidopsis thaliana],0.0,361,False,0.0286,0.0
NP_199835.2,NP_199835,1.4664764,cell_death_HR,False,NP_199835.2 protein-l-isoaspartate methyltransferase 2 [Arabidopsis thaliana],0.0,309,False,0.2759,0.0
NP_001077921.1,NP_001077921,1.4663924,antimicrobial,True,NP_001077921.1 hexokinase 2 [Arabidopsis thaliana],0.0,393,False,0.4211,0.0
NP_176627.2,NP_176627,1.4656509,cell_death_HR,True,NP_176627.2 phosphatidylinositol 4-kinase gamma-like protein [Arabidopsis thaliana],0.0,548,False,0.1698,0.0
NP_568167.1,NP_568167,1.465571,cell_death_HR,False,NP_568167.1 NC domain-containing protein-like protein [Arabidopsis thaliana],0.0,259,False,0.0833,0.0
NP_195404.6,NP_195404,1.4652666,cell_death_HR,False,NP_195404.6 LIM domain-containing protein [Arabidopsis thaliana],0.0,553,False,0.2963,0.0
NP_179415.1,NP_179415,1.4630592,cell_death_HR,False,NP_179415.1 pyrophosphorylase 2 [Arabidopsis thaliana],0.0,218,False,0.2,0.0
NP_195052.1,NP_195052,1.4629393,cell_death_HR,False,NP_195052.1 Transducin family protein / WD-40 repeat family protein [Arabidopsis thaliana],0.0,447,False,0.1163,0.0
NP_001189715.1,NP_001189715,1.4622751,cell_death_HR,False,NP_001189715.1 delta1-pyrroline-5-carboxylate synthase 1 [Arabidopsis thaliana],0.0,714,False,0.3,0.0
NP_001329029.1,NP_001329029,1.4621513,antimicrobial,False,NP_001329029.1 xanthine dehydrogenase 2 [Arabidopsis thaliana],0.0,1269,True,0.2,0.0
NP_001323991.1,NP_001323991,1.4620199,cell_death_HR,False,NP_001323991.1 Peptide chain release factor 1 [Arabidopsis thaliana],0.0,330,False,0.25,0.0
NP_001118301.1,NP_001118301,1.46192,cell_death_HR,False,NP_001118301.1 monogalactosyldiacylglycerol synthase type C [Arabidopsis thaliana],0.0,362,False,0.2,0.0
NP_564497.1,NP_564497,1.4607623,PR_proteins,False,NP_564497.1 Granulin repeat cysteine protease family protein [Arabidopsis thaliana],0.0,462,False,0.1778,0.0
NP_178171.1,NP_178171,1.4602352,antimicrobial,False,NP_178171.1 isopropylmalate dehydrogenase 2 [Arabidopsis thaliana],0.0,405,False,0.1538,0.0
NP_188498.1,NP_188498,1.4600569,cell_death_HR,True,NP_188498.1 Amino acid kinase family protein [Arabidopsis thaliana],0.0,339,False,0.4375,0.006
NP_001031860.1,NP_001031860,1.4600213,antimicrobial,False,NP_001031860.1 peroxisomal NAD-malate dehydrogenase 2 [Arabidopsis thaliana],0.0,333,False,0.3125,0.0
NP_199012.2,NP_199012,1.4596695,cell_death_HR,False,NP_199012.2 Metal-dependent protein hydrolase [Arabidopsis thaliana],0.0,373,False,0.1667,0.0
NP_194642.1,NP_194642,1.4595289,antimicrobial,True,NP_194642.1 hexokinase 1 [Arabidopsis thaliana],0.0,496,False,0.25,0.0
NP_850090.1,NP_850090,1.4588517,cell_death_HR,False,"NP_850090.1 Polynucleotidyl transferase, ribonuclease H-like superfamily protein [Arabidopsis thaliana]",0.0,222,False,0.0952,0.0
NP_001325501.1,NP_001325501,1.4584843,cell_death_HR,False,"NP_001325501.1 Tyrosyl-tRNA synthetase, class Ib, bacterial/mitochondrial [Arabidopsis thaliana]",0.0,511,False,0.26,0.0
NP_186915.1,NP_186915,1.4584843,cell_death_HR,False,"NP_186915.1 Tyrosyl-tRNA synthetase, class Ib, bacterial/mitochondrial [Arabidopsis thaliana]",0.0,511,False,0.26,0.0
NP_563693.1,NP_563693,1.4583521,cell_death_HR,False,NP_563693.1 non-intrinsic ABC protein 4 [Arabidopsis thaliana],0.0,272,False,0.3462,0.0075
NP_566258.1,NP_566258,1.4579165,antimicrobial,False,NP_566258.1 lon protease 3 [Arabidopsis thaliana],22.843122482299805,924,False,0.1868,0.0
NP_001329473.1,NP_001329473,1.457786,antimicrobial,False,NP_001329473.1 L-tyrosine decarboxylase [Arabidopsis thaliana],0.0,566,False,0.1455,0.0
NP_027726.1,NP_027726,1.4576098,antimicrobial,False,NP_027726.1 NagB/RpiA/CoA transferase-like superfamily protein [Arabidopsis thaliana],0.0,374,False,0.2778,0.0
NP_193436.2,NP_193436,1.457355,PR_proteins,False,NP_193436.2 expansin-like B1 [Arabidopsis thaliana],0.0,250,False,0.2083,0.0
NP_001329369.1,NP_001329369,1.4570608,cell_death_HR,False,NP_001329369.1 NAD(P)-binding Rossmann-fold superfamily protein [Arabidopsis thaliana],0.0,318,False,0.1667,0.0
NP_001190422.1,NP_001190422,1.4570056,antimicrobial,False,NP_001190422.1 acetyl Co-enzyme a carboxylase biotin carboxylase subunit [Arabidopsis thaliana],0.0,555,False,0.2037,0.0
NP_563764.1,NP_563764,1.4567286,PR_proteins,False,NP_563764.1 Cysteine proteinases superfamily protein [Arabidopsis thaliana],0.0,343,False,0.1818,0.0
NP_974576.1,NP_974576,1.4561784,cell_death_HR,True,NP_974576.1 aspartate kinase-homoserine dehydrogenase ii [Arabidopsis thaliana],0.0,916,False,0.1667,0.0
NP_849857.1,NP_849857,1.4557588,cell_death_HR,False,NP_849857.1 Copine (Calcium-dependent phospholipid-binding protein) family [Arabidopsis thaliana],0.0,453,False,0.1818,0.0
NP_001326567.1,NP_001326567,1.4555473,PR_proteins,False,NP_001326567.1 alpha-L-arabinofuranosidase 1 [Arabidopsis thaliana],0.0,697,False,0.1324,0.0
NP_001326565.1,NP_001326565,1.4555473,PR_proteins,False,NP_001326565.1 alpha-L-arabinofuranosidase 1 [Arabidopsis thaliana],0.0,697,False,0.1324,0.0
NP_190058.1,NP_190058,1.4551854,cell_death_HR,False,NP_190058.1 arogenate dehydratase 4 [Arabidopsis thaliana],0.0,424,False,0.2195,0.0
NP_974329.1,NP_974329,1.4551193,cell_death_HR,False,NP_974329.1 RHOMBOID-like protein 14 [Arabidopsis thaliana],0.0,239,False,0.4545,0.0
NP_001117543.4,NP_001117543,1.4541017,antimicrobial,False,NP_001117543.4 Peptidase M1 family protein [Arabidopsis thaliana],0.0,987,False,0.1959,0.0
NP_195870.1,NP_195870,1.4539064,cell_death_HR,False,NP_195870.1 heat shock cognate protein 70-1 [Arabidopsis thaliana],0.0,651,False,0.2188,0.0
NP_850620.2,NP_850620,1.4536942,antimicrobial,False,NP_850620.2 1-deoxy-D-xylulose 5-phosphate synthase 1 [Arabidopsis thaliana],0.0,641,False,0.1746,0.0
NP_191710.1,NP_191710,1.4532008,cell_death_HR,False,NP_191710.1 ACC synthase 1 [Arabidopsis thaliana],0.0,488,False,0.2553,0.0
NP_001031206.1,NP_001031206,1.4530225,cell_death_HR,False,NP_001031206.1 beta carbonic anhydrase 6 [Arabidopsis thaliana],0.0,239,False,0.0909,0.0
NP_001320705.1,NP_001320705,1.4530178,cell_death_HR,False,NP_001320705.1 beta carbonic anhydrase 6 [Arabidopsis thaliana],0.0,239,False,0.0909,0.0
NP_001320704.1,NP_001320704,1.4530178,cell_death_HR,False,NP_001320704.1 beta carbonic anhydrase 6 [Arabidopsis thaliana],0.0,239,False,0.0909,0.0
NP_175439.2,NP_175439,1.4530036,antimicrobial,False,NP_175439.2 Alanyl-tRNA synthetase [Arabidopsis thaliana],0.0,1003,False,0.202,0.0
NP_176105.1,NP_176105,1.4529656,cell_death_HR,False,NP_176105.1 ATP phosphoribosyl transferase 1 [Arabidopsis thaliana],0.0,411,False,0.325,0.0
NP_001185186.2,NP_001185186,1.4529643,antimicrobial,False,NP_001185186.2 Alanyl-tRNA synthetase [Arabidopsis thaliana],0.0,1011,False,0.21,0.0
NP_001319603.1,NP_001319603,1.452818,cell_death_HR,True,NP_001319603.1 NAD kinase 1 [Arabidopsis thaliana],0.0,479,False,0.1522,0.0
NP_566686.2,NP_566686,1.4527236,antimicrobial,False,NP_566686.2 1-deoxy-D-xylulose 5-phosphate synthase 1 [Arabidopsis thaliana],0.0,640,False,0.1587,0.0
NP_195053.1,NP_195053,1.4523507,cell_death_HR,False,NP_195053.1 Transducin family protein / WD-40 repeat family protein [Arabidopsis thaliana],0.0,457,False,0.1136,0.0
NP_175970.1,NP_175970,1.4518772,cell_death_HR,False,NP_175970.1 seed imbibition 1 [Arabidopsis thaliana],0.0,754,False,0.1622,0.0
NP_566045.1,NP_566045,1.4516773,cell_death_HR,False,NP_566045.1 RING/U-box superfamily protein [Arabidopsis thaliana],0.0,240,False,0.3043,0.0
NP_001318171.1,NP_001318171,1.451433,cell_death_HR,False,NP_001318171.1 phosphatidic acid phosphatase 1 [Arabidopsis thaliana],0.0,327,False,0.1613,0.0
NP_001323950.1,NP_001323950,1.451433,cell_death_HR,False,NP_001323950.1 phosphatidic acid phosphatase 1 [Arabidopsis thaliana],0.0,327,False,0.1613,0.0
NP_565255.1,NP_565255,1.4514314,cell_death_HR,False,NP_565255.1 phosphatidic acid phosphatase 1 [Arabidopsis thaliana],0.0,327,False,0.1613,0.0
NP_179037.2,NP_179037,1.4513469,cell_death_HR,False,NP_179037.2 proline iminopeptidase [Arabidopsis thaliana],0.0,380,False,0.0811,0.0
NP_195611.1,NP_195611,1.4502842,PR_proteins,False,NP_195611.1 glycosyl hydrolase 9B17 [Arabidopsis thaliana],0.0,493,False,0.2708,0.0
NP_179576.1,NP_179576,1.4492062,antimicrobial,True,NP_179576.1 hexokinase 2 [Arabidopsis thaliana],0.0,502,False,0.2857,0.0
NP_974083.1,NP_974083,1.4488947,antimicrobial,False,NP_974083.1 Peptidase M1 family protein [Arabidopsis thaliana],0.0,945,False,0.1935,0.0
NP_196079.1,NP_196079,1.4486761,antimicrobial,False,NP_196079.1 sulfite reductase [Arabidopsis thaliana],0.0,642,False,0.1905,0.0
NP_201201.2,NP_201201,1.4481816,cell_death_HR,False,NP_201201.2 DNA polymerase delta subunit 1 [Arabidopsis thaliana],0.0,1095,True,0.2222,0.0
NP_566796.2,NP_566796,1.4479226,antimicrobial,False,NP_566796.2 glyceraldehyde 3-phosphate dehydrogenase A subunit [Arabidopsis thaliana],0.0,396,False,0.4211,0.0
NP_001190861.1,NP_001190861,1.4473468,antimicrobial,False,NP_001190861.1 L-tyrosine decarboxylase [Arabidopsis thaliana],0.0,547,False,0.1887,0.0
NP_198112.2,NP_198112,1.4473454,cell_death_HR,False,NP_198112.2 long-chain acyl-CoA synthetase 7 [Arabidopsis thaliana],0.0,700,False,0.1304,0.0
NP_567763.2,NP_567763,1.4472257,antimicrobial,False,NP_567763.2 aconitase 2 [Arabidopsis thaliana],0.0,995,False,0.2245,0.0
NP_564372.3,NP_564372,1.446689,cell_death_HR,False,NP_564372.3 N-acetylglucosamine-1-phosphate uridylyltransferase 1 [Arabidopsis thaliana],0.0,505,False,0.2245,0.0
NP_001189714.1,NP_001189714,1.4466536,cell_death_HR,False,NP_001189714.1 delta1-pyrroline-5-carboxylate synthase 1 [Arabidopsis thaliana],0.0,717,False,0.2286,0.0
NP_181510.1,NP_181510,1.4466536,cell_death_HR,False,NP_181510.1 delta1-pyrroline-5-carboxylate synthase 1 [Arabidopsis thaliana],0.0,717,False,0.2286,0.0
NP_974597.1,NP_974597,1.4463769,cell_death_HR,False,NP_974597.1 PLAC8 family protein [Arabidopsis thaliana],0.0,199,False,0.3333,0.0515
NP_177254.1,NP_177254,1.446329,antimicrobial,False,NP_177254.1 Class II aminoacyl-tRNA and biotin synthetases superfamily protein [Arabidopsis thaliana],0.0,571,False,0.2143,0.0
NP_001330025.1,NP_001330025,1.4460434,cell_death_HR,False,NP_001330025.1 alpha/beta-Hydrolases superfamily protein [Arabidopsis thaliana],0.0,383,False,0.1081,0.0
NP_190525.1,NP_190525,1.4460233,cell_death_HR,False,NP_190525.1 Mitochondrial import inner membrane translocase subunit Tim17/Tim22/Tim23 family protein [Arabidopsis thaliana],0.0,261,False,0.28,0.0
NP_974084.1,NP_974084,1.445636,cell_death_HR,False,NP_974084.1 PLAC8 family protein [Arabidopsis thaliana],0.0,232,False,0.2273,0.0
NP_176568.1,NP_176568,1.445636,cell_death_HR,False,NP_176568.1 PLAC8 family protein [Arabidopsis thaliana],0.0,232,False,0.2273,0.0
NP_001185304.1,NP_001185304,1.445636,cell_death_HR,False,NP_001185304.1 PLAC8 family protein [Arabidopsis thaliana],0.0,232,False,0.2273,0.0
NP_189398.1,NP_189398,1.4455252,antimicrobial,False,NP_189398.1 Nucleotidylyl transferase superfamily protein [Arabidopsis thaliana],0.0,389,False,0.2162,0.0
NP_001078461.1,NP_001078461,1.4454968,antimicrobial,False,NP_001078461.1 L-tyrosine decarboxylase [Arabidopsis thaliana],0.0,547,False,0.1698,0.0
NP_001328002.1,NP_001328002,1.4454608,cell_death_HR,False,NP_001328002.1 mitochondrial heat shock protein 70-1 [Arabidopsis thaliana],0.0,682,False,0.209,0.0
NP_195504.2,NP_195504,1.4454608,cell_death_HR,False,NP_195504.2 mitochondrial heat shock protein 70-1 [Arabidopsis thaliana],0.0,682,False,0.209,0.0
NP_193616.2,NP_193616,1.4451902,cell_death_HR,False,NP_193616.2 NAD(P)-binding Rossmann-fold superfamily protein [Arabidopsis thaliana],0.0,596,False,0.2586,0.0
NP_001331265.1,NP_001331265,1.4451114,antimicrobial,False,NP_001331265.1 NADP-malic enzyme 3 [Arabidopsis thaliana],0.0,530,False,0.2115,0.0
NP_566041.2,NP_566041,1.4449557,antimicrobial,False,NP_566041.2 Transketolase [Arabidopsis thaliana],0.0,741,False,0.2055,0.0
NP_001324258.1,NP_001324258,1.4449557,antimicrobial,False,NP_001324258.1 Transketolase [Arabidopsis thaliana],0.0,741,False,0.2055,0.0
NP_001031880.1,NP_001031880,1.4447747,antimicrobial,False,NP_001031880.1 isopropylmalate dehydrogenase 1 [Arabidopsis thaliana],0.0,388,False,0.2703,0.0
NP_192106.3,NP_192106,1.444531,antimicrobial,False,NP_192106.3 stachyose synthase [Arabidopsis thaliana],0.0,876,False,0.0814,0.0
NP_849575.1,NP_849575,1.4440403,cell_death_HR,False,NP_849575.1 P-loop containing nucleoside triphosphate hydrolases superfamily protein [Arabidopsis thaliana],0.0,353,False,0.2647,0.0
NP_563640.1,NP_563640,1.4440358,cell_death_HR,False,NP_563640.1 P-loop containing nucleoside triphosphate hydrolases superfamily protein [Arabidopsis thaliana],0.0,353,False,0.2647,0.0
NP_001077445.1,NP_001077445,1.4440358,cell_death_HR,False,NP_001077445.1 P-loop containing nucleoside triphosphate hydrolases superfamily protein [Arabidopsis thaliana],0.0,353,False,0.2647,0.0
NP_001322487.1,NP_001322487,1.4439049,antimicrobial,False,NP_001322487.1 Peptidase M1 family protein [Arabidopsis thaliana],0.0,975,False,0.1875,0.0
NP_001319311.1,NP_001319311,1.4439049,antimicrobial,False,NP_001319311.1 Peptidase M1 family protein [Arabidopsis thaliana],0.0,975,False,0.1875,0.0
NP_194597.1,NP_194597,1.4437838,antimicrobial,False,NP_194597.1 L-tyrosine decarboxylase [Arabidopsis thaliana],0.0,545,False,0.1698,0.0
NP_849823.1,NP_849823,1.4437698,cell_death_HR,False,NP_849823.1 beta carbonic anhydrase 6 [Arabidopsis thaliana],0.0,256,False,0.0833,0.0
NP_567965.1,NP_567965,1.443455,antimicrobial,False,NP_567965.1 4-hydroxy-3-methylbut-2-enyl diphosphate reductase [Arabidopsis thaliana],0.0,466,False,0.1333,0.0
NP_565649.1,NP_565649,1.4433883,PR_proteins,False,NP_565649.1 Cysteine proteinases superfamily protein [Arabidopsis thaliana],0.0,348,False,0.2121,0.0
NP_188408.1,NP_188408,1.4432961,antimicrobial,False,NP_188408.1 pyrimidine 1 [Arabidopsis thaliana],0.0,426,False,0.122,0.0
NP_192877.1,NP_192877,1.4432595,cell_death_HR,False,NP_192877.1 Adaptin family protein [Arabidopsis thaliana],0.0,894,False,0.2614,0.0
NP_001331969.1,NP_001331969,1.4430304,cell_death_HR,False,NP_001331969.1 phosphopantothenate-cysteine ligase-like protein [Arabidopsis thaliana],0.0,280,False,0.2593,0.0
NP_197960.1,NP_197960,1.4430286,antimicrobial,False,NP_197960.1 NADP-malic enzyme 3 [Arabidopsis thaliana],0.0,588,False,0.2105,0.0
NP_181984.1,NP_181984,1.4428335,PR_proteins,False,NP_181984.1 glycosyl hydrolase 9B11 [Arabidopsis thaliana],0.0,491,False,0.2917,0.0
NP_188186.1,NP_188186,1.4424355,cell_death_HR,False,NP_188186.1 alpha/beta-Hydrolases superfamily protein [Arabidopsis thaliana],0.0,255,False,0.3333,0.0
NP_198386.1,NP_198386,1.4423821,antimicrobial,False,NP_198386.1 acetyl Co-enzyme a carboxylase biotin carboxylase subunit [Arabidopsis thaliana],0.0,537,False,0.2308,0.0
NP_001326000.1,NP_001326000,1.4421904,PR_proteins,False,NP_001326000.1 Cellulase (glycosyl hydrolase family 5) protein [Arabidopsis thaliana],0.0,534,False,0.1923,0.0
NP_173055.1,NP_173055,1.4420835,cell_death_HR,False,NP_173055.1 heat shock protein 70B [Arabidopsis thaliana],0.0,646,False,0.2063,0.0
NP_182225.3,NP_182225,1.4419466,cell_death_HR,False,NP_182225.3 Peptide chain release factor 1 [Arabidopsis thaliana],0.0,413,False,0.25,0.0
NP_196943.1,NP_196943,1.4416637,cell_death_HR,False,NP_196943.1 alpha/beta-Hydrolases superfamily protein [Arabidopsis thaliana],0.0,369,False,0.2857,0.0055
NP_001330024.1,NP_001330024,1.4413348,cell_death_HR,False,NP_001330024.1 alpha/beta-Hydrolases superfamily protein [Arabidopsis thaliana],0.0,351,False,0.1471,0.0
NP_568327.1,NP_568327,1.4413348,cell_death_HR,False,NP_568327.1 alpha/beta-Hydrolases superfamily protein [Arabidopsis thaliana],0.0,351,False,0.1471,0.0
NP_173240.2,NP_173240,1.4405,cell_death_HR,False,NP_173240.2 poly(A) polymerase 1 [Arabidopsis thaliana],0.0,713,False,0.1286,0.0028
NP_001323965.1,NP_001323965,1.4403356,cell_death_HR,False,NP_001323965.1 monogalactosyldiacylglycerol synthase type C [Arabidopsis thaliana],0.0,372,False,0.1944,0.0
NP_193706.2,NP_193706,1.4400958,cell_death_HR,True,NP_193706.2 aspartate kinase-homoserine dehydrogenase ii [Arabidopsis thaliana],0.0,859,False,0.1786,0.0
NP_001031426.1,NP_001031426,1.439573,cell_death_HR,False,"NP_001031426.1 Polynucleotidyl transferase, ribonuclease H-like superfamily protein [Arabidopsis thaliana]",0.0,218,False,0.2,0.0
NP_567103.1,NP_567103,1.439549,antimicrobial,False,NP_567103.1 Transketolase [Arabidopsis thaliana],0.0,741,False,0.2055,0.0
NP_190808.1,NP_190808,1.4392934,cell_death_HR,False,NP_190808.1 syntaxin of plants 122 [Arabidopsis thaliana],0.0,341,False,0.3636,0.0
NP_001185439.1,NP_001185439,1.4388937,cell_death_HR,False,NP_001185439.1 Rad23 UV excision repair protein family [Arabidopsis thaliana],0.0,395,False,0.5,0.0
NP_181985.1,NP_181985,1.4388915,PR_proteins,False,NP_181985.1 glycosyl hydrolase 9B12 [Arabidopsis thaliana],0.0,492,False,0.2708,0.0
NP_568127.1,NP_568127,1.4386019,antimicrobial,False,NP_568127.1 Aldolase superfamily protein [Arabidopsis thaliana],0.0,393,False,0.1579,0.0
NP_564291.1,NP_564291,1.4375747,cell_death_HR,False,"NP_564291.1 lipase, putative (DUF620) [Arabidopsis thaliana]",0.0,433,False,0.3095,0.0
NP_001190145.1,NP_001190145,1.4375589,antimicrobial,False,NP_001190145.1 Transketolase [Arabidopsis thaliana],0.0,740,False,0.1918,0.0
NP_182264.1,NP_182264,1.4372703,cell_death_HR,False,NP_182264.1 Ribosomal RNA adenine dimethylase family protein [Arabidopsis thaliana],0.0,353,False,0.2941,0.0
NP_001190862.1,NP_001190862,1.4372207,antimicrobial,False,NP_001190862.1 L-tyrosine decarboxylase [Arabidopsis thaliana],0.0,538,False,0.1538,0.0
NP_001077883.1,NP_001077883,1.4370713,antimicrobial,False,NP_001077883.1 NagB/RpiA/CoA transferase-like superfamily protein [Arabidopsis thaliana],0.0,328,False,0.3226,0.0
NP_188809.2,NP_188809,1.4369737,antimicrobial,False,NP_188809.2 isocitrate lyase [Arabidopsis thaliana],0.0,576,False,0.125,0.0
NP_196728.1,NP_196728,1.4366072,antimicrobial,False,NP_196728.1 NADP-malic enzyme 2 [Arabidopsis thaliana],0.0,588,False,0.1754,0.0
NP_189245.1,NP_189245,1.4364125,PR_proteins,False,NP_189245.1 Cellulase (glycosyl hydrolase family 5) protein [Arabidopsis thaliana],0.0,508,False,0.1429,0.0
NP_001328014.1,NP_001328014,1.4361097,cell_death_HR,False,NP_001328014.1 Adaptin family protein [Arabidopsis thaliana],0.0,799,False,0.2692,0.0
NP_001031339.1,NP_001031339,1.4357499,antimicrobial,False,NP_001031339.1 NagB/RpiA/CoA transferase-like superfamily protein [Arabidopsis thaliana],0.0,326,False,0.2903,0.0
NP_973428.1,NP_973428,1.4357499,antimicrobial,False,NP_973428.1 NagB/RpiA/CoA transferase-like superfamily protein [Arabidopsis thaliana],0.0,326,False,0.2903,0.0
NP_173213.2,NP_173213,1.4350659,cell_death_HR,False,NP_173213.2 Pyridoxal phosphate phosphatase-related protein [Arabidopsis thaliana],0.0,279,False,0.2692,0.0
NP_851100.1,NP_851100,1.4348353,cell_death_HR,True,NP_851100.1 Serine/threonine-protein kinase Rio1 [Arabidopsis thaliana],0.0,531,False,0.3077,0.0076
NP_180956.2,NP_180956,1.4344171,cell_death_HR,False,NP_180956.2 maternal effect embryo arrest 18 [Arabidopsis thaliana],0.0,445,False,0.2093,0.0
NP_187555.1,NP_187555,1.4342281,cell_death_HR,False,NP_187555.1 Heat shock protein 70 (Hsp 70) family protein [Arabidopsis thaliana],0.0,649,False,0.2222,0.0
NP_001319509.1,NP_001319509,1.4342281,cell_death_HR,False,NP_001319509.1 Heat shock protein 70 (Hsp 70) family protein [Arabidopsis thaliana],0.0,649,False,0.2222,0.0
NP_001189847.1,NP_001189847,1.4342281,cell_death_HR,False,NP_001189847.1 Heat shock protein 70 (Hsp 70) family protein [Arabidopsis thaliana],0.0,649,False,0.2222,0.0
NP_001319510.1,NP_001319510,1.4342281,cell_death_HR,False,NP_001319510.1 Heat shock protein 70 (Hsp 70) family protein [Arabidopsis thaliana],0.0,649,False,0.2222,0.0
NP_565461.5,NP_565461,1.4339345,cell_death_HR,False,NP_565461.5 Putative N-acetyl-gamma-glutamyl-phosphate reductase [Arabidopsis thaliana],0.0,389,False,0.0811,0.0
NP_001324722.1,NP_001324722,1.4339345,cell_death_HR,False,NP_001324722.1 Putative N-acetyl-gamma-glutamyl-phosphate reductase [Arabidopsis thaliana],0.0,389,False,0.0811,0.0
NP_974844.1,NP_974844,1.4338542,antimicrobial,False,NP_974844.1 Pyridoxal-5'-phosphate-dependent enzyme family protein [Arabidopsis thaliana],0.0,465,False,0.1778,0.0
NP_001328267.1,NP_001328267,1.4337255,cell_death_HR,False,NP_001328267.1 PLAC8 family protein [Arabidopsis thaliana],0.0,177,False,0.25,0.0
NP_194324.2,NP_194324,1.4337131,cell_death_HR,False,NP_194324.2 ENTH/ANTH/VHS superfamily protein [Arabidopsis thaliana],0.0,601,False,0.3559,0.0067
NP_567984.1,NP_567984,1.4335822,antimicrobial,True,NP_567984.1 pantothenate kinase [Arabidopsis thaliana],0.0,367,False,0.0571,0.0
NP_001328325.1,NP_001328325,1.4335822,antimicrobial,True,NP_001328325.1 pantothenate kinase [Arabidopsis thaliana],0.0,367,False,0.0571,0.0
NP_001332570.1,NP_001332570,1.4334334,PR_proteins,False,NP_001332570.1 expansin A14 [Arabidopsis thaliana],0.0,302,False,0.4483,0.0
NP_001190326.1,NP_001190326,1.4329072,antimicrobial,False,NP_001190326.1 phosphoglucosamine mutase family protein [Arabidopsis thaliana],0.0,614,False,0.15,0.0
NP_001118846.1,NP_001118846,1.4327093,cell_death_HR,False,NP_001118846.1 delta 1-pyrroline-5-carboxylate synthase 2 [Arabidopsis thaliana],0.0,622,False,0.2459,0.0
NP_191109.1,NP_191109,1.4324971,PR_proteins,False,NP_191109.1 expansin A16 [Arabidopsis thaliana],0.0,260,False,0.28,0.0
NP_182226.1,NP_182226,1.4324955,PR_proteins,False,NP_182226.1 Plant invertase/pectin methylesterase inhibitor superfamily [Arabidopsis thaliana],0.0,588,False,0.1579,0.0
NP_172383.3,NP_172383,1.4318807,cell_death_HR,True,NP_172383.3 respiratory burst oxidase-like protein [Arabidopsis thaliana],0.0,622,False,0.2623,0.0
NP_563711.1,NP_563711,1.4317101,antimicrobial,True,NP_563711.1 aldehyde oxidase 4 [Arabidopsis thaliana],0.0,1337,True,0.1288,0.0
NP_001329141.1,NP_001329141,1.4312176,PR_proteins,False,NP_001329141.1 glycosyl hydrolase 9B16 [Arabidopsis thaliana],0.0,494,False,0.1875,0.0
NP_200914.2,NP_200914,1.4306663,cell_death_HR,False,NP_200914.2 histone deacetylase 5 [Arabidopsis thaliana],0.0,660,False,0.1538,0.0
NP_190491.1,NP_190491,1.4302713,PR_proteins,False,NP_190491.1 Plant invertase/pectin methylesterase inhibitor superfamily [Arabidopsis thaliana],0.0,598,False,0.2759,0.0
NP_195577.2,NP_195577,1.4302546,PR_proteins,False,NP_195577.2 Glycosyl hydrolase family 10 protein [Arabidopsis thaliana],0.0,562,False,0.1273,0.0
NP_001320078.1,NP_001320078,1.4298546,cell_death_HR,False,NP_001320078.1 SLAC1 homologue 2 [Arabidopsis thaliana],0.0,519,False,0.24,0.0
NP_567792.1,NP_567792,1.4298546,cell_death_HR,False,NP_567792.1 SLAC1 homologue 2 [Arabidopsis thaliana],0.0,519,False,0.24,0.0
NP_180461.1,NP_180461,1.4294282,PR_proteins,False,NP_180461.1 expansin A6 [Arabidopsis thaliana],0.0,257,False,0.3333,0.0
NP_174473.1,NP_174473,1.4291035,antimicrobial,True,NP_174473.1 GHMP kinase family protein [Arabidopsis thaliana],0.0,505,False,0.3469,0.0
NP_188048.1,NP_188048,1.4289534,PR_proteins,False,NP_188048.1 pectin methylesterase 3 [Arabidopsis thaliana],0.0,592,False,0.2931,0.0
NP_197752.1,NP_197752,1.4285818,cell_death_HR,False,NP_197752.1 phosphate deficiency response 2 [Arabidopsis thaliana],0.0,1179,True,0.1552,0.0
NP_001324268.1,NP_001324268,1.4281816,antimicrobial,True,NP_001324268.1 abscisic aldehyde oxidase 3 [Arabidopsis thaliana],0.0,1216,True,0.2,0.0
NP_001324271.1,NP_001324271,1.4281816,antimicrobial,True,NP_001324271.1 abscisic aldehyde oxidase 3 [Arabidopsis thaliana],0.0,1060,True,0.181,0.0
NP_001324269.1,NP_001324269,1.4281816,antimicrobial,True,NP_001324269.1 abscisic aldehyde oxidase 3 [Arabidopsis thaliana],0.0,1216,True,0.2,0.0
NP_175220.2,NP_175220,1.4280463,antimicrobial,True,NP_175220.2 hexokinase 3 [Arabidopsis thaliana],0.0,493,False,0.1875,0.0
NP_172750.1,NP_172750,1.427768,antimicrobial,False,NP_172750.1 glyceraldehyde 3-phosphate dehydrogenase A subunit 2 [Arabidopsis thaliana],0.0,399,False,0.3421,0.0
NP_200149.1,NP_200149,1.4277371,PR_proteins,False,NP_200149.1 pectin methylesterase PCR fragment F [Arabidopsis thaliana],0.0,587,False,0.2632,0.0
NP_001320625.1,NP_001320625,1.4275839,antimicrobial,False,"NP_001320625.1 Beta-glucosidase, GBA2 type family protein [Arabidopsis thaliana]",0.0,851,False,0.1071,0.0
NP_179588.1,NP_179588,1.427274,PR_proteins,True,"NP_179588.1 CAP (Cysteine-rich secretory proteins, Antigen 5, and Pathogenesis-related 1 protein) superfamily protein [Arabidopsis thaliana]",167.90504455566406,165,False,0.1333,0.0
NP_181300.1,NP_181300,1.4272174,PR_proteins,True,NP_181300.1 Barwin-like endoglucanases superfamily protein [Arabidopsis thaliana],0.0,262,False,0.32,0.0
NP_187337.2,NP_187337,1.4269264,antimicrobial,False,NP_187337.2 acyl-CoA dehydrogenase-like protein [Arabidopsis thaliana],15.357175827026367,824,False,0.1358,0.0
NP_974780.1,NP_974780,1.4267417,cell_death_HR,False,NP_974780.1 RING domain ligase2 [Arabidopsis thaliana],0.0,468,False,0.3778,0.0
NP_974779.1,NP_974779,1.4267417,cell_death_HR,False,NP_974779.1 RING domain ligase2 [Arabidopsis thaliana],0.0,468,False,0.3778,0.0
NP_196946.1,NP_196946,1.4267417,cell_death_HR,False,NP_196946.1 RING domain ligase2 [Arabidopsis thaliana],0.0,468,False,0.3778,0.0
NP_850818.1,NP_850818,1.4267417,cell_death_HR,False,NP_850818.1 RING domain ligase2 [Arabidopsis thaliana],0.0,468,False,0.3778,0.0
NP_181982.1,NP_181982,1.4266808,PR_proteins,False,NP_181982.1 glycosyl hydrolase 9B9 [Arabidopsis thaliana],0.0,491,False,0.1458,0.0
NP_180009.2,NP_180009,1.4265587,cell_death_HR,False,NP_180009.2 alpha/beta-Hydrolases superfamily protein [Arabidopsis thaliana],0.0,286,False,0.0741,0.0
NP_190398.1,NP_190398,1.4262974,cell_death_HR,False,NP_190398.1 anaphase-promoting complex subunit 8 [Arabidopsis thaliana],0.0,579,False,0.1786,0.0
NP_849920.1,NP_849920,1.4260579,antimicrobial,False,NP_849920.1 Nucleotidylyl transferase superfamily protein [Arabidopsis thaliana],0.0,388,False,0.2703,0.0
NP_189034.1,NP_189034,1.4258078,PR_proteins,False,NP_189034.1 beta-amylase 1 [Arabidopsis thaliana],0.0,575,False,0.1786,0.0035
NP_001119125.1,NP_001119125,1.4256427,antimicrobial,False,NP_001119125.1 aconitase 1 [Arabidopsis thaliana],0.0,795,False,0.1282,0.0
NP_001323952.1,NP_001323952,1.4251477,cell_death_HR,False,NP_001323952.1 phosphatidic acid phosphatase 1 [Arabidopsis thaliana],0.0,317,False,0.1667,0.0
NP_201475.4,NP_201475,1.42498,cell_death_HR,False,NP_201475.4 spindle assembly abnormal protein (DUF620) [Arabidopsis thaliana],0.0,370,False,0.0833,0.0
NP_178231.2,NP_178231,1.4248388,antimicrobial,False,NP_178231.2 Nucleotidylyl transferase superfamily protein [Arabidopsis thaliana],0.0,387,False,0.2162,0.0
NP_001323467.1,NP_001323467,1.4248294,cell_death_HR,False,NP_001323467.1 maternal effect embryo arrest 18 [Arabidopsis thaliana],0.0,474,False,0.1957,0.0
NP_200307.1,NP_200307,1.4247963,antimicrobial,False,NP_200307.1 pyruvate decarboxylase-2 [Arabidopsis thaliana],0.0,607,False,0.1356,0.0
NP_173070.1,NP_173070,1.4245573,cell_death_HR,False,NP_173070.1 Rad23 UV excision repair protein family [Arabidopsis thaliana],0.0,368,False,0.3714,0.0
NP_851144.1,NP_851144,1.4244559,cell_death_HR,False,NP_851144.1 Plant VAMP (vesicle-associated membrane protein) family protein [Arabidopsis thaliana],0.0,220,False,0.381,0.0
NP_199529.1,NP_199529,1.4244559,cell_death_HR,False,NP_199529.1 Plant VAMP (vesicle-associated membrane protein) family protein [Arabidopsis thaliana],0.0,220,False,0.381,0.0
NP_001324270.1,NP_001324270,1.424326,antimicrobial,True,NP_001324270.1 abscisic aldehyde oxidase 3 [Arabidopsis thaliana],0.0,1176,True,0.1207,0.0
NP_001077966.1,NP_001077966,1.424326,antimicrobial,True,NP_001077966.1 abscisic aldehyde oxidase 3 [Arabidopsis thaliana],0.0,1332,True,0.1439,0.0
NP_180283.1,NP_180283,1.424326,antimicrobial,True,NP_180283.1 abscisic aldehyde oxidase 3 [Arabidopsis thaliana],0.0,1332,True,0.1439,0.0
NP_001078156.1,NP_001078156,1.4242599,antimicrobial,False,NP_001078156.1 Lactate/malate dehydrogenase family protein [Arabidopsis thaliana],0.0,316,False,0.3333,0.0
NP_197447.2,NP_197447,1.4241638,cell_death_HR,False,NP_197447.2 nudix hydrolase homolog 20 [Arabidopsis thaliana],0.0,374,False,0.1667,0.0
NP_001117280.1,NP_001117280,1.4237733,cell_death_HR,False,"NP_001117280.1 root UVB sensitive protein (Protein of unknown function, DUF647) [Arabidopsis thaliana]",0.0,353,False,0.2353,0.0
NP_001324082.1,NP_001324082,1.4236395,cell_death_HR,False,NP_001324082.1 potassium transporter 2 [Arabidopsis thaliana],0.0,794,False,0.2564,0.0
NP_001324081.1,NP_001324081,1.4236395,cell_death_HR,False,NP_001324081.1 potassium transporter 2 [Arabidopsis thaliana],0.0,794,False,0.2564,0.0
NP_001078032.1,NP_001078032,1.4236395,cell_death_HR,False,NP_001078032.1 potassium transporter 2 [Arabidopsis thaliana],0.0,794,False,0.2564,0.0
NP_001318392.1,NP_001318392,1.4236395,cell_death_HR,False,NP_001318392.1 potassium transporter 2 [Arabidopsis thaliana],0.0,794,False,0.2564,0.0
NP_565936.1,NP_565936,1.4236395,cell_death_HR,False,NP_565936.1 potassium transporter 2 [Arabidopsis thaliana],0.0,794,False,0.2564,0.0
NP_001323948.1,NP_001323948,1.4234627,cell_death_HR,False,NP_001323948.1 phosphatidic acid phosphatase 1 [Arabidopsis thaliana],0.0,330,False,0.25,0.0
NP_001323951.1,NP_001323951,1.4234596,cell_death_HR,False,NP_001323951.1 phosphatidic acid phosphatase 1 [Arabidopsis thaliana],0.0,330,False,0.25,0.0
NP_565035.1,NP_565035,1.4234277,antimicrobial,False,NP_565035.1 Methylthiotransferase [Arabidopsis thaliana],0.0,601,False,0.2712,0.0
NP_195828.1,NP_195828,1.4234151,cell_death_HR,False,NP_195828.1 phosphopantothenate-cysteine ligase-like protein [Arabidopsis thaliana],0.0,270,False,0.1923,0.0
NP_001184966.1,NP_001184966,1.423392,cell_death_HR,False,NP_001184966.1 CLP protease proteolytic subunit 6 [Arabidopsis thaliana],0.0,289,False,0.3704,0.0
NP_567725.1,NP_567725,1.4233736,cell_death_HR,False,NP_567725.1 ACD1-like protein [Arabidopsis thaliana],0.0,536,False,0.2692,0.0
NP_172780.1,NP_172780,1.4232153,cell_death_HR,False,NP_172780.1 autoinhibited Ca2+/ATPase II [Arabidopsis thaliana],0.0,1203,True,0.1849,0.0
NP_195020.1,NP_195020,1.4226472,PR_proteins,False,NP_195020.1 gamma vacuolar processing enzyme [Arabidopsis thaliana],0.0,494,False,0.1667,0.0
NP_173446.1,NP_173446,1.422419,PR_proteins,False,NP_173446.1 expansin 11 [Arabidopsis thaliana],0.0,252,False,0.375,0.0
NP_569034.1,NP_569034,1.4223683,cell_death_HR,False,NP_569034.1 TIM-barrel signal transduction protein [Arabidopsis thaliana],0.0,655,False,0.25,0.0031
NP_187018.1,NP_187018,1.4223037,cell_death_HR,False,NP_187018.1 C2 calcium/lipid-binding plant phosphoribosyltransferase family protein [Arabidopsis thaliana],0.0,1017,False,0.28,0.0
NP_565693.1,NP_565693,1.4222416,antimicrobial,False,NP_565693.1 ubiquitin-activating enzyme 1 [Arabidopsis thaliana],0.0,1080,True,0.1963,0.0019
NP_195846.1,NP_195846,1.4216776,PR_proteins,False,NP_195846.1 expansin A9 [Arabidopsis thaliana],0.0,258,False,0.25,0.0
NP_001190583.1,NP_001190583,1.4215935,cell_death_HR,False,NP_001190583.1 histone deacetylase 5 [Arabidopsis thaliana],0.0,664,False,0.1692,0.0
NP_001031767.1,NP_001031767,1.4210969,cell_death_HR,False,NP_001031767.1 aspartate aminotransferase 5 [Arabidopsis thaliana],0.0,462,False,0.0667,0.0
NP_187700.1,NP_187700,1.4210079,PR_proteins,False,NP_187700.1 Glycosyl hydrolase superfamily protein [Arabidopsis thaliana],0.0,414,False,0.15,0.0
NP_001332355.1,NP_001332355,1.4209785,cell_death_HR,False,NP_001332355.1 E1 C-terminal related 1 [Arabidopsis thaliana],0.0,404,False,0.2821,0.0
NP_001328910.1,NP_001328910,1.4209579,antimicrobial,True,NP_001328910.1 FGGY family of carbohydrate kinase [Arabidopsis thaliana],0.0,461,False,0.2,0.0
NP_001322762.1,NP_001322762,1.4209325,cell_death_HR,False,NP_001322762.1 2-isopropylmalate synthase 1 [Arabidopsis thaliana],0.0,483,False,0.1702,0.0
NP_851049.1,NP_851049,1.4205443,antimicrobial,True,NP_851049.1 aldehyde oxidase 1 [Arabidopsis thaliana],0.0,1368,True,0.1704,0.0
NP_568407.2,NP_568407,1.4205443,antimicrobial,True,NP_568407.2 aldehyde oxidase 1 [Arabidopsis thaliana],0.0,1368,True,0.1704,0.0
NP_001190701.1,NP_001190701,1.4201915,cell_death_HR,False,NP_001190701.1 Adaptin family protein [Arabidopsis thaliana],0.0,916,False,0.2556,0.0
NP_191353.2,NP_191353,1.4199811,antimicrobial,False,NP_191353.2 GNAT acetyltransferase (DUF699) [Arabidopsis thaliana],0.0,1028,True,0.3069,0.0
NP_567736.3,NP_567736,1.4198238,antimicrobial,False,NP_567736.3 phosphatidylserine decarboxylase 3 [Arabidopsis thaliana],0.0,635,False,0.2097,0.0
NP_196455.1,NP_196455,1.41966,PR_proteins,False,NP_196455.1 alpha-galactosidase 1 [Arabidopsis thaliana],0.0,410,False,0.05,0.0
NP_178532.2,NP_178532,1.4195628,cell_death_HR,False,NP_178532.2 Metallo-hydrolase/oxidoreductase superfamily protein [Arabidopsis thaliana],0.0,354,False,0.1176,0.0
NP_974288.1,NP_974288,1.4193952,cell_death_HR,False,NP_974288.1 syntaxin of plants 121 [Arabidopsis thaliana],0.0,315,False,0.4333,0.0161
NP_001328323.1,NP_001328323,1.419203,cell_death_HR,False,NP_001328323.1 LIM domain-containing protein [Arabidopsis thaliana],0.0,458,False,0.2727,0.0
NP_199641.1,NP_199641,1.4190632,cell_death_HR,False,NP_199641.1 ADP glucose pyrophosphorylase 1 [Arabidopsis thaliana],0.0,520,False,0.3137,0.0
NP_001185380.1,NP_001185380,1.4186565,antimicrobial,False,NP_001185380.1 alanine aminotransferase 2 [Arabidopsis thaliana],0.0,553,False,0.1852,0.0
NP_196165.3,NP_196165,1.4185936,antimicrobial,False,NP_196165.3 Glycosyl hydrolase family 85 [Arabidopsis thaliana],0.0,680,False,0.0896,0.0
NP_001031910.1,NP_001031910,1.4184945,antimicrobial,False,NP_001031910.1 Raffinose synthase family protein [Arabidopsis thaliana],0.0,749,False,0.1644,0.0
NP_197525.1,NP_197525,1.4184945,antimicrobial,False,NP_197525.1 Raffinose synthase family protein [Arabidopsis thaliana],0.0,749,False,0.1644,0.0
NP_851044.2,NP_851044,1.4184945,antimicrobial,False,NP_851044.2 Raffinose synthase family protein [Arabidopsis thaliana],0.0,749,False,0.1644,0.0
NP_568005.1,NP_568005,1.418456,cell_death_HR,False,NP_568005.1 long-chain base1 [Arabidopsis thaliana],0.0,482,False,0.1915,0.0
NP_001031796.1,NP_001031796,1.418456,cell_death_HR,False,NP_001031796.1 long-chain base1 [Arabidopsis thaliana],0.0,482,False,0.1915,0.0
NP_564860.3,NP_564860,1.4184304,PR_proteins,False,NP_564860.3 expansin B2 [Arabidopsis thaliana],0.0,273,False,0.3462,0.0
NP_189189.1,NP_189189,1.4183683,cell_death_HR,False,NP_189189.1 ATPase E1-E2 type family protein / haloacid dehalogenase-like hydrolase family protein [Arabidopsis thaliana],0.0,1202,True,0.1849,0.0
NP_194077.1,NP_194077,1.4181685,cell_death_HR,False,NP_194077.1 Adaptin family protein [Arabidopsis thaliana],0.0,893,False,0.1932,0.0
NP_568712.1,NP_568712,1.4168018,antimicrobial,False,NP_568712.1 FAD/NAD(P)-binding oxidoreductase family protein [Arabidopsis thaliana],0.0,556,False,0.2407,0.0
NP_001190121.1,NP_001190121,1.4162796,antimicrobial,False,NP_001190121.1 GNAT acetyltransferase (DUF699) [Arabidopsis thaliana],0.0,1023,True,0.297,0.0
NP_172843.1,NP_172843,1.4162662,PR_proteins,False,NP_172843.1 Purple acid phosphatases superfamily protein [Arabidopsis thaliana],0.0,656,False,0.1094,0.0
NP_179923.2,NP_179923,1.4161317,antimicrobial,False,NP_179923.2 nicotinate phosphoribosyltransferase 2 [Arabidopsis thaliana],0.0,557,False,0.1111,0.0
NP_567686.2,NP_567686,1.4161263,PR_proteins,False,NP_567686.2 Cysteine proteinases superfamily protein [Arabidopsis thaliana],0.0,356,False,0.0588,0.0
NP_001330123.1,NP_001330123,1.415893,PR_proteins,False,NP_001330123.1 Glycosyl hydrolase family protein [Arabidopsis thaliana],0.0,682,False,0.1045,0.0
NP_197598.2,NP_197598,1.4158832,antimicrobial,False,NP_197598.2 methionine synthase 3 [Arabidopsis thaliana],0.0,812,False,0.1875,0.0
NP_001078611.1,NP_001078611,1.4158832,antimicrobial,False,NP_001078611.1 methionine synthase 3 [Arabidopsis thaliana],0.0,812,False,0.1875,0.0
NP_174631.2,NP_174631,1.4154222,antimicrobial,False,"NP_174631.2 Beta-glucosidase, GBA2 type family protein [Arabidopsis thaliana]",0.0,947,False,0.0968,0.0
NP_001031135.1,NP_001031135,1.4154222,antimicrobial,False,"NP_001031135.1 Beta-glucosidase, GBA2 type family protein [Arabidopsis thaliana]",0.0,947,False,0.0968,0.0
NP_001320624.1,NP_001320624,1.4154222,antimicrobial,False,"NP_001320624.1 Beta-glucosidase, GBA2 type family protein [Arabidopsis thaliana]",0.0,947,False,0.0968,0.0
NP_001323739.1,NP_001323739,1.4154165,PR_proteins,False,NP_001323739.1 serine carboxypeptidase-like 43 [Arabidopsis thaliana],0.0,444,False,0.093,0.0
NP_177503.1,NP_177503,1.4153515,PR_proteins,True,NP_177503.1 Pathogenesis-related thaumatin superfamily protein [Arabidopsis thaliana],0.0,264,False,0.32,0.0
NP_181187.1,NP_181187,1.4151312,antimicrobial,False,NP_181187.1 Aldolase superfamily protein [Arabidopsis thaliana],0.0,358,False,0.2353,0.0
NP_176563.3,NP_176563,1.4149944,antimicrobial,False,NP_176563.3 Peptidase M1 family protein [Arabidopsis thaliana],0.0,918,False,0.2,0.0
NP_001189820.1,NP_001189820,1.4144968,PR_proteins,False,NP_001189820.1 Pectinacetylesterase family protein [Arabidopsis thaliana],0.0,311,False,0.1333,0.0
NP_001327221.1,NP_001327221,1.4141502,PR_proteins,False,NP_001327221.1 Plant invertase/pectin methylesterase inhibitor superfamily [Arabidopsis thaliana],0.0,643,False,0.3333,0.0
NP_850759.1,NP_850759,1.4140867,antimicrobial,False,NP_850759.1 Aldolase superfamily protein [Arabidopsis thaliana],0.0,359,False,0.2647,0.0
NP_001031879.1,NP_001031879,1.4137956,antimicrobial,False,NP_001031879.1 isopropylmalate dehydrogenase 1 [Arabidopsis thaliana],0.0,300,False,0.1724,0.0
NP_198687.1,NP_198687,1.4132497,antimicrobial,True,NP_198687.1 Methylenetetrahydrofolate reductase family protein [Arabidopsis thaliana],0.0,476,False,0.2826,0.0
NP_001331266.1,NP_001331266,1.4132372,antimicrobial,False,NP_001331266.1 NADP-malic enzyme 3 [Arabidopsis thaliana],0.0,560,False,0.2182,0.0
NP_176072.3,NP_176072,1.412989,PR_proteins,False,NP_176072.3 Pectinacetylesterase family protein [Arabidopsis thaliana],0.0,444,False,0.1628,0.0
NP_198903.1,NP_198903,1.4129834,cell_death_HR,True,NP_198903.1 uridine kinase/uracil phosphoribosyltransferase 1 [Arabidopsis thaliana],0.0,486,False,0.1702,0.0
NP_001327658.1,NP_001327658,1.4128376,antimicrobial,False,NP_001327658.1 UDP-GLUCOSE PYROPHOSPHORYLASE 1 [Arabidopsis thaliana],0.0,478,False,0.2174,0.0
NP_001327849.1,NP_001327849,1.4123122,antimicrobial,False,NP_001327849.1 EPS15 homology domain 1 [Arabidopsis thaliana],0.0,545,False,0.1509,0.0
NP_001030731.1,NP_001030731,1.4123122,antimicrobial,False,NP_001030731.1 EPS15 homology domain 1 [Arabidopsis thaliana],0.0,545,False,0.1509,0.0
NP_566657.1,NP_566657,1.4123122,antimicrobial,False,NP_566657.1 EPS15 homology domain 1 [Arabidopsis thaliana],0.0,545,False,0.1509,0.0
NP_001318242.1,NP_001318242,1.411906,PR_proteins,True,NP_001318242.1 Pathogenesis-related thaumatin superfamily protein [Arabidopsis thaliana],0.0,254,False,0.2083,0.0
NP_974036.2,NP_974036,1.4116971,antimicrobial,True,NP_974036.2 uridine kinase-like 3 [Arabidopsis thaliana],0.0,461,False,0.1556,0.0
NP_172519.1,NP_172519,1.411576,antimicrobial,False,NP_172519.1 GNAT acetyltransferase (DUF699) [Arabidopsis thaliana],0.0,1028,True,0.3069,0.0
NP_001318971.1,NP_001318971,1.411576,antimicrobial,False,NP_001318971.1 GNAT acetyltransferase (DUF699) [Arabidopsis thaliana],0.0,1028,True,0.3069,0.0
NP_190861.1,NP_190861,1.4105031,antimicrobial,False,NP_190861.1 Aldolase superfamily protein [Arabidopsis thaliana],0.0,358,False,0.2941,0.0
NP_001319516.1,NP_001319516,1.4105016,antimicrobial,False,NP_001319516.1 DNA gyrase subunit B [Arabidopsis thaliana],0.0,730,False,0.25,0.0
NP_201416.1,NP_201416,1.4104116,PR_proteins,False,NP_201416.1 Glycosyl hydrolase family 38 protein [Arabidopsis thaliana],0.0,1047,True,0.1359,0.0
NP_171733.2,NP_171733,1.410035,PR_proteins,False,NP_171733.2 Glycosyl hydrolase superfamily protein [Arabidopsis thaliana],0.0,411,False,0.15,0.0
NP_195033.1,NP_195033,1.409608,antimicrobial,False,NP_195033.1 Thiamine pyrophosphate dependent pyruvate decarboxylase family protein [Arabidopsis thaliana],0.0,607,False,0.1186,0.0
NP_189946.1,NP_189946,1.4093846,antimicrobial,True,NP_189946.1 aldehyde oxidase 2 [Arabidopsis thaliana],0.0,1321,True,0.2061,0.0
NP_001332004.1,NP_001332004,1.4092436,PR_proteins,False,NP_001332004.1 Glycosyl hydrolase family 38 protein [Arabidopsis thaliana],0.0,1046,True,0.1262,0.0
NP_001321462.1,NP_001321462,1.4085089,PR_proteins,False,NP_001321462.1 Glycosyl hydrolase superfamily protein [Arabidopsis thaliana],0.0,431,False,0.1429,0.0
NP_187212.1,NP_187212,1.4084889,PR_proteins,False,NP_187212.1 Plant invertase/pectin methylesterase inhibitor superfamily [Arabidopsis thaliana],0.0,669,False,0.2462,0.0151
NP_001031840.1,NP_001031840,1.4081749,antimicrobial,False,NP_001031840.1 DHFS-FPGS homolog B [Arabidopsis thaliana],0.0,513,False,0.2,0.0
NP_973993.1,NP_973993,1.4079657,antimicrobial,False,NP_973993.1 S-adenosyl-L-methionine-dependent methyltransferases superfamily protein [Arabidopsis thaliana],0.0,491,False,0.1875,0.0
NP_566729.1,NP_566729,1.4068173,antimicrobial,True,NP_566729.1 fatty alcohol oxidase 3 [Arabidopsis thaliana],0.0,746,False,0.2055,0.0
NP_568359.2,NP_568359,1.4066365,antimicrobial,False,NP_568359.2 phosphoglucosamine mutase-like protein [Arabidopsis thaliana],0.0,556,False,0.2407,0.0
NP_179660.2,NP_179660,1.4065063,PR_proteins,False,NP_179660.2 Glycosyl hydrolase superfamily protein [Arabidopsis thaliana],0.0,433,False,0.0238,0.0
NP_568399.4,NP_568399,1.4064779,PR_proteins,False,NP_568399.4 beta-galactosidase 7 [Arabidopsis thaliana],0.0,826,False,0.1235,0.0
NP_178937.2,NP_178937,1.4060647,PR_proteins,False,NP_178937.2 serine carboxypeptidase-like 43 [Arabidopsis thaliana],0.0,442,False,0.093,0.0
NP_196211.1,NP_196211,1.405883,antimicrobial,False,NP_196211.1 deoxyhypusine synthase [Arabidopsis thaliana],0.0,368,False,0.1143,0.0
NP_001031351.1,NP_001031351,1.4058665,PR_proteins,False,NP_001031351.1 serine carboxypeptidase-like 43 [Arabidopsis thaliana],0.0,443,False,0.093,0.0
NP_196148.1,NP_196148,1.4058481,PR_proteins,False,NP_196148.1 expansin A2 [Arabidopsis thaliana],0.0,255,False,0.25,0.0
NP_001318587.1,NP_001318587,1.4056265,antimicrobial,False,NP_001318587.1 phosphoglucosamine mutase family protein [Arabidopsis thaliana],0.0,581,False,0.2632,0.0
NP_001332306.1,NP_001332306,1.405625,antimicrobial,False,NP_001332306.1 phosphoglucosamine mutase family protein [Arabidopsis thaliana],0.0,581,False,0.2632,0.0
NP_850839.1,NP_850839,1.405625,antimicrobial,False,NP_850839.1 phosphoglucosamine mutase family protein [Arabidopsis thaliana],0.0,581,False,0.2632,0.0
NP_568350.1,NP_568350,1.405625,antimicrobial,False,NP_568350.1 phosphoglucosamine mutase family protein [Arabidopsis thaliana],0.0,581,False,0.2632,0.0
NP_197984.2,NP_197984,1.4055616,PR_proteins,False,NP_197984.2 alpha-L-arabinofuranosidase 2 [Arabidopsis thaliana],0.0,674,False,0.1515,0.0
NP_567973.1,NP_567973,1.4046552,PR_proteins,False,NP_567973.1 beta-galactosidase 11 [Arabidopsis thaliana],0.0,845,False,0.1566,0.0
NP_567803.1,NP_567803,1.4042737,PR_proteins,False,NP_567803.1 expansin B3 [Arabidopsis thaliana],0.0,264,False,0.24,0.0
NP_974958.1,NP_974958,1.4041635,antimicrobial,False,NP_974958.1 lactate/malate dehydrogenase family protein [Arabidopsis thaliana],0.0,334,False,0.125,0.0
NP_181983.1,NP_181983,1.4041121,PR_proteins,False,NP_181983.1 glycosyl hydrolase 9B10 [Arabidopsis thaliana],0.0,490,False,0.2292,0.0
NP_178980.1,NP_178980,1.4039134,antimicrobial,False,NP_178980.1 NAD-dependent malic enzyme 1 [Arabidopsis thaliana],0.0,623,False,0.1967,0.0
NP_192744.6,NP_192744,1.4031426,antimicrobial,False,"NP_192744.6 Beta-glucosidase, GBA2 type family protein [Arabidopsis thaliana]",0.0,922,False,0.1429,0.0
NP_001329211.1,NP_001329211,1.4031426,antimicrobial,False,"NP_001329211.1 Beta-glucosidase, GBA2 type family protein [Arabidopsis thaliana]",0.0,922,False,0.1429,0.0
NP_001330954.1,NP_001330954,1.4027933,antimicrobial,True,NP_001330954.1 Methylenetetrahydrofolate reductase family protein [Arabidopsis thaliana],0.0,466,False,0.2889,0.0
NP_194382.1,NP_194382,1.4027351,antimicrobial,False,NP_194382.1 Aldolase superfamily protein [Arabidopsis thaliana],0.0,358,False,0.2647,0.0
NP_001329763.1,NP_001329763,1.4019958,antimicrobial,False,NP_001329763.1 Aldolase superfamily protein [Arabidopsis thaliana],0.0,358,False,0.2647,0.0
NP_199729.1,NP_199729,1.4019861,PR_proteins,False,NP_199729.1 Plant invertase/pectin methylesterase inhibitor superfamily [Arabidopsis thaliana],0.0,571,False,0.1964,0.0
NP_181305.2,NP_181305,1.401851,antimicrobial,False,"NP_181305.2 phosphoribosylaminoimidazole carboxylase, putative / AIR carboxylase [Arabidopsis thaliana]",0.0,642,False,0.1587,0.0
NP_187682.1,NP_187682,1.4016147,PR_proteins,False,NP_187682.1 root hair specific 12 [Arabidopsis thaliana],0.0,561,False,0.2182,0.0
NP_974038.1,NP_974038,1.4014908,antimicrobial,False,NP_974038.1 Pyridoxal-5'-phosphate-dependent enzyme family protein [Arabidopsis thaliana],0.0,348,False,0.1818,0.0
NP_195290.1,NP_195290,1.4012564,antimicrobial,False,NP_195290.1 isocitrate dehydrogenase III [Arabidopsis thaliana],0.0,368,False,0.2571,0.0
NP_198855.1,NP_198855,1.4009749,antimicrobial,False,NP_198855.1 Raffinose synthase family protein [Arabidopsis thaliana],0.0,783,False,0.1818,0.0
NP_567523.1,NP_567523,1.4009266,PR_proteins,False,NP_567523.1 chloroplast beta-amylase [Arabidopsis thaliana],0.0,548,False,0.1887,0.0
NP_001323278.1,NP_001323278,1.4004667,antimicrobial,True,NP_001323278.1 uridine kinase-like 3 [Arabidopsis thaliana],0.0,451,False,0.1591,0.0
NP_565738.1,NP_565738,1.4003488,antimicrobial,False,NP_565738.1 Haloacid dehalogenase-like hydrolase (HAD) superfamily protein [Arabidopsis thaliana],0.0,263,False,0.2,0.0
NP_568133.1,NP_568133,1.4001552,antimicrobial,False,NP_568133.1 DNA GYRASE B2 [Arabidopsis thaliana],0.0,732,False,0.2917,0.0
NP_974517.1,NP_974517,1.3993671,antimicrobial,False,NP_974517.1 EPS15 homology domain 2 [Arabidopsis thaliana],0.0,545,False,0.0755,0.0
NP_001190611.1,NP_001190611,1.3993556,cell_death_HR,False,NP_001190611.1 DNA polymerase delta subunit 1 [Arabidopsis thaliana],0.0,1112,True,0.2182,0.0
NP_001031792.1,NP_001031792,1.3992388,PR_proteins,True,NP_001031792.1 Pathogenesis-related thaumatin superfamily protein [Arabidopsis thaliana],0.0,301,False,0.4483,0.0
NP_195325.1,NP_195325,1.3992388,PR_proteins,True,NP_195325.1 Pathogenesis-related thaumatin superfamily protein [Arabidopsis thaliana],0.0,301,False,0.4483,0.0
NP_568168.1,NP_568168,1.3990352,antimicrobial,False,NP_568168.1 ubiquitin activating enzyme 2 [Arabidopsis thaliana],0.0,1077,True,0.1792,0.0
NP_001330284.1,NP_001330284,1.3989456,antimicrobial,False,NP_001330284.1 D-aminoacid aminotransferase-like PLP-dependent enzymes superfamily protein [Arabidopsis thaliana],0.0,471,False,0.1957,0.0
NP_001325679.1,NP_001325679,1.3985585,antimicrobial,False,NP_001325679.1 glucose-6-phosphate dehydrogenase 5 [Arabidopsis thaliana],0.0,587,False,0.1228,0.0
NP_001332265.1,NP_001332265,1.3984607,PR_proteins,False,NP_001332265.1 pectin methylesterase PCR fragment F [Arabidopsis thaliana],0.0,623,False,0.3279,0.0
NP_001327234.1,NP_001327234,1.398384,antimicrobial,False,NP_001327234.1 S-adenosyl-L-methionine-dependent methyltransferases superfamily protein [Arabidopsis thaliana],0.0,246,False,0.087,0.0
NP_567299.2,NP_567299,1.3975172,antimicrobial,False,NP_567299.2 EPS15 homology domain 2 [Arabidopsis thaliana],0.0,546,False,0.1132,0.0
NP_001331233.1,NP_001331233,1.3973142,antimicrobial,False,"NP_001331233.1 Beta-glucosidase, GBA2 type family protein [Arabidopsis thaliana]",0.0,957,False,0.1489,0.0
NP_199801.2,NP_199801,1.3973142,antimicrobial,False,"NP_199801.2 Beta-glucosidase, GBA2 type family protein [Arabidopsis thaliana]",0.0,957,False,0.1489,0.0
NP_001319672.1,NP_001319672,1.3971161,antimicrobial,True,NP_001319672.1 Methylenetetrahydrofolate reductase family protein [Arabidopsis thaliana],0.0,499,False,0.25,0.0
NP_189701.3,NP_189701,1.3971144,antimicrobial,True,NP_189701.3 Methylenetetrahydrofolate reductase family protein [Arabidopsis thaliana],0.0,499,False,0.25,0.0
NP_569045.1,NP_569045,1.3969597,PR_proteins,False,NP_569045.1 PLC-like phosphodiesterases superfamily protein [Arabidopsis thaliana],0.0,426,False,0.2195,0.0
NP_190995.2,NP_190995,1.3965198,antimicrobial,False,NP_190995.2 sucrose-6F-phosphate phosphohydrolase family protein [Arabidopsis thaliana],0.0,425,False,0.0976,0.0
NP_195406.2,NP_195406,1.39567,PR_proteins,False,NP_195406.2 cysteine proteinase1 [Arabidopsis thaliana],0.0,376,False,0.1389,0.0
NP_186975.1,NP_186975,1.3949294,antimicrobial,False,NP_186975.1 UDP-GLUCOSE PYROPHOSPHORYLASE 1 [Arabidopsis thaliana],0.0,469,False,0.2222,0.0
NP_194383.1,NP_194383,1.3948114,antimicrobial,False,NP_194383.1 Aldolase superfamily protein [Arabidopsis thaliana],0.0,358,False,0.2353,0.0
NP_001328708.1,NP_001328708,1.3948114,antimicrobial,False,NP_001328708.1 Aldolase superfamily protein [Arabidopsis thaliana],0.0,358,False,0.2353,0.0
NP_001031721.1,NP_001031721,1.3948114,antimicrobial,False,NP_001031721.1 Aldolase superfamily protein [Arabidopsis thaliana],0.0,358,False,0.2353,0.0
NP_001319512.1,NP_001319512,1.3947705,antimicrobial,False,NP_001319512.1 minichromosome maintenance 8 [Arabidopsis thaliana],0.0,801,False,0.2152,0.0
NP_001327098.1,NP_001327098,1.3946131,antimicrobial,False,NP_001327098.1 minichromosome maintenance 8 [Arabidopsis thaliana],0.0,798,False,0.2308,0.0
NP_001331840.1,NP_001331840,1.3945235,antimicrobial,False,NP_001331840.1 peroxisomal 3-keto-acyl-CoA thiolase 2 [Arabidopsis thaliana],0.0,457,False,0.2273,0.0
NP_001032037.1,NP_001032037,1.3945235,antimicrobial,False,NP_001032037.1 peroxisomal 3-keto-acyl-CoA thiolase 2 [Arabidopsis thaliana],0.0,457,False,0.2273,0.0
NP_568704.2,NP_568704,1.3945235,antimicrobial,False,NP_568704.2 peroxisomal 3-keto-acyl-CoA thiolase 2 [Arabidopsis thaliana],0.0,457,False,0.2273,0.0
NP_191966.2,NP_191966,1.3939068,antimicrobial,False,NP_191966.2 NAD-dependent malic enzyme 2 [Arabidopsis thaliana],0.0,607,False,0.1864,0.0
NP_194485.1,NP_194485,1.3937417,antimicrobial,False,NP_194485.1 trehalose-6-phosphatase synthase S4 [Arabidopsis thaliana],0.0,795,False,0.1154,0.0
NP_001030780.1,NP_001030780,1.3935719,antimicrobial,False,NP_001030780.1 glucose-6-phosphate dehydrogenase 5 [Arabidopsis thaliana],0.0,516,False,0.08,0.0
NP_189366.1,NP_189366,1.3935719,antimicrobial,False,NP_189366.1 glucose-6-phosphate dehydrogenase 5 [Arabidopsis thaliana],0.0,516,False,0.08,0.0
NP_001078214.1,NP_001078214,1.3935719,antimicrobial,False,NP_001078214.1 glucose-6-phosphate dehydrogenase 5 [Arabidopsis thaliana],0.0,516,False,0.08,0.0
NP_198892.1,NP_198892,1.3934429,antimicrobial,False,NP_198892.1 glucose-6-phosphate dehydrogenase 6 [Arabidopsis thaliana],0.0,515,False,0.1,0.0
NP_001330361.1,NP_001330361,1.3934397,antimicrobial,False,NP_001330361.1 glucose-6-phosphate dehydrogenase 6 [Arabidopsis thaliana],0.0,515,False,0.1,0.0
NP_172426.2,NP_172426,1.3932942,PR_proteins,False,NP_172426.2 Pectinacetylesterase family protein [Arabidopsis thaliana],0.0,388,False,0.1892,0.0
NP_001318374.1,NP_001318374,1.393239,cell_death_HR,False,NP_001318374.1 5'-nucleotidase / magnesium ion binding protein [Arabidopsis thaliana],0.0,344,False,0.1515,0.0
NP_001323701.1,NP_001323701,1.3931612,antimicrobial,False,NP_001323701.1 nicotinate phosphoribosyltransferase 2 [Arabidopsis thaliana],0.0,544,False,0.1132,0.0
NP_567585.1,NP_567585,1.3925111,PR_proteins,False,NP_567585.1 Pectinacetylesterase family protein [Arabidopsis thaliana],0.0,391,False,0.1842,0.0
NP_182227.1,NP_182227,1.3923995,PR_proteins,False,NP_182227.1 Plant invertase/pectin methylesterase inhibitor superfamily [Arabidopsis thaliana],0.0,595,False,0.1379,0.0
NP_173173.3,NP_173173,1.3923652,antimicrobial,False,NP_173173.3 alanine aminotransferas [Arabidopsis thaliana],0.0,543,False,0.1887,0.0037
NP_189871.1,NP_189871,1.3923291,antimicrobial,True,NP_189871.1 Mevalonate/galactokinase family protein [Arabidopsis thaliana],0.0,964,False,0.2105,0.0
NP_195412.3,NP_195412,1.3921748,antimicrobial,False,NP_195412.3 nicotinate phosphoribosyltransferase 1 [Arabidopsis thaliana],0.0,559,False,0.0926,0.0
NP_195752.1,NP_195752,1.3920034,antimicrobial,False,NP_195752.1 Thiamine pyrophosphate dependent pyruvate decarboxylase family protein [Arabidopsis thaliana],0.0,603,False,0.1525,0.0
NP_182211.2,NP_182211,1.3919197,PR_proteins,False,NP_182211.2 purple acid phosphatase 14 [Arabidopsis thaliana],0.0,401,False,0.1795,0.0
NP_001320598.1,NP_001320598,1.3916764,PR_proteins,False,NP_001320598.1 beta-galactosidase 16 [Arabidopsis thaliana],0.0,709,False,0.1159,0.0
NP_001320596.1,NP_001320596,1.3916764,PR_proteins,False,NP_001320596.1 beta-galactosidase 16 [Arabidopsis thaliana],0.0,709,False,0.1159,0.0
NP_001327896.1,NP_001327896,1.3906962,antimicrobial,False,NP_001327896.1 DNA gyrase subunit B [Arabidopsis thaliana],0.0,740,False,0.2466,0.0
NP_174134.1,NP_174134,1.3906144,antimicrobial,False,NP_174134.1 Auxin-responsive GH3 family protein [Arabidopsis thaliana],0.0,609,False,0.1864,0.0
NP_200966.2,NP_200966,1.3905971,antimicrobial,True,NP_200966.2 phosphofructokinase 4 [Arabidopsis thaliana],0.0,530,False,0.2115,0.0
NP_188427.2,NP_188427,1.3898655,antimicrobial,False,NP_188427.2 S-adenosyl-L-methionine-dependent methyltransferases superfamily protein [Arabidopsis thaliana],0.0,491,False,0.1458,0.0
NP_179264.2,NP_179264,1.3895972,PR_proteins,False,NP_179264.2 glycosyl hydrolase family 35 protein [Arabidopsis thaliana],0.0,848,False,0.1084,0.0
NP_186885.1,NP_186885,1.3894943,antimicrobial,False,NP_186885.1 6-phosphogluconate dehydrogenase family protein [Arabidopsis thaliana],0.0,486,False,0.1702,0.0
NP_850502.1,NP_850502,1.3894912,antimicrobial,False,NP_850502.1 6-phosphogluconate dehydrogenase family protein [Arabidopsis thaliana],0.0,486,False,0.1702,0.0
NP_196535.1,NP_196535,1.3892273,PR_proteins,False,NP_196535.1 beta-xylosidase 3 [Arabidopsis thaliana],0.0,773,False,0.0921,0.0
NP_849474.1,NP_849474,1.3891262,antimicrobial,True,NP_849474.1 FGGY family of carbohydrate kinase [Arabidopsis thaliana],0.0,451,False,0.1818,0.0
NP_174996.1,NP_174996,1.3881241,antimicrobial,False,NP_174996.1 glyceraldehyde-3-phosphate dehydrogenase B subunit [Arabidopsis thaliana],0.0,447,False,0.186,0.0
NP_001323276.1,NP_001323276,1.3880848,antimicrobial,True,NP_001323276.1 uridine kinase-like 3 [Arabidopsis thaliana],0.0,488,False,0.1702,0.0
NP_001323275.1,NP_001323275,1.3880848,antimicrobial,True,NP_001323275.1 uridine kinase-like 3 [Arabidopsis thaliana],0.0,488,False,0.1702,0.0
NP_195753.1,NP_195753,1.3879212,antimicrobial,False,NP_195753.1 pyruvate decarboxylase-3 [Arabidopsis thaliana],0.0,592,False,0.1034,0.0
NP_194456.1,NP_194456,1.3875122,antimicrobial,False,NP_194456.1 Auxin-responsive GH3 family protein [Arabidopsis thaliana],0.0,612,False,0.1,0.0
NP_189355.1,NP_189355,1.3873006,cell_death_HR,True,NP_189355.1 uridine kinase-like 2 [Arabidopsis thaliana],0.0,483,False,0.1489,0.0
NP_001190347.1,NP_001190347,1.3872479,antimicrobial,False,NP_001190347.1 Raffinose synthase family protein [Arabidopsis thaliana],0.0,844,False,0.1928,0.0
NP_172717.1,NP_172717,1.3871897,PR_proteins,False,NP_172717.1 expansin A7 [Arabidopsis thaliana],0.0,262,False,0.32,0.0
NP_175977.1,NP_175977,1.3870953,antimicrobial,True,NP_175977.1 uridine kinase-like 3 [Arabidopsis thaliana],0.0,466,False,0.1333,0.0
NP_974037.1,NP_974037,1.3870953,antimicrobial,True,NP_974037.1 uridine kinase-like 3 [Arabidopsis thaliana],0.0,466,False,0.1333,0.0
NP_001323277.1,NP_001323277,1.3870953,antimicrobial,True,NP_001323277.1 uridine kinase-like 3 [Arabidopsis thaliana],0.0,466,False,0.1333,0.0
NP_190018.1,NP_190018,1.3869427,antimicrobial,False,NP_190018.1 nitrilase 3 [Arabidopsis thaliana],0.0,346,False,0.1818,0.0
NP_001319520.1,NP_001319520,1.3862664,antimicrobial,False,NP_001319520.1 Glycosyl hydrolase family 85 [Arabidopsis thaliana],0.0,679,False,0.1818,0.0
NP_200419.1,NP_200419,1.3861908,antimicrobial,False,NP_200419.1 nicotianamine synthase 2 [Arabidopsis thaliana],0.0,320,False,0.0323,0.0
NP_194760.2,NP_194760,1.3860178,antimicrobial,True,NP_194760.2 FGGY family of carbohydrate kinase [Arabidopsis thaliana],0.0,579,False,0.2321,0.0
NP_001324445.1,NP_001324445,1.3859627,antimicrobial,False,NP_001324445.1 Aldolase superfamily protein [Arabidopsis thaliana],0.0,388,False,0.2432,0.0
NP_177667.1,NP_177667,1.385862,antimicrobial,False,NP_177667.1 ornithine carbamoyltransferase [Arabidopsis thaliana],0.0,375,False,0.2778,0.0
NP_194417.2,NP_194417,1.3858432,antimicrobial,False,NP_194417.2 Class II aminoacyl-tRNA and biotin synthetases superfamily protein [Arabidopsis thaliana],0.0,532,False,0.2115,0.0
NP_001327277.1,NP_001327277,1.3857818,antimicrobial,True,NP_001327277.1 Mevalonate/galactokinase family protein [Arabidopsis thaliana],0.0,973,False,0.2083,0.0
NP_001321059.1,NP_001321059,1.3852532,antimicrobial,False,NP_001321059.1 glyceraldehyde 3-phosphate dehydrogenase A subunit 2 [Arabidopsis thaliana],0.0,441,False,0.3256,0.0
NP_001327998.1,NP_001327998,1.385228,antimicrobial,False,NP_001327998.1 trehalose-6-phosphatase synthase S4 [Arabidopsis thaliana],0.0,786,False,0.1169,0.0
NP_565040.2,NP_565040,1.3851557,antimicrobial,False,NP_565040.2 alanine aminotransferase 2 [Arabidopsis thaliana],0.0,540,False,0.2264,0.0
NP_188120.1,NP_188120,1.3844494,antimicrobial,False,NP_188120.1 Lactate/malate dehydrogenase family protein [Arabidopsis thaliana],0.0,341,False,0.3636,0.0
NP_196114.1,NP_196114,1.3841473,antimicrobial,False,NP_196114.1 nicotianamine synthase 1 [Arabidopsis thaliana],0.0,320,False,0.0645,0.0
NP_001321682.1,NP_001321682,1.3840108,PR_proteins,False,NP_001321682.1 Copine (Calcium-dependent phospholipid-binding protein) family [Arabidopsis thaliana],0.0,407,False,0.2051,0.0
NP_172362.3,NP_172362,1.3838675,PR_proteins,False,NP_172362.3 Calcium-dependent phospholipid-binding Copine family protein [Arabidopsis thaliana],0.0,584,False,0.1228,0.0
NP_199747.1,NP_199747,1.3837892,PR_proteins,False,NP_199747.1 beta-xylosidase 1 [Arabidopsis thaliana],0.0,774,False,0.25,0.0
NP_001329762.1,NP_001329762,1.3837148,antimicrobial,False,NP_001329762.1 Aldolase superfamily protein [Arabidopsis thaliana],0.0,355,False,0.2353,0.0
NP_001329761.1,NP_001329761,1.3837148,antimicrobial,False,NP_001329761.1 Aldolase superfamily protein [Arabidopsis thaliana],0.0,355,False,0.2353,0.0
NP_200479.1,NP_200479,1.3836267,antimicrobial,False,NP_200479.1 Class II aminoacyl-tRNA and biotin synthetases superfamily protein [Arabidopsis thaliana],0.0,572,False,0.2143,0.0
NP_196841.2,NP_196841,1.383397,antimicrobial,False,NP_196841.2 Auxin-responsive GH3 family protein [Arabidopsis thaliana],0.0,595,False,0.1207,0.0
NP_568717.2,NP_568717,1.3824657,antimicrobial,True,NP_568717.2 pyridoxin (pyrodoxamine) 5'-phosphate oxidase [Arabidopsis thaliana],0.0,530,False,0.1731,0.0
NP_177023.1,NP_177023,1.3824613,PR_proteins,False,NP_177023.1 alpha-xylosidase 1 [Arabidopsis thaliana],0.0,915,False,0.0667,0.0
NP_568033.1,NP_568033,1.3822565,antimicrobial,True,NP_568033.1 squalene epoxidase 3 [Arabidopsis thaliana],0.0,525,False,0.2549,0.0
NP_001032094.1,NP_001032094,1.3814055,antimicrobial,False,NP_001032094.1 transthyretin-like protein [Arabidopsis thaliana],0.0,311,False,0.2,0.0
NP_001032120.1,NP_001032120,1.3812639,antimicrobial,True,NP_001032120.1 phosphofructokinase 4 [Arabidopsis thaliana],0.0,529,False,0.2157,0.0
NP_001320982.1,NP_001320982,1.381009,antimicrobial,True,NP_001320982.1 L-fucokinase/GDP-L-fucose pyrophosphorylase [Arabidopsis thaliana],0.0,1055,True,0.1538,0.0
NP_563620.1,NP_563620,1.381009,antimicrobial,True,NP_563620.1 L-fucokinase/GDP-L-fucose pyrophosphorylase [Arabidopsis thaliana],0.0,1055,True,0.1538,0.0
NP_001321461.1,NP_001321461,1.3805292,antimicrobial,False,NP_001321461.1 trehalose-6-phosphate synthase [Arabidopsis thaliana],0.0,662,False,0.1231,0.0
NP_174089.1,NP_174089,1.3803766,antimicrobial,False,NP_174089.1 ADPGLC-PPase large subunit [Arabidopsis thaliana],0.0,518,False,0.2,0.0
NP_173080.1,NP_173080,1.3801847,antimicrobial,False,NP_173080.1 glyceraldehyde-3-phosphate dehydrogenase of plastid 2 [Arabidopsis thaliana],0.0,420,False,0.2927,0.0
NP_565656.1,NP_565656,1.3801706,antimicrobial,False,NP_565656.1 NAD(P)-linked oxidoreductase superfamily protein [Arabidopsis thaliana],0.0,384,False,0.1081,0.0
NP_178224.1,NP_178224,1.3801391,antimicrobial,False,NP_178224.1 Aldolase superfamily protein [Arabidopsis thaliana],0.0,391,False,0.1842,0.0
NP_198877.1,NP_198877,1.380054,cell_death_HR,False,NP_198877.1 NAD-dependent glycerol-3-phosphate dehydrogenase family protein [Arabidopsis thaliana],0.0,400,False,0.2308,0.0
NP_001318364.1,NP_001318364,1.3800384,antimicrobial,False,NP_001318364.1 Aldolase superfamily protein [Arabidopsis thaliana],0.0,267,False,0.16,0.0
NP_001118453.1,NP_001118453,1.3800368,antimicrobial,False,NP_001118453.1 Aldolase superfamily protein [Arabidopsis thaliana],0.0,267,False,0.16,0.0
NP_001078674.1,NP_001078674,1.3796388,antimicrobial,False,NP_001078674.1 NAD(P)-binding Rossmann-fold superfamily protein [Arabidopsis thaliana],0.0,456,False,0.3409,0.0
NP_175787.1,NP_175787,1.3795091,PR_proteins,False,NP_175787.1 pectin methylesterase 1 [Arabidopsis thaliana],0.0,586,False,0.3509,0.0
NP_566867.1,NP_566867,1.3794191,PR_proteins,False,NP_566867.1 Cysteine proteinases superfamily protein [Arabidopsis thaliana],0.0,376,False,0.2778,0.0
NP_177692.1,NP_177692,1.379394,PR_proteins,True,NP_177692.1 glyoxal oxidase-related protein [Arabidopsis thaliana],0.0,547,False,0.1132,0.0
NP_001325680.1,NP_001325680,1.3792157,antimicrobial,False,NP_001325680.1 glucose-6-phosphate dehydrogenase 5 [Arabidopsis thaliana],0.0,570,False,0.1071,0.0
NP_198569.2,NP_198569,1.3791134,antimicrobial,False,NP_198569.2 NAD(P)-binding Rossmann-fold superfamily protein [Arabidopsis thaliana],0.0,457,False,0.3182,0.0
NP_001323740.1,NP_001323740,1.3788043,PR_proteins,False,NP_001323740.1 serine carboxypeptidase-like 43 [Arabidopsis thaliana],0.0,468,False,0.0889,0.0
NP_177697.1,NP_177697,1.378696,PR_proteins,False,NP_177697.1 glycosyl hydrolase 9B7 [Arabidopsis thaliana],0.0,525,False,0.2353,0.0
NP_849389.1,NP_849389,1.3785958,antimicrobial,False,NP_849389.1 beta-amylase 5 [Arabidopsis thaliana],0.0,420,False,0.2683,0.0
NP_001154283.1,NP_001154283,1.3783567,antimicrobial,False,NP_001154283.1 lysine-ketoglutarate reductase/saccharopine dehydrogenase bifunctional enzyme [Arabidopsis thaliana],0.0,482,False,0.2553,0.0
NP_201202.2,NP_201202,1.3782294,cell_death_HR,False,NP_201202.2 Copine (Calcium-dependent phospholipid-binding protein) family [Arabidopsis thaliana],0.0,367,False,0.0571,0.0
NP_001032132.1,NP_001032132,1.3782294,cell_death_HR,False,NP_001032132.1 Copine (Calcium-dependent phospholipid-binding protein) family [Arabidopsis thaliana],0.0,367,False,0.0571,0.0
NP_193677.2,NP_193677,1.3781478,PR_proteins,False,NP_193677.2 Pectinacetylesterase family protein [Arabidopsis thaliana],0.0,397,False,0.0526,0.0
NP_001319996.1,NP_001319996,1.3781478,PR_proteins,False,NP_001319996.1 Pectinacetylesterase family protein [Arabidopsis thaliana],0.0,397,False,0.0526,0.0
NP_192072.1,NP_192072,1.3776214,PR_proteins,False,NP_192072.1 expansin A17 [Arabidopsis thaliana],0.0,255,False,0.2083,0.0
NP_001324415.1,NP_001324415,1.377501,antimicrobial,False,NP_001324415.1 Pyridoxal phosphate (PLP)-dependent transferases superfamily protein [Arabidopsis thaliana],0.0,463,False,0.1556,0.0
NP_176897.1,NP_176897,1.3771232,PR_proteins,True,NP_176897.1 glyoxal oxidase-related protein [Arabidopsis thaliana],0.0,615,False,0.2167,0.0098
NP_849473.1,NP_849473,1.3769583,antimicrobial,True,NP_849473.1 FGGY family of carbohydrate kinase [Arabidopsis thaliana],0.0,499,False,0.2292,0.0
NP_194651.1,NP_194651,1.3768466,antimicrobial,True,NP_194651.1 phosphofructokinase 1 [Arabidopsis thaliana],0.0,473,False,0.1304,0.0
NP_001330597.1,NP_001330597,1.3767711,antimicrobial,False,NP_001330597.1 Aldolase superfamily protein [Arabidopsis thaliana],0.0,267,False,0.2,0.0
NP_001330598.1,NP_001330598,1.3767711,antimicrobial,False,NP_001330598.1 Aldolase superfamily protein [Arabidopsis thaliana],0.0,267,False,0.2,0.0
NP_173261.1,NP_173261,1.3764151,PR_proteins,True,NP_173261.1 Pathogenesis-related thaumatin superfamily protein [Arabidopsis thaliana],0.0,243,False,0.3913,0.0
NP_196115.1,NP_196115,1.3750423,PR_proteins,False,NP_196115.1 Plant invertase/pectin methylesterase inhibitor superfamily [Arabidopsis thaliana],13.002346992492676,564,False,0.0909,0.0
NP_001031968.1,NP_001031968,1.3750328,antimicrobial,False,NP_001031968.1 acetyl Co-enzyme a carboxylase biotin carboxylase subunit [Arabidopsis thaliana],0.0,499,False,0.2292,0.0
NP_197713.1,NP_197713,1.3749353,antimicrobial,False,NP_197713.1 nicotinamidase 3 [Arabidopsis thaliana],0.0,198,False,0.1667,0.0
NP_201262.1,NP_201262,1.3746524,PR_proteins,False,NP_201262.1 beta-D-xylosidase 4 [Arabidopsis thaliana],0.0,784,False,0.1558,0.0
NP_200529.4,NP_200529,1.3744524,antimicrobial,False,NP_200529.4 phosphatidylserine decarboxylase 2 [Arabidopsis thaliana],0.0,635,False,0.1774,0.0
NP_001325821.1,NP_001325821,1.373573,antimicrobial,True,NP_001325821.1 GHMP kinase family protein [Arabidopsis thaliana],0.0,307,False,0.2414,0.0
NP_200065.1,NP_200065,1.373562,antimicrobial,False,NP_200065.1 Class II aaRS and biotin synthetases superfamily protein [Arabidopsis thaliana],0.0,543,False,0.1887,0.0
NP_001330122.1,NP_001330122,1.3734978,PR_proteins,False,NP_001330122.1 Glycosyl hydrolase family protein [Arabidopsis thaliana],0.0,665,False,0.1692,0.0
NP_680141.2,NP_680141,1.3734978,PR_proteins,False,NP_680141.2 Glycosyl hydrolase family protein [Arabidopsis thaliana],0.0,665,False,0.1692,0.0
NP_001322931.1,NP_001322931,1.373252,antimicrobial,False,NP_001322931.1 trehalose-6-phosphate synthase [Arabidopsis thaliana],0.0,942,False,0.2473,0.0
NP_001322932.1,NP_001322932,1.373252,antimicrobial,False,NP_001322932.1 trehalose-6-phosphate synthase [Arabidopsis thaliana],0.0,942,False,0.2473,0.0
NP_177979.1,NP_177979,1.373252,antimicrobial,False,NP_177979.1 trehalose-6-phosphate synthase [Arabidopsis thaliana],0.0,942,False,0.2473,0.0
NP_001319403.1,NP_001319403,1.373252,antimicrobial,False,NP_001319403.1 trehalose-6-phosphate synthase [Arabidopsis thaliana],0.0,942,False,0.2473,0.0
NP_001327097.1,NP_001327097,1.3730719,cell_death_HR,False,NP_001327097.1 minichromosome maintenance 8 [Arabidopsis thaliana],0.0,757,False,0.2162,0.0
NP_200104.1,NP_200104,1.372681,antimicrobial,True,NP_200104.1 plastidic pyruvate kinase beta subunit 1 [Arabidopsis thaliana],0.0,579,False,0.1964,0.0
NP_565586.1,NP_565586,1.372368,antimicrobial,False,NP_565586.1 casein lytic proteinase B4 [Arabidopsis thaliana],31.85193634033203,964,False,0.2105,0.0
NP_001328950.1,NP_001328950,1.3722358,antimicrobial,False,NP_001328950.1 thymidylate synthase 2 [Arabidopsis thaliana],0.0,518,False,0.16,0.0
NP_001328948.1,NP_001328948,1.3722358,antimicrobial,False,NP_001328948.1 thymidylate synthase 2 [Arabidopsis thaliana],0.0,518,False,0.16,0.0
NP_849963.1,NP_849963,1.371605,antimicrobial,False,NP_849963.1 isocitrate dehydrogenase subunit 2 [Arabidopsis thaliana],0.0,363,False,0.2571,0.0
NP_851113.1,NP_851113,1.3713439,antimicrobial,False,NP_851113.1 6-phosphogluconate dehydrogenase family protein [Arabidopsis thaliana],0.0,487,False,0.1489,0.0
NP_001332670.1,NP_001332670,1.3713439,antimicrobial,False,NP_001332670.1 6-phosphogluconate dehydrogenase family protein [Arabidopsis thaliana],0.0,487,False,0.1489,0.0
NP_001318724.1,NP_001318724,1.3713439,antimicrobial,False,NP_001318724.1 6-phosphogluconate dehydrogenase family protein [Arabidopsis thaliana],0.0,487,False,0.1489,0.0
NP_198982.1,NP_198982,1.3713439,antimicrobial,False,NP_198982.1 6-phosphogluconate dehydrogenase family protein [Arabidopsis thaliana],0.0,487,False,0.1489,0.0
NP_175293.1,NP_175293,1.3711567,antimicrobial,False,NP_175293.1 S-adenosyl-L-methionine-dependent methyltransferases superfamily protein [Arabidopsis thaliana],0.0,475,False,0.1522,0.0
NP_197775.3,NP_197775,1.3708204,PR_proteins,False,NP_197775.3 Pectinacetylesterase family protein [Arabidopsis thaliana],0.0,415,False,0.15,0.0
NP_001318631.1,NP_001318631,1.3708187,PR_proteins,False,NP_001318631.1 Pectinacetylesterase family protein [Arabidopsis thaliana],0.0,415,False,0.15,0.0
NP_194847.3,NP_194847,1.3707665,antimicrobial,False,NP_194847.3 Class II aminoacyl-tRNA and biotin synthetases superfamily protein [Arabidopsis thaliana],0.0,558,False,0.2222,0.0
NP_849558.1,NP_849558,1.3707665,antimicrobial,False,NP_849558.1 Class II aminoacyl-tRNA and biotin synthetases superfamily protein [Arabidopsis thaliana],0.0,558,False,0.2222,0.0
NP_001325636.1,NP_001325636,1.3707539,antimicrobial,False,NP_001325636.1 hydrolase family protein / HAD-superfamily protein [Arabidopsis thaliana],0.0,282,False,0.1111,0.0
NP_197172.1,NP_197172,1.3704056,PR_proteins,False,NP_197172.1 Glycosyl hydrolase superfamily protein [Arabidopsis thaliana],0.0,488,False,0.1702,0.0
NP_564625.1,NP_564625,1.3703433,antimicrobial,False,NP_564625.1 Lactate/malate dehydrogenase family protein [Arabidopsis thaliana],0.0,341,False,0.4242,0.0
NP_172651.1,NP_172651,1.3703088,antimicrobial,False,NP_172651.1 Seryl-tRNA synthetase [Arabidopsis thaliana],0.0,512,False,0.3,0.0
NP_567558.2,NP_567558,1.3702265,cell_death_HR,False,NP_567558.2 RNA helicase family protein [Arabidopsis thaliana],0.0,695,False,0.1176,0.0
NP_851233.1,NP_851233,1.3702207,antimicrobial,False,NP_851233.1 4-hydroxy-3-methylbut-2-enyl diphosphate synthase [Arabidopsis thaliana],0.0,741,False,0.1096,0.0
NP_850878.2,NP_850878,1.3699157,PR_proteins,False,NP_850878.2 Pectinacetylesterase family protein [Arabidopsis thaliana],0.0,416,False,0.175,0.0
NP_200868.2,NP_200868,1.3698856,antimicrobial,False,NP_200868.2 4-hydroxy-3-methylbut-2-enyl diphosphate synthase [Arabidopsis thaliana],0.0,740,False,0.137,0.0
NP_001327659.1,NP_001327659,1.3696291,antimicrobial,False,NP_001327659.1 UDP-GLUCOSE PYROPHOSPHORYLASE 1 [Arabidopsis thaliana],0.0,463,False,0.2222,0.0
NP_194678.2,NP_194678,1.3695238,antimicrobial,False,NP_194678.2 Metallopeptidase M24 family protein [Arabidopsis thaliana],0.0,486,False,0.0851,0.0
NP_197233.1,NP_197233,1.3691792,antimicrobial,False,NP_197233.1 UDP-glucose pyrophosphorylase 2 [Arabidopsis thaliana],0.0,470,False,0.2174,0.0
NP_190963.1,NP_190963,1.3690944,PR_proteins,True,NP_190963.1 glyoxal oxidase-related protein [Arabidopsis thaliana],0.0,545,False,0.1698,0.0
NP_173419.1,NP_173419,1.3689694,PR_proteins,True,NP_173419.1 glyoxal oxidase-related protein [Arabidopsis thaliana],0.0,548,False,0.1132,0.0
NP_974753.1,NP_974753,1.3688898,antimicrobial,False,NP_974753.1 sirtuin 2 [Arabidopsis thaliana],0.0,354,False,0.1176,0.0
NP_001320985.1,NP_001320985,1.3684572,antimicrobial,True,NP_001320985.1 L-fucokinase/GDP-L-fucose pyrophosphorylase [Arabidopsis thaliana],0.0,948,False,0.129,0.0
NP_179580.1,NP_179580,1.368377,antimicrobial,False,NP_179580.1 NADP-malic enzyme 1 [Arabidopsis thaliana],0.0,581,False,0.1579,0.0
NP_180800.1,NP_180800,1.368248,antimicrobial,False,NP_180800.1 AXR1-like protein [Arabidopsis thaliana],0.0,523,False,0.1176,0.0
NP_567460.1,NP_567460,1.3681347,antimicrobial,False,NP_567460.1 beta-amylase 5 [Arabidopsis thaliana],0.0,498,False,0.2083,0.0
NP_001332146.1,NP_001332146,1.3680031,PR_proteins,False,NP_001332146.1 Glycosyl hydrolase family protein [Arabidopsis thaliana],0.0,702,False,0.2609,0.0
NP_001190600.1,NP_001190600,1.3679916,antimicrobial,False,NP_001190600.1 1-deoxy-D-xylulose 5-phosphate reductoisomerase [Arabidopsis thaliana],0.0,497,False,0.2917,0.0
NP_001330691.1,NP_001330691,1.3675196,antimicrobial,False,NP_001330691.1 Phosphoglycerate mutase-like family protein [Arabidopsis thaliana],0.0,939,False,0.2174,0.0
NP_200262.1,NP_200262,1.3671672,antimicrobial,False,NP_200262.1 Auxin-responsive GH3 family protein [Arabidopsis thaliana],0.0,612,False,0.1167,0.0
NP_178071.1,NP_178071,1.36645,antimicrobial,False,NP_178071.1 glyceraldehyde-3-phosphate dehydrogenase of plastid 1 [Arabidopsis thaliana],0.0,422,False,0.2927,0.0
NP_568846.1,NP_568846,1.3662974,antimicrobial,False,NP_568846.1 myristoyl-CoA:protein N-myristoyltransferase [Arabidopsis thaliana],0.0,434,False,0.1667,0.0
NP_197693.1,NP_197693,1.3662093,antimicrobial,False,NP_197693.1 2-isopropylmalate synthase 2 [Arabidopsis thaliana],0.0,503,False,0.2041,0.0
NP_194656.1,NP_194656,1.3660655,PR_proteins,False,"NP_194656.1 HAD superfamily, subfamily IIIB acid phosphatase [Arabidopsis thaliana]",0.0,256,False,0.25,0.0
NP_027676.1,NP_027676,1.3657813,antimicrobial,False,NP_027676.1 vacuolar protein sorting 11 [Arabidopsis thaliana],0.0,932,False,0.163,0.0
NP_563721.1,NP_563721,1.3655312,antimicrobial,False,"NP_563721.1 NADH dehydrogenase ubiquinone complex I, assembly factor-like protein (DUF185) [Arabidopsis thaliana]",0.0,442,False,0.0698,0.0
NP_187952.1,NP_187952,1.3649523,antimicrobial,False,NP_187952.1 S-adenosyl-L-methionine-dependent methyltransferases superfamily protein [Arabidopsis thaliana],0.0,278,False,0.1538,0.0
NP_001327233.1,NP_001327233,1.3649523,antimicrobial,False,NP_001327233.1 S-adenosyl-L-methionine-dependent methyltransferases superfamily protein [Arabidopsis thaliana],0.0,278,False,0.1538,0.0
NP_849647.1,NP_849647,1.3647525,antimicrobial,False,NP_849647.1 Seryl-tRNA synthetase [Arabidopsis thaliana],0.0,514,False,0.26,0.0
NP_567149.2,NP_567149,1.3647246,cell_death_HR,False,NP_567149.2 FMN-linked oxidoreductases superfamily protein [Arabidopsis thaliana],0.0,419,False,0.15,0.0
NP_001328930.1,NP_001328930,1.3645496,antimicrobial,False,NP_001328930.1 stachyose synthase [Arabidopsis thaliana],0.0,923,False,0.1099,0.0
NP_187777.1,NP_187777,1.3645024,antimicrobial,False,NP_187777.1 lysyl-tRNA synthetase 1 [Arabidopsis thaliana],0.0,626,False,0.1967,0.0
NP_200630.1,NP_200630,1.3641233,antimicrobial,False,NP_200630.1 transthyretin-like protein [Arabidopsis thaliana],0.0,324,False,0.1935,0.0
NP_001324325.1,NP_001324325,1.3635746,PR_proteins,False,NP_001324325.1 Neutral/alkaline non-lysosomal ceramidase [Arabidopsis thaliana],0.0,757,False,0.1622,0.0
NP_001329472.1,NP_001329472,1.3632234,antimicrobial,False,NP_001329472.1 L-tyrosine decarboxylase [Arabidopsis thaliana],0.0,428,False,0.1707,0.0
NP_177239.1,NP_177239,1.3630883,antimicrobial,False,"NP_177239.1 phosphoglucomutase, putative / glucose phosphomutase [Arabidopsis thaliana]",0.0,615,False,0.2167,0.0
NP_565206.1,NP_565206,1.3629766,PR_proteins,False,NP_565206.1 Ca(2)-dependent phospholipid-binding protein (Copine) family [Arabidopsis thaliana],0.0,401,False,0.2821,0.0
NP_974918.1,NP_974918,1.362544,antimicrobial,True,NP_974918.1 pyridoxin (pyrodoxamine) 5'-phosphate oxidase [Arabidopsis thaliana],0.0,466,False,0.2444,0.0
NP_001320979.1,NP_001320979,1.3624794,antimicrobial,True,NP_001320979.1 L-fucokinase/GDP-L-fucose pyrophosphorylase [Arabidopsis thaliana],0.0,956,False,0.2021,0.0
NP_001320980.1,NP_001320980,1.3624794,antimicrobial,True,NP_001320980.1 L-fucokinase/GDP-L-fucose pyrophosphorylase [Arabidopsis thaliana],0.0,956,False,0.2021,0.0
NP_200613.2,NP_200613,1.3624418,PR_proteins,False,NP_200613.2 SHV3-like 4 [Arabidopsis thaliana],0.0,753,False,0.2297,0.0027
NP_974826.1,NP_974826,1.3623401,PR_proteins,False,NP_974826.1 Pectinacetylesterase family protein [Arabidopsis thaliana],0.0,436,False,0.1667,0.0
NP_197692.1,NP_197692,1.362105,antimicrobial,False,NP_197692.1 methylthioalkylmalate synthase 1 [Arabidopsis thaliana],0.0,506,False,0.1224,0.0
NP_196840.1,NP_196840,1.3620185,antimicrobial,False,NP_196840.1 Auxin-responsive GH3 family protein [Arabidopsis thaliana],0.0,594,False,0.0862,0.0
NP_173142.2,NP_173142,1.3620185,antimicrobial,False,NP_173142.2 trehalose-6-phosphate synthase [Arabidopsis thaliana],0.0,822,False,0.1728,0.0
NP_001031874.1,NP_001031874,1.3620185,antimicrobial,False,NP_001031874.1 Auxin-responsive GH3 family protein [Arabidopsis thaliana],0.0,594,False,0.0862,0.0
NP_179389.1,NP_179389,1.3619345,cell_death_HR,False,NP_179389.1 Sec1/munc18-like (SM) proteins superfamily [Arabidopsis thaliana],0.0,627,False,0.1475,0.0
NP_564555.1,NP_564555,1.3617793,antimicrobial,True,NP_564555.1 S-methyl-5-thioribose kinase [Arabidopsis thaliana],0.0,420,False,0.122,0.0
NP_191398.1,NP_191398,1.3617432,antimicrobial,False,NP_191398.1 Eukaryotic release factor 1 (eRF1) family protein [Arabidopsis thaliana],0.0,395,False,0.1316,0.0
NP_001078731.1,NP_001078731,1.3614208,antimicrobial,False,NP_001078731.1 Aldolase-type TIM barrel family protein [Arabidopsis thaliana],0.0,387,False,0.1081,0.0
NP_199608.1,NP_199608,1.3614208,antimicrobial,False,NP_199608.1 Aldolase-type TIM barrel family protein [Arabidopsis thaliana],0.0,387,False,0.1081,0.0
NP_196962.1,NP_196962,1.3613578,antimicrobial,False,NP_196962.1 polyribonucleotide nucleotidyltransferase [Arabidopsis thaliana],0.0,991,False,0.2449,0.0
NP_181337.2,NP_181337,1.3611954,PR_proteins,False,NP_181337.2 Neutral/alkaline non-lysosomal ceramidase [Arabidopsis thaliana],0.0,757,False,0.1622,0.0
NP_001117554.1,NP_001117554,1.3605374,PR_proteins,False,NP_001117554.1 beta expansin 6 [Arabidopsis thaliana],0.0,223,False,0.2381,0.0
NP_195813.1,NP_195813,1.3604025,PR_proteins,False,NP_195813.1 Glycosyl hydrolase superfamily protein [Arabidopsis thaliana],0.0,448,False,0.093,0.0
NP_566038.1,NP_566038,1.3602059,PR_proteins,False,NP_566038.1 Plant invertase/pectin methylesterase inhibitor superfamily [Arabidopsis thaliana],0.0,511,False,0.18,0.0
NP_001332247.1,NP_001332247,1.3598208,antimicrobial,False,NP_001332247.1 ATP citrate lyase subunit B 2 [Arabidopsis thaliana],0.0,608,False,0.2034,0.0
NP_199757.1,NP_199757,1.3598193,antimicrobial,False,NP_199757.1 ATP citrate lyase subunit B 2 [Arabidopsis thaliana],0.0,608,False,0.2034,0.0
NP_189545.1,NP_189545,1.3597393,PR_proteins,False,NP_189545.1 expansin A5 [Arabidopsis thaliana],0.0,255,False,0.375,0.0
NP_196400.2,NP_196400,1.3591028,PR_proteins,False,NP_196400.2 glucuronidase 2 [Arabidopsis thaliana],0.0,543,False,0.1698,0.0
NP_172010.1,NP_172010,1.3590988,antimicrobial,False,NP_172010.1 NAD(P)-binding Rossmann-fold superfamily protein [Arabidopsis thaliana],0.0,540,False,0.1321,0.0
NP_849735.1,NP_849735,1.3588959,antimicrobial,False,NP_849735.1 toprim domain-containing protein [Arabidopsis thaliana],0.0,709,False,0.1304,0.0
NP_564689.1,NP_564689,1.3585577,antimicrobial,False,NP_564689.1 S-adenosyl-L-methionine-dependent methyltransferases superfamily protein [Arabidopsis thaliana],0.0,311,False,0.1333,0.0
NP_849583.1,NP_849583,1.3583295,antimicrobial,False,NP_849583.1 methylcrotonyl-CoA carboxylase alpha chain [Arabidopsis thaliana],0.0,734,False,0.1389,0.0
NP_001031917.1,NP_001031917,1.3583153,antimicrobial,False,NP_001031917.1 Glyceraldehyde-3-phosphate dehydrogenase-like family protein [Arabidopsis thaliana],0.0,378,False,0.25,0.0
NP_179304.1,NP_179304,1.3583091,antimicrobial,False,NP_179304.1 isocitrate dehydrogenase subunit 2 [Arabidopsis thaliana],0.0,367,False,0.2857,0.0
NP_974139.2,NP_974139,1.3582147,antimicrobial,False,NP_974139.2 S-adenosyl-L-methionine-dependent methyltransferases superfamily protein [Arabidopsis thaliana],0.0,504,False,0.2449,0.0
NP_001320082.1,NP_001320082,1.3579662,antimicrobial,False,NP_001320082.1 Long-chain fatty alcohol dehydrogenase family protein [Arabidopsis thaliana],0.0,748,False,0.2192,0.0
NP_194586.1,NP_194586,1.3579662,antimicrobial,False,NP_194586.1 Long-chain fatty alcohol dehydrogenase family protein [Arabidopsis thaliana],0.0,748,False,0.2192,0.0
NP_195252.1,NP_195252,1.3575242,antimicrobial,False,NP_195252.1 isocitrate dehydrogenase 1 [Arabidopsis thaliana],0.0,367,False,0.2286,0.0
NP_176553.1,NP_176553,1.3574502,antimicrobial,False,"NP_176553.1 GMP synthase (glutamine-hydrolyzing), putative / glutamine amidotransferase [Arabidopsis thaliana]",0.0,534,False,0.1923,0.0
NP_176251.1,NP_176251,1.357186,antimicrobial,False,NP_176251.1 vacuolar protein sorting 34 [Arabidopsis thaliana],0.0,814,False,0.1625,0.0
NP_564800.1,NP_564800,1.3569657,antimicrobial,False,NP_564800.1 Terpenoid synthases superfamily protein [Arabidopsis thaliana],0.0,304,False,0.2759,0.0
NP_001321808.1,NP_001321808,1.3565205,antimicrobial,False,NP_001321808.1 4-phospho-panto-thenoylcysteine synthetase [Arabidopsis thaliana],0.0,317,False,0.2333,0.0
NP_563904.2,NP_563904,1.3565205,antimicrobial,False,NP_563904.2 4-phospho-panto-thenoylcysteine synthetase [Arabidopsis thaliana],0.0,317,False,0.2333,0.0
NP_196839.1,NP_196839,1.3562515,antimicrobial,False,NP_196839.1 Auxin-responsive GH3 family protein [Arabidopsis thaliana],0.0,587,False,0.0702,0.0
NP_001318554.1,NP_001318554,1.3562515,antimicrobial,False,NP_001318554.1 Auxin-responsive GH3 family protein [Arabidopsis thaliana],0.0,587,False,0.0702,0.0
NP_180034.1,NP_180034,1.3561461,antimicrobial,False,NP_180034.1 FAD-dependent oxidoreductase family protein [Arabidopsis thaliana],0.0,416,False,0.2,0.0
NP_180921.1,NP_180921,1.3559998,antimicrobial,False,NP_180921.1 NAD(P)-binding Rossmann-fold superfamily protein [Arabidopsis thaliana],0.0,480,False,0.1702,0.0
NP_564337.1,NP_564337,1.3559242,antimicrobial,False,NP_564337.1 glycyl-tRNA synthetase / glycine-tRNA ligase [Arabidopsis thaliana],0.0,729,False,0.2394,0.0
NP_182247.1,NP_182247,1.3556505,antimicrobial,False,NP_182247.1 RNA helicase family protein [Arabidopsis thaliana],0.0,729,False,0.1268,0.0
NP_564553.1,NP_564553,1.3553392,PR_proteins,False,NP_564553.1 PLC-like phosphodiesterases superfamily protein [Arabidopsis thaliana],0.0,359,False,0.0882,0.0
NP_850837.1,NP_850837,1.3553202,antimicrobial,False,NP_850837.1 UDP-glucose pyrophosphorylase 2 [Arabidopsis thaliana],0.0,390,False,0.2368,0.0
NP_001330921.1,NP_001330921,1.3553202,antimicrobial,False,NP_001330921.1 UDP-glucose pyrophosphorylase 2 [Arabidopsis thaliana],0.0,390,False,0.2368,0.0
NP_193114.1,NP_193114,1.3552636,antimicrobial,False,"NP_193114.1 methionine-tRNA ligase, putative / methionyl-tRNA synthetase, putative / MetRS [Arabidopsis thaliana]",0.0,797,False,0.1538,0.0
NP_187958.1,NP_187958,1.3551283,antimicrobial,False,"NP_187958.1 Lysyl-tRNA synthetase, class II [Arabidopsis thaliana]",0.0,602,False,0.2712,0.0
NP_195049.1,NP_195049,1.355121,PR_proteins,False,NP_195049.1 Plant invertase/pectin methylesterase inhibitor superfamily [Arabidopsis thaliana],0.0,609,False,0.2034,0.0
NP_199592.1,NP_199592,1.3550496,antimicrobial,True,NP_199592.1 phosphofructokinase 2 [Arabidopsis thaliana],0.0,444,False,0.1395,0.0
NP_567026.3,NP_567026,1.3541152,antimicrobial,False,NP_567026.3 DHFS-FPGS homolog D [Arabidopsis thaliana],0.0,492,False,0.125,0.0
NP_181042.1,NP_181042,1.3534954,antimicrobial,False,NP_181042.1 Trimeric LpxA-like enzyme [Arabidopsis thaliana],0.0,730,False,0.1944,0.0
NP_564001.1,NP_564001,1.3533067,antimicrobial,False,NP_564001.1 molybdenum cofactor sulfurase (LOS5) (ABA3) [Arabidopsis thaliana],0.0,819,False,0.125,0.0
NP_001322008.1,NP_001322008,1.3531997,antimicrobial,True,NP_001322008.1 hexokinase-like 1 [Arabidopsis thaliana],0.0,422,False,0.2683,0.0
NP_187310.1,NP_187310,1.3530235,antimicrobial,True,NP_187310.1 Mevalonate/galactokinase family protein [Arabidopsis thaliana],0.0,496,False,0.2292,0.0
NP_567747.4,NP_567747,1.3527341,antimicrobial,True,NP_567747.4 uridine kinase-like 4 [Arabidopsis thaliana],0.0,469,False,0.0667,0.0
NP_849448.4,NP_849448,1.3527341,antimicrobial,True,NP_849448.4 uridine kinase-like 4 [Arabidopsis thaliana],0.0,469,False,0.0667,0.0
NP_001328772.1,NP_001328772,1.3527341,antimicrobial,True,NP_001328772.1 uridine kinase-like 4 [Arabidopsis thaliana],0.0,469,False,0.0667,0.0
NP_001320072.1,NP_001320072,1.3527324,antimicrobial,True,NP_001320072.1 uridine kinase-like 4 [Arabidopsis thaliana],0.0,469,False,0.0667,0.0
NP_180165.1,NP_180165,1.3526151,PR_proteins,False,NP_180165.1 alpha-vacuolar processing enzyme [Arabidopsis thaliana],0.0,478,False,0.2609,0.0
NP_189036.1,NP_189036,1.351861,antimicrobial,False,NP_189036.1 dehydratase family [Arabidopsis thaliana],0.0,608,False,0.2034,0.0
NP_564264.1,NP_564264,1.3517405,PR_proteins,False,NP_564264.1 ribonuclease 3 [Arabidopsis thaliana],0.0,222,False,0.1905,0.0
NP_186780.3,NP_186780,1.3514661,antimicrobial,False,NP_186780.3 Phosphoglycerate mutase-like family protein [Arabidopsis thaliana],0.0,1056,True,0.1923,0.0
NP_001189959.1,NP_001189959,1.3512002,antimicrobial,False,NP_001189959.1 dehydratase family [Arabidopsis thaliana],0.0,606,False,0.2373,0.0
NP_001332077.1,NP_001332077,1.351104,PR_proteins,False,NP_001332077.1 alpha-galactosidase 1 [Arabidopsis thaliana],0.0,318,False,0.0667,0.0
NP_001031855.1,NP_001031855,1.3509674,PR_proteins,False,NP_001031855.1 alpha-galactosidase 2 [Arabidopsis thaliana],0.0,370,False,0.0833,0.0
NP_001330919.1,NP_001330919,1.3507866,antimicrobial,False,NP_001330919.1 UDP-glucose pyrophosphorylase 2 [Arabidopsis thaliana],0.0,385,False,0.1892,0.0
NP_175786.1,NP_175786,1.3505876,PR_proteins,False,NP_175786.1 pectin methylesterase 2 [Arabidopsis thaliana],0.0,587,False,0.2632,0.0
NP_200625.1,NP_200625,1.3504376,PR_proteins,False,NP_200625.1 SHV3-like 5 [Arabidopsis thaliana],0.0,750,False,0.2297,0.0027
NP_563840.1,NP_563840,1.350335,antimicrobial,False,NP_563840.1 rhodanese-like domain protein [Arabidopsis thaliana],0.0,581,False,0.1053,0.0
NP_187498.1,NP_187498,1.3501793,antimicrobial,False,NP_187498.1 PYRIMIDINE 4 [Arabidopsis thaliana],0.0,481,False,0.1915,0.0
NP_194690.1,NP_194690,1.3499024,antimicrobial,False,NP_194690.1 Cytidine/deoxycytidylate deaminase family protein [Arabidopsis thaliana],0.0,293,False,0.1786,0.0
NP_001332304.1,NP_001332304,1.3494022,antimicrobial,False,NP_001332304.1 phosphoglucosamine mutase family protein [Arabidopsis thaliana],0.0,638,False,0.1935,0.0
NP_198742.2,NP_198742,1.349323,PR_proteins,False,NP_198742.2 expansin A21 [Arabidopsis thaliana],0.0,262,False,0.24,0.0
NP_001078454.1,NP_001078454,1.3489897,PR_proteins,False,NP_001078454.1 expansin B3 [Arabidopsis thaliana],0.0,258,False,0.2083,0.0
NP_001078234.1,NP_001078234,1.3483152,antimicrobial,False,NP_001078234.1 nitrilase 1 [Arabidopsis thaliana],0.0,346,False,0.1515,0.0
NP_851011.1,NP_851011,1.3483105,antimicrobial,False,NP_851011.1 nitrilase 1 [Arabidopsis thaliana],0.0,346,False,0.1515,0.0
NP_001328715.1,NP_001328715,1.3482444,antimicrobial,False,NP_001328715.1 Glucose-1-phosphate adenylyltransferase family protein [Arabidopsis thaliana],0.0,521,False,0.1373,0.0
NP_195632.1,NP_195632,1.3482444,antimicrobial,False,NP_195632.1 Glucose-1-phosphate adenylyltransferase family protein [Arabidopsis thaliana],0.0,521,False,0.1373,0.0
NP_001328949.1,NP_001328949,1.3477756,antimicrobial,False,NP_001328949.1 thymidylate synthase 2 [Arabidopsis thaliana],0.0,540,False,0.1321,0.0
NP_190324.1,NP_190324,1.3477402,PR_proteins,False,NP_190324.1 Plant invertase/pectin methylesterase inhibitor superfamily [Arabidopsis thaliana],0.0,594,False,0.2586,0.0
NP_192629.1,NP_192629,1.3476717,antimicrobial,False,NP_192629.1 arginase [Arabidopsis thaliana],0.0,342,False,0.1515,0.0
NP_194311.1,NP_194311,1.3472687,PR_proteins,False,NP_194311.1 xyloglucan endotransglycosylase 6 [Arabidopsis thaliana],0.0,286,False,0.1481,0.0
NP_851018.1,NP_851018,1.3471558,antimicrobial,False,NP_851018.1 DHFS-FPGS homolog D [Arabidopsis thaliana],0.0,491,False,0.125,0.0
NP_849979.1,NP_849979,1.3470938,PR_proteins,False,NP_849979.1 plant natriuretic peptide A [Arabidopsis thaliana],0.0,130,False,0.25,0.0
NP_850077.1,NP_850077,1.3469522,PR_proteins,False,NP_850077.1 Plant invertase/pectin methylesterase inhibitor superfamily [Arabidopsis thaliana],0.0,614,False,0.2833,0.0033
NP_974915.1,NP_974915,1.3468868,antimicrobial,True,NP_974915.1 xylulose kinase-2 [Arabidopsis thaliana],0.0,426,False,0.1951,0.0
NP_568180.1,NP_568180,1.3468505,PR_proteins,False,NP_568180.1 Calcium-dependent phospholipid-binding Copine family protein [Arabidopsis thaliana],0.0,586,False,0.1404,0.0
NP_001330694.1,NP_001330694,1.3465911,antimicrobial,False,NP_001330694.1 Phosphoglycerate mutase-like family protein [Arabidopsis thaliana],0.0,1055,True,0.2404,0.0
NP_973704.1,NP_973704,1.346504,PR_proteins,False,NP_973704.1 purple acid phosphatase 14 [Arabidopsis thaliana],0.0,327,False,0.1613,0.0
NP_001326324.1,NP_001326324,1.3464149,antimicrobial,False,NP_001326324.1 ATP-citrate lyase B-1 [Arabidopsis thaliana],0.0,608,False,0.2034,0.0
NP_187317.1,NP_187317,1.3464149,antimicrobial,False,NP_187317.1 ATP-citrate lyase B-1 [Arabidopsis thaliana],0.0,608,False,0.2034,0.0
NP_001326563.1,NP_001326563,1.3463929,antimicrobial,False,NP_001326563.1 PYRIMIDINE 4 [Arabidopsis thaliana],0.0,468,False,0.2,0.0
NP_001078503.4,NP_001078503,1.346204,PR_proteins,False,NP_001078503.4 PLC-like phosphodiesterases superfamily protein [Arabidopsis thaliana],0.0,408,False,0.1538,0.0
NP_565717.2,NP_565717,1.3460829,antimicrobial,False,"NP_565717.2 Cysteinyl-tRNA synthetase, class Ia family protein [Arabidopsis thaliana]",0.0,563,False,0.1818,0.0
NP_568308.1,NP_568308,1.3460656,antimicrobial,False,NP_568308.1 Phosphoglycerate mutase-like family protein [Arabidopsis thaliana],0.0,1049,True,0.2136,0.0
NP_001330695.1,NP_001330695,1.3460656,antimicrobial,False,NP_001330695.1 Phosphoglycerate mutase-like family protein [Arabidopsis thaliana],0.0,1049,True,0.2136,0.0
NP_001321694.1,NP_001321694,1.3460169,antimicrobial,False,NP_001321694.1 photolyase 1 [Arabidopsis thaliana],0.0,466,False,0.1778,0.0
NP_001189701.1,NP_001189701,1.3456173,antimicrobial,False,NP_001189701.1 alanine:glyoxylate aminotransferase 3 [Arabidopsis thaliana],0.0,493,False,0.1458,0.0
NP_563906.1,NP_563906,1.3455371,antimicrobial,False,NP_563906.1 photolyase 1 [Arabidopsis thaliana],0.0,490,False,0.1667,0.0
NP_564322.1,NP_564322,1.3455076,PR_proteins,False,NP_564322.1 Cysteine proteinases superfamily protein [Arabidopsis thaliana],0.0,334,False,0.1562,0.0
NP_180760.2,NP_180760,1.3453677,PR_proteins,False,"NP_180760.2 DNA topoisomerase, type IA, core [Arabidopsis thaliana]",0.0,865,False,0.1176,0.0093
NP_001030614.1,NP_001030614,1.345342,antimicrobial,False,NP_001030614.1 Phosphoglycerate mutase-like family protein [Arabidopsis thaliana],0.0,1050,True,0.1635,0.0
NP_191632.2,NP_191632,1.3452644,PR_proteins,False,NP_191632.2 Plant invertase/pectin methylesterase inhibitor superfamily [Arabidopsis thaliana],0.0,519,False,0.16,0.0
NP_197804.1,NP_197804,1.3450432,antimicrobial,False,NP_197804.1 squalene monooxygenase 6 [Arabidopsis thaliana],0.0,517,False,0.28,0.0
NP_179668.1,NP_179668,1.3448563,PR_proteins,False,NP_179668.1 expansin B1 [Arabidopsis thaliana],0.0,271,False,0.3077,0.0
NP_001031916.1,NP_001031916,1.3446357,antimicrobial,False,NP_001031916.1 Glyceraldehyde-3-phosphate dehydrogenase-like family protein [Arabidopsis thaliana],0.0,378,False,0.25,0.0
NP_001189703.1,NP_001189703,1.3446058,antimicrobial,False,NP_001189703.1 Amino acid dehydrogenase family protein [Arabidopsis thaliana],0.0,332,False,0.125,0.0
NP_195610.3,NP_195610,1.3444347,PR_proteins,False,NP_195610.3 glycosyl hydrolase 9B16 [Arabidopsis thaliana],0.0,347,False,0.2424,0.0
NP_193478.1,NP_193478,1.3439748,PR_proteins,False,NP_193478.1 alpha/beta-Hydrolases superfamily protein [Arabidopsis thaliana],0.0,304,False,0.1034,0.0
NP_001330163.1,NP_001330163,1.3439583,PR_proteins,False,NP_001330163.1 glucuronidase 1 [Arabidopsis thaliana],0.0,539,False,0.1923,0.0
NP_200933.2,NP_200933,1.3439583,PR_proteins,False,NP_200933.2 glucuronidase 1 [Arabidopsis thaliana],0.0,539,False,0.1923,0.0
NP_851238.1,NP_851238,1.3439583,PR_proteins,False,NP_851238.1 glucuronidase 1 [Arabidopsis thaliana],0.0,539,False,0.1923,0.0
NP_001078788.1,NP_001078788,1.3428019,PR_proteins,False,NP_001078788.1 Carbohydrate-binding X8 domain superfamily protein [Arabidopsis thaliana],0.0,110,False,0.1,0.0
NP_177929.1,NP_177929,1.3417224,PR_proteins,False,NP_177929.1 Glycosyl hydrolase family protein [Arabidopsis thaliana],0.0,767,False,0.1333,0.0026
NP_177454.1,NP_177454,1.3403317,antimicrobial,False,NP_177454.1 P-loop containing nucleoside triphosphate hydrolases superfamily protein [Arabidopsis thaliana],0.0,432,False,0.2143,0.007
NP_568314.1,NP_568314,1.3400695,PR_proteins,False,NP_568314.1 casein lytic proteinase B3 [Arabidopsis thaliana],26.39236068725586,968,False,0.2316,0.0
NP_565797.1,NP_565797,1.3392632,PR_proteins,False,NP_565797.1 EXORDIUM like 7 [Arabidopsis thaliana],0.0,323,False,0.1613,0.0
NP_199968.1,NP_199968,1.3392582,PR_proteins,False,NP_199968.1 EXORDIUM like 3 [Arabidopsis thaliana],0.0,337,False,0.1562,0.0
NP_568944.1,NP_568944,1.3386017,PR_proteins,False,NP_568944.1 Calcium-dependent phospholipid-binding Copine family protein [Arabidopsis thaliana],0.0,578,False,0.2321,0.0
NP_974977.1,NP_974977,1.3386017,PR_proteins,False,NP_974977.1 Calcium-dependent phospholipid-binding Copine family protein [Arabidopsis thaliana],0.0,578,False,0.2321,0.0
NP_001190764.1,NP_001190764,1.3384352,PR_proteins,False,NP_001190764.1 NAD(P)-binding Rossmann-fold superfamily protein [Arabidopsis thaliana],0.0,627,False,0.2459,0.0
NP_001331903.1,NP_001331903,1.3380303,PR_proteins,False,NP_001331903.1 beta-D-xylosidase 4 [Arabidopsis thaliana],0.0,610,False,0.1333,0.0
NP_001329368.1,NP_001329368,1.3372539,PR_proteins,False,NP_001329368.1 beta-amylase 5 [Arabidopsis thaliana],0.0,445,False,0.2093,0.0
NP_001329367.1,NP_001329367,1.3372523,PR_proteins,False,NP_001329367.1 beta-amylase 5 [Arabidopsis thaliana],0.0,445,False,0.2093,0.0
NP_195393.1,NP_195393,1.3371723,PR_proteins,False,NP_195393.1 Quinone reductase family protein [Arabidopsis thaliana],0.0,273,False,0.4231,0.0
NP_199544.1,NP_199544,1.3348114,PR_proteins,False,NP_199544.1 alpha/beta-Hydrolases superfamily protein [Arabidopsis thaliana],0.0,314,False,0.0667,0.0
NP_191765.2,NP_191765,1.3336518,PR_proteins,False,NP_191765.2 Pectinacetylesterase family protein [Arabidopsis thaliana],0.0,419,False,0.125,0.0
NP_195226.1,NP_195226,1.3329221,PR_proteins,True,NP_195226.1 ascorbate peroxidase 3 [Arabidopsis thaliana],0.0,287,False,0.2963,0.0
NP_001030815.1,NP_001030815,1.3328954,PR_proteins,False,NP_001030815.1 expansin-like A3 [Arabidopsis thaliana],0.0,263,False,0.24,0.0
NP_196799.1,NP_196799,1.3318225,PR_proteins,False,NP_196799.1 proline-tRNA ligase (DUF1680) [Arabidopsis thaliana],0.0,861,False,0.1059,0.0
NP_196800.2,NP_196800,1.3299365,PR_proteins,False,NP_196800.2 proline-tRNA ligase (DUF1680) [Arabidopsis thaliana],0.0,865,False,0.0824,0.0
NP_001326878.1,NP_001326878,1.3288368,PR_proteins,False,NP_001326878.1 Pectinacetylesterase family protein [Arabidopsis thaliana],0.0,456,False,0.1136,0.0
NP_180588.1,NP_180588,1.3284386,PR_proteins,False,NP_180588.1 VACUOLAR SORTING RECEPTOR 2 [Arabidopsis thaliana],0.0,625,False,0.1148,0.0032
NP_197252.1,NP_197252,1.327329,PR_proteins,False,NP_197252.1 Glycosyl hydrolase superfamily protein [Arabidopsis thaliana],0.0,526,False,0.1765,0.0
NP_199038.1,NP_199038,1.3269342,PR_proteins,False,NP_199038.1 serine carboxypeptidase-like 41 [Arabidopsis thaliana],0.0,469,False,0.1778,0.0
NP_001318730.1,NP_001318730,1.3269342,PR_proteins,False,NP_001318730.1 serine carboxypeptidase-like 41 [Arabidopsis thaliana],0.0,469,False,0.1778,0.0
NP_195571.3,NP_195571,1.3265526,PR_proteins,False,NP_195571.3 beta-galactosidase 14 [Arabidopsis thaliana],0.0,817,False,0.15,0.0
NP_198423.1,NP_198423,1.3260878,PR_proteins,False,NP_198423.1 Carbohydrate-binding X8 domain superfamily protein [Arabidopsis thaliana],0.0,119,False,0.3,0.0
NP_199341.1,NP_199341,1.3258712,PR_proteins,False,NP_199341.1 Pectinacetylesterase family protein [Arabidopsis thaliana],0.0,391,False,0.1842,0.0
NP_191776.1,NP_191776,1.3255464,PR_proteins,False,NP_191776.1 VANGUARD-like protein [Arabidopsis thaliana],0.0,588,False,0.2281,0.0
NP_001323338.1,NP_001323338,1.3254397,PR_proteins,False,NP_001323338.1 alpha-amylase-like 2 [Arabidopsis thaliana],0.0,413,False,0.15,0.0
NP_177740.1,NP_177740,1.3254397,PR_proteins,False,NP_177740.1 alpha-amylase-like 2 [Arabidopsis thaliana],0.0,413,False,0.15,0.0
NP_195834.1,NP_195834,1.3252681,PR_proteins,True,NP_195834.1 Pathogenesis-related thaumatin superfamily protein [Arabidopsis thaliana],0.0,294,False,0.2857,0.0
NP_569048.1,NP_569048,1.3252581,PR_proteins,False,NP_569048.1 Subtilase family protein [Arabidopsis thaliana],0.0,757,False,0.3514,0.0
NP_198744.2,NP_198744,1.3249549,PR_proteins,False,NP_198744.2 expansin A23 [Arabidopsis thaliana],0.0,275,False,0.1154,0.0
NP_190182.2,NP_190182,1.3224058,PR_proteins,False,NP_190182.2 expansin-like A3 [Arabidopsis thaliana],0.0,215,False,0.05,0.0
NP_199962.1,NP_199962,1.3200682,PR_proteins,False,NP_199962.1 Plant invertase/pectin methylesterase inhibitor superfamily [Arabidopsis thaliana],0.0,536,False,0.1731,0.0
NP_198746.2,NP_198746,1.32001,PR_proteins,False,NP_198746.2 expansin A25 [Arabidopsis thaliana],0.0,276,False,0.0769,0.0
NP_001327677.1,NP_001327677,1.3198167,PR_proteins,False,NP_001327677.1 expansin-like A1 [Arabidopsis thaliana],0.0,238,False,0.1818,0.0
NP_188596.1,NP_188596,1.3193568,PR_proteins,False,NP_188596.1 Glycosyl hydrolase family protein [Arabidopsis thaliana],0.0,781,False,0.1818,0.0
NP_849349.1,NP_849349,1.318224,PR_proteins,False,NP_849349.1 glycosyl hydrolase 9B14 [Arabidopsis thaliana],0.0,478,False,0.1522,0.0
NP_565512.1,NP_565512,1.3175359,PR_proteins,False,NP_565512.1 Papain family cysteine protease [Arabidopsis thaliana],0.0,361,False,0.2857,0.0
NP_201231.1,NP_201231,1.3171493,PR_proteins,False,NP_201231.1 EXORDIUM like 2 [Arabidopsis thaliana],0.0,305,False,0.4138,0.0
NP_974447.1,NP_974447,1.3168344,PR_proteins,False,NP_974447.1 Melibiase family protein [Arabidopsis thaliana],0.0,413,False,0.1,0.0
NP_187339.2,NP_187339,1.3164712,PR_proteins,False,NP_187339.2 Plant invertase/pectin methylesterase inhibitor superfamily [Arabidopsis thaliana],0.0,568,False,0.2,0.0
NP_973628.1,NP_973628,1.3161746,PR_proteins,False,NP_973628.1 Neutral/alkaline non-lysosomal ceramidase [Arabidopsis thaliana],0.0,792,False,0.1923,0.0
NP_001154494.1,NP_001154494,1.3161463,PR_proteins,False,NP_001154494.1 Carbohydrate-binding X8 domain superfamily protein [Arabidopsis thaliana],0.0,104,False,0.0,0.0
NP_176486.1,NP_176486,1.3161113,PR_proteins,False,NP_176486.1 expansin A18 [Arabidopsis thaliana],0.0,257,False,0.25,0.0
NP_176737.2,NP_176737,1.3160747,PR_proteins,False,NP_176737.2 beta-hexosaminidase 3 [Arabidopsis thaliana],0.0,535,False,0.1346,0.0
NP_172895.2,NP_172895,1.3157448,PR_proteins,True,NP_172895.2 glyoxal oxidase-related protein [Arabidopsis thaliana],0.0,564,False,0.2364,0.0
NP_196733.1,NP_196733,1.3156948,PR_proteins,False,NP_196733.1 Glycosyl hydrolases family 31 protein [Arabidopsis thaliana],0.0,902,False,0.1798,0.0022
NP_974827.1,NP_974827,1.3156465,PR_proteins,False,NP_974827.1 Pectinacetylesterase family protein [Arabidopsis thaliana],0.0,451,False,0.2045,0.0
NP_564245.1,NP_564245,1.3147018,PR_proteins,False,NP_564245.1 FAD-binding Berberine family protein [Arabidopsis thaliana],0.0,530,False,0.1923,0.0
NP_200789.2,NP_200789,1.3144469,PR_proteins,False,NP_200789.2 Subtilase family protein [Arabidopsis thaliana],0.0,778,False,0.2368,0.0
NP_193744.1,NP_193744,1.3143369,PR_proteins,False,NP_193744.1 VACUOLAR SORTING RECEPTOR 7 [Arabidopsis thaliana],0.0,625,False,0.1639,0.0032
NP_178444.1,NP_178444,1.3140587,PR_proteins,False,NP_178444.1 purple acid phosphatase 9 [Arabidopsis thaliana],0.0,651,False,0.1562,0.0
NP_172575.2,NP_172575,1.313169,PR_proteins,False,NP_172575.2 serine carboxypeptidase-like 31 [Arabidopsis thaliana],0.0,492,False,0.1458,0.0
NP_001325999.1,NP_001325999,1.3125492,PR_proteins,False,NP_001325999.1 Cellulase (glycosyl hydrolase family 5) protein [Arabidopsis thaliana],0.0,576,False,0.2143,0.0
NP_567714.1,NP_567714,1.3119794,PR_proteins,False,NP_567714.1 alpha-amylase-like protein [Arabidopsis thaliana],0.0,423,False,0.1951,0.0
NP_566103.1,NP_566103,1.3119195,PR_proteins,False,NP_566103.1 Plant invertase/pectin methylesterase inhibitor superfamily [Arabidopsis thaliana],0.0,560,False,0.1818,0.0
NP_563659.1,NP_563659,1.3118862,PR_proteins,False,NP_563659.1 beta-xylosidase 2 [Arabidopsis thaliana],0.0,768,False,0.0933,0.0
NP_191958.3,NP_191958,1.3116013,PR_proteins,False,NP_191958.3 beta-amylase 2 [Arabidopsis thaliana],0.0,542,False,0.1698,0.0
NP_188562.1,NP_188562,1.31063,PR_proteins,False,NP_188562.1 PLC-like phosphodiesterases superfamily protein [Arabidopsis thaliana],0.0,413,False,0.15,0.0
NP_181895.2,NP_181895,1.3101251,PR_proteins,False,NP_181895.2 Carbohydrate-binding X8 domain superfamily protein [Arabidopsis thaliana],0.0,121,False,0.0,0.0
NP_567215.1,NP_567215,1.3090022,PR_proteins,False,NP_567215.1 Cysteine proteinases superfamily protein [Arabidopsis thaliana],0.0,359,False,0.1176,0.0
NP_001332171.1,NP_001332171,1.3072823,antimicrobial,False,NP_001332171.1 ABC2 homolog 15 [Arabidopsis thaliana],0.0,953,False,0.3085,0.0
NP_188156.1,NP_188156,1.3071045,PR_proteins,False,NP_188156.1 expansin 12 [Arabidopsis thaliana],0.0,252,False,0.375,0.0
NP_567017.2,NP_567017,1.3069129,PR_proteins,False,NP_567017.2 beta-hexosaminidase 1 [Arabidopsis thaliana],0.0,541,False,0.0755,0.0
NP_190180.1,NP_190180,1.3066363,PR_proteins,False,NP_190180.1 Glycosyl hydrolases family 31 protein [Arabidopsis thaliana],0.0,868,False,0.0941,0.0
NP_200359.1,NP_200359,1.3066163,PR_proteins,False,NP_200359.1 SHV3-like 1 [Arabidopsis thaliana],0.0,766,False,0.2933,0.0
NP_174746.1,NP_174746,1.306548,PR_proteins,False,NP_174746.1 Phosphate-responsive 1 family protein [Arabidopsis thaliana],0.0,309,False,0.1724,0.0
NP_001329800.1,NP_001329800,1.3047386,PR_proteins,False,NP_001329800.1 glycosyl hydrolase 9B18 [Arabidopsis thaliana],0.0,389,False,0.2703,0.0078
NP_175191.2,NP_175191,1.3041456,PR_proteins,False,NP_175191.2 beta glucosidase 34 [Arabidopsis thaliana],0.0,511,False,0.28,0.0
NP_198139.1,NP_198139,1.3039356,PR_proteins,False,NP_198139.1 Plant invertase/pectin methylesterase inhibitor superfamily [Arabidopsis thaliana],0.0,732,False,0.3194,0.1114
NP_001031061.2,NP_001031061,1.3031278,antimicrobial,False,NP_001031061.2 D-3-phosphoglycerate dehydrogenase [Arabidopsis thaliana],0.0,651,False,0.3281,0.0
NP_567360.1,NP_567360,1.3029543,PR_proteins,False,NP_567360.1 Subtilase family protein [Arabidopsis thaliana],0.0,747,False,0.2192,0.0
NP_564412.1,NP_564412,1.302716,PR_proteins,False,NP_564412.1 Subtilase family protein [Arabidopsis thaliana],0.0,774,False,0.25,0.0
NP_001118954.1,NP_001118954,1.3026177,PR_proteins,False,NP_001118954.1 Carbohydrate-binding X8 domain superfamily protein [Arabidopsis thaliana],0.0,114,False,0.2,0.0
NP_567489.1,NP_567489,1.3025994,PR_proteins,False,NP_567489.1 Papain family cysteine protease [Arabidopsis thaliana],0.0,373,False,0.1389,0.0
NP_001331234.1,NP_001331234,1.3019329,PR_proteins,False,"NP_001331234.1 Beta-glucosidase, GBA2 type family protein [Arabidopsis thaliana]",0.0,695,False,0.1912,0.0
NP_849281.1,NP_849281,1.3015431,PR_proteins,False,NP_849281.1 Cysteine proteinases superfamily protein [Arabidopsis thaliana],0.0,359,False,0.1176,0.0
NP_565051.1,NP_565051,1.3014565,PR_proteins,False,NP_565051.1 beta-galactosidase 17 [Arabidopsis thaliana],0.0,697,False,0.1618,0.0
NP_001321343.1,NP_001321343,1.3014565,PR_proteins,False,NP_001321343.1 beta-galactosidase 17 [Arabidopsis thaliana],0.0,697,False,0.1618,0.0
NP_176996.1,NP_176996,1.3007318,PR_proteins,False,NP_176996.1 endonuclease 2 [Arabidopsis thaliana],0.0,290,False,0.1071,0.0
NP_973870.1,NP_973870,1.3006684,PR_proteins,True,NP_973870.1 Pathogenesis-related thaumatin superfamily protein [Arabidopsis thaliana],0.0,316,False,0.3,0.0
NP_199039.1,NP_199039,1.3006034,PR_proteins,False,NP_199039.1 serine carboxypeptidase-like 42 [Arabidopsis thaliana],0.0,473,False,0.1739,0.0
NP_176458.1,NP_176458,1.3004402,PR_proteins,False,NP_176458.1 beta vacuolar processing enzyme [Arabidopsis thaliana],0.0,486,False,0.1489,0.0
NP_177973.4,NP_177973,1.3003918,PR_proteins,False,NP_177973.4 Carbohydrate-binding X8 domain superfamily protein [Arabidopsis thaliana],0.0,115,False,0.0,0.0
NP_001189637.1,NP_001189637,1.3003535,PR_proteins,False,NP_001189637.1 VACUOLAR SORTING RECEPTOR 2 [Arabidopsis thaliana],0.0,641,False,0.1111,0.0031
NP_194561.1,NP_194561,1.300002,PR_proteins,False,NP_194561.1 Glycosyl hydrolase superfamily protein [Arabidopsis thaliana],0.0,431,False,0.0476,0.0
NP_851093.1,NP_851093,1.2994555,PR_proteins,False,NP_851093.1 glucuronidase 3 [Arabidopsis thaliana],0.0,536,False,0.0769,0.0
NP_001184957.1,NP_001184957,1.2993605,PR_proteins,False,NP_001184957.1 serine carboxypeptidase-like 31 [Arabidopsis thaliana],0.0,495,False,0.1458,0.0
NP_568651.1,NP_568651,1.298111,PR_proteins,False,NP_568651.1 senescence-associated gene 12 [Arabidopsis thaliana],0.0,346,False,0.1212,0.0
NP_567029.1,NP_567029,1.2969548,PR_proteins,False,NP_567029.1 Cyclophilin-like peptidyl-prolyl cis-trans isomerase family protein [Arabidopsis thaliana],0.0,228,False,0.1429,0.0
NP_001185165.1,NP_001185165,1.2964982,PR_proteins,False,NP_001185165.1 beta glucosidase 34 [Arabidopsis thaliana],0.0,510,False,0.26,0.0
NP_001324717.1,NP_001324717,1.2964915,PR_proteins,True,NP_001324717.1 Barwin-like endoglucanases superfamily protein [Arabidopsis thaliana],0.0,237,False,0.3182,0.0
NP_194087.1,NP_194087,1.2958784,PR_proteins,False,NP_194087.1 glycosyl hydrolase 9B15 [Arabidopsis thaliana],0.0,479,False,0.1522,0.0
NP_001118955.1,NP_001118955,1.2948954,PR_proteins,False,NP_001118955.1 Carbohydrate-binding X8 domain superfamily protein [Arabidopsis thaliana],0.0,116,False,0.2,0.0
NP_001118957.1,NP_001118957,1.2948937,PR_proteins,False,NP_001118957.1 Carbohydrate-binding X8 domain superfamily protein [Arabidopsis thaliana],0.0,116,False,0.2,0.0
NP_001321679.1,NP_001321679,1.2948254,PR_proteins,False,NP_001321679.1 glycosyl hydrolase 9B5 [Arabidopsis thaliana],11.121731758117676,419,False,0.225,0.0
NP_566920.1,NP_566920,1.2947855,PR_proteins,False,NP_566920.1 Cysteine proteinases superfamily protein [Arabidopsis thaliana],0.0,341,False,0.1515,0.0
NP_001318858.1,NP_001318858,1.2946888,PR_proteins,False,NP_001318858.1 ABC2 homolog 15 [Arabidopsis thaliana],0.0,952,False,0.2872,0.0
NP_172824.3,NP_172824,1.2930844,PR_proteins,False,NP_172824.3 PLC-like phosphodiesterases superfamily protein [Arabidopsis thaliana],0.0,346,False,0.0606,0.0
NP_200248.1,NP_200248,1.2929845,PR_proteins,False,NP_200248.1 Late embryogenesis abundant (LEA) protein-like protein [Arabidopsis thaliana],0.0,337,False,0.125,0.0
NP_178427.2,NP_178427,1.2922214,PR_proteins,False,NP_178427.2 O-fucosyltransferase family protein [Arabidopsis thaliana],0.0,481,False,0.1702,0.0
NP_190768.1,NP_190768,1.292183,PR_proteins,False,NP_190768.1 serine carboxypeptidase-like 36 [Arabidopsis thaliana],0.0,482,False,0.0638,0.0
NP_175558.3,NP_175558,1.2921398,PR_proteins,False,NP_175558.3 beta glucosidase 35 [Arabidopsis thaliana],0.0,511,False,0.28,0.0
NP_974913.1,NP_974913,1.2474965,antimicrobial,False,NP_974913.1 protein arginine methyltransferase 4A [Arabidopsis thaliana],0.0,526,False,0.2549,0.0
NP_190046.2,NP_190046,1.2451541,antimicrobial,False,NP_190046.2 cyclophilin71 [Arabidopsis thaliana],0.0,631,False,0.0968,0.0
NP_199713.2,NP_199713,1.2408518,antimicrobial,False,NP_199713.2 protein arginine methyltransferase 4A [Arabidopsis thaliana],0.0,528,False,0.2941,0.0
NP_564646.3,NP_564646,1.2042195,NBS_LRR,False,NP_564646.3 Eukaryotic translation initiation factor 2B (eIF-2B) family protein [Arabidopsis thaliana],0.0,580,False,0.2456,0.0
NP_195351.2,NP_195351,1.1921705,antimicrobial,True,"NP_195351.2 Histidine kinase-, DNA gyrase B-, and HSP90-like ATPase family protein [Arabidopsis thaliana]",0.0,626,False,0.2459,0.0
NP_182112.2,NP_182112,1.1819317,PR_proteins,False,NP_182112.2 beta-amylase 7 [Arabidopsis thaliana],0.0,691,False,0.2794,0.0
NP_001322172.1,NP_001322172,1.1623935,NBS_LRR,False,NP_001322172.1 Eukaryotic translation initiation factor 2B (eIF-2B) family protein [Arabidopsis thaliana],0.0,595,False,0.2759,0.0
NP_001322173.1,NP_001322173,1.151661,NBS_LRR,False,NP_001322173.1 Eukaryotic translation initiation factor 2B (eIF-2B) family protein [Arabidopsis thaliana],0.0,604,False,0.2203,0.0
NP_568000.1,NP_568000,1.1474031,antimicrobial,False,NP_568000.1 compromized recognition of TCV 1 [Arabidopsis thaliana],0.0,635,False,0.2581,0.0
NP_175838.4,NP_175838,1.1421536,antimicrobial,False,NP_175838.4 TBP-ASSOCIATED FACTOR 6B [Arabidopsis thaliana],0.0,503,False,0.2245,0.0
NP_001327322.1,NP_001327322,1.1299353,defense_signaling,False,NP_001327322.1 calmodulin-binding transcription activator [Arabidopsis thaliana],34.23167419433594,739,False,0.1528,0.0
NP_178164.3,NP_178164,1.1282647,antimicrobial,False,NP_178164.3 TOPLESS-related 1 [Arabidopsis thaliana],0.0,1119,True,0.2091,0.0
NP_001319429.1,NP_001319429,1.1224662,antimicrobial,False,NP_001319429.1 TOPLESS-related 1 [Arabidopsis thaliana],0.0,1120,True,0.2252,0.0
NP_849913.2,NP_849913,1.1224662,antimicrobial,False,NP_849913.2 TOPLESS-related 1 [Arabidopsis thaliana],0.0,1120,True,0.2252,0.0
NP_173317.2,NP_173317,1.1220447,antimicrobial,False,NP_173317.2 Transducin/WD40 repeat-like superfamily protein [Arabidopsis thaliana],0.0,969,False,0.1684,0.0
NP_001031187.2,NP_001031187,1.1125966,antimicrobial,False,NP_001031187.2 TBP-ASSOCIATED FACTOR 6B [Arabidopsis thaliana],0.0,497,False,0.2083,0.0
NP_198055.3,NP_198055,1.1120397,antimicrobial,False,NP_198055.3 TOPLESS-related 3 [Arabidopsis thaliana],0.0,1108,True,0.1743,0.0
NP_188319.2,NP_188319,1.1043044,defense_signaling,False,NP_188319.2 calmodulin-binding transcription activator [Arabidopsis thaliana],33.95841979980469,845,False,0.1807,0.0
NP_194227.2,NP_194227,1.1034396,antimicrobial,True,"NP_194227.2 Histidine kinase-, DNA gyrase B-, and HSP90-like ATPase family protein [Arabidopsis thaliana]",0.0,707,False,0.2464,0.0028
NP_849672.1,NP_849672,1.1001345,antimicrobial,False,NP_849672.1 Transducin family protein / WD-40 repeat family protein [Arabidopsis thaliana],0.0,1131,True,0.2054,0.0027
NP_001031051.1,NP_001031051,1.1001345,antimicrobial,False,NP_001031051.1 Transducin family protein / WD-40 repeat family protein [Arabidopsis thaliana],0.0,1131,True,0.2054,0.0027
NP_563981.1,NP_563981,1.1001345,antimicrobial,False,NP_563981.1 Transducin family protein / WD-40 repeat family protein [Arabidopsis thaliana],0.0,1131,True,0.2054,0.0027
NP_001031050.1,NP_001031050,1.1001345,antimicrobial,False,NP_001031050.1 Transducin family protein / WD-40 repeat family protein [Arabidopsis thaliana],0.0,1131,True,0.2054,0.0027
NP_200922.2,NP_200922,1.0938987,antimicrobial,False,NP_200922.2 U5 small nuclear ribonucleoprotein helicase [Arabidopsis thaliana],0.0,2146,True,0.1455,0.0103
NP_001190584.1,NP_001190584,1.0938987,antimicrobial,False,NP_001190584.1 U5 small nuclear ribonucleoprotein helicase [Arabidopsis thaliana],0.0,2157,True,0.1449,0.0102
NP_001323711.1,NP_001323711,1.0909482,RLK_defense,False,NP_001323711.1 SNF2 domain-containing protein / helicase domain-containing protein [Arabidopsis thaliana],0.0,876,False,0.3023,0.0
NP_001190382.1,NP_001190382,1.0888777,defense_signaling,False,NP_001190382.1 inositol requiring 1-1 [Arabidopsis thaliana],147.18955993652344,887,False,0.2184,0.0
NP_176899.2,NP_176899,1.0884281,defense_signaling,False,NP_176899.2 Calmodulin-binding transcription activator protein with CG-1 and Ankyrin domain [Arabidopsis thaliana],32.069053649902344,1016,False,0.22,0.0079
NP_189317.1,NP_189317,1.0876487,antimicrobial,False,NP_189317.1 Esterase/lipase/thioesterase family protein [Arabidopsis thaliana],0.0,634,False,0.1935,0.0
NP_182025.2,NP_182025,1.0852005,RLK_defense,False,NP_182025.2 SNF2 domain-containing protein / helicase domain-containing protein [Arabidopsis thaliana],0.0,851,False,0.2619,0.0
NP_187981.1,NP_187981,1.0845371,antimicrobial,False,NP_187981.1 LSD1-like2 [Arabidopsis thaliana],0.0,746,False,0.2329,0.0
NP_178053.4,NP_178053,1.0839047,antimicrobial,False,NP_178053.4 RING/FYVE/PHD zinc finger superfamily protein [Arabidopsis thaliana],67.4002685546875,1295,True,0.2891,0.0
NP_196817.2,NP_196817,1.0784602,antimicrobial,True,"NP_196817.2 Histidine kinase-, DNA gyrase B-, and HSP90-like ATPase family protein [Arabidopsis thaliana]",0.0,708,False,0.1884,0.0
NP_001327323.1,NP_001327323,1.0777477,defense_signaling,False,NP_001327323.1 calmodulin-binding transcription activator [Arabidopsis thaliana],34.03440856933594,818,False,0.2125,0.0
NP_001190383.1,NP_001190383,1.0773566,defense_signaling,False,NP_001190383.1 inositol requiring 1-1 [Arabidopsis thaliana],147.31698608398438,867,False,0.2235,0.0
NP_568444.1,NP_568444,1.0759085,defense_signaling,False,NP_568444.1 inositol requiring 1-1 [Arabidopsis thaliana],147.20748901367188,881,False,0.1839,0.0
NP_195165.2,NP_195165,1.0744567,NBS_LRR,False,NP_195165.2 extra-large GTP-binding protein 2 [Arabidopsis thaliana],0.0,861,False,0.1647,0.0023
NP_974433.2,NP_974433,1.0738567,NBS_LRR,False,NP_974433.2 Zinc finger (C3HC4-type RING finger) family protein [Arabidopsis thaliana],0.0,632,False,0.2258,0.0
NP_001030861.1,NP_001030861,1.0735755,NBS_LRR,False,NP_001030861.1 Zinc finger (C3HC4-type RING finger) family protein [Arabidopsis thaliana],0.0,633,False,0.2742,0.0
NP_176102.1,NP_176102,1.0732679,defense_signaling,False,NP_176102.1 RNA helicase family protein [Arabidopsis thaliana],0.0,1417,True,0.3286,0.0
NP_973689.2,NP_973689,1.0710734,RLK_defense,False,NP_973689.2 SNF2 domain-containing protein / helicase domain-containing protein [Arabidopsis thaliana],0.0,877,False,0.314,0.0
NP_176103.2,NP_176103,1.0709145,defense_signaling,False,NP_176103.2 RNA helicase family protein [Arabidopsis thaliana],0.0,1459,True,0.2986,0.0
NP_192999.1,NP_192999,1.0697294,antimicrobial,False,NP_192999.1 origin of replication complex 1B [Arabidopsis thaliana],0.0,813,False,0.25,0.0
NP_001332730.1,NP_001332730,1.0687243,antimicrobial,False,NP_001332730.1 Esterase/lipase/thioesterase family protein [Arabidopsis thaliana],0.0,716,False,0.1714,0.0
NP_568787.1,NP_568787,1.0686707,RLK_defense,False,NP_568787.1 FTSH protease 11 [Arabidopsis thaliana],0.0,806,False,0.3797,0.0
NP_565419.1,NP_565419,1.0672251,defense_signaling,True,NP_565419.1 Endoribonuclease/protein kinase IRE1-like protein [Arabidopsis thaliana],162.92626953125,841,False,0.1928,0.0
NP_001325883.1,NP_001325883,1.0650983,antimicrobial,False,NP_001325883.1 WUS-interacting protein 2 [Arabidopsis thaliana],0.0,1135,True,0.2143,0.0
NP_188209.3,NP_188209,1.0650983,antimicrobial,False,NP_188209.3 WUS-interacting protein 2 [Arabidopsis thaliana],0.0,1137,True,0.2143,0.0
NP_851003.2,NP_851003,1.0650983,antimicrobial,False,NP_851003.2 WUS-interacting protein 2 [Arabidopsis thaliana],0.0,1135,True,0.2143,0.0
NP_187835.2,NP_187835,1.0646672,antimicrobial,False,NP_187835.2 protein arginine methyltransferase 3 [Arabidopsis thaliana],0.0,601,False,0.322,0.0
NP_001323340.1,NP_001323340,1.062982,defense_signaling,True,NP_001323340.1 Protein kinase superfamily protein [Arabidopsis thaliana],154.82528686523438,529,False,0.2353,0.0229
NP_198997.1,NP_198997,1.0626473,antimicrobial,False,NP_198997.1 RAB geranylgeranyl transferase alpha subunit 2 [Arabidopsis thaliana],53.75820541381836,687,False,0.194,0.0
NP_001331841.1,NP_001331841,1.0626473,antimicrobial,False,NP_001331841.1 RAB geranylgeranyl transferase alpha subunit 2 [Arabidopsis thaliana],53.75820541381836,687,False,0.194,0.0
NP_001189808.1,NP_001189808,1.0608127,RLK_defense,False,NP_001189808.1 ankyrin repeat family protein [Arabidopsis thaliana],126.97244262695312,680,False,0.2985,0.0
NP_188306.2,NP_188306,1.060486,antimicrobial,False,NP_188306.2 TOPLESS-related 2 [Arabidopsis thaliana],0.0,1131,True,0.2054,0.0
NP_001328987.1,NP_001328987,1.0586433,NBS_LRR,False,NP_001328987.1 extra-large GTP-binding protein 2 [Arabidopsis thaliana],0.0,822,False,0.1728,0.0024
NP_001189905.1,NP_001189905,1.0564588,antimicrobial,False,NP_001189905.1 WUS-interacting protein 2 [Arabidopsis thaliana],0.0,1125,True,0.2162,0.0
NP_001190409.1,NP_001190409,1.0561001,antimicrobial,False,NP_001190409.1 TOPLESS-related 3 [Arabidopsis thaliana],0.0,1134,True,0.1964,0.0
NP_199343.1,NP_199343,1.055901,PR_proteins,False,NP_199343.1 beta-amylase 2 [Arabidopsis thaliana],0.0,689,False,0.1791,0.0073
NP_001032014.1,NP_001032014,1.0510477,PR_proteins,False,NP_001032014.1 beta-amylase 2 [Arabidopsis thaliana],0.0,687,False,0.209,0.0073
NP_001184881.1,NP_001184881,1.0489259,defense_signaling,False,NP_001184881.1 dicer-like 1 [Arabidopsis thaliana],0.0,1910,True,0.2526,0.0
NP_171612.1,NP_171612,1.0487934,defense_signaling,False,NP_171612.1 dicer-like 1 [Arabidopsis thaliana],0.0,1909,True,0.2328,0.0
NP_194529.4,NP_194529,1.0474008,antimicrobial,False,NP_194529.4 P-loop containing nucleoside triphosphate hydrolases superfamily protein [Arabidopsis thaliana],0.0,830,False,0.2439,0.0
NP_001328776.1,NP_001328776,1.0461314,antimicrobial,False,NP_001328776.1 P-loop containing nucleoside triphosphate hydrolases superfamily protein [Arabidopsis thaliana],0.0,832,False,0.2439,0.0
NP_197042.2,NP_197042,1.0458745,PR_proteins,False,NP_197042.2 domains rearranged methylase 1 [Arabidopsis thaliana],0.0,624,False,0.1967,0.0
NP_201506.2,NP_201506,1.0441606,defense_signaling,False,NP_201506.2 alpha/beta-Hydrolases superfamily protein [Arabidopsis thaliana],133.51614379882812,477,False,0.2391,0.0
NP_199329.1,NP_199329,1.0418798,defense_signaling,False,NP_199329.1 Root hair defective 3 GTP-binding protein (RHD3) [Arabidopsis thaliana],0.0,834,False,0.1707,0.0
NP_172007.1,NP_172007,1.0396644,antimicrobial,False,NP_172007.1 Calcium-binding tetratricopeptide family protein [Arabidopsis thaliana],0.0,808,False,0.3038,0.0
NP_173344.2,NP_173344,1.0338335,defense_signaling,True,"NP_173344.2 Histidine kinase-, DNA gyrase B-, and HSP90-like ATPase family protein [Arabidopsis thaliana]",0.0,663,False,0.2154,0.0
NP_001190300.1,NP_001190300,1.0315843,defense_signaling,True,"NP_001190300.1 Histidine kinase-, DNA gyrase B-, and HSP90-like ATPase family protein [Arabidopsis thaliana]",0.0,696,False,0.1765,0.0
NP_001330613.1,NP_001330613,1.0304533,PR_proteins,False,NP_001330613.1 beta-amylase 2 [Arabidopsis thaliana],0.0,703,False,0.2174,0.0072
NP_850468.1,NP_850468,1.0292954,defense_signaling,False,NP_850468.1 squamosa promoter binding protein-like 1 [Arabidopsis thaliana],0.0,881,False,0.2644,0.0
NP_196503.3,NP_196503,1.0283427,defense_signaling,True,NP_196503.3 ethylene induced calmodulin binding protein [Arabidopsis thaliana],31.838647842407227,989,False,0.1546,0.0
NP_001322281.1,NP_001322281,1.0280825,defense_signaling,False,NP_001322281.1 AAA-type ATPase family protein [Arabidopsis thaliana],0.0,1036,True,0.1569,0.0
NP_182290.1,NP_182290,1.0277076,RLK_defense,False,NP_182290.1 zinc finger (CCCH type) helicase family protein [Arabidopsis thaliana],0.0,1015,False,0.2,0.0
NP_974024.2,NP_974024,1.0271612,defense_signaling,False,NP_974024.2 TBP-ASSOCIATED FACTOR 6B [Arabidopsis thaliana],0.0,527,False,0.1961,0.0
NP_850023.1,NP_850023,1.0256438,defense_signaling,False,NP_850023.1 signal responsive 1 [Arabidopsis thaliana],28.14794158935547,1032,True,0.2353,0.0
NP_001118361.1,NP_001118361,1.0256438,defense_signaling,False,NP_001118361.1 signal responsive 1 [Arabidopsis thaliana],28.14794158935547,1032,True,0.2353,0.0
NP_195220.1,NP_195220,1.0245744,defense_signaling,False,NP_195220.1 armadillo repeat only 1 [Arabidopsis thaliana],0.0,664,False,0.2462,0.0076
NP_850297.1,NP_850297,1.0244309,defense_signaling,False,NP_850297.1 P-loop containing nucleoside triphosphate hydrolases superfamily protein [Arabidopsis thaliana],0.0,1509,True,0.2148,0.0
NP_001328775.1,NP_001328775,1.0244273,antimicrobial,False,NP_001328775.1 P-loop containing nucleoside triphosphate hydrolases superfamily protein [Arabidopsis thaliana],0.0,801,False,0.2405,0.0
NP_566721.1,NP_566721,1.0223329,defense_signaling,False,NP_566721.1 ARM repeat superfamily protein [Arabidopsis thaliana],0.0,460,False,0.2889,0.011
NP_001185177.1,NP_001185177,1.0214417,defense_signaling,False,NP_001185177.1 stomatal cytokinesis defective / SCD1 protein (SCD1) [Arabidopsis thaliana],0.0,1040,True,0.2233,0.0
NP_850959.1,NP_850959,1.0214417,defense_signaling,False,NP_850959.1 stomatal cytokinesis defective / SCD1 protein (SCD1) [Arabidopsis thaliana],0.0,1187,True,0.2137,0.0
NP_195908.1,NP_195908,1.0213612,defense_signaling,False,NP_195908.1 ubiquitin-protein ligase 4 [Arabidopsis thaliana],0.0,1502,True,0.2282,0.0
NP_001331961.1,NP_001331961,1.0213612,defense_signaling,False,NP_001331961.1 ubiquitin-protein ligase 4 [Arabidopsis thaliana],0.0,1486,True,0.2245,0.0
NP_001185221.1,NP_001185221,1.020366,defense_signaling,False,NP_001185221.1 TBP-ASSOCIATED FACTOR 6B [Arabidopsis thaliana],0.0,476,False,0.3043,0.0
NP_001117544.1,NP_001117544,1.019719,antimicrobial,False,NP_001117544.1 P-loop containing nucleoside triphosphate hydrolases superfamily protein [Arabidopsis thaliana],0.0,827,False,0.3827,0.0049
NP_001319315.1,NP_001319315,1.019719,antimicrobial,False,NP_001319315.1 P-loop containing nucleoside triphosphate hydrolases superfamily protein [Arabidopsis thaliana],0.0,827,False,0.3827,0.0049
NP_564824.1,NP_564824,1.019247,antimicrobial,False,NP_564824.1 P-loop containing nucleoside triphosphate hydrolases superfamily protein [Arabidopsis thaliana],0.0,824,False,0.3951,0.0049
NP_001325350.1,NP_001325350,1.0182065,defense_signaling,False,NP_001325350.1 helicase in vascular tissue and tapetum [Arabidopsis thaliana],22.148679733276367,956,False,0.266,0.0147
NP_001329425.1,NP_001329425,1.0176771,antimicrobial,False,NP_001329425.1 Tetratricopeptide repeat (TPR)-like superfamily protein [Arabidopsis thaliana],0.0,427,False,0.1951,0.0
NP_566200.1,NP_566200,1.017633,antimicrobial,False,NP_566200.1 Calcineurin-like metallo-phosphoesterase superfamily protein [Arabidopsis thaliana],0.0,743,False,0.274,0.0
NP_974443.4,NP_974443,1.0167159,defense_signaling,False,NP_974443.4 protein affected trafficking 2 [Arabidopsis thaliana],0.0,1115,True,0.3091,0.0
NP_001326316.1,NP_001326316,1.0162927,antimicrobial,False,NP_001326316.1 protein FLOWERING locus D-like protein [Arabidopsis thaliana],0.0,789,False,0.3377,0.0
NP_001318959.1,NP_001318959,1.0160596,defense_signaling,False,NP_001318959.1 DNA replication helicase [Arabidopsis thaliana],0.0,1296,True,0.1953,0.0
NP_001119195.1,NP_001119195,1.0158057,defense_signaling,True,NP_001119195.1 ethylene induced calmodulin binding protein [Arabidopsis thaliana],31.785741806030273,1007,False,0.202,0.0
NP_001326315.1,NP_001326315,1.0155597,defense_signaling,False,NP_001326315.1 protein FLOWERING locus D-like protein [Arabidopsis thaliana],0.0,925,False,0.4286,0.0
NP_200427.3,NP_200427,1.0144949,defense_signaling,False,NP_200427.3 Sec14p-like phosphatidylinositol transfer family protein [Arabidopsis thaliana],0.0,577,False,0.25,0.0
NP_001331164.1,NP_001331164,1.0144949,defense_signaling,False,NP_001331164.1 Sec14p-like phosphatidylinositol transfer family protein [Arabidopsis thaliana],0.0,577,False,0.25,0.0
NP_188003.1,NP_188003,1.0141029,antimicrobial,False,NP_188003.1 Root hair defective 3 GTP-binding protein (RHD3) [Arabidopsis thaliana],0.0,802,False,0.3165,0.0025
NP_849772.2,NP_849772,1.0131245,antimicrobial,False,NP_849772.2 triacylglycerol lipase-like 1 [Arabidopsis thaliana],89.82015228271484,479,False,0.2826,0.0
NP_001319654.1,NP_001319654,1.0126194,defense_signaling,False,NP_001319654.1 P-loop containing nucleoside triphosphate hydrolases superfamily protein [Arabidopsis thaliana],0.0,680,False,0.1642,0.0
NP_001326314.1,NP_001326314,1.012061,defense_signaling,False,NP_001326314.1 protein FLOWERING locus D-like protein [Arabidopsis thaliana],0.0,936,False,0.4348,0.0
NP_197730.1,NP_197730,1.0119427,defense_signaling,False,NP_197730.1 polygalacturonase inhibitor (DUF639) [Arabidopsis thaliana],0.0,730,False,0.1944,0.0
NP_001323399.1,NP_001323399,1.0119164,antimicrobial,False,NP_001323399.1 P-loop containing nucleoside triphosphate hydrolases superfamily protein [Arabidopsis thaliana],0.0,829,False,0.358,0.0049
NP_849842.1,NP_849842,1.0119164,antimicrobial,False,NP_849842.1 P-loop containing nucleoside triphosphate hydrolases superfamily protein [Arabidopsis thaliana],0.0,829,False,0.358,0.0049
NP_187650.4,NP_187650,1.0116462,defense_signaling,False,NP_187650.4 protein FLOWERING locus D-like protein [Arabidopsis thaliana],0.0,884,False,0.3908,0.0
NP_565424.1,NP_565424,1.0110657,defense_signaling,True,NP_565424.1 histidine kinase 1 [Arabidopsis thaliana],0.0,1207,True,0.1513,0.0
NP_850603.1,NP_850603,1.0092486,defense_signaling,False,NP_850603.1 S-adenosyl-L-methionine-dependent methyltransferases superfamily protein [Arabidopsis thaliana],0.0,710,False,0.1714,0.0028
NP_566573.1,NP_566573,1.0092486,defense_signaling,False,NP_566573.1 S-adenosyl-L-methionine-dependent methyltransferases superfamily protein [Arabidopsis thaliana],0.0,710,False,0.1714,0.0028
NP_001321456.1,NP_001321456,1.0091381,defense_signaling,True,NP_001321456.1 Protein kinase superfamily protein [Arabidopsis thaliana],137.01185607910156,430,False,0.3333,0.0
NP_001321459.1,NP_001321459,1.0091381,defense_signaling,True,NP_001321459.1 Protein kinase superfamily protein [Arabidopsis thaliana],137.01185607910156,430,False,0.3333,0.0
NP_001321458.1,NP_001321458,1.0091381,defense_signaling,True,NP_001321458.1 Protein kinase superfamily protein [Arabidopsis thaliana],137.01185607910156,430,False,0.3333,0.0
NP_001184943.1,NP_001184943,1.0086144,defense_signaling,False,NP_001184943.1 DNA replication helicase [Arabidopsis thaliana],0.0,1315,True,0.2154,0.0
NP_001322071.1,NP_001322071,1.0086144,defense_signaling,False,NP_001322071.1 DNA replication helicase [Arabidopsis thaliana],0.0,1048,True,0.1942,0.0
NP_001322136.1,NP_001322136,1.0086018,defense_signaling,False,"NP_001322136.1 TBP-ASSOCIATED FACTOR 6B, partial [Arabidopsis thaliana]",0.0,540,False,0.3208,0.0
NP_001328560.1,NP_001328560,1.0084064,NBS_LRR,False,NP_001328560.1 P-loop containing nucleoside triphosphate hydrolases superfamily protein [Arabidopsis thaliana],0.0,1095,True,0.2222,0.0
NP_191562.1,NP_191562,1.0081302,defense_signaling,False,NP_191562.1 squamosa promoter-binding protein-like 12 [Arabidopsis thaliana],19.68589973449707,927,False,0.2857,0.0
NP_180804.1,NP_180804,1.0080087,antimicrobial,False,NP_180804.1 Calcium-binding tetratricopeptide family protein [Arabidopsis thaliana],0.0,802,False,0.2152,0.0
NP_566484.2,NP_566484,1.0076807,defense_signaling,False,NP_566484.2 alpha/beta-Hydrolases superfamily protein [Arabidopsis thaliana],101.38162231445312,518,False,0.18,0.0
NP_001321563.1,NP_001321563,1.0071664,defense_signaling,False,NP_001321563.1 trithorax-like protein 2 [Arabidopsis thaliana],0.0,1083,True,0.1682,0.0019
NP_172074.6,NP_172074,1.0071664,defense_signaling,False,NP_172074.6 trithorax-like protein 2 [Arabidopsis thaliana],0.0,1083,True,0.1682,0.0019
NP_001077464.4,NP_001077464,1.0071664,defense_signaling,False,NP_001077464.4 trithorax-like protein 2 [Arabidopsis thaliana],0.0,1083,True,0.1682,0.0019
NP_001321564.1,NP_001321564,1.0071664,defense_signaling,False,NP_001321564.1 trithorax-like protein 2 [Arabidopsis thaliana],0.0,1083,True,0.1682,0.0019
NP_567931.1,NP_567931,1.0068085,antimicrobial,False,NP_567931.1 dynamin-related protein 3A [Arabidopsis thaliana],0.0,808,False,0.2025,0.0
NP_175333.3,NP_175333,1.0063714,defense_signaling,False,NP_175333.3 stomatal cytokinesis defective / SCD1 protein (SCD1) [Arabidopsis thaliana],0.0,909,False,0.2472,0.0
NP_001320175.1,NP_001320175,1.0063714,defense_signaling,False,NP_001320175.1 stomatal cytokinesis defective / SCD1 protein (SCD1) [Arabidopsis thaliana],0.0,909,False,0.2472,0.0
NP_001320087.1,NP_001320087,1.0062215,defense_signaling,False,NP_001320087.1 P-loop containing nucleoside triphosphate hydrolases superfamily protein [Arabidopsis thaliana],0.0,1311,True,0.2615,0.0
NP_194739.1,NP_194739,1.0062215,defense_signaling,False,NP_194739.1 P-loop containing nucleoside triphosphate hydrolases superfamily protein [Arabidopsis thaliana],0.0,1311,True,0.2615,0.0
NP_001190906.1,NP_001190906,1.005336,antimicrobial,False,NP_001190906.1 dynamin-related protein 3A [Arabidopsis thaliana],0.0,809,False,0.2025,0.0
NP_568680.1,NP_568680,1.0051018,RLK_defense,False,NP_568680.1 nudix hydrolase homolog 8 [Arabidopsis thaliana],0.0,369,False,0.1429,0.0
NP_001320302.1,NP_001320302,1.0050306,defense_signaling,False,NP_001320302.1 Putative serine esterase family protein [Arabidopsis thaliana],0.0,802,False,0.1519,0.0
NP_172469.2,NP_172469,1.0050291,defense_signaling,False,NP_172469.2 Putative serine esterase family protein [Arabidopsis thaliana],0.0,802,False,0.1519,0.0
NP_194667.1,NP_194667,1.0050259,defense_signaling,True,NP_194667.1 protein kinase family protein / WD-40 repeat family protein [Arabidopsis thaliana],93.09182739257812,1494,True,0.1824,0.0
NP_196966.2,NP_196966,1.0043812,antimicrobial,False,NP_196966.2 domains rearranged methyltransferase 2 [Arabidopsis thaliana],0.0,626,False,0.1475,0.0
NP_177439.2,NP_177439,1.0035868,antimicrobial,False,NP_177439.2 Root hair defective 3 GTP-binding protein (RHD3) [Arabidopsis thaliana],0.0,795,False,0.1795,0.0
NP_001031526.1,NP_001031526,1.0030305,RLK_defense,False,NP_001031526.1 ATP-binding cassette A1 [Arabidopsis thaliana],0.0,1846,True,0.2186,0.0011
NP_001327481.1,NP_001327481,1.0026835,defense_signaling,False,NP_001327481.1 S-adenosyl-L-methionine-dependent methyltransferases superfamily protein [Arabidopsis thaliana],0.0,591,False,0.1034,0.0
NP_001077501.1,NP_001077501,1.0025557,defense_signaling,False,NP_001077501.1 Putative serine esterase family protein [Arabidopsis thaliana],0.0,801,False,0.1646,0.0
NP_187323.2,NP_187323,1.0023881,antimicrobial,False,NP_187323.2 binding protein [Arabidopsis thaliana],0.0,865,False,0.3294,0.0
NP_189908.2,NP_189908,1.0021282,defense_signaling,False,NP_189908.2 Phosphoinositide phosphatase family protein [Arabidopsis thaliana],0.0,818,False,0.15,0.0
NP_001325227.1,NP_001325227,1.001174,defense_signaling,True,NP_001325227.1 Serine/Threonine-kinase [Arabidopsis thaliana],0.0,304,False,0.3103,0.0
NP_001325228.1,NP_001325228,1.001174,defense_signaling,True,NP_001325228.1 Serine/Threonine-kinase [Arabidopsis thaliana],0.0,304,False,0.3103,0.0
NP_177951.6,NP_177951,1.0007528,defense_signaling,False,"NP_177951.6 transferases, transferring glycosyl groups [Arabidopsis thaliana]",0.0,943,False,0.1398,0.0
NP_187773.1,NP_187773,1.0007371,defense_signaling,False,NP_187773.1 UDP-Glycosyltransferase superfamily protein [Arabidopsis thaliana],0.0,808,False,0.2025,0.0
NP_193822.1,NP_193822,1.000379,defense_signaling,False,NP_193822.1 Tetratricopeptide repeat (TPR)-like superfamily protein [Arabidopsis thaliana],0.0,450,False,0.1591,0.0
NP_187793.1,NP_187793,1.0001534,defense_signaling,True,NP_187793.1 Endoribonuclease/protein kinase IRE1-like protein [Arabidopsis thaliana],118.09032440185547,554,False,0.2222,0.0
NP_001032135.1,NP_001032135,0.9995303,defense_signaling,False,NP_001032135.1 Calmodulin-binding transcription activator protein with CG-1 and Ankyrin domain [Arabidopsis thaliana],34.537899017333984,1050,True,0.2212,0.0
NP_201227.3,NP_201227,0.9995303,defense_signaling,False,NP_201227.3 Calmodulin-binding transcription activator protein with CG-1 and Ankyrin domain [Arabidopsis thaliana],34.537899017333984,1050,True,0.2212,0.0
NP_001329182.1,NP_001329182,0.9993016,defense_signaling,True,NP_001329182.1 protein kinase family protein / WD-40 repeat family protein [Arabidopsis thaliana],0.0,1273,True,0.1746,0.0
NP_001322073.1,NP_001322073,0.99929214,defense_signaling,False,NP_001322073.1 DNA replication helicase [Arabidopsis thaliana],0.0,1328,True,0.229,0.0
NP_001323068.1,NP_001323068,0.99861705,defense_signaling,False,NP_001323068.1 triacylglycerol lipase-like 1 [Arabidopsis thaliana],89.62319946289062,504,False,0.2653,0.0
NP_001319681.1,NP_001319681,0.9983063,defense_signaling,False,NP_001319681.1 histone chaperone HIRA-like protein [Arabidopsis thaliana],0.0,1024,True,0.1089,0.0
NP_176404.3,NP_176404,0.99787253,defense_signaling,False,NP_176404.3 AAA-type ATPase family protein [Arabidopsis thaliana],0.0,1043,True,0.1942,0.0
NP_178183.2,NP_178183,0.99656016,defense_signaling,True,NP_178183.2 SUPPRESSOR OF AUXIN RESISTANCE 3 [Arabidopsis thaliana],0.0,1046,True,0.165,0.0
NP_172639.2,NP_172639,0.995814,defense_signaling,False,NP_172639.2 ankyrin repeat family protein [Arabidopsis thaliana],24.681089401245117,644,False,0.254,0.0
NP_001322072.1,NP_001322072,0.995456,defense_signaling,False,NP_001322072.1 DNA replication helicase [Arabidopsis thaliana],0.0,1331,True,0.2424,0.0
NP_001326701.1,NP_001326701,0.99542916,defense_signaling,False,NP_001326701.1 Phosphoinositide phosphatase family protein [Arabidopsis thaliana],0.0,813,False,0.1625,0.0
NP_001325109.1,NP_001325109,0.9948155,defense_signaling,False,NP_001325109.1 squamosa promoter binding protein-like 1 [Arabidopsis thaliana],21.994380950927734,752,False,0.2568,0.0
NP_176471.1,NP_176471,0.9946799,defense_signaling,False,NP_176471.1 LSD1-like 1 [Arabidopsis thaliana],0.0,844,False,0.3494,0.0
NP_001326052.1,NP_001326052,0.9943802,defense_signaling,False,NP_001326052.1 histone chaperone HIRA-like protein [Arabidopsis thaliana],0.0,886,False,0.2069,0.0
NP_190039.2,NP_190039,0.9943786,defense_signaling,False,NP_190039.2 histone chaperone HIRA-like protein [Arabidopsis thaliana],0.0,1058,True,0.125,0.0
NP_001078747.1,NP_001078747,0.9941277,antimicrobial,False,NP_001078747.1 P-loop containing nucleoside triphosphate hydrolases superfamily protein [Arabidopsis thaliana],0.0,829,False,0.284,0.0
NP_174433.2,NP_174433,0.99406475,defense_signaling,False,NP_174433.2 shoot gravitropism 2 (SGR2) [Arabidopsis thaliana],0.0,933,False,0.2065,0.0
NP_566481.1,NP_566481,0.99351895,defense_signaling,False,NP_566481.1 Phosphoinositide phosphatase family protein [Arabidopsis thaliana],0.0,808,False,0.1899,0.0
NP_186824.1,NP_186824,0.99340856,defense_signaling,False,NP_186824.1 Ankyrin repeat family protein [Arabidopsis thaliana],92.03191375732422,664,False,0.2,0.003
NP_001326814.1,NP_001326814,0.99340856,defense_signaling,False,NP_001326814.1 Ankyrin repeat family protein [Arabidopsis thaliana],92.03191375732422,664,False,0.2,0.003
NP_001321312.1,NP_001321312,0.993153,defense_signaling,False,NP_001321312.1 actin cross-linking protein (DUF569) [Arabidopsis thaliana],0.0,326,False,0.3871,0.0
NP_001326107.1,NP_001326107,0.9929826,defense_signaling,False,NP_001326107.1 Zinc finger (C3HC4-type RING finger) family protein [Arabidopsis thaliana],0.0,682,False,0.2985,0.0
NP_001185264.1,NP_001185264,0.99263245,defense_signaling,False,NP_001185264.1 Putative serine esterase family protein [Arabidopsis thaliana],0.0,711,False,0.2429,0.0
NP_181303.1,NP_181303,0.9921309,defense_signaling,False,NP_181303.1 Transducin/WD40 repeat-like superfamily protein [Arabidopsis thaliana],0.0,903,False,0.3596,0.0
NP_195350.5,NP_195350,0.9921267,antimicrobial,False,NP_195350.5 ATP binding protein [Arabidopsis thaliana],0.0,486,False,0.1489,0.0499
NP_001319224.1,NP_001319224,0.9920662,defense_signaling,False,NP_001319224.1 TBP-ASSOCIATED FACTOR 6B [Arabidopsis thaliana],0.0,526,False,0.3725,0.0
NP_001190044.1,NP_001190044,0.991899,defense_signaling,False,NP_001190044.1 Phototropic-responsive NPH3 family protein [Arabidopsis thaliana],0.0,520,False,0.3333,0.0
NP_001324818.1,NP_001324818,0.9918217,defense_signaling,False,NP_001324818.1 ArgH (DUF639) [Arabidopsis thaliana],0.0,737,False,0.2222,0.0
NP_195299.2,NP_195299,0.9917756,RLK_defense,False,NP_195299.2 DEAD/DEAH box RNA helicase family protein [Arabidopsis thaliana],0.0,713,False,0.2857,0.0
NP_191040.2,NP_191040,0.9913611,defense_signaling,False,NP_191040.2 Pleckstrin homology (PH) and lipid-binding START domains-containing protein [Arabidopsis thaliana],0.0,733,False,0.1667,0.0027
NP_001030862.1,NP_001030862,0.9913611,defense_signaling,False,NP_001030862.1 Pleckstrin homology (PH) and lipid-binding START domains-containing protein [Arabidopsis thaliana],0.0,733,False,0.1667,0.0027
NP_197058.2,NP_197058,0.9913012,defense_signaling,False,NP_197058.2 PHD finger family protein [Arabidopsis thaliana],0.0,1846,True,0.1858,0.0011
NP_001323654.1,NP_001323654,0.99113554,defense_signaling,False,NP_001323654.1 Transducin/WD40 repeat-like superfamily protein [Arabidopsis thaliana],0.0,904,False,0.3483,0.0
NP_563658.1,NP_563658,0.99088156,defense_signaling,False,NP_563658.1 SET domain-containing protein [Arabidopsis thaliana],0.0,689,False,0.3134,0.0029
NP_179764.4,NP_179764,0.99046516,defense_signaling,False,NP_179764.4 ArgH (DUF639) [Arabidopsis thaliana],0.0,734,False,0.2222,0.0
NP_001319257.1,NP_001319257,0.9896039,defense_signaling,False,NP_001319257.1 alpha/beta-Hydrolases superfamily protein [Arabidopsis thaliana],139.4895477294922,494,False,0.2292,0.0
NP_001319289.1,NP_001319289,0.98940516,defense_signaling,False,NP_001319289.1 phospholipase A I-like protein [Arabidopsis thaliana],68.98400115966797,1223,True,0.2975,0.0016
NP_001185288.2,NP_001185288,0.98940516,defense_signaling,False,NP_001185288.2 phospholipase A I-like protein [Arabidopsis thaliana],68.76213836669922,1352,True,0.2985,0.0015
NP_001189831.1,NP_001189831,0.9892632,defense_signaling,False,NP_001189831.1 binding protein [Arabidopsis thaliana],0.0,886,False,0.3563,0.0
NP_001331621.1,NP_001331621,0.98925686,defense_signaling,False,NP_001331621.1 nudix hydrolase homolog 8 [Arabidopsis thaliana],0.0,398,False,0.1316,0.0
NP_564946.1,NP_564946,0.98918116,defense_signaling,True,NP_564946.1 Serine/Threonine kinase domain protein [Arabidopsis thaliana],85.02460479736328,562,False,0.2909,0.0
NP_001319118.1,NP_001319118,0.98915595,defense_signaling,False,NP_001319118.1 Transcription factor jumonji (jmj) family protein / zinc finger (C5HC2 type) family protein [Arabidopsis thaliana],0.0,819,False,0.1875,0.0
NP_001185118.1,NP_001185118,0.98915595,defense_signaling,False,NP_001185118.1 Transcription factor jumonji (jmj) family protein / zinc finger (C5HC2 type) family protein [Arabidopsis thaliana],0.0,819,False,0.1875,0.0
NP_174367.6,NP_174367,0.98915595,defense_signaling,False,NP_174367.6 Transcription factor jumonji (jmj) family protein / zinc finger (C5HC2 type) family protein [Arabidopsis thaliana],0.0,819,False,0.1875,0.0
NP_195863.1,NP_195863,0.9890613,defense_signaling,False,NP_195863.1 Transducin/WD40 repeat-like superfamily protein [Arabidopsis thaliana],0.0,905,False,0.3483,0.0
NP_001326108.1,NP_001326108,0.9888531,defense_signaling,False,NP_001326108.1 Zinc finger (C3HC4-type RING finger) family protein [Arabidopsis thaliana],0.0,681,False,0.3582,0.0
NP_175354.1,NP_175354,0.9884871,defense_signaling,False,NP_175354.1 Rho guanine nucleotide exchange factor [Arabidopsis thaliana],0.0,338,False,0.2812,0.0
NP_201004.2,NP_201004,0.9882521,defense_signaling,False,NP_201004.2 ARF-GAP domain 1 [Arabidopsis thaliana],45.05742263793945,828,False,0.1358,0.0
NP_176283.1,NP_176283,0.9879556,defense_signaling,False,NP_176283.1 ARF-GAP domain 2 [Arabidopsis thaliana],45.854461669921875,776,False,0.1053,0.0
NP_567022.1,NP_567022,0.98729146,defense_signaling,False,NP_567022.1 protein affected trafficking 2 [Arabidopsis thaliana],0.0,987,False,0.268,0.0
NP_001190866.1,NP_001190866,0.9866274,defense_signaling,False,NP_001190866.1 PATATIN-like protein 8 [Arabidopsis thaliana],0.0,526,False,0.3333,0.0077
NP_849371.2,NP_849371,0.98569834,defense_signaling,False,NP_849371.2 P-loop containing nucleoside triphosphate hydrolases superfamily protein [Arabidopsis thaliana],0.0,479,False,0.2174,0.0
NP_192960.1,NP_192960,0.9855185,defense_signaling,False,NP_192960.1 alpha/beta-Hydrolases superfamily protein [Arabidopsis thaliana],0.0,392,False,0.3158,0.0
NP_001325879.1,NP_001325879,0.98543173,defense_signaling,False,"NP_001325879.1 RNA helicase, ATP-dependent, SK12/DOB1 protein [Arabidopsis thaliana]",0.0,1210,True,0.275,0.0
NP_001328649.1,NP_001328649,0.9854049,defense_signaling,False,NP_001328649.1 Transcription factor jumonji (jmjC) domain-containing protein [Arabidopsis thaliana],0.0,778,False,0.2237,0.0
NP_001190317.1,NP_001190317,0.9851494,defense_signaling,False,NP_001190317.1 PHD finger family protein [Arabidopsis thaliana],0.0,1844,True,0.2131,0.0011
NP_001330162.1,NP_001330162,0.9849569,defense_signaling,False,NP_001330162.1 Phototropic-responsive NPH3 family protein [Arabidopsis thaliana],0.0,672,False,0.2121,0.0045
NP_001325089.1,NP_001325089,0.98396635,defense_signaling,False,NP_001325089.1 signal responsive 1 [Arabidopsis thaliana],28.286197662353516,974,False,0.2292,0.0
NP_001031396.1,NP_001031396,0.9837297,defense_signaling,False,"NP_001031396.1 DNA-binding protein, putative (duplicated DUF1399) [Arabidopsis thaliana]",0.0,819,False,0.275,0.0725
NP_001328650.1,NP_001328650,0.9837092,defense_signaling,False,NP_001328650.1 Transcription factor jumonji (jmjC) domain-containing protein [Arabidopsis thaliana],0.0,775,False,0.2237,0.0
NP_194709.2,NP_194709,0.9829821,defense_signaling,False,NP_194709.2 PATATIN-like protein 8 [Arabidopsis thaliana],0.0,525,False,0.3333,0.0077
NP_001330410.1,NP_001330410,0.9829315,NBS_LRR,False,NP_001330410.1 Phototropic-responsive NPH3 family protein [Arabidopsis thaliana],0.0,622,False,0.1311,0.0
NP_195327.1,NP_195327,0.982706,defense_signaling,False,NP_195327.1 armadillo repeat only 3 [Arabidopsis thaliana],0.0,670,False,0.197,0.0
NP_001323158.1,NP_001323158,0.98218393,defense_signaling,False,NP_001323158.1 Putative serine esterase family protein [Arabidopsis thaliana],0.0,794,False,0.2179,0.0
NP_564732.1,NP_564732,0.98218393,defense_signaling,False,NP_564732.1 Putative serine esterase family protein [Arabidopsis thaliana],0.0,794,False,0.2179,0.0
NP_001117514.1,NP_001117514,0.98218393,defense_signaling,False,NP_001117514.1 Putative serine esterase family protein [Arabidopsis thaliana],0.0,794,False,0.2179,0.0
NP_001322221.1,NP_001322221,0.98194575,defense_signaling,False,NP_001322221.1 ARF-GAP domain 2 [Arabidopsis thaliana],42.8917350769043,605,False,0.1017,0.0
NP_195606.2,NP_195606,0.98177695,defense_signaling,False,NP_195606.2 ATP binding microtubule motor family protein [Arabidopsis thaliana],0.0,836,False,0.2439,0.0
NP_001329067.1,NP_001329067,0.98177695,defense_signaling,False,NP_001329067.1 ATP binding microtubule motor family protein [Arabidopsis thaliana],0.0,836,False,0.2439,0.0
NP_001329069.1,NP_001329069,0.98177695,defense_signaling,False,NP_001329069.1 ATP binding microtubule motor family protein [Arabidopsis thaliana],0.0,836,False,0.2439,0.0
NP_001329068.1,NP_001329068,0.98177695,defense_signaling,False,NP_001329068.1 ATP binding microtubule motor family protein [Arabidopsis thaliana],0.0,836,False,0.2439,0.0
NP_001119143.1,NP_001119143,0.98177695,defense_signaling,False,NP_001119143.1 ATP binding microtubule motor family protein [Arabidopsis thaliana],0.0,836,False,0.2439,0.0
NP_001322222.1,NP_001322222,0.98160815,defense_signaling,False,NP_001322222.1 ARF-GAP domain 2 [Arabidopsis thaliana],43.9597053527832,665,False,0.1077,0.0
NP_850476.1,NP_850476,0.9807264,defense_signaling,False,NP_850476.1 SWITCH/sucrose nonfermenting 3A [Arabidopsis thaliana],0.0,512,False,0.38,0.0
NP_197542.1,NP_197542,0.9805403,defense_signaling,False,NP_197542.1 chromatin remodeling 42 [Arabidopsis thaliana],0.0,1261,True,0.216,0.0
NP_001325252.1,NP_001325252,0.9805387,defense_signaling,False,"NP_001325252.1 DNA-binding protein, putative (duplicated DUF1399) [Arabidopsis thaliana]",0.0,720,False,0.1831,0.0
NP_001328314.1,NP_001328314,0.98049295,defense_signaling,False,NP_001328314.1 chromatin remodeling factor [Arabidopsis thaliana],0.0,1194,True,0.2203,0.0
NP_001031948.2,NP_001031948,0.98042196,defense_signaling,False,NP_001031948.2 Uncharacterized protein AT5G26850 [Arabidopsis thaliana],0.0,983,False,0.1443,0.0
NP_001031947.2,NP_001031947,0.98042196,defense_signaling,False,NP_001031947.2 Uncharacterized protein AT5G26850 [Arabidopsis thaliana],0.0,983,False,0.1443,0.0
NP_198037.3,NP_198037,0.98042196,defense_signaling,False,NP_198037.3 Uncharacterized protein AT5G26850 [Arabidopsis thaliana],0.0,983,False,0.1443,0.0
NP_001190405.1,NP_001190405,0.98042196,defense_signaling,False,NP_001190405.1 Uncharacterized protein AT5G26850 [Arabidopsis thaliana],0.0,983,False,0.1443,0.0
NP_194918.2,NP_194918,0.98015857,defense_signaling,False,NP_194918.2 chromatin remodeling factor [Arabidopsis thaliana],0.0,1202,True,0.2185,0.0
NP_172556.2,NP_172556,0.9799393,defense_signaling,False,NP_172556.2 ARF-GAP domain 4 [Arabidopsis thaliana],54.500450134277344,775,False,0.1579,0.0
NP_001320312.1,NP_001320312,0.9795134,defense_signaling,False,NP_001320312.1 ARF-GAP domain 4 [Arabidopsis thaliana],54.4694709777832,780,False,0.1818,0.0
NP_192750.2,NP_192750,0.979291,defense_signaling,False,NP_192750.2 Sucrose-phosphate synthase family protein [Arabidopsis thaliana],0.0,1050,True,0.1923,0.0057
NP_001329003.1,NP_001329003,0.979291,defense_signaling,False,NP_001329003.1 Sucrose-phosphate synthase family protein [Arabidopsis thaliana],0.0,1050,True,0.1923,0.0057
NP_001031609.1,NP_001031609,0.979291,defense_signaling,False,NP_001031609.1 Sucrose-phosphate synthase family protein [Arabidopsis thaliana],0.0,1050,True,0.1923,0.0057
NP_001325878.1,NP_001325878,0.978537,defense_signaling,False,"NP_001325878.1 RNA helicase, ATP-dependent, SK12/DOB1 protein [Arabidopsis thaliana]",0.0,1219,True,0.2417,0.0
NP_001320814.1,NP_001320814,0.97764736,defense_signaling,False,NP_001320814.1 alpha/beta-Hydrolases superfamily protein [Arabidopsis thaliana],0.0,577,False,0.25,0.0
NP_001327912.1,NP_001327912,0.97689813,defense_signaling,False,NP_001327912.1 chromatin remodeling 38 [Arabidopsis thaliana],0.0,1256,True,0.2016,0.0
NP_001327910.1,NP_001327910,0.97689813,defense_signaling,False,NP_001327910.1 chromatin remodeling 38 [Arabidopsis thaliana],0.0,1256,True,0.2016,0.0
NP_189853.1,NP_189853,0.97689813,defense_signaling,False,NP_189853.1 chromatin remodeling 38 [Arabidopsis thaliana],0.0,1256,True,0.2016,0.0
NP_193039.3,NP_193039,0.9765748,defense_signaling,False,NP_193039.3 P-loop containing nucleoside triphosphate hydrolases superfamily protein [Arabidopsis thaliana],0.0,481,False,0.1489,0.0
NP_001154661.1,NP_001154661,0.97635394,defense_signaling,False,NP_001154661.1 Phosphoinositide phosphatase family protein [Arabidopsis thaliana],0.0,721,False,0.1127,0.0
NP_001318395.1,NP_001318395,0.9763145,defense_signaling,False,"NP_001318395.1 RING-finger, DEAD-like helicase, PHD and SNF2 domain-containing protein [Arabidopsis thaliana]",0.0,1664,True,0.2061,0.0
NP_181609.4,NP_181609,0.9763145,defense_signaling,False,"NP_181609.4 RING-finger, DEAD-like helicase, PHD and SNF2 domain-containing protein [Arabidopsis thaliana]",0.0,1664,True,0.2061,0.0
NP_001325178.1,NP_001325178,0.9763145,defense_signaling,False,"NP_001325178.1 RING-finger, DEAD-like helicase, PHD and SNF2 domain-containing protein [Arabidopsis thaliana]",0.0,1664,True,0.2061,0.0
NP_001328485.1,NP_001328485,0.97622776,defense_signaling,False,NP_001328485.1 P-loop containing nucleoside triphosphate hydrolases superfamily protein [Arabidopsis thaliana],0.0,482,False,0.1702,0.0
NP_192008.3,NP_192008,0.97575766,defense_signaling,False,NP_192008.3 Transcription factor jumonji (jmjC) domain-containing protein [Arabidopsis thaliana],0.0,840,False,0.2289,0.0
NP_001327084.1,NP_001327084,0.97567564,defense_signaling,True,NP_001327084.1 with no lysine (K) kinase 3 [Arabidopsis thaliana],146.4803466796875,421,False,0.1951,0.0
NP_188552.3,NP_188552,0.9751993,defense_signaling,False,NP_188552.3 DNA repair/recombination protein [Arabidopsis thaliana],0.0,910,False,0.1889,0.0
NP_199902.1,NP_199902,0.9742686,defense_signaling,False,NP_199902.1 alpha/beta-Hydrolases superfamily protein [Arabidopsis thaliana],0.0,408,False,0.2051,0.0
NP_001324817.1,NP_001324817,0.9742119,defense_signaling,False,NP_001324817.1 SWITCH/sucrose nonfermenting 3A [Arabidopsis thaliana],0.0,407,False,0.3077,0.0
NP_190559.1,NP_190559,0.9740068,defense_signaling,False,NP_190559.1 Phototropic-responsive NPH3 family protein [Arabidopsis thaliana],0.0,517,False,0.28,0.0
NP_178543.2,NP_178543,0.97371656,defense_signaling,False,NP_178543.2 anaphase-promoting complex/cyclosome 2 [Arabidopsis thaliana],0.0,865,False,0.1647,0.0
NP_199764.1,NP_199764,0.97344524,defense_signaling,False,NP_199764.1 SIN-like family protein [Arabidopsis thaliana],0.0,689,False,0.2985,0.0
NP_198579.2,NP_198579,0.973338,defense_signaling,False,NP_198579.2 ARM repeat superfamily protein [Arabidopsis thaliana],0.0,1051,True,0.375,0.0
NP_680114.1,NP_680114,0.9727039,defense_signaling,False,"NP_680114.1 Peptidase C78, ubiquitin fold modifier-specific peptidase 1/ 2 [Arabidopsis thaliana]",0.0,645,False,0.2222,0.0
NP_173177.2,NP_173177,0.97256035,defense_signaling,False,NP_173177.2 Phosphoinositide phosphatase family protein [Arabidopsis thaliana],0.0,785,False,0.1948,0.0
NP_188608.4,NP_188608,0.9725414,defense_signaling,False,NP_188608.4 P-loop containing nucleoside triphosphate hydrolases superfamily protein [Arabidopsis thaliana],0.0,993,False,0.2959,0.0
NP_849277.1,NP_849277,0.97242314,defense_signaling,False,NP_849277.1 F-box family protein [Arabidopsis thaliana],0.0,377,False,0.3611,0.0108
NP_567185.1,NP_567185,0.97242314,defense_signaling,False,NP_567185.1 F-box family protein [Arabidopsis thaliana],0.0,377,False,0.3611,0.0108
NP_201421.1,NP_201421,0.97178584,defense_signaling,False,NP_201421.1 armadillo repeat only 2 [Arabidopsis thaliana],0.0,651,False,0.2812,0.0
NP_001319676.1,NP_001319676,0.97143096,defense_signaling,False,NP_001319676.1 ATP binding microtubule motor family protein [Arabidopsis thaliana],0.0,938,False,0.2065,0.0
NP_189907.2,NP_189907,0.97143096,defense_signaling,False,NP_189907.2 ATP binding microtubule motor family protein [Arabidopsis thaliana],0.0,938,False,0.2065,0.0
NP_001327899.1,NP_001327899,0.97143096,defense_signaling,False,NP_001327899.1 ATP binding microtubule motor family protein [Arabidopsis thaliana],0.0,938,False,0.2065,0.0
NP_001327901.1,NP_001327901,0.97143096,defense_signaling,False,NP_001327901.1 ATP binding microtubule motor family protein [Arabidopsis thaliana],0.0,938,False,0.2065,0.0
NP_001327900.1,NP_001327900,0.97143096,defense_signaling,False,NP_001327900.1 ATP binding microtubule motor family protein [Arabidopsis thaliana],0.0,938,False,0.2065,0.0
NP_001327911.1,NP_001327911,0.970841,defense_signaling,False,NP_001327911.1 chromatin remodeling 38 [Arabidopsis thaliana],0.0,1258,True,0.1855,0.0
NP_181034.1,NP_181034,0.96995294,defense_signaling,False,NP_181034.1 Transcription factor jumonji (jmj) family protein / zinc finger (C5HC2 type) family protein [Arabidopsis thaliana],0.0,806,False,0.1392,0.0
NP_197584.2,NP_197584,0.96903175,defense_signaling,False,NP_197584.2 Phosphoinositide phosphatase family protein [Arabidopsis thaliana],0.0,831,False,0.1463,0.0024
NP_174077.1,NP_174077,0.96876043,defense_signaling,True,NP_174077.1 phosphatidylinositol 3- and 4-kinase family protein [Arabidopsis thaliana],0.0,649,False,0.2222,0.0
NP_849500.1,NP_849500,0.96873045,defense_signaling,False,NP_849500.1 DEAD/DEAH box RNA helicase family protein [Arabidopsis thaliana],0.0,620,False,0.2951,0.0
NP_001324378.1,NP_001324378,0.9683109,defense_signaling,False,NP_001324378.1 S-adenosyl-L-methionine-dependent methyltransferases superfamily protein [Arabidopsis thaliana],0.0,563,False,0.2727,0.0
NP_001323969.1,NP_001323969,0.96775407,defense_signaling,False,NP_001323969.1 RING/U-box superfamily protein [Arabidopsis thaliana],0.0,587,False,0.2807,0.0
NP_179726.2,NP_179726,0.9677383,defense_signaling,False,NP_179726.2 ATP binding microtubule motor family protein [Arabidopsis thaliana],0.0,862,False,0.2235,0.0
NP_001324577.1,NP_001324577,0.9677383,defense_signaling,False,NP_001324577.1 ATP binding microtubule motor family protein [Arabidopsis thaliana],0.0,862,False,0.2235,0.0
NP_001031385.1,NP_001031385,0.9677383,defense_signaling,False,NP_001031385.1 ATP binding microtubule motor family protein [Arabidopsis thaliana],0.0,862,False,0.2235,0.0
NP_001324576.1,NP_001324576,0.9677383,defense_signaling,False,NP_001324576.1 ATP binding microtubule motor family protein [Arabidopsis thaliana],0.0,862,False,0.2235,0.0
NP_001324575.1,NP_001324575,0.9677383,defense_signaling,False,NP_001324575.1 ATP binding microtubule motor family protein [Arabidopsis thaliana],0.0,862,False,0.2235,0.0
NP_179502.1,NP_179502,0.9672761,defense_signaling,False,NP_179502.1 P-loop containing nucleoside triphosphate hydrolases superfamily protein [Arabidopsis thaliana],0.0,1090,True,0.1852,0.0
NP_199993.1,NP_199993,0.9672477,defense_signaling,True,NP_199993.1 Protein kinase superfamily protein [Arabidopsis thaliana],28.267391204833984,972,False,0.25,0.0052
NP_001320899.1,NP_001320899,0.9669433,defense_signaling,False,NP_001320899.1 transcription factor jumonji (jmjC) domain-containing protein [Arabidopsis thaliana],0.0,1462,True,0.2414,0.0
NP_001117460.1,NP_001117460,0.966937,defense_signaling,False,NP_001117460.1 P-loop containing nucleoside triphosphate hydrolases superfamily protein [Arabidopsis thaliana],0.0,981,False,0.3402,0.0
NP_001319187.1,NP_001319187,0.966937,defense_signaling,False,NP_001319187.1 P-loop containing nucleoside triphosphate hydrolases superfamily protein [Arabidopsis thaliana],0.0,981,False,0.3402,0.0
NP_850176.1,NP_850176,0.96610254,defense_signaling,False,NP_850176.1 RAP [Arabidopsis thaliana],0.0,671,False,0.3485,0.003
NP_196834.3,NP_196834,0.96608996,defense_signaling,False,NP_196834.3 ARF GTPase-activating protein [Arabidopsis thaliana],57.50035858154297,827,False,0.2469,0.0
NP_001326668.1,NP_001326668,0.96576655,defense_signaling,False,NP_001326668.1 ENTH/VHS protein [Arabidopsis thaliana],0.0,664,False,0.2769,0.0
NP_191739.1,NP_191739,0.96576655,defense_signaling,False,NP_191739.1 ENTH/VHS protein [Arabidopsis thaliana],0.0,664,False,0.2769,0.0
NP_001328331.1,NP_001328331,0.9657603,defense_signaling,False,NP_001328331.1 Tetratricopeptide repeat (TPR)-like superfamily protein [Arabidopsis thaliana],0.0,434,False,0.2143,0.0
NP_564751.1,NP_564751,0.9649653,defense_signaling,False,NP_564751.1 actin cross-linking protein (DUF569) [Arabidopsis thaliana],0.0,300,False,0.3103,0.0
NP_197618.1,NP_197618,0.9649148,defense_signaling,False,NP_197618.1 RING/FYVE/PHD zinc finger superfamily protein [Arabidopsis thaliana],0.0,672,False,0.2424,0.0
NP_001331605.1,NP_001331605,0.96445894,defense_signaling,False,NP_001331605.1 uncharacterized protein AT5G23510 [Arabidopsis thaliana],0.0,267,False,0.08,0.0
NP_974402.1,NP_974402,0.96415293,defense_signaling,False,"NP_974402.1 Peptidase C78, ubiquitin fold modifier-specific peptidase 1/ 2 [Arabidopsis thaliana]",0.0,640,False,0.2222,0.0
NP_179206.2,NP_179206,0.9639226,defense_signaling,False,NP_179206.2 RING/U-box superfamily protein [Arabidopsis thaliana],0.0,593,False,0.2759,0.0
NP_177185.3,NP_177185,0.96378857,defense_signaling,False,NP_177185.3 NHL domain-containing protein [Arabidopsis thaliana],0.0,509,False,0.3673,0.006
NP_001189975.1,NP_001189975,0.9635251,defense_signaling,False,NP_001189975.1 Hydroxyproline-rich glycoprotein family protein [Arabidopsis thaliana],0.0,863,False,0.4235,0.0396
NP_195462.3,NP_195462,0.9634841,defense_signaling,False,NP_195462.3 Tetratricopeptide repeat (TPR)-like superfamily protein [Arabidopsis thaliana],0.0,1052,True,0.25,0.0
NP_195730.1,NP_195730,0.96302825,defense_signaling,False,NP_195730.1 O-fucosyltransferase family protein [Arabidopsis thaliana],0.0,631,False,0.2419,0.0032
NP_001320901.1,NP_001320901,0.96296513,defense_signaling,False,NP_001320901.1 transcription factor jumonji (jmjC) domain-containing protein [Arabidopsis thaliana],0.0,1461,True,0.2207,0.0
NP_850001.3,NP_850001,0.9628279,defense_signaling,True,NP_850001.3 Serine/Threonine-kinase [Arabidopsis thaliana],0.0,282,False,0.2963,0.0
NP_196633.2,NP_196633,0.9623768,defense_signaling,True,NP_196633.2 histidine kinase 5 [Arabidopsis thaliana],0.0,922,False,0.2418,0.0
NP_001190267.1,NP_001190267,0.9618279,defense_signaling,True,NP_001190267.1 ethylene induced calmodulin binding protein [Arabidopsis thaliana],31.469993591308594,1066,True,0.1714,0.0
NP_567966.1,NP_567966,0.96119535,defense_signaling,False,NP_567966.1 RING/U-box superfamily protein [Arabidopsis thaliana],0.0,597,False,0.3621,0.0
NP_001030658.1,NP_001030658,0.9611259,defense_signaling,False,NP_001030658.1 histone H2A deubiquitinase (DUF3755) [Arabidopsis thaliana],0.0,259,False,0.4167,0.0
NP_849471.1,NP_849471,0.9608988,defense_signaling,False,NP_849471.1 vernalization5/VIN3-like protein [Arabidopsis thaliana],0.0,685,False,0.2687,0.0
NP_001322748.1,NP_001322748,0.9606937,defense_signaling,False,NP_001322748.1 midasin-like protein [Arabidopsis thaliana],0.0,5400,True,0.2301,0.0026
NP_176883.5,NP_176883,0.9606937,defense_signaling,False,NP_176883.5 midasin-like protein [Arabidopsis thaliana],0.0,5393,True,0.2416,0.0026
NP_001321155.1,NP_001321155,0.9603562,defense_signaling,False,NP_001321155.1 RING/FYVE/PHD zinc finger superfamily protein [Arabidopsis thaliana],0.0,592,False,0.2069,0.0
NP_197531.1,NP_197531,0.9599918,defense_signaling,False,NP_197531.1 Adenine nucleotide alpha hydrolases-like superfamily protein [Arabidopsis thaliana],0.0,394,False,0.3947,0.0
NP_001329025.1,NP_001329025,0.959905,defense_signaling,False,NP_001329025.1 hypothetical protein (duplicated DUF1399) [Arabidopsis thaliana],0.0,787,False,0.2468,0.0141
NP_195503.1,NP_195503,0.959905,defense_signaling,False,NP_195503.1 hypothetical protein (duplicated DUF1399) [Arabidopsis thaliana],0.0,787,False,0.2468,0.0141
NP_201396.4,NP_201396,0.95949966,defense_signaling,False,NP_201396.4 trafficking protein particle complex subunit-like protein [Arabidopsis thaliana],0.0,1190,True,0.2797,0.0
NP_001325254.1,NP_001325254,0.9593023,RLK_defense,False,NP_001325254.1 EEIG1/EHBP1 protein amino-terminal domain protein [Arabidopsis thaliana],0.0,546,False,0.283,0.0
NP_001189933.1,NP_001189933,0.95925987,defense_signaling,False,NP_001189933.1 DNA repair/recombination protein [Arabidopsis thaliana],0.0,908,False,0.191,0.0
NP_187413.1,NP_187413,0.9591053,defense_signaling,False,NP_187413.1 histone H2A deubiquitinase (DUF3755) [Arabidopsis thaliana],0.0,258,False,0.4583,0.0
NP_566606.1,NP_566606,0.958804,defense_signaling,False,NP_566606.1 heat-inducible transcription repressor (DUF639) [Arabidopsis thaliana],0.0,692,False,0.2059,0.0
NP_001325777.1,NP_001325777,0.958804,defense_signaling,False,NP_001325777.1 heat-inducible transcription repressor (DUF639) [Arabidopsis thaliana],0.0,692,False,0.2059,0.0
NP_001325778.1,NP_001325778,0.958804,defense_signaling,False,NP_001325778.1 heat-inducible transcription repressor (DUF639) [Arabidopsis thaliana],0.0,692,False,0.2059,0.0
NP_201200.2,NP_201200,0.95843965,defense_signaling,False,NP_201200.2 chromatin remodeling 24 [Arabidopsis thaliana],0.0,1090,True,0.1574,0.0
NP_193097.1,NP_193097,0.9575674,defense_signaling,False,NP_193097.1 DNA (cytosine-5-)-methyltransferase family protein [Arabidopsis thaliana],0.0,1404,True,0.1799,0.0
NP_973491.1,NP_973491,0.9572598,defense_signaling,False,NP_973491.1 RING/U-box superfamily protein [Arabidopsis thaliana],0.0,559,False,0.1852,0.0
NP_179657.2,NP_179657,0.9572598,defense_signaling,False,NP_179657.2 RING/U-box superfamily protein [Arabidopsis thaliana],0.0,559,False,0.1852,0.0
NP_200877.1,NP_200877,0.95721877,defense_signaling,False,NP_200877.1 Homeobox-leucine zipper family protein / lipid-binding START domain-containing protein [Arabidopsis thaliana],0.0,842,False,0.2048,0.0
NP_200159.1,NP_200159,0.95639855,defense_signaling,False,NP_200159.1 acyl-CoA binding protein 1 [Arabidopsis thaliana],62.97392654418945,338,False,0.25,0.0
NP_566724.1,NP_566724,0.9563528,defense_signaling,False,NP_566724.1 uncharacterized protein AT3G23280 [Arabidopsis thaliana],44.871177673339844,462,False,0.3111,0.0
NP_192683.1,NP_192683,0.9560452,defense_signaling,False,NP_192683.1 Duplicated homeodomain-like superfamily protein [Arabidopsis thaliana],0.0,200,False,0.0,0.0
NP_178290.1,NP_178290,0.9560231,defense_signaling,False,NP_178290.1 RING/FYVE/PHD zinc finger superfamily protein [Arabidopsis thaliana],0.0,697,False,0.1471,0.0
NP_001325461.1,NP_001325461,0.95580226,defense_signaling,False,NP_001325461.1 CTC-interacting domain 10 [Arabidopsis thaliana],0.0,353,False,0.1765,0.0
NP_001030833.1,NP_001030833,0.95580226,defense_signaling,False,NP_001030833.1 CTC-interacting domain 10 [Arabidopsis thaliana],0.0,353,False,0.1765,0.0
NP_190508.1,NP_190508,0.95580226,defense_signaling,False,NP_190508.1 CTC-interacting domain 10 [Arabidopsis thaliana],0.0,353,False,0.1765,0.0
NP_171966.2,NP_171966,0.9556524,defense_signaling,False,NP_171966.2 P-loop containing nucleoside triphosphate hydrolases superfamily protein [Arabidopsis thaliana],0.0,943,False,0.2581,0.0
NP_001332133.1,NP_001332133,0.9556209,defense_signaling,False,NP_001332133.1 chromatin remodeling 24 [Arabidopsis thaliana],0.0,1073,True,0.2075,0.0
NP_173589.1,NP_173589,0.95510036,defense_signaling,False,NP_173589.1 SWITCH/sucrose nonfermenting 3C [Arabidopsis thaliana],0.0,807,False,0.3671,0.0112
NP_001328559.1,NP_001328559,0.95486534,defense_signaling,False,NP_001328559.1 P-loop containing nucleoside triphosphate hydrolases superfamily protein [Arabidopsis thaliana],0.0,1118,True,0.2455,0.0
NP_001322905.1,NP_001322905,0.954766,defense_signaling,False,NP_001322905.1 NagB/RpiA/CoA transferase-like superfamily protein [Arabidopsis thaliana],0.0,627,False,0.3279,0.0
