protein_id,is_curated_GO,pctl_truncated,z_truncated,moderate_truncated,category_truncated,pctl_windowed_mean,z_windowed_mean,moderate_windowed_mean,category_windowed_mean,pctl_windowed_max,z_windowed_max,moderate_windowed_max,category_windowed_max,description,pctl_delta_mean,pctl_delta_max
XP_010659863.1,False,16.661,-0.4856,False,defense_signaling,76.515,0.5546,False,defense_signaling,99.132,1.3456,True,cell_death_HR,XP_010659863.1 DNA polymerase zeta catalytic subunit isoform X4 [Vitis vinifera],59.854,82.471
XP_059598918.1,False,16.661,-0.4856,False,defense_signaling,76.515,0.5546,False,defense_signaling,99.132,1.3456,True,cell_death_HR,XP_059598918.1 DNA polymerase zeta catalytic subunit isoform X4 [Vitis vinifera],59.854,82.471
XP_019080602.1,False,18.202,-0.4227,False,defense_signaling,74.173,0.5324,False,defense_signaling,99.132,1.3456,True,cell_death_HR,XP_019080602.1 DNA polymerase zeta catalytic subunit isoform X3 [Vitis vinifera],55.971,80.93
XP_010659860.1,False,20.79,-0.3314,False,defense_signaling,83.818,0.6277,False,defense_signaling,99.132,1.3456,True,cell_death_HR,XP_010659860.1 DNA polymerase zeta catalytic subunit isoform X1 [Vitis vinifera],63.028,78.342
XP_010659861.1,False,20.79,-0.3314,False,defense_signaling,65.284,0.4419,False,defense_signaling,99.023,1.3285,True,cell_death_HR,XP_010659861.1 DNA polymerase zeta catalytic subunit isoform X2 [Vitis vinifera],44.494,78.233
XP_010664765.1,False,22.312,-0.2769,False,defense_signaling,84.724,0.6389,False,defense_signaling,98.213,0.8185,False,defense_signaling,XP_010664765.1 lysine-specific histone demethylase 1 homolog 3 [Vitis vinifera],62.412,75.901
XP_059591021.1,False,21.551,-0.3052,False,defense_signaling,65.387,0.443,False,defense_signaling,85.967,0.6504,False,defense_signaling,XP_059591021.1 uncharacterized protein LOC100245350 isoform X1 [Vitis vinifera],43.836,64.416
XP_059597262.1,False,35.689,-0.0977,False,NBS_LRR,96.102,0.9088,False,NBS_LRR,97.701,1.1639,False,NBS_LRR,XP_059597262.1 probable leucine-rich repeat receptor-like protein kinase At1g35710 isoform X1 [Vitis vinifera],60.413,62.012
XP_019080307.1,False,33.082,-0.0044,False,defense_signaling,76.42,0.5538,False,defense_signaling,90.212,0.6966,False,defense_signaling,XP_019080307.1 uncharacterized protein LOC104881571 isoform X2 [Vitis vinifera],43.338,57.13
XP_019080304.1,False,33.134,-0.0031,False,defense_signaling,76.478,0.5543,False,defense_signaling,90.212,0.6966,False,defense_signaling,XP_019080304.1 uncharacterized protein LOC104881571 isoform X1 [Vitis vinifera],43.344,57.078
XP_019080305.1,False,33.134,-0.0031,False,defense_signaling,76.478,0.5543,False,defense_signaling,90.212,0.6966,False,defense_signaling,XP_019080305.1 uncharacterized protein LOC104881571 isoform X1 [Vitis vinifera],43.344,57.078
XP_010662857.1,False,26.208,-0.1688,False,defense_signaling,69.571,0.486,False,defense_signaling,80.747,0.5951,False,defense_signaling,XP_010662857.1 uncharacterized protein LOC100247074 [Vitis vinifera],43.363,54.539
XP_059597264.1,False,35.689,-0.0977,False,NBS_LRR,73.153,0.4456,False,NBS_LRR,90.127,0.8212,False,NBS_LRR,XP_059597264.1 probable leucine-rich repeat receptor-like protein kinase At1g35710 isoform X2 [Vitis vinifera],37.464,54.438
XP_059597263.1,False,35.689,-0.0977,False,NBS_LRR,73.153,0.4456,False,NBS_LRR,90.127,0.8212,False,NBS_LRR,XP_059597263.1 probable leucine-rich repeat receptor-like protein kinase At1g35710 isoform X2 [Vitis vinifera],37.464,54.438
XP_010649796.1,False,43.691,0.1867,False,defense_signaling,53.986,0.3134,False,defense_signaling,97.641,0.8046,False,defense_signaling,XP_010649796.1 chromatin structure-remodeling complex protein SYD isoform X1 [Vitis vinifera],10.295,53.95
XP_010649797.1,False,43.691,0.1867,False,defense_signaling,53.986,0.3134,False,defense_signaling,97.641,0.8046,False,defense_signaling,XP_010649797.1 chromatin structure-remodeling complex protein SYD isoform X1 [Vitis vinifera],10.295,53.95
XP_019080308.1,False,33.134,-0.0031,False,defense_signaling,73.765,0.5286,False,defense_signaling,86.412,0.6552,False,defense_signaling,XP_019080308.1 uncharacterized protein LOC104881571 isoform X3 [Vitis vinifera],40.631,53.278
XP_010649798.1,False,44.081,0.1922,False,defense_signaling,54.388,0.3181,False,defense_signaling,97.02,0.7914,False,defense_signaling,XP_010649798.1 chromatin structure-remodeling complex protein SYD isoform X2 [Vitis vinifera],10.307,52.939
XP_010647103.1,False,43.917,0.0712,False,cell_death_HR,82.862,0.7637,False,cell_death_HR,96.142,1.1388,False,cell_death_HR,"XP_010647103.1 translocase of chloroplast 120, chloroplastic [Vitis vinifera]",38.945,52.225
XP_010647096.1,False,43.917,0.0712,False,cell_death_HR,82.862,0.7637,False,cell_death_HR,96.142,1.1388,False,cell_death_HR,"XP_010647096.1 translocase of chloroplast 120, chloroplastic [Vitis vinifera]",38.945,52.225
XP_010657340.1,False,40.905,0.1456,False,defense_signaling,81.447,0.6031,False,defense_signaling,92.913,0.7289,False,defense_signaling,XP_010657340.1 histone-lysine N-methyltransferase ATXR3 [Vitis vinifera],40.542,52.008
XP_010657341.1,False,40.905,0.1456,False,defense_signaling,81.447,0.6031,False,defense_signaling,92.913,0.7289,False,defense_signaling,XP_010657341.1 histone-lysine N-methyltransferase ATXR3 [Vitis vinifera],40.542,52.008
XP_010660565.1,False,47.475,0.2385,False,defense_signaling,93.978,0.7445,False,defense_signaling,99.367,0.8636,True,defense_signaling,XP_010660565.1 auxin transport protein BIG [Vitis vinifera],46.503,51.892
XP_059592287.1,False,21.547,-0.3053,False,defense_signaling,57.666,0.356,False,defense_signaling,71.53,0.5057,False,defense_signaling,XP_059592287.1 uncharacterized protein LOC100259633 [Vitis vinifera],36.119,49.983
XP_019080156.2,False,47.029,0.0767,False,NBS_LRR,92.789,0.8705,False,NBS_LRR,96.803,1.0604,False,NBS_LRR,XP_019080156.2 LOW QUALITY PROTEIN: probable leucine-rich repeat receptor-like protein kinase At1g35710 [Vitis vinifera],45.76,49.774
XP_010658598.1,False,25.475,-0.1878,False,defense_signaling,54.509,0.3196,False,defense_signaling,74.783,0.5372,False,defense_signaling,XP_010658598.1 uncharacterized protein LOC100253034 [Vitis vinifera],29.034,49.308
XP_010665035.1,False,49.168,0.2567,False,defense_signaling,87.096,0.6638,False,defense_signaling,97.853,0.8107,False,defense_signaling,XP_010665035.1 DNA (cytosine-5)-methyltransferase CMT2 isoform X2 [Vitis vinifera],37.928,48.685
XP_010665031.1,False,49.441,0.2606,False,defense_signaling,87.269,0.6656,False,defense_signaling,97.853,0.8107,False,defense_signaling,XP_010665031.1 DNA (cytosine-5)-methyltransferase CMT2 isoform X1 [Vitis vinifera],37.828,48.412
XP_059592184.1,False,30.481,-0.0819,False,defense_signaling,78.0,0.6723,False,cell_death_HR,78.817,0.6704,False,antimicrobial,XP_059592184.1 helicase and polymerase-containing protein TEBICHI isoform X2 [Vitis vinifera],47.519,48.336
XP_019073139.2,False,36.592,0.066,False,defense_signaling,57.826,0.3155,False,defense_signaling,80.549,0.611,False,cell_death_HR,XP_019073139.2 helicase-like transcription factor CHR28 isoform X2 [Vitis vinifera],21.234,43.957
XP_059593661.1,False,12.918,-0.6776,False,defense_signaling,32.275,-0.0232,False,defense_signaling,56.608,0.3424,False,defense_signaling,XP_059593661.1 LOW QUALITY PROTEIN: protein Ycf2-like [Vitis vinifera],19.357,43.69
XP_059592185.1,False,30.279,-0.2289,False,cell_death_HR,72.76,0.5803,False,cell_death_HR,73.515,0.5927,False,cell_death_HR,XP_059592185.1 helicase and polymerase-containing protein TEBICHI isoform X3 [Vitis vinifera],42.481,43.236
XP_010653854.1,False,43.038,0.0537,False,cell_death_HR,64.609,0.4373,False,cell_death_HR,86.169,0.8316,False,cell_death_HR,XP_010653854.1 rRNA biogenesis protein RRP5 [Vitis vinifera],21.571,43.131
XP_010648534.1,False,30.481,-0.0819,False,defense_signaling,69.86,0.5305,False,cell_death_HR,73.515,0.5927,False,cell_death_HR,XP_010648534.1 helicase and polymerase-containing protein TEBICHI isoform X1 [Vitis vinifera],39.379,43.034
XP_019074908.1,False,30.481,-0.0819,False,defense_signaling,69.86,0.5305,False,cell_death_HR,73.515,0.5927,False,cell_death_HR,XP_019074908.1 helicase and polymerase-containing protein TEBICHI isoform X1 [Vitis vinifera],39.379,43.034
XP_059592183.1,False,30.481,-0.0819,False,defense_signaling,69.86,0.5305,False,cell_death_HR,73.515,0.5927,False,cell_death_HR,XP_059592183.1 helicase and polymerase-containing protein TEBICHI isoform X1 [Vitis vinifera],39.379,43.034
XP_059592182.1,False,30.481,-0.0819,False,defense_signaling,69.86,0.5305,False,cell_death_HR,73.515,0.5927,False,cell_death_HR,XP_059592182.1 helicase and polymerase-containing protein TEBICHI isoform X1 [Vitis vinifera],39.379,43.034
XP_002263027.4,False,37.877,0.0912,False,defense_signaling,57.531,0.3361,False,defense_signaling,80.549,0.611,False,cell_death_HR,XP_002263027.4 helicase-like transcription factor CHR28 isoform X1 [Vitis vinifera],19.654,42.672
XP_059593054.1,False,47.706,0.1393,False,cell_death_HR,72.002,0.5674,False,cell_death_HR,89.341,0.7077,False,cell_death_HR,XP_059593054.1 uncharacterized protein LOC100262484 [Vitis vinifera],24.296,41.635
XP_002276245.2,False,55.474,0.3327,False,defense_signaling,94.817,0.7565,False,defense_signaling,97.052,0.7919,False,defense_signaling,XP_002276245.2 ATP-dependent helicase BRM [Vitis vinifera],39.343,41.578
YP_567121.1,False,14.007,-0.6106,False,defense_signaling,32.202,-0.0246,False,defense_signaling,54.276,0.3155,False,defense_signaling,YP_567121.1 Ycf2 (chloroplast) [Vitis vinifera],18.195,40.269
YP_567140.1,False,14.007,-0.6106,False,defense_signaling,32.202,-0.0246,False,defense_signaling,54.276,0.3155,False,defense_signaling,YP_567140.1 Ycf2 (chloroplast) [Vitis vinifera],18.195,40.269
XP_010665041.1,False,53.948,0.3143,False,defense_signaling,81.323,0.6014,False,defense_signaling,92.602,0.7245,False,defense_signaling,XP_010665041.1 DNA (cytosine-5)-methyltransferase CMT2 isoform X3 [Vitis vinifera],27.375,38.654
XP_059590007.1,False,56.364,0.3427,False,defense_signaling,80.71,0.5952,False,defense_signaling,94.693,0.7538,False,defense_signaling,XP_059590007.1 uncharacterized protein LOC100855390 isoform X3 [Vitis vinifera],24.346,38.329
XP_010655213.1,False,61.474,0.4018,False,defense_signaling,98.878,0.8454,False,defense_signaling,99.564,0.934,True,cell_death_HR,XP_010655213.1 histone acetyltransferase HAC1 [Vitis vinifera],37.404,38.09
XP_059590012.1,False,59.358,0.3793,False,defense_signaling,86.758,0.6595,False,defense_signaling,94.693,0.7538,False,defense_signaling,XP_059590012.1 uncharacterized protein LOC100855390 isoform X5 [Vitis vinifera],27.4,35.335
XP_059590010.1,False,59.358,0.3793,False,defense_signaling,86.758,0.6595,False,defense_signaling,94.693,0.7538,False,defense_signaling,XP_059590010.1 uncharacterized protein LOC100855390 isoform X5 [Vitis vinifera],27.4,35.335
XP_059591022.1,False,21.551,-0.3052,False,defense_signaling,43.768,0.1844,False,defense_signaling,56.79,0.3448,False,defense_signaling,XP_059591022.1 uncharacterized protein LOC100245350 isoform X2 [Vitis vinifera],22.217,35.239
XP_010651385.1,False,60.689,0.3933,False,defense_signaling,92.823,0.7278,False,defense_signaling,95.048,0.7592,False,defense_signaling,XP_010651385.1 calpain-type cysteine protease DEK1 [Vitis vinifera],32.134,34.359
XP_002285732.1,False,60.689,0.3933,False,defense_signaling,92.823,0.7278,False,defense_signaling,95.048,0.7592,False,defense_signaling,XP_002285732.1 calpain-type cysteine protease DEK1 [Vitis vinifera],32.134,34.359
XP_010651386.1,False,60.689,0.3933,False,defense_signaling,92.823,0.7278,False,defense_signaling,95.048,0.7592,False,defense_signaling,XP_010651386.1 calpain-type cysteine protease DEK1 [Vitis vinifera],32.134,34.359
XP_010654228.1,False,59.03,0.3422,False,cell_death_HR,89.398,0.9106,False,cell_death_HR,93.188,1.015,False,cell_death_HR,"XP_010654228.1 protein PHYLLO, chloroplastic isoform X3 [Vitis vinifera]",30.368,34.158
XP_010652102.1,False,64.479,0.4361,False,defense_signaling,86.247,0.6539,False,defense_signaling,97.365,0.7989,False,defense_signaling,XP_010652102.1 piezo-type mechanosensitive ion channel homolog isoform X2 [Vitis vinifera],21.768,32.886
XP_002273318.1,False,19.271,-0.5856,False,cell_death_HR,35.423,-0.1018,False,cell_death_HR,52.151,0.2184,False,cell_death_HR,XP_002273318.1 structural maintenance of chromosomes protein 3 [Vitis vinifera],16.152,32.88
XP_002283071.1,False,38.412,0.1015,False,defense_signaling,55.789,0.3337,False,defense_signaling,70.755,0.4981,False,defense_signaling,XP_002283071.1 increased DNA methylation 1 isoform X1 [Vitis vinifera],17.377,32.343
XP_002273767.1,False,25.428,-0.3754,False,cell_death_HR,42.882,0.0488,False,cell_death_HR,56.881,0.3026,False,cell_death_HR,XP_002273767.1 peroxisomal ATPase PEX1 isoform X1 [Vitis vinifera],17.454,31.453
XP_019076912.1,False,61.976,0.2989,False,cell_death_HR,90.992,0.9494,False,cell_death_HR,93.188,1.015,False,cell_death_HR,"XP_019076912.1 protein PHYLLO, chloroplastic isoform X2 [Vitis vinifera]",29.016,31.212
XP_010644441.1,False,55.407,0.3319,False,defense_signaling,71.85,0.5093,False,defense_signaling,86.546,0.6571,False,defense_signaling,XP_010644441.1 uncharacterized protein LOC100264016 isoform X3 [Vitis vinifera],16.443,31.139
XP_010663180.1,False,67.722,0.4702,False,defense_signaling,98.725,0.8383,False,defense_signaling,98.547,1.2831,False,cell_death_HR,XP_010663180.1 serine/threonine-protein kinase ATM isoform X4 [Vitis vinifera],31.003,30.825
XP_059598646.1,False,68.463,0.5064,False,cell_death_HR,83.83,0.763,False,antimicrobial,99.188,0.8586,True,defense_signaling,XP_059598646.1 nuclear pore complex protein GP210 [Vitis vinifera],15.367,30.725
XP_010663178.1,False,67.939,0.4725,False,defense_signaling,98.577,0.8335,False,defense_signaling,98.547,1.2831,False,cell_death_HR,XP_010663178.1 serine/threonine-protein kinase ATM isoform X2 [Vitis vinifera],30.638,30.608
XP_010663177.1,False,67.939,0.4725,False,defense_signaling,98.565,0.8333,False,defense_signaling,98.547,1.2831,False,cell_death_HR,XP_010663177.1 serine/threonine-protein kinase ATM isoform X1 [Vitis vinifera],30.626,30.608
XP_010663179.1,False,67.939,0.4725,False,defense_signaling,98.422,0.8292,False,defense_signaling,98.547,1.2831,False,cell_death_HR,XP_010663179.1 serine/threonine-protein kinase ATM isoform X3 [Vitis vinifera],30.483,30.608
XP_002269466.2,False,39.201,0.114,False,defense_signaling,63.307,0.4204,False,defense_signaling,69.63,0.5249,False,cell_death_HR,XP_002269466.2 eukaryotic translation initiation factor 4G isoform X1 [Vitis vinifera],24.106,30.429
XP_059599178.1,False,39.201,0.114,False,defense_signaling,63.307,0.4204,False,defense_signaling,69.63,0.5249,False,cell_death_HR,XP_059599178.1 eukaryotic translation initiation factor 4G isoform X1 [Vitis vinifera],24.106,30.429
XP_059599179.1,False,39.201,0.114,False,defense_signaling,63.307,0.4204,False,defense_signaling,69.63,0.5249,False,cell_death_HR,XP_059599179.1 eukaryotic translation initiation factor 4G isoform X1 [Vitis vinifera],24.106,30.429
XP_010663181.1,False,67.939,0.4725,False,defense_signaling,97.18,0.7964,False,defense_signaling,98.319,0.8221,False,defense_signaling,XP_010663181.1 serine/threonine-protein kinase ATM isoform X5 [Vitis vinifera],29.241,30.38
XP_019082039.1,False,67.939,0.4725,False,defense_signaling,97.143,0.7953,False,defense_signaling,98.319,0.8221,False,defense_signaling,XP_019082039.1 serine/threonine-protein kinase ATM isoform X6 [Vitis vinifera],29.204,30.38
XP_010654221.1,False,63.014,0.2988,False,NBS_LRR,90.579,0.9387,False,cell_death_HR,93.188,1.015,False,cell_death_HR,"XP_010654221.1 protein PHYLLO, chloroplastic isoform X1 [Vitis vinifera]",27.565,30.174
XP_059599181.1,False,39.458,0.1195,False,defense_signaling,63.262,0.4198,False,defense_signaling,69.63,0.5249,False,cell_death_HR,XP_059599181.1 eukaryotic translation initiation factor 4G isoform X2 [Vitis vinifera],23.804,30.172
XP_059599180.1,False,39.458,0.1195,False,defense_signaling,63.262,0.4198,False,defense_signaling,69.63,0.5249,False,cell_death_HR,XP_059599180.1 eukaryotic translation initiation factor 4G isoform X2 [Vitis vinifera],23.804,30.172
XP_059590004.1,False,64.806,0.4397,False,defense_signaling,84.035,0.6296,False,defense_signaling,94.693,0.7538,False,defense_signaling,XP_059590004.1 uncharacterized protein LOC100855390 isoform X1 [Vitis vinifera],19.229,29.887
XP_002279847.2,False,40.21,-0.0003,False,cell_death_HR,56.431,0.2978,False,cell_death_HR,69.859,0.5299,False,cell_death_HR,"XP_002279847.2 PH, RCC1 and FYVE domains-containing protein 1 [Vitis vinifera]",16.221,29.649
XP_003633464.2,False,13.179,-0.6598,False,defense_signaling,30.186,-0.0659,False,defense_signaling,42.257,0.161,False,defense_signaling,XP_003633464.2 uncharacterized protein LOC100852955 isoform X2 [Vitis vinifera],17.007,29.078
XP_059595936.1,False,68.003,0.4861,False,antimicrobial,87.402,0.8379,False,cell_death_HR,96.722,0.8384,False,PR_proteins,XP_059595936.1 protein MOR1 isoform X2 [Vitis vinifera],19.399,28.719
XP_059595935.1,False,68.003,0.4861,False,antimicrobial,87.374,0.8377,False,cell_death_HR,96.596,0.8368,False,PR_proteins,XP_059595935.1 protein MOR1 isoform X1 [Vitis vinifera],19.371,28.593
XP_059595355.1,False,68.269,0.4753,False,defense_signaling,85.477,0.6477,False,defense_signaling,96.68,0.7851,False,defense_signaling,XP_059595355.1 uncharacterized protein LOC100248757 [Vitis vinifera],17.208,28.411
XP_010658451.1,False,13.133,-0.6622,False,defense_signaling,30.016,-0.0695,False,defense_signaling,40.928,0.1423,False,defense_signaling,XP_010658451.1 uncharacterized protein LOC100852955 isoform X1 [Vitis vinifera],16.883,27.795
XP_059598043.1,False,13.133,-0.6622,False,defense_signaling,30.016,-0.0695,False,defense_signaling,40.928,0.1423,False,defense_signaling,XP_059598043.1 uncharacterized protein LOC100852955 isoform X1 [Vitis vinifera],16.883,27.795
XP_010658452.1,False,13.133,-0.6622,False,defense_signaling,30.016,-0.0695,False,defense_signaling,40.928,0.1423,False,defense_signaling,XP_010658452.1 uncharacterized protein LOC100852955 isoform X1 [Vitis vinifera],16.883,27.795
XP_019078952.1,False,71.486,0.5085,False,defense_signaling,91.524,0.7112,False,defense_signaling,99.148,0.8563,True,defense_signaling,XP_019078952.1 protein CHROMATIN REMODELING 4 [Vitis vinifera],20.038,27.662
XP_010649006.1,False,71.486,0.5085,False,defense_signaling,91.524,0.7112,False,defense_signaling,99.148,0.8563,True,defense_signaling,XP_010649006.1 protein CHROMATIN REMODELING 4 [Vitis vinifera],20.038,27.662
XP_003631193.1,False,71.486,0.5085,False,defense_signaling,91.524,0.7112,False,defense_signaling,99.148,0.8563,True,defense_signaling,XP_003631193.1 protein CHROMATIN REMODELING 4 [Vitis vinifera],20.038,27.662
XP_010651384.1,False,46.207,0.2222,False,defense_signaling,59.734,0.3807,False,defense_signaling,73.804,0.5286,False,defense_signaling,XP_010651384.1 mediator of RNA polymerase II transcription subunit 13 [Vitis vinifera],13.527,27.597
XP_019076638.1,False,69.969,0.4934,False,defense_signaling,84.864,0.6409,False,defense_signaling,97.365,0.7989,False,defense_signaling,XP_019076638.1 piezo-type mechanosensitive ion channel homolog isoform X1 [Vitis vinifera],14.895,27.396
XP_010652101.1,False,69.969,0.4934,False,defense_signaling,84.864,0.6409,False,defense_signaling,97.365,0.7989,False,defense_signaling,XP_010652101.1 piezo-type mechanosensitive ion channel homolog isoform X1 [Vitis vinifera],14.895,27.396
XP_059593833.1,False,69.969,0.4934,False,defense_signaling,84.864,0.6409,False,defense_signaling,97.365,0.7989,False,defense_signaling,XP_059593833.1 piezo-type mechanosensitive ion channel homolog isoform X1 [Vitis vinifera],14.895,27.396
XP_010652873.1,False,57.067,0.3513,False,defense_signaling,70.348,0.4941,False,defense_signaling,84.437,0.6347,False,defense_signaling,XP_010652873.1 uncharacterized protein LOC100247348 isoform X1 [Vitis vinifera],13.281,27.37
XP_010652875.1,False,57.067,0.3513,False,defense_signaling,69.586,0.4862,False,defense_signaling,84.437,0.6347,False,defense_signaling,XP_010652875.1 uncharacterized protein LOC100247348 isoform X2 [Vitis vinifera],12.519,27.37
XP_002267274.1,False,72.337,0.5172,False,defense_signaling,85.502,0.7673,False,cell_death_HR,99.611,1.4411,True,cell_death_HR,"XP_002267274.1 translocase of chloroplast 159, chloroplastic [Vitis vinifera]",13.165,27.274
XP_059590006.1,False,64.806,0.4397,False,defense_signaling,80.254,0.5908,False,defense_signaling,91.827,0.7146,False,defense_signaling,XP_059590006.1 uncharacterized protein LOC100855390 isoform X2 [Vitis vinifera],15.448,27.021
XP_019072704.1,False,38.412,0.1015,False,defense_signaling,52.178,0.2924,False,defense_signaling,65.261,0.4415,False,defense_signaling,XP_019072704.1 increased DNA methylation 1 isoform X2 [Vitis vinifera],13.766,26.849
XP_059591895.1,False,60.18,0.3883,False,defense_signaling,75.97,0.5494,False,defense_signaling,86.7,0.6589,False,defense_signaling,XP_059591895.1 autophagy-related protein 2 isoform X5 [Vitis vinifera],15.79,26.52
XP_002281396.3,False,55.658,0.3346,False,defense_signaling,75.984,0.5495,False,defense_signaling,82.05,0.61,False,defense_signaling,XP_002281396.3 uncharacterized protein LOC100262175 isoform X1 [Vitis vinifera],20.326,26.392
XP_059591893.1,False,60.18,0.3883,False,defense_signaling,75.864,0.5485,False,defense_signaling,86.188,0.6531,False,defense_signaling,XP_059591893.1 autophagy-related protein 2 isoform X3 [Vitis vinifera],15.684,26.008
XP_059591894.1,False,60.18,0.3883,False,defense_signaling,75.94,0.5491,False,defense_signaling,86.139,0.6522,False,defense_signaling,XP_059591894.1 autophagy-related protein 2 isoform X4 [Vitis vinifera],15.76,25.959
XP_059591892.1,False,60.18,0.3883,False,defense_signaling,75.783,0.5473,False,defense_signaling,85.991,0.6505,False,defense_signaling,XP_059591892.1 autophagy-related protein 2 isoform X2 [Vitis vinifera],15.603,25.811
XP_059591891.1,False,60.18,0.3883,False,defense_signaling,76.164,0.5507,False,defense_signaling,85.913,0.6499,False,defense_signaling,XP_059591891.1 autophagy-related protein 2 isoform X1 [Vitis vinifera],15.984,25.733
XP_010648588.1,False,68.579,0.4787,False,defense_signaling,84.84,0.6407,False,defense_signaling,94.195,0.7463,False,defense_signaling,XP_010648588.1 uncharacterized protein LOC100262933 isoform X1 [Vitis vinifera],16.261,25.616
XP_059591896.1,False,60.18,0.3883,False,defense_signaling,69.332,0.4841,False,defense_signaling,85.418,0.6459,False,defense_signaling,XP_059591896.1 autophagy-related protein 2 isoform X6 [Vitis vinifera],9.152,25.238
XP_010663301.1,False,56.855,0.3489,False,defense_signaling,78.167,0.5708,False,defense_signaling,82.05,0.61,False,defense_signaling,XP_010663301.1 uncharacterized protein LOC100262175 isoform X2 [Vitis vinifera],21.312,25.195
XP_019081651.2,False,50.097,0.2688,False,defense_signaling,65.366,0.3439,False,defense_signaling,75.24,0.478,False,NBS_LRR,XP_019081651.2 protein SPA1-RELATED 2 isoform X1 [Vitis vinifera],15.269,25.143
XP_059598325.1,False,50.097,0.2688,False,defense_signaling,65.366,0.3439,False,defense_signaling,75.24,0.478,False,NBS_LRR,XP_059598325.1 protein SPA1-RELATED 2 isoform X1 [Vitis vinifera],15.269,25.143
XP_059598327.1,False,50.097,0.2688,False,defense_signaling,65.366,0.3439,False,defense_signaling,75.24,0.478,False,NBS_LRR,XP_059598327.1 protein SPA1-RELATED 2 isoform X1 [Vitis vinifera],15.269,25.143
XP_059598320.1,False,50.097,0.2688,False,defense_signaling,65.366,0.3439,False,defense_signaling,75.24,0.478,False,NBS_LRR,XP_059598320.1 protein SPA1-RELATED 2 isoform X1 [Vitis vinifera],15.269,25.143
XP_059598322.1,False,50.097,0.2688,False,defense_signaling,65.366,0.3439,False,defense_signaling,75.24,0.478,False,NBS_LRR,XP_059598322.1 protein SPA1-RELATED 2 isoform X1 [Vitis vinifera],15.269,25.143
XP_059598333.1,False,50.097,0.2688,False,defense_signaling,65.366,0.3439,False,defense_signaling,75.24,0.478,False,NBS_LRR,XP_059598333.1 protein SPA1-RELATED 2 isoform X1 [Vitis vinifera],15.269,25.143
XP_010661962.1,False,67.649,0.4692,False,defense_signaling,90.576,0.7006,False,defense_signaling,92.73,0.7264,False,defense_signaling,XP_010661962.1 uncharacterized protein LOC100255258 isoform X3 [Vitis vinifera],22.927,25.081
XP_010646588.1,False,37.947,0.0927,False,defense_signaling,64.605,0.4347,False,defense_signaling,62.752,0.3682,False,defense_signaling,XP_010646588.1 uncharacterized protein LOC100241915 [Vitis vinifera],26.658,24.805
XP_059595321.1,False,37.947,0.0927,False,defense_signaling,64.605,0.4347,False,defense_signaling,62.752,0.3682,False,defense_signaling,XP_059595321.1 uncharacterized protein LOC100241915 [Vitis vinifera],26.658,24.805
XP_059591897.1,False,60.18,0.3883,False,defense_signaling,68.845,0.479,False,defense_signaling,84.744,0.6388,False,defense_signaling,XP_059591897.1 autophagy-related protein 2 isoform X7 [Vitis vinifera],8.665,24.564
XP_059595937.1,False,68.003,0.4861,False,antimicrobial,86.282,0.8214,False,cell_death_HR,92.454,0.9226,False,cell_death_HR,XP_059595937.1 protein MOR1 isoform X3 [Vitis vinifera],18.279,24.451
XP_019081152.2,False,68.594,0.4788,False,defense_signaling,91.083,0.706,False,defense_signaling,92.789,0.7272,False,defense_signaling,XP_019081152.2 uncharacterized protein LOC100255258 isoform X4 [Vitis vinifera],22.489,24.195
XP_010661961.2,False,68.594,0.4788,False,defense_signaling,90.712,0.7019,False,defense_signaling,92.789,0.7272,False,defense_signaling,XP_010661961.2 uncharacterized protein LOC100255258 isoform X2 [Vitis vinifera],22.118,24.195
XP_002264136.4,False,68.594,0.4788,False,defense_signaling,92.422,0.7226,False,defense_signaling,92.789,0.7272,False,defense_signaling,XP_002264136.4 uncharacterized protein LOC100255258 isoform X1 [Vitis vinifera],23.828,24.195
XP_002279535.1,False,59.943,0.3579,False,cell_death_HR,73.932,0.6028,False,cell_death_HR,84.047,0.7863,False,cell_death_HR,XP_002279535.1 zinc finger protein BRUTUS [Vitis vinifera],13.989,24.104
XP_010648304.1,False,62.953,0.4185,False,defense_signaling,85.147,0.6438,False,defense_signaling,86.979,0.6621,False,defense_signaling,XP_010648304.1 calcineurin-binding protein 1 isoform X2 [Vitis vinifera],22.194,24.026
XP_019075468.1,False,73.821,0.6006,False,cell_death_HR,98.851,0.8439,False,defense_signaling,97.783,0.8081,False,defense_signaling,XP_019075468.1 uncharacterized protein LOC100258011 [Vitis vinifera],25.03,23.962
XP_059598952.1,False,46.69,0.2286,False,defense_signaling,60.666,0.3902,False,defense_signaling,70.221,0.4925,False,defense_signaling,XP_059598952.1 uncharacterized protein LOC100245070 [Vitis vinifera],13.976,23.531
XP_059590402.1,False,45.912,0.062,False,NBS_LRR,58.259,0.2359,False,NBS_LRR,68.704,0.3815,False,NBS_LRR,XP_059590402.1 disease resistance protein RUN1 isoform X1 [Vitis vinifera],12.347,22.792
XP_059590387.1,False,45.912,0.062,False,NBS_LRR,58.259,0.2359,False,NBS_LRR,68.704,0.3815,False,NBS_LRR,XP_059590387.1 disease resistance protein RUN1 isoform X1 [Vitis vinifera],12.347,22.792
XP_059590392.1,False,45.912,0.062,False,NBS_LRR,58.259,0.2359,False,NBS_LRR,68.704,0.3815,False,NBS_LRR,XP_059590392.1 disease resistance protein RUN1 isoform X1 [Vitis vinifera],12.347,22.792
XP_059590389.1,False,45.912,0.062,False,NBS_LRR,58.259,0.2359,False,NBS_LRR,68.704,0.3815,False,NBS_LRR,XP_059590389.1 disease resistance protein RUN1 isoform X1 [Vitis vinifera],12.347,22.792
XP_059590396.1,False,45.912,0.062,False,NBS_LRR,58.259,0.2359,False,NBS_LRR,68.704,0.3815,False,NBS_LRR,XP_059590396.1 disease resistance protein RUN1 isoform X1 [Vitis vinifera],12.347,22.792
XP_059590390.1,False,45.912,0.062,False,NBS_LRR,58.259,0.2359,False,NBS_LRR,68.704,0.3815,False,NBS_LRR,XP_059590390.1 disease resistance protein RUN1 isoform X1 [Vitis vinifera],12.347,22.792
XP_059590384.1,False,45.912,0.062,False,NBS_LRR,58.259,0.2359,False,NBS_LRR,68.704,0.3815,False,NBS_LRR,XP_059590384.1 disease resistance protein RUN1 isoform X1 [Vitis vinifera],12.347,22.792
XP_059590391.1,False,45.912,0.062,False,NBS_LRR,58.259,0.2359,False,NBS_LRR,68.704,0.3815,False,NBS_LRR,XP_059590391.1 disease resistance protein RUN1 isoform X1 [Vitis vinifera],12.347,22.792
XP_059590398.1,False,45.912,0.062,False,NBS_LRR,58.259,0.2359,False,NBS_LRR,68.704,0.3815,False,NBS_LRR,XP_059590398.1 disease resistance protein RUN1 isoform X1 [Vitis vinifera],12.347,22.792
XP_059590395.1,False,45.912,0.062,False,NBS_LRR,58.259,0.2359,False,NBS_LRR,68.704,0.3815,False,NBS_LRR,XP_059590395.1 disease resistance protein RUN1 isoform X1 [Vitis vinifera],12.347,22.792
XP_059590394.1,False,45.912,0.062,False,NBS_LRR,58.259,0.2359,False,NBS_LRR,68.704,0.3815,False,NBS_LRR,XP_059590394.1 disease resistance protein RUN1 isoform X1 [Vitis vinifera],12.347,22.792
XP_059590385.1,False,45.912,0.062,False,NBS_LRR,58.259,0.2359,False,NBS_LRR,68.704,0.3815,False,NBS_LRR,XP_059590385.1 disease resistance protein RUN1 isoform X1 [Vitis vinifera],12.347,22.792
XP_019071940.2,False,45.912,0.062,False,NBS_LRR,58.259,0.2359,False,NBS_LRR,68.704,0.3815,False,NBS_LRR,XP_019071940.2 disease resistance protein RUN1 isoform X1 [Vitis vinifera],12.347,22.792
XP_059590397.1,False,45.912,0.062,False,NBS_LRR,58.259,0.2359,False,NBS_LRR,68.704,0.3815,False,NBS_LRR,XP_059590397.1 disease resistance protein RUN1 isoform X1 [Vitis vinifera],12.347,22.792
XP_059590386.1,False,45.912,0.062,False,NBS_LRR,58.259,0.2359,False,NBS_LRR,68.704,0.3815,False,NBS_LRR,XP_059590386.1 disease resistance protein RUN1 isoform X1 [Vitis vinifera],12.347,22.792
XP_059590393.1,False,45.912,0.062,False,NBS_LRR,58.259,0.2359,False,NBS_LRR,68.704,0.3815,False,NBS_LRR,XP_059590393.1 disease resistance protein RUN1 isoform X1 [Vitis vinifera],12.347,22.792
XP_059590400.1,False,45.912,0.062,False,NBS_LRR,58.259,0.2359,False,NBS_LRR,68.704,0.3815,False,NBS_LRR,XP_059590400.1 disease resistance protein RUN1 isoform X1 [Vitis vinifera],12.347,22.792
XP_059590403.1,False,45.912,0.062,False,NBS_LRR,58.259,0.2359,False,NBS_LRR,68.704,0.3815,False,NBS_LRR,XP_059590403.1 disease resistance protein RUN1 isoform X1 [Vitis vinifera],12.347,22.792
XP_059590401.1,False,45.912,0.062,False,NBS_LRR,58.259,0.2359,False,NBS_LRR,68.704,0.3815,False,NBS_LRR,XP_059590401.1 disease resistance protein RUN1 isoform X1 [Vitis vinifera],12.347,22.792
XP_059590388.1,False,45.912,0.062,False,NBS_LRR,58.259,0.2359,False,NBS_LRR,68.704,0.3815,False,NBS_LRR,XP_059590388.1 disease resistance protein RUN1 isoform X1 [Vitis vinifera],12.347,22.792
XP_059590399.1,False,45.912,0.062,False,NBS_LRR,58.259,0.2359,False,NBS_LRR,68.704,0.3815,False,NBS_LRR,XP_059590399.1 disease resistance protein RUN1 isoform X1 [Vitis vinifera],12.347,22.792
XP_002277304.1,False,44.455,0.1979,False,defense_signaling,63.418,0.4222,False,defense_signaling,67.092,0.4598,False,defense_signaling,XP_002277304.1 SAC3 family protein B [Vitis vinifera],18.963,22.637
XP_002270775.1,False,75.9,0.6361,False,cell_death_HR,99.365,0.8711,True,defense_signaling,98.501,0.8979,False,antimicrobial,XP_002270775.1 BEACH domain-containing protein C2 isoform X1 [Vitis vinifera],23.465,22.601
XP_010658412.1,False,64.998,0.4414,False,defense_signaling,79.275,0.5817,False,defense_signaling,87.488,0.6667,False,defense_signaling,XP_010658412.1 uncharacterized protein LOC100260315 isoform X1 [Vitis vinifera],14.277,22.49
XP_059599133.1,False,47.098,0.2337,False,defense_signaling,67.521,0.465,False,defense_signaling,69.546,0.4855,False,defense_signaling,XP_059599133.1 uncharacterized protein LOC100265029 [Vitis vinifera],20.423,22.448
XP_059591898.1,False,60.18,0.3883,False,defense_signaling,67.988,0.47,False,defense_signaling,82.312,0.6124,False,defense_signaling,XP_059591898.1 autophagy-related protein 2 isoform X8 [Vitis vinifera],7.808,22.132
XP_010660075.1,False,74.792,0.5414,False,defense_signaling,90.079,0.6944,False,defense_signaling,96.422,0.78,False,defense_signaling,XP_010660075.1 piezo-type mechanosensitive ion channel homolog isoform X1 [Vitis vinifera],15.287,21.63
XP_059591266.1,False,71.57,0.509,False,defense_signaling,86.476,0.6566,False,defense_signaling,93.089,0.7314,False,defense_signaling,XP_059591266.1 uncharacterized protein LOC100246156 isoform X1 [Vitis vinifera],14.906,21.519
XP_010645610.1,False,53.06,0.2378,False,cell_death_HR,65.356,0.45,False,cell_death_HR,74.447,0.6103,False,cell_death_HR,"XP_010645610.1 PH, RCC1 and FYVE domains-containing protein 1 [Vitis vinifera]",12.296,21.387
XP_019073273.1,False,53.06,0.2378,False,cell_death_HR,65.356,0.45,False,cell_death_HR,74.447,0.6103,False,cell_death_HR,"XP_019073273.1 PH, RCC1 and FYVE domains-containing protein 1 [Vitis vinifera]",12.296,21.387
XP_059590277.1,False,77.791,0.5704,False,defense_signaling,97.111,0.7945,False,defense_signaling,98.961,0.8463,False,defense_signaling,XP_059590277.1 uncharacterized protein LOC100259158 [Vitis vinifera],19.32,21.17
XP_059591267.1,False,71.57,0.509,False,defense_signaling,85.696,0.6497,False,defense_signaling,92.356,0.7213,False,defense_signaling,XP_059591267.1 uncharacterized protein LOC100246156 isoform X2 [Vitis vinifera],14.126,20.786
XP_010665014.1,False,76.243,0.5548,False,defense_signaling,93.098,0.7316,False,defense_signaling,97.023,0.85,False,antimicrobial,XP_010665014.1 eukaryotic translation initiation factor 5B [Vitis vinifera],16.855,20.78
XP_002267014.2,False,76.243,0.5548,False,defense_signaling,93.098,0.7316,False,defense_signaling,97.023,0.85,False,antimicrobial,XP_002267014.2 eukaryotic translation initiation factor 5B [Vitis vinifera],16.855,20.78
XP_010648589.1,False,73.449,0.5283,False,defense_signaling,88.588,0.6795,False,defense_signaling,94.195,0.7463,False,defense_signaling,XP_010648589.1 uncharacterized protein LOC100262933 isoform X2 [Vitis vinifera],15.139,20.746
XP_010660079.1,False,75.843,0.5511,False,defense_signaling,91.021,0.705,False,defense_signaling,96.422,0.78,False,defense_signaling,XP_010660079.1 piezo-type mechanosensitive ion channel homolog isoform X2 [Vitis vinifera],15.178,20.579
XP_059598608.1,False,75.843,0.5511,False,defense_signaling,91.021,0.705,False,defense_signaling,96.422,0.78,False,defense_signaling,XP_059598608.1 piezo-type mechanosensitive ion channel homolog isoform X2 [Vitis vinifera],15.178,20.579
XP_019081150.1,False,75.9,0.6361,False,cell_death_HR,98.853,0.844,False,defense_signaling,96.207,0.7767,False,defense_signaling,XP_019081150.1 BEACH domain-containing protein C2 isoform X2 [Vitis vinifera],22.953,20.307
XP_019082049.1,False,55.658,0.3346,False,defense_signaling,68.788,0.4783,False,defense_signaling,75.052,0.5399,False,defense_signaling,XP_019082049.1 uncharacterized protein LOC100262175 isoform X4 [Vitis vinifera],13.13,19.394
XP_010645082.1,False,58.369,0.3671,False,defense_signaling,79.137,0.5804,False,defense_signaling,77.483,0.5637,False,defense_signaling,XP_010645082.1 nuclear-pore anchor isoform X1 [Vitis vinifera],20.768,19.114
XP_010645083.1,False,58.369,0.3671,False,defense_signaling,79.381,0.5824,False,defense_signaling,77.343,0.5618,False,defense_signaling,XP_010645083.1 nuclear-pore anchor isoform X2 [Vitis vinifera],21.012,18.974
XP_059594012.1,False,41.3,0.1511,False,defense_signaling,52.065,0.2911,False,defense_signaling,60.167,0.3843,False,defense_signaling,XP_059594012.1 chromatin modification-related protein EAF1 B [Vitis vinifera],10.765,18.867
XP_010663302.1,False,55.658,0.3346,False,defense_signaling,71.801,0.5088,False,defense_signaling,74.335,0.5339,False,defense_signaling,XP_010663302.1 uncharacterized protein LOC100262175 isoform X3 [Vitis vinifera],16.143,18.677
XP_059591268.1,False,74.557,0.5398,False,defense_signaling,86.154,0.6529,False,defense_signaling,93.089,0.7314,False,defense_signaling,XP_059591268.1 uncharacterized protein LOC100246156 isoform X3 [Vitis vinifera],11.597,18.532
XP_002264666.1,False,75.546,0.6307,False,cell_death_HR,88.002,0.8765,False,cell_death_HR,93.815,1.0395,False,cell_death_HR,"XP_002264666.1 leucine--tRNA ligase, cytoplasmic [Vitis vinifera]",12.456,18.269
XP_010662770.1,False,42.912,0.1735,False,defense_signaling,57.388,0.3532,False,defense_signaling,61.161,0.3947,False,defense_signaling,XP_010662770.1 protein SHORTAGE IN CHIASMATA 1 [Vitis vinifera],14.476,18.249
XP_002266572.2,False,75.218,0.5447,False,defense_signaling,87.483,0.6674,False,defense_signaling,93.441,0.7357,False,defense_signaling,XP_002266572.2 zinc finger protein BRUTUS-like At1g18910 isoform X1 [Vitis vinifera],12.265,18.223
XP_010648850.1,False,46.183,0.2217,False,defense_signaling,58.447,0.3663,False,defense_signaling,64.383,0.432,False,defense_signaling,XP_010648850.1 trans-Golgi network-localized SYP41-interacting protein 1 isoform X4 [Vitis vinifera],12.264,18.2
XP_059592248.1,False,20.883,-0.3271,False,defense_signaling,28.847,-0.0983,False,defense_signaling,39.001,0.1083,False,defense_signaling,XP_059592248.1 uncharacterized protein LOC100255892 isoform X6 [Vitis vinifera],7.964,18.118
XP_010648849.1,False,46.31,0.2239,False,defense_signaling,58.641,0.369,False,defense_signaling,64.383,0.432,False,defense_signaling,XP_010648849.1 trans-Golgi network-localized SYP41-interacting protein 1 isoform X3 [Vitis vinifera],12.331,18.073
XP_059590156.1,False,81.101,0.7278,False,cell_death_HR,98.937,1.3127,False,cell_death_HR,99.084,1.3248,True,cell_death_HR,XP_059590156.1 NF-X1-type zinc finger protein NFXL1 [Vitis vinifera],17.836,17.983
XP_002265993.1,False,23.038,-0.2554,False,defense_signaling,31.308,-0.0454,False,defense_signaling,40.948,0.1425,False,defense_signaling,XP_002265993.1 uncharacterized protein LOC100241254 [Vitis vinifera],8.27,17.91
XP_010648846.1,False,46.532,0.2266,False,defense_signaling,58.337,0.3645,False,defense_signaling,64.383,0.432,False,defense_signaling,XP_010648846.1 trans-Golgi network-localized SYP41-interacting protein 1 isoform X1 [Vitis vinifera],11.805,17.851
XP_010648845.1,False,46.532,0.2266,False,defense_signaling,58.337,0.3645,False,defense_signaling,64.383,0.432,False,defense_signaling,XP_010648845.1 trans-Golgi network-localized SYP41-interacting protein 1 isoform X1 [Vitis vinifera],11.805,17.851
XP_059592286.1,False,46.31,0.2239,False,defense_signaling,58.483,0.3669,False,defense_signaling,63.813,0.4258,False,defense_signaling,XP_059592286.1 trans-Golgi network-localized SYP41-interacting protein 1 isoform X5 [Vitis vinifera],12.173,17.503
XP_010648847.1,False,46.532,0.2266,False,defense_signaling,58.205,0.3626,False,defense_signaling,63.813,0.4258,False,defense_signaling,XP_010648847.1 trans-Golgi network-localized SYP41-interacting protein 1 isoform X2 [Vitis vinifera],11.673,17.281
XP_010664038.1,False,32.62,-0.0138,False,defense_signaling,42.998,0.1722,False,defense_signaling,49.787,0.2617,False,defense_signaling,XP_010664038.1 uncharacterized protein LOC100261635 isoform X1 [Vitis vinifera],10.378,17.167
XP_010655917.1,False,80.374,0.5944,False,defense_signaling,94.039,0.7451,False,defense_signaling,97.391,0.7994,False,defense_signaling,XP_010655917.1 lysine-specific demethylase JMJ26 isoform X1 [Vitis vinifera],13.665,17.017
XP_002278705.1,False,65.311,0.4022,False,defense_signaling,73.447,0.5936,False,cell_death_HR,81.804,0.7403,False,cell_death_HR,XP_002278705.1 zinc finger protein BRUTUS isoform X1 [Vitis vinifera],8.136,16.493
XP_019081680.2,False,66.549,0.4714,False,cell_death_HR,77.734,0.6661,False,cell_death_HR,82.917,0.7622,False,cell_death_HR,XP_019081680.2 cellulose synthase-like protein G2 [Vitis vinifera],11.185,16.368
XP_003631632.1,False,81.976,0.6113,False,defense_signaling,99.343,0.869,True,defense_signaling,98.272,1.2575,False,cell_death_HR,XP_003631632.1 phosphatidylinositol 4-kinase alpha 1 isoform X2 [Vitis vinifera],17.367,16.296
XP_010644099.1,False,60.815,0.3719,False,cell_death_HR,71.039,0.5514,False,cell_death_HR,77.069,0.651,False,cell_death_HR,"XP_010644099.1 DNA polymerase I B, chloroplastic/mitochondrial [Vitis vinifera]",10.224,16.254
XP_019072845.1,False,60.815,0.3719,False,cell_death_HR,71.039,0.5514,False,cell_death_HR,77.069,0.651,False,cell_death_HR,"XP_019072845.1 DNA polymerase I B, chloroplastic/mitochondrial [Vitis vinifera]",10.224,16.254
XP_059596313.1,False,40.121,0.1323,False,defense_signaling,49.087,0.2533,False,defense_signaling,56.234,0.3375,False,defense_signaling,XP_059596313.1 histone-lysine N-methyltransferase ATXR7 isoform X3 [Vitis vinifera],8.966,16.113
XP_010664422.1,False,83.573,0.6272,False,defense_signaling,99.511,0.8799,True,defense_signaling,99.481,0.8709,True,defense_signaling,XP_010664422.1 BEACH domain-containing protein B isoform X1 [Vitis vinifera],15.938,15.908
XP_010664421.1,False,83.573,0.6272,False,defense_signaling,99.511,0.8799,True,defense_signaling,99.481,0.8709,True,defense_signaling,XP_010664421.1 BEACH domain-containing protein B isoform X1 [Vitis vinifera],15.938,15.908
XP_019074544.1,False,81.976,0.6113,False,defense_signaling,99.291,0.869,True,defense_signaling,97.871,1.2339,False,cell_death_HR,XP_019074544.1 phosphatidylinositol 4-kinase alpha 1 isoform X1 [Vitis vinifera],17.315,15.895
XP_059597522.1,False,26.984,-0.1466,False,defense_signaling,35.989,0.0537,False,defense_signaling,42.762,0.168,False,defense_signaling,XP_059597522.1 mediator of RNA polymerase II transcription subunit 15a isoform X3 [Vitis vinifera],9.005,15.778
XP_059590081.1,False,77.52,0.6616,False,cell_death_HR,82.883,0.6184,False,defense_signaling,93.165,0.8922,False,antimicrobial,XP_059590081.1 uncharacterized protein LOC100260794 [Vitis vinifera],5.363,15.645
XP_059596318.1,False,40.626,0.1407,False,defense_signaling,49.107,0.2535,False,defense_signaling,56.234,0.3375,False,defense_signaling,XP_059596318.1 histone-lysine N-methyltransferase ATXR7 isoform X5 [Vitis vinifera],8.481,15.608
XP_010657498.1,False,34.16,0.0185,False,defense_signaling,42.929,0.1712,False,defense_signaling,49.755,0.2613,False,defense_signaling,XP_010657498.1 uncharacterized protein LOC100244248 isoform X1 [Vitis vinifera],8.769,15.595
XP_059596314.1,False,40.647,0.1409,False,defense_signaling,49.16,0.2543,False,defense_signaling,56.234,0.3375,False,defense_signaling,XP_059596314.1 histone-lysine N-methyltransferase ATXR7 isoform X4 [Vitis vinifera],8.513,15.587
XP_059596315.1,False,40.647,0.1409,False,defense_signaling,49.16,0.2543,False,defense_signaling,56.234,0.3375,False,defense_signaling,XP_059596315.1 histone-lysine N-methyltransferase ATXR7 isoform X4 [Vitis vinifera],8.513,15.587
XP_059596316.1,False,40.647,0.1409,False,defense_signaling,49.16,0.2543,False,defense_signaling,56.234,0.3375,False,defense_signaling,XP_059596316.1 histone-lysine N-methyltransferase ATXR7 isoform X4 [Vitis vinifera],8.513,15.587
XP_059596317.1,False,40.647,0.1409,False,defense_signaling,49.16,0.2543,False,defense_signaling,56.234,0.3375,False,defense_signaling,XP_059596317.1 histone-lysine N-methyltransferase ATXR7 isoform X4 [Vitis vinifera],8.513,15.587
XP_019074489.1,False,82.231,0.6144,False,defense_signaling,99.87,0.9105,True,defense_signaling,97.812,1.0899,False,cell_death_HR,XP_019074489.1 serine/threonine-protein kinase ATR isoform X2 [Vitis vinifera],17.639,15.581
XP_059597521.1,False,27.249,-0.142,False,defense_signaling,36.196,0.057,False,defense_signaling,42.762,0.168,False,defense_signaling,XP_059597521.1 mediator of RNA polymerase II transcription subunit 15a isoform X2 [Vitis vinifera],8.947,15.513
XP_010664678.1,False,38.6,0.105,False,defense_signaling,48.041,0.2422,False,defense_signaling,54.099,0.3132,False,defense_signaling,XP_010664678.1 protein ESSENTIAL FOR POTEXVIRUS ACCUMULATION 1 isoform X2 [Vitis vinifera],9.441,15.499
XP_010657499.1,False,34.414,0.0238,False,defense_signaling,43.079,0.1737,False,defense_signaling,49.755,0.2613,False,defense_signaling,XP_010657499.1 uncharacterized protein LOC100244248 isoform X2 [Vitis vinifera],8.665,15.341
XP_059597520.1,False,27.528,-0.1355,False,defense_signaling,36.348,0.0603,False,defense_signaling,42.762,0.168,False,defense_signaling,XP_059597520.1 mediator of RNA polymerase II transcription subunit 15a isoform X1 [Vitis vinifera],8.82,15.234
XP_010657052.1,False,81.938,0.6189,False,NBS_LRR,95.858,0.9824,False,NBS_LRR,97.138,1.112,False,NBS_LRR,XP_010657052.1 putative receptor-like protein kinase At3g47110 [Vitis vinifera],13.92,15.2
XP_010657683.1,False,81.412,0.6951,False,antimicrobial,92.937,0.9753,False,cell_death_HR,96.444,1.1504,False,cell_death_HR,XP_010657683.1 UDP-glucose:glycoprotein glucosyltransferase isoform X1 [Vitis vinifera],11.525,15.032
XP_002281503.1,False,39.102,0.1121,False,defense_signaling,46.628,0.2249,False,defense_signaling,54.099,0.3132,False,defense_signaling,XP_002281503.1 protein ESSENTIAL FOR POTEXVIRUS ACCUMULATION 1 isoform X1 [Vitis vinifera],7.526,14.997
XP_010662491.2,False,41.718,0.0285,False,cell_death_HR,52.946,0.2352,False,cell_death_HR,56.613,0.2986,False,cell_death_HR,XP_010662491.2 DNA mismatch repair protein MSH3 isoform X1 [Vitis vinifera],11.228,14.895
XP_010648717.1,False,24.112,-0.2276,False,defense_signaling,32.538,-0.0174,False,defense_signaling,39.001,0.1083,False,defense_signaling,XP_010648717.1 uncharacterized protein LOC100255892 isoform X5 [Vitis vinifera],8.426,14.889
XP_059593267.1,False,82.378,0.6642,False,cell_death_HR,95.004,1.0838,False,cell_death_HR,97.184,1.1907,False,cell_death_HR,XP_059593267.1 uncharacterized protein LOC100251782 [Vitis vinifera],12.626,14.806
XP_059596310.1,False,41.487,0.1534,False,defense_signaling,49.611,0.2605,False,defense_signaling,56.234,0.3375,False,defense_signaling,XP_059596310.1 histone-lysine N-methyltransferase ATXR7 isoform X1 [Vitis vinifera],8.124,14.747
XP_059596309.1,False,41.487,0.1534,False,defense_signaling,49.611,0.2605,False,defense_signaling,56.234,0.3375,False,defense_signaling,XP_059596309.1 histone-lysine N-methyltransferase ATXR7 isoform X1 [Vitis vinifera],8.124,14.747
XP_059596311.1,False,41.487,0.1534,False,defense_signaling,49.611,0.2605,False,defense_signaling,56.234,0.3375,False,defense_signaling,XP_059596311.1 histone-lysine N-methyltransferase ATXR7 isoform X1 [Vitis vinifera],8.124,14.747
XP_010653297.1,False,61.422,0.4008,False,defense_signaling,71.362,0.5045,False,defense_signaling,76.144,0.5509,False,defense_signaling,XP_010653297.1 uncharacterized protein LOC100262578 [Vitis vinifera],9.94,14.722
XP_059596312.1,False,41.62,0.1554,False,defense_signaling,49.638,0.261,False,defense_signaling,56.234,0.3375,False,defense_signaling,XP_059596312.1 histone-lysine N-methyltransferase ATXR7 isoform X2 [Vitis vinifera],8.018,14.614
XP_059597350.1,False,81.412,0.6951,False,antimicrobial,92.385,0.9534,False,cell_death_HR,95.897,1.1252,False,cell_death_HR,XP_059597350.1 UDP-glucose:glycoprotein glucosyltransferase isoform X2 [Vitis vinifera],10.973,14.485
XP_010651856.1,False,52.568,0.2989,False,defense_signaling,64.559,0.4343,False,defense_signaling,67.037,0.4592,False,defense_signaling,XP_010651856.1 protein SHORT ROOT IN SALT MEDIUM 1 [Vitis vinifera],11.991,14.469
XP_010651850.1,False,52.568,0.2989,False,defense_signaling,64.559,0.4343,False,defense_signaling,67.037,0.4592,False,defense_signaling,XP_010651850.1 protein SHORT ROOT IN SALT MEDIUM 1 [Vitis vinifera],11.991,14.469
XP_059594437.1,False,21.702,-0.4101,False,NBS_LRR,29.583,-0.1558,False,defense_signaling,36.141,0.0567,False,defense_signaling,XP_059594437.1 uncharacterized protein LOC100853492 isoform X2 [Vitis vinifera],7.881,14.439
XP_010664577.1,False,56.752,0.3475,False,defense_signaling,64.146,0.4297,False,defense_signaling,71.136,0.5017,False,defense_signaling,XP_010664577.1 phosphatidate phosphatase PAH2 isoform X2 [Vitis vinifera],7.394,14.384
XP_010646485.1,False,84.662,0.6391,False,defense_signaling,99.852,0.9075,True,defense_signaling,98.956,1.0899,False,cell_death_HR,XP_010646485.1 serine/threonine-protein kinase ATR isoform X3 [Vitis vinifera],15.19,14.294
XP_059596319.1,False,42.051,0.1615,False,defense_signaling,49.722,0.262,False,defense_signaling,56.234,0.3375,False,defense_signaling,XP_059596319.1 histone-lysine N-methyltransferase ATXR7 isoform X6 [Vitis vinifera],7.671,14.183
XP_002273658.3,False,35.652,0.0486,False,defense_signaling,44.733,0.199,False,defense_signaling,49.787,0.2617,False,defense_signaling,XP_002273658.3 uncharacterized protein LOC100261635 isoform X2 [Vitis vinifera],9.081,14.135
XP_002280960.2,False,68.276,0.5031,False,cell_death_HR,78.298,0.678,False,cell_death_HR,82.396,0.7513,False,cell_death_HR,XP_002280960.2 uncharacterized protein LOC100247441 [Vitis vinifera],10.022,14.12
XP_010646492.1,False,84.894,0.6429,False,defense_signaling,99.855,0.9082,True,defense_signaling,98.942,1.0899,False,cell_death_HR,XP_010646492.1 serine/threonine-protein kinase ATR isoform X4 [Vitis vinifera],14.961,14.048
XP_010663711.1,False,76.346,0.5561,False,defense_signaling,85.908,0.651,False,defense_signaling,90.28,0.6972,False,defense_signaling,XP_010663711.1 probable serine/threonine protein kinase IREH1 isoform X1 [Vitis vinifera],9.562,13.934
XP_059592247.1,False,25.094,-0.1981,False,defense_signaling,31.611,-0.0372,False,defense_signaling,39.001,0.1083,False,defense_signaling,XP_059592247.1 uncharacterized protein LOC100255892 isoform X4 [Vitis vinifera],6.517,13.907
XP_010648715.1,False,25.094,-0.1981,False,defense_signaling,32.337,-0.0218,False,defense_signaling,39.001,0.1083,False,defense_signaling,XP_010648715.1 uncharacterized protein LOC100255892 isoform X1 [Vitis vinifera],7.243,13.907
XP_002281005.1,False,82.521,0.7553,False,cell_death_HR,89.417,0.7884,False,antimicrobial,96.382,0.8374,False,antimicrobial,XP_002281005.1 uncharacterized protein LOC100249784 [Vitis vinifera],6.896,13.861
XP_059590030.1,False,67.961,0.4977,False,cell_death_HR,75.743,0.6341,False,cell_death_HR,81.804,0.7403,False,cell_death_HR,XP_059590030.1 zinc finger protein BRUTUS isoform X2 [Vitis vinifera],7.782,13.843
XP_059592246.1,False,25.094,-0.1981,False,defense_signaling,32.602,-0.0158,False,defense_signaling,38.91,0.1064,False,defense_signaling,XP_059592246.1 uncharacterized protein LOC100255892 isoform X3 [Vitis vinifera],7.508,13.816
XP_010648716.1,False,25.241,-0.194,False,defense_signaling,32.238,-0.0239,False,defense_signaling,39.001,0.1083,False,defense_signaling,XP_010648716.1 uncharacterized protein LOC100255892 isoform X2 [Vitis vinifera],6.997,13.76
XP_019071872.1,False,64.998,0.4414,False,defense_signaling,73.449,0.5252,False,defense_signaling,78.756,0.5763,False,defense_signaling,XP_019071872.1 uncharacterized protein LOC100260315 isoform X2 [Vitis vinifera],8.451,13.758
XP_010663170.1,False,39.368,0.1172,False,defense_signaling,43.914,0.1863,False,defense_signaling,53.057,0.2196,False,defense_signaling,XP_010663170.1 PWWP domain-containing protein 3 [Vitis vinifera],4.546,13.689
XP_010664576.1,False,57.054,0.3511,False,defense_signaling,64.023,0.4287,False,defense_signaling,70.632,0.4968,False,defense_signaling,XP_010664576.1 phosphatidate phosphatase PAH2 isoform X1 [Vitis vinifera],6.969,13.578
XP_002278409.2,False,84.876,0.6427,False,defense_signaling,99.914,0.9149,True,defense_signaling,98.25,1.0899,False,cell_death_HR,XP_002278409.2 serine/threonine-protein kinase ATR isoform X1 [Vitis vinifera],15.038,13.374
XP_059590008.1,False,64.806,0.4397,False,defense_signaling,75.667,0.5461,False,defense_signaling,78.158,0.5706,False,defense_signaling,XP_059590008.1 uncharacterized protein LOC100855390 isoform X4 [Vitis vinifera],10.861,13.352
XP_002267137.3,False,13.724,-0.6271,False,defense_signaling,26.163,-0.1674,False,defense_signaling,27.022,-0.1454,False,defense_signaling,XP_002267137.3 uncharacterized protein LOC100266068 isoform X2 [Vitis vinifera],12.439,13.298
XP_059589733.1,False,13.724,-0.6271,False,defense_signaling,26.163,-0.1674,False,defense_signaling,27.022,-0.1454,False,defense_signaling,XP_059589733.1 uncharacterized protein LOC100266068 isoform X2 [Vitis vinifera],12.439,13.298
XP_010648566.1,False,27.471,-0.1367,False,defense_signaling,35.634,0.0476,False,defense_signaling,40.719,0.1395,False,defense_signaling,XP_010648566.1 uncharacterized protein LOC100264575 [Vitis vinifera],8.163,13.248
XP_010657651.1,False,67.046,0.4632,False,defense_signaling,75.389,0.5437,False,defense_signaling,80.195,0.5895,False,defense_signaling,XP_010657651.1 uncharacterized protein LOC100253141 [Vitis vinifera],8.343,13.149
XP_059594436.1,False,23.016,-0.373,False,NBS_LRR,30.348,-0.1328,False,defense_signaling,36.141,0.0567,False,defense_signaling,XP_059594436.1 uncharacterized protein LOC100853492 isoform X1 [Vitis vinifera],7.332,13.125
XP_059590215.1,False,18.444,-0.4146,False,defense_signaling,22.066,-0.2838,False,defense_signaling,31.549,-0.0356,False,defense_signaling,XP_059590215.1 uncharacterized protein LOC100265641 isoform X3 [Vitis vinifera],3.622,13.105
XP_059598342.1,False,50.097,0.2688,False,defense_signaling,58.12,0.3233,False,defense_signaling,63.185,0.3665,False,defense_signaling,XP_059598342.1 protein SPA1-RELATED 2 isoform X2 [Vitis vinifera],8.023,13.088
XP_059598338.1,False,50.097,0.2688,False,defense_signaling,58.12,0.3233,False,defense_signaling,63.185,0.3665,False,defense_signaling,XP_059598338.1 protein SPA1-RELATED 2 isoform X2 [Vitis vinifera],8.023,13.088
XP_019073747.2,False,13.023,-0.669,False,defense_signaling,25.764,-0.1776,False,defense_signaling,26.101,-0.1673,False,defense_signaling,XP_019073747.2 uncharacterized protein LOC100266068 isoform X1 [Vitis vinifera],12.741,13.078
XP_010646529.2,False,13.023,-0.669,False,defense_signaling,25.764,-0.1776,False,defense_signaling,26.101,-0.1673,False,defense_signaling,XP_010646529.2 uncharacterized protein LOC100266068 isoform X1 [Vitis vinifera],12.741,13.078
XP_002272399.1,False,58.561,0.3703,False,defense_signaling,66.067,0.4499,False,defense_signaling,71.615,0.5065,False,defense_signaling,XP_002272399.1 N6-adenosine-methyltransferase non-catalytic subunit MTB [Vitis vinifera],7.506,13.054
XP_019081704.1,False,58.561,0.3703,False,defense_signaling,66.067,0.4499,False,defense_signaling,71.615,0.5065,False,defense_signaling,XP_019081704.1 N6-adenosine-methyltransferase non-catalytic subunit MTB [Vitis vinifera],7.506,13.054
XP_059590213.1,False,18.188,-0.4228,False,defense_signaling,21.933,-0.2899,False,defense_signaling,31.198,-0.0428,False,defense_signaling,XP_059590213.1 uncharacterized protein LOC100265641 isoform X2 [Vitis vinifera],3.745,13.01
XP_019081972.1,False,18.197,-0.4227,False,defense_signaling,21.91,-0.2908,False,defense_signaling,31.198,-0.0428,False,defense_signaling,XP_019081972.1 uncharacterized protein LOC100265641 isoform X1 [Vitis vinifera],3.713,13.001
XP_010663259.1,False,18.197,-0.4227,False,defense_signaling,21.91,-0.2908,False,defense_signaling,31.198,-0.0428,False,defense_signaling,XP_010663259.1 uncharacterized protein LOC100265641 isoform X1 [Vitis vinifera],3.713,13.001
XP_019077980.1,False,80.374,0.5944,False,defense_signaling,88.772,0.6814,False,defense_signaling,93.313,0.7342,False,defense_signaling,XP_019077980.1 lysine-specific demethylase JMJ29 isoform X2 [Vitis vinifera],8.398,12.939
XP_019077141.1,False,85.782,0.7191,False,NBS_LRR,99.966,0.9275,True,defense_signaling,98.656,1.2004,False,cell_death_HR,XP_019077141.1 uncharacterized protein LOC100265010 [Vitis vinifera],14.184,12.874
XP_059591865.1,False,81.224,0.603,False,defense_signaling,85.575,0.6487,False,defense_signaling,93.938,0.7429,False,defense_signaling,XP_059591865.1 uncharacterized protein LOC100260579 [Vitis vinifera],4.351,12.714
XP_003634211.1,False,77.567,0.568,False,defense_signaling,86.432,0.6558,False,defense_signaling,90.28,0.6972,False,defense_signaling,XP_003634211.1 probable serine/threonine protein kinase IREH1 isoform X2 [Vitis vinifera],8.865,12.713
XP_059590217.1,False,18.663,-0.4061,False,defense_signaling,22.514,-0.2697,False,defense_signaling,31.198,-0.0428,False,defense_signaling,XP_059590217.1 uncharacterized protein LOC100265641 isoform X5 [Vitis vinifera],3.851,12.535
XP_010656156.1,False,86.614,0.843,False,cell_death_HR,99.503,1.4247,True,cell_death_HR,99.105,1.3413,True,cell_death_HR,XP_010656156.1 myosin-17 isoform X1 [Vitis vinifera],12.889,12.491
XP_010664453.1,False,78.389,0.5763,False,defense_signaling,88.512,0.6781,False,defense_signaling,90.756,0.7021,False,defense_signaling,XP_010664453.1 uncharacterized protein LOC100266091 isoform X2 [Vitis vinifera],10.123,12.367
XP_010664451.1,False,78.674,0.579,False,defense_signaling,88.669,0.6802,False,defense_signaling,91.038,0.7055,False,defense_signaling,XP_010664451.1 uncharacterized protein LOC100266091 isoform X1 [Vitis vinifera],9.995,12.364
XP_019081973.1,False,18.887,-0.3975,False,defense_signaling,22.135,-0.2816,False,defense_signaling,31.198,-0.0428,False,defense_signaling,XP_019081973.1 uncharacterized protein LOC100265641 isoform X7 [Vitis vinifera],3.248,12.311
XP_059590218.1,False,18.919,-0.3965,False,defense_signaling,22.63,-0.2671,False,defense_signaling,31.198,-0.0428,False,defense_signaling,XP_059590218.1 uncharacterized protein LOC100265641 isoform X6 [Vitis vinifera],3.711,12.279
XP_010648896.1,False,56.294,0.342,False,defense_signaling,64.746,0.4362,False,defense_signaling,68.556,0.4754,False,defense_signaling,XP_010648896.1 uncharacterized protein LOC100255903 [Vitis vinifera],8.452,12.262
XP_010648891.1,False,56.294,0.342,False,defense_signaling,64.746,0.4362,False,defense_signaling,68.556,0.4754,False,defense_signaling,XP_010648891.1 uncharacterized protein LOC100255903 [Vitis vinifera],8.452,12.262
XP_010648907.1,False,56.294,0.342,False,defense_signaling,64.746,0.4362,False,defense_signaling,68.556,0.4754,False,defense_signaling,XP_010648907.1 uncharacterized protein LOC100255903 [Vitis vinifera],8.452,12.262
XP_010648897.1,False,56.294,0.342,False,defense_signaling,64.746,0.4362,False,defense_signaling,68.556,0.4754,False,defense_signaling,XP_010648897.1 uncharacterized protein LOC100255903 [Vitis vinifera],8.452,12.262
XP_010656371.1,False,85.671,0.651,False,defense_signaling,96.444,0.7816,False,defense_signaling,97.886,0.8116,False,defense_signaling,XP_010656371.1 dnaJ homolog subfamily C GRV2 isoform X2 [Vitis vinifera],10.773,12.215
XP_010662977.1,False,25.943,-0.1744,False,defense_signaling,32.386,-0.0206,False,defense_signaling,38.001,0.0918,False,defense_signaling,XP_010662977.1 uncharacterized protein LOC100265790 isoform X1 [Vitis vinifera],6.443,12.058
XP_059592773.1,False,51.899,0.2906,False,defense_signaling,58.736,0.3702,False,defense_signaling,63.7,0.4249,False,defense_signaling,XP_059592773.1 protein ALWAYS EARLY 3 [Vitis vinifera],6.837,11.801
XP_059592772.1,False,51.899,0.2906,False,defense_signaling,58.736,0.3702,False,defense_signaling,63.7,0.4249,False,defense_signaling,XP_059592772.1 protein ALWAYS EARLY 3 [Vitis vinifera],6.837,11.801
XP_059590216.1,False,18.197,-0.4227,False,defense_signaling,21.53,-0.301,False,defense_signaling,29.99,-0.0695,False,defense_signaling,XP_059590216.1 uncharacterized protein LOC100265641 isoform X4 [Vitis vinifera],3.333,11.793
XP_010652196.1,False,76.279,0.6416,False,cell_death_HR,82.978,0.766,False,cell_death_HR,87.691,0.8668,False,cell_death_HR,"XP_010652196.1 PH, RCC1 and FYVE domains-containing protein 1 isoform X1 [Vitis vinifera]",6.699,11.412
XP_059596601.1,False,76.279,0.6416,False,cell_death_HR,82.978,0.766,False,cell_death_HR,87.691,0.8668,False,cell_death_HR,"XP_059596601.1 PH, RCC1 and FYVE domains-containing protein 1 isoform X1 [Vitis vinifera]",6.699,11.412
XP_019076439.1,False,76.279,0.6416,False,cell_death_HR,82.978,0.766,False,cell_death_HR,87.691,0.8668,False,cell_death_HR,"XP_019076439.1 PH, RCC1 and FYVE domains-containing protein 1 isoform X1 [Vitis vinifera]",6.699,11.412
XP_010652192.1,False,76.279,0.6416,False,cell_death_HR,82.978,0.766,False,cell_death_HR,87.691,0.8668,False,cell_death_HR,"XP_010652192.1 PH, RCC1 and FYVE domains-containing protein 1 isoform X1 [Vitis vinifera]",6.699,11.412
XP_010663712.1,False,78.874,0.5809,False,defense_signaling,86.85,0.6607,False,defense_signaling,90.28,0.6972,False,defense_signaling,XP_010663712.1 probable serine/threonine protein kinase IREH1 isoform X3 [Vitis vinifera],7.976,11.406
XP_010661167.1,False,64.095,0.4322,False,defense_signaling,73.646,0.5273,False,defense_signaling,75.493,0.5443,False,defense_signaling,XP_010661167.1 uncharacterized protein LOC100252352 isoform X3 [Vitis vinifera],9.551,11.398
XP_010648561.1,False,60.295,0.3895,False,defense_signaling,76.998,0.5591,False,defense_signaling,71.03,0.5007,False,defense_signaling,"XP_010648561.1 protein TIC236, chloroplastic [Vitis vinifera]",16.703,10.735
XP_059599368.1,False,57.095,0.2777,False,antimicrobial,64.688,0.4086,False,antimicrobial,67.553,0.4258,False,antimicrobial,XP_059599368.1 uncharacterized protein LOC132255302 [Vitis vinifera],7.593,10.458
XP_010656627.3,False,66.625,0.352,False,NBS_LRR,74.269,0.4635,False,NBS_LRR,77.072,0.5077,False,NBS_LRR,XP_010656627.3 MDIS1-interacting receptor like kinase 2 [Vitis vinifera],7.644,10.447
XP_019082070.1,False,79.979,0.5907,False,defense_signaling,87.303,0.6659,False,defense_signaling,90.28,0.6972,False,defense_signaling,XP_019082070.1 probable serine/threonine protein kinase IREH1 isoform X4 [Vitis vinifera],7.324,10.301
XP_010660443.1,False,34.324,0.0215,False,defense_signaling,40.227,0.1319,False,defense_signaling,44.502,0.1956,False,defense_signaling,XP_010660443.1 nuclear matrix constituent protein 1 isoform X1 [Vitis vinifera],5.903,10.178
XP_002271744.2,False,47.714,0.2412,False,defense_signaling,53.812,0.3115,False,defense_signaling,57.883,0.3577,False,defense_signaling,XP_002271744.2 uncharacterized protein LOC100264485 isoform X1 [Vitis vinifera],6.098,10.169
XP_059589841.1,False,22.148,-0.2849,False,defense_signaling,29.174,-0.0897,False,defense_signaling,32.265,-0.0216,False,defense_signaling,XP_059589841.1 uncharacterized protein LOC100261463 isoform X2 [Vitis vinifera],7.026,10.117
XP_002269920.2,False,84.79,0.7807,False,antimicrobial,97.76,0.8105,False,defense_signaling,94.849,0.7735,False,antimicrobial,XP_002269920.2 DNA polymerase epsilon catalytic subunit A [Vitis vinifera],12.97,10.059
XP_010660927.1,False,54.088,0.3159,False,defense_signaling,59.022,0.3736,False,defense_signaling,64.134,0.4293,False,defense_signaling,XP_010660927.1 methyl-CpG-binding domain-containing protein 9 isoform X1 [Vitis vinifera],4.934,10.046
XP_059590219.1,False,19.962,-0.3587,False,defense_signaling,22.202,-0.2793,False,defense_signaling,29.99,-0.0695,False,defense_signaling,XP_059590219.1 uncharacterized protein LOC100265641 isoform X8 [Vitis vinifera],2.24,10.028
XP_010656085.1,False,69.706,0.4904,False,defense_signaling,75.881,0.5488,False,defense_signaling,79.718,0.5849,False,defense_signaling,XP_010656085.1 uncharacterized protein LOC100249222 [Vitis vinifera],6.175,10.012
XP_010660140.1,False,86.54,0.8412,False,cell_death_HR,99.358,1.3953,True,cell_death_HR,96.513,1.1536,False,cell_death_HR,XP_010660140.1 myosin-9 [Vitis vinifera],12.818,9.973
XP_059598308.1,False,89.366,0.9083,False,cell_death_HR,99.572,1.4384,True,cell_death_HR,99.289,1.3733,True,cell_death_HR,XP_059598308.1 myosin-12 isoform X2 [Vitis vinifera],10.206,9.923
XP_059593548.1,False,46.698,0.2286,False,defense_signaling,56.142,0.3382,False,defense_signaling,56.604,0.3424,False,defense_signaling,XP_059593548.1 uncharacterized protein LOC100242423 isoform X2 [Vitis vinifera],9.444,9.906
XP_019079072.1,False,46.698,0.2286,False,defense_signaling,56.142,0.3382,False,defense_signaling,56.604,0.3424,False,defense_signaling,XP_019079072.1 uncharacterized protein LOC100242423 isoform X2 [Vitis vinifera],9.444,9.906
XP_059593847.1,False,28.559,-0.1077,False,defense_signaling,33.68,0.0081,False,defense_signaling,38.427,0.1002,False,defense_signaling,XP_059593847.1 cysteine-tryptophan domain-containing zinc finger protein 3 isoform X2 [Vitis vinifera],5.121,9.868
XP_010660444.1,False,34.324,0.0215,False,defense_signaling,39.976,0.128,False,defense_signaling,44.113,0.1893,False,defense_signaling,XP_010660444.1 nuclear matrix constituent protein 1 isoform X2 [Vitis vinifera],5.652,9.789
XP_002281542.1,False,88.841,0.6841,False,defense_signaling,96.948,0.792,False,defense_signaling,98.602,0.8322,False,defense_signaling,XP_002281542.1 dnaJ homolog subfamily C GRV2 isoform X1 [Vitis vinifera],8.107,9.761
XP_059594438.1,False,26.747,-0.2389,False,defense_signaling,31.689,-0.0678,False,defense_signaling,36.141,0.0567,False,defense_signaling,XP_059594438.1 uncharacterized protein LOC100853492 isoform X3 [Vitis vinifera],4.942,9.394
XP_010648895.2,False,72.066,0.4346,False,NBS_LRR,78.576,0.5335,False,NBS_LRR,81.399,0.5909,False,NBS_LRR,"XP_010648895.2 PH, RCC1 and FYVE domains-containing protein 1 isoform X1 [Vitis vinifera]",6.51,9.333
XP_010656626.1,False,87.461,0.6753,False,NBS_LRR,95.582,0.9079,False,NBS_LRR,96.66,1.0229,False,NBS_LRR,XP_010656626.1 probable leucine-rich repeat receptor-like protein kinase At1g35710 [Vitis vinifera],8.121,9.199
XP_002279926.2,False,88.115,0.6756,False,defense_signaling,95.735,0.7703,False,defense_signaling,97.295,0.7972,False,defense_signaling,XP_002279926.2 uncharacterized protein LOC100266414 isoform X1 [Vitis vinifera],7.62,9.18
XP_059590834.1,False,89.816,0.6937,False,defense_signaling,97.664,0.807,False,defense_signaling,98.922,0.8437,False,defense_signaling,XP_059590834.1 uncharacterized protein LOC100257358 [Vitis vinifera],7.848,9.106
XP_010663152.1,False,49.612,0.2628,False,defense_signaling,54.668,0.3215,False,defense_signaling,58.573,0.3677,False,defense_signaling,XP_010663152.1 uncharacterized protein LOC100853506 [Vitis vinifera],5.056,8.961
XP_003634247.1,False,49.612,0.2628,False,defense_signaling,54.668,0.3215,False,defense_signaling,58.573,0.3677,False,defense_signaling,XP_003634247.1 uncharacterized protein LOC100853506 [Vitis vinifera],5.056,8.961
XP_002270307.3,False,22.1,-0.2876,False,defense_signaling,28.629,-0.1028,False,defense_signaling,31.021,-0.0474,False,defense_signaling,XP_002270307.3 uncharacterized protein LOC100261463 isoform X3 [Vitis vinifera],6.529,8.921
XP_019081657.1,False,22.1,-0.2876,False,defense_signaling,28.629,-0.1028,False,defense_signaling,31.021,-0.0474,False,defense_signaling,XP_019081657.1 uncharacterized protein LOC100261463 isoform X3 [Vitis vinifera],6.529,8.921
XP_010648221.1,False,25.069,-0.1989,False,defense_signaling,30.885,-0.0525,False,defense_signaling,33.7,0.0091,False,defense_signaling,"XP_010648221.1 tRNA(adenine(34)) deaminase, chloroplastic [Vitis vinifera]",5.816,8.631
XP_059592879.1,False,51.901,0.2566,False,defense_signaling,56.57,0.3427,False,defense_signaling,60.468,0.3873,False,defense_signaling,XP_059592879.1 TNF receptor-associated factor homolog 1b [Vitis vinifera],4.669,8.567
XP_059592876.1,False,51.901,0.2566,False,defense_signaling,56.57,0.3427,False,defense_signaling,60.468,0.3873,False,defense_signaling,XP_059592876.1 TNF receptor-associated factor homolog 1b [Vitis vinifera],4.669,8.567
XP_059592878.1,False,51.901,0.2566,False,defense_signaling,56.57,0.3427,False,defense_signaling,60.468,0.3873,False,defense_signaling,XP_059592878.1 TNF receptor-associated factor homolog 1b [Vitis vinifera],4.669,8.567
XP_059592877.1,False,51.901,0.2566,False,defense_signaling,56.57,0.3427,False,defense_signaling,60.468,0.3873,False,defense_signaling,XP_059592877.1 TNF receptor-associated factor homolog 1b [Vitis vinifera],4.669,8.567
XP_010647784.1,False,63.947,0.4309,False,defense_signaling,68.884,0.4795,False,defense_signaling,72.509,0.5161,False,defense_signaling,XP_010647784.1 uncharacterized protein LOC100247382 [Vitis vinifera],4.937,8.562
XP_002264425.1,False,68.207,0.4747,False,defense_signaling,73.649,0.5273,False,defense_signaling,76.678,0.5559,False,defense_signaling,XP_002264425.1 uncharacterized protein LOC100252816 isoform X1 [Vitis vinifera],5.442,8.471
XP_010661498.1,False,83.725,0.7811,False,cell_death_HR,90.958,0.9486,False,cell_death_HR,92.149,0.9797,False,cell_death_HR,XP_010661498.1 LOW QUALITY PROTEIN: conserved oligomeric Golgi complex subunit 4 [Vitis vinifera],7.233,8.424
XP_019072207.1,False,51.329,0.2837,False,defense_signaling,56.34,0.3399,False,defense_signaling,59.676,0.3791,False,defense_signaling,XP_019072207.1 uncharacterized protein At4g10930 isoform X4 [Vitis vinifera],5.011,8.347
XP_059591269.1,False,84.827,0.6417,False,defense_signaling,89.988,0.6939,False,defense_signaling,93.089,0.7314,False,defense_signaling,XP_059591269.1 uncharacterized protein LOC100246156 isoform X4 [Vitis vinifera],5.161,8.262
XP_002268099.2,False,91.578,0.9629,False,cell_death_HR,99.781,1.4946,True,cell_death_HR,99.778,1.4923,True,cell_death_HR,XP_002268099.2 myosin-6 [Vitis vinifera],8.203,8.2
XP_019073240.1,False,29.954,-0.2391,False,cell_death_HR,34.146,-0.1338,False,cell_death_HR,38.108,-0.0432,False,cell_death_HR,XP_019073240.1 uncharacterized protein LOC100254054 isoform X2 [Vitis vinifera],4.192,8.154
XP_010650198.2,False,91.769,0.9671,False,cell_death_HR,99.766,1.4839,True,cell_death_HR,99.845,1.5075,True,cell_death_HR,XP_010650198.2 myosin-6 isoform X1 [Vitis vinifera],7.997,8.076
XP_002285579.2,False,91.769,0.9671,False,cell_death_HR,99.756,1.4808,True,cell_death_HR,99.828,1.502,True,cell_death_HR,XP_002285579.2 myosin-6 isoform X2 [Vitis vinifera],7.987,8.059
XP_010648852.1,False,56.329,0.3422,False,defense_signaling,60.109,0.3845,False,defense_signaling,64.383,0.432,False,defense_signaling,XP_010648852.1 trans-Golgi network-localized SYP41-interacting protein 1 isoform X6 [Vitis vinifera],3.78,8.054
XP_010648851.1,False,56.329,0.3422,False,defense_signaling,60.109,0.3845,False,defense_signaling,64.383,0.432,False,defense_signaling,XP_010648851.1 trans-Golgi network-localized SYP41-interacting protein 1 isoform X6 [Vitis vinifera],3.78,8.054
XP_010648339.1,False,83.776,0.6295,False,defense_signaling,89.324,0.6865,False,defense_signaling,91.829,0.7146,False,defense_signaling,XP_010648339.1 MAP3K epsilon protein kinase 1 isoform X2 [Vitis vinifera],5.548,8.053
XP_019075847.2,False,86.573,0.7421,False,NBS_LRR,91.689,0.9462,False,NBS_LRR,94.573,1.0664,False,cell_death_HR,XP_019075847.2 LOW QUALITY PROTEIN: uncharacterized protein LOC100245086 [Vitis vinifera],5.116,8.0
XP_059598571.1,False,12.388,-0.7071,False,defense_signaling,15.707,-0.517,False,defense_signaling,20.347,-0.3411,False,defense_signaling,XP_059598571.1 uncharacterized protein LOC100264483 isoform X4 [Vitis vinifera],3.319,7.959
XP_059598572.1,False,12.388,-0.7071,False,defense_signaling,15.81,-0.5139,False,defense_signaling,20.347,-0.3411,False,defense_signaling,XP_059598572.1 uncharacterized protein LOC100264483 isoform X5 [Vitis vinifera],3.422,7.959
XP_059598319.1,False,20.677,-0.3344,False,defense_signaling,21.879,-0.2919,False,defense_signaling,28.598,-0.1041,False,defense_signaling,XP_059598319.1 uncharacterized protein LOC100260052 isoform X4 [Vitis vinifera],1.202,7.921
XP_010662629.1,False,69.103,0.4848,False,defense_signaling,78.532,0.5748,False,defense_signaling,77.006,0.5588,False,defense_signaling,XP_010662629.1 uncharacterized protein LOC100246656 [Vitis vinifera],9.429,7.903
XP_010660628.1,False,20.542,-0.3398,False,defense_signaling,21.842,-0.2932,False,defense_signaling,28.318,-0.1104,False,defense_signaling,XP_010660628.1 uncharacterized protein LOC100260052 isoform X2 [Vitis vinifera],1.3,7.776
XP_019081747.1,False,27.349,-0.1401,False,defense_signaling,33.221,-0.0025,False,defense_signaling,35.057,0.0374,False,defense_signaling,XP_019081747.1 uncharacterized protein LOC100266678 isoform X1 [Vitis vinifera],5.872,7.708
XP_019081748.1,False,27.349,-0.1401,False,defense_signaling,33.221,-0.0025,False,defense_signaling,35.057,0.0374,False,defense_signaling,XP_019081748.1 uncharacterized protein LOC100266678 isoform X2 [Vitis vinifera],5.872,7.708
XP_010662041.1,False,27.381,-0.1394,False,defense_signaling,33.207,-0.0028,False,defense_signaling,35.057,0.0374,False,defense_signaling,XP_010662041.1 uncharacterized protein LOC100266678 isoform X3 [Vitis vinifera],5.826,7.676
XP_010662042.1,False,27.381,-0.1394,False,defense_signaling,33.207,-0.0028,False,defense_signaling,35.057,0.0374,False,defense_signaling,XP_010662042.1 uncharacterized protein LOC100266678 isoform X3 [Vitis vinifera],5.826,7.676
XP_059598569.1,False,12.35,-0.7101,False,defense_signaling,15.616,-0.5217,False,defense_signaling,19.987,-0.3521,False,defense_signaling,XP_059598569.1 uncharacterized protein LOC100264483 isoform X2 [Vitis vinifera],3.266,7.637
XP_059593789.1,False,81.532,0.6067,False,defense_signaling,85.942,0.6513,False,defense_signaling,89.142,0.6847,False,defense_signaling,XP_059593789.1 uncharacterized protein LOC100263200 isoform X2 [Vitis vinifera],4.41,7.61
XP_059598570.1,False,12.388,-0.7071,False,defense_signaling,15.727,-0.5163,False,defense_signaling,19.987,-0.3521,False,defense_signaling,XP_059598570.1 uncharacterized protein LOC100264483 isoform X3 [Vitis vinifera],3.339,7.599
XP_059598568.1,False,12.388,-0.7071,False,defense_signaling,15.699,-0.5179,False,defense_signaling,19.987,-0.3521,False,defense_signaling,XP_059598568.1 uncharacterized protein LOC100264483 isoform X1 [Vitis vinifera],3.311,7.599
XP_059598573.1,False,12.388,-0.7071,False,defense_signaling,16.485,-0.484,False,defense_signaling,19.987,-0.3521,False,defense_signaling,XP_059598573.1 uncharacterized protein LOC100264483 isoform X6 [Vitis vinifera],4.097,7.599
XP_059598574.1,False,12.388,-0.7071,False,defense_signaling,16.31,-0.4923,False,defense_signaling,19.987,-0.3521,False,defense_signaling,XP_059598574.1 uncharacterized protein LOC100264483 isoform X7 [Vitis vinifera],3.922,7.599
XP_059594914.1,False,82.058,0.6226,False,NBS_LRR,86.486,0.7154,False,NBS_LRR,89.651,0.829,False,NBS_LRR,XP_059594914.1 receptor-like protein 7 [Vitis vinifera],4.428,7.593
XP_010659613.1,False,91.829,0.9685,False,cell_death_HR,99.584,1.4397,True,cell_death_HR,99.404,1.3965,True,cell_death_HR,XP_010659613.1 myosin-12 isoform X1 [Vitis vinifera],7.755,7.575
XP_010654660.1,False,69.86,0.4921,False,defense_signaling,74.557,0.5367,False,defense_signaling,77.429,0.5629,False,defense_signaling,XP_010654660.1 uncharacterized protein LOC100243006 [Vitis vinifera],4.697,7.569
XP_059590046.1,False,91.667,0.9641,False,cell_death_HR,98.349,1.2656,False,cell_death_HR,99.208,1.3614,True,cell_death_HR,XP_059590046.1 uncharacterized protein LOC100257644 isoform X1 [Vitis vinifera],6.682,7.541
XP_010648305.1,False,80.226,0.5933,False,defense_signaling,88.95,0.683,False,defense_signaling,87.699,0.6688,False,defense_signaling,XP_010648305.1 calcineurin-binding protein 1 isoform X3 [Vitis vinifera],8.724,7.473
XP_010658418.1,False,64.998,0.4414,False,defense_signaling,70.004,0.491,False,defense_signaling,72.448,0.5154,False,defense_signaling,XP_010658418.1 uncharacterized protein LOC100260315 isoform X3 [Vitis vinifera],5.006,7.45
XP_059593510.1,False,84.399,0.6359,False,defense_signaling,81.869,0.6072,False,defense_signaling,91.834,0.7147,False,defense_signaling,XP_059593510.1 E3 ubiquitin-protein ligase listerin [Vitis vinifera],-2.53,7.435
XP_010648865.1,False,88.37,0.6782,False,defense_signaling,93.877,0.7426,False,defense_signaling,95.796,0.7698,False,defense_signaling,XP_010648865.1 lysine-specific demethylase JMJ26 isoform X1 [Vitis vinifera],5.507,7.426
XP_010648419.2,False,90.158,0.8583,False,antimicrobial,97.507,0.8033,False,defense_signaling,97.578,0.8885,False,antimicrobial,XP_010648419.2 uncharacterized protein LOC100245596 [Vitis vinifera],7.349,7.42
XP_059589538.1,False,90.633,0.7035,False,defense_signaling,97.927,0.8153,False,defense_signaling,98.052,0.815,False,defense_signaling,XP_059589538.1 structural maintenance of chromosomes flexible hinge domain-containing protein GMI1 isoform X1 [Vitis vinifera],7.294,7.419
XP_010662860.1,False,90.633,0.7035,False,defense_signaling,97.927,0.8153,False,defense_signaling,98.052,0.815,False,defense_signaling,XP_010662860.1 structural maintenance of chromosomes flexible hinge domain-containing protein GMI1 isoform X1 [Vitis vinifera],7.294,7.419
XP_010645542.1,False,29.111,-0.2632,False,cell_death_HR,32.988,-0.1603,False,cell_death_HR,36.514,-0.0722,False,cell_death_HR,XP_010645542.1 uncharacterized protein LOC100254054 isoform X1 [Vitis vinifera],3.877,7.403
XP_010645541.1,False,29.111,-0.2632,False,cell_death_HR,32.988,-0.1603,False,cell_death_HR,36.514,-0.0722,False,cell_death_HR,XP_010645541.1 uncharacterized protein LOC100254054 isoform X1 [Vitis vinifera],3.877,7.403
XP_010645544.1,False,29.111,-0.2632,False,cell_death_HR,32.988,-0.1603,False,cell_death_HR,36.514,-0.0722,False,cell_death_HR,XP_010645544.1 uncharacterized protein LOC100254054 isoform X1 [Vitis vinifera],3.877,7.403
XP_002275285.1,False,90.14,0.6971,False,defense_signaling,99.58,0.8841,True,defense_signaling,97.543,1.0186,False,antimicrobial,XP_002275285.1 TATA-binding protein-associated factor BTAF1 [Vitis vinifera],9.44,7.403
XP_059599227.1,False,90.14,0.6971,False,defense_signaling,99.58,0.8841,True,defense_signaling,97.543,1.0186,False,antimicrobial,XP_059599227.1 TATA-binding protein-associated factor BTAF1 [Vitis vinifera],9.44,7.403
XP_019073239.1,False,29.111,-0.2632,False,cell_death_HR,32.988,-0.1603,False,cell_death_HR,36.514,-0.0722,False,cell_death_HR,XP_019073239.1 uncharacterized protein LOC100254054 isoform X1 [Vitis vinifera],3.877,7.403
XP_019072040.1,False,71.018,0.5041,False,defense_signaling,75.795,0.5475,False,defense_signaling,78.364,0.5724,False,defense_signaling,XP_019072040.1 uncharacterized protein LOC100252816 isoform X2 [Vitis vinifera],4.777,7.346
XP_059590266.1,False,25.785,-0.1784,False,defense_signaling,30.343,-0.0624,False,defense_signaling,33.097,-0.0044,False,defense_signaling,XP_059590266.1 uncharacterized protein LOC100243800 isoform X9 [Vitis vinifera],4.558,7.312
XP_002279980.2,False,84.094,0.6939,False,antimicrobial,93.291,0.7346,False,defense_signaling,91.406,0.7095,False,defense_signaling,XP_002279980.2 protein SWEETIE [Vitis vinifera],9.197,7.312
XP_010659288.1,False,32.442,-0.0183,False,defense_signaling,36.543,0.0635,False,defense_signaling,39.742,0.1231,False,defense_signaling,XP_010659288.1 uncharacterized protein LOC100265054 [Vitis vinifera],4.101,7.3
XP_010662861.1,False,90.633,0.7035,False,defense_signaling,97.947,0.8158,False,defense_signaling,97.918,0.8123,False,defense_signaling,XP_010662861.1 structural maintenance of chromosomes flexible hinge domain-containing protein GMI1 isoform X2 [Vitis vinifera],7.314,7.285
XP_002274296.2,False,75.679,0.549,False,defense_signaling,80.811,0.596,False,defense_signaling,82.927,0.618,False,defense_signaling,XP_002274296.2 protein OBERON 4 [Vitis vinifera],5.132,7.248
XP_010648866.1,False,88.505,0.6799,False,defense_signaling,93.98,0.7446,False,defense_signaling,95.715,0.7687,False,defense_signaling,XP_010648866.1 lysine-specific demethylase JMJ26 isoform X2 [Vitis vinifera],5.475,7.21
XP_010663423.1,False,75.218,0.5447,False,defense_signaling,80.304,0.5911,False,defense_signaling,82.425,0.6135,False,defense_signaling,XP_010663423.1 zinc finger protein BRUTUS-like At1g18910 isoform X2 [Vitis vinifera],5.086,7.207
XP_059596240.1,False,68.84,0.4655,False,defense_signaling,76.651,0.617,False,cell_death_HR,75.95,0.6335,False,cell_death_HR,XP_059596240.1 uncharacterized protein LOC100246947 [Vitis vinifera],7.811,7.11
XP_002275591.2,False,91.878,0.9021,False,antimicrobial,99.099,1.0219,True,antimicrobial,98.89,1.0269,False,antimicrobial,XP_002275591.2 serine/threonine-protein kinase TOR [Vitis vinifera],7.221,7.012
XP_010660627.1,False,20.542,-0.3398,False,defense_signaling,21.594,-0.2997,False,defense_signaling,27.545,-0.1296,False,defense_signaling,XP_010660627.1 uncharacterized protein LOC100260052 isoform X1 [Vitis vinifera],1.052,7.003
XP_010660629.1,False,20.677,-0.3344,False,defense_signaling,21.562,-0.3003,False,defense_signaling,27.648,-0.1277,False,defense_signaling,XP_010660629.1 uncharacterized protein LOC100260052 isoform X3 [Vitis vinifera],0.885,6.971
XP_010664454.1,False,84.084,0.6323,False,defense_signaling,89.85,0.6928,False,defense_signaling,91.038,0.7055,False,defense_signaling,XP_010664454.1 uncharacterized protein LOC100266091 isoform X3 [Vitis vinifera],5.766,6.954
XP_019077139.1,False,91.63,0.9654,False,NBS_LRR,99.961,0.9269,True,defense_signaling,98.55,1.1384,False,cell_death_HR,XP_019077139.1 uncharacterized protein LOC100243095 [Vitis vinifera],8.331,6.92
XP_010663739.1,False,87.936,0.6741,False,defense_signaling,94.096,0.7459,False,defense_signaling,94.856,0.8428,False,cell_death_HR,XP_010663739.1 uncharacterized protein LOC100266414 isoform X2 [Vitis vinifera],6.16,6.92
XP_010650394.1,False,18.159,-0.4238,False,defense_signaling,21.897,-0.2913,False,defense_signaling,25.071,-0.1931,False,defense_signaling,XP_010650394.1 uncharacterized protein LOC100258866 isoform X2 [Vitis vinifera],3.738,6.912
XP_002281873.1,False,56.145,0.3407,False,defense_signaling,60.472,0.3886,False,defense_signaling,63.002,0.4166,False,defense_signaling,XP_002281873.1 uncharacterized protein LOC100267937 [Vitis vinifera],4.327,6.857
XP_059590523.1,False,54.927,0.2602,False,PR_proteins,58.897,0.3268,False,PR_proteins,61.779,0.371,False,PR_proteins,XP_059590523.1 LOW QUALITY PROTEIN: uncharacterized protein LOC100251785 [Vitis vinifera],3.97,6.852
XP_010658217.1,False,91.118,0.7085,False,defense_signaling,96.552,0.7835,False,defense_signaling,97.952,0.8132,False,defense_signaling,XP_010658217.1 SNF2 domain-containing protein CLASSY 1 isoform X2 [Vitis vinifera],5.434,6.834
XP_010648303.1,False,80.226,0.5933,False,defense_signaling,90.631,0.7013,False,defense_signaling,86.979,0.6621,False,defense_signaling,XP_010648303.1 calcineurin-binding protein 1 isoform X1 [Vitis vinifera],10.405,6.753
XP_019080087.1,False,25.96,-0.1742,False,defense_signaling,30.272,-0.0646,False,defense_signaling,32.597,-0.0142,False,defense_signaling,XP_019080087.1 uncharacterized protein LOC100243800 isoform X8 [Vitis vinifera],4.312,6.637
XP_059590268.1,False,26.535,-0.16,False,defense_signaling,31.064,-0.0492,False,defense_signaling,33.156,-0.003,False,defense_signaling,XP_059590268.1 uncharacterized protein LOC100243800 isoform X10 [Vitis vinifera],4.529,6.621
XP_010658218.1,False,91.464,0.7124,False,defense_signaling,96.644,0.7853,False,defense_signaling,97.952,0.8132,False,defense_signaling,XP_010658218.1 SNF2 domain-containing protein CLASSY 1 isoform X1 [Vitis vinifera],5.18,6.488
XP_010658219.1,False,91.464,0.7124,False,defense_signaling,96.644,0.7853,False,defense_signaling,97.952,0.8132,False,defense_signaling,XP_010658219.1 SNF2 domain-containing protein CLASSY 1 isoform X1 [Vitis vinifera],5.18,6.488
XP_010654512.1,False,89.1,0.902,False,cell_death_HR,98.573,1.289,False,cell_death_HR,95.55,1.1074,False,cell_death_HR,XP_010654512.1 myosin-17 isoform X2 [Vitis vinifera],9.473,6.45
XP_010652932.1,False,53.022,0.3041,False,defense_signaling,58.732,0.3702,False,defense_signaling,59.432,0.3765,False,defense_signaling,XP_010652932.1 mediator of RNA polymerase II transcription subunit 15a isoform X1 [Vitis vinifera],5.71,6.41
XP_010648047.1,False,36.517,0.0645,False,defense_signaling,40.443,0.1352,False,defense_signaling,42.892,0.17,False,defense_signaling,XP_010648047.1 nuclear matrix constituent protein 1 isoform X1 [Vitis vinifera],3.926,6.375
XP_059593067.1,False,47.32,0.2368,False,defense_signaling,55.318,0.3286,False,defense_signaling,53.689,0.2967,False,defense_signaling,XP_059593067.1 uncharacterized protein LOC109122604 [Vitis vinifera],7.998,6.369
XP_002268062.2,False,18.159,-0.4238,False,defense_signaling,21.572,-0.3,False,defense_signaling,24.498,-0.2088,False,defense_signaling,XP_002268062.2 uncharacterized protein LOC100258866 isoform X1 [Vitis vinifera],3.413,6.339
XP_010654511.1,False,89.1,0.902,False,cell_death_HR,99.164,1.359,True,cell_death_HR,95.431,1.1032,False,cell_death_HR,XP_010654511.1 myosin-17 isoform X1 [Vitis vinifera],10.064,6.331
XP_010654510.1,False,89.1,0.902,False,cell_death_HR,99.164,1.359,True,cell_death_HR,95.431,1.1032,False,cell_death_HR,XP_010654510.1 myosin-17 isoform X1 [Vitis vinifera],10.064,6.331
XP_010664176.1,False,88.457,0.7134,False,NBS_LRR,99.737,1.012,True,antimicrobial,94.684,0.9931,False,antimicrobial,"XP_010664176.1 protein translocase subunit SECA2, chloroplastic [Vitis vinifera]",11.28,6.227
XP_002281287.2,False,28.529,-0.1083,False,defense_signaling,32.632,-0.0151,False,defense_signaling,34.739,0.0306,False,defense_signaling,XP_002281287.2 auxilin-like protein 1 isoform X2 [Vitis vinifera],4.103,6.21
XP_002275930.1,False,90.968,0.9473,False,cell_death_HR,97.379,1.2028,False,cell_death_HR,97.138,1.1884,False,cell_death_HR,XP_002275930.1 DNA mismatch repair protein MSH6 [Vitis vinifera],6.411,6.17
XP_059592023.1,False,53.689,0.2934,False,defense_signaling,61.265,0.396,False,defense_signaling,59.847,0.3526,False,defense_signaling,XP_059592023.1 uncharacterized protein LOC132253568 [Vitis vinifera],7.576,6.158
XP_059598524.1,False,53.564,0.3103,False,defense_signaling,57.687,0.3561,False,defense_signaling,59.676,0.3791,False,defense_signaling,XP_059598524.1 uncharacterized protein At4g10930 isoform X3 [Vitis vinifera],4.123,6.112
XP_010659436.1,False,53.564,0.3103,False,defense_signaling,57.687,0.3561,False,defense_signaling,59.676,0.3791,False,defense_signaling,XP_010659436.1 uncharacterized protein At4g10930 isoform X3 [Vitis vinifera],4.123,6.112
XP_059597610.1,False,91.841,0.9505,False,cell_death_HR,96.631,1.1627,False,cell_death_HR,97.941,1.2376,False,cell_death_HR,XP_059597610.1 anaphase-promoting complex subunit 1 isoform X3 [Vitis vinifera],4.79,6.1
XP_019075039.1,False,31.815,-0.0317,False,defense_signaling,35.817,0.0501,False,defense_signaling,37.814,0.0884,False,defense_signaling,XP_019075039.1 auxilin-like protein 1 isoform X3 [Vitis vinifera],4.002,5.999
XP_059596444.1,False,1.597,-2.672,False,cell_death_HR,2.173,-2.2616,False,cell_death_HR,7.563,-1.1112,False,NBS_LRR,XP_059596444.1 uncharacterized protein LOC132254574 [Vitis vinifera],0.576,5.966
XP_059596417.1,False,90.744,0.9018,False,antimicrobial,95.937,1.0324,False,antimicrobial,96.695,1.0509,False,antimicrobial,XP_059596417.1 LOW QUALITY PROTEIN: ABC transporter B family member 9 [Vitis vinifera],5.193,5.951
XP_010653739.1,False,86.663,0.6604,False,defense_signaling,93.072,0.7311,False,defense_signaling,92.607,0.7246,False,defense_signaling,XP_010653739.1 chromatin-remodeling ATPase INO80 isoform X1 [Vitis vinifera],6.409,5.944
XP_010659551.1,False,86.065,0.7897,False,antimicrobial,95.811,0.8637,False,antimicrobial,92.006,0.8224,False,antimicrobial,XP_010659551.1 callose synthase 1 isoform X2 [Vitis vinifera],9.746,5.941
XP_010653740.1,False,84.256,0.6337,False,defense_signaling,90.744,0.702,False,defense_signaling,90.192,0.6963,False,defense_signaling,XP_010653740.1 chromatin-remodeling ATPase INO80 isoform X2 [Vitis vinifera],6.488,5.936
XP_010661884.1,False,65.217,0.4439,False,defense_signaling,68.34,0.4431,False,defense_signaling,71.067,0.4368,False,defense_signaling,XP_010661884.1 protein SUPPRESSOR OF PHYA-105 1 [Vitis vinifera],3.123,5.85
XP_002276685.3,False,65.217,0.4439,False,defense_signaling,68.34,0.4431,False,defense_signaling,71.067,0.4368,False,defense_signaling,XP_002276685.3 protein SUPPRESSOR OF PHYA-105 1 [Vitis vinifera],3.123,5.85
XP_010661885.1,False,65.217,0.4439,False,defense_signaling,68.34,0.4431,False,defense_signaling,71.067,0.4368,False,defense_signaling,XP_010661885.1 protein SUPPRESSOR OF PHYA-105 1 [Vitis vinifera],3.123,5.85
XP_010651195.1,False,82.017,0.6118,False,defense_signaling,80.631,0.5944,False,defense_signaling,87.817,0.7566,False,NBS_LRR,XP_010651195.1 helicase protein MOM1 isoform X1 [Vitis vinifera],-1.386,5.8
XP_010659427.1,False,53.881,0.3136,False,defense_signaling,57.725,0.3567,False,defense_signaling,59.676,0.3791,False,defense_signaling,XP_010659427.1 uncharacterized protein At4g10930 isoform X2 [Vitis vinifera],3.844,5.795
XP_059590047.1,False,92.218,0.9808,False,cell_death_HR,96.919,1.1774,False,cell_death_HR,97.997,1.2421,False,cell_death_HR,XP_059590047.1 uncharacterized protein LOC100257644 isoform X3 [Vitis vinifera],4.701,5.779
XP_019075758.1,False,24.176,-0.2256,False,defense_signaling,25.175,-0.1944,False,defense_signaling,29.928,-0.0707,False,defense_signaling,XP_019075758.1 cysteine-tryptophan domain-containing zinc finger protein 7 isoform X2 [Vitis vinifera],0.999,5.752
XP_059598493.1,False,28.864,-0.0991,False,defense_signaling,32.214,-0.0246,False,defense_signaling,34.559,0.0273,False,defense_signaling,XP_059598493.1 cysteine-tryptophan domain-containing zinc finger protein 3 [Vitis vinifera],3.35,5.695
XP_059590261.1,False,25.785,-0.1784,False,defense_signaling,29.649,-0.0787,False,defense_signaling,31.431,-0.0383,False,defense_signaling,XP_059590261.1 uncharacterized protein LOC100243800 isoform X7 [Vitis vinifera],3.864,5.646
XP_010656541.1,False,48.587,0.2501,False,defense_signaling,56.51,0.3418,False,defense_signaling,54.225,0.3149,False,defense_signaling,XP_010656541.1 uncharacterized protein LOC100251651 isoform X2 [Vitis vinifera],7.923,5.638
XP_002267626.3,False,89.34,0.6892,False,defense_signaling,97.357,0.8,False,defense_signaling,94.881,0.7566,False,defense_signaling,XP_002267626.3 uncharacterized protein LOC100242137 isoform X1 [Vitis vinifera],8.017,5.541
XP_059599393.1,False,2.112,-2.3007,False,cell_death_HR,4.167,-1.7638,False,cell_death_HR,7.61,-1.3109,False,cell_death_HR,XP_059599393.1 receptor-like protein EIX2 [Vitis vinifera],2.055,5.498
XP_002275993.2,False,92.462,0.9895,False,cell_death_HR,96.803,1.1727,False,cell_death_HR,97.95,1.2381,False,cell_death_HR,XP_002275993.2 uncharacterized protein LOC100246548 [Vitis vinifera],4.341,5.488
XP_010649749.1,False,24.457,-0.2191,False,defense_signaling,25.017,-0.198,False,defense_signaling,29.928,-0.0707,False,defense_signaling,XP_010649749.1 cysteine-tryptophan domain-containing zinc finger protein 7 isoform X1 [Vitis vinifera],0.56,5.471
XP_010650288.1,False,59.463,0.3805,False,defense_signaling,69.465,0.44,False,defense_signaling,64.895,0.3731,False,defense_signaling,XP_010650288.1 protein NO VEIN [Vitis vinifera],10.002,5.432
XP_002271185.1,False,86.134,0.8329,False,cell_death_HR,92.814,1.0031,False,cell_death_HR,91.551,0.9489,False,cell_death_HR,XP_002271185.1 ABC transporter B family member 9 [Vitis vinifera],6.68,5.417
XP_019078066.1,False,85.809,0.8249,False,cell_death_HR,90.323,0.9325,False,cell_death_HR,91.226,0.9107,False,antimicrobial,XP_019078066.1 ABC transporter B family member 9 [Vitis vinifera],4.514,5.417
XP_019082022.2,False,45.587,0.215,False,defense_signaling,49.685,0.2202,False,defense_signaling,50.999,0.2068,False,defense_signaling,XP_019082022.2 formin-like protein 20 isoform X1 [Vitis vinifera],4.098,5.412
XP_059589745.1,False,86.016,0.6537,False,defense_signaling,90.404,0.6984,False,defense_signaling,91.425,0.7099,False,defense_signaling,XP_059589745.1 probable serine/threonine protein kinase IRE isoform X1 [Vitis vinifera],4.388,5.409
XP_059593209.1,False,54.297,0.2516,False,antimicrobial,58.07,0.3047,False,RLK_defense,59.684,0.322,False,RLK_defense,XP_059593209.1 transposon Ty3-I Gag-Pol polyprotein [Vitis vinifera],3.773,5.387
XP_010663589.1,False,25.96,-0.1742,False,defense_signaling,29.664,-0.078,False,defense_signaling,31.264,-0.0416,False,defense_signaling,XP_010663589.1 uncharacterized protein LOC100243800 isoform X6 [Vitis vinifera],3.704,5.304
XP_059593860.1,False,90.133,0.6969,False,defense_signaling,95.545,0.7675,False,defense_signaling,95.412,0.8425,False,cell_death_HR,XP_059593860.1 uncharacterized protein LOC100260666 [Vitis vinifera],5.412,5.279
XP_010665099.1,False,77.966,0.5721,False,defense_signaling,84.697,0.6383,False,defense_signaling,83.242,0.6209,False,defense_signaling,XP_010665099.1 uncharacterized protein LOC100252053 isoform X1 [Vitis vinifera],6.731,5.276
XP_059596081.1,False,65.402,0.4457,False,defense_signaling,58.971,0.3728,False,defense_signaling,70.668,0.4973,False,defense_signaling,XP_059596081.1 methyl-CpG-binding domain-containing protein 9 isoform X1 [Vitis vinifera],-6.431,5.266
XP_059598711.1,False,91.499,0.96,False,cell_death_HR,95.811,0.9644,False,cell_death_HR,96.577,0.9534,False,cell_death_HR,XP_059598711.1 uncharacterized protein LOC100244618 [Vitis vinifera],4.312,5.078
XP_010656157.1,False,94.034,1.0458,False,cell_death_HR,99.579,1.4397,True,cell_death_HR,99.105,1.3413,True,cell_death_HR,XP_010656157.1 myosin-17 isoform X2 [Vitis vinifera],5.545,5.071
XP_010652052.1,False,33.38,0.0017,False,defense_signaling,33.978,0.0141,False,defense_signaling,38.427,0.1002,False,defense_signaling,XP_010652052.1 cysteine-tryptophan domain-containing zinc finger protein 7 isoform X1 [Vitis vinifera],0.598,5.047
XP_002272182.1,False,66.416,0.454,False,cell_death_HR,69.005,0.5165,False,cell_death_HR,71.456,0.5559,False,cell_death_HR,XP_002272182.1 uncharacterized protein LOC100250143 isoform X1 [Vitis vinifera],2.589,5.04
XP_002276252.1,False,23.351,-0.2466,False,defense_signaling,25.025,-0.1978,False,defense_signaling,28.384,-0.1083,False,defense_signaling,XP_002276252.1 cysteine-tryptophan domain-containing zinc finger protein 5 isoform X3 [Vitis vinifera],1.674,5.033
XP_002283041.4,False,9.265,-0.9971,False,defense_signaling,11.781,-0.7546,False,defense_signaling,14.279,-0.5874,False,defense_signaling,XP_002283041.4 uncharacterized protein LOC100246901 isoform X2 [Vitis vinifera],2.516,5.014
XP_059597974.1,False,91.937,0.9837,False,NBS_LRR,96.53,1.2848,False,NBS_LRR,96.951,1.335,False,NBS_LRR,XP_059597974.1 putative disease resistance RPP13-like protein 1 [Vitis vinifera],4.593,5.014
XP_010659838.1,False,40.938,0.1462,False,defense_signaling,43.756,0.1843,False,defense_signaling,45.951,0.2152,False,defense_signaling,XP_010659838.1 uncharacterized protein LOC100259597 isoform X1 [Vitis vinifera],2.818,5.013
XP_010644135.2,False,9.265,-0.9971,False,defense_signaling,11.779,-0.7547,False,defense_signaling,14.277,-0.5875,False,defense_signaling,XP_010644135.2 uncharacterized protein LOC100246901 isoform X1 [Vitis vinifera],2.514,5.012
XP_010648853.1,False,59.406,0.3799,False,defense_signaling,61.188,0.3956,False,defense_signaling,64.383,0.432,False,defense_signaling,XP_010648853.1 trans-Golgi network-localized SYP41-interacting protein 1 isoform X7 [Vitis vinifera],1.782,4.977
XP_003631895.1,False,94.155,0.7915,False,antimicrobial,99.109,0.8603,True,defense_signaling,99.124,0.8983,True,antimicrobial,XP_003631895.1 transcription-associated protein 1 [Vitis vinifera],4.954,4.969
XP_002277945.1,False,92.798,0.729,False,defense_signaling,96.198,0.7775,False,defense_signaling,97.746,0.8078,False,defense_signaling,XP_002277945.1 probable ubiquitin-conjugating enzyme E2 23 isoform X1 [Vitis vinifera],3.4,4.948
XP_002278408.1,False,93.552,0.7399,False,defense_signaling,99.439,0.8753,True,defense_signaling,98.442,0.8253,False,defense_signaling,XP_002278408.1 E3 ubiquitin-protein ligase UPL3 [Vitis vinifera],5.887,4.89
XP_010660973.1,False,60.022,0.3534,False,cell_death_HR,63.878,0.3838,False,cell_death_HR,64.9,0.405,False,cell_death_HR,"XP_010660973.1 CRM-domain containing factor CFM2, chloroplastic isoform X2 [Vitis vinifera]",3.856,4.878
XP_002275511.1,False,60.107,0.36,False,cell_death_HR,64.025,0.3902,False,cell_death_HR,64.965,0.4113,False,cell_death_HR,"XP_002275511.1 CRM-domain containing factor CFM2, chloroplastic isoform X1 [Vitis vinifera]",3.918,4.858
XP_010660972.1,False,60.107,0.36,False,cell_death_HR,64.025,0.3902,False,cell_death_HR,64.965,0.4113,False,cell_death_HR,"XP_010660972.1 CRM-domain containing factor CFM2, chloroplastic isoform X1 [Vitis vinifera]",3.918,4.858
XP_010660786.1,False,62.486,0.4123,False,defense_signaling,65.548,0.4444,False,defense_signaling,67.327,0.4623,False,defense_signaling,XP_010660786.1 uncharacterized protein LOC100266440 [Vitis vinifera],3.062,4.841
XP_059598859.1,False,62.486,0.4123,False,defense_signaling,65.548,0.4444,False,defense_signaling,67.327,0.4623,False,defense_signaling,XP_059598859.1 uncharacterized protein LOC100266440 [Vitis vinifera],3.062,4.841
XP_010660457.1,False,62.179,0.3935,False,cell_death_HR,64.836,0.4408,False,cell_death_HR,67.001,0.4792,False,cell_death_HR,XP_010660457.1 nuclear pore complex protein NUP98A [Vitis vinifera],2.657,4.822
XP_059598063.1,False,19.471,-0.5767,False,cell_death_HR,22.2,-0.4857,False,cell_death_HR,24.256,-0.4072,False,cell_death_HR,XP_059598063.1 uncharacterized protein LOC100254054 isoform X3 [Vitis vinifera],2.729,4.785
XP_019073241.1,False,19.471,-0.5767,False,cell_death_HR,22.2,-0.4857,False,cell_death_HR,24.256,-0.4072,False,cell_death_HR,XP_019073241.1 uncharacterized protein LOC100254054 isoform X3 [Vitis vinifera],2.729,4.785
XP_010663582.1,False,26.646,-0.1564,False,defense_signaling,30.058,-0.0684,False,defense_signaling,31.428,-0.0383,False,defense_signaling,XP_010663582.1 uncharacterized protein LOC100243800 isoform X3 [Vitis vinifera],3.412,4.782
XP_059590249.1,False,70.139,0.502,False,PR_proteins,73.105,0.5432,False,PR_proteins,74.847,0.5669,False,PR_proteins,XP_059590249.1 uncharacterized protein LOC104882595 [Vitis vinifera],2.966,4.708
XP_010654041.1,False,60.798,0.3945,False,defense_signaling,63.438,0.4225,False,defense_signaling,65.493,0.4438,False,defense_signaling,XP_010654041.1 polyadenylation and cleavage factor homolog 4 isoform X2 [Vitis vinifera],2.64,4.695
XP_019074935.1,False,92.785,0.7289,False,defense_signaling,96.953,1.0632,False,antimicrobial,97.475,1.1218,False,cell_death_HR,XP_019074935.1 protein ILITYHIA isoform X1 [Vitis vinifera],4.168,4.69
XP_002281615.2,False,93.286,1.0174,False,cell_death_HR,98.873,1.3208,False,cell_death_HR,97.947,1.238,False,cell_death_HR,XP_002281615.2 myosin-15 [Vitis vinifera],5.587,4.661
XP_019081245.1,False,86.952,0.6642,False,defense_signaling,91.21,0.7074,False,defense_signaling,91.589,0.7116,False,defense_signaling,XP_019081245.1 protein transport protein SEC16B homolog [Vitis vinifera],4.258,4.637
XP_010661318.1,False,86.952,0.6642,False,defense_signaling,91.21,0.7074,False,defense_signaling,91.589,0.7116,False,defense_signaling,XP_010661318.1 protein transport protein SEC16B homolog [Vitis vinifera],4.258,4.637
XP_059592762.1,False,83.456,0.6263,False,defense_signaling,91.455,0.7104,False,defense_signaling,88.088,0.876,False,cell_death_HR,"XP_059592762.1 translocase of chloroplast 159, chloroplastic [Vitis vinifera]",7.999,4.632
XP_010645414.1,False,93.775,0.9666,False,antimicrobial,94.962,1.0418,False,cell_death_HR,98.383,1.2673,False,cell_death_HR,XP_010645414.1 transcription elongation factor SPT6-like isoform X1 [Vitis vinifera],1.187,4.608
XP_059597971.1,False,86.076,0.7278,False,NBS_LRR,87.921,0.7609,False,NBS_LRR,90.672,0.8798,False,NBS_LRR,XP_059597971.1 putative disease resistance RPP13-like protein 1 [Vitis vinifera],1.845,4.596
XP_010646525.2,False,90.702,0.704,False,defense_signaling,95.344,0.7643,False,defense_signaling,95.28,0.7615,False,defense_signaling,XP_010646525.2 protein transport protein SEC16A homolog [Vitis vinifera],4.642,4.578
XP_019082185.1,False,94.972,1.0807,False,cell_death_HR,99.161,1.3584,True,cell_death_HR,99.518,1.4224,True,cell_death_HR,XP_019082185.1 uncharacterized protein LOC100257644 isoform X2 [Vitis vinifera],4.189,4.546
XP_059596237.1,False,93.579,1.089,False,NBS_LRR,99.055,0.9534,True,antimicrobial,98.107,1.0489,False,antimicrobial,XP_059596237.1 uncharacterized protein LOC100251075 [Vitis vinifera],5.476,4.528
XP_002275652.1,False,90.338,0.6995,False,defense_signaling,95.184,0.7625,False,defense_signaling,94.837,0.7658,False,antimicrobial,XP_002275652.1 uncharacterized protein LOC100240773 [Vitis vinifera],4.846,4.499
XP_059593430.1,False,89.396,0.8347,False,antimicrobial,92.83,0.8953,False,antimicrobial,93.893,0.9166,False,antimicrobial,XP_059593430.1 ABC transporter B family member 20 isoform X2 [Vitis vinifera],3.434,4.497
XP_010651065.1,False,89.396,0.8347,False,antimicrobial,92.83,0.8953,False,antimicrobial,93.893,0.9166,False,antimicrobial,XP_010651065.1 ABC transporter B family member 20 isoform X2 [Vitis vinifera],3.434,4.497
XP_010648992.1,False,46.698,0.2286,False,defense_signaling,54.618,0.321,False,defense_signaling,51.187,0.2781,False,defense_signaling,XP_010648992.1 uncharacterized protein LOC100242423 isoform X1 [Vitis vinifera],7.92,4.489
XP_002276237.2,False,46.698,0.2286,False,defense_signaling,54.618,0.321,False,defense_signaling,51.187,0.2781,False,defense_signaling,XP_002276237.2 uncharacterized protein LOC100242423 isoform X1 [Vitis vinifera],7.92,4.489
XP_010662092.1,False,25.929,-0.1746,False,defense_signaling,29.756,-0.0751,False,defense_signaling,30.413,-0.06,False,defense_signaling,XP_010662092.1 uncharacterized protein LOC100261463 isoform X1 [Vitis vinifera],3.827,4.484
XP_010662091.1,False,25.929,-0.1746,False,defense_signaling,29.756,-0.0751,False,defense_signaling,30.413,-0.06,False,defense_signaling,XP_010662091.1 uncharacterized protein LOC100261463 isoform X1 [Vitis vinifera],3.827,4.484
XP_002280871.2,False,40.83,0.1437,False,defense_signaling,43.476,0.1794,False,defense_signaling,45.312,0.2074,False,defense_signaling,XP_002280871.2 uncharacterized protein LOC100259597 isoform X2 [Vitis vinifera],2.646,4.482
XP_010648947.1,False,92.785,0.7289,False,defense_signaling,97.103,1.0691,False,antimicrobial,97.266,1.0683,False,cell_death_HR,XP_010648947.1 protein ILITYHIA isoform X2 [Vitis vinifera],4.318,4.481
XP_010652356.1,False,91.409,0.9578,False,cell_death_HR,94.509,1.0649,False,cell_death_HR,95.735,1.1153,False,cell_death_HR,XP_010652356.1 myosin-9 isoform X1 [Vitis vinifera],3.1,4.326
XP_059598064.1,False,21.479,-0.5073,False,cell_death_HR,23.822,-0.4318,False,cell_death_HR,25.712,-0.3679,False,cell_death_HR,XP_059598064.1 uncharacterized protein LOC100254054 isoform X4 [Vitis vinifera],2.343,4.233
XP_019073242.1,False,21.479,-0.5073,False,cell_death_HR,23.822,-0.4318,False,cell_death_HR,25.712,-0.3679,False,cell_death_HR,XP_019073242.1 uncharacterized protein LOC100254054 isoform X4 [Vitis vinifera],2.343,4.233
XP_010662396.1,False,87.49,0.6696,False,defense_signaling,91.17,0.7068,False,defense_signaling,91.721,0.7133,False,defense_signaling,XP_010662396.1 probable serine/threonine protein kinase IRE isoform X2 [Vitis vinifera],3.68,4.231
XP_002269575.1,False,68.837,0.4816,False,defense_signaling,69.17,0.4828,False,defense_signaling,73.041,0.5837,False,cell_death_HR,XP_002269575.1 enhancer of mRNA-decapping protein 4 [Vitis vinifera],0.333,4.204
XP_010648867.1,False,88.37,0.6782,False,defense_signaling,91.686,0.7134,False,defense_signaling,92.56,0.724,False,defense_signaling,XP_010648867.1 lysine-specific demethylase JMJ26 isoform X3 [Vitis vinifera],3.316,4.19
XP_002279471.2,False,83.028,0.747,False,antimicrobial,86.722,0.8197,False,antimicrobial,87.213,0.8299,False,antimicrobial,XP_002279471.2 ABC transporter B family member 13 isoform X1 [Vitis vinifera],3.694,4.185
XP_010661190.1,False,89.356,0.6893,False,defense_signaling,88.62,0.6798,False,defense_signaling,93.52,0.7385,False,antimicrobial,XP_010661190.1 uncharacterized protein LOC100245550 [Vitis vinifera],-0.736,4.164
XP_059590253.1,False,26.535,-0.16,False,defense_signaling,29.713,-0.0768,False,defense_signaling,30.69,-0.0545,False,defense_signaling,XP_059590253.1 uncharacterized protein LOC100243800 isoform X4 [Vitis vinifera],3.178,4.155
XP_059598302.1,False,47.65,0.2403,False,defense_signaling,50.521,0.272,False,defense_signaling,51.799,0.2861,False,defense_signaling,XP_059598302.1 transcriptional activator DEMETER isoform X1 [Vitis vinifera],2.871,4.149
XP_010658708.2,False,47.65,0.2403,False,defense_signaling,50.521,0.272,False,defense_signaling,51.799,0.2861,False,defense_signaling,XP_010658708.2 transcriptional activator DEMETER isoform X1 [Vitis vinifera],2.871,4.149
XP_002267310.1,False,47.65,0.2403,False,defense_signaling,50.495,0.2716,False,defense_signaling,51.799,0.2861,False,defense_signaling,XP_002267310.1 transcriptional activator DEMETER isoform X2 [Vitis vinifera],2.845,4.149
XP_010647304.1,False,64.303,0.4341,False,defense_signaling,61.936,0.4037,False,defense_signaling,68.451,0.4742,False,defense_signaling,XP_010647304.1 uncharacterized protein LOC100248664 isoform X1 [Vitis vinifera],-2.367,4.148
XP_059595171.1,False,60.798,0.3945,False,defense_signaling,63.231,0.4193,False,defense_signaling,64.912,0.4375,False,defense_signaling,XP_059595171.1 polyadenylation and cleavage factor homolog 4 isoform X1 [Vitis vinifera],2.433,4.114
XP_002279262.1,False,93.035,0.8543,False,antimicrobial,96.301,0.8763,False,antimicrobial,97.138,0.8632,False,antimicrobial,XP_002279262.1 elongator complex protein 1 [Vitis vinifera],3.266,4.103
XP_010652902.1,False,79.249,0.5845,False,defense_signaling,82.223,0.6115,False,defense_signaling,83.348,0.6222,False,defense_signaling,XP_010652902.1 uncharacterized protein LOC100266278 isoform X1 [Vitis vinifera],2.974,4.099
XP_010652900.1,False,79.249,0.5845,False,defense_signaling,82.223,0.6115,False,defense_signaling,83.348,0.6222,False,defense_signaling,XP_010652900.1 uncharacterized protein LOC100266278 isoform X1 [Vitis vinifera],2.974,4.099
XP_059594703.1,False,79.249,0.5845,False,defense_signaling,82.223,0.6115,False,defense_signaling,83.348,0.6222,False,defense_signaling,XP_059594703.1 uncharacterized protein LOC100266278 isoform X1 [Vitis vinifera],2.974,4.099
XP_019082186.1,False,94.384,1.0591,False,cell_death_HR,97.647,1.218,False,cell_death_HR,98.474,1.2778,False,cell_death_HR,XP_019082186.1 uncharacterized protein LOC100257644 isoform X4 [Vitis vinifera],3.263,4.09
XP_002264093.1,False,89.966,0.9225,False,cell_death_HR,93.101,1.012,False,cell_death_HR,94.051,1.0481,False,cell_death_HR,"XP_002264093.1 PH, RCC1 and FYVE domains-containing protein 1 [Vitis vinifera]",3.135,4.085
XP_002264708.1,False,87.325,0.8321,False,antimicrobial,90.503,0.8968,False,antimicrobial,91.398,0.9148,False,antimicrobial,XP_002264708.1 ABC transporter B family member 15 [Vitis vinifera],3.178,4.073
XP_010664076.1,False,74.643,0.5403,False,defense_signaling,80.998,0.598,False,defense_signaling,78.714,0.5757,False,defense_signaling,XP_010664076.1 uncharacterized protein LOC100254039 [Vitis vinifera],6.355,4.071
XP_059591270.1,False,89.955,0.8835,False,antimicrobial,95.742,0.9645,False,antimicrobial,93.954,0.9699,False,antimicrobial,XP_059591270.1 putative callose synthase 8 isoform X1 [Vitis vinifera],5.787,3.999
XP_010644774.1,False,89.955,0.8835,False,antimicrobial,95.324,0.9617,False,antimicrobial,93.954,0.9699,False,antimicrobial,XP_010644774.1 putative callose synthase 8 isoform X2 [Vitis vinifera],5.369,3.999
XP_059591759.1,False,92.798,0.729,False,defense_signaling,95.132,0.7618,False,defense_signaling,96.786,0.7873,False,defense_signaling,XP_059591759.1 probable ubiquitin-conjugating enzyme E2 23 isoform X2 [Vitis vinifera],2.334,3.988
XP_059598498.1,False,82.922,0.6404,False,NBS_LRR,88.246,0.7728,False,NBS_LRR,86.897,0.7259,False,NBS_LRR,XP_059598498.1 disease resistance protein At4g27190-like [Vitis vinifera],5.324,3.975
XP_010662985.2,False,94.718,0.9943,False,antimicrobial,97.659,1.0902,False,antimicrobial,98.671,1.1483,False,antimicrobial,"XP_010662985.2 glutamate synthase [NADH], amyloplastic isoform X2 [Vitis vinifera]",2.941,3.953
XP_059590316.1,False,28.529,-0.1083,False,defense_signaling,31.47,-0.0409,False,defense_signaling,32.413,-0.0183,False,defense_signaling,XP_059590316.1 auxilin-like protein 1 isoform X1 [Vitis vinifera],2.941,3.884
XP_002266275.1,False,33.96,0.0148,False,defense_signaling,38.418,0.1006,False,defense_signaling,37.814,0.0884,False,defense_signaling,XP_002266275.1 auxilin-like protein 1 isoform X1 [Vitis vinifera],4.458,3.854
XP_019073244.2,False,94.024,0.9413,False,antimicrobial,94.305,0.9869,False,cell_death_HR,97.854,1.2329,False,cell_death_HR,XP_019073244.2 LOW QUALITY PROTEIN: transcription elongation factor SPT6-like [Vitis vinifera],0.281,3.83
XP_010660238.2,False,85.179,0.7008,False,NBS_LRR,91.608,0.9406,False,NBS_LRR,88.996,0.7997,False,NBS_LRR,XP_010660238.2 uncharacterized protein LOC104881504 [Vitis vinifera],6.429,3.817
XP_010659839.1,False,42.764,0.1717,False,defense_signaling,44.773,0.1995,False,defense_signaling,46.537,0.2224,False,defense_signaling,XP_010659839.1 uncharacterized protein LOC100259597 isoform X3 [Vitis vinifera],2.009,3.773
XP_019078593.1,False,77.893,0.5713,False,defense_signaling,84.216,0.6313,False,defense_signaling,81.654,0.6053,False,defense_signaling,"XP_019078593.1 polyprotein of EF-Ts, chloroplastic [Vitis vinifera]",6.323,3.761
XP_002280712.1,False,77.893,0.5713,False,defense_signaling,84.216,0.6313,False,defense_signaling,81.654,0.6053,False,defense_signaling,"XP_002280712.1 polyprotein of EF-Ts, chloroplastic [Vitis vinifera]",6.323,3.761
XP_059596973.1,False,29.264,-0.0912,False,defense_signaling,31.289,-0.0457,False,defense_signaling,33.02,-0.0055,False,defense_signaling,XP_059596973.1 uncharacterized protein LOC104880905 [Vitis vinifera],2.025,3.756
XP_010657379.1,False,29.264,-0.0912,False,defense_signaling,31.289,-0.0457,False,defense_signaling,33.02,-0.0055,False,defense_signaling,XP_010657379.1 uncharacterized protein LOC104880905 [Vitis vinifera],2.025,3.756
XP_019080922.1,False,89.753,0.8798,False,antimicrobial,92.121,0.932,False,antimicrobial,93.508,0.9587,False,antimicrobial,XP_019080922.1 ABC transporter B family member 15 isoform X2 [Vitis vinifera],2.368,3.755
XP_019080921.1,False,89.753,0.8798,False,antimicrobial,92.121,0.932,False,antimicrobial,93.508,0.9587,False,antimicrobial,XP_019080921.1 ABC transporter B family member 15 isoform X2 [Vitis vinifera],2.368,3.755
XP_010659629.1,False,83.711,0.6288,False,defense_signaling,87.541,0.6681,False,defense_signaling,87.432,0.6663,False,defense_signaling,XP_010659629.1 PWWP domain-containing protein 1 [Vitis vinifera],3.83,3.721
XP_010659628.1,False,83.711,0.6288,False,defense_signaling,87.541,0.6681,False,defense_signaling,87.432,0.6663,False,defense_signaling,XP_010659628.1 PWWP domain-containing protein 1 [Vitis vinifera],3.83,3.721
XP_010652903.1,False,79.249,0.5845,False,defense_signaling,82.046,0.6093,False,defense_signaling,82.954,0.6181,False,defense_signaling,XP_010652903.1 uncharacterized protein LOC100266278 isoform X2 [Vitis vinifera],2.797,3.705
XP_019080575.1,False,60.921,0.3956,False,defense_signaling,63.119,0.4181,False,defense_signaling,64.607,0.4342,False,defense_signaling,XP_019080575.1 protein ALWAYS EARLY 2 isoform X1 [Vitis vinifera],2.198,3.686
XP_019080574.1,False,60.921,0.3956,False,defense_signaling,63.119,0.4181,False,defense_signaling,64.607,0.4342,False,defense_signaling,XP_019080574.1 protein ALWAYS EARLY 2 isoform X1 [Vitis vinifera],2.198,3.686
XP_019079103.1,False,89.137,0.867,False,antimicrobial,92.208,0.9099,False,antimicrobial,92.809,0.8872,False,antimicrobial,XP_019079103.1 uncharacterized protein LOC100257035 isoform X2 [Vitis vinifera],3.071,3.672
XP_059598357.1,False,94.764,1.1774,False,NBS_LRR,98.165,1.5008,False,NBS_LRR,98.397,1.5536,False,NBS_LRR,XP_059598357.1 uncharacterized protein LOC100251264 isoform X2 [Vitis vinifera],3.401,3.633
XP_059598360.1,False,94.764,1.1774,False,NBS_LRR,98.165,1.5008,False,NBS_LRR,98.397,1.5536,False,NBS_LRR,XP_059598360.1 uncharacterized protein LOC100251264 isoform X2 [Vitis vinifera],3.401,3.633
XP_059598361.1,False,94.764,1.1774,False,NBS_LRR,98.165,1.5008,False,NBS_LRR,98.397,1.5536,False,NBS_LRR,XP_059598361.1 uncharacterized protein LOC100251264 isoform X2 [Vitis vinifera],3.401,3.633
XP_059598356.1,False,94.764,1.1774,False,NBS_LRR,98.165,1.5008,False,NBS_LRR,98.397,1.5536,False,NBS_LRR,XP_059598356.1 uncharacterized protein LOC100251264 isoform X2 [Vitis vinifera],3.401,3.633
XP_059598359.1,False,94.764,1.1774,False,NBS_LRR,98.165,1.5008,False,NBS_LRR,98.397,1.5536,False,NBS_LRR,XP_059598359.1 uncharacterized protein LOC100251264 isoform X2 [Vitis vinifera],3.401,3.633
XP_059598355.1,False,94.764,1.1774,False,NBS_LRR,98.165,1.5008,False,NBS_LRR,98.397,1.5536,False,NBS_LRR,XP_059598355.1 uncharacterized protein LOC100251264 isoform X2 [Vitis vinifera],3.401,3.633
XP_059598358.1,False,94.764,1.1774,False,NBS_LRR,98.165,1.5008,False,NBS_LRR,98.397,1.5536,False,NBS_LRR,XP_059598358.1 uncharacterized protein LOC100251264 isoform X2 [Vitis vinifera],3.401,3.633
XP_059598362.1,False,94.764,1.1774,False,NBS_LRR,98.165,1.5008,False,NBS_LRR,98.397,1.5536,False,NBS_LRR,XP_059598362.1 uncharacterized protein LOC100251264 isoform X2 [Vitis vinifera],3.401,3.633
XP_010664838.1,False,17.607,-0.5348,False,NBS_LRR,21.05,-0.3523,False,defense_signaling,21.215,-0.3102,False,defense_signaling,XP_010664838.1 kinesin-like protein KIN-6 isoform X1 [Vitis vinifera],3.443,3.608
XP_059590853.1,False,17.607,-0.5348,False,NBS_LRR,21.05,-0.3523,False,defense_signaling,21.215,-0.3102,False,defense_signaling,XP_059590853.1 kinesin-like protein KIN-6 isoform X1 [Vitis vinifera],3.443,3.608
XP_059590854.1,False,17.607,-0.5348,False,NBS_LRR,21.05,-0.3523,False,defense_signaling,21.215,-0.3102,False,defense_signaling,XP_059590854.1 kinesin-like protein KIN-6 isoform X1 [Vitis vinifera],3.443,3.608
XP_059591738.1,False,54.858,0.1889,False,NBS_LRR,54.883,0.2616,False,antimicrobial,58.442,0.3203,False,antimicrobial,XP_059591738.1 uncharacterized protein LOC132253551 [Vitis vinifera],0.025,3.584
XP_059598363.1,False,94.764,1.1774,False,NBS_LRR,98.142,1.4936,False,NBS_LRR,98.336,1.5354,False,NBS_LRR,XP_059598363.1 uncharacterized protein LOC100251264 isoform X3 [Vitis vinifera],3.378,3.572
XP_059598366.1,False,94.764,1.1774,False,NBS_LRR,98.139,1.4924,False,NBS_LRR,98.334,1.5349,False,NBS_LRR,XP_059598366.1 uncharacterized protein LOC100251264 isoform X6 [Vitis vinifera],3.375,3.57
XP_059598365.1,False,94.764,1.1774,False,NBS_LRR,98.136,1.492,False,NBS_LRR,98.33,1.5338,False,NBS_LRR,XP_059598365.1 uncharacterized protein LOC100251264 isoform X5 [Vitis vinifera],3.372,3.566
XP_059598367.1,False,94.764,1.1774,False,NBS_LRR,98.136,1.492,False,NBS_LRR,98.33,1.5338,False,NBS_LRR,XP_059598367.1 uncharacterized protein LOC100251264 isoform X5 [Vitis vinifera],3.372,3.566
XP_059598364.1,False,94.764,1.1774,False,NBS_LRR,98.107,1.4886,False,NBS_LRR,98.32,1.5321,False,NBS_LRR,XP_059598364.1 uncharacterized protein LOC100251264 isoform X4 [Vitis vinifera],3.343,3.556
XP_059598368.1,False,94.764,1.1774,False,NBS_LRR,98.112,1.4909,False,NBS_LRR,98.32,1.5321,False,NBS_LRR,XP_059598368.1 uncharacterized protein LOC100251264 isoform X7 [Vitis vinifera],3.348,3.556
XP_059598354.1,False,94.764,1.1774,False,NBS_LRR,97.966,1.472,False,NBS_LRR,98.32,1.5321,False,NBS_LRR,XP_059598354.1 uncharacterized protein LOC100251264 isoform X1 [Vitis vinifera],3.202,3.556
XP_059598353.1,False,94.764,1.1774,False,NBS_LRR,97.966,1.472,False,NBS_LRR,98.32,1.5321,False,NBS_LRR,XP_059598353.1 uncharacterized protein LOC100251264 isoform X1 [Vitis vinifera],3.202,3.556
XP_002283051.2,False,85.486,0.794,False,antimicrobial,89.668,0.8783,False,antimicrobial,89.014,0.8645,False,antimicrobial,XP_002283051.2 ABC transporter B family member 19 [Vitis vinifera],4.182,3.528
XP_010661928.1,False,53.332,0.3076,False,defense_signaling,54.039,0.307,False,defense_signaling,56.835,0.302,False,defense_signaling,XP_010661928.1 histone-lysine N-methyltransferase ATX4 isoform X2 [Vitis vinifera],0.707,3.503
XP_010649121.1,False,33.96,0.0148,False,defense_signaling,38.233,0.0972,False,defense_signaling,37.458,0.0822,False,defense_signaling,XP_010649121.1 auxilin-like protein 1 isoform X2 [Vitis vinifera],4.273,3.498
XP_010656540.1,False,50.74,0.2767,False,defense_signaling,57.935,0.3588,False,defense_signaling,54.225,0.3149,False,defense_signaling,XP_010656540.1 uncharacterized protein LOC100251651 isoform X1 [Vitis vinifera],7.195,3.485
XP_059590855.1,False,17.629,-0.5342,False,NBS_LRR,21.077,-0.3602,False,defense_signaling,21.107,-0.3142,False,defense_signaling,XP_059590855.1 kinesin-like protein KIN-6 isoform X2 [Vitis vinifera],3.448,3.478
XP_019075884.1,False,65.439,0.4463,False,defense_signaling,62.549,0.411,False,defense_signaling,68.909,0.4795,False,defense_signaling,XP_019075884.1 methyl-CpG-binding domain-containing protein 9 isoform X3 [Vitis vinifera],-2.89,3.47
XP_010656962.1,False,94.518,0.7526,False,defense_signaling,98.916,0.8475,False,defense_signaling,97.973,0.8136,False,defense_signaling,XP_010656962.1 transcription initiation factor TFIID subunit 1 [Vitis vinifera],4.398,3.455
XP_010656963.1,False,94.518,0.7526,False,defense_signaling,98.916,0.8475,False,defense_signaling,97.973,0.8136,False,defense_signaling,XP_010656963.1 transcription initiation factor TFIID subunit 1 [Vitis vinifera],4.398,3.455
XP_003633838.1,False,90.06,0.8854,False,antimicrobial,92.885,0.9474,False,antimicrobial,93.508,0.9587,False,antimicrobial,XP_003633838.1 ABC transporter B family member 15 isoform X1 [Vitis vinifera],2.825,3.448
XP_002281342.2,False,92.961,1.0067,False,cell_death_HR,95.257,1.093,False,cell_death_HR,96.375,1.1469,False,cell_death_HR,"XP_002281342.2 PH, RCC1 and FYVE domains-containing protein 1 [Vitis vinifera]",2.296,3.414
XP_059589693.1,False,31.662,-0.0347,False,defense_signaling,33.666,0.0079,False,defense_signaling,35.057,0.0374,False,defense_signaling,XP_059589693.1 uncharacterized protein LOC100266678 isoform X4 [Vitis vinifera],2.004,3.395
XP_002274141.2,False,54.588,0.3221,False,defense_signaling,58.4,0.3654,False,defense_signaling,57.959,0.3586,False,defense_signaling,XP_002274141.2 mediator of RNA polymerase II transcription subunit 15a isoform X2 [Vitis vinifera],3.812,3.371
XP_010652794.1,False,73.767,0.5316,False,defense_signaling,76.395,0.5536,False,defense_signaling,77.093,0.5597,False,defense_signaling,XP_010652794.1 filament-like plant protein 7 isoform X2 [Vitis vinifera],2.628,3.326
XP_059595391.1,False,77.377,0.6447,False,antimicrobial,79.356,0.6794,False,antimicrobial,80.7,0.7056,False,antimicrobial,XP_059595391.1 protein SLOW WALKER 2 [Vitis vinifera],1.979,3.323
XP_010663573.1,False,25.96,-0.1742,False,defense_signaling,28.684,-0.1022,False,defense_signaling,29.274,-0.0866,False,defense_signaling,XP_010663573.1 uncharacterized protein LOC100243800 isoform X1 [Vitis vinifera],2.724,3.314
XP_059593777.1,False,94.012,0.7462,False,defense_signaling,99.478,0.8774,True,defense_signaling,97.31,1.1036,False,cell_death_HR,XP_059593777.1 protein SPIRRIG isoform X3 [Vitis vinifera],5.466,3.298
XP_010664423.1,False,96.185,0.7775,False,defense_signaling,99.572,0.884,True,defense_signaling,99.481,0.8709,True,defense_signaling,XP_010664423.1 BEACH domain-containing protein B isoform X2 [Vitis vinifera],3.387,3.296
XP_010653767.1,False,95.699,1.0115,False,antimicrobial,98.445,0.9572,False,antimicrobial,98.986,1.0053,False,antimicrobial,XP_010653767.1 ABC transporter A family member 1 isoform X2 [Vitis vinifera],2.746,3.287
XP_010654011.1,False,92.89,0.8845,False,PR_proteins,95.12,0.941,False,PR_proteins,96.146,0.9719,False,PR_proteins,XP_010654011.1 protein argonaute 5 [Vitis vinifera],2.23,3.256
XP_002277079.1,False,93.158,1.0119,False,cell_death_HR,95.444,1.103,False,cell_death_HR,96.409,1.1488,False,cell_death_HR,"XP_002277079.1 leucine--tRNA ligase, cytoplasmic [Vitis vinifera]",2.286,3.251
XP_010663660.1,False,57.652,0.2818,False,defense_signaling,59.249,0.2496,False,NBS_LRR,60.888,0.2739,False,defense_signaling,XP_010663660.1 uncharacterized protein LOC100268025 isoform X1 [Vitis vinifera],1.597,3.236
XP_019076686.1,False,56.197,0.3414,False,defense_signaling,58.178,0.3622,False,defense_signaling,59.432,0.3765,False,defense_signaling,XP_019076686.1 mediator of RNA polymerase II transcription subunit 15a isoform X3 [Vitis vinifera],1.981,3.235
XP_002278062.2,False,58.065,0.2855,False,defense_signaling,59.584,0.2547,False,NBS_LRR,61.284,0.2779,False,NBS_LRR,XP_002278062.2 uncharacterized protein LOC100268025 isoform X2 [Vitis vinifera],1.519,3.219
XP_010651979.1,False,74.759,0.5315,False,defense_signaling,67.447,0.4643,False,defense_signaling,77.968,0.5248,False,defense_signaling,XP_010651979.1 uncharacterized protein LOC100853644 isoform X2 [Vitis vinifera],-7.312,3.209
XP_002263182.1,False,89.699,0.8783,False,antimicrobial,92.294,0.9369,False,antimicrobial,92.902,0.9474,False,antimicrobial,"XP_002263182.1 isoleucine--tRNA ligase, cytoplasmic isoform X2 [Vitis vinifera]",2.595,3.203
XP_010664602.2,False,44.621,0.1408,False,defense_signaling,40.296,0.073,False,defense_signaling,47.818,0.1323,False,defense_signaling,XP_010664602.2 CST complex subunit CTC1 isoform X2 [Vitis vinifera],-4.325,3.197
XP_019072299.2,False,44.621,0.1408,False,defense_signaling,38.669,0.0881,False,defense_signaling,47.818,0.1323,False,defense_signaling,XP_019072299.2 CST complex subunit CTC1 isoform X1 [Vitis vinifera],-5.952,3.197
XP_059597365.1,False,81.94,0.6108,False,defense_signaling,89.082,0.6842,False,defense_signaling,85.136,0.6431,False,defense_signaling,XP_059597365.1 separase isoform X1 [Vitis vinifera],7.142,3.196
XP_010644138.2,False,12.697,-0.6894,False,defense_signaling,14.351,-0.5853,False,defense_signaling,15.889,-0.5136,False,defense_signaling,XP_010644138.2 uncharacterized protein LOC100246901 isoform X3 [Vitis vinifera],1.654,3.192
XP_010654982.1,False,57.137,0.3523,False,defense_signaling,58.479,0.3669,False,defense_signaling,60.322,0.3856,False,defense_signaling,XP_010654982.1 trans-Golgi network-localized SYP41-interacting protein 1 [Vitis vinifera],1.342,3.185
XP_010663576.1,False,25.785,-0.1784,False,defense_signaling,28.426,-0.108,False,defense_signaling,28.96,-0.0939,False,defense_signaling,XP_010663576.1 uncharacterized protein LOC100243800 isoform X2 [Vitis vinifera],2.641,3.175
XP_010651980.1,False,74.946,0.522,False,defense_signaling,71.028,0.5008,False,defense_signaling,78.111,0.5257,False,NBS_LRR,XP_010651980.1 uncharacterized protein LOC100853644 isoform X3 [Vitis vinifera],-3.918,3.165
XP_010651977.1,False,74.946,0.522,False,defense_signaling,66.582,0.4554,False,defense_signaling,78.111,0.5257,False,NBS_LRR,XP_010651977.1 uncharacterized protein LOC100853644 isoform X1 [Vitis vinifera],-8.364,3.165
XP_010651976.1,False,74.946,0.522,False,defense_signaling,66.582,0.4554,False,defense_signaling,78.111,0.5257,False,NBS_LRR,XP_010651976.1 uncharacterized protein LOC100853644 isoform X1 [Vitis vinifera],-8.364,3.165
XP_010650533.1,False,89.699,0.8783,False,antimicrobial,92.403,0.9383,False,antimicrobial,92.848,0.9453,False,antimicrobial,"XP_010650533.1 isoleucine--tRNA ligase, cytoplasmic isoform X1 [Vitis vinifera]",2.704,3.149
XP_002273874.2,False,82.002,0.6116,False,defense_signaling,89.014,0.6835,False,defense_signaling,85.136,0.6431,False,defense_signaling,XP_002273874.2 separase isoform X2 [Vitis vinifera],7.012,3.134
XP_002276461.1,False,85.386,0.648,False,defense_signaling,87.827,0.6707,False,defense_signaling,88.504,0.6782,False,defense_signaling,XP_002276461.1 protein NAP1 [Vitis vinifera],2.441,3.118
XP_019081750.1,False,31.948,-0.0289,False,defense_signaling,33.658,0.0078,False,defense_signaling,35.057,0.0374,False,defense_signaling,XP_019081750.1 uncharacterized protein LOC100266678 isoform X6 [Vitis vinifera],1.71,3.109
XP_019082023.2,False,45.587,0.215,False,defense_signaling,49.943,0.1892,False,defense_signaling,48.609,0.2068,False,defense_signaling,XP_019082023.2 formin-like protein 20 isoform X2 [Vitis vinifera],4.356,3.022
XP_010651715.1,False,95.101,0.7621,False,defense_signaling,99.017,1.0342,True,antimicrobial,98.107,1.2483,False,cell_death_HR,"XP_010651715.1 alpha-glucan water dikinase, chloroplastic isoform X1 [Vitis vinifera]",3.916,3.006
XP_059595691.1,False,95.101,0.7621,False,defense_signaling,99.017,1.0342,True,antimicrobial,98.107,1.2483,False,cell_death_HR,"XP_059595691.1 alpha-glucan water dikinase, chloroplastic isoform X1 [Vitis vinifera]",3.916,3.006
XP_002284204.1,False,95.987,0.981,False,antimicrobial,98.591,1.0089,False,antimicrobial,98.986,1.0307,False,antimicrobial,XP_002284204.1 ABC transporter A family member 1 isoform X1 [Vitis vinifera],2.604,2.999
XP_059595312.1,False,95.987,0.981,False,antimicrobial,98.591,1.0089,False,antimicrobial,98.986,1.0307,False,antimicrobial,XP_059595312.1 ABC transporter A family member 1 isoform X1 [Vitis vinifera],2.604,2.999
XP_019080576.1,False,61.609,0.4036,False,defense_signaling,63.413,0.4222,False,defense_signaling,64.607,0.4342,False,defense_signaling,XP_019080576.1 protein ALWAYS EARLY 2 isoform X2 [Vitis vinifera],1.804,2.998
XP_059597245.1,False,95.714,0.8347,False,RLK_defense,97.438,1.0555,False,RLK_defense,98.689,1.2619,False,RLK_defense,XP_059597245.1 uncharacterized protein LOC100264794 isoform X1 [Vitis vinifera],1.724,2.975
XP_002270485.1,False,95.157,0.7628,False,defense_signaling,99.043,1.0334,True,antimicrobial,98.107,1.2483,False,cell_death_HR,"XP_002270485.1 alpha-glucan water dikinase, chloroplastic isoform X2 [Vitis vinifera]",3.886,2.95
XP_059597246.1,False,95.752,0.8358,False,RLK_defense,97.487,1.0655,False,RLK_defense,98.689,1.2619,False,RLK_defense,XP_059597246.1 uncharacterized protein LOC100264794 isoform X2 [Vitis vinifera],1.735,2.937
XP_002279640.2,False,93.969,1.0446,False,cell_death_HR,95.977,1.1288,False,cell_death_HR,96.863,1.172,False,cell_death_HR,XP_002279640.2 protein transport protein SEC24 C isoform X2 [Vitis vinifera],2.008,2.894
XP_010644340.1,False,93.969,1.0446,False,cell_death_HR,95.977,1.1288,False,cell_death_HR,96.863,1.172,False,cell_death_HR,XP_010644340.1 protein transport protein SEC24 C isoform X2 [Vitis vinifera],2.008,2.894
XP_010658406.1,False,54.752,0.3241,False,defense_signaling,56.884,0.3466,False,defense_signaling,57.642,0.3544,False,defense_signaling,XP_010658406.1 uncharacterized protein LOC104881115 [Vitis vinifera],2.132,2.89
XP_002279336.2,False,90.421,0.8937,False,antimicrobial,93.254,0.9552,False,antimicrobial,93.308,0.9553,False,antimicrobial,XP_002279336.2 putative multidrug resistance protein [Vitis vinifera],2.833,2.887
XP_010663836.1,False,83.803,0.6297,False,defense_signaling,85.47,0.6475,False,defense_signaling,86.69,0.6588,False,defense_signaling,XP_010663836.1 SUPPRESSOR OF ABI3-5 isoform X1 [Vitis vinifera],1.667,2.887
XP_010651317.1,False,84.056,0.632,False,defense_signaling,86.751,0.6595,False,defense_signaling,86.938,0.6728,False,NBS_LRR,XP_010651317.1 putative E3 ubiquitin-protein ligase LIN-1 isoform X1 [Vitis vinifera],2.695,2.882
XP_019076368.1,False,84.056,0.632,False,defense_signaling,86.751,0.6595,False,defense_signaling,86.938,0.6728,False,NBS_LRR,XP_019076368.1 putative E3 ubiquitin-protein ligase LIN-1 isoform X1 [Vitis vinifera],2.695,2.882
XP_059591348.1,False,12.685,-0.6907,False,defense_signaling,14.223,-0.5919,False,defense_signaling,15.562,-0.5248,False,defense_signaling,XP_059591348.1 uncharacterized protein LOC100246901 isoform X4 [Vitis vinifera],1.538,2.877
XP_059590911.1,False,53.694,0.3115,False,defense_signaling,55.621,0.3319,False,defense_signaling,56.559,0.3418,False,defense_signaling,XP_059590911.1 protein GIGANTEA isoform X1 [Vitis vinifera],1.927,2.865
XP_059590913.1,False,53.694,0.3115,False,defense_signaling,55.621,0.3319,False,defense_signaling,56.559,0.3418,False,defense_signaling,XP_059590913.1 protein GIGANTEA isoform X1 [Vitis vinifera],1.927,2.865
XP_059590912.1,False,53.694,0.3115,False,defense_signaling,55.621,0.3319,False,defense_signaling,56.559,0.3418,False,defense_signaling,XP_059590912.1 protein GIGANTEA isoform X1 [Vitis vinifera],1.927,2.865
XP_059597366.1,False,81.94,0.6108,False,defense_signaling,88.809,0.6818,False,defense_signaling,84.741,0.6388,False,defense_signaling,XP_059597366.1 separase isoform X3 [Vitis vinifera],6.869,2.801
XP_019072103.1,False,47.566,0.2394,False,defense_signaling,49.495,0.2591,False,defense_signaling,50.364,0.2688,False,defense_signaling,XP_019072103.1 uncharacterized protein LOC100245365 isoform X3 [Vitis vinifera],1.929,2.798
XP_010660172.1,False,96.481,0.783,False,defense_signaling,99.786,0.9032,True,defense_signaling,99.276,0.9142,True,antimicrobial,XP_010660172.1 protein CHROMATIN REMODELING 20 isoform X2 [Vitis vinifera],3.305,2.795
XP_010660170.1,False,96.481,0.783,False,defense_signaling,99.792,0.9039,True,defense_signaling,99.258,0.919,True,antimicrobial,XP_010660170.1 protein CHROMATIN REMODELING 20 isoform X1 [Vitis vinifera],3.311,2.777
XP_010660171.1,False,96.481,0.783,False,defense_signaling,99.792,0.9039,True,defense_signaling,99.258,0.919,True,antimicrobial,XP_010660171.1 protein CHROMATIN REMODELING 20 isoform X1 [Vitis vinifera],3.311,2.777
XP_010648046.1,False,86.895,0.6633,False,defense_signaling,90.512,0.6999,False,defense_signaling,89.663,0.69,False,defense_signaling,XP_010648046.1 rDNA transcriptional regulator pol5 [Vitis vinifera],3.617,2.768
XP_059590259.1,False,26.59,-0.1575,False,defense_signaling,28.994,-0.0943,False,defense_signaling,29.274,-0.0866,False,defense_signaling,XP_059590259.1 uncharacterized protein LOC100243800 isoform X5 [Vitis vinifera],2.404,2.684
XP_059598826.1,False,58.586,0.3707,False,defense_signaling,60.203,0.3856,False,defense_signaling,61.251,0.396,False,defense_signaling,XP_059598826.1 protein ALWAYS EARLY 2 isoform X3 [Vitis vinifera],1.617,2.665
XP_019080577.1,False,58.586,0.3707,False,defense_signaling,60.203,0.3856,False,defense_signaling,61.251,0.396,False,defense_signaling,XP_019080577.1 protein ALWAYS EARLY 2 isoform X3 [Vitis vinifera],1.617,2.665
XP_010656297.1,False,96.655,0.7854,False,defense_signaling,99.188,0.8648,True,defense_signaling,99.306,0.9166,True,RLK_defense,XP_010656297.1 putative E3 ubiquitin-protein ligase LIN-1 isoform X1 [Vitis vinifera],2.533,2.651
XP_002269759.2,False,36.527,0.0647,False,defense_signaling,42.436,0.1648,False,defense_signaling,39.16,0.112,False,defense_signaling,XP_002269759.2 histone-lysine N-methyltransferase SUVR5 [Vitis vinifera],5.909,2.633
XP_010649212.1,False,36.527,0.0647,False,defense_signaling,42.436,0.1648,False,defense_signaling,39.16,0.112,False,defense_signaling,XP_010649212.1 histone-lysine N-methyltransferase SUVR5 [Vitis vinifera],5.909,2.633
XP_010655626.1,False,51.722,0.1716,False,defense_signaling,47.876,0.2403,False,defense_signaling,54.33,0.2209,False,defense_signaling,XP_010655626.1 pre-mRNA-processing factor 39-2 isoform X1 [Vitis vinifera],-3.846,2.608
XP_010655627.1,False,51.722,0.1716,False,defense_signaling,48.068,0.2425,False,defense_signaling,54.33,0.2261,False,defense_signaling,XP_010655627.1 pre-mRNA-processing factor 39-2 isoform X2 [Vitis vinifera],-3.654,2.608
XP_010656700.1,False,76.671,0.5591,False,defense_signaling,78.746,0.5765,False,defense_signaling,79.27,0.5811,False,defense_signaling,XP_010656700.1 auxin response factor 19 [Vitis vinifera],2.075,2.599
XP_010663841.1,False,83.936,0.6309,False,defense_signaling,85.45,0.6473,False,defense_signaling,86.518,0.6568,False,defense_signaling,XP_010663841.1 SUPPRESSOR OF ABI3-5 isoform X2 [Vitis vinifera],1.514,2.582
XP_059593937.1,False,94.417,0.9364,False,antimicrobial,96.234,0.9382,False,antimicrobial,96.953,0.9299,False,antimicrobial,XP_059593937.1 uncharacterized protein LOC100245180 isoform X2 [Vitis vinifera],1.817,2.536
XP_059594461.1,False,92.515,0.9403,False,antimicrobial,94.656,0.9954,False,antimicrobial,95.042,1.0034,False,antimicrobial,XP_059594461.1 uncharacterized protein LOC116803646 [Vitis vinifera],2.141,2.527
XP_059594462.1,False,92.515,0.9403,False,antimicrobial,94.656,0.9954,False,antimicrobial,95.042,1.0034,False,antimicrobial,XP_059594462.1 uncharacterized protein LOC116803646 [Vitis vinifera],2.141,2.527
XP_059594463.1,False,92.515,0.9403,False,antimicrobial,94.656,0.9954,False,antimicrobial,95.042,1.0034,False,antimicrobial,XP_059594463.1 uncharacterized protein LOC116803646 [Vitis vinifera],2.141,2.527
XP_059594464.1,False,92.515,0.9403,False,antimicrobial,94.656,0.9954,False,antimicrobial,95.042,1.0034,False,antimicrobial,XP_059594464.1 uncharacterized protein LOC116803646 [Vitis vinifera],2.141,2.527
XP_002277547.1,False,88.238,0.8491,False,antimicrobial,91.256,0.9132,False,antimicrobial,90.744,0.9023,False,antimicrobial,XP_002277547.1 ABC transporter B family member 2 [Vitis vinifera],3.018,2.506
XP_002276495.1,False,66.445,0.3617,False,defense_signaling,67.476,0.3771,False,defense_signaling,68.941,0.3847,False,NBS_LRR,XP_002276495.1 uncharacterized protein LOC100265170 isoform X1 [Vitis vinifera],1.031,2.496
XP_010657887.1,False,88.3,0.8504,False,antimicrobial,91.142,0.9109,False,antimicrobial,90.786,0.9029,False,antimicrobial,XP_010657887.1 uncharacterized protein LOC100257035 isoform X1 [Vitis vinifera],2.842,2.486
XP_059591589.1,False,2.377,-2.1485,False,NBS_LRR,3.283,-1.7368,False,NBS_LRR,4.841,-1.3549,False,NBS_LRR,XP_059591589.1 uncharacterized protein LOC100260067 isoform X1 [Vitis vinifera],0.906,2.464
XP_010656473.1,False,86.456,0.6577,False,defense_signaling,87.921,0.6717,False,defense_signaling,88.908,0.6822,False,defense_signaling,XP_010656473.1 uncharacterized protein LOC104880667 isoform X2 [Vitis vinifera],1.465,2.452
XP_002280049.2,False,89.687,0.6924,False,defense_signaling,92.884,0.7723,False,PR_proteins,92.133,0.8532,False,PR_proteins,XP_002280049.2 DEAD-box ATP-dependent RNA helicase 42 [Vitis vinifera],3.197,2.446
XP_010645588.1,False,89.687,0.6924,False,defense_signaling,92.884,0.7723,False,PR_proteins,92.133,0.8532,False,PR_proteins,XP_010645588.1 DEAD-box ATP-dependent RNA helicase 42 [Vitis vinifera],3.197,2.446
XP_019080446.1,False,88.583,0.6812,False,defense_signaling,90.938,0.7044,False,defense_signaling,91.027,0.7054,False,defense_signaling,XP_019080446.1 uncharacterized protein LOC100264068 isoform X3 [Vitis vinifera],2.355,2.444
XP_019077710.1,False,95.62,0.769,False,defense_signaling,97.44,0.802,False,defense_signaling,98.056,0.8151,False,defense_signaling,XP_019077710.1 uncharacterized protein LOC100251525 isoform X1 [Vitis vinifera],1.82,2.436
XP_059597247.1,False,95.714,0.8347,False,RLK_defense,97.29,1.0199,False,RLK_defense,98.147,1.199,False,RLK_defense,XP_059597247.1 uncharacterized protein LOC100264794 isoform X3 [Vitis vinifera],1.576,2.433
XP_002280735.1,False,94.583,1.0088,False,cell_death_HR,95.932,1.0368,False,cell_death_HR,97.015,1.0631,False,antimicrobial,XP_002280735.1 DNA damage-binding protein 1 [Vitis vinifera],1.349,2.432
XP_010660133.2,False,72.723,0.4473,False,NBS_LRR,73.799,0.4557,False,NBS_LRR,75.143,0.4764,False,NBS_LRR,"XP_010660133.2 pentatricopeptide repeat-containing protein At4g31850, chloroplastic [Vitis vinifera]",1.076,2.42
XP_010658537.1,False,96.035,1.0349,False,antimicrobial,98.309,1.1233,False,antimicrobial,98.454,1.1328,False,antimicrobial,"XP_010658537.1 probable phosphoribosylformylglycinamidine synthase, chloroplastic/mitochondrial [Vitis vinifera]",2.274,2.419
XP_002273835.2,False,33.631,0.007,False,defense_signaling,34.886,0.0332,False,defense_signaling,36.036,0.054,False,defense_signaling,XP_002273835.2 protein BREAST CANCER SUSCEPTIBILITY 1 homolog [Vitis vinifera],1.255,2.405
XP_010658540.1,False,89.374,0.6894,False,defense_signaling,90.97,0.7045,False,defense_signaling,91.777,0.714,False,defense_signaling,XP_010658540.1 pumilio homolog 2 isoform X1 [Vitis vinifera],1.596,2.403
XP_010652793.1,False,74.705,0.5408,False,defense_signaling,76.942,0.5585,False,defense_signaling,77.093,0.5597,False,defense_signaling,XP_010652793.1 filament-like plant protein 7 isoform X1 [Vitis vinifera],2.237,2.388
XP_010649078.1,False,71.043,0.4504,False,defense_signaling,64.324,0.4314,False,defense_signaling,73.383,0.4494,False,NBS_LRR,XP_010649078.1 zinc finger CCCH domain-containing protein 44 [Vitis vinifera],-6.719,2.34
XP_010649488.1,False,91.414,0.8748,False,antimicrobial,93.206,0.8634,False,antimicrobial,93.749,0.868,False,antimicrobial,XP_010649488.1 uncharacterized protein LOC100267050 isoform X2 [Vitis vinifera],1.792,2.335
XP_010649487.1,False,91.414,0.8748,False,antimicrobial,93.206,0.8634,False,antimicrobial,93.749,0.868,False,antimicrobial,XP_010649487.1 uncharacterized protein LOC100267050 isoform X2 [Vitis vinifera],1.792,2.335
XP_010657508.1,False,86.395,0.6571,False,defense_signaling,89.144,0.6853,False,defense_signaling,88.706,0.6799,False,defense_signaling,XP_010657508.1 uncharacterized protein LOC100254633 [Vitis vinifera],2.749,2.311
XP_010648400.1,False,85.89,0.8272,False,cell_death_HR,91.32,0.9575,False,cell_death_HR,88.194,0.8785,False,cell_death_HR,XP_010648400.1 endoribonuclease Dicer homolog 3a isoform X1 [Vitis vinifera],5.43,2.304
XP_019077711.1,False,95.62,0.769,False,defense_signaling,97.364,0.8001,False,defense_signaling,97.923,0.8124,False,defense_signaling,XP_019077711.1 uncharacterized protein LOC100251525 isoform X2 [Vitis vinifera],1.744,2.303
XP_002270338.2,False,95.986,1.2826,False,NBS_LRR,97.778,1.4597,False,NBS_LRR,98.283,1.5225,False,NBS_LRR,XP_002270338.2 uncharacterized protein LOC100248775 isoform X1 [Vitis vinifera],1.792,2.297
XP_010659968.1,False,95.996,1.2841,False,NBS_LRR,97.906,1.4655,False,NBS_LRR,98.283,1.5225,False,NBS_LRR,XP_010659968.1 uncharacterized protein LOC100248775 isoform X3 [Vitis vinifera],1.91,2.287
XP_059598639.1,False,88.033,0.793,False,NBS_LRR,89.847,0.8395,False,NBS_LRR,90.295,0.8582,False,NBS_LRR,XP_059598639.1 uncharacterized protein LOC100854480 isoform X1 [Vitis vinifera],1.814,2.262
XP_010660082.1,False,88.033,0.793,False,NBS_LRR,89.847,0.8395,False,NBS_LRR,90.295,0.8582,False,NBS_LRR,XP_010660082.1 uncharacterized protein LOC100854480 isoform X1 [Vitis vinifera],1.814,2.262
XP_010658260.1,False,95.79,0.7714,False,defense_signaling,92.518,0.9747,False,cell_death_HR,98.051,1.2455,False,cell_death_HR,XP_010658260.1 anaphase-promoting complex subunit 1 isoform X2 [Vitis vinifera],-3.272,2.261
XP_002281492.1,False,38.019,0.0939,False,defense_signaling,40.434,0.1349,False,defense_signaling,40.276,0.1321,False,defense_signaling,XP_002281492.1 uncharacterized protein LOC100267647 [Vitis vinifera],2.415,2.257
XP_019077712.1,False,95.62,0.769,False,defense_signaling,97.293,0.7989,False,defense_signaling,97.874,0.8112,False,defense_signaling,XP_019077712.1 uncharacterized protein LOC100251525 isoform X3 [Vitis vinifera],1.673,2.254
XP_010661927.1,False,54.843,0.3253,False,defense_signaling,54.405,0.3165,False,defense_signaling,57.068,0.3176,False,defense_signaling,XP_010661927.1 histone-lysine N-methyltransferase ATX4 isoform X1 [Vitis vinifera],-0.438,2.225
XP_002282028.2,False,94.417,0.9364,False,antimicrobial,96.306,0.8968,False,antimicrobial,96.636,0.9299,False,antimicrobial,XP_002282028.2 uncharacterized protein LOC100245180 isoform X1 [Vitis vinifera],1.889,2.219
XP_059596070.1,False,44.192,0.1937,False,defense_signaling,45.971,0.2163,False,defense_signaling,46.406,0.2209,False,defense_signaling,XP_059596070.1 pre-mRNA-processing factor 39-2 isoform X3 [Vitis vinifera],1.779,2.214
XP_010644644.1,False,95.971,0.775,False,defense_signaling,97.736,0.8094,False,defense_signaling,98.181,0.8178,False,defense_signaling,XP_010644644.1 proteasome activator subunit 4 [Vitis vinifera],1.765,2.21
XP_059599419.1,False,84.333,0.7718,False,antimicrobial,86.036,0.8056,False,antimicrobial,86.538,0.8162,False,antimicrobial,XP_059599419.1 ABC transporter B family member 1 [Vitis vinifera],1.703,2.205
XP_059591264.1,False,90.535,0.896,False,antimicrobial,92.695,0.9436,False,antimicrobial,92.737,0.9433,False,antimicrobial,XP_059591264.1 LOW QUALITY PROTEIN: ABC transporter C family member 3-like [Vitis vinifera],2.16,2.202
XP_059597450.1,False,89.374,0.6894,False,defense_signaling,91.408,0.7098,False,defense_signaling,91.561,0.7113,False,defense_signaling,XP_059597450.1 pumilio homolog 2 isoform X2 [Vitis vinifera],2.034,2.187
XP_002275969.2,False,90.722,0.9012,False,antimicrobial,93.227,0.9547,False,antimicrobial,92.907,0.9475,False,antimicrobial,XP_002275969.2 putative multidrug resistance protein [Vitis vinifera],2.505,2.185
XP_059590244.1,False,47.561,0.2394,False,defense_signaling,49.195,0.2549,False,defense_signaling,49.715,0.2606,False,defense_signaling,XP_059590244.1 uncharacterized protein LOC100245365 isoform X4 [Vitis vinifera],1.634,2.154
XP_010658259.1,False,95.79,0.7714,False,defense_signaling,92.69,0.9639,False,cell_death_HR,97.941,1.2376,False,cell_death_HR,XP_010658259.1 anaphase-promoting complex subunit 1 isoform X1 [Vitis vinifera],-3.1,2.151
XP_002280900.1,False,82.265,0.6267,False,NBS_LRR,83.946,0.648,False,NBS_LRR,84.414,0.6569,False,NBS_LRR,XP_002280900.1 uncharacterized protein LOC100248030 [Vitis vinifera],1.681,2.149
XP_019079246.1,False,82.647,0.6348,False,NBS_LRR,84.697,0.6654,False,NBS_LRR,84.793,0.6676,False,NBS_LRR,XP_019079246.1 protein ENHANCED DOWNY MILDEW 2 isoform X6 [Vitis vinifera],2.05,2.146
XP_010648401.1,False,86.171,0.8334,False,cell_death_HR,91.723,0.9682,False,cell_death_HR,88.312,0.8818,False,cell_death_HR,XP_010648401.1 endoribonuclease Dicer homolog 3a isoform X2 [Vitis vinifera],5.552,2.141
XP_010660548.1,False,94.445,0.7517,False,defense_signaling,96.783,0.7883,False,defense_signaling,96.582,0.7833,False,defense_signaling,XP_010660548.1 uncharacterized protein LOC100251481 isoform X1 [Vitis vinifera],2.338,2.137
XP_002265992.3,False,13.578,-0.8611,False,cell_death_HR,14.818,-0.7958,False,cell_death_HR,15.702,-0.747,False,cell_death_HR,XP_002265992.3 uncharacterized protein LOC100266627 [Vitis vinifera],1.24,2.124
XP_010664409.1,False,92.7,0.7278,False,defense_signaling,96.013,0.7744,False,defense_signaling,94.817,0.756,False,defense_signaling,XP_010664409.1 kinesin-like protein KIN-4C [Vitis vinifera],3.313,2.117
XP_010664410.1,False,92.7,0.7278,False,defense_signaling,96.013,0.7744,False,defense_signaling,94.817,0.756,False,defense_signaling,XP_010664410.1 kinesin-like protein KIN-4C [Vitis vinifera],3.313,2.117
XP_019072115.1,False,92.7,0.7278,False,defense_signaling,96.013,0.7744,False,defense_signaling,94.817,0.756,False,defense_signaling,XP_019072115.1 kinesin-like protein KIN-4C [Vitis vinifera],3.313,2.117
XP_010644517.1,False,95.405,0.7661,False,defense_signaling,97.923,0.8153,False,defense_signaling,97.519,0.8019,False,defense_signaling,XP_010644517.1 kinesin-like protein KIN-12F [Vitis vinifera],2.518,2.114
XP_059598412.1,False,96.033,1.2898,False,NBS_LRR,97.413,1.4052,False,NBS_LRR,98.112,1.4727,False,NBS_LRR,XP_059598412.1 uncharacterized protein LOC104881432 [Vitis vinifera],1.38,2.079
XP_019080667.1,False,96.207,1.3034,False,NBS_LRR,97.957,1.471,False,NBS_LRR,98.283,1.5225,False,NBS_LRR,XP_019080667.1 uncharacterized protein LOC100248775 isoform X2 [Vitis vinifera],1.75,2.076
XP_002272110.1,False,83.961,0.6713,False,cell_death_HR,85.9,0.6965,False,NBS_LRR,86.033,0.7011,False,NBS_LRR,XP_002272110.1 protein SMAX1-LIKE 6 [Vitis vinifera],1.939,2.072
XP_002283191.1,False,89.548,0.6913,False,defense_signaling,90.916,0.7041,False,defense_signaling,91.613,0.7119,False,defense_signaling,XP_002283191.1 pumilio homolog 2 isoform X2 [Vitis vinifera],1.368,2.065
XP_059595484.1,False,95.62,0.769,False,defense_signaling,97.15,0.7956,False,defense_signaling,97.669,0.8055,False,defense_signaling,XP_059595484.1 uncharacterized protein LOC100251525 isoform X4 [Vitis vinifera],1.53,2.049
XP_059591539.1,False,93.969,1.0446,False,cell_death_HR,95.52,1.1068,False,cell_death_HR,95.987,1.13,False,cell_death_HR,XP_059591539.1 protein transport protein SEC24 C isoform X1 [Vitis vinifera],1.551,2.018
XP_010656896.1,False,79.952,0.5889,False,cell_death_HR,81.766,0.5981,False,NBS_LRR,81.97,0.6012,False,NBS_LRR,XP_010656896.1 protein SMAX1-LIKE 4 [Vitis vinifera],1.814,2.018
XP_059591540.1,False,93.969,1.0446,False,cell_death_HR,95.52,1.1068,False,cell_death_HR,95.987,1.13,False,cell_death_HR,XP_059591540.1 protein transport protein SEC24 C isoform X1 [Vitis vinifera],1.551,2.018
XP_010650999.1,False,89.402,0.6896,False,defense_signaling,90.759,0.7022,False,defense_signaling,91.408,0.7095,False,defense_signaling,XP_010650999.1 pumilio homolog 2 isoform X1 [Vitis vinifera],1.357,2.006
XP_002276115.1,False,93.893,0.9689,False,antimicrobial,95.126,1.0094,False,antimicrobial,95.891,1.0274,False,antimicrobial,XP_002276115.1 phospholipid-transporting ATPase 2 [Vitis vinifera],1.233,1.998
XP_019079161.1,False,93.893,0.9689,False,antimicrobial,95.126,1.0094,False,antimicrobial,95.891,1.0274,False,antimicrobial,XP_019079161.1 phospholipid-transporting ATPase 2 [Vitis vinifera],1.233,1.998
XP_010654444.1,False,79.29,0.5631,False,NBS_LRR,73.959,0.5302,False,defense_signaling,81.283,0.5886,False,NBS_LRR,XP_010654444.1 uncharacterized protein LOC100267761 [Vitis vinifera],-5.331,1.993
XP_010660609.1,False,47.436,0.238,False,defense_signaling,48.811,0.2501,False,defense_signaling,49.417,0.2568,False,defense_signaling,XP_010660609.1 protein LONGIFOLIA 1 isoform X1 [Vitis vinifera],1.375,1.981
XP_059598369.1,False,96.375,1.3245,False,NBS_LRR,98.056,1.4827,False,NBS_LRR,98.356,1.5384,False,NBS_LRR,XP_059598369.1 uncharacterized protein LOC132252544 [Vitis vinifera],1.681,1.981
XP_002276746.2,False,97.288,1.0184,False,RLK_defense,98.176,1.2037,False,RLK_defense,99.257,1.3343,True,RLK_defense,XP_002276746.2 leucine-rich repeat receptor protein kinase EMS1 [Vitis vinifera],0.888,1.969
XP_059591820.1,False,1.5,-2.9019,False,NBS_LRR,2.317,-2.2431,False,NBS_LRR,3.454,-1.6786,False,NBS_LRR,XP_059591820.1 uncharacterized protein LOC100852549 [Vitis vinifera],0.817,1.954
XP_059591823.1,False,1.5,-2.9019,False,NBS_LRR,2.317,-2.2431,False,NBS_LRR,3.454,-1.6786,False,NBS_LRR,XP_059591823.1 uncharacterized protein LOC100852549 [Vitis vinifera],0.817,1.954
XP_059591824.1,False,1.5,-2.9019,False,NBS_LRR,2.317,-2.2431,False,NBS_LRR,3.454,-1.6786,False,NBS_LRR,XP_059591824.1 uncharacterized protein LOC100852549 [Vitis vinifera],0.817,1.954
XP_059591825.1,False,1.5,-2.9019,False,NBS_LRR,2.317,-2.2431,False,NBS_LRR,3.454,-1.6786,False,NBS_LRR,XP_059591825.1 uncharacterized protein LOC100852549 [Vitis vinifera],0.817,1.954
XP_059591819.1,False,1.5,-2.9019,False,NBS_LRR,2.317,-2.2431,False,NBS_LRR,3.454,-1.6786,False,NBS_LRR,XP_059591819.1 uncharacterized protein LOC100852549 [Vitis vinifera],0.817,1.954
XP_059591818.1,False,1.5,-2.9019,False,NBS_LRR,2.317,-2.2431,False,NBS_LRR,3.454,-1.6786,False,NBS_LRR,XP_059591818.1 uncharacterized protein LOC100852549 [Vitis vinifera],0.817,1.954
XP_059591817.1,False,1.5,-2.9019,False,NBS_LRR,2.317,-2.2431,False,NBS_LRR,3.454,-1.6786,False,NBS_LRR,XP_059591817.1 uncharacterized protein LOC100852549 [Vitis vinifera],0.817,1.954
XP_059591816.1,False,1.5,-2.9019,False,NBS_LRR,2.317,-2.2431,False,NBS_LRR,3.454,-1.6786,False,NBS_LRR,XP_059591816.1 uncharacterized protein LOC100852549 [Vitis vinifera],0.817,1.954
XP_059591822.1,False,1.5,-2.9019,False,NBS_LRR,2.317,-2.2431,False,NBS_LRR,3.454,-1.6786,False,NBS_LRR,XP_059591822.1 uncharacterized protein LOC100852549 [Vitis vinifera],0.817,1.954
XP_059591821.1,False,1.5,-2.9019,False,NBS_LRR,2.317,-2.2431,False,NBS_LRR,3.454,-1.6786,False,NBS_LRR,XP_059591821.1 uncharacterized protein LOC100852549 [Vitis vinifera],0.817,1.954
XP_059598350.1,False,95.823,1.2625,False,NBS_LRR,97.084,1.3609,False,NBS_LRR,97.775,1.4247,False,NBS_LRR,XP_059598350.1 uncharacterized protein LOC104881433 isoform X1 [Vitis vinifera],1.261,1.952
XP_010652815.1,False,45.394,0.2123,False,defense_signaling,46.374,0.2216,False,defense_signaling,47.331,0.2324,False,defense_signaling,XP_010652815.1 uncharacterized protein LOC100266406 [Vitis vinifera],0.98,1.937
XP_010652813.1,False,45.394,0.2123,False,defense_signaling,46.374,0.2216,False,defense_signaling,47.331,0.2324,False,defense_signaling,XP_010652813.1 uncharacterized protein LOC100266406 [Vitis vinifera],0.98,1.937
XP_010658166.1,False,32.863,-0.0091,False,defense_signaling,34.589,0.0269,False,defense_signaling,34.783,0.0321,False,defense_signaling,XP_010658166.1 uncharacterized protein LOC104881083 [Vitis vinifera],1.726,1.92
XP_010658164.1,False,32.863,-0.0091,False,defense_signaling,34.589,0.0269,False,defense_signaling,34.783,0.0321,False,defense_signaling,XP_010658164.1 uncharacterized protein LOC104881083 [Vitis vinifera],1.726,1.92
XP_010658165.1,False,32.863,-0.0091,False,defense_signaling,34.589,0.0269,False,defense_signaling,34.783,0.0321,False,defense_signaling,XP_010658165.1 uncharacterized protein LOC104881083 [Vitis vinifera],1.726,1.92
XP_019075299.2,False,97.699,1.1131,False,RLK_defense,98.789,1.2727,False,RLK_defense,99.609,1.393,True,RLK_defense,XP_019075299.2 leucine-rich repeat receptor protein kinase MSP1-like [Vitis vinifera],1.09,1.91
XP_059593007.1,False,97.699,1.1131,False,RLK_defense,98.789,1.2727,False,RLK_defense,99.609,1.393,True,RLK_defense,XP_059593007.1 leucine-rich repeat receptor protein kinase MSP1-like [Vitis vinifera],1.09,1.91
XP_059593016.1,False,97.699,1.1131,False,RLK_defense,98.789,1.2727,False,RLK_defense,99.609,1.393,True,RLK_defense,XP_059593016.1 leucine-rich repeat receptor protein kinase MSP1-like [Vitis vinifera],1.09,1.91
XP_059593012.1,False,97.699,1.1131,False,RLK_defense,98.789,1.2727,False,RLK_defense,99.609,1.393,True,RLK_defense,XP_059593012.1 leucine-rich repeat receptor protein kinase MSP1-like [Vitis vinifera],1.09,1.91
XP_059593008.1,False,97.699,1.1131,False,RLK_defense,98.789,1.2727,False,RLK_defense,99.609,1.393,True,RLK_defense,XP_059593008.1 leucine-rich repeat receptor protein kinase MSP1-like [Vitis vinifera],1.09,1.91
XP_059593013.1,False,97.699,1.1131,False,RLK_defense,98.789,1.2727,False,RLK_defense,99.609,1.393,True,RLK_defense,XP_059593013.1 leucine-rich repeat receptor protein kinase MSP1-like [Vitis vinifera],1.09,1.91
XP_059593010.1,False,97.699,1.1131,False,RLK_defense,98.789,1.2727,False,RLK_defense,99.609,1.393,True,RLK_defense,XP_059593010.1 leucine-rich repeat receptor protein kinase MSP1-like [Vitis vinifera],1.09,1.91
XP_059593015.1,False,97.699,1.1131,False,RLK_defense,98.789,1.2727,False,RLK_defense,99.609,1.393,True,RLK_defense,XP_059593015.1 leucine-rich repeat receptor protein kinase MSP1-like [Vitis vinifera],1.09,1.91
XP_059593014.1,False,97.699,1.1131,False,RLK_defense,98.789,1.2727,False,RLK_defense,99.609,1.393,True,RLK_defense,XP_059593014.1 leucine-rich repeat receptor protein kinase MSP1-like [Vitis vinifera],1.09,1.91
XP_059593011.1,False,97.699,1.1131,False,RLK_defense,98.789,1.2727,False,RLK_defense,99.609,1.393,True,RLK_defense,XP_059593011.1 leucine-rich repeat receptor protein kinase MSP1-like [Vitis vinifera],1.09,1.91
XP_059593009.1,False,97.699,1.1131,False,RLK_defense,98.789,1.2727,False,RLK_defense,99.609,1.393,True,RLK_defense,XP_059593009.1 leucine-rich repeat receptor protein kinase MSP1-like [Vitis vinifera],1.09,1.91
XP_010664603.1,False,54.295,0.3187,False,defense_signaling,55.855,0.3344,False,defense_signaling,56.197,0.3373,False,defense_signaling,XP_010664603.1 uncharacterized protein LOC100247210 isoform X1 [Vitis vinifera],1.56,1.902
XP_002273978.2,False,97.536,1.0855,False,RLK_defense,98.545,1.2458,False,RLK_defense,99.402,1.3615,True,RLK_defense,XP_002273978.2 leucine-rich repeat receptor protein kinase EMS1 [Vitis vinifera],1.009,1.866
XP_010663061.1,False,33.546,-0.1183,False,defense_signaling,35.207,-0.0901,False,NBS_LRR,35.399,-0.0872,False,NBS_LRR,XP_010663061.1 protein STICHEL-like 2 isoform X1 [Vitis vinifera],1.661,1.853
XP_010663060.1,False,33.546,-0.1183,False,defense_signaling,35.207,-0.0901,False,NBS_LRR,35.399,-0.0872,False,NBS_LRR,XP_010663060.1 protein STICHEL-like 2 isoform X1 [Vitis vinifera],1.661,1.853
XP_019081881.1,False,34.812,-0.1001,False,defense_signaling,36.698,-0.064,False,NBS_LRR,36.641,-0.0661,False,NBS_LRR,XP_019081881.1 protein STICHEL-like 2 isoform X2 [Vitis vinifera],1.886,1.829
XP_010648195.2,False,20.714,-0.3335,False,defense_signaling,22.022,-0.2856,False,defense_signaling,22.502,-0.2676,False,defense_signaling,XP_010648195.2 uncharacterized protein LOC100256869 [Vitis vinifera],1.308,1.788
XP_002272021.1,False,94.204,0.7487,False,defense_signaling,96.003,0.7741,False,defense_signaling,95.986,0.7727,False,defense_signaling,XP_002272021.1 nuclear pore complex protein NUP133 [Vitis vinifera],1.799,1.782
XP_010647799.1,False,49.105,0.1659,False,cell_death_HR,50.159,0.1824,False,cell_death_HR,50.875,0.193,False,cell_death_HR,XP_010647799.1 uncharacterized protein LOC100260575 [Vitis vinifera],1.054,1.77
XP_010647800.1,False,49.105,0.1659,False,cell_death_HR,50.159,0.1824,False,cell_death_HR,50.875,0.193,False,cell_death_HR,XP_010647800.1 uncharacterized protein LOC100260575 [Vitis vinifera],1.054,1.77
XP_059592656.1,False,93.948,1.1156,False,NBS_LRR,95.518,1.1928,False,NBS_LRR,95.705,1.2033,False,NBS_LRR,XP_059592656.1 disease resistance protein RPM1 [Vitis vinifera],1.57,1.757
XP_010653391.1,False,94.682,0.7546,False,defense_signaling,95.732,0.7703,False,defense_signaling,96.431,0.7801,False,defense_signaling,XP_010653391.1 protein BREAST CANCER SUSCEPTIBILITY 2 homolog B isoform X3 [Vitis vinifera],1.05,1.749
XP_059595131.1,False,46.537,0.1181,False,cell_death_HR,47.994,0.1435,False,cell_death_HR,48.265,0.1475,False,cell_death_HR,XP_059595131.1 protein NRT1/ PTR FAMILY 8.1 [Vitis vinifera],1.457,1.728
XP_059593778.1,False,96.232,0.7783,False,defense_signaling,99.623,0.8868,True,defense_signaling,97.93,1.1036,False,cell_death_HR,XP_059593778.1 protein SPIRRIG isoform X4 [Vitis vinifera],3.391,1.698
XP_010662151.1,False,89.842,0.6855,False,RLK_defense,92.011,0.7203,False,RLK_defense,91.519,0.7091,False,RLK_defense,"XP_010662151.1 pentatricopeptide repeat-containing protein At3g18110, chloroplastic isoform X1 [Vitis vinifera]",2.169,1.677
XP_059598351.1,False,95.823,1.2625,False,NBS_LRR,97.054,1.3528,False,NBS_LRR,97.495,1.4084,False,NBS_LRR,XP_059598351.1 uncharacterized protein LOC104881433 isoform X2 [Vitis vinifera],1.231,1.672
XP_019079317.1,False,98.255,0.8221,False,defense_signaling,99.74,0.8958,True,defense_signaling,99.922,0.9137,True,defense_signaling,XP_019079317.1 ATP-dependent DNA helicase Q-like 4A isoform X1 [Vitis vinifera],1.485,1.667
XP_019079316.1,False,98.255,0.8221,False,defense_signaling,99.74,0.8958,True,defense_signaling,99.922,0.9137,True,defense_signaling,XP_019079316.1 ATP-dependent DNA helicase Q-like 4A isoform X1 [Vitis vinifera],1.485,1.667
XP_059593924.1,False,54.157,0.3169,False,defense_signaling,55.592,0.3317,False,defense_signaling,55.823,0.3334,False,defense_signaling,XP_059593924.1 uncharacterized protein LOC100257191 isoform X2 [Vitis vinifera],1.435,1.666
XP_002278608.2,False,97.682,1.0925,False,antimicrobial,98.723,1.0573,False,antimicrobial,99.348,1.0866,True,antimicrobial,XP_002278608.2 DExH-box ATP-dependent RNA helicase DExH6 [Vitis vinifera],1.041,1.666
XP_010659969.1,False,96.631,1.3569,False,NBS_LRR,97.994,1.4785,False,NBS_LRR,98.283,1.5225,False,NBS_LRR,XP_010659969.1 uncharacterized protein LOC100248775 isoform X4 [Vitis vinifera],1.363,1.652
XP_019077466.1,False,93.956,0.7452,False,defense_signaling,94.915,0.7583,False,defense_signaling,95.602,0.7667,False,defense_signaling,XP_019077466.1 protein BREAST CANCER SUSCEPTIBILITY 2 homolog B isoform X4 [Vitis vinifera],0.959,1.646
XP_019079318.1,False,98.255,0.8221,False,defense_signaling,99.685,0.8915,True,defense_signaling,99.894,0.9103,True,defense_signaling,XP_019079318.1 ATP-dependent DNA helicase Q-like 4A isoform X2 [Vitis vinifera],1.43,1.639
XP_010649732.1,False,69.69,0.4903,False,defense_signaling,70.785,0.4986,False,defense_signaling,71.322,0.5035,False,defense_signaling,XP_010649732.1 PWWP domain-containing protein 1 isoform X1 [Vitis vinifera],1.095,1.632
XP_010649733.1,False,69.69,0.4903,False,defense_signaling,70.785,0.4986,False,defense_signaling,71.322,0.5035,False,defense_signaling,XP_010649733.1 PWWP domain-containing protein 1 isoform X1 [Vitis vinifera],1.095,1.632
XP_019076237.1,False,74.088,0.5346,False,defense_signaling,76.4,0.5536,False,defense_signaling,75.716,0.5393,False,defense_signaling,XP_019076237.1 uncharacterized protein LOC100243375 isoform X1 [Vitis vinifera],2.312,1.628
XP_059595666.1,False,86.277,0.7338,False,NBS_LRR,87.798,0.7573,False,NBS_LRR,87.901,0.7592,False,NBS_LRR,XP_059595666.1 receptor-like protein 14 [Vitis vinifera],1.521,1.624
XP_002279485.2,False,93.882,0.96,False,antimicrobial,94.903,0.9446,False,antimicrobial,95.499,0.9536,False,antimicrobial,XP_002279485.2 protein CTR9 homolog [Vitis vinifera],1.021,1.617
XP_010660611.1,False,47.844,0.2424,False,defense_signaling,49.02,0.2524,False,defense_signaling,49.451,0.2572,False,defense_signaling,XP_010660611.1 protein LONGIFOLIA 1 isoform X2 [Vitis vinifera],1.176,1.607
XP_019076795.1,False,95.59,0.8496,False,antimicrobial,96.677,0.8228,False,antimicrobial,97.194,0.8427,False,antimicrobial,XP_019076795.1 sister-chromatid cohesion protein 3 isoform X1 [Vitis vinifera],1.087,1.604
XP_019078423.1,False,53.918,0.3142,False,defense_signaling,54.922,0.3241,False,defense_signaling,55.508,0.3297,False,defense_signaling,XP_019078423.1 uncharacterized protein LOC100267909 isoform X2 [Vitis vinifera],1.004,1.59
XP_059598352.1,False,95.823,1.2625,False,NBS_LRR,96.983,1.3468,False,NBS_LRR,97.408,1.3936,False,NBS_LRR,XP_059598352.1 uncharacterized protein LOC104881433 isoform X3 [Vitis vinifera],1.16,1.585
XP_010652305.1,False,66.472,0.356,False,defense_signaling,59.126,0.3744,False,defense_signaling,68.04,0.3728,False,NBS_LRR,XP_010652305.1 uncharacterized protein LOC100257191 isoform X1 [Vitis vinifera],-7.346,1.568
XP_059593923.1,False,66.472,0.356,False,defense_signaling,59.126,0.3744,False,defense_signaling,68.04,0.3728,False,NBS_LRR,XP_059593923.1 uncharacterized protein LOC100257191 isoform X1 [Vitis vinifera],-7.346,1.568
XP_059593922.1,False,66.472,0.356,False,defense_signaling,59.126,0.3744,False,defense_signaling,68.04,0.3728,False,NBS_LRR,XP_059593922.1 uncharacterized protein LOC100257191 isoform X1 [Vitis vinifera],-7.346,1.568
XP_019076707.1,False,66.472,0.356,False,defense_signaling,59.126,0.3744,False,defense_signaling,68.04,0.3728,False,NBS_LRR,XP_019076707.1 uncharacterized protein LOC100257191 isoform X1 [Vitis vinifera],-7.346,1.568
XP_010652304.1,False,66.472,0.356,False,defense_signaling,59.126,0.3744,False,defense_signaling,68.04,0.3728,False,NBS_LRR,XP_010652304.1 uncharacterized protein LOC100257191 isoform X1 [Vitis vinifera],-7.346,1.568
XP_002271866.1,False,24.471,-0.218,False,defense_signaling,26.642,-0.1544,False,defense_signaling,26.037,-0.1698,False,defense_signaling,XP_002271866.1 protein HUA2-LIKE 2 isoform X1 [Vitis vinifera],2.171,1.566
XP_002272543.1,False,97.97,0.8151,False,defense_signaling,99.06,0.8568,True,defense_signaling,99.532,0.8731,True,defense_signaling,XP_002272543.1 protein CHROMATIN REMODELING 8 [Vitis vinifera],1.09,1.562
XP_059595467.1,False,88.644,0.6818,False,defense_signaling,89.811,0.6922,False,defense_signaling,90.186,0.6963,False,defense_signaling,XP_059595467.1 MMS19 nucleotide excision repair protein homolog isoform X4 [Vitis vinifera],1.167,1.542
XP_010658092.1,False,97.682,1.5216,False,NBS_LRR,98.693,1.6009,False,NBS_LRR,99.208,1.6782,True,NBS_LRR,XP_010658092.1 uncharacterized protein LOC104881057 [Vitis vinifera],1.011,1.526
XP_010655983.1,False,91.695,0.965,False,cell_death_HR,92.537,0.9947,False,cell_death_HR,93.204,1.0151,False,cell_death_HR,XP_010655983.1 helicase-like transcription factor CHR28 [Vitis vinifera],0.842,1.509
XP_010655985.1,False,91.695,0.965,False,cell_death_HR,92.537,0.9947,False,cell_death_HR,93.204,1.0151,False,cell_death_HR,XP_010655985.1 helicase-like transcription factor CHR28 [Vitis vinifera],0.842,1.509
XP_059598418.1,False,67.602,0.4687,False,defense_signaling,68.138,0.4713,False,defense_signaling,69.111,0.4664,False,defense_signaling,XP_059598418.1 uncharacterized protein LOC100265170 isoform X2 [Vitis vinifera],0.536,1.509
XP_059591055.1,False,85.676,0.6511,False,defense_signaling,76.994,0.5591,False,defense_signaling,87.173,0.6637,False,defense_signaling,XP_059591055.1 uncharacterized protein LOC100264016 isoform X2 [Vitis vinifera],-8.682,1.497
XP_010649143.1,False,92.673,0.9427,False,antimicrobial,93.82,0.9683,False,antimicrobial,94.165,0.9762,False,antimicrobial,XP_010649143.1 uncharacterized protein LOC100242719 isoform X3 [Vitis vinifera],1.147,1.492
XP_059592400.1,False,92.794,0.9444,False,antimicrobial,93.909,0.9709,False,antimicrobial,94.28,0.9797,False,antimicrobial,XP_059592400.1 uncharacterized protein LOC100242719 isoform X4 [Vitis vinifera],1.115,1.486
XP_002274787.1,False,93.301,1.0183,False,cell_death_HR,94.246,1.0561,False,cell_death_HR,94.736,1.073,False,cell_death_HR,"XP_002274787.1 calcium-transporting ATPase 12, plasma membrane-type [Vitis vinifera]",0.945,1.435
XP_002279036.1,False,83.077,0.6448,False,NBS_LRR,84.692,0.6653,False,NBS_LRR,84.51,0.6598,False,NBS_LRR,XP_002279036.1 protein SMAX1-LIKE 6 [Vitis vinifera],1.615,1.433
XP_019079308.1,False,93.18,0.83,False,NBS_LRR,95.184,0.8802,False,NBS_LRR,94.581,0.8576,False,NBS_LRR,XP_019079308.1 putative receptor-like protein kinase At3g47110 [Vitis vinifera],2.004,1.401
XP_010660241.2,False,88.642,0.8149,False,NBS_LRR,91.401,0.9259,False,NBS_LRR,90.035,0.8457,False,NBS_LRR,XP_010660241.2 probable disease resistance protein At1g61310 [Vitis vinifera],2.759,1.393
XP_003632843.2,False,97.214,1.1915,False,cell_death_HR,98.644,1.2961,False,cell_death_HR,98.605,1.2891,False,cell_death_HR,XP_003632843.2 probable phospholipid-transporting ATPase 4 isoform X2 [Vitis vinifera],1.43,1.391
XP_059593948.1,False,81.0,0.7107,False,antimicrobial,82.258,0.7348,False,antimicrobial,82.391,0.7367,False,antimicrobial,XP_059593948.1 structural maintenance of chromosomes protein 1 [Vitis vinifera],1.258,1.391
XP_010653390.1,False,94.125,0.7475,False,defense_signaling,94.969,0.7592,False,defense_signaling,95.504,0.7651,False,defense_signaling,XP_010653390.1 protein BREAST CANCER SUSCEPTIBILITY 2 homolog B isoform X2 [Vitis vinifera],0.844,1.379
XP_059595863.1,False,2.764,-2.0562,False,cell_death_HR,3.482,-1.8957,False,cell_death_HR,4.143,-1.7659,False,cell_death_HR,XP_059595863.1 myosin-1 isoform X2 [Vitis vinifera],0.718,1.379
XP_019077672.1,False,92.287,1.0055,False,NBS_LRR,92.969,1.0106,False,NBS_LRR,93.65,1.0191,False,NBS_LRR,XP_019077672.1 receptor-like protein EIX1 [Vitis vinifera],0.682,1.363
XP_010664219.1,False,91.139,0.9106,False,antimicrobial,96.732,0.7874,False,defense_signaling,92.491,0.9039,False,antimicrobial,XP_010664219.1 sister chromatid cohesion protein PDS5 homolog B isoform X2 [Vitis vinifera],5.593,1.352
XP_059594926.1,False,94.267,0.7495,False,defense_signaling,95.081,0.7609,False,defense_signaling,95.598,0.7667,False,defense_signaling,XP_059594926.1 protein BREAST CANCER SUSCEPTIBILITY 2 homolog B isoform X1 [Vitis vinifera],0.814,1.331
XP_010653389.1,False,94.267,0.7495,False,defense_signaling,95.081,0.7609,False,defense_signaling,95.598,0.7667,False,defense_signaling,XP_010653389.1 protein BREAST CANCER SUSCEPTIBILITY 2 homolog B isoform X1 [Vitis vinifera],0.814,1.331
XP_019082028.1,False,39.94,0.1287,False,defense_signaling,41.05,0.1447,False,defense_signaling,41.237,0.1465,False,defense_signaling,XP_019082028.1 protein LONGIFOLIA 1 [Vitis vinifera],1.11,1.297
XP_002265665.1,False,39.94,0.1287,False,defense_signaling,41.05,0.1447,False,defense_signaling,41.237,0.1465,False,defense_signaling,XP_002265665.1 protein LONGIFOLIA 1 [Vitis vinifera],1.11,1.297
XP_002265191.2,False,98.063,1.1749,False,RLK_defense,98.821,1.2758,False,RLK_defense,99.348,1.3535,True,RLK_defense,XP_002265191.2 LRR receptor-like serine/threonine-protein kinase GSO1 isoform X1 [Vitis vinifera],0.758,1.285
XP_059589695.1,False,33.998,0.0156,False,defense_signaling,34.879,0.033,False,defense_signaling,35.283,0.0413,False,defense_signaling,XP_059589695.1 uncharacterized protein LOC100266678 isoform X7 [Vitis vinifera],0.881,1.285
XP_059590687.1,False,97.431,1.4859,False,NBS_LRR,98.418,1.5569,False,NBS_LRR,98.705,1.6134,False,NBS_LRR,XP_059590687.1 disease resistance protein RPV1 [Vitis vinifera],0.987,1.274
XP_059596423.1,False,95.016,0.9656,False,NBS_LRR,95.673,0.9474,False,NBS_LRR,96.269,0.968,False,NBS_LRR,XP_059596423.1 probable LRR receptor-like serine/threonine-protein kinase At3g47570 [Vitis vinifera],0.657,1.253
XP_010652788.1,False,82.821,0.6205,False,defense_signaling,83.661,0.6261,False,defense_signaling,84.074,0.6299,False,defense_signaling,XP_010652788.1 probable E3 ubiquitin ligase SUD1 isoform X1 [Vitis vinifera],0.84,1.253
XP_019078813.2,False,91.305,0.9434,False,NBS_LRR,91.123,0.9096,False,NBS_LRR,92.55,0.9977,False,NBS_LRR,XP_019078813.2 putative disease resistance protein At3g14460 isoform X1 [Vitis vinifera],-0.182,1.245
XP_010650889.1,False,74.088,0.5346,False,defense_signaling,76.083,0.5503,False,defense_signaling,75.322,0.5323,False,defense_signaling,XP_010650889.1 uncharacterized protein LOC100243375 isoform X2 [Vitis vinifera],1.995,1.234
XP_002284419.2,False,78.588,0.5496,False,NBS_LRR,80.011,0.5633,False,NBS_LRR,79.807,0.5592,False,NBS_LRR,XP_002284419.2 DIS3-like exonuclease 2 [Vitis vinifera],1.423,1.219
XP_010644514.1,False,87.286,0.7666,False,NBS_LRR,86.092,0.6946,False,NBS_LRR,88.492,0.7793,False,NBS_LRR,XP_010644514.1 protein ENHANCED DOWNY MILDEW 2 isoform X3 [Vitis vinifera],-1.194,1.206
XP_010656440.1,False,93.295,0.7362,False,defense_signaling,96.082,0.7752,False,defense_signaling,94.492,0.7502,False,defense_signaling,XP_010656440.1 uncharacterized protein LOC100256021 isoform X1 [Vitis vinifera],2.787,1.197
XP_010664308.1,False,97.508,0.8033,False,defense_signaling,99.849,0.9058,True,defense_signaling,98.689,0.8491,False,antimicrobial,XP_010664308.1 uncharacterized ATP-dependent helicase C29A10.10c isoform X1 [Vitis vinifera],2.341,1.181
XP_059590811.1,False,97.508,0.8033,False,defense_signaling,99.849,0.9058,True,defense_signaling,98.689,0.8491,False,antimicrobial,XP_059590811.1 uncharacterized ATP-dependent helicase C29A10.10c isoform X1 [Vitis vinifera],2.341,1.181
XP_002278365.1,False,82.745,0.6195,False,defense_signaling,83.54,0.6245,False,defense_signaling,83.926,0.6276,False,defense_signaling,XP_002278365.1 probable E3 ubiquitin ligase SUD1 isoform X2 [Vitis vinifera],0.795,1.181
XP_059591330.1,False,87.263,0.7654,False,NBS_LRR,85.988,0.694,False,NBS_LRR,88.439,0.7782,False,NBS_LRR,XP_059591330.1 protein ENHANCED DOWNY MILDEW 2 isoform X4 [Vitis vinifera],-1.275,1.176
XP_059591331.1,False,87.263,0.7654,False,NBS_LRR,85.988,0.694,False,NBS_LRR,88.439,0.7782,False,NBS_LRR,XP_059591331.1 protein ENHANCED DOWNY MILDEW 2 isoform X4 [Vitis vinifera],-1.275,1.176
XP_010653659.1,False,95.376,1.0972,False,cell_death_HR,96.372,1.1507,False,cell_death_HR,96.552,1.1571,False,cell_death_HR,XP_010653659.1 transcription elongation factor SPT6 homolog [Vitis vinifera],0.996,1.176
XP_059595465.1,False,89.511,0.6911,False,defense_signaling,90.704,0.7019,False,defense_signaling,90.685,0.7012,False,defense_signaling,XP_059595465.1 MMS19 nucleotide excision repair protein homolog isoform X2 [Vitis vinifera],1.193,1.174
XP_010658924.1,False,95.875,0.7755,False,antimicrobial,96.803,0.7891,False,defense_signaling,97.047,0.7918,False,defense_signaling,XP_010658924.1 uncharacterized protein LOC100262596 isoform X2 [Vitis vinifera],0.928,1.172
XP_059592399.1,False,93.456,0.9595,False,antimicrobial,94.381,0.9854,False,antimicrobial,94.627,0.9918,False,antimicrobial,XP_059592399.1 uncharacterized protein LOC100242719 isoform X2 [Vitis vinifera],0.925,1.171
XP_010654489.2,False,97.411,1.2022,False,cell_death_HR,98.669,1.299,False,cell_death_HR,98.582,1.2875,False,cell_death_HR,XP_010654489.2 probable phospholipid-transporting ATPase 4 isoform X1 [Vitis vinifera],1.258,1.171
XP_059593598.1,False,98.798,0.8395,False,defense_signaling,99.977,0.9479,True,defense_signaling,99.969,0.9728,True,antimicrobial,XP_059593598.1 protein CHROMATIN REMODELING 5 isoform X1 [Vitis vinifera],1.179,1.171
XP_002275100.1,False,98.798,0.8395,False,defense_signaling,99.977,0.9479,True,defense_signaling,99.969,0.9728,True,antimicrobial,XP_002275100.1 protein CHROMATIN REMODELING 5 isoform X1 [Vitis vinifera],1.179,1.171
XP_010654198.1,False,81.783,0.6146,False,NBS_LRR,75.613,0.4929,False,defense_signaling,82.927,0.6224,False,NBS_LRR,XP_010654198.1 uncharacterized protein LOC100240770 isoform X1 [Vitis vinifera],-6.17,1.144
XP_059589696.1,False,34.144,0.0181,False,defense_signaling,34.924,0.0341,False,defense_signaling,35.283,0.0413,False,defense_signaling,XP_059589696.1 uncharacterized protein LOC100266678 isoform X8 [Vitis vinifera],0.78,1.139
XP_059589694.1,False,34.144,0.0181,False,defense_signaling,34.924,0.0341,False,defense_signaling,35.283,0.0413,False,defense_signaling,XP_059589694.1 uncharacterized protein LOC100266678 isoform X5 [Vitis vinifera],0.78,1.139
XP_010654199.1,False,81.83,0.6156,False,NBS_LRR,75.701,0.4899,False,defense_signaling,82.969,0.6231,False,NBS_LRR,XP_010654199.1 uncharacterized protein LOC100240770 isoform X2 [Vitis vinifera],-6.129,1.139
XP_059593600.1,False,98.837,0.8403,False,defense_signaling,99.982,0.9485,True,defense_signaling,99.969,0.973,True,antimicrobial,XP_059593600.1 protein CHROMATIN REMODELING 5 isoform X2 [Vitis vinifera],1.145,1.132
XP_059593599.1,False,98.837,0.8403,False,defense_signaling,99.982,0.9485,True,defense_signaling,99.969,0.973,True,antimicrobial,XP_059593599.1 protein CHROMATIN REMODELING 5 isoform X2 [Vitis vinifera],1.145,1.132
XP_010655707.1,False,95.945,1.0313,False,antimicrobial,97.71,1.0924,False,antimicrobial,97.075,1.0654,False,antimicrobial,XP_010655707.1 ABC transporter C family member 12 [Vitis vinifera],1.765,1.13
XP_002281070.1,False,95.945,1.0313,False,antimicrobial,97.71,1.0924,False,antimicrobial,97.075,1.0654,False,antimicrobial,XP_002281070.1 ABC transporter C family member 12 [Vitis vinifera],1.765,1.13
XP_019078761.1,False,96.126,1.0374,False,antimicrobial,96.867,1.0601,False,antimicrobial,97.253,1.0711,False,antimicrobial,XP_019078761.1 DNA mismatch repair protein MSH7 isoform X1 [Vitis vinifera],0.741,1.127
XP_010649142.1,False,93.392,0.958,False,antimicrobial,94.307,0.983,False,antimicrobial,94.514,0.9884,False,antimicrobial,XP_010649142.1 uncharacterized protein LOC100242719 isoform X1 [Vitis vinifera],0.915,1.122
XP_059593776.1,False,96.209,0.778,False,defense_signaling,99.857,0.9085,True,defense_signaling,97.328,1.1036,False,cell_death_HR,XP_059593776.1 protein SPIRRIG isoform X1 [Vitis vinifera],3.648,1.119
XP_019073568.1,False,96.209,0.778,False,defense_signaling,99.904,0.9139,True,defense_signaling,97.328,1.106,False,cell_death_HR,XP_019073568.1 protein SPIRRIG isoform X2 [Vitis vinifera],3.695,1.119
XP_003631178.2,False,78.583,0.5888,False,cell_death_HR,75.731,0.5467,False,defense_signaling,79.684,0.5797,False,cell_death_HR,XP_003631178.2 putative 1-phosphatidylinositol-3-phosphate 5-kinase FAB1C [Vitis vinifera],-2.852,1.101
XP_003632587.1,False,98.216,1.1233,False,cell_death_HR,99.276,1.1592,True,cell_death_HR,99.316,1.1226,True,cell_death_HR,XP_003632587.1 regulatory-associated protein of TOR 1 [Vitis vinifera],1.06,1.1
XP_010661447.1,False,97.875,0.8128,False,defense_signaling,99.781,0.9532,True,antimicrobial,98.952,1.1698,False,antimicrobial,XP_010661447.1 DNA replication ATP-dependent helicase/nuclease JHS1 isoform X1 [Vitis vinifera],1.906,1.077
XP_010652081.1,False,95.59,0.8496,False,antimicrobial,96.355,0.8228,False,antimicrobial,96.633,0.8427,False,antimicrobial,XP_010652081.1 sister-chromatid cohesion protein 3 isoform X2 [Vitis vinifera],0.765,1.043
XP_019080415.1,False,84.788,0.6409,False,defense_signaling,87.438,0.6669,False,defense_signaling,85.829,0.6491,False,defense_signaling,XP_019080415.1 uncharacterized protein LOC104881688 [Vitis vinifera],2.65,1.041
XP_002276411.1,False,98.501,0.9146,False,antimicrobial,99.545,0.8819,True,defense_signaling,99.542,0.908,True,antimicrobial,XP_002276411.1 protein TORNADO 1 [Vitis vinifera],1.044,1.041
XP_010657086.1,False,90.296,0.6991,False,defense_signaling,92.74,0.7268,False,defense_signaling,91.332,0.7084,False,defense_signaling,XP_010657086.1 uncharacterized protein LOC100248975 isoform X2 [Vitis vinifera],2.444,1.036
XP_010661448.1,False,97.875,0.8128,False,defense_signaling,99.37,0.8716,True,defense_signaling,98.897,0.8621,False,antimicrobial,XP_010661448.1 DNA replication ATP-dependent helicase/nuclease JHS1 isoform X2 [Vitis vinifera],1.495,1.022
XP_059595466.1,False,89.169,0.6878,False,defense_signaling,90.288,0.697,False,defense_signaling,90.186,0.6963,False,defense_signaling,XP_059595466.1 MMS19 nucleotide excision repair protein homolog isoform X3 [Vitis vinifera],1.119,1.017
XP_059593835.1,False,95.59,0.8496,False,antimicrobial,96.343,0.8245,False,antimicrobial,96.606,0.8427,False,antimicrobial,XP_059593835.1 sister-chromatid cohesion protein 3 isoform X3 [Vitis vinifera],0.753,1.016
XP_059594951.1,False,93.446,0.9595,False,antimicrobial,94.344,0.9842,False,antimicrobial,94.458,0.9864,False,antimicrobial,XP_059594951.1 phospholipid-transporting ATPase 1 [Vitis vinifera],0.898,1.012
XP_059596542.1,False,56.574,0.2917,False,antimicrobial,57.312,0.3036,False,antimicrobial,57.583,0.3075,False,antimicrobial,XP_059596542.1 uncharacterized protein LOC109123359 [Vitis vinifera],0.738,1.009
XP_010656441.1,False,93.295,0.7362,False,defense_signaling,96.018,0.7744,False,defense_signaling,94.303,0.7477,False,defense_signaling,XP_010656441.1 uncharacterized protein LOC100256021 isoform X2 [Vitis vinifera],2.723,1.008
XP_059597112.1,False,82.536,0.7554,False,cell_death_HR,83.284,0.7726,False,cell_death_HR,83.528,0.7752,False,cell_death_HR,XP_059597112.1 uncharacterized protein LOC100253220 [Vitis vinifera],0.748,0.992
XP_019075886.1,False,66.974,0.4626,False,defense_signaling,62.722,0.4134,False,defense_signaling,67.946,0.4686,False,defense_signaling,XP_019075886.1 methyl-CpG-binding domain-containing protein 9 isoform X4 [Vitis vinifera],-4.252,0.972
NP_001306209.1,False,98.314,1.2124,False,RLK_defense,98.861,1.2805,False,RLK_defense,99.284,1.3441,True,RLK_defense,NP_001306209.1 LRR receptor-like serine/threonine-protein kinase FLS2 precursor [Vitis vinifera],0.547,0.97
XP_059598069.1,False,11.719,-0.7627,False,defense_signaling,12.58,-0.696,False,defense_signaling,12.686,-0.693,False,defense_signaling,XP_059598069.1 uncharacterized protein LOC104881089 isoform X1 [Vitis vinifera],0.861,0.967
XP_019071810.1,False,11.719,-0.7627,False,defense_signaling,12.58,-0.696,False,defense_signaling,12.686,-0.693,False,defense_signaling,XP_019071810.1 uncharacterized protein LOC104881089 isoform X2 [Vitis vinifera],0.861,0.967
XP_010658216.1,False,11.719,-0.7627,False,defense_signaling,12.58,-0.696,False,defense_signaling,12.686,-0.693,False,defense_signaling,XP_010658216.1 uncharacterized protein LOC104881089 isoform X1 [Vitis vinifera],0.861,0.967
XP_019071804.1,False,11.719,-0.7627,False,defense_signaling,12.58,-0.696,False,defense_signaling,12.686,-0.693,False,defense_signaling,XP_019071804.1 uncharacterized protein LOC104881089 isoform X2 [Vitis vinifera],0.861,0.967
XP_059593788.1,False,88.647,0.6819,False,defense_signaling,89.609,0.6897,False,defense_signaling,89.599,0.6896,False,defense_signaling,XP_059593788.1 uncharacterized protein LOC100263200 isoform X1 [Vitis vinifera],0.962,0.952
XP_010656338.1,False,96.426,1.0471,False,antimicrobial,97.081,1.0681,False,antimicrobial,97.372,1.0773,False,antimicrobial,XP_010656338.1 DNA mismatch repair protein MSH7 isoform X2 [Vitis vinifera],0.655,0.946
XP_010652340.1,False,89.719,0.9162,False,cell_death_HR,93.772,1.038,False,cell_death_HR,90.656,0.9377,False,cell_death_HR,XP_010652340.1 ABC transporter B family member 11 [Vitis vinifera],4.053,0.937
XP_002273987.1,False,89.719,0.9162,False,cell_death_HR,93.772,1.038,False,cell_death_HR,90.656,0.9377,False,cell_death_HR,XP_002273987.1 ABC transporter B family member 11 [Vitis vinifera],4.053,0.937
XP_010655739.2,False,95.934,0.884,False,NBS_LRR,96.719,0.9509,False,NBS_LRR,96.869,0.9926,False,NBS_LRR,XP_010655739.2 probable LRR receptor-like serine/threonine-protein kinase At3g47570 [Vitis vinifera],0.785,0.935
XP_059593397.1,False,87.298,0.7675,False,NBS_LRR,78.606,0.5754,False,defense_signaling,88.231,0.7698,False,NBS_LRR,XP_059593397.1 helicase protein MOM1 isoform X4 [Vitis vinifera],-8.692,0.933
XP_059596421.1,False,96.321,0.9979,False,NBS_LRR,96.983,1.0305,False,NBS_LRR,97.253,1.0952,False,NBS_LRR,XP_059596421.1 probable LRR receptor-like serine/threonine-protein kinase At3g47570 [Vitis vinifera],0.662,0.932
XP_010657925.2,False,96.949,1.4182,False,NBS_LRR,97.979,1.4727,False,NBS_LRR,97.874,1.4377,False,NBS_LRR,XP_010657925.2 disease resistance protein At4g27190 isoform X2 [Vitis vinifera],1.03,0.925
XP_059597658.1,False,95.627,0.9252,False,antimicrobial,96.618,0.995,False,antimicrobial,96.552,0.973,False,antimicrobial,XP_059597658.1 LOW QUALITY PROTEIN: uncharacterized protein LOC100260321 [Vitis vinifera],0.991,0.925
XP_019074021.1,False,98.356,1.6136,False,NBS_LRR,98.993,1.6509,False,NBS_LRR,99.279,1.6869,True,NBS_LRR,XP_019074021.1 putative disease resistance RPP13-like protein 2 [Vitis vinifera],0.637,0.923
XP_059592788.1,False,1.949,-2.8209,False,defense_signaling,2.331,-2.5068,False,defense_signaling,2.867,-2.2146,False,defense_signaling,XP_059592788.1 uncharacterized protein LOC132253779 [Vitis vinifera],0.382,0.918
XP_010659737.1,False,97.998,1.2411,False,cell_death_HR,98.618,1.2937,False,cell_death_HR,98.904,1.3187,False,cell_death_HR,XP_010659737.1 FACT complex subunit SPT16 [Vitis vinifera],0.62,0.906
XP_002280582.1,False,97.998,1.2411,False,cell_death_HR,98.618,1.2937,False,cell_death_HR,98.904,1.3187,False,cell_death_HR,XP_002280582.1 FACT complex subunit SPT16 [Vitis vinifera],0.62,0.906
XP_010659739.1,False,97.998,1.2411,False,cell_death_HR,98.618,1.2937,False,cell_death_HR,98.904,1.3187,False,cell_death_HR,XP_010659739.1 FACT complex subunit SPT16 [Vitis vinifera],0.62,0.906
XP_059590576.1,False,98.966,1.7361,False,NBS_LRR,99.788,1.7515,True,NBS_LRR,99.872,1.7651,True,NBS_LRR,XP_059590576.1 disease resistance protein RUN1-like [Vitis vinifera],0.822,0.906
XP_010659738.1,False,97.998,1.2411,False,cell_death_HR,98.618,1.2937,False,cell_death_HR,98.904,1.3187,False,cell_death_HR,XP_010659738.1 FACT complex subunit SPT16 [Vitis vinifera],0.62,0.906
XP_019076719.1,False,98.452,1.2271,False,RLK_defense,99.055,1.2987,True,RLK_defense,99.348,1.3535,True,RLK_defense,XP_019076719.1 LRR receptor-like serine/threonine-protein kinase GSO1 isoform X2 [Vitis vinifera],0.603,0.896
XP_010650609.2,False,98.277,1.5974,False,NBS_LRR,98.809,1.6327,False,NBS_LRR,99.158,1.6673,True,NBS_LRR,XP_010650609.2 putative inactive disease susceptibility protein LOV1 [Vitis vinifera],0.532,0.881
XP_002272014.2,False,35.536,-0.011,False,defense_signaling,36.37,-0.0008,False,defense_signaling,36.417,0.0077,False,defense_signaling,XP_002272014.2 pre-mRNA-processing protein 40C isoform X1 [Vitis vinifera],0.834,0.881
XP_059593147.1,False,98.361,1.6151,False,NBS_LRR,98.986,1.6488,False,NBS_LRR,99.232,1.6821,True,NBS_LRR,XP_059593147.1 putative disease resistance RPP13-like protein 2 [Vitis vinifera],0.625,0.871
XP_010644440.1,False,85.676,0.6511,False,defense_signaling,76.87,0.5579,False,defense_signaling,86.546,0.6571,False,defense_signaling,XP_010644440.1 uncharacterized protein LOC100264016 isoform X1 [Vitis vinifera],-8.806,0.87
XP_002265525.3,False,98.984,1.2883,False,RLK_defense,99.527,1.376,True,RLK_defense,99.852,1.4427,True,RLK_defense,XP_002265525.3 receptor-like protein kinase BRI1-like 3 [Vitis vinifera],0.543,0.868
XP_010658463.1,False,90.727,0.941,False,cell_death_HR,93.402,1.0232,False,cell_death_HR,91.593,0.9617,False,cell_death_HR,XP_010658463.1 regulator of nonsense transcripts UPF2 [Vitis vinifera],2.675,0.866
XP_003632391.1,False,97.741,1.1201,False,RLK_defense,98.139,1.1998,False,RLK_defense,98.602,1.2511,False,RLK_defense,XP_003632391.1 MDIS1-interacting receptor like kinase 2 [Vitis vinifera],0.398,0.861
XP_010650656.2,False,98.198,1.5735,False,NBS_LRR,98.757,1.6187,False,NBS_LRR,99.055,1.6592,True,NBS_LRR,XP_010650656.2 probable disease resistance RPP8-like protein 2 [Vitis vinifera],0.559,0.857
XP_010649990.1,False,41.093,0.1481,False,defense_signaling,41.969,0.1585,False,defense_signaling,41.95,0.1562,False,defense_signaling,XP_010649990.1 uncharacterized protein LOC100268093 isoform X2 [Vitis vinifera],0.876,0.857
XP_010650607.2,False,98.366,1.6165,False,NBS_LRR,98.984,1.6479,False,NBS_LRR,99.222,1.6799,True,NBS_LRR,XP_010650607.2 putative disease resistance RPP13-like protein 2 [Vitis vinifera],0.618,0.856
XP_059596163.1,False,97.736,1.1186,False,RLK_defense,98.602,1.2532,False,RLK_defense,98.59,1.2491,False,RLK_defense,XP_059596163.1 uncharacterized protein LOC104877385 [Vitis vinifera],0.866,0.854
XP_010650611.3,False,98.206,1.5751,False,NBS_LRR,98.755,1.6186,False,NBS_LRR,99.048,1.6577,True,NBS_LRR,XP_010650611.3 putative disease resistance RPP13-like protein 2 [Vitis vinifera],0.549,0.842
XP_010660753.1,False,96.296,0.7794,False,defense_signaling,97.113,0.7946,False,defense_signaling,97.133,0.7938,False,defense_signaling,XP_010660753.1 uncharacterized protein LOC104881649 isoform X1 [Vitis vinifera],0.817,0.837
XP_010650657.3,False,98.272,1.5962,False,NBS_LRR,98.804,1.6289,False,NBS_LRR,99.107,1.6612,True,NBS_LRR,XP_010650657.3 probable disease resistance protein At1g58602 [Vitis vinifera],0.532,0.835
XP_010650661.1,False,98.201,1.5735,False,NBS_LRR,98.723,1.6178,False,NBS_LRR,99.028,1.6553,True,NBS_LRR,XP_010650661.1 disease resistance RPP8-like protein 3 [Vitis vinifera],0.522,0.827
XP_002282918.2,False,97.997,0.9395,False,antimicrobial,99.69,0.892,True,defense_signaling,98.819,0.933,False,antimicrobial,XP_002282918.2 CHD3-type chromatin-remodeling factor PICKLE [Vitis vinifera],1.693,0.822
XP_003633418.1,False,94.406,0.9839,False,antimicrobial,94.984,1.0047,False,antimicrobial,95.225,1.0095,False,antimicrobial,XP_003633418.1 cullin-associated NEDD8-dissociated protein 1 [Vitis vinifera],0.578,0.819
XP_010657911.1,False,94.406,0.9839,False,antimicrobial,94.984,1.0047,False,antimicrobial,95.225,1.0095,False,antimicrobial,XP_010657911.1 cullin-associated NEDD8-dissociated protein 1 [Vitis vinifera],0.578,0.819
XP_059597195.1,False,94.406,0.9839,False,antimicrobial,94.984,1.0047,False,antimicrobial,95.225,1.0095,False,antimicrobial,XP_059597195.1 cullin-associated NEDD8-dissociated protein 1 [Vitis vinifera],0.578,0.819
XP_010644272.2,False,97.042,1.1631,False,NBS_LRR,97.541,1.2153,False,NBS_LRR,97.861,1.2279,False,NBS_LRR,XP_010644272.2 uncharacterized protein LOC100267572 [Vitis vinifera],0.499,0.819
XP_003631309.2,False,39.334,-0.0366,False,NBS_LRR,40.626,-0.0022,False,NBS_LRR,40.146,-0.011,False,NBS_LRR,XP_003631309.2 uncharacterized protein LOC100854034 isoform X1 [Vitis vinifera],1.292,0.812
XP_019078215.1,False,61.513,0.4024,False,defense_signaling,62.106,0.4055,False,defense_signaling,62.31,0.4076,False,defense_signaling,XP_019078215.1 polyadenylation and cleavage factor homolog 4 isoform X2 [Vitis vinifera],0.593,0.797
XP_059592757.1,False,11.796,-0.7551,False,defense_signaling,12.178,-0.7227,False,defense_signaling,12.589,-0.6984,False,defense_signaling,XP_059592757.1 uncharacterized protein LOC104879229 [Vitis vinifera],0.382,0.793
XP_019072020.1,False,86.427,0.8124,False,antimicrobial,86.968,0.8247,False,antimicrobial,87.213,0.8299,False,antimicrobial,XP_019072020.1 ABC transporter B family member 13 isoform X2 [Vitis vinifera],0.541,0.786
XP_059592031.1,False,98.23,1.5852,False,NBS_LRR,98.76,1.6195,False,NBS_LRR,99.013,1.6525,True,NBS_LRR,XP_059592031.1 probable disease resistance protein At1g58602 [Vitis vinifera],0.53,0.783
XP_003633961.1,False,97.962,0.8644,False,antimicrobial,98.425,0.8495,False,antimicrobial,98.74,0.8576,False,antimicrobial,XP_003633961.1 uncharacterized protein LOC100249848 isoform X1 [Vitis vinifera],0.463,0.778
XP_019080511.1,False,96.417,0.7818,False,defense_signaling,97.33,0.7997,False,defense_signaling,97.192,0.795,False,defense_signaling,XP_019080511.1 uncharacterized protein LOC100251481 isoform X2 [Vitis vinifera],0.913,0.775
XP_019079391.1,False,96.949,1.4182,False,NBS_LRR,97.77,1.4589,False,NBS_LRR,97.704,1.417,False,NBS_LRR,XP_019079391.1 disease resistance protein At4g27190 isoform X1 [Vitis vinifera],0.821,0.755
XP_019079389.1,False,96.949,1.4182,False,NBS_LRR,97.77,1.4589,False,NBS_LRR,97.704,1.417,False,NBS_LRR,XP_019079389.1 disease resistance protein At4g27190 isoform X1 [Vitis vinifera],0.821,0.755
XP_019079390.1,False,96.949,1.4182,False,NBS_LRR,97.77,1.4589,False,NBS_LRR,97.704,1.417,False,NBS_LRR,XP_019079390.1 disease resistance protein At4g27190 isoform X1 [Vitis vinifera],0.821,0.755
XP_010650943.1,False,19.79,-0.3632,False,defense_signaling,20.568,-0.3314,False,defense_signaling,20.54,-0.3325,False,defense_signaling,XP_010650943.1 uncharacterized protein LOC104879533 [Vitis vinifera],0.778,0.75
XP_059593943.1,False,91.409,0.9578,False,cell_death_HR,92.06,0.9778,False,cell_death_HR,92.159,0.9801,False,cell_death_HR,XP_059593943.1 myosin-9 isoform X2 [Vitis vinifera],0.651,0.75
XP_019072057.1,False,85.351,0.6474,False,defense_signaling,85.858,0.6506,False,defense_signaling,86.1,0.6516,False,defense_signaling,XP_019072057.1 probable serine/threonine protein kinase IRE4 isoform X2 [Vitis vinifera],0.507,0.749
XP_059590552.1,False,99.04,1.7492,True,NBS_LRR,99.483,1.7247,True,NBS_LRR,99.778,1.7533,True,NBS_LRR,XP_059590552.1 disease resistance protein RPV1 [Vitis vinifera],0.443,0.738
XP_019081253.1,False,85.626,0.6507,False,defense_signaling,86.327,0.6545,False,defense_signaling,86.359,0.6547,False,defense_signaling,XP_019081253.1 uncharacterized protein LOC100262009 [Vitis vinifera],0.701,0.733
XP_002276292.2,False,85.626,0.6507,False,defense_signaling,86.327,0.6545,False,defense_signaling,86.359,0.6547,False,defense_signaling,XP_002276292.2 uncharacterized protein LOC100262009 [Vitis vinifera],0.701,0.733
XP_010657781.1,False,99.008,1.7446,True,NBS_LRR,99.6,1.7355,True,NBS_LRR,99.731,1.743,True,NBS_LRR,XP_010657781.1 disease resistance protein RPV1 isoform X1 [Vitis vinifera],0.592,0.723
XP_010657782.1,False,99.008,1.7446,True,NBS_LRR,99.6,1.7355,True,NBS_LRR,99.731,1.743,True,NBS_LRR,XP_010657782.1 disease resistance protein RPV1 isoform X1 [Vitis vinifera],0.592,0.723
XP_010657785.1,False,99.008,1.7446,True,NBS_LRR,99.6,1.7355,True,NBS_LRR,99.731,1.743,True,NBS_LRR,XP_010657785.1 disease resistance protein RPV1 isoform X1 [Vitis vinifera],0.592,0.723
XP_010657786.1,False,99.008,1.7446,True,NBS_LRR,99.6,1.7355,True,NBS_LRR,99.731,1.743,True,NBS_LRR,XP_010657786.1 disease resistance protein RPV1 isoform X1 [Vitis vinifera],0.592,0.723
XP_010657190.1,False,89.695,0.8579,False,NBS_LRR,88.824,0.7932,False,NBS_LRR,90.416,0.8629,False,NBS_LRR,XP_010657190.1 protein ENHANCED DOWNY MILDEW 2 isoform X2 [Vitis vinifera],-0.871,0.721
XP_010659158.1,False,91.878,0.9798,False,NBS_LRR,92.373,0.982,False,NBS_LRR,92.587,1.0005,False,NBS_LRR,XP_010659158.1 putative disease resistance RPP13-like protein 1 [Vitis vinifera],0.495,0.709
XP_010659153.1,False,91.878,0.9798,False,NBS_LRR,92.373,0.982,False,NBS_LRR,92.587,1.0005,False,NBS_LRR,XP_010659153.1 putative disease resistance RPP13-like protein 1 [Vitis vinifera],0.495,0.709
XP_010659154.1,False,91.878,0.9798,False,NBS_LRR,92.373,0.982,False,NBS_LRR,92.587,1.0005,False,NBS_LRR,XP_010659154.1 putative disease resistance RPP13-like protein 1 [Vitis vinifera],0.495,0.709
XP_010659155.1,False,91.878,0.9798,False,NBS_LRR,92.373,0.982,False,NBS_LRR,92.587,1.0005,False,NBS_LRR,XP_010659155.1 putative disease resistance RPP13-like protein 1 [Vitis vinifera],0.495,0.709
XP_010659156.1,False,91.878,0.9798,False,NBS_LRR,92.373,0.982,False,NBS_LRR,92.587,1.0005,False,NBS_LRR,XP_010659156.1 putative disease resistance RPP13-like protein 1 [Vitis vinifera],0.495,0.709
XP_010659157.1,False,91.878,0.9798,False,NBS_LRR,92.373,0.982,False,NBS_LRR,92.587,1.0005,False,NBS_LRR,XP_010659157.1 putative disease resistance RPP13-like protein 1 [Vitis vinifera],0.495,0.709
XP_002268909.3,False,91.878,0.9798,False,NBS_LRR,92.373,0.982,False,NBS_LRR,92.587,1.0005,False,NBS_LRR,XP_002268909.3 putative disease resistance RPP13-like protein 1 [Vitis vinifera],0.495,0.709
XP_019079004.1,False,99.008,1.7446,True,NBS_LRR,99.532,1.7336,True,NBS_LRR,99.715,1.7406,True,NBS_LRR,XP_019079004.1 disease resistance protein RPV1 isoform X2 [Vitis vinifera],0.524,0.707
XP_010650606.1,False,98.565,1.6472,False,NBS_LRR,99.116,1.6626,True,NBS_LRR,99.269,1.6856,True,NBS_LRR,XP_010650606.1 putative disease resistance RPP13-like protein 2 [Vitis vinifera],0.551,0.704
XP_010659733.1,False,96.139,1.1355,False,cell_death_HR,96.614,1.1619,False,cell_death_HR,96.842,1.1717,False,cell_death_HR,XP_010659733.1 FACT complex subunit SPT16 [Vitis vinifera],0.475,0.703
XP_010659734.1,False,96.139,1.1355,False,cell_death_HR,96.614,1.1619,False,cell_death_HR,96.842,1.1717,False,cell_death_HR,XP_010659734.1 FACT complex subunit SPT16 [Vitis vinifera],0.475,0.703
XP_002276824.2,False,96.139,1.1355,False,cell_death_HR,96.614,1.1619,False,cell_death_HR,96.842,1.1717,False,cell_death_HR,XP_002276824.2 FACT complex subunit SPT16 [Vitis vinifera],0.475,0.703
XP_010659736.1,False,96.139,1.1355,False,cell_death_HR,96.614,1.1619,False,cell_death_HR,96.842,1.1717,False,cell_death_HR,XP_010659736.1 FACT complex subunit SPT16 [Vitis vinifera],0.475,0.703
XP_010659735.1,False,96.139,1.1355,False,cell_death_HR,96.614,1.1619,False,cell_death_HR,96.842,1.1717,False,cell_death_HR,XP_010659735.1 FACT complex subunit SPT16 [Vitis vinifera],0.475,0.703
XP_002266608.3,False,90.411,0.8286,False,antimicrobial,91.322,0.8099,False,antimicrobial,91.113,0.8217,False,antimicrobial,XP_002266608.3 uncharacterized protein LOC100253500 isoform X1 [Vitis vinifera],0.911,0.702
XP_010649486.1,False,93.052,0.9716,False,cell_death_HR,92.658,0.9114,False,antimicrobial,93.749,0.9651,False,cell_death_HR,XP_010649486.1 uncharacterized protein LOC100267050 isoform X1 [Vitis vinifera],-0.394,0.697
XP_002267359.3,False,98.75,1.7043,False,NBS_LRR,99.348,1.6991,True,NBS_LRR,99.429,1.7114,True,NBS_LRR,XP_002267359.3 putative disease resistance RPP13-like protein 3 [Vitis vinifera],0.598,0.679
XP_059593915.1,False,44.753,0.203,False,defense_signaling,43.739,0.168,False,defense_signaling,45.432,0.1949,False,defense_signaling,XP_059593915.1 DUF724 domain-containing protein 6 isoform X2 [Vitis vinifera],-1.014,0.679
XP_059595464.1,False,89.511,0.6911,False,defense_signaling,90.445,0.6991,False,defense_signaling,90.186,0.6963,False,defense_signaling,XP_059595464.1 MMS19 nucleotide excision repair protein homolog isoform X1 [Vitis vinifera],0.934,0.675
XP_059595463.1,False,89.511,0.6911,False,defense_signaling,90.445,0.6991,False,defense_signaling,90.186,0.6963,False,defense_signaling,XP_059595463.1 MMS19 nucleotide excision repair protein homolog isoform X1 [Vitis vinifera],0.934,0.675
XP_002270822.2,False,97.8,1.1293,False,RLK_defense,98.142,1.2002,False,RLK_defense,98.472,1.2374,False,RLK_defense,XP_002270822.2 MDIS1-interacting receptor like kinase 2 [Vitis vinifera],0.342,0.672
XP_059593684.1,False,97.246,1.1184,False,NBS_LRR,97.637,1.2263,False,NBS_LRR,97.915,1.2973,False,NBS_LRR,XP_059593684.1 G-type lectin S-receptor-like serine/threonine-protein kinase CES101 [Vitis vinifera],0.391,0.669
XP_002271147.1,False,85.379,0.7364,False,antimicrobial,86.117,0.7533,False,antimicrobial,86.045,0.754,False,antimicrobial,XP_002271147.1 uncharacterized protein LOC100260653 [Vitis vinifera],0.738,0.666
XP_019079240.1,False,89.965,0.8709,False,NBS_LRR,88.953,0.801,False,NBS_LRR,90.627,0.8766,False,NBS_LRR,XP_019079240.1 protein ENHANCED DOWNY MILDEW 2 isoform X1 [Vitis vinifera],-1.012,0.662
XP_019079241.1,False,89.965,0.8709,False,NBS_LRR,88.953,0.801,False,NBS_LRR,90.627,0.8766,False,NBS_LRR,XP_019079241.1 protein ENHANCED DOWNY MILDEW 2 isoform X1 [Vitis vinifera],-1.012,0.662
XP_059591509.1,False,97.282,1.4773,False,NBS_LRR,98.262,1.5132,False,NBS_LRR,97.939,1.4554,False,NBS_LRR,XP_059591509.1 putative disease resistance protein RGA4 [Vitis vinifera],0.98,0.657
XP_059591501.1,False,97.282,1.4773,False,NBS_LRR,98.262,1.5132,False,NBS_LRR,97.939,1.4554,False,NBS_LRR,XP_059591501.1 putative disease resistance protein RGA4 [Vitis vinifera],0.98,0.657
XP_059591502.1,False,97.282,1.4773,False,NBS_LRR,98.262,1.5132,False,NBS_LRR,97.939,1.4554,False,NBS_LRR,XP_059591502.1 putative disease resistance protein RGA4 [Vitis vinifera],0.98,0.657
XP_059591503.1,False,97.282,1.4773,False,NBS_LRR,98.262,1.5132,False,NBS_LRR,97.939,1.4554,False,NBS_LRR,XP_059591503.1 putative disease resistance protein RGA4 [Vitis vinifera],0.98,0.657
XP_059591505.1,False,97.282,1.4773,False,NBS_LRR,98.262,1.5132,False,NBS_LRR,97.939,1.4554,False,NBS_LRR,XP_059591505.1 putative disease resistance protein RGA4 [Vitis vinifera],0.98,0.657
XP_059591508.1,False,97.282,1.4773,False,NBS_LRR,98.262,1.5132,False,NBS_LRR,97.939,1.4554,False,NBS_LRR,XP_059591508.1 putative disease resistance protein RGA4 [Vitis vinifera],0.98,0.657
XP_059591487.1,False,97.282,1.4773,False,NBS_LRR,98.262,1.5132,False,NBS_LRR,97.939,1.4554,False,NBS_LRR,XP_059591487.1 putative disease resistance protein RGA4 [Vitis vinifera],0.98,0.657
XP_059591510.1,False,97.282,1.4773,False,NBS_LRR,98.262,1.5132,False,NBS_LRR,97.939,1.4554,False,NBS_LRR,XP_059591510.1 putative disease resistance protein RGA4 [Vitis vinifera],0.98,0.657
XP_059591507.1,False,97.282,1.4773,False,NBS_LRR,98.262,1.5132,False,NBS_LRR,97.939,1.4554,False,NBS_LRR,XP_059591507.1 putative disease resistance protein RGA4 [Vitis vinifera],0.98,0.657
XP_059591506.1,False,97.282,1.4773,False,NBS_LRR,98.262,1.5132,False,NBS_LRR,97.939,1.4554,False,NBS_LRR,XP_059591506.1 putative disease resistance protein RGA4 [Vitis vinifera],0.98,0.657
XP_059591513.1,False,97.282,1.4773,False,NBS_LRR,98.262,1.5132,False,NBS_LRR,97.939,1.4554,False,NBS_LRR,XP_059591513.1 putative disease resistance protein RGA4 [Vitis vinifera],0.98,0.657
XP_059591512.1,False,97.282,1.4773,False,NBS_LRR,98.262,1.5132,False,NBS_LRR,97.939,1.4554,False,NBS_LRR,XP_059591512.1 putative disease resistance protein RGA4 [Vitis vinifera],0.98,0.657
XP_059591500.1,False,97.282,1.4773,False,NBS_LRR,98.262,1.5132,False,NBS_LRR,97.939,1.4554,False,NBS_LRR,XP_059591500.1 putative disease resistance protein RGA4 [Vitis vinifera],0.98,0.657
XP_059591511.1,False,97.282,1.4773,False,NBS_LRR,98.262,1.5132,False,NBS_LRR,97.939,1.4554,False,NBS_LRR,XP_059591511.1 putative disease resistance protein RGA4 [Vitis vinifera],0.98,0.657
XP_059591504.1,False,97.282,1.4773,False,NBS_LRR,98.262,1.5132,False,NBS_LRR,97.939,1.4554,False,NBS_LRR,XP_059591504.1 putative disease resistance protein RGA4 [Vitis vinifera],0.98,0.657
XP_059591488.1,False,97.282,1.4773,False,NBS_LRR,98.262,1.5132,False,NBS_LRR,97.939,1.4554,False,NBS_LRR,XP_059591488.1 putative disease resistance protein RGA4 [Vitis vinifera],0.98,0.657
XP_059591492.1,False,97.282,1.4773,False,NBS_LRR,98.262,1.5132,False,NBS_LRR,97.939,1.4554,False,NBS_LRR,XP_059591492.1 putative disease resistance protein RGA4 [Vitis vinifera],0.98,0.657
XP_059591497.1,False,97.282,1.4773,False,NBS_LRR,98.262,1.5132,False,NBS_LRR,97.939,1.4554,False,NBS_LRR,XP_059591497.1 putative disease resistance protein RGA4 [Vitis vinifera],0.98,0.657
XP_059591495.1,False,97.282,1.4773,False,NBS_LRR,98.262,1.5132,False,NBS_LRR,97.939,1.4554,False,NBS_LRR,XP_059591495.1 putative disease resistance protein RGA4 [Vitis vinifera],0.98,0.657
XP_059591499.1,False,97.282,1.4773,False,NBS_LRR,98.262,1.5132,False,NBS_LRR,97.939,1.4554,False,NBS_LRR,XP_059591499.1 putative disease resistance protein RGA4 [Vitis vinifera],0.98,0.657
XP_059591496.1,False,97.282,1.4773,False,NBS_LRR,98.262,1.5132,False,NBS_LRR,97.939,1.4554,False,NBS_LRR,XP_059591496.1 putative disease resistance protein RGA4 [Vitis vinifera],0.98,0.657
XP_059591493.1,False,97.282,1.4773,False,NBS_LRR,98.262,1.5132,False,NBS_LRR,97.939,1.4554,False,NBS_LRR,XP_059591493.1 putative disease resistance protein RGA4 [Vitis vinifera],0.98,0.657
XP_059591494.1,False,97.282,1.4773,False,NBS_LRR,98.262,1.5132,False,NBS_LRR,97.939,1.4554,False,NBS_LRR,XP_059591494.1 putative disease resistance protein RGA4 [Vitis vinifera],0.98,0.657
XP_059591491.1,False,97.282,1.4773,False,NBS_LRR,98.262,1.5132,False,NBS_LRR,97.939,1.4554,False,NBS_LRR,XP_059591491.1 putative disease resistance protein RGA4 [Vitis vinifera],0.98,0.657
XP_059591490.1,False,97.282,1.4773,False,NBS_LRR,98.23,1.5132,False,NBS_LRR,97.939,1.4554,False,NBS_LRR,XP_059591490.1 putative disease resistance protein RGA4 [Vitis vinifera],0.948,0.657
XP_059591489.1,False,97.282,1.4773,False,NBS_LRR,98.262,1.5132,False,NBS_LRR,97.939,1.4554,False,NBS_LRR,XP_059591489.1 putative disease resistance protein RGA4 [Vitis vinifera],0.98,0.657
XP_010660553.1,False,93.938,0.9699,False,antimicrobial,94.263,0.9821,False,antimicrobial,94.593,0.9909,False,antimicrobial,"XP_010660553.1 DNA-directed RNA polymerase 2, chloroplastic/mitochondrial [Vitis vinifera]",0.325,0.655
XP_002270968.1,False,97.837,1.1337,False,RLK_defense,98.147,1.2013,False,RLK_defense,98.484,1.2386,False,RLK_defense,XP_002270968.1 MDIS1-interacting receptor like kinase 2 [Vitis vinifera],0.31,0.647
XP_010658923.1,False,95.257,0.7645,False,defense_signaling,96.168,0.7769,False,defense_signaling,95.902,0.7713,False,defense_signaling,XP_010658923.1 uncharacterized protein LOC100262596 isoform X1 [Vitis vinifera],0.911,0.645
XP_059597114.1,False,98.875,1.7193,False,NBS_LRR,99.447,1.7178,True,NBS_LRR,99.519,1.7294,True,NBS_LRR,XP_059597114.1 disease resistance protein RPV1 isoform X1 [Vitis vinifera],0.572,0.644
XP_010657777.3,False,98.875,1.7193,False,NBS_LRR,99.447,1.7178,True,NBS_LRR,99.519,1.7294,True,NBS_LRR,XP_010657777.3 disease resistance protein RPV1 isoform X1 [Vitis vinifera],0.572,0.644
XP_010644513.1,False,87.486,0.8072,False,cell_death_HR,86.044,0.7391,False,cell_death_HR,88.126,0.7996,False,cell_death_HR,XP_010644513.1 protein ENHANCED DOWNY MILDEW 2 isoform X2 [Vitis vinifera],-1.442,0.64
XP_019079245.1,False,90.04,0.8742,False,NBS_LRR,88.964,0.8014,False,NBS_LRR,90.68,0.8803,False,NBS_LRR,XP_019079245.1 protein ENHANCED DOWNY MILDEW 2 isoform X5 [Vitis vinifera],-1.076,0.64
XP_059591328.1,False,87.486,0.8072,False,cell_death_HR,86.044,0.7391,False,cell_death_HR,88.126,0.7996,False,cell_death_HR,XP_059591328.1 protein ENHANCED DOWNY MILDEW 2 isoform X2 [Vitis vinifera],-1.442,0.64
XP_002276879.2,False,87.648,0.8131,False,cell_death_HR,86.125,0.7418,False,cell_death_HR,88.286,0.8055,False,cell_death_HR,XP_002276879.2 protein ENHANCED DOWNY MILDEW 2 isoform X1 [Vitis vinifera],-1.523,0.638
XP_019072714.1,False,87.648,0.8131,False,cell_death_HR,86.125,0.7418,False,cell_death_HR,88.286,0.8055,False,cell_death_HR,XP_019072714.1 protein ENHANCED DOWNY MILDEW 2 isoform X1 [Vitis vinifera],-1.523,0.638
XP_010664965.1,False,97.455,1.4892,False,NBS_LRR,97.933,1.4674,False,NBS_LRR,98.093,1.4701,False,NBS_LRR,XP_010664965.1 disease resistance protein At4g27190 isoform X1 [Vitis vinifera],0.478,0.638
XP_059597074.1,False,90.003,0.8723,False,NBS_LRR,88.945,0.8005,False,NBS_LRR,90.623,0.8761,False,NBS_LRR,XP_059597074.1 protein ENHANCED DOWNY MILDEW 2 isoform X4 [Vitis vinifera],-1.058,0.62
XP_059597115.1,False,98.875,1.7193,False,NBS_LRR,99.428,1.7125,True,NBS_LRR,99.494,1.7224,True,NBS_LRR,XP_059597115.1 disease resistance protein RPV1 isoform X2 [Vitis vinifera],0.553,0.619
XP_059597116.1,False,98.875,1.7193,False,NBS_LRR,99.428,1.7125,True,NBS_LRR,99.494,1.7224,True,NBS_LRR,XP_059597116.1 disease resistance protein RPV1 isoform X2 [Vitis vinifera],0.553,0.619
XP_002284223.2,False,94.795,0.8942,False,antimicrobial,95.796,0.9465,False,antimicrobial,95.408,0.9407,False,antimicrobial,XP_002284223.2 ABC transporter B family member 20 [Vitis vinifera],1.001,0.613
XP_019078999.1,False,98.863,1.7175,False,NBS_LRR,99.504,1.7279,True,NBS_LRR,99.47,1.7184,True,NBS_LRR,XP_019078999.1 disease resistance protein RPV1 isoform X2 [Vitis vinifera],0.641,0.607
XP_002273047.2,False,98.863,1.7175,False,NBS_LRR,99.504,1.7279,True,NBS_LRR,99.47,1.7184,True,NBS_LRR,XP_002273047.2 disease resistance protein RPV1 isoform X2 [Vitis vinifera],0.641,0.607
XP_010649412.1,False,20.298,-0.3467,False,defense_signaling,20.677,-0.3285,False,defense_signaling,20.905,-0.3214,False,defense_signaling,XP_010649412.1 uncharacterized protein LOC104879181 isoform X4 [Vitis vinifera],0.379,0.607
XP_010649408.1,False,20.298,-0.3467,False,defense_signaling,20.677,-0.3285,False,defense_signaling,20.905,-0.3214,False,defense_signaling,XP_010649408.1 uncharacterized protein LOC104879181 isoform X4 [Vitis vinifera],0.379,0.607
XP_010651197.1,False,88.014,0.7928,False,NBS_LRR,71.867,0.5095,False,defense_signaling,88.62,0.7835,False,NBS_LRR,XP_010651197.1 helicase protein MOM1 isoform X3 [Vitis vinifera],-16.147,0.606
XP_059593145.1,False,98.351,1.6124,False,NBS_LRR,98.794,1.6264,False,NBS_LRR,98.955,1.6454,False,NBS_LRR,XP_059593145.1 toMV resistance protein Tm-2(2)-like isoform X1 [Vitis vinifera],0.443,0.604
XP_010646758.2,False,99.205,1.7611,True,NBS_LRR,99.808,1.7523,True,NBS_LRR,99.808,1.7597,True,NBS_LRR,XP_010646758.2 disease resistance protein RPV1-like [Vitis vinifera],0.603,0.603
XP_059593143.1,False,98.358,1.614,False,NBS_LRR,98.806,1.6289,False,NBS_LRR,98.96,1.6483,False,NBS_LRR,XP_059593143.1 toMV resistance protein Tm-2(2)-like isoform X1 [Vitis vinifera],0.448,0.602
XP_010648996.2,False,98.371,0.8254,False,defense_signaling,99.668,0.8888,True,defense_signaling,98.965,0.8464,False,defense_signaling,XP_010648996.2 E3 ubiquitin-protein ligase UPL3 isoform X2 [Vitis vinifera],1.297,0.594
XP_010651196.1,False,88.499,0.8087,False,NBS_LRR,72.317,0.5142,False,defense_signaling,89.087,0.804,False,NBS_LRR,XP_010651196.1 helicase protein MOM1 isoform X2 [Vitis vinifera],-16.182,0.588
XP_002279386.1,False,98.024,0.8172,False,defense_signaling,98.408,0.8284,False,defense_signaling,98.612,0.8325,False,defense_signaling,XP_002279386.1 uncharacterized protein LOC100249467 [Vitis vinifera],0.384,0.588
XP_059597119.1,False,99.008,1.7446,True,NBS_LRR,99.461,1.7227,True,NBS_LRR,99.596,1.7368,True,NBS_LRR,XP_059597119.1 disease resistance protein RPV1 isoform X3 [Vitis vinifera],0.453,0.588
XP_059597120.1,False,99.008,1.7446,True,NBS_LRR,99.454,1.72,True,NBS_LRR,99.594,1.7349,True,NBS_LRR,XP_059597120.1 disease resistance protein RPV1 isoform X4 [Vitis vinifera],0.446,0.586
XP_059597193.1,False,96.925,1.413,False,NBS_LRR,97.459,1.4166,False,NBS_LRR,97.507,1.4101,False,NBS_LRR,XP_059597193.1 disease resistance protein At4g27190 isoform X2 [Vitis vinifera],0.534,0.582
XP_010657929.2,False,96.925,1.413,False,NBS_LRR,97.459,1.4166,False,NBS_LRR,97.507,1.4101,False,NBS_LRR,XP_010657929.2 disease resistance protein At4g27190 isoform X2 [Vitis vinifera],0.534,0.582
XP_059596456.1,False,96.857,1.4004,False,NBS_LRR,97.071,1.3581,False,NBS_LRR,97.431,1.4048,False,NBS_LRR,XP_059596456.1 uncharacterized protein LOC132254579 [Vitis vinifera],0.214,0.574
XP_002267228.2,False,97.64,1.5208,False,NBS_LRR,98.336,1.5235,False,NBS_LRR,98.211,1.4978,False,NBS_LRR,XP_002267228.2 putative disease resistance RPP13-like protein 1 [Vitis vinifera],0.696,0.571
XP_059592296.1,False,78.935,0.5558,False,NBS_LRR,79.393,0.5498,False,NBS_LRR,79.501,0.5525,False,NBS_LRR,"XP_059592296.1 PH, RCC1 and FYVE domains-containing protein 1 isoform X2 [Vitis vinifera]",0.458,0.566
XP_010658167.1,False,98.701,0.8369,False,defense_signaling,99.611,0.8856,True,defense_signaling,99.264,0.8596,True,defense_signaling,XP_010658167.1 uncharacterized protein LOC100248506 isoform X1 [Vitis vinifera],0.91,0.563
XP_019071905.1,False,98.735,1.6983,False,NBS_LRR,99.54,1.7343,True,NBS_LRR,99.294,1.6912,True,NBS_LRR,XP_019071905.1 disease resistance protein RUN1 [Vitis vinifera],0.805,0.559
XP_010662231.1,False,95.442,0.7665,False,defense_signaling,96.092,0.7756,False,defense_signaling,96.001,0.773,False,defense_signaling,XP_010662231.1 ATP-dependent DNA helicase SRS2-like protein At4g25120 isoform X4 [Vitis vinifera],0.65,0.559
XP_059591003.1,False,58.718,0.3374,False,cell_death_HR,63.184,0.4116,False,cell_death_HR,59.276,0.3448,False,cell_death_HR,"XP_059591003.1 stromal processing peptidase, chloroplastic isoform X2 [Vitis vinifera]",4.466,0.558
XP_019075515.2,False,98.742,1.7012,False,NBS_LRR,99.276,1.6866,True,NBS_LRR,99.296,1.694,True,NBS_LRR,XP_019075515.2 disease resistance protein RUN1-like [Vitis vinifera],0.534,0.554
XP_002280668.1,False,98.538,1.235,False,RLK_defense,98.767,1.2722,False,RLK_defense,99.092,1.3066,True,RLK_defense,XP_002280668.1 probable LRR receptor-like serine/threonine-protein kinase At4g36180 [Vitis vinifera],0.229,0.554
XP_010658168.1,False,98.701,0.8369,False,defense_signaling,99.518,0.8801,True,defense_signaling,99.252,0.8591,True,defense_signaling,XP_010658168.1 uncharacterized protein LOC100248506 isoform X3 [Vitis vinifera],0.817,0.551
XP_002272836.3,False,96.665,1.1619,False,cell_death_HR,97.576,1.2133,False,cell_death_HR,97.214,1.191,False,cell_death_HR,XP_002272836.3 uncharacterized protein LOC100247332 [Vitis vinifera],0.911,0.549
XP_059597113.1,False,98.863,1.7175,False,NBS_LRR,99.495,1.726,True,NBS_LRR,99.412,1.7097,True,NBS_LRR,XP_059597113.1 disease resistance protein RPV1 isoform X1 [Vitis vinifera],0.632,0.549
XP_010657920.1,False,97.736,1.5434,False,NBS_LRR,98.341,1.5248,False,NBS_LRR,98.275,1.5214,False,NBS_LRR,XP_010657920.1 probable disease resistance protein At4g27220 [Vitis vinifera],0.605,0.539
XP_019073754.1,False,98.242,1.5896,False,NBS_LRR,98.916,1.6358,False,NBS_LRR,98.778,1.6281,False,NBS_LRR,XP_019073754.1 disease resistance protein RPV1-like [Vitis vinifera],0.674,0.536
XP_019073755.1,False,98.242,1.5896,False,NBS_LRR,98.916,1.6358,False,NBS_LRR,98.778,1.6281,False,NBS_LRR,XP_019073755.1 disease resistance protein RPV1-like [Vitis vinifera],0.674,0.536
XP_002285900.1,False,80.53,0.7181,False,cell_death_HR,80.501,0.7016,False,antimicrobial,81.059,0.7099,False,cell_death_HR,XP_002285900.1 DNA-directed RNA polymerase II subunit RPB1 [Vitis vinifera],-0.029,0.529
XP_010658097.1,False,98.762,1.7068,False,NBS_LRR,99.274,1.6862,True,NBS_LRR,99.289,1.6895,True,NBS_LRR,XP_010658097.1 disease resistance protein At4g27190-like [Vitis vinifera],0.512,0.527
XP_002282331.2,False,97.455,1.0277,False,PR_proteins,97.76,1.0395,False,PR_proteins,97.982,1.0459,False,PR_proteins,XP_002282331.2 uncharacterized protein LOC100255855 [Vitis vinifera],0.305,0.527
XP_002278935.2,False,99.286,1.3321,True,RLK_defense,99.587,1.3857,True,RLK_defense,99.813,1.4262,True,RLK_defense,XP_002278935.2 systemin receptor SR160 [Vitis vinifera],0.301,0.527
XP_019079244.1,False,90.208,0.8808,False,NBS_LRR,89.089,0.8062,False,NBS_LRR,90.735,0.8854,False,NBS_LRR,XP_019079244.1 protein ENHANCED DOWNY MILDEW 2 isoform X3 [Vitis vinifera],-1.119,0.527
XP_019079242.1,False,90.208,0.8808,False,NBS_LRR,89.089,0.8062,False,NBS_LRR,90.735,0.8854,False,NBS_LRR,XP_019079242.1 protein ENHANCED DOWNY MILDEW 2 isoform X3 [Vitis vinifera],-1.119,0.527
XP_019080959.2,False,46.234,0.1121,False,cell_death_HR,53.468,0.2452,False,cell_death_HR,46.756,0.1208,False,cell_death_HR,XP_019080959.2 retrovirus-related Pol polyprotein from transposon RE1 [Vitis vinifera],7.234,0.522
XP_010662980.1,False,37.48,0.0832,False,defense_signaling,37.785,0.0887,False,defense_signaling,38.001,0.0918,False,defense_signaling,XP_010662980.1 uncharacterized protein LOC100265790 isoform X2 [Vitis vinifera],0.305,0.521
XP_010648148.1,False,98.971,1.7378,False,NBS_LRR,99.444,1.7171,True,NBS_LRR,99.491,1.7224,True,NBS_LRR,XP_010648148.1 disease resistance protein RPV1 [Vitis vinifera],0.473,0.52
XP_002276855.1,False,89.587,0.8761,False,antimicrobial,90.995,0.9081,False,antimicrobial,90.106,0.887,False,antimicrobial,XP_002276855.1 clathrin heavy chain 2 [Vitis vinifera],1.408,0.519
XP_003631896.2,False,98.683,1.252,False,RLK_defense,98.979,1.2899,False,RLK_defense,99.2,1.3253,True,RLK_defense,XP_003631896.2 probable LRR receptor-like serine/threonine-protein kinase At4g36180 [Vitis vinifera],0.296,0.517
XP_010653998.1,False,98.843,1.2727,False,RLK_defense,99.156,1.3126,True,RLK_defense,99.348,1.3535,True,RLK_defense,XP_010653998.1 LRR receptor-like serine/threonine-protein kinase GSO1 isoform X3 [Vitis vinifera],0.313,0.505
XP_002265391.1,False,95.294,1.2141,False,NBS_LRR,95.486,1.1904,False,NBS_LRR,95.799,1.2082,False,NBS_LRR,XP_002265391.1 putative disease resistance RPP13-like protein 1 [Vitis vinifera],0.192,0.505
XP_010665036.1,False,82.453,0.6168,False,defense_signaling,82.601,0.6154,False,defense_signaling,82.946,0.6181,False,defense_signaling,XP_010665036.1 putative 1-phosphatidylinositol-3-phosphate 5-kinase FAB1D [Vitis vinifera],0.148,0.493
XP_059590324.1,False,82.453,0.6168,False,defense_signaling,82.601,0.6154,False,defense_signaling,82.946,0.6181,False,defense_signaling,XP_059590324.1 putative 1-phosphatidylinositol-3-phosphate 5-kinase FAB1D [Vitis vinifera],0.148,0.493
XP_059595944.1,False,74.171,0.5354,False,defense_signaling,74.692,0.5377,False,defense_signaling,74.663,0.536,False,defense_signaling,XP_059595944.1 mediator of RNA polymerase II transcription subunit 16 isoform X2 [Vitis vinifera],0.521,0.492
XP_059597192.1,False,97.017,1.4308,False,NBS_LRR,97.539,1.4267,False,NBS_LRR,97.507,1.4101,False,NBS_LRR,XP_059597192.1 disease resistance protein At4g27190 isoform X1 [Vitis vinifera],0.522,0.49
XP_059592983.1,False,98.801,1.7129,False,NBS_LRR,99.225,1.6803,True,NBS_LRR,99.291,1.6909,True,NBS_LRR,XP_059592983.1 disease resistance protein RPV1-like [Vitis vinifera],0.424,0.49
XP_002271241.2,False,95.019,0.9965,False,antimicrobial,95.624,1.0246,False,antimicrobial,95.506,1.0186,False,antimicrobial,XP_002271241.2 phospholipid-transporting ATPase 1 [Vitis vinifera],0.605,0.487
XP_019079394.1,False,96.941,1.416,False,NBS_LRR,97.423,1.4072,False,NBS_LRR,97.428,1.4046,False,NBS_LRR,XP_019079394.1 disease resistance protein At4g27190 isoform X3 [Vitis vinifera],0.482,0.487
XP_002262628.3,False,99.439,1.7833,True,NBS_LRR,99.86,1.7707,True,NBS_LRR,99.919,1.7815,True,NBS_LRR,XP_002262628.3 disease resistance protein At4g27190 [Vitis vinifera],0.421,0.48
XP_002280075.2,False,97.034,1.0244,False,NBS_LRR,97.305,1.0538,False,NBS_LRR,97.512,1.1002,False,NBS_LRR,XP_002280075.2 probable LRR receptor-like serine/threonine-protein kinase At3g47570 isoform X1 [Vitis vinifera],0.271,0.478
XP_002271823.2,False,91.738,0.9232,False,antimicrobial,92.339,0.9375,False,antimicrobial,92.211,0.9334,False,antimicrobial,XP_002271823.2 protease Do-like 7 isoform X1 [Vitis vinifera],0.601,0.473
XP_019079345.1,False,97.017,1.4308,False,NBS_LRR,97.285,1.4024,False,NBS_LRR,97.488,1.4082,False,NBS_LRR,XP_019079345.1 disease resistance protein At4g27190 isoform X3 [Vitis vinifera],0.268,0.471
XP_010657930.2,False,97.017,1.4308,False,NBS_LRR,97.268,1.3966,False,NBS_LRR,97.488,1.4082,False,NBS_LRR,XP_010657930.2 disease resistance protein At4g27190 isoform X4 [Vitis vinifera],0.251,0.471
XP_019079348.1,False,97.017,1.4308,False,NBS_LRR,97.439,1.4107,False,NBS_LRR,97.488,1.4082,False,NBS_LRR,XP_019079348.1 disease resistance protein At4g27190 isoform X5 [Vitis vinifera],0.422,0.471
XP_019079349.1,False,97.017,1.4308,False,NBS_LRR,97.439,1.4107,False,NBS_LRR,97.488,1.4082,False,NBS_LRR,XP_019079349.1 disease resistance protein At4g27190 isoform X5 [Vitis vinifera],0.422,0.471
XP_059592430.1,False,59.191,0.378,False,defense_signaling,59.787,0.3813,False,defense_signaling,59.661,0.379,False,defense_signaling,XP_059592430.1 filament-like plant protein 4 [Vitis vinifera],0.596,0.47
XP_059592432.1,False,59.191,0.378,False,defense_signaling,59.787,0.3813,False,defense_signaling,59.661,0.379,False,defense_signaling,XP_059592432.1 filament-like plant protein 4 [Vitis vinifera],0.596,0.47
XP_059592535.1,False,96.271,1.0432,False,antimicrobial,96.626,1.0528,False,antimicrobial,96.741,1.0526,False,antimicrobial,XP_059592535.1 uncharacterized protein LOC116803646 [Vitis vinifera],0.355,0.47
XP_059592431.1,False,59.191,0.378,False,defense_signaling,59.787,0.3813,False,defense_signaling,59.661,0.379,False,defense_signaling,XP_059592431.1 filament-like plant protein 4 [Vitis vinifera],0.596,0.47
XP_059592429.1,False,59.191,0.378,False,defense_signaling,59.787,0.3813,False,defense_signaling,59.661,0.379,False,defense_signaling,XP_059592429.1 filament-like plant protein 4 [Vitis vinifera],0.596,0.47
XP_002270457.1,False,90.296,0.886,False,NBS_LRR,90.722,0.8826,False,NBS_LRR,90.761,0.8871,False,NBS_LRR,"XP_002270457.1 calcium-transporting ATPase 12, plasma membrane-type-like [Vitis vinifera]",0.426,0.465
XP_010661240.1,False,99.132,1.7502,True,NBS_LRR,99.489,1.7251,True,NBS_LRR,99.588,1.7347,True,NBS_LRR,XP_010661240.1 TMV resistance protein N isoform X1 [Vitis vinifera],0.357,0.456
XP_010661242.1,False,99.132,1.7502,True,NBS_LRR,99.489,1.7251,True,NBS_LRR,99.588,1.7347,True,NBS_LRR,XP_010661242.1 TMV resistance protein N isoform X1 [Vitis vinifera],0.357,0.456
XP_010656403.1,False,53.286,0.3069,False,defense_signaling,53.935,0.3126,False,defense_signaling,53.741,0.3088,False,defense_signaling,XP_010656403.1 uncharacterized protein LOC100267909 isoform X1 [Vitis vinifera],0.649,0.455
XP_010649734.1,False,71.481,0.5085,False,defense_signaling,71.889,0.5098,False,defense_signaling,71.929,0.5097,False,defense_signaling,XP_010649734.1 PWWP domain-containing protein 1 isoform X2 [Vitis vinifera],0.408,0.448
XP_059598640.1,False,89.845,0.8664,False,NBS_LRR,90.525,0.8683,False,NBS_LRR,90.291,0.8582,False,NBS_LRR,XP_059598640.1 uncharacterized protein LOC100854480 isoform X2 [Vitis vinifera],0.68,0.446
XP_019079883.1,False,96.438,1.3356,False,NBS_LRR,97.171,1.3848,False,NBS_LRR,96.878,1.3281,False,NBS_LRR,XP_019079883.1 putative disease resistance RPP13-like protein 1 [Vitis vinifera],0.733,0.44
XP_019079884.1,False,96.438,1.3356,False,NBS_LRR,97.171,1.3848,False,NBS_LRR,96.878,1.3281,False,NBS_LRR,XP_019079884.1 putative disease resistance RPP13-like protein 1 [Vitis vinifera],0.733,0.44
XP_019079035.2,False,97.763,1.5439,False,NBS_LRR,97.943,1.4678,False,NBS_LRR,98.203,1.4953,False,NBS_LRR,XP_019079035.2 putative disease resistance RPP13-like protein 1 isoform X2 [Vitis vinifera],0.18,0.44
XP_010664557.1,False,94.027,0.7464,False,defense_signaling,94.571,0.7525,False,defense_signaling,94.46,0.7497,False,defense_signaling,XP_010664557.1 kinesin-like protein KIN-4A isoform X3 [Vitis vinifera],0.544,0.433
XP_019074359.1,False,98.782,1.7078,False,NBS_LRR,98.43,1.5598,False,NBS_LRR,99.21,1.6785,True,NBS_LRR,XP_019074359.1 disease resistance protein RPP13 [Vitis vinifera],-0.352,0.428
XP_002271388.1,False,98.762,1.2649,False,RLK_defense,99.05,1.2983,True,RLK_defense,99.19,1.3227,True,RLK_defense,XP_002271388.1 leucine-rich repeat receptor-like protein kinase PEPR1 [Vitis vinifera],0.288,0.428
XP_010664556.1,False,94.371,0.7509,False,defense_signaling,94.881,0.7577,False,defense_signaling,94.797,0.7557,False,defense_signaling,XP_010664556.1 kinesin-like protein KIN-4A isoform X2 [Vitis vinifera],0.51,0.426
XP_003631316.2,False,94.826,1.1803,False,NBS_LRR,93.919,1.0815,False,NBS_LRR,95.248,1.1162,False,NBS_LRR,XP_003631316.2 uncharacterized protein LOC100855072 isoform X1 [Vitis vinifera],-0.907,0.422
XP_010657771.1,False,98.696,1.6833,False,NBS_LRR,99.316,1.6906,True,NBS_LRR,99.112,1.662,True,NBS_LRR,XP_010657771.1 disease resistance protein RPV1 isoform X2 [Vitis vinifera],0.62,0.416
XP_010662229.1,False,94.576,0.7533,False,defense_signaling,95.189,0.7626,False,defense_signaling,94.989,0.7584,False,defense_signaling,XP_010662229.1 ATP-dependent DNA helicase SRS2-like protein At4g25120 isoform X3 [Vitis vinifera],0.613,0.413
XP_002273784.1,False,97.032,0.7929,False,defense_signaling,97.337,0.7997,False,defense_signaling,97.438,0.8002,False,defense_signaling,XP_002273784.1 squamosa promoter-binding-like protein 14 [Vitis vinifera],0.305,0.406
XP_002279498.1,False,93.808,1.0369,False,cell_death_HR,94.288,1.0576,False,cell_death_HR,94.214,1.054,False,cell_death_HR,"XP_002279498.1 putative calcium-transporting ATPase 13, plasma membrane-type [Vitis vinifera]",0.48,0.406
XP_059590317.1,False,98.993,1.7422,False,NBS_LRR,99.328,1.6954,True,NBS_LRR,99.399,1.707,True,NBS_LRR,XP_059590317.1 disease resistance protein RUN1-like [Vitis vinifera],0.335,0.406
XP_059597117.1,False,98.875,1.7193,False,NBS_LRR,99.119,1.6631,True,NBS_LRR,99.276,1.6867,True,NBS_LRR,XP_059597117.1 disease resistance protein RPV1 isoform X3 [Vitis vinifera],0.244,0.401
XP_059591028.1,False,98.991,1.7422,False,NBS_LRR,99.85,1.7665,True,NBS_LRR,99.387,1.7065,True,NBS_LRR,XP_059591028.1 disease resistance protein RPV1-like [Vitis vinifera],0.859,0.396
XP_010660212.1,False,90.601,0.8189,False,antimicrobial,91.381,0.7976,False,antimicrobial,90.995,0.8119,False,antimicrobial,XP_010660212.1 uncharacterized protein LOC100253500 isoform X2 [Vitis vinifera],0.78,0.394
XP_019071787.1,False,99.488,1.7913,True,NBS_LRR,99.818,1.7543,True,NBS_LRR,99.879,1.7688,True,NBS_LRR,XP_019071787.1 disease resistance protein RUN1-like [Vitis vinifera],0.33,0.391
XP_010650305.2,False,99.505,1.7938,True,NBS_LRR,99.847,1.7647,True,NBS_LRR,99.894,1.7735,True,NBS_LRR,XP_010650305.2 disease resistance protein RUN1-like [Vitis vinifera],0.342,0.389
XP_002277289.2,False,86.201,0.6553,False,defense_signaling,90.151,0.6955,False,defense_signaling,86.589,0.6578,False,defense_signaling,XP_002277289.2 uncharacterized protein LOC100264071 [Vitis vinifera],3.95,0.388
XP_059593828.1,False,25.65,-0.1832,False,defense_signaling,26.767,-0.1508,False,defense_signaling,26.037,-0.1698,False,defense_signaling,XP_059593828.1 protein HUA2-LIKE 2 isoform X2 [Vitis vinifera],1.117,0.387
XP_010656422.1,False,93.305,0.7362,False,defense_signaling,94.128,0.7465,False,defense_signaling,93.684,0.7389,False,defense_signaling,XP_010656422.1 nuclear pore complex protein NUP205 isoform X1 [Vitis vinifera],0.823,0.379
XP_010656423.1,False,93.305,0.7362,False,defense_signaling,94.113,0.7463,False,defense_signaling,93.684,0.7389,False,defense_signaling,XP_010656423.1 nuclear pore complex protein NUP205 isoform X2 [Vitis vinifera],0.808,0.379
XP_059592702.1,False,95.506,0.8461,False,antimicrobial,95.764,0.8392,False,antimicrobial,95.878,0.8392,False,antimicrobial,XP_059592702.1 E3 ubiquitin-protein ligase UPL6 isoform X1 [Vitis vinifera],0.258,0.372
XP_010655393.1,False,41.097,0.1482,False,defense_signaling,43.37,0.1772,False,defense_signaling,41.467,0.1496,False,defense_signaling,XP_010655393.1 uncharacterized protein LOC100247051 isoform X1 [Vitis vinifera],2.273,0.37
XP_010659324.1,False,99.348,0.8673,True,defense_signaling,99.813,0.905,True,defense_signaling,99.712,0.8886,True,defense_signaling,XP_010659324.1 clustered mitochondria protein [Vitis vinifera],0.465,0.364
XP_019078994.1,False,98.696,1.6833,False,NBS_LRR,99.324,1.6927,True,NBS_LRR,99.059,1.6601,True,NBS_LRR,XP_019078994.1 disease resistance protein RPV1 isoform X1 [Vitis vinifera],0.628,0.363
XP_059597296.1,False,98.696,1.6833,False,NBS_LRR,99.324,1.6927,True,NBS_LRR,99.059,1.6601,True,NBS_LRR,XP_059597296.1 disease resistance protein RPV1 isoform X1 [Vitis vinifera],0.628,0.363
XP_002279979.2,False,99.262,1.3281,True,RLK_defense,99.434,1.3632,True,RLK_defense,99.623,1.3931,True,RLK_defense,XP_002279979.2 LRR receptor-like serine/threonine-protein kinase RPK2 [Vitis vinifera],0.172,0.361
XP_002265872.2,False,94.49,0.7522,False,defense_signaling,94.893,0.7579,False,defense_signaling,94.851,0.7564,False,defense_signaling,XP_002265872.2 conserved oligomeric Golgi complex subunit 1 [Vitis vinifera],0.403,0.361
XP_002269905.1,False,89.039,0.8644,False,antimicrobial,90.532,0.8975,False,antimicrobial,89.398,0.872,False,antimicrobial,XP_002269905.1 clathrin heavy chain 1 [Vitis vinifera],1.493,0.359
XP_002280418.1,False,97.608,1.2127,False,cell_death_HR,98.132,1.2521,False,cell_death_HR,97.967,1.2395,False,cell_death_HR,XP_002280418.1 putative phospholipid-transporting ATPase 9 [Vitis vinifera],0.524,0.359
XP_019073762.1,False,98.223,1.5832,False,NBS_LRR,98.644,1.5969,False,NBS_LRR,98.577,1.5755,False,NBS_LRR,XP_019073762.1 disease resistance protein RUN1 [Vitis vinifera],0.421,0.354
XP_059590343.1,False,98.223,1.5832,False,NBS_LRR,98.644,1.5969,False,NBS_LRR,98.577,1.5755,False,NBS_LRR,XP_059590343.1 disease resistance protein RUN1 [Vitis vinifera],0.421,0.354
XP_059590344.1,False,98.223,1.5832,False,NBS_LRR,98.644,1.5969,False,NBS_LRR,98.577,1.5755,False,NBS_LRR,XP_059590344.1 disease resistance protein RUN1 [Vitis vinifera],0.421,0.354
XP_059590578.1,False,98.883,1.7224,False,NBS_LRR,99.771,1.7475,True,NBS_LRR,99.237,1.6834,True,NBS_LRR,XP_059590578.1 disease resistance protein RUN1 [Vitis vinifera],0.888,0.354
XP_002270207.2,False,96.685,0.9132,False,NBS_LRR,96.936,0.9304,False,RLK_defense,97.037,0.9568,False,RLK_defense,XP_002270207.2 probable LRR receptor-like serine/threonine-protein kinase At3g47570 [Vitis vinifera],0.251,0.352
XP_059598095.1,False,97.045,1.4352,False,NBS_LRR,98.091,1.4872,False,NBS_LRR,97.395,1.3933,False,NBS_LRR,XP_059598095.1 putative disease resistance RPP13-like protein 1 isoform X1 [Vitis vinifera],1.046,0.35
XP_059598096.1,False,97.045,1.4352,False,NBS_LRR,98.091,1.4872,False,NBS_LRR,97.395,1.3933,False,NBS_LRR,XP_059598096.1 putative disease resistance RPP13-like protein 1 isoform X1 [Vitis vinifera],1.046,0.35
XP_059598097.1,False,97.045,1.4352,False,NBS_LRR,98.091,1.4872,False,NBS_LRR,97.395,1.3933,False,NBS_LRR,XP_059598097.1 putative disease resistance RPP13-like protein 1 isoform X1 [Vitis vinifera],1.046,0.35
XP_059598094.1,False,97.045,1.4352,False,NBS_LRR,98.091,1.4872,False,NBS_LRR,97.395,1.3933,False,NBS_LRR,XP_059598094.1 putative disease resistance RPP13-like protein 1 isoform X1 [Vitis vinifera],1.046,0.35
XP_059598093.1,False,97.045,1.4352,False,NBS_LRR,98.091,1.4872,False,NBS_LRR,97.395,1.3933,False,NBS_LRR,XP_059598093.1 putative disease resistance RPP13-like protein 1 isoform X1 [Vitis vinifera],1.046,0.35
XP_059598100.1,False,97.045,1.4352,False,NBS_LRR,98.091,1.4872,False,NBS_LRR,97.395,1.3933,False,NBS_LRR,XP_059598100.1 putative disease resistance RPP13-like protein 1 isoform X1 [Vitis vinifera],1.046,0.35
XP_059598091.1,False,97.045,1.4352,False,NBS_LRR,98.091,1.4872,False,NBS_LRR,97.395,1.3933,False,NBS_LRR,XP_059598091.1 putative disease resistance RPP13-like protein 1 isoform X1 [Vitis vinifera],1.046,0.35
XP_059598092.1,False,97.045,1.4352,False,NBS_LRR,98.091,1.4872,False,NBS_LRR,97.395,1.3933,False,NBS_LRR,XP_059598092.1 putative disease resistance RPP13-like protein 1 isoform X1 [Vitis vinifera],1.046,0.35
XP_059598098.1,False,97.045,1.4352,False,NBS_LRR,98.091,1.4872,False,NBS_LRR,97.395,1.3933,False,NBS_LRR,XP_059598098.1 putative disease resistance RPP13-like protein 1 isoform X1 [Vitis vinifera],1.046,0.35
XP_059598099.1,False,97.045,1.4352,False,NBS_LRR,98.091,1.4872,False,NBS_LRR,97.395,1.3933,False,NBS_LRR,XP_059598099.1 putative disease resistance RPP13-like protein 1 isoform X1 [Vitis vinifera],1.046,0.35
XP_059590902.1,False,99.513,1.7968,True,NBS_LRR,99.732,1.745,True,NBS_LRR,99.862,1.7614,True,NBS_LRR,XP_059590902.1 disease resistance protein RPV1-like [Vitis vinifera],0.219,0.349
XP_019071994.2,False,99.513,1.7968,True,NBS_LRR,99.732,1.745,True,NBS_LRR,99.862,1.7614,True,NBS_LRR,XP_019071994.2 disease resistance protein RPV1-like [Vitis vinifera],0.219,0.349
XP_059590901.1,False,99.513,1.7968,True,NBS_LRR,99.732,1.745,True,NBS_LRR,99.862,1.7614,True,NBS_LRR,XP_059590901.1 disease resistance protein RPV1-like [Vitis vinifera],0.219,0.349
XP_010664555.1,False,94.461,0.7519,False,defense_signaling,94.912,0.7583,False,defense_signaling,94.806,0.7559,False,defense_signaling,XP_010664555.1 kinesin-like protein KIN-4A isoform X1 [Vitis vinifera],0.451,0.345
XP_059591046.1,False,94.461,0.7519,False,defense_signaling,94.912,0.7583,False,defense_signaling,94.806,0.7559,False,defense_signaling,XP_059591046.1 kinesin-like protein KIN-4A isoform X1 [Vitis vinifera],0.451,0.345
XP_059590453.1,False,96.316,1.0104,False,NBS_LRR,97.101,1.1288,False,NBS_LRR,96.658,1.061,False,NBS_LRR,XP_059590453.1 pentatricopeptide repeat-containing protein At1g19720 [Vitis vinifera],0.785,0.342
XP_059593146.1,False,98.614,1.6635,False,NBS_LRR,98.964,1.6435,False,NBS_LRR,98.955,1.6454,False,NBS_LRR,XP_059593146.1 toMV resistance protein Tm-2(2)-like isoform X2 [Vitis vinifera],0.35,0.341
XP_059591194.1,False,98.913,1.7299,False,NBS_LRR,99.162,1.6662,True,NBS_LRR,99.253,1.685,True,NBS_LRR,XP_059591194.1 putative disease resistance protein RGA4 [Vitis vinifera],0.249,0.34
XP_059591195.1,False,98.913,1.7299,False,NBS_LRR,99.162,1.6662,True,NBS_LRR,99.253,1.685,True,NBS_LRR,XP_059591195.1 putative disease resistance protein RGA4 [Vitis vinifera],0.249,0.34
XP_059591196.1,False,98.913,1.7299,False,NBS_LRR,99.162,1.6662,True,NBS_LRR,99.253,1.685,True,NBS_LRR,XP_059591196.1 putative disease resistance protein RGA4 [Vitis vinifera],0.249,0.34
XP_059591197.1,False,98.913,1.7299,False,NBS_LRR,99.162,1.6662,True,NBS_LRR,99.253,1.685,True,NBS_LRR,XP_059591197.1 putative disease resistance protein RGA4 [Vitis vinifera],0.249,0.34
XP_059591198.1,False,98.913,1.7299,False,NBS_LRR,99.162,1.6662,True,NBS_LRR,99.253,1.685,True,NBS_LRR,XP_059591198.1 putative disease resistance protein RGA4 [Vitis vinifera],0.249,0.34
XP_059591187.1,False,98.913,1.7299,False,NBS_LRR,99.162,1.6662,True,NBS_LRR,99.253,1.685,True,NBS_LRR,XP_059591187.1 putative disease resistance protein RGA4 [Vitis vinifera],0.249,0.34
XP_059591192.1,False,98.913,1.7299,False,NBS_LRR,99.162,1.6662,True,NBS_LRR,99.253,1.685,True,NBS_LRR,XP_059591192.1 putative disease resistance protein RGA4 [Vitis vinifera],0.249,0.34
XP_059591189.1,False,98.913,1.7299,False,NBS_LRR,99.162,1.6662,True,NBS_LRR,99.253,1.685,True,NBS_LRR,XP_059591189.1 putative disease resistance protein RGA4 [Vitis vinifera],0.249,0.34
XP_059591193.1,False,98.913,1.7299,False,NBS_LRR,99.162,1.6662,True,NBS_LRR,99.253,1.685,True,NBS_LRR,XP_059591193.1 putative disease resistance protein RGA4 [Vitis vinifera],0.249,0.34
XP_059591191.1,False,98.913,1.7299,False,NBS_LRR,99.162,1.6662,True,NBS_LRR,99.253,1.685,True,NBS_LRR,XP_059591191.1 putative disease resistance protein RGA4 [Vitis vinifera],0.249,0.34
XP_059591188.1,False,98.913,1.7299,False,NBS_LRR,99.162,1.6662,True,NBS_LRR,99.253,1.685,True,NBS_LRR,XP_059591188.1 putative disease resistance protein RGA4 [Vitis vinifera],0.249,0.34
XP_059591190.1,False,98.913,1.7299,False,NBS_LRR,99.162,1.6662,True,NBS_LRR,99.253,1.685,True,NBS_LRR,XP_059591190.1 putative disease resistance protein RGA4 [Vitis vinifera],0.249,0.34
XP_002277737.3,False,94.861,0.7576,False,defense_signaling,95.489,0.766,False,defense_signaling,95.195,0.7607,False,defense_signaling,XP_002277737.3 ATP-dependent DNA helicase SRS2-like protein At4g25120 isoform X1 [Vitis vinifera],0.628,0.334
XP_010652465.1,False,99.387,1.3564,True,RLK_defense,99.621,1.3928,True,RLK_defense,99.719,1.4074,True,RLK_defense,XP_010652465.1 LRR receptor-like serine/threonine-protein kinase RGI2 [Vitis vinifera],0.234,0.332
XP_019077128.1,False,98.682,0.8363,False,defense_signaling,98.948,0.8505,False,defense_signaling,99.014,0.8484,True,defense_signaling,XP_019077128.1 E3 ubiquitin-protein ligase UPL7 isoform X2 [Vitis vinifera],0.266,0.332
XP_010654018.1,False,98.682,0.8363,False,defense_signaling,98.948,0.8505,False,defense_signaling,99.014,0.8484,True,defense_signaling,XP_010654018.1 E3 ubiquitin-protein ligase UPL7 isoform X2 [Vitis vinifera],0.266,0.332
XP_002271424.1,False,98.115,1.2484,False,cell_death_HR,98.582,1.29,False,cell_death_HR,98.447,1.2742,False,cell_death_HR,XP_002271424.1 putative phospholipid-transporting ATPase 9 [Vitis vinifera],0.467,0.332
XP_059596184.1,False,96.968,1.0475,False,NBS_LRR,97.231,1.1007,False,NBS_LRR,97.3,1.1229,False,NBS_LRR,XP_059596184.1 uncharacterized protein LOC100263919 [Vitis vinifera],0.263,0.332
XP_019071771.1,False,98.984,1.7401,False,NBS_LRR,99.523,1.7317,True,NBS_LRR,99.313,1.6974,True,NBS_LRR,XP_019071771.1 disease resistance protein RPV1 [Vitis vinifera],0.539,0.329
XP_059593144.1,False,98.634,1.6773,False,NBS_LRR,98.991,1.6498,False,NBS_LRR,98.96,1.6483,False,NBS_LRR,XP_059593144.1 toMV resistance protein Tm-2(2)-like isoform X2 [Vitis vinifera],0.357,0.326
XP_059593068.1,False,99.594,1.8043,True,NBS_LRR,99.87,1.773,True,NBS_LRR,99.916,1.7808,True,NBS_LRR,XP_059593068.1 disease resistance protein RUN1-like [Vitis vinifera],0.276,0.322
XP_059592235.1,False,99.569,1.0873,True,cell_death_HR,99.751,1.0473,True,cell_death_HR,99.887,1.0816,True,cell_death_HR,XP_059592235.1 cleavage and polyadenylation specificity factor subunit 3-II [Vitis vinifera],0.182,0.318
XP_010659101.1,False,94.994,1.1928,False,NBS_LRR,95.755,1.2092,False,NBS_LRR,95.304,1.175,False,NBS_LRR,XP_010659101.1 putative disease resistance RPP13-like protein 1 [Vitis vinifera],0.761,0.31
XP_010659105.1,False,94.994,1.1928,False,NBS_LRR,95.755,1.2092,False,NBS_LRR,95.304,1.175,False,NBS_LRR,XP_010659105.1 putative disease resistance RPP13-like protein 1 [Vitis vinifera],0.761,0.31
XP_010659106.1,False,94.994,1.1928,False,NBS_LRR,95.755,1.2092,False,NBS_LRR,95.304,1.175,False,NBS_LRR,XP_010659106.1 putative disease resistance RPP13-like protein 1 [Vitis vinifera],0.761,0.31
XP_010659107.1,False,94.994,1.1928,False,NBS_LRR,95.755,1.2092,False,NBS_LRR,95.304,1.175,False,NBS_LRR,XP_010659107.1 putative disease resistance RPP13-like protein 1 [Vitis vinifera],0.761,0.31
XP_059597471.1,False,94.994,1.1928,False,NBS_LRR,95.755,1.2092,False,NBS_LRR,95.304,1.175,False,NBS_LRR,XP_059597471.1 putative disease resistance RPP13-like protein 1 [Vitis vinifera],0.761,0.31
XP_010659102.1,False,94.994,1.1928,False,NBS_LRR,95.755,1.2092,False,NBS_LRR,95.304,1.175,False,NBS_LRR,XP_010659102.1 putative disease resistance RPP13-like protein 1 [Vitis vinifera],0.761,0.31
XP_010659109.1,False,94.994,1.1928,False,NBS_LRR,95.755,1.2092,False,NBS_LRR,95.304,1.175,False,NBS_LRR,XP_010659109.1 putative disease resistance RPP13-like protein 1 [Vitis vinifera],0.761,0.31
XP_010659100.1,False,94.994,1.1928,False,NBS_LRR,95.755,1.2092,False,NBS_LRR,95.304,1.175,False,NBS_LRR,XP_010659100.1 putative disease resistance RPP13-like protein 1 [Vitis vinifera],0.761,0.31
XP_010659110.1,False,94.994,1.1928,False,NBS_LRR,95.755,1.2092,False,NBS_LRR,95.304,1.175,False,NBS_LRR,XP_010659110.1 putative disease resistance RPP13-like protein 1 [Vitis vinifera],0.761,0.31
XP_010659115.1,False,94.994,1.1928,False,NBS_LRR,95.755,1.2092,False,NBS_LRR,95.304,1.175,False,NBS_LRR,XP_010659115.1 putative disease resistance RPP13-like protein 1 [Vitis vinifera],0.761,0.31
XP_010659103.1,False,94.994,1.1928,False,NBS_LRR,95.755,1.2092,False,NBS_LRR,95.304,1.175,False,NBS_LRR,XP_010659103.1 putative disease resistance RPP13-like protein 1 [Vitis vinifera],0.761,0.31
XP_059597472.1,False,94.994,1.1928,False,NBS_LRR,95.755,1.2092,False,NBS_LRR,95.304,1.175,False,NBS_LRR,XP_059597472.1 putative disease resistance RPP13-like protein 1 [Vitis vinifera],0.761,0.31
XP_010659112.1,False,94.994,1.1928,False,NBS_LRR,95.755,1.2092,False,NBS_LRR,95.304,1.175,False,NBS_LRR,XP_010659112.1 putative disease resistance RPP13-like protein 1 [Vitis vinifera],0.761,0.31
XP_010659108.1,False,94.994,1.1928,False,NBS_LRR,95.755,1.2092,False,NBS_LRR,95.304,1.175,False,NBS_LRR,XP_010659108.1 putative disease resistance RPP13-like protein 1 [Vitis vinifera],0.761,0.31
XP_010659113.1,False,94.994,1.1928,False,NBS_LRR,95.755,1.2092,False,NBS_LRR,95.304,1.175,False,NBS_LRR,XP_010659113.1 putative disease resistance RPP13-like protein 1 [Vitis vinifera],0.761,0.31
XP_059597473.1,False,94.994,1.1928,False,NBS_LRR,95.755,1.2092,False,NBS_LRR,95.304,1.175,False,NBS_LRR,XP_059597473.1 putative disease resistance RPP13-like protein 1 [Vitis vinifera],0.761,0.31
XP_019079973.1,False,94.994,1.1928,False,NBS_LRR,95.755,1.2092,False,NBS_LRR,95.304,1.175,False,NBS_LRR,XP_019079973.1 putative disease resistance RPP13-like protein 1 [Vitis vinifera],0.761,0.31
XP_059597474.1,False,94.994,1.1928,False,NBS_LRR,95.755,1.2092,False,NBS_LRR,95.304,1.175,False,NBS_LRR,XP_059597474.1 putative disease resistance RPP13-like protein 1 [Vitis vinifera],0.761,0.31
XP_010659114.1,False,94.994,1.1928,False,NBS_LRR,95.755,1.2092,False,NBS_LRR,95.304,1.175,False,NBS_LRR,XP_010659114.1 putative disease resistance RPP13-like protein 1 [Vitis vinifera],0.761,0.31
XP_019079970.1,False,94.994,1.1928,False,NBS_LRR,95.755,1.2092,False,NBS_LRR,95.304,1.175,False,NBS_LRR,XP_019079970.1 putative disease resistance RPP13-like protein 1 [Vitis vinifera],0.761,0.31
XP_059597475.1,False,94.994,1.1928,False,NBS_LRR,95.755,1.2092,False,NBS_LRR,95.304,1.175,False,NBS_LRR,XP_059597475.1 putative disease resistance RPP13-like protein 1 [Vitis vinifera],0.761,0.31
XP_019079972.1,False,94.994,1.1928,False,NBS_LRR,95.755,1.2092,False,NBS_LRR,95.304,1.175,False,NBS_LRR,XP_019079972.1 putative disease resistance RPP13-like protein 1 [Vitis vinifera],0.761,0.31
XP_019079974.1,False,94.994,1.1928,False,NBS_LRR,95.755,1.2092,False,NBS_LRR,95.304,1.175,False,NBS_LRR,XP_019079974.1 putative disease resistance RPP13-like protein 1 [Vitis vinifera],0.761,0.31
XP_010664558.1,False,94.157,0.7479,False,defense_signaling,94.63,0.7533,False,defense_signaling,94.465,0.7498,False,defense_signaling,XP_010664558.1 kinesin-like protein KIN-4A isoform X4 [Vitis vinifera],0.473,0.308
XP_010648994.2,False,98.659,0.8349,False,defense_signaling,99.692,0.8926,True,defense_signaling,98.965,0.8464,False,defense_signaling,XP_010648994.2 E3 ubiquitin-protein ligase UPL3 isoform X1 [Vitis vinifera],1.033,0.306
XP_059593099.1,False,99.208,1.7635,True,NBS_LRR,99.468,1.7237,True,NBS_LRR,99.513,1.7268,True,NBS_LRR,XP_059593099.1 probable disease resistance RPP8-like protein 2 [Vitis vinifera],0.26,0.305
XP_019077470.1,False,89.569,0.6915,False,defense_signaling,89.898,0.6933,False,defense_signaling,89.869,0.6924,False,defense_signaling,XP_019077470.1 kinesin-like protein KIN-5B [Vitis vinifera],0.329,0.3
XP_019072562.1,False,97.187,1.1707,False,NBS_LRR,97.423,1.2045,False,NBS_LRR,97.487,1.2246,False,NBS_LRR,XP_019072562.1 uncharacterized protein LOC100262430 [Vitis vinifera],0.236,0.3
XP_002274736.2,False,89.569,0.6915,False,defense_signaling,89.898,0.6933,False,defense_signaling,89.869,0.6924,False,defense_signaling,XP_002274736.2 kinesin-like protein KIN-5B [Vitis vinifera],0.329,0.3
XP_010655398.1,False,95.444,1.1003,False,cell_death_HR,95.698,1.115,False,cell_death_HR,95.742,1.1157,False,cell_death_HR,XP_010655398.1 tRNA wybutosine-synthesizing protein 2/3/4 isoform X1 [Vitis vinifera],0.254,0.298
XP_002275074.2,False,95.043,1.0036,False,antimicrobial,95.292,1.0148,False,antimicrobial,95.337,1.0131,False,antimicrobial,"XP_002275074.2 calcium-transporting ATPase 9, plasma membrane-type isoform X1 [Vitis vinifera]",0.249,0.294
XP_019080512.1,False,96.574,0.7839,False,defense_signaling,97.204,0.7969,False,defense_signaling,96.865,0.7889,False,defense_signaling,XP_019080512.1 cell morphogenesis protein PAG1 isoform X3 [Vitis vinifera],0.63,0.291
XP_010660550.1,False,96.574,0.7839,False,defense_signaling,97.204,0.7969,False,defense_signaling,96.865,0.7889,False,defense_signaling,XP_010660550.1 cell morphogenesis protein PAG1 isoform X3 [Vitis vinifera],0.63,0.291
XP_010660549.1,False,96.574,0.7839,False,defense_signaling,97.204,0.7969,False,defense_signaling,96.865,0.7889,False,defense_signaling,XP_010660549.1 cell morphogenesis protein PAG1 isoform X3 [Vitis vinifera],0.63,0.291
XP_059594076.1,False,99.281,1.7677,True,NBS_LRR,99.751,1.7461,True,NBS_LRR,99.571,1.7344,True,NBS_LRR,XP_059594076.1 disease resistance protein RUN1 isoform X1 [Vitis vinifera],0.47,0.29
XP_002284129.1,False,98.526,1.0628,False,antimicrobial,99.395,1.2148,True,antimicrobial,98.816,1.1582,False,antimicrobial,XP_002284129.1 DExH-box ATP-dependent RNA helicase DExH14 isoform X1 [Vitis vinifera],0.869,0.29
XP_059594071.1,False,99.281,1.7677,True,NBS_LRR,99.751,1.7461,True,NBS_LRR,99.571,1.7344,True,NBS_LRR,XP_059594071.1 disease resistance protein RUN1 isoform X1 [Vitis vinifera],0.47,0.29
XP_059594072.1,False,99.281,1.7677,True,NBS_LRR,99.751,1.7461,True,NBS_LRR,99.571,1.7344,True,NBS_LRR,XP_059594072.1 disease resistance protein RUN1 isoform X1 [Vitis vinifera],0.47,0.29
XP_059594073.1,False,99.281,1.7677,True,NBS_LRR,99.751,1.7461,True,NBS_LRR,99.571,1.7344,True,NBS_LRR,XP_059594073.1 disease resistance protein RUN1 isoform X1 [Vitis vinifera],0.47,0.29
XP_059594074.1,False,99.281,1.7677,True,NBS_LRR,99.751,1.7461,True,NBS_LRR,99.571,1.7344,True,NBS_LRR,XP_059594074.1 disease resistance protein RUN1 isoform X1 [Vitis vinifera],0.47,0.29
XP_059594075.1,False,99.281,1.7677,True,NBS_LRR,99.751,1.7461,True,NBS_LRR,99.571,1.7344,True,NBS_LRR,XP_059594075.1 disease resistance protein RUN1 isoform X1 [Vitis vinifera],0.47,0.29
XP_059594077.1,False,99.281,1.7677,True,NBS_LRR,99.751,1.7461,True,NBS_LRR,99.571,1.7344,True,NBS_LRR,XP_059594077.1 disease resistance protein RUN1 isoform X1 [Vitis vinifera],0.47,0.29
XP_059594078.1,False,99.281,1.7677,True,NBS_LRR,99.751,1.7461,True,NBS_LRR,99.571,1.7344,True,NBS_LRR,XP_059594078.1 disease resistance protein RUN1 isoform X1 [Vitis vinifera],0.47,0.29
XP_019079923.1,False,98.701,0.8369,False,defense_signaling,99.542,0.8816,True,defense_signaling,98.991,0.8472,False,defense_signaling,XP_019079923.1 uncharacterized protein LOC100248506 isoform X2 [Vitis vinifera],0.841,0.29
XP_059594079.1,False,99.281,1.7677,True,NBS_LRR,99.751,1.7461,True,NBS_LRR,99.571,1.7344,True,NBS_LRR,XP_059594079.1 disease resistance protein RUN1 isoform X1 [Vitis vinifera],0.47,0.29
XP_059594080.1,False,99.281,1.7677,True,NBS_LRR,99.751,1.7461,True,NBS_LRR,99.571,1.7344,True,NBS_LRR,XP_059594080.1 disease resistance protein RUN1 isoform X1 [Vitis vinifera],0.47,0.29
XP_010661973.1,False,98.201,1.1167,False,antimicrobial,98.42,1.1325,False,antimicrobial,98.491,1.1363,False,antimicrobial,XP_010661973.1 bifunctional fucokinase/fucose pyrophosphorylase isoform X1 [Vitis vinifera],0.219,0.29
XP_059594081.1,False,99.281,1.7677,True,NBS_LRR,99.751,1.7461,True,NBS_LRR,99.571,1.7344,True,NBS_LRR,XP_059594081.1 disease resistance protein RUN1 isoform X1 [Vitis vinifera],0.47,0.29
XP_010654731.2,False,98.424,1.6285,False,NBS_LRR,98.697,1.6027,False,NBS_LRR,98.709,1.6134,False,NBS_LRR,XP_010654731.2 disease resistance protein SUMM2 [Vitis vinifera],0.273,0.285
XP_010654730.2,False,98.424,1.6285,False,NBS_LRR,98.697,1.6027,False,NBS_LRR,98.709,1.6134,False,NBS_LRR,XP_010654730.2 disease resistance protein SUMM2 [Vitis vinifera],0.273,0.285
XP_010649801.1,False,99.215,1.3193,True,RLK_defense,99.323,1.3486,True,RLK_defense,99.495,1.3743,True,RLK_defense,XP_010649801.1 LRR receptor-like serine/threonine-protein kinase RPK2 [Vitis vinifera],0.108,0.28
XP_059599024.1,False,63.342,0.4144,False,cell_death_HR,66.3,0.4659,False,cell_death_HR,63.615,0.4188,False,cell_death_HR,XP_059599024.1 retrovirus-related Pol polyprotein from transposon RE1 [Vitis vinifera],2.958,0.273
XP_010653032.1,False,98.371,1.2632,False,cell_death_HR,98.612,1.2935,False,cell_death_HR,98.644,1.2936,False,cell_death_HR,XP_010653032.1 probable manganese-transporting ATPase PDR2 [Vitis vinifera],0.241,0.273
XP_010650380.1,False,99.5,1.7927,True,NBS_LRR,99.793,1.7519,True,NBS_LRR,99.771,1.7526,True,NBS_LRR,XP_010650380.1 disease resistance protein RUN1 [Vitis vinifera],0.293,0.271
XP_059597256.1,False,96.652,0.9655,False,NBS_LRR,96.871,0.9993,False,NBS_LRR,96.922,1.0182,False,NBS_LRR,XP_059597256.1 probable leucine-rich repeat receptor-like protein kinase At1g35710 isoform X1 [Vitis vinifera],0.219,0.27
XP_059597254.1,False,96.652,0.9655,False,NBS_LRR,96.871,0.9993,False,NBS_LRR,96.922,1.0182,False,NBS_LRR,XP_059597254.1 probable leucine-rich repeat receptor-like protein kinase At1g35710 isoform X1 [Vitis vinifera],0.219,0.27
XP_019079083.1,False,96.652,0.9655,False,NBS_LRR,96.871,0.9993,False,NBS_LRR,96.922,1.0182,False,NBS_LRR,XP_019079083.1 probable leucine-rich repeat receptor-like protein kinase At1g35710 isoform X1 [Vitis vinifera],0.219,0.27
XP_059597255.1,False,96.652,0.9655,False,NBS_LRR,96.871,0.9993,False,NBS_LRR,96.922,1.0182,False,NBS_LRR,XP_059597255.1 probable leucine-rich repeat receptor-like protein kinase At1g35710 isoform X1 [Vitis vinifera],0.219,0.27
XP_019080955.1,False,99.498,1.7924,True,NBS_LRR,99.813,1.7535,True,NBS_LRR,99.764,1.751,True,NBS_LRR,XP_019080955.1 disease resistance protein RUN1 isoform X2 [Vitis vinifera],0.315,0.266
XP_059591933.1,False,64.745,0.4015,False,antimicrobial,65.896,0.4338,False,antimicrobial,65.008,0.3928,False,antimicrobial,XP_059591933.1 uncharacterized protein LOC132253563 [Vitis vinifera],1.151,0.263
XP_019077521.1,False,98.622,1.6705,False,NBS_LRR,98.905,1.6338,False,NBS_LRR,98.88,1.633,False,NBS_LRR,XP_019077521.1 disease resistance protein SUMM2 [Vitis vinifera],0.283,0.258
XP_010655357.1,False,61.129,0.3978,False,defense_signaling,61.422,0.3983,False,defense_signaling,61.38,0.3973,False,defense_signaling,XP_010655357.1 polyadenylation and cleavage factor homolog 4 isoform X1 [Vitis vinifera],0.293,0.251
XP_010645906.1,False,99.526,1.8012,True,NBS_LRR,99.822,1.7585,True,NBS_LRR,99.775,1.7532,True,NBS_LRR,XP_010645906.1 disease resistance protein RPV1 [Vitis vinifera],0.296,0.249
XP_010645905.1,False,99.526,1.8012,True,NBS_LRR,99.822,1.7585,True,NBS_LRR,99.775,1.7532,True,NBS_LRR,XP_010645905.1 disease resistance protein RPV1 [Vitis vinifera],0.296,0.249
XP_059590582.1,False,98.976,1.7382,False,NBS_LRR,98.334,1.5234,False,NBS_LRR,99.225,1.68,True,NBS_LRR,XP_059590582.1 disease resistance protein RUN1 [Vitis vinifera],-0.642,0.249
XP_059594089.1,False,99.503,1.7931,True,NBS_LRR,99.84,1.763,True,NBS_LRR,99.749,1.7471,True,NBS_LRR,XP_059594089.1 disease resistance protein RPV1 [Vitis vinifera],0.337,0.246
XP_059591911.1,False,64.794,0.4397,False,defense_signaling,65.35,0.4424,False,defense_signaling,65.04,0.4387,False,defense_signaling,XP_059591911.1 filament-like plant protein 7 [Vitis vinifera],0.556,0.246
XP_002272857.1,False,98.637,1.2902,False,cell_death_HR,98.954,1.3254,False,cell_death_HR,98.88,1.3172,False,cell_death_HR,XP_002272857.1 phospholipase D beta 2 [Vitis vinifera],0.317,0.243
XP_059596924.1,False,97.883,1.5484,False,NBS_LRR,93.006,1.0217,False,NBS_LRR,98.117,1.4744,False,NBS_LRR,XP_059596924.1 LOW QUALITY PROTEIN: disease resistance protein RPV1 [Vitis vinifera],-4.877,0.234
XP_003634755.2,False,92.934,0.9131,False,antimicrobial,96.301,1.0436,False,antimicrobial,93.168,0.9529,False,antimicrobial,XP_003634755.2 ABC transporter C family member 3 [Vitis vinifera],3.367,0.234
XP_019079441.1,False,97.824,1.5463,False,NBS_LRR,98.029,1.4791,False,NBS_LRR,98.058,1.4685,False,NBS_LRR,XP_019079441.1 putative disease resistance protein RGA4 [Vitis vinifera],0.205,0.234
XP_019079443.1,False,97.824,1.5463,False,NBS_LRR,98.029,1.4791,False,NBS_LRR,98.058,1.4685,False,NBS_LRR,XP_019079443.1 putative disease resistance protein RGA4 [Vitis vinifera],0.205,0.234
XP_019079436.1,False,97.824,1.5463,False,NBS_LRR,98.029,1.4791,False,NBS_LRR,98.058,1.4685,False,NBS_LRR,XP_019079436.1 putative disease resistance protein RGA4 [Vitis vinifera],0.205,0.234
XP_059598114.1,False,97.824,1.5463,False,NBS_LRR,98.029,1.4791,False,NBS_LRR,98.058,1.4685,False,NBS_LRR,XP_059598114.1 putative disease resistance protein RGA4 [Vitis vinifera],0.205,0.234
XP_019079437.1,False,97.824,1.5463,False,NBS_LRR,98.029,1.4791,False,NBS_LRR,98.058,1.4685,False,NBS_LRR,XP_019079437.1 putative disease resistance protein RGA4 [Vitis vinifera],0.205,0.234
XP_019079438.1,False,97.824,1.5463,False,NBS_LRR,98.029,1.4791,False,NBS_LRR,98.058,1.4685,False,NBS_LRR,XP_019079438.1 putative disease resistance protein RGA4 [Vitis vinifera],0.205,0.234
XP_019079439.1,False,97.824,1.5463,False,NBS_LRR,98.029,1.4791,False,NBS_LRR,98.058,1.4685,False,NBS_LRR,XP_019079439.1 putative disease resistance protein RGA4 [Vitis vinifera],0.205,0.234
XP_019079440.1,False,97.824,1.5463,False,NBS_LRR,98.029,1.4791,False,NBS_LRR,98.058,1.4685,False,NBS_LRR,XP_019079440.1 putative disease resistance protein RGA4 [Vitis vinifera],0.205,0.234
XP_019079442.1,False,97.824,1.5463,False,NBS_LRR,98.029,1.4791,False,NBS_LRR,98.058,1.4685,False,NBS_LRR,XP_019079442.1 putative disease resistance protein RGA4 [Vitis vinifera],0.205,0.234
XP_019079444.1,False,97.824,1.5463,False,NBS_LRR,98.029,1.4791,False,NBS_LRR,98.058,1.4685,False,NBS_LRR,XP_019079444.1 putative disease resistance protein RGA4 [Vitis vinifera],0.205,0.234
XP_019079447.1,False,97.824,1.5463,False,NBS_LRR,98.029,1.4791,False,NBS_LRR,98.058,1.4685,False,NBS_LRR,XP_019079447.1 putative disease resistance protein RGA4 [Vitis vinifera],0.205,0.234
XP_019079449.1,False,97.824,1.5463,False,NBS_LRR,98.029,1.4791,False,NBS_LRR,98.058,1.4685,False,NBS_LRR,XP_019079449.1 putative disease resistance protein RGA4 [Vitis vinifera],0.205,0.234
XP_019079450.1,False,97.824,1.5463,False,NBS_LRR,98.029,1.4791,False,NBS_LRR,98.058,1.4685,False,NBS_LRR,XP_019079450.1 putative disease resistance protein RGA4 [Vitis vinifera],0.205,0.234
XP_019079448.1,False,97.824,1.5463,False,NBS_LRR,98.029,1.4791,False,NBS_LRR,98.058,1.4685,False,NBS_LRR,XP_019079448.1 putative disease resistance protein RGA4 [Vitis vinifera],0.205,0.234
XP_019079451.1,False,97.824,1.5463,False,NBS_LRR,98.029,1.4791,False,NBS_LRR,98.058,1.4685,False,NBS_LRR,XP_019079451.1 putative disease resistance protein RGA4 [Vitis vinifera],0.205,0.234
XP_019077765.1,False,91.745,0.9726,False,NBS_LRR,92.014,0.9645,False,NBS_LRR,91.977,0.9628,False,NBS_LRR,XP_019077765.1 receptor-like protein EIX2 [Vitis vinifera],0.269,0.232
XP_059593153.1,False,99.185,1.7579,True,NBS_LRR,99.422,1.7107,True,NBS_LRR,99.417,1.7099,True,NBS_LRR,XP_059593153.1 putative disease resistance RPP13-like protein 2 [Vitis vinifera],0.237,0.232
XP_059597335.1,False,97.795,1.5445,False,NBS_LRR,98.368,1.5309,False,NBS_LRR,98.026,1.4659,False,NBS_LRR,XP_059597335.1 putative disease resistance RPP13-like protein 1 [Vitis vinifera],0.573,0.231
XP_010658082.1,False,96.92,1.0109,False,NBS_LRR,97.09,1.0624,False,NBS_LRR,97.149,1.0988,False,NBS_LRR,XP_010658082.1 probable leucine-rich repeat receptor-like protein kinase At1g35710 [Vitis vinifera],0.17,0.229
XP_010658080.1,False,96.92,1.0109,False,NBS_LRR,97.09,1.0624,False,NBS_LRR,97.149,1.0988,False,NBS_LRR,XP_010658080.1 probable leucine-rich repeat receptor-like protein kinase At1g35710 [Vitis vinifera],0.17,0.229
XP_010663010.2,False,80.491,0.5625,False,RLK_defense,81.977,0.6016,False,NBS_LRR,80.717,0.5621,False,RLK_defense,XP_010663010.2 uncharacterized protein LOC104882260 [Vitis vinifera],1.486,0.226
XP_010650225.1,False,99.402,1.3587,True,RLK_defense,99.579,1.3838,True,RLK_defense,99.628,1.3936,True,RLK_defense,XP_010650225.1 LRR receptor-like serine/threonine-protein kinase RGI1 [Vitis vinifera],0.177,0.226
XP_059596181.1,False,97.551,1.1677,False,NBS_LRR,97.647,1.1809,False,NBS_LRR,97.773,1.2483,False,NBS_LRR,XP_059596181.1 LOW QUALITY PROTEIN: uncharacterized protein LOC100852643 [Vitis vinifera],0.096,0.222
XP_019077764.1,False,92.122,0.9967,False,NBS_LRR,92.479,0.9891,False,NBS_LRR,92.341,0.9855,False,NBS_LRR,XP_019077764.1 LOW QUALITY PROTEIN: receptor-like protein EIX2 [Vitis vinifera],0.357,0.219
XP_019076685.2,False,98.705,0.9792,False,antimicrobial,99.515,0.9001,True,antimicrobial,98.917,0.9728,False,antimicrobial,"XP_019076685.2 ATP-dependent RNA helicase DEAH11, chloroplastic [Vitis vinifera]",0.81,0.212
XP_019077858.1,False,93.645,1.0946,False,NBS_LRR,93.658,1.0612,False,NBS_LRR,93.855,1.0817,False,NBS_LRR,XP_019077858.1 cuscuta receptor 1-like [Vitis vinifera],0.013,0.21
XP_002282354.1,False,96.749,1.0566,False,antimicrobial,97.069,1.0677,False,antimicrobial,96.956,1.0604,False,antimicrobial,XP_002282354.1 spliceosome-associated protein 130 A [Vitis vinifera],0.32,0.207
XP_002284552.1,False,94.69,0.9936,False,antimicrobial,94.84,1.0001,False,antimicrobial,94.897,0.9982,False,antimicrobial,"XP_002284552.1 calcium-transporting ATPase 4, endoplasmic reticulum-type [Vitis vinifera]",0.15,0.207
XP_010651081.1,False,94.69,0.9936,False,antimicrobial,94.84,1.0001,False,antimicrobial,94.897,0.9982,False,antimicrobial,"XP_010651081.1 calcium-transporting ATPase 4, endoplasmic reticulum-type [Vitis vinifera]",0.15,0.207
XP_010659207.1,False,97.701,1.5311,False,NBS_LRR,97.755,1.4531,False,NBS_LRR,97.903,1.4533,False,NBS_LRR,XP_010659207.1 putative disease resistance RPP13-like protein 1 [Vitis vinifera],0.054,0.202
XP_059598142.1,False,97.701,1.5311,False,NBS_LRR,97.755,1.4531,False,NBS_LRR,97.903,1.4533,False,NBS_LRR,XP_059598142.1 putative disease resistance RPP13-like protein 1 [Vitis vinifera],0.054,0.202
XP_059598141.1,False,97.701,1.5311,False,NBS_LRR,97.755,1.4531,False,NBS_LRR,97.903,1.4533,False,NBS_LRR,XP_059598141.1 putative disease resistance RPP13-like protein 1 [Vitis vinifera],0.054,0.202
XP_059594082.1,False,99.37,1.7749,True,NBS_LRR,99.611,1.739,True,NBS_LRR,99.571,1.7344,True,NBS_LRR,XP_059594082.1 disease resistance protein RUN1 isoform X2 [Vitis vinifera],0.241,0.201
XP_010662228.1,False,94.994,0.76,False,defense_signaling,95.523,0.7669,False,defense_signaling,95.195,0.7607,False,defense_signaling,XP_010662228.1 ATP-dependent DNA helicase SRS2-like protein At4g25120 isoform X2 [Vitis vinifera],0.529,0.201
XP_002268724.1,False,97.805,1.0982,False,antimicrobial,98.093,1.1096,False,antimicrobial,98.004,1.102,False,antimicrobial,XP_002268724.1 phytochrome C [Vitis vinifera],0.288,0.199
XP_002271225.1,False,96.983,1.0219,False,cell_death_HR,97.182,1.0322,False,cell_death_HR,97.182,1.0278,False,cell_death_HR,XP_002271225.1 protein argonaute 1 [Vitis vinifera],0.199,0.199
XP_059591522.1,False,97.61,1.1011,False,RLK_defense,97.561,1.0917,False,RLK_defense,97.807,1.1442,False,RLK_defense,XP_059591522.1 uncharacterized protein LOC100260654 [Vitis vinifera],-0.049,0.197
XP_002281730.1,False,99.587,1.3883,True,RLK_defense,99.707,1.4048,True,RLK_defense,99.781,1.421,True,RLK_defense,XP_002281730.1 serine/threonine-protein kinase BRI1-like 2 [Vitis vinifera],0.12,0.194
XP_010663029.2,False,98.387,0.8259,False,defense_signaling,98.644,0.8359,False,defense_signaling,98.58,0.8312,False,defense_signaling,XP_010663029.2 LOW QUALITY PROTEIN: cellulose synthase-like protein D2 [Vitis vinifera],0.257,0.193
XP_059595754.1,False,91.963,0.7182,False,defense_signaling,92.133,0.7191,False,defense_signaling,92.153,0.7187,False,defense_signaling,XP_059595754.1 pumilio homolog 5 isoform X1 [Vitis vinifera],0.17,0.19
XP_059595753.1,False,91.963,0.7182,False,defense_signaling,92.133,0.7191,False,defense_signaling,92.153,0.7187,False,defense_signaling,XP_059595753.1 pumilio homolog 5 isoform X1 [Vitis vinifera],0.17,0.19
XP_059595752.1,False,91.963,0.7182,False,defense_signaling,92.133,0.7191,False,defense_signaling,92.153,0.7187,False,defense_signaling,XP_059595752.1 pumilio homolog 5 isoform X1 [Vitis vinifera],0.17,0.19
XP_059595751.1,False,91.963,0.7182,False,defense_signaling,92.133,0.7191,False,defense_signaling,92.153,0.7187,False,defense_signaling,XP_059595751.1 pumilio homolog 5 isoform X1 [Vitis vinifera],0.17,0.19
XP_010652210.1,False,96.996,0.7926,False,defense_signaling,98.227,0.8222,False,defense_signaling,97.183,0.7948,False,defense_signaling,XP_010652210.1 ATP-dependent RNA helicase DEAH13 [Vitis vinifera],1.231,0.187
XP_010652211.1,False,96.996,0.7926,False,defense_signaling,98.227,0.8222,False,defense_signaling,97.183,0.7948,False,defense_signaling,XP_010652211.1 ATP-dependent RNA helicase DEAH13 [Vitis vinifera],1.231,0.187
XP_010652212.1,False,96.996,0.7926,False,defense_signaling,98.227,0.8222,False,defense_signaling,97.183,0.7948,False,defense_signaling,XP_010652212.1 ATP-dependent RNA helicase DEAH13 [Vitis vinifera],1.231,0.187
XP_010652213.1,False,96.996,0.7926,False,defense_signaling,98.227,0.8222,False,defense_signaling,97.183,0.7948,False,defense_signaling,XP_010652213.1 ATP-dependent RNA helicase DEAH13 [Vitis vinifera],1.231,0.187
XP_002278610.1,False,97.971,1.1044,False,antimicrobial,98.192,1.1153,False,antimicrobial,98.158,1.1097,False,antimicrobial,XP_002278610.1 phytochrome A1 [Vitis vinifera],0.221,0.187
XP_010659783.1,False,97.971,1.1044,False,antimicrobial,98.192,1.1153,False,antimicrobial,98.158,1.1097,False,antimicrobial,XP_010659783.1 phytochrome A1 [Vitis vinifera],0.221,0.187
XP_019076826.1,False,96.996,0.7926,False,defense_signaling,98.227,0.8222,False,defense_signaling,97.183,0.7948,False,defense_signaling,XP_019076826.1 ATP-dependent RNA helicase DEAH13 [Vitis vinifera],1.231,0.187
XP_019076827.1,False,96.996,0.7926,False,defense_signaling,98.227,0.8222,False,defense_signaling,97.183,0.7948,False,defense_signaling,XP_019076827.1 ATP-dependent RNA helicase DEAH13 [Vitis vinifera],1.231,0.187
XP_059590564.1,False,97.694,1.5283,False,NBS_LRR,91.59,0.9394,False,NBS_LRR,97.876,1.4408,False,NBS_LRR,XP_059590564.1 LOW QUALITY PROTEIN: disease resistance protein RPV1 [Vitis vinifera],-6.104,0.182
XP_010649398.1,False,20.73,-0.333,False,defense_signaling,20.986,-0.3196,False,defense_signaling,20.905,-0.3214,False,defense_signaling,XP_010649398.1 uncharacterized protein LOC104879181 isoform X1 [Vitis vinifera],0.256,0.175
XP_002268048.1,False,2.124,-2.2946,False,cell_death_HR,2.198,-2.2452,False,cell_death_HR,2.296,-2.2046,False,cell_death_HR,XP_002268048.1 importin beta-like SAD2 [Vitis vinifera],0.074,0.172
XP_019075513.1,False,99.813,1.8275,True,NBS_LRR,99.941,1.7898,True,NBS_LRR,99.985,1.7878,True,NBS_LRR,XP_019075513.1 disease resistance protein RUN1 isoform X1 [Vitis vinifera],0.128,0.172
XP_002280019.1,False,98.383,0.8334,False,antimicrobial,98.452,0.8417,False,antimicrobial,98.554,0.8442,False,antimicrobial,XP_002280019.1 uncharacterized protein LOC100262676 isoform X1 [Vitis vinifera],0.069,0.171
XP_010652347.1,False,99.371,1.3553,True,RLK_defense,99.472,1.3681,True,RLK_defense,99.541,1.3808,True,RLK_defense,XP_010652347.1 LRR receptor-like serine/threonine-protein kinase RPK2 [Vitis vinifera],0.101,0.17
XP_010652346.1,False,99.371,1.3553,True,RLK_defense,99.472,1.3681,True,RLK_defense,99.541,1.3808,True,RLK_defense,XP_010652346.1 LRR receptor-like serine/threonine-protein kinase RPK2 [Vitis vinifera],0.101,0.17
XP_059596414.1,False,99.584,1.3882,True,RLK_defense,99.729,1.4108,True,RLK_defense,99.747,1.4151,True,RLK_defense,XP_059596414.1 uncharacterized protein LOC100244640 [Vitis vinifera],0.145,0.163
XP_010656031.1,False,3.985,-1.8096,False,cell_death_HR,4.26,-1.7488,False,cell_death_HR,4.143,-1.7659,False,cell_death_HR,XP_010656031.1 myosin-1 isoform X1 [Vitis vinifera],0.275,0.158
XP_010656030.1,False,3.985,-1.8096,False,cell_death_HR,4.26,-1.7488,False,cell_death_HR,4.143,-1.7659,False,cell_death_HR,XP_010656030.1 myosin-1 isoform X1 [Vitis vinifera],0.275,0.158
XP_010656029.1,False,3.985,-1.8096,False,cell_death_HR,4.26,-1.7488,False,cell_death_HR,4.143,-1.7659,False,cell_death_HR,XP_010656029.1 myosin-1 isoform X1 [Vitis vinifera],0.275,0.158
XP_019078205.1,False,3.985,-1.8096,False,cell_death_HR,4.26,-1.7488,False,cell_death_HR,4.143,-1.7659,False,cell_death_HR,XP_019078205.1 myosin-1 isoform X1 [Vitis vinifera],0.275,0.158
XP_002273898.1,False,3.985,-1.8096,False,cell_death_HR,4.26,-1.7488,False,cell_death_HR,4.143,-1.7659,False,cell_death_HR,XP_002273898.1 myosin-1 isoform X1 [Vitis vinifera],0.275,0.158
XP_002280842.1,False,99.311,1.2091,True,antimicrobial,99.429,1.2191,True,antimicrobial,99.468,1.2214,True,antimicrobial,XP_002280842.1 phosphoenolpyruvate carboxylase 4 isoform X1 [Vitis vinifera],0.118,0.157
XP_002273607.2,False,98.646,1.2474,False,RLK_defense,98.673,1.2607,False,RLK_defense,98.801,1.2756,False,RLK_defense,XP_002273607.2 receptor-like protein kinase [Vitis vinifera],0.027,0.155
XP_002278001.2,False,99.328,1.3408,True,RLK_defense,99.392,1.3576,True,RLK_defense,99.481,1.371,True,RLK_defense,XP_002278001.2 LRR receptor-like serine/threonine-protein kinase RGI2 [Vitis vinifera],0.064,0.153
XP_010645921.1,False,99.616,1.8075,True,NBS_LRR,99.774,1.7476,True,NBS_LRR,99.769,1.7523,True,NBS_LRR,XP_010645921.1 disease resistance protein RUN1 isoform X1 [Vitis vinifera],0.158,0.153
XP_010651834.1,False,98.238,1.067,False,PR_proteins,98.324,1.0705,False,PR_proteins,98.39,1.07,False,PR_proteins,XP_010651834.1 protein argonaute 5 [Vitis vinifera],0.086,0.152
XP_010657644.1,False,96.81,1.0019,False,NBS_LRR,96.97,1.0289,False,NBS_LRR,96.957,1.0395,False,NBS_LRR,XP_010657644.1 probable leucine-rich repeat receptor-like protein kinase At1g35710 [Vitis vinifera],0.16,0.147
XP_010657645.1,False,96.81,1.0019,False,NBS_LRR,96.97,1.0289,False,NBS_LRR,96.957,1.0395,False,NBS_LRR,XP_010657645.1 probable leucine-rich repeat receptor-like protein kinase At1g35710 [Vitis vinifera],0.16,0.147
XP_010657640.1,False,96.81,1.0019,False,NBS_LRR,96.97,1.0289,False,NBS_LRR,96.957,1.0395,False,NBS_LRR,XP_010657640.1 probable leucine-rich repeat receptor-like protein kinase At1g35710 [Vitis vinifera],0.16,0.147
XP_010657642.1,False,96.81,1.0019,False,NBS_LRR,96.97,1.0289,False,NBS_LRR,96.957,1.0395,False,NBS_LRR,XP_010657642.1 probable leucine-rich repeat receptor-like protein kinase At1g35710 [Vitis vinifera],0.16,0.147
XP_010657641.1,False,96.81,1.0019,False,NBS_LRR,96.97,1.0289,False,NBS_LRR,96.957,1.0395,False,NBS_LRR,XP_010657641.1 probable leucine-rich repeat receptor-like protein kinase At1g35710 [Vitis vinifera],0.16,0.147
XP_010657639.1,False,96.81,1.0019,False,NBS_LRR,96.97,1.0289,False,NBS_LRR,96.957,1.0395,False,NBS_LRR,XP_010657639.1 probable leucine-rich repeat receptor-like protein kinase At1g35710 [Vitis vinifera],0.16,0.147
XP_059596034.1,False,97.605,1.1605,False,NBS_LRR,97.918,1.2343,False,NBS_LRR,97.751,1.2338,False,NBS_LRR,XP_059596034.1 receptor-like serine/threonine-protein kinase SD1-8 [Vitis vinifera],0.313,0.146
XP_059595605.1,False,93.786,1.1044,False,NBS_LRR,93.648,1.0603,False,NBS_LRR,93.928,1.0874,False,NBS_LRR,XP_059595605.1 receptor-like protein 15 isoform X1 [Vitis vinifera],-0.138,0.142
XP_059590817.1,False,99.03,1.7463,True,NBS_LRR,99.34,1.6966,True,NBS_LRR,99.171,1.6739,True,NBS_LRR,XP_059590817.1 disease resistance protein RPV1 [Vitis vinifera],0.31,0.141
XP_059590383.1,False,99.182,1.7576,True,NBS_LRR,99.472,1.7237,True,NBS_LRR,99.322,1.6999,True,NBS_LRR,XP_059590383.1 disease resistance protein RPV1 [Vitis vinifera],0.29,0.14
XP_059590382.1,False,99.182,1.7576,True,NBS_LRR,99.472,1.7237,True,NBS_LRR,99.322,1.6999,True,NBS_LRR,XP_059590382.1 disease resistance protein RPV1 [Vitis vinifera],0.29,0.14
XP_002267656.1,False,98.794,0.8644,False,antimicrobial,98.971,0.9127,False,antimicrobial,98.932,0.9381,False,antimicrobial,XP_002267656.1 uncharacterized protein LOC100242435 [Vitis vinifera],0.177,0.138
XP_010657643.1,False,96.81,1.0019,False,NBS_LRR,96.97,1.0289,False,NBS_LRR,96.948,1.0395,False,NBS_LRR,XP_010657643.1 probable leucine-rich repeat receptor-like protein kinase At1g35710 [Vitis vinifera],0.16,0.138
XP_002263569.3,False,99.148,1.3066,True,RLK_defense,99.22,1.3203,True,RLK_defense,99.279,1.3368,True,RLK_defense,XP_002263569.3 LRR receptor-like serine/threonine-protein kinase RGI5 [Vitis vinifera],0.072,0.131
XP_010649581.1,False,97.534,0.8041,False,defense_signaling,98.794,0.8404,False,defense_signaling,97.664,0.8053,False,defense_signaling,XP_010649581.1 uncharacterized protein LOC100260122 isoform X2 [Vitis vinifera],1.26,0.13
XP_059596946.1,False,98.548,1.6432,False,NBS_LRR,98.701,1.6065,False,NBS_LRR,98.676,1.605,False,NBS_LRR,XP_059596946.1 disease resistance protein RPS2 isoform X1 [Vitis vinifera],0.153,0.128
XP_010656883.1,False,99.256,1.7655,True,NBS_LRR,99.29,1.6886,True,NBS_LRR,99.383,1.7044,True,NBS_LRR,XP_010656883.1 probable disease resistance protein At4g27220 [Vitis vinifera],0.034,0.127
XP_019078424.1,False,99.256,1.7655,True,NBS_LRR,99.29,1.6886,True,NBS_LRR,99.383,1.7044,True,NBS_LRR,XP_019078424.1 probable disease resistance protein At4g27220 [Vitis vinifera],0.034,0.127
XP_010654583.1,False,90.222,0.7966,False,NBS_LRR,87.114,0.7337,False,NBS_LRR,90.348,0.7849,False,NBS_LRR,XP_010654583.1 uncharacterized protein LOC100241278 isoform X6 [Vitis vinifera],-3.108,0.126
XP_010665420.1,False,99.623,1.8101,True,NBS_LRR,99.828,1.7593,True,NBS_LRR,99.747,1.7471,True,NBS_LRR,XP_010665420.1 disease resistance protein RPV1 [Vitis vinifera],0.205,0.124
XP_019077577.1,False,96.109,0.9927,False,NBS_LRR,96.175,0.9455,False,NBS_LRR,96.23,0.958,False,NBS_LRR,XP_019077577.1 putative receptor-like protein kinase At3g47110 [Vitis vinifera],0.066,0.121
XP_019075671.1,False,32.96,-0.007,False,defense_signaling,33.127,-0.0047,False,defense_signaling,33.08,-0.0045,False,defense_signaling,XP_019075671.1 uncharacterized protein LOC100266667 isoform X2 [Vitis vinifera],0.167,0.12
XP_002274010.1,False,97.719,0.8079,False,defense_signaling,98.137,0.8199,False,defense_signaling,97.837,0.81,False,defense_signaling,XP_002274010.1 cellulose synthase-like protein D5 [Vitis vinifera],0.418,0.118
XP_010665417.1,False,99.776,1.821,True,NBS_LRR,99.867,1.7718,True,NBS_LRR,99.892,1.7732,True,NBS_LRR,XP_010665417.1 disease resistance protein RUN1 [Vitis vinifera],0.091,0.116
XP_059595735.1,False,92.88,0.9989,False,NBS_LRR,92.762,0.9835,False,NBS_LRR,92.996,0.9737,False,NBS_LRR,XP_059595735.1 receptor-like protein EIX1 [Vitis vinifera],-0.118,0.116
XP_002276056.1,False,99.759,1.8131,True,NBS_LRR,99.835,1.7618,True,NBS_LRR,99.874,1.7672,True,NBS_LRR,XP_002276056.1 disease resistance protein RPV1 [Vitis vinifera],0.076,0.115
XP_010655928.1,False,95.887,0.9688,False,PR_proteins,96.057,0.9723,False,PR_proteins,96.001,0.9679,False,PR_proteins,XP_010655928.1 protein argonaute 2 [Vitis vinifera],0.17,0.114
XP_019079939.1,False,95.915,1.0305,False,antimicrobial,96.102,1.0374,False,antimicrobial,96.028,1.0315,False,antimicrobial,XP_019079939.1 ubiquitin C-terminal hydrolase 12 isoform X7 [Vitis vinifera],0.187,0.113
XP_059598305.1,False,95.752,1.0269,False,antimicrobial,95.944,1.0329,False,antimicrobial,95.864,1.0263,False,antimicrobial,XP_059598305.1 ubiquitin C-terminal hydrolase 12 isoform X8 [Vitis vinifera],0.192,0.112
XP_059595606.1,False,93.365,1.0733,False,NBS_LRR,93.394,1.0438,False,NBS_LRR,93.476,1.0519,False,NBS_LRR,XP_059595606.1 receptor-like protein 14 isoform X2 [Vitis vinifera],0.029,0.111
XP_010646579.1,False,89.695,0.6924,False,defense_signaling,89.87,0.6931,False,defense_signaling,89.804,0.6916,False,defense_signaling,XP_010646579.1 uncharacterized protein LOC100254795 isoform X1 [Vitis vinifera],0.175,0.109
XP_059593319.1,False,94.417,0.9841,False,antimicrobial,94.85,1.0003,False,antimicrobial,94.525,0.9888,False,antimicrobial,XP_059593319.1 callose synthase 9 [Vitis vinifera],0.433,0.108
XP_010661165.1,False,75.385,0.5465,False,defense_signaling,77.54,0.5644,False,defense_signaling,75.493,0.5443,False,defense_signaling,XP_010661165.1 uncharacterized protein LOC100252352 isoform X1 [Vitis vinifera],2.155,0.108
XP_059593321.1,False,94.417,0.9841,False,antimicrobial,94.85,1.0003,False,antimicrobial,94.525,0.9888,False,antimicrobial,XP_059593321.1 callose synthase 9 [Vitis vinifera],0.433,0.108
XP_059593318.1,False,94.417,0.9841,False,antimicrobial,94.85,1.0003,False,antimicrobial,94.525,0.9888,False,antimicrobial,XP_059593318.1 callose synthase 9 [Vitis vinifera],0.433,0.108
XP_059593320.1,False,94.417,0.9841,False,antimicrobial,94.85,1.0003,False,antimicrobial,94.525,0.9888,False,antimicrobial,XP_059593320.1 callose synthase 9 [Vitis vinifera],0.433,0.108
XP_059593407.1,False,20.799,-0.3313,False,defense_signaling,20.947,-0.3208,False,defense_signaling,20.905,-0.3214,False,defense_signaling,XP_059593407.1 uncharacterized protein LOC104879181 isoform X3 [Vitis vinifera],0.148,0.106
XP_059592990.1,False,95.553,0.7675,False,defense_signaling,96.394,0.7809,False,defense_signaling,95.659,0.7676,False,defense_signaling,XP_059592990.1 probable sucrose-phosphate synthase 3 isoform X1 [Vitis vinifera],0.841,0.106
XP_010648733.1,False,99.483,0.8734,True,defense_signaling,99.508,0.8798,True,defense_signaling,99.588,0.8787,True,defense_signaling,XP_010648733.1 topless-related protein 1 isoform X1 [Vitis vinifera],0.025,0.105
XP_059590717.1,False,99.614,1.8068,True,NBS_LRR,99.609,1.7375,True,NBS_LRR,99.719,1.7409,True,NBS_LRR,XP_059590717.1 disease resistance protein RPV1 isoform X2 [Vitis vinifera],-0.005,0.105
XP_010654829.1,False,92.252,1.004,False,NBS_LRR,92.385,0.9827,False,NBS_LRR,92.356,0.9859,False,NBS_LRR,XP_010654829.1 receptor-like protein 15 isoform X3 [Vitis vinifera],0.133,0.104
XP_002272290.1,False,97.057,0.8716,False,cell_death_HR,97.413,0.8819,False,cell_death_HR,97.16,0.8913,False,PR_proteins,XP_002272290.1 protein transport protein SEC31 homolog B isoform X2 [Vitis vinifera],0.356,0.103
XP_059592806.1,False,1.969,-2.8102,False,defense_signaling,2.035,-2.7525,False,defense_signaling,2.072,-2.6954,False,defense_signaling,XP_059592806.1 uncharacterized protein LOC132253784 [Vitis vinifera],0.066,0.103
XP_002262850.2,False,98.831,0.84,False,defense_signaling,98.91,0.8474,False,defense_signaling,98.929,0.8441,False,defense_signaling,XP_002262850.2 protein unc-13 homolog isoform X1 [Vitis vinifera],0.079,0.098
XP_002274474.1,False,96.599,0.7843,False,defense_signaling,96.7,0.7864,False,defense_signaling,96.697,0.7857,False,defense_signaling,XP_002274474.1 cellulose synthase-like protein D1 [Vitis vinifera],0.101,0.098
XP_059596947.1,False,98.575,1.6494,False,NBS_LRR,98.708,1.6091,False,NBS_LRR,98.673,1.6049,False,NBS_LRR,XP_059596947.1 disease resistance protein RPS2 isoform X2 [Vitis vinifera],0.133,0.098
XP_059596424.1,False,96.985,0.9952,False,NBS_LRR,97.044,1.0208,False,NBS_LRR,97.081,1.0535,False,NBS_LRR,XP_059596424.1 probable LRR receptor-like serine/threonine-protein kinase At3g47570 [Vitis vinifera],0.059,0.096
XP_010654827.1,False,91.443,0.9522,False,NBS_LRR,91.962,0.9598,False,NBS_LRR,91.531,0.9361,False,NBS_LRR,XP_010654827.1 receptor like protein 21-like isoform X1 [Vitis vinifera],0.519,0.088
XP_003634262.1,False,99.338,1.3475,True,RLK_defense,99.404,1.3588,True,RLK_defense,99.422,1.3648,True,RLK_defense,XP_003634262.1 leucine-rich repeat receptor-like serine/threonine-protein kinase RGI4 [Vitis vinifera],0.066,0.084
XP_010649404.1,False,20.821,-0.3304,False,defense_signaling,21.028,-0.3183,False,defense_signaling,20.905,-0.3214,False,defense_signaling,XP_010649404.1 uncharacterized protein LOC104879181 isoform X2 [Vitis vinifera],0.207,0.084
XP_059593516.1,False,31.721,-0.1731,False,NBS_LRR,31.734,-0.15,False,NBS_LRR,31.803,-0.1487,False,NBS_LRR,XP_059593516.1 protein FAR-RED IMPAIRED RESPONSE 1 isoform X2 [Vitis vinifera],0.013,0.082
XP_002267870.2,False,99.495,1.3717,True,RLK_defense,99.564,1.3815,True,RLK_defense,99.574,1.3882,True,RLK_defense,XP_002267870.2 leucine-rich repeat receptor-like serine/threonine-protein kinase RGI4 [Vitis vinifera],0.069,0.079
XP_010650208.1,False,99.643,1.8118,True,NBS_LRR,98.715,1.6139,False,NBS_LRR,99.722,1.7424,True,NBS_LRR,XP_010650208.1 disease resistance protein RPV1 [Vitis vinifera],-0.928,0.079
XP_002278953.1,False,97.642,0.8611,False,RLK_defense,97.689,0.8574,False,RLK_defense,97.721,0.857,False,RLK_defense,XP_002278953.1 U-box domain-containing protein 44 [Vitis vinifera],0.047,0.079
XP_010660190.1,False,98.527,1.6338,False,NBS_LRR,98.686,1.5993,False,NBS_LRR,98.605,1.5899,False,NBS_LRR,XP_010660190.1 probable disease resistance protein At4g27220 isoform X2 [Vitis vinifera],0.159,0.078
XP_059598657.1,False,99.627,1.4002,True,RLK_defense,99.667,1.4003,True,RLK_defense,99.703,1.4028,True,RLK_defense,XP_059598657.1 LRR receptor-like serine/threonine-protein kinase RPK2 [Vitis vinifera],0.04,0.076
XP_010660669.1,False,99.627,1.4002,True,RLK_defense,99.667,1.4003,True,RLK_defense,99.703,1.4028,True,RLK_defense,XP_010660669.1 LRR receptor-like serine/threonine-protein kinase RPK2 [Vitis vinifera],0.04,0.076
XP_059596537.1,False,79.368,0.6967,False,cell_death_HR,79.57,0.7008,False,cell_death_HR,79.442,0.6957,False,cell_death_HR,XP_059596537.1 formin-like protein 13 isoform X5 [Vitis vinifera],0.202,0.074
XP_010648734.1,False,99.515,0.8759,True,defense_signaling,99.525,0.8811,True,defense_signaling,99.588,0.8787,True,defense_signaling,XP_010648734.1 topless-related protein 1 isoform X3 [Vitis vinifera],0.01,0.073
XP_019075216.1,False,99.515,0.8759,True,defense_signaling,99.525,0.8811,True,defense_signaling,99.588,0.8787,True,defense_signaling,XP_019075216.1 topless-related protein 1 isoform X3 [Vitis vinifera],0.01,0.073
XP_010657873.2,False,98.979,1.7388,False,NBS_LRR,99.057,1.6593,True,NBS_LRR,99.052,1.6591,True,NBS_LRR,XP_010657873.2 LOW QUALITY PROTEIN: disease resistance protein RUN1 [Vitis vinifera],0.078,0.073
XP_010648735.1,False,99.515,0.8759,True,defense_signaling,99.525,0.8811,True,defense_signaling,99.588,0.8787,True,defense_signaling,XP_010648735.1 topless-related protein 1 isoform X3 [Vitis vinifera],0.01,0.073
XP_010660884.1,False,98.56,1.1452,False,antimicrobial,98.582,1.0156,False,antimicrobial,98.632,1.1395,False,antimicrobial,XP_010660884.1 DExH-box ATP-dependent RNA helicase DExH17 [Vitis vinifera],0.022,0.072
XP_059599261.1,False,99.929,1.8574,True,NBS_LRR,99.392,1.7054,True,NBS_LRR,100.0,1.804,True,NBS_LRR,XP_059599261.1 putative disease resistance protein RGA4 [Vitis vinifera],-0.537,0.071
XP_059592797.1,False,1.831,-2.907,False,defense_signaling,1.927,-2.8422,False,defense_signaling,1.902,-2.8475,False,defense_signaling,XP_059592797.1 uncharacterized protein LOC132253782 [Vitis vinifera],0.096,0.071
XP_010655861.1,False,85.456,0.6489,False,defense_signaling,85.702,0.6498,False,defense_signaling,85.52,0.6467,False,defense_signaling,XP_010655861.1 lysine-specific demethylase JMJ18 isoform X1 [Vitis vinifera],0.246,0.064
XP_010655858.1,False,85.456,0.6489,False,defense_signaling,85.702,0.6498,False,defense_signaling,85.52,0.6467,False,defense_signaling,XP_010655858.1 lysine-specific demethylase JMJ18 isoform X1 [Vitis vinifera],0.246,0.064
XP_010655859.1,False,85.456,0.6489,False,defense_signaling,85.702,0.6498,False,defense_signaling,85.52,0.6467,False,defense_signaling,XP_010655859.1 lysine-specific demethylase JMJ18 isoform X1 [Vitis vinifera],0.246,0.064
XP_010655860.1,False,85.456,0.6489,False,defense_signaling,85.702,0.6498,False,defense_signaling,85.52,0.6467,False,defense_signaling,XP_010655860.1 lysine-specific demethylase JMJ18 isoform X1 [Vitis vinifera],0.246,0.064
XP_002263001.1,False,99.188,1.3121,True,RLK_defense,99.232,1.3221,True,RLK_defense,99.252,1.3328,True,RLK_defense,XP_002263001.1 leucine-rich repeat receptor-like serine/threonine-protein kinase At1g17230 [Vitis vinifera],0.044,0.064
XP_010645910.1,False,99.53,1.8028,True,NBS_LRR,99.786,1.7512,True,NBS_LRR,99.591,1.7348,True,NBS_LRR,XP_010645910.1 disease resistance protein RPV1 isoform X1 [Vitis vinifera],0.256,0.061
XP_019077720.1,False,91.396,0.9487,False,NBS_LRR,91.775,0.9493,False,NBS_LRR,91.457,0.9314,False,NBS_LRR,XP_019077720.1 receptor like protein 21-like isoform X2 [Vitis vinifera],0.379,0.061
XP_002278263.1,False,98.073,1.1099,False,antimicrobial,98.223,1.1179,False,antimicrobial,98.132,1.1088,False,antimicrobial,XP_002278263.1 phytochrome B [Vitis vinifera],0.15,0.059
XP_010650310.1,False,98.959,1.7317,False,NBS_LRR,98.988,1.6493,False,NBS_LRR,99.018,1.6531,True,NBS_LRR,XP_010650310.1 disease resistance protein RPV1 [Vitis vinifera],0.029,0.059
XP_059593742.1,False,66.861,0.4201,False,antimicrobial,67.927,0.4596,False,antimicrobial,66.918,0.4115,False,antimicrobial,XP_059593742.1 uncharacterized protein LOC132254043 [Vitis vinifera],1.066,0.057
XP_059599214.1,False,99.937,1.8636,True,NBS_LRR,99.39,1.7047,True,NBS_LRR,99.991,1.7942,True,NBS_LRR,XP_059599214.1 putative disease resistance protein RGA3 isoform X4 [Vitis vinifera],-0.547,0.054
XP_059599211.1,False,99.937,1.8636,True,NBS_LRR,97.938,1.4676,False,NBS_LRR,99.991,1.7942,True,NBS_LRR,XP_059599211.1 putative disease resistance protein RGA3 isoform X1 [Vitis vinifera],-1.999,0.054
XP_010664484.1,False,59.525,0.35,False,cell_death_HR,59.655,0.3532,False,cell_death_HR,59.579,0.3499,False,cell_death_HR,XP_010664484.1 pre-mRNA-processing protein 40A [Vitis vinifera],0.13,0.054
XP_059599213.1,False,99.937,1.8636,True,NBS_LRR,99.185,1.668,True,NBS_LRR,99.991,1.7942,True,NBS_LRR,XP_059599213.1 putative disease resistance protein RGA3 isoform X3 [Vitis vinifera],-0.752,0.054
XP_059599212.1,False,99.937,1.8636,True,NBS_LRR,98.154,1.4999,False,NBS_LRR,99.991,1.7942,True,NBS_LRR,XP_059599212.1 putative disease resistance protein RGA3 isoform X2 [Vitis vinifera],-1.783,0.054
XP_019073334.1,False,98.739,0.8379,False,defense_signaling,98.907,0.8474,False,defense_signaling,98.792,0.8371,False,defense_signaling,XP_019073334.1 F-box protein At3g54460 isoform X2 [Vitis vinifera],0.168,0.053
XP_059590184.1,False,99.692,0.8885,True,defense_signaling,99.707,0.8944,True,defense_signaling,99.744,0.8933,True,defense_signaling,XP_059590184.1 probable serine/threonine-protein kinase SIS8 isoform X1 [Vitis vinifera],0.015,0.052
XP_059594083.1,False,99.862,1.8299,True,NBS_LRR,99.924,1.7799,True,NBS_LRR,99.914,1.7806,True,NBS_LRR,XP_059594083.1 disease resistance protein RUN1 isoform X3 [Vitis vinifera],0.062,0.052
XP_010663669.1,False,99.692,0.8885,True,defense_signaling,99.707,0.8944,True,defense_signaling,99.744,0.8933,True,defense_signaling,XP_010663669.1 probable serine/threonine-protein kinase SIS8 isoform X1 [Vitis vinifera],0.015,0.052
XP_010663668.1,False,99.692,0.8885,True,defense_signaling,99.707,0.8944,True,defense_signaling,99.744,0.8933,True,defense_signaling,XP_010663668.1 probable serine/threonine-protein kinase SIS8 isoform X1 [Vitis vinifera],0.015,0.052
XP_010663670.1,False,99.692,0.8885,True,defense_signaling,99.707,0.8944,True,defense_signaling,99.744,0.8933,True,defense_signaling,XP_010663670.1 probable serine/threonine-protein kinase SIS8 isoform X1 [Vitis vinifera],0.015,0.052
XP_010663667.1,False,99.692,0.8885,True,defense_signaling,99.707,0.8944,True,defense_signaling,99.744,0.8933,True,defense_signaling,XP_010663667.1 probable serine/threonine-protein kinase SIS8 isoform X1 [Vitis vinifera],0.015,0.052
XP_059590540.1,False,99.267,1.7675,True,NBS_LRR,99.486,1.725,True,NBS_LRR,99.318,1.6995,True,NBS_LRR,XP_059590540.1 disease resistance protein RPV1 [Vitis vinifera],0.219,0.051
XP_010656192.1,False,95.297,0.8156,False,RLK_defense,94.797,0.7908,False,RLK_defense,95.348,0.8115,False,RLK_defense,XP_010656192.1 receptor-like serine/threonine-protein kinase ALE2 [Vitis vinifera],-0.5,0.051
XP_059597111.1,False,98.889,1.7247,False,NBS_LRR,97.272,1.3976,False,NBS_LRR,98.938,1.643,False,NBS_LRR,XP_059597111.1 disease resistance protein RPV1 [Vitis vinifera],-1.617,0.049
XP_019071991.1,False,99.931,1.8582,True,NBS_LRR,99.995,1.7957,True,NBS_LRR,99.98,1.7868,True,NBS_LRR,XP_019071991.1 disease resistance protein RPV1 [Vitis vinifera],0.064,0.049
XP_010645386.2,False,98.889,1.7247,False,NBS_LRR,97.272,1.3976,False,NBS_LRR,98.938,1.643,False,NBS_LRR,XP_010645386.2 disease resistance protein RPV1 [Vitis vinifera],-1.617,0.049
XP_059596182.1,False,97.664,1.2118,False,NBS_LRR,97.662,1.2521,False,NBS_LRR,97.711,1.2738,False,NBS_LRR,XP_059596182.1 LOW QUALITY PROTEIN: uncharacterized protein LOC100246449 [Vitis vinifera],-0.002,0.047
XP_002277700.1,False,96.328,1.045,False,antimicrobial,96.636,1.0529,False,antimicrobial,96.37,1.0426,False,antimicrobial,XP_002277700.1 ubiquitin C-terminal hydrolase 12 isoform X1 [Vitis vinifera],0.308,0.042
XP_059591356.1,False,99.398,1.7806,True,NBS_LRR,99.396,1.7062,True,NBS_LRR,99.44,1.7155,True,NBS_LRR,XP_059591356.1 putative disease resistance protein RGA3 [Vitis vinifera],-0.002,0.042
XP_010644808.1,False,99.398,1.7806,True,NBS_LRR,99.396,1.7062,True,NBS_LRR,99.44,1.7155,True,NBS_LRR,XP_010644808.1 putative disease resistance protein RGA3 [Vitis vinifera],-0.002,0.042
XP_010663671.1,False,99.675,0.8873,True,defense_signaling,99.678,0.8909,True,defense_signaling,99.715,0.8888,True,defense_signaling,XP_010663671.1 probable serine/threonine-protein kinase SIS8 isoform X2 [Vitis vinifera],0.003,0.04
XP_010662531.1,False,98.907,1.1695,False,antimicrobial,98.969,1.1733,False,antimicrobial,98.947,1.1688,False,antimicrobial,"XP_010662531.1 valine--tRNA ligase, mitochondrial 1 isoform X2 [Vitis vinifera]",0.062,0.04
XP_059590551.1,False,99.857,1.8284,True,NBS_LRR,99.855,1.7678,True,NBS_LRR,99.897,1.7736,True,NBS_LRR,XP_059590551.1 disease resistance protein RUN1 [Vitis vinifera],-0.002,0.04
XP_003631936.1,False,94.992,0.8629,False,antimicrobial,95.063,0.8722,False,antimicrobial,95.031,0.878,False,antimicrobial,XP_003631936.1 E3 ubiquitin-protein ligase UPL6 isoform X2 [Vitis vinifera],0.071,0.039
XP_019075289.1,False,97.674,0.807,False,defense_signaling,98.841,0.8433,False,defense_signaling,97.709,0.8065,False,defense_signaling,XP_019075289.1 uncharacterized protein LOC100260122 isoform X1 [Vitis vinifera],1.167,0.035
XP_059592255.1,False,99.894,0.9123,True,defense_signaling,99.921,0.9165,True,defense_signaling,99.929,0.9148,True,defense_signaling,XP_059592255.1 protein TOPLESS isoform X3 [Vitis vinifera],0.027,0.035
XP_019078569.1,False,99.3,1.7714,True,NBS_LRR,99.285,1.6884,True,NBS_LRR,99.334,1.7022,True,NBS_LRR,XP_019078569.1 probable disease resistance protein At4g27220 [Vitis vinifera],-0.015,0.034
XP_019071980.1,False,99.872,1.8393,True,NBS_LRR,99.51,1.7285,True,NBS_LRR,99.906,1.7762,True,NBS_LRR,XP_019071980.1 disease resistance protein RPV1 isoform X2 [Vitis vinifera],-0.362,0.034
XP_019078570.1,False,99.3,1.7714,True,NBS_LRR,99.285,1.6884,True,NBS_LRR,99.334,1.7022,True,NBS_LRR,XP_019078570.1 probable disease resistance protein At4g27220 [Vitis vinifera],-0.015,0.034
XP_019075031.2,False,94.512,1.16,False,NBS_LRR,94.647,1.1281,False,NBS_LRR,94.546,1.1254,False,NBS_LRR,XP_019075031.2 cuscuta receptor 1-like [Vitis vinifera],0.135,0.034
XP_059590153.1,False,89.681,0.6923,False,defense_signaling,92.897,0.7287,False,defense_signaling,89.715,0.6905,False,defense_signaling,XP_059590153.1 uncharacterized protein LOC100854062 [Vitis vinifera],3.216,0.034
XP_059596285.1,False,93.158,0.7341,False,defense_signaling,93.274,0.7345,False,defense_signaling,93.19,0.7331,False,defense_signaling,"XP_059596285.1 vacuolar protein sorting-associated protein 54, chloroplastic [Vitis vinifera]",0.116,0.032
XP_002281604.2,False,99.422,1.3612,True,RLK_defense,99.444,1.3648,True,RLK_defense,99.454,1.3686,True,RLK_defense,XP_002281604.2 probable LRR receptor-like serine/threonine-protein kinase At1g74360 [Vitis vinifera],0.022,0.032
XP_059591674.1,False,99.641,0.8862,True,defense_signaling,99.616,0.886,True,defense_signaling,99.673,0.8838,True,defense_signaling,XP_059591674.1 calmodulin-binding transcription activator 4 isoform X1 [Vitis vinifera],-0.025,0.032
XP_002265283.2,False,93.306,0.8951,False,PR_proteins,93.375,0.8964,False,PR_proteins,93.338,0.8937,False,PR_proteins,XP_002265283.2 putative transcription elongation factor SPT5 homolog 1 [Vitis vinifera],0.069,0.032
XP_010652404.1,False,98.014,1.1649,False,RLK_defense,98.038,1.1833,False,RLK_defense,98.043,1.184,False,RLK_defense,XP_010652404.1 MDIS1-interacting receptor like kinase 2 [Vitis vinifera],0.024,0.029
XP_010665205.2,False,99.877,1.8423,True,NBS_LRR,98.792,1.6245,False,NBS_LRR,99.904,1.7756,True,NBS_LRR,XP_010665205.2 disease resistance protein RPV1 [Vitis vinifera],-1.085,0.027
XP_059592932.1,False,99.781,1.8231,True,NBS_LRR,99.766,1.7471,True,NBS_LRR,99.806,1.7574,True,NBS_LRR,XP_059592932.1 disease resistance protein RPV1-like [Vitis vinifera],-0.015,0.025
XP_010665208.2,False,99.874,1.8402,True,NBS_LRR,98.762,1.6218,False,NBS_LRR,99.899,1.774,True,NBS_LRR,XP_010665208.2 disease resistance protein RPV1 [Vitis vinifera],-1.112,0.025
XP_019079871.1,False,97.184,1.455,False,NBS_LRR,97.709,1.4524,False,NBS_LRR,97.207,1.3759,False,NBS_LRR,XP_019079871.1 putative disease resistance RPP13-like protein 1 [Vitis vinifera],0.525,0.023
XP_019079868.1,False,97.184,1.455,False,NBS_LRR,97.709,1.4524,False,NBS_LRR,97.207,1.3759,False,NBS_LRR,XP_019079868.1 putative disease resistance RPP13-like protein 1 [Vitis vinifera],0.525,0.023
XP_059597793.1,False,97.184,1.455,False,NBS_LRR,97.709,1.4524,False,NBS_LRR,97.207,1.3759,False,NBS_LRR,XP_059597793.1 putative disease resistance RPP13-like protein 1 [Vitis vinifera],0.525,0.023
XP_010659510.1,False,97.184,1.455,False,NBS_LRR,97.709,1.4524,False,NBS_LRR,97.207,1.3759,False,NBS_LRR,XP_010659510.1 putative disease resistance RPP13-like protein 1 [Vitis vinifera],0.525,0.023
XP_019079866.1,False,97.184,1.455,False,NBS_LRR,97.709,1.4524,False,NBS_LRR,97.207,1.3759,False,NBS_LRR,XP_019079866.1 putative disease resistance RPP13-like protein 1 [Vitis vinifera],0.525,0.023
XP_019079865.1,False,97.184,1.455,False,NBS_LRR,97.709,1.4524,False,NBS_LRR,97.207,1.3759,False,NBS_LRR,XP_019079865.1 putative disease resistance RPP13-like protein 1 [Vitis vinifera],0.525,0.023
XP_019079867.1,False,97.184,1.455,False,NBS_LRR,97.709,1.4524,False,NBS_LRR,97.207,1.3759,False,NBS_LRR,XP_019079867.1 putative disease resistance RPP13-like protein 1 [Vitis vinifera],0.525,0.023
XP_010659509.1,False,97.184,1.455,False,NBS_LRR,97.709,1.4524,False,NBS_LRR,97.207,1.3759,False,NBS_LRR,XP_010659509.1 putative disease resistance RPP13-like protein 1 [Vitis vinifera],0.525,0.023
XP_010659507.1,False,97.184,1.455,False,NBS_LRR,97.709,1.4524,False,NBS_LRR,97.207,1.3759,False,NBS_LRR,XP_010659507.1 putative disease resistance RPP13-like protein 1 [Vitis vinifera],0.525,0.023
XP_010659508.1,False,97.184,1.455,False,NBS_LRR,97.709,1.4524,False,NBS_LRR,97.207,1.3759,False,NBS_LRR,XP_010659508.1 putative disease resistance RPP13-like protein 1 [Vitis vinifera],0.525,0.023
XP_010659506.1,False,97.184,1.455,False,NBS_LRR,97.709,1.4524,False,NBS_LRR,97.207,1.3759,False,NBS_LRR,XP_010659506.1 putative disease resistance RPP13-like protein 1 [Vitis vinifera],0.525,0.023
XP_002278428.3,False,98.996,1.7425,False,NBS_LRR,98.801,1.6274,False,NBS_LRR,99.016,1.6529,True,NBS_LRR,XP_002278428.3 probable disease resistance protein At4g27220 [Vitis vinifera],-0.195,0.02
XP_059598307.1,False,95.942,1.0312,False,antimicrobial,96.075,1.0362,False,antimicrobial,95.959,1.0293,False,antimicrobial,XP_059598307.1 ubiquitin C-terminal hydrolase 12 isoform X10 [Vitis vinifera],0.133,0.017
XP_002264782.3,False,98.479,1.2726,False,cell_death_HR,98.469,1.28,False,cell_death_HR,98.496,1.279,False,cell_death_HR,XP_002264782.3 C2 and GRAM domain-containing protein At1g03370 isoform X1 [Vitis vinifera],-0.01,0.017
XP_002271883.2,False,99.904,1.8519,True,NBS_LRR,100.0,1.8256,True,NBS_LRR,99.921,1.7822,True,NBS_LRR,XP_002271883.2 putative disease resistance protein At1g50180 [Vitis vinifera],0.096,0.017
XP_010665209.1,False,99.584,1.8033,True,NBS_LRR,99.262,1.6845,True,NBS_LRR,99.599,1.7384,True,NBS_LRR,XP_010665209.1 disease resistance protein RPV1 [Vitis vinifera],-0.322,0.015
XP_010648710.1,False,98.363,0.825,False,defense_signaling,98.489,0.8314,False,defense_signaling,98.378,0.8233,False,defense_signaling,XP_010648710.1 trafficking protein particle complex II-specific subunit 120 homolog isoform X2 [Vitis vinifera],0.126,0.015
XP_002283464.2,False,99.695,1.4105,True,RLK_defense,99.719,1.4083,True,RLK_defense,99.707,1.403,True,RLK_defense,XP_002283464.2 probable LRR receptor-like serine/threonine-protein kinase At1g53440 isoform X3 [Vitis vinifera],0.024,0.012
XP_002274934.1,False,96.566,0.7839,False,defense_signaling,96.582,0.7842,False,defense_signaling,96.574,0.7831,False,defense_signaling,XP_002274934.1 squamosa promoter-binding-like protein 1 [Vitis vinifera],0.016,0.008
XP_019078573.1,False,99.386,1.7792,True,NBS_LRR,99.334,1.6955,True,NBS_LRR,99.393,1.7066,True,NBS_LRR,XP_019078573.1 probable disease resistance protein At4g27220 [Vitis vinifera],-0.052,0.007
XP_019078575.1,False,99.386,1.7792,True,NBS_LRR,99.334,1.6955,True,NBS_LRR,99.393,1.7066,True,NBS_LRR,XP_019078575.1 probable disease resistance protein At4g27220 [Vitis vinifera],-0.052,0.007
XP_019078571.1,False,99.386,1.7792,True,NBS_LRR,99.334,1.6955,True,NBS_LRR,99.393,1.7066,True,NBS_LRR,XP_019078571.1 probable disease resistance protein At4g27220 [Vitis vinifera],-0.052,0.007
XP_010662738.1,False,99.895,1.5444,True,cell_death_HR,99.973,1.6541,True,cell_death_HR,99.902,1.5534,True,cell_death_HR,XP_010662738.1 tripeptidyl-peptidase 2 isoform X3 [Vitis vinifera],0.078,0.007
XP_019078574.1,False,99.386,1.7792,True,NBS_LRR,99.334,1.6955,True,NBS_LRR,99.393,1.7066,True,NBS_LRR,XP_019078574.1 probable disease resistance protein At4g27220 [Vitis vinifera],-0.052,0.007
XP_010650552.1,False,99.219,0.86,True,defense_signaling,99.317,0.869,True,defense_signaling,99.224,0.859,True,defense_signaling,XP_010650552.1 ATPase family AAA domain-containing protein At1g05910 [Vitis vinifera],0.098,0.005
XP_010650553.1,False,99.219,0.86,True,defense_signaling,99.317,0.869,True,defense_signaling,99.224,0.859,True,defense_signaling,XP_010650553.1 ATPase family AAA domain-containing protein At1g05910 [Vitis vinifera],0.098,0.005
XP_010650549.1,False,99.219,0.86,True,defense_signaling,99.317,0.869,True,defense_signaling,99.224,0.859,True,defense_signaling,XP_010650549.1 ATPase family AAA domain-containing protein At1g05910 [Vitis vinifera],0.098,0.005
XP_019075533.1,False,99.219,0.86,True,defense_signaling,99.317,0.869,True,defense_signaling,99.224,0.859,True,defense_signaling,XP_019075533.1 ATPase family AAA domain-containing protein At1g05910 [Vitis vinifera],0.098,0.005
XP_019075534.1,False,99.219,0.86,True,defense_signaling,99.317,0.869,True,defense_signaling,99.224,0.859,True,defense_signaling,XP_019075534.1 ATPase family AAA domain-containing protein At1g05910 [Vitis vinifera],0.098,0.005
XP_019075537.1,False,99.219,0.86,True,defense_signaling,99.317,0.869,True,defense_signaling,99.224,0.859,True,defense_signaling,XP_019075537.1 ATPase family AAA domain-containing protein At1g05910 [Vitis vinifera],0.098,0.005
XP_019075538.1,False,99.219,0.86,True,defense_signaling,99.317,0.869,True,defense_signaling,99.224,0.859,True,defense_signaling,XP_019075538.1 ATPase family AAA domain-containing protein At1g05910 [Vitis vinifera],0.098,0.005
XP_010650554.1,False,99.219,0.86,True,defense_signaling,99.317,0.869,True,defense_signaling,99.224,0.859,True,defense_signaling,XP_010650554.1 ATPase family AAA domain-containing protein At1g05910 [Vitis vinifera],0.098,0.005
XP_010650548.1,False,99.219,0.86,True,defense_signaling,99.317,0.869,True,defense_signaling,99.224,0.859,True,defense_signaling,XP_010650548.1 ATPase family AAA domain-containing protein At1g05910 [Vitis vinifera],0.098,0.005
XP_010650555.1,False,99.219,0.86,True,defense_signaling,99.317,0.869,True,defense_signaling,99.224,0.859,True,defense_signaling,XP_010650555.1 ATPase family AAA domain-containing protein At1g05910 [Vitis vinifera],0.098,0.005
XP_010650544.1,False,99.219,0.86,True,defense_signaling,99.317,0.869,True,defense_signaling,99.224,0.859,True,defense_signaling,XP_010650544.1 ATPase family AAA domain-containing protein At1g05910 [Vitis vinifera],0.098,0.005
XP_010650545.1,False,99.219,0.86,True,defense_signaling,99.317,0.869,True,defense_signaling,99.224,0.859,True,defense_signaling,XP_010650545.1 ATPase family AAA domain-containing protein At1g05910 [Vitis vinifera],0.098,0.005
XP_010650546.1,False,99.219,0.86,True,defense_signaling,99.317,0.869,True,defense_signaling,99.224,0.859,True,defense_signaling,XP_010650546.1 ATPase family AAA domain-containing protein At1g05910 [Vitis vinifera],0.098,0.005
XP_010650547.1,False,99.219,0.86,True,defense_signaling,99.317,0.869,True,defense_signaling,99.224,0.859,True,defense_signaling,XP_010650547.1 ATPase family AAA domain-containing protein At1g05910 [Vitis vinifera],0.098,0.005
XP_019075540.1,False,99.219,0.86,True,defense_signaling,99.317,0.869,True,defense_signaling,99.224,0.859,True,defense_signaling,XP_019075540.1 ATPase family AAA domain-containing protein At1g05910 [Vitis vinifera],0.098,0.005
XP_019075539.1,False,99.219,0.86,True,defense_signaling,99.317,0.869,True,defense_signaling,99.224,0.859,True,defense_signaling,XP_019075539.1 ATPase family AAA domain-containing protein At1g05910 [Vitis vinifera],0.098,0.005
XP_010650550.1,False,99.219,0.86,True,defense_signaling,99.317,0.869,True,defense_signaling,99.224,0.859,True,defense_signaling,XP_010650550.1 ATPase family AAA domain-containing protein At1g05910 [Vitis vinifera],0.098,0.005
XP_059593111.1,False,99.219,0.86,True,defense_signaling,99.317,0.869,True,defense_signaling,99.224,0.859,True,defense_signaling,XP_059593111.1 ATPase family AAA domain-containing protein At1g05910 [Vitis vinifera],0.098,0.005
XP_059593110.1,False,99.219,0.86,True,defense_signaling,99.317,0.869,True,defense_signaling,99.224,0.859,True,defense_signaling,XP_059593110.1 ATPase family AAA domain-containing protein At1g05910 [Vitis vinifera],0.098,0.005
XP_010647680.1,False,96.852,0.7967,False,RLK_defense,97.229,0.8105,False,RLK_defense,96.857,0.8025,False,RLK_defense,"XP_010647680.1 kinesin-like protein KIN-7D, mitochondrial isoform X1 [Vitis vinifera]",0.377,0.005
XP_019072791.1,False,99.429,1.7815,True,NBS_LRR,99.478,1.7245,True,NBS_LRR,99.434,1.7132,True,NBS_LRR,XP_019072791.1 putative disease resistance protein RGA3 [Vitis vinifera],0.049,0.005
XP_002264772.1,False,99.219,0.86,True,defense_signaling,99.317,0.869,True,defense_signaling,99.224,0.859,True,defense_signaling,XP_002264772.1 ATPase family AAA domain-containing protein At1g05910 [Vitis vinifera],0.098,0.005
XP_019072671.1,False,99.687,1.4096,True,RLK_defense,99.712,1.4062,True,RLK_defense,99.69,1.4004,True,RLK_defense,XP_019072671.1 probable LRR receptor-like serine/threonine-protein kinase At1g53440 isoform X2 [Vitis vinifera],0.025,0.003
XP_059591244.1,False,99.451,1.7836,True,NBS_LRR,99.407,1.709,True,NBS_LRR,99.454,1.7173,True,NBS_LRR,XP_059591244.1 putative disease resistance protein RGA3 [Vitis vinifera],-0.044,0.003
XP_059591243.1,False,99.451,1.7836,True,NBS_LRR,99.407,1.709,True,NBS_LRR,99.454,1.7173,True,NBS_LRR,XP_059591243.1 putative disease resistance protein RGA3 [Vitis vinifera],-0.044,0.003
XP_059591247.1,False,99.451,1.7836,True,NBS_LRR,99.407,1.709,True,NBS_LRR,99.454,1.7173,True,NBS_LRR,XP_059591247.1 putative disease resistance protein RGA3 [Vitis vinifera],-0.044,0.003
XP_059591242.1,False,99.451,1.7836,True,NBS_LRR,99.407,1.709,True,NBS_LRR,99.454,1.7173,True,NBS_LRR,XP_059591242.1 putative disease resistance protein RGA3 [Vitis vinifera],-0.044,0.003
XP_019071926.2,False,99.867,1.8363,True,NBS_LRR,99.862,1.7708,True,NBS_LRR,99.87,1.7638,True,NBS_LRR,XP_019071926.2 disease resistance protein RUN1 [Vitis vinifera],-0.005,0.003
XP_059591248.1,False,99.451,1.7836,True,NBS_LRR,99.407,1.709,True,NBS_LRR,99.454,1.7173,True,NBS_LRR,XP_059591248.1 putative disease resistance protein RGA3 [Vitis vinifera],-0.044,0.003
XP_059591246.1,False,99.451,1.7836,True,NBS_LRR,99.407,1.709,True,NBS_LRR,99.454,1.7173,True,NBS_LRR,XP_059591246.1 putative disease resistance protein RGA3 [Vitis vinifera],-0.044,0.003
XP_059591245.1,False,99.451,1.7836,True,NBS_LRR,99.407,1.709,True,NBS_LRR,99.454,1.7173,True,NBS_LRR,XP_059591245.1 putative disease resistance protein RGA3 [Vitis vinifera],-0.044,0.003
XP_059590321.1,False,99.834,1.8282,True,NBS_LRR,99.905,1.7774,True,NBS_LRR,99.836,1.7598,True,NBS_LRR,XP_059590321.1 disease resistance protein RPV1 isoform X1 [Vitis vinifera],0.071,0.002
XP_010662737.1,False,99.895,1.5444,True,cell_death_HR,99.97,1.6526,True,cell_death_HR,99.897,1.5507,True,cell_death_HR,XP_010662737.1 tripeptidyl-peptidase 2 isoform X2 [Vitis vinifera],0.075,0.002
XP_059590319.1,False,99.834,1.8282,True,NBS_LRR,99.905,1.7774,True,NBS_LRR,99.836,1.7598,True,NBS_LRR,XP_059590319.1 disease resistance protein RPV1 isoform X1 [Vitis vinifera],0.071,0.002
XP_010664193.1,False,91.069,0.7072,False,RLK_defense,91.994,0.7537,False,antimicrobial,91.071,0.7662,False,antimicrobial,XP_010664193.1 protein CELLULOSE SYNTHASE INTERACTIVE 3 [Vitis vinifera],0.925,0.002
XP_010665195.1,False,99.834,1.8282,True,NBS_LRR,99.905,1.7774,True,NBS_LRR,99.836,1.7598,True,NBS_LRR,XP_010665195.1 disease resistance protein RPV1 isoform X1 [Vitis vinifera],0.071,0.002
XP_059590318.1,False,99.834,1.8282,True,NBS_LRR,99.905,1.7774,True,NBS_LRR,99.836,1.7598,True,NBS_LRR,XP_059590318.1 disease resistance protein RPV1 isoform X1 [Vitis vinifera],0.071,0.002
XP_059590320.1,False,99.834,1.8282,True,NBS_LRR,99.905,1.7774,True,NBS_LRR,99.836,1.7598,True,NBS_LRR,XP_059590320.1 disease resistance protein RPV1 isoform X1 [Vitis vinifera],0.071,0.002
XP_010665191.1,False,99.834,1.8282,True,NBS_LRR,99.905,1.7774,True,NBS_LRR,99.836,1.7598,True,NBS_LRR,XP_010665191.1 disease resistance protein RPV1 isoform X1 [Vitis vinifera],0.071,0.002
XP_010665194.1,False,99.834,1.8282,True,NBS_LRR,99.905,1.7774,True,NBS_LRR,99.836,1.7598,True,NBS_LRR,XP_010665194.1 disease resistance protein RPV1 isoform X1 [Vitis vinifera],0.071,0.002
XP_010664192.1,False,91.069,0.7072,False,RLK_defense,91.994,0.7537,False,antimicrobial,91.071,0.7662,False,antimicrobial,XP_010664192.1 protein CELLULOSE SYNTHASE INTERACTIVE 3 [Vitis vinifera],0.925,0.002
XP_010665196.1,False,99.834,1.8282,True,NBS_LRR,99.905,1.7774,True,NBS_LRR,99.836,1.7598,True,NBS_LRR,XP_010665196.1 disease resistance protein RPV1 isoform X1 [Vitis vinifera],0.071,0.002
XP_059590381.1,False,98.098,1.5615,False,NBS_LRR,95.934,1.2213,False,NBS_LRR,98.1,1.4709,False,NBS_LRR,XP_059590381.1 disease resistance protein RPV1 [Vitis vinifera],-2.164,0.002
XP_010665189.1,False,99.834,1.8282,True,NBS_LRR,99.905,1.7774,True,NBS_LRR,99.836,1.7598,True,NBS_LRR,XP_010665189.1 disease resistance protein RPV1 isoform X1 [Vitis vinifera],0.071,0.002
XP_010665188.1,False,99.834,1.8282,True,NBS_LRR,99.905,1.7774,True,NBS_LRR,99.836,1.7598,True,NBS_LRR,XP_010665188.1 disease resistance protein RPV1 isoform X1 [Vitis vinifera],0.071,0.002
XP_002285869.2,False,91.069,0.7072,False,RLK_defense,91.994,0.7537,False,antimicrobial,91.071,0.7662,False,antimicrobial,XP_002285869.2 protein CELLULOSE SYNTHASE INTERACTIVE 3 [Vitis vinifera],0.925,0.002
XP_059592931.1,False,99.865,1.8339,True,NBS_LRR,99.52,1.7312,True,NBS_LRR,99.867,1.7637,True,NBS_LRR,XP_059592931.1 disease resistance protein RPV1 [Vitis vinifera],-0.345,0.002
XP_010665193.1,False,99.834,1.8282,True,NBS_LRR,99.905,1.7774,True,NBS_LRR,99.836,1.7598,True,NBS_LRR,XP_010665193.1 disease resistance protein RPV1 isoform X1 [Vitis vinifera],0.071,0.002
XP_010665190.1,False,99.834,1.8282,True,NBS_LRR,99.905,1.7774,True,NBS_LRR,99.836,1.7598,True,NBS_LRR,XP_010665190.1 disease resistance protein RPV1 isoform X1 [Vitis vinifera],0.071,0.002
XP_002285808.2,False,99.715,1.2862,True,antimicrobial,98.44,0.9389,False,antimicrobial,99.715,1.2811,True,antimicrobial,XP_002285808.2 acetyl-CoA carboxylase 1 [Vitis vinifera],-1.275,0.0
XP_002274620.2,False,99.444,1.1872,True,PR_proteins,99.281,1.1504,True,PR_proteins,99.444,1.1828,True,PR_proteins,XP_002274620.2 LOW QUALITY PROTEIN: uncharacterized protein LOC100250948 [Vitis vinifera],-0.163,0.0
XP_002285473.1,False,99.793,1.3051,True,antimicrobial,99.705,1.2785,True,antimicrobial,99.793,1.3001,True,antimicrobial,XP_002285473.1 xanthine dehydrogenase 1 [Vitis vinifera],-0.088,0.0
XP_019076211.1,False,99.518,1.2344,True,antimicrobial,99.591,1.2485,True,antimicrobial,99.518,1.229,True,antimicrobial,XP_019076211.1 abscisic-aldehyde oxidase isoform X2 [Vitis vinifera],0.073,0.0
XP_002274267.1,False,99.724,1.2884,True,antimicrobial,99.751,1.2848,True,antimicrobial,99.724,1.2833,True,antimicrobial,XP_002274267.1 DNA topoisomerase 2 [Vitis vinifera],0.027,0.0
XP_010663638.1,False,99.353,1.1656,True,PR_proteins,99.225,1.1431,True,PR_proteins,99.353,1.1611,True,PR_proteins,XP_010663638.1 probable alpha-mannosidase At5g13980 [Vitis vinifera],-0.128,0.0
XP_059593116.1,False,99.993,0.9557,True,defense_signaling,99.993,0.97,True,defense_signaling,99.993,0.9552,True,antimicrobial,XP_059593116.1 eIF-2-alpha kinase GCN2 [Vitis vinifera],0.0,0.0
XP_010651119.1,False,99.655,1.274,True,cell_death_HR,99.582,1.2461,True,antimicrobial,99.655,1.2696,True,cell_death_HR,"XP_010651119.1 carbamoyl-phosphate synthase large chain, chloroplastic [Vitis vinifera]",-0.073,0.0
XP_010651281.1,False,99.651,1.2713,True,antimicrobial,99.5,1.2267,True,antimicrobial,99.651,1.2662,True,antimicrobial,XP_010651281.1 uncharacterized protein LOC100253550 [Vitis vinifera],-0.151,0.0
XP_010653400.1,False,99.55,1.2417,True,antimicrobial,99.562,1.2385,True,antimicrobial,99.55,1.2364,True,antimicrobial,XP_010653400.1 ubiquitin-activating enzyme E1 2 isoform X1 [Vitis vinifera],0.012,0.0
XP_019072216.1,False,99.148,1.1334,True,PR_proteins,98.767,1.118,False,cell_death_HR,99.148,1.1682,True,cell_death_HR,XP_019072216.1 uncharacterized protein LOC100242789 [Vitis vinifera],-0.381,0.0
XP_010664303.1,False,99.715,1.2862,True,antimicrobial,98.44,0.9389,False,antimicrobial,99.715,1.2811,True,antimicrobial,XP_010664303.1 acetyl-CoA carboxylase 1 [Vitis vinifera],-1.275,0.0
XP_059596489.1,False,99.748,1.2913,True,antimicrobial,99.733,1.2823,True,antimicrobial,99.748,1.2862,True,antimicrobial,XP_059596489.1 alpha-aminoadipic semialdehyde synthase isoform X1 [Vitis vinifera],-0.015,0.0
XP_010663252.1,False,99.631,1.2659,True,antimicrobial,99.348,1.2103,True,antimicrobial,99.631,1.2607,True,antimicrobial,XP_010663252.1 DExH-box ATP-dependent RNA helicase DExH14 isoform X2 [Vitis vinifera],-0.283,0.0
XP_010664302.1,False,99.715,1.2862,True,antimicrobial,98.44,0.9389,False,antimicrobial,99.715,1.2811,True,antimicrobial,XP_010664302.1 acetyl-CoA carboxylase 1 [Vitis vinifera],-1.275,0.0
XP_059593498.1,False,99.492,1.2291,True,antimicrobial,99.509,1.2288,True,antimicrobial,99.492,1.2237,True,antimicrobial,XP_059593498.1 ubiquitin-activating enzyme E1 1 isoform X2 [Vitis vinifera],0.017,0.0
XP_010661054.1,False,99.98,0.9305,True,defense_signaling,99.946,0.9223,True,defense_signaling,99.98,0.9255,True,defense_signaling,XP_010661054.1 uncharacterized protein LOC100264593 isoform X3 [Vitis vinifera],-0.034,0.0
XP_059596497.1,False,99.748,1.2913,True,antimicrobial,99.733,1.2823,True,antimicrobial,99.748,1.2862,True,antimicrobial,XP_059596497.1 alpha-aminoadipic semialdehyde synthase isoform X1 [Vitis vinifera],-0.015,0.0
XP_059590861.1,False,99.596,1.2572,True,antimicrobial,99.651,1.2654,True,antimicrobial,99.596,1.252,True,antimicrobial,XP_059590861.1 abscisic-aldehyde oxidase [Vitis vinifera],0.055,0.0
XP_010663694.2,False,99.828,1.343,True,antimicrobial,99.176,1.3604,True,cell_death_HR,99.828,1.3382,True,antimicrobial,XP_010663694.2 uncharacterized protein LOC100262718 isoform X1 [Vitis vinifera],-0.652,0.0
XP_059596496.1,False,99.748,1.2913,True,antimicrobial,99.733,1.2823,True,antimicrobial,99.748,1.2862,True,antimicrobial,XP_059596496.1 alpha-aminoadipic semialdehyde synthase isoform X1 [Vitis vinifera],-0.015,0.0
XP_059596498.1,False,99.748,1.2913,True,antimicrobial,99.733,1.2823,True,antimicrobial,99.748,1.2862,True,antimicrobial,XP_059596498.1 alpha-aminoadipic semialdehyde synthase isoform X1 [Vitis vinifera],-0.015,0.0
XP_059589788.1,False,99.909,1.5597,True,cell_death_HR,99.966,1.6276,True,cell_death_HR,99.909,1.5573,True,cell_death_HR,XP_059589788.1 tripeptidyl-peptidase 2 isoform X1 [Vitis vinifera],0.057,0.0
XP_010658604.1,False,99.788,1.3033,True,antimicrobial,99.793,1.3001,True,antimicrobial,99.788,1.2982,True,antimicrobial,XP_010658604.1 uncharacterized protein LOC100254754 [Vitis vinifera],0.005,0.0
XP_059596495.1,False,99.748,1.2913,True,antimicrobial,99.733,1.2823,True,antimicrobial,99.748,1.2862,True,antimicrobial,XP_059596495.1 alpha-aminoadipic semialdehyde synthase isoform X1 [Vitis vinifera],-0.015,0.0
XP_059596494.1,False,99.748,1.2913,True,antimicrobial,99.733,1.2823,True,antimicrobial,99.748,1.2862,True,antimicrobial,XP_059596494.1 alpha-aminoadipic semialdehyde synthase isoform X1 [Vitis vinifera],-0.015,0.0
XP_002277714.2,False,99.579,1.2513,True,antimicrobial,99.653,1.2655,True,antimicrobial,99.579,1.246,True,antimicrobial,XP_002277714.2 abscisic-aldehyde oxidase [Vitis vinifera],0.074,0.0
XP_019078604.1,False,99.748,1.2913,True,antimicrobial,99.767,1.2897,True,antimicrobial,99.748,1.2862,True,antimicrobial,XP_019078604.1 alpha-aminoadipic semialdehyde synthase isoform X2 [Vitis vinifera],0.019,0.0
XP_010656067.1,False,99.748,1.2913,True,antimicrobial,99.767,1.2897,True,antimicrobial,99.748,1.2862,True,antimicrobial,XP_010656067.1 alpha-aminoadipic semialdehyde synthase isoform X2 [Vitis vinifera],0.019,0.0
XP_010656068.1,False,99.748,1.2913,True,antimicrobial,99.767,1.2897,True,antimicrobial,99.748,1.2862,True,antimicrobial,XP_010656068.1 alpha-aminoadipic semialdehyde synthase isoform X2 [Vitis vinifera],0.019,0.0
XP_059596493.1,False,99.748,1.2913,True,antimicrobial,99.733,1.2823,True,antimicrobial,99.748,1.2862,True,antimicrobial,XP_059596493.1 alpha-aminoadipic semialdehyde synthase isoform X1 [Vitis vinifera],-0.015,0.0
XP_002279361.1,False,99.687,1.3833,True,cell_death_HR,99.7,1.3819,True,cell_death_HR,99.687,1.3797,True,cell_death_HR,XP_002279361.1 RNA cytidine acetyltransferase 1 [Vitis vinifera],0.013,0.0
XP_059596499.1,False,99.748,1.2913,True,antimicrobial,99.767,1.2897,True,antimicrobial,99.748,1.2862,True,antimicrobial,XP_059596499.1 alpha-aminoadipic semialdehyde synthase isoform X2 [Vitis vinifera],0.019,0.0
XP_059596490.1,False,99.748,1.2913,True,antimicrobial,99.733,1.2823,True,antimicrobial,99.748,1.2862,True,antimicrobial,XP_059596490.1 alpha-aminoadipic semialdehyde synthase isoform X1 [Vitis vinifera],-0.015,0.0
XP_059596492.1,False,99.748,1.2913,True,antimicrobial,99.733,1.2823,True,antimicrobial,99.748,1.2862,True,antimicrobial,XP_059596492.1 alpha-aminoadipic semialdehyde synthase isoform X1 [Vitis vinifera],-0.015,0.0
XP_002273629.1,False,99.562,1.2458,True,antimicrobial,99.604,1.254,True,antimicrobial,99.562,1.2405,True,antimicrobial,XP_002273629.1 abscisic-aldehyde oxidase isoform X1 [Vitis vinifera],0.042,0.0
XP_059596491.1,False,99.748,1.2913,True,antimicrobial,99.733,1.2823,True,antimicrobial,99.748,1.2862,True,antimicrobial,XP_059596491.1 alpha-aminoadipic semialdehyde synthase isoform X1 [Vitis vinifera],-0.015,0.0
XP_010663695.1,False,99.801,1.3182,True,antimicrobial,99.173,1.3604,True,cell_death_HR,99.801,1.3132,True,antimicrobial,XP_010663695.1 uncharacterized protein LOC100262718 isoform X2 [Vitis vinifera],-0.628,0.0
XP_059596412.1,False,99.988,1.0178,True,antimicrobial,99.931,0.98,True,antimicrobial,99.988,1.0116,True,antimicrobial,XP_059596412.1 cellulose synthase A catalytic subunit 8 [UDP-forming] [Vitis vinifera],-0.057,0.0
XP_059593497.1,False,99.492,1.2291,True,antimicrobial,99.509,1.2288,True,antimicrobial,99.492,1.2237,True,antimicrobial,XP_059593497.1 ubiquitin-activating enzyme E1 1 isoform X2 [Vitis vinifera],0.017,0.0
XP_002275617.3,False,99.441,1.2237,True,antimicrobial,99.523,1.2309,True,antimicrobial,99.439,1.2184,True,antimicrobial,XP_002275617.3 ubiquitin-activating enzyme E1 1 isoform X1 [Vitis vinifera],0.082,-0.002
XP_010662530.1,False,98.971,1.1768,False,antimicrobial,99.018,1.1771,True,antimicrobial,98.969,1.1712,False,antimicrobial,"XP_010662530.1 valine--tRNA ligase, mitochondrial 1 isoform X1 [Vitis vinifera]",0.047,-0.002
XP_010661000.1,False,98.955,1.1136,False,PR_proteins,98.916,1.1075,False,PR_proteins,98.953,1.1088,False,PR_proteins,XP_010661000.1 alpha-mannosidase 2 [Vitis vinifera],-0.039,-0.002
XP_002282227.2,False,99.072,1.1836,True,antimicrobial,98.814,1.1608,False,antimicrobial,99.07,1.178,True,antimicrobial,XP_002282227.2 inositol hexakisphosphate and diphosphoinositol-pentakisphosphate kinase VIP2 isoform X2 [Vitis vinifera],-0.258,-0.002
XP_010645915.1,False,100.0,1.8793,True,NBS_LRR,99.998,1.8105,True,NBS_LRR,99.998,1.7956,True,NBS_LRR,XP_010645915.1 disease resistance protein RUN1 [Vitis vinifera],-0.002,-0.002
XP_010661008.1,False,99.084,1.1855,True,antimicrobial,98.848,1.1624,False,antimicrobial,99.082,1.18,True,antimicrobial,XP_010661008.1 inositol hexakisphosphate and diphosphoinositol-pentakisphosphate kinase VIP2 isoform X1 [Vitis vinifera],-0.236,-0.002
XP_002276468.1,False,98.955,1.1136,False,PR_proteins,98.916,1.1075,False,PR_proteins,98.953,1.1088,False,PR_proteins,XP_002276468.1 alpha-mannosidase 2 [Vitis vinifera],-0.039,-0.002
XP_002279611.3,False,99.003,1.1171,True,PR_proteins,98.563,1.1262,False,cell_death_HR,99.001,1.175,True,cell_death_HR,XP_002279611.3 uncharacterized protein LOC100257163 isoform X2 [Vitis vinifera],-0.44,-0.002
XP_059597082.1,False,98.59,1.6593,False,NBS_LRR,97.775,1.4597,False,NBS_LRR,98.587,1.5825,False,NBS_LRR,XP_059597082.1 LOW QUALITY PROTEIN: disease resistance protein RPV1 [Vitis vinifera],-0.815,-0.003
XP_010645858.1,False,99.0,1.1169,False,PR_proteins,98.511,1.1362,False,cell_death_HR,98.997,1.1808,False,cell_death_HR,XP_010645858.1 uncharacterized protein LOC100257163 isoform X1 [Vitis vinifera],-0.489,-0.003
XP_059591799.1,False,99.0,1.1169,False,PR_proteins,99.008,1.1168,True,PR_proteins,98.997,1.1122,False,PR_proteins,XP_059591799.1 uncharacterized protein LOC100257163 isoform X3 [Vitis vinifera],0.008,-0.003
XP_059595392.1,False,96.146,0.8558,False,RLK_defense,96.168,1.0211,False,antimicrobial,96.143,0.9596,False,antimicrobial,XP_059595392.1 ABC transporter B family member 19-like [Vitis vinifera],0.022,-0.003
XP_002277475.2,False,99.454,1.3656,True,RLK_defense,99.431,1.3629,True,RLK_defense,99.451,1.3686,True,RLK_defense,XP_002277475.2 receptor-like protein kinase HSL1 [Vitis vinifera],-0.023,-0.003
XP_002283578.3,False,99.655,1.405,True,RLK_defense,99.653,1.3989,True,RLK_defense,99.651,1.3959,True,RLK_defense,XP_002283578.3 probable leucine-rich repeat receptor-like serine/threonine-protein kinase At3g14840 [Vitis vinifera],-0.002,-0.004
XP_010645628.1,False,99.799,1.4975,True,cell_death_HR,97.1,1.1877,False,cell_death_HR,99.794,1.4947,True,cell_death_HR,XP_010645628.1 brefeldin A-inhibited guanine nucleotide-exchange protein 1 [Vitis vinifera],-2.699,-0.005
XP_002280001.1,False,99.799,1.4975,True,cell_death_HR,97.1,1.1877,False,cell_death_HR,99.794,1.4947,True,cell_death_HR,XP_002280001.1 brefeldin A-inhibited guanine nucleotide-exchange protein 1 [Vitis vinifera],-2.699,-0.005
XP_002269283.1,False,94.709,0.7922,False,RLK_defense,94.62,0.7849,False,NBS_LRR,94.704,0.7864,False,RLK_defense,"XP_002269283.1 putative pentatricopeptide repeat-containing protein At5g06400, mitochondrial [Vitis vinifera]",-0.089,-0.005
XP_059591677.1,False,99.702,0.8885,True,defense_signaling,99.66,0.8881,True,defense_signaling,99.697,0.8862,True,defense_signaling,XP_059591677.1 calmodulin-binding transcription activator 4 isoform X2 [Vitis vinifera],-0.042,-0.005
XP_002265157.2,False,99.631,1.4473,True,cell_death_HR,99.636,1.4533,True,cell_death_HR,99.626,1.4466,True,cell_death_HR,XP_002265157.2 FT-interacting protein 1 [Vitis vinifera],0.005,-0.005
XP_002272816.2,False,99.84,1.4399,True,RLK_defense,99.766,1.42,True,RLK_defense,99.835,1.4282,True,RLK_defense,XP_002272816.2 probable LRR receptor-like serine/threonine-protein kinase At1g56140 isoform X1 [Vitis vinifera],-0.074,-0.005
XP_010661183.1,False,99.915,1.855,True,NBS_LRR,99.931,1.7869,True,NBS_LRR,99.91,1.7795,True,NBS_LRR,XP_010661183.1 putative disease resistance protein RGA4 isoform X1 [Vitis vinifera],0.016,-0.005
XP_010661184.1,False,99.915,1.855,True,NBS_LRR,99.929,1.7861,True,NBS_LRR,99.91,1.7795,True,NBS_LRR,XP_010661184.1 putative disease resistance protein RGA4 isoform X2 [Vitis vinifera],0.014,-0.005
XP_010644095.1,False,99.831,1.4357,True,RLK_defense,99.822,1.4298,True,RLK_defense,99.824,1.4272,True,RLK_defense,XP_010644095.1 probable LRR receptor-like serine/threonine-protein kinase At1g53430 [Vitis vinifera],-0.009,-0.007
XP_010644096.1,False,99.831,1.4357,True,RLK_defense,99.822,1.4298,True,RLK_defense,99.824,1.4272,True,RLK_defense,XP_010644096.1 probable LRR receptor-like serine/threonine-protein kinase At1g53430 [Vitis vinifera],-0.009,-0.007
XP_019073758.1,False,99.801,1.8253,True,NBS_LRR,99.879,1.7732,True,NBS_LRR,99.793,1.7571,True,NBS_LRR,XP_019073758.1 disease resistance protein RPV1 [Vitis vinifera],0.078,-0.008
XP_010646554.1,False,99.801,1.8253,True,NBS_LRR,99.879,1.7732,True,NBS_LRR,99.793,1.7571,True,NBS_LRR,XP_010646554.1 disease resistance protein RPV1 [Vitis vinifera],0.078,-0.008
XP_059590346.1,False,99.801,1.8253,True,NBS_LRR,99.879,1.7732,True,NBS_LRR,99.793,1.7571,True,NBS_LRR,XP_059590346.1 disease resistance protein RPV1 [Vitis vinifera],0.078,-0.008
XP_059590345.1,False,99.801,1.8253,True,NBS_LRR,99.879,1.7732,True,NBS_LRR,99.793,1.7571,True,NBS_LRR,XP_059590345.1 disease resistance protein RPV1 [Vitis vinifera],0.078,-0.008
XP_019073759.1,False,99.801,1.8253,True,NBS_LRR,99.879,1.7732,True,NBS_LRR,99.793,1.7571,True,NBS_LRR,XP_019073759.1 disease resistance protein RPV1 [Vitis vinifera],0.078,-0.008
XP_010646553.1,False,99.801,1.8253,True,NBS_LRR,99.879,1.7732,True,NBS_LRR,99.793,1.7571,True,NBS_LRR,XP_010646553.1 disease resistance protein RPV1 [Vitis vinifera],0.078,-0.008
XP_010646555.1,False,99.801,1.8253,True,NBS_LRR,99.879,1.7732,True,NBS_LRR,99.793,1.7571,True,NBS_LRR,XP_010646555.1 disease resistance protein RPV1 [Vitis vinifera],0.078,-0.008
XP_059592529.1,False,99.596,1.4393,True,cell_death_HR,99.552,1.4364,True,cell_death_HR,99.587,1.4361,True,cell_death_HR,XP_059592529.1 DNA polymerase delta catalytic subunit isoform X1 [Vitis vinifera],-0.044,-0.009
XP_010649347.1,False,99.596,1.4393,True,cell_death_HR,99.552,1.4364,True,cell_death_HR,99.587,1.4361,True,cell_death_HR,XP_010649347.1 DNA polymerase delta catalytic subunit isoform X1 [Vitis vinifera],-0.044,-0.009
XP_002264385.1,False,99.596,1.4393,True,cell_death_HR,99.552,1.4364,True,cell_death_HR,99.587,1.4361,True,cell_death_HR,XP_002264385.1 DNA polymerase delta catalytic subunit isoform X1 [Vitis vinifera],-0.044,-0.009
XP_059592254.1,False,99.948,0.9208,True,defense_signaling,99.936,0.9209,True,defense_signaling,99.938,0.9158,True,defense_signaling,XP_059592254.1 protein TOPLESS isoform X2 [Vitis vinifera],-0.012,-0.01
XP_019073480.1,False,99.744,1.4222,True,RLK_defense,99.744,1.4142,True,RLK_defense,99.734,1.4109,True,RLK_defense,XP_019073480.1 probable LRR receptor-like serine/threonine-protein kinase At1g56140 [Vitis vinifera],0.0,-0.01
XP_002280814.1,False,99.956,0.9235,True,defense_signaling,99.889,0.9121,True,defense_signaling,99.946,0.9186,True,defense_signaling,XP_002280814.1 DNA repair protein RAD5B [Vitis vinifera],-0.067,-0.01
XP_010649748.1,False,98.91,1.2744,False,cell_death_HR,98.934,1.236,False,cell_death_HR,98.9,1.27,False,cell_death_HR,"XP_010649748.1 isoleucine--tRNA ligase, chloroplastic/mitochondrial isoform X2 [Vitis vinifera]",0.024,-0.01
XP_010648730.1,False,99.961,0.9244,True,defense_signaling,99.951,0.9231,True,defense_signaling,99.951,0.9194,True,defense_signaling,XP_010648730.1 protein TOPLESS isoform X1 [Vitis vinifera],-0.01,-0.01
XP_010659215.1,False,97.566,0.8727,False,cell_death_HR,97.773,0.8833,False,cell_death_HR,97.556,0.8902,False,PR_proteins,XP_010659215.1 protein transport protein SEC31 homolog B isoform X1 [Vitis vinifera],0.207,-0.01
XP_010661052.1,False,99.945,0.9207,True,defense_signaling,99.887,0.9119,True,defense_signaling,99.935,0.9157,True,defense_signaling,XP_010661052.1 uncharacterized protein LOC100264593 isoform X1 [Vitis vinifera],-0.058,-0.01
XP_010649747.1,False,98.922,1.2699,False,cell_death_HR,98.959,1.2372,False,cell_death_HR,98.912,1.2655,False,cell_death_HR,"XP_010649747.1 isoleucine--tRNA ligase, chloroplastic/mitochondrial isoform X1 [Vitis vinifera]",0.037,-0.01
XP_010661058.1,False,99.945,0.9207,True,defense_signaling,99.926,0.9168,True,defense_signaling,99.935,0.9157,True,defense_signaling,XP_010661058.1 uncharacterized protein LOC100264593 isoform X6 [Vitis vinifera],-0.019,-0.01
XP_010661057.1,False,99.968,0.9261,True,defense_signaling,99.919,0.9159,True,defense_signaling,99.958,0.9211,True,defense_signaling,XP_010661057.1 uncharacterized protein LOC100264593 isoform X5 [Vitis vinifera],-0.049,-0.01
XP_002276961.1,False,96.926,0.9304,False,RLK_defense,96.929,0.9378,False,antimicrobial,96.914,0.9412,False,antimicrobial,XP_002276961.1 histidine kinase 3 [Vitis vinifera],0.003,-0.012
XP_010661056.1,False,99.938,0.9188,True,defense_signaling,99.877,0.9113,True,defense_signaling,99.926,0.9138,True,defense_signaling,XP_010661056.1 uncharacterized protein LOC100264593 isoform X4 [Vitis vinifera],-0.061,-0.012
XP_010655580.1,False,99.828,1.4354,True,RLK_defense,99.828,1.4303,True,RLK_defense,99.815,1.4266,True,RLK_defense,XP_010655580.1 probable LRR receptor-like serine/threonine-protein kinase At1g07650 isoform X1 [Vitis vinifera],0.0,-0.013
XP_010653684.1,False,95.745,1.1143,False,cell_death_HR,95.883,1.1226,False,cell_death_HR,95.732,1.1153,False,cell_death_HR,XP_010653684.1 uncharacterized protein LOC100265499 isoform X1 [Vitis vinifera],0.138,-0.013
XP_059593429.1,False,94.36,0.8627,False,antimicrobial,94.973,0.9152,False,antimicrobial,94.346,0.9166,False,antimicrobial,XP_059593429.1 ABC transporter B family member 20 isoform X1 [Vitis vinifera],0.613,-0.014
XP_003633847.1,False,96.97,1.0579,False,antimicrobial,96.833,1.0516,False,antimicrobial,96.956,1.0518,False,antimicrobial,XP_003633847.1 probable ubiquitin conjugation factor E4 [Vitis vinifera],-0.137,-0.014
XP_002280942.1,False,98.272,1.0767,False,antimicrobial,98.235,1.0832,False,antimicrobial,98.258,1.0819,False,antimicrobial,XP_002280942.1 subtilisin-like protease SBT6.1 [Vitis vinifera],-0.037,-0.014
XP_010651064.1,False,94.36,0.8627,False,antimicrobial,94.973,0.9152,False,antimicrobial,94.346,0.9166,False,antimicrobial,XP_010651064.1 ABC transporter B family member 20 isoform X1 [Vitis vinifera],0.613,-0.014
XP_059591037.1,False,97.458,1.188,False,NBS_LRR,97.381,1.1853,False,NBS_LRR,97.443,1.166,False,NBS_LRR,XP_059591037.1 uncharacterized protein LOC100262500 [Vitis vinifera],-0.077,-0.015
XP_002274337.1,False,96.675,1.1169,False,cell_death_HR,95.998,1.0338,False,antimicrobial,96.66,1.1114,False,cell_death_HR,XP_002274337.1 callose synthase 5 [Vitis vinifera],-0.677,-0.015
XP_002283477.2,False,99.715,1.4116,True,RLK_defense,99.715,1.4065,True,RLK_defense,99.7,1.402,True,RLK_defense,XP_002283477.2 probable LRR receptor-like serine/threonine-protein kinase At1g53430 [Vitis vinifera],0.0,-0.015
XP_010661233.3,False,99.902,1.8508,True,NBS_LRR,99.865,1.7717,True,NBS_LRR,99.887,1.7717,True,NBS_LRR,XP_010661233.3 putative disease resistance protein RGA3 [Vitis vinifera],-0.037,-0.015
XP_019081880.1,False,99.487,0.8735,True,defense_signaling,99.396,0.8738,True,defense_signaling,99.472,0.8707,True,defense_signaling,XP_019081880.1 uncharacterized protein LOC100252512 isoform X1 [Vitis vinifera],-0.091,-0.015
XP_019081865.1,False,99.487,0.8735,True,defense_signaling,99.396,0.8738,True,defense_signaling,99.472,0.8707,True,defense_signaling,XP_019081865.1 uncharacterized protein LOC100252512 isoform X1 [Vitis vinifera],-0.091,-0.015
XP_019071775.2,False,98.538,1.0839,False,PR_proteins,98.344,1.0714,False,PR_proteins,98.523,1.079,False,PR_proteins,XP_019071775.2 uncharacterized protein LOC109121565 [Vitis vinifera],-0.194,-0.015
XP_010653118.1,False,97.108,1.0153,False,PR_proteins,97.588,1.0319,False,PR_proteins,97.091,1.023,False,antimicrobial,XP_010653118.1 probable pre-mRNA-splicing factor ATP-dependent RNA helicase DEAH5 [Vitis vinifera],0.48,-0.017
XP_002264260.1,False,99.936,0.9183,True,defense_signaling,99.924,0.9168,True,defense_signaling,99.919,0.9134,True,defense_signaling,XP_002264260.1 protein CHROMATIN REMODELING 24 [Vitis vinifera],-0.012,-0.017
XP_002264678.4,False,99.254,1.3723,True,cell_death_HR,99.195,1.3627,True,cell_death_HR,99.237,1.3686,True,cell_death_HR,XP_002264678.4 uncharacterized protein LOC100243556 [Vitis vinifera],-0.059,-0.017
XP_059592256.1,False,99.931,0.9173,True,defense_signaling,99.874,0.911,True,defense_signaling,99.914,0.9123,True,defense_signaling,XP_059592256.1 topless-related protein 1 isoform X4 [Vitis vinifera],-0.057,-0.017
XP_010658364.1,False,99.868,0.9066,True,defense_signaling,99.829,0.9053,True,defense_signaling,99.849,0.9024,True,defense_signaling,XP_010658364.1 protein FLOWERING LOCUS D isoform X1 [Vitis vinifera],-0.039,-0.019
XP_010658361.1,False,99.868,0.9066,True,defense_signaling,99.829,0.9053,True,defense_signaling,99.849,0.9024,True,defense_signaling,XP_010658361.1 protein FLOWERING LOCUS D isoform X1 [Vitis vinifera],-0.039,-0.019
XP_010658362.1,False,99.868,0.9066,True,defense_signaling,99.829,0.9053,True,defense_signaling,99.849,0.9024,True,defense_signaling,XP_010658362.1 protein FLOWERING LOCUS D isoform X1 [Vitis vinifera],-0.039,-0.019
XP_010658363.1,False,99.868,0.9066,True,defense_signaling,99.829,0.9053,True,defense_signaling,99.849,0.9024,True,defense_signaling,XP_010658363.1 protein FLOWERING LOCUS D isoform X1 [Vitis vinifera],-0.039,-0.019
XP_059590304.1,False,99.972,1.8681,True,NBS_LRR,99.968,1.792,True,NBS_LRR,99.953,1.7862,True,NBS_LRR,XP_059590304.1 disease resistance protein RPV1 isoform X1 [Vitis vinifera],-0.004,-0.019
XP_010658365.1,False,99.868,0.9066,True,defense_signaling,99.829,0.9053,True,defense_signaling,99.849,0.9024,True,defense_signaling,XP_010658365.1 protein FLOWERING LOCUS D isoform X1 [Vitis vinifera],-0.039,-0.019
XP_059590301.1,False,99.972,1.8681,True,NBS_LRR,99.968,1.792,True,NBS_LRR,99.953,1.7862,True,NBS_LRR,XP_059590301.1 disease resistance protein RPV1 isoform X1 [Vitis vinifera],-0.004,-0.019
XP_059590302.1,False,99.972,1.8681,True,NBS_LRR,99.968,1.792,True,NBS_LRR,99.953,1.7862,True,NBS_LRR,XP_059590302.1 disease resistance protein RPV1 isoform X1 [Vitis vinifera],-0.004,-0.019
XP_059590303.1,False,99.972,1.8681,True,NBS_LRR,99.968,1.792,True,NBS_LRR,99.953,1.7862,True,NBS_LRR,XP_059590303.1 disease resistance protein RPV1 isoform X1 [Vitis vinifera],-0.004,-0.019
XP_059590306.1,False,99.972,1.8681,True,NBS_LRR,99.968,1.792,True,NBS_LRR,99.953,1.7862,True,NBS_LRR,XP_059590306.1 disease resistance protein RPV1 isoform X1 [Vitis vinifera],-0.004,-0.019
XP_059590305.1,False,99.972,1.8681,True,NBS_LRR,99.968,1.792,True,NBS_LRR,99.953,1.7862,True,NBS_LRR,XP_059590305.1 disease resistance protein RPV1 isoform X1 [Vitis vinifera],-0.004,-0.019
XP_010658358.1,False,99.868,0.9066,True,defense_signaling,99.829,0.9053,True,defense_signaling,99.849,0.9024,True,defense_signaling,XP_010658358.1 protein FLOWERING LOCUS D isoform X1 [Vitis vinifera],-0.039,-0.019
XP_059590299.1,False,99.972,1.8681,True,NBS_LRR,99.968,1.792,True,NBS_LRR,99.953,1.7862,True,NBS_LRR,XP_059590299.1 disease resistance protein RPV1 isoform X1 [Vitis vinifera],-0.004,-0.019
XP_010658357.1,False,99.868,0.9066,True,defense_signaling,99.829,0.9053,True,defense_signaling,99.849,0.9024,True,defense_signaling,XP_010658357.1 protein FLOWERING LOCUS D isoform X1 [Vitis vinifera],-0.039,-0.019
XP_010658356.1,False,99.868,0.9066,True,defense_signaling,99.829,0.9053,True,defense_signaling,99.849,0.9024,True,defense_signaling,XP_010658356.1 protein FLOWERING LOCUS D isoform X1 [Vitis vinifera],-0.039,-0.019
XP_059598215.1,False,99.868,0.9066,True,defense_signaling,99.829,0.9053,True,defense_signaling,99.849,0.9024,True,defense_signaling,XP_059598215.1 protein FLOWERING LOCUS D isoform X1 [Vitis vinifera],-0.039,-0.019
XP_002263889.1,False,99.782,0.9013,True,defense_signaling,99.988,0.9645,True,defense_signaling,99.763,1.0891,True,antimicrobial,"XP_002263889.1 DExH-box ATP-dependent RNA helicase DExH7, chloroplastic isoform X2 [Vitis vinifera]",0.206,-0.019
XP_019081759.1,False,89.842,0.6855,False,RLK_defense,85.945,0.6276,False,RLK_defense,89.823,0.6796,False,RLK_defense,"XP_019081759.1 pentatricopeptide repeat-containing protein At3g18110, chloroplastic isoform X2 [Vitis vinifera]",-3.897,-0.019
XP_059598216.1,False,99.868,0.9066,True,defense_signaling,99.829,0.9053,True,defense_signaling,99.849,0.9024,True,defense_signaling,XP_059598216.1 protein FLOWERING LOCUS D isoform X1 [Vitis vinifera],-0.039,-0.019
XP_059598217.1,False,99.868,0.9066,True,defense_signaling,99.829,0.9053,True,defense_signaling,99.849,0.9024,True,defense_signaling,XP_059598217.1 protein FLOWERING LOCUS D isoform X1 [Vitis vinifera],-0.039,-0.019
XP_059590291.1,False,99.972,1.8681,True,NBS_LRR,99.968,1.792,True,NBS_LRR,99.953,1.7862,True,NBS_LRR,XP_059590291.1 disease resistance protein RPV1 isoform X1 [Vitis vinifera],-0.004,-0.019
XP_059590307.1,False,99.972,1.8681,True,NBS_LRR,99.968,1.792,True,NBS_LRR,99.953,1.7862,True,NBS_LRR,XP_059590307.1 disease resistance protein RPV1 isoform X1 [Vitis vinifera],-0.004,-0.019
XP_059590293.1,False,99.972,1.8681,True,NBS_LRR,99.968,1.792,True,NBS_LRR,99.953,1.7862,True,NBS_LRR,XP_059590293.1 disease resistance protein RPV1 isoform X1 [Vitis vinifera],-0.004,-0.019
XP_059590294.1,False,99.972,1.8681,True,NBS_LRR,99.968,1.792,True,NBS_LRR,99.953,1.7862,True,NBS_LRR,XP_059590294.1 disease resistance protein RPV1 isoform X1 [Vitis vinifera],-0.004,-0.019
XP_059590295.1,False,99.972,1.8681,True,NBS_LRR,99.968,1.792,True,NBS_LRR,99.953,1.7862,True,NBS_LRR,XP_059590295.1 disease resistance protein RPV1 isoform X1 [Vitis vinifera],-0.004,-0.019
XP_010658001.1,False,99.782,0.9013,True,defense_signaling,99.99,0.9647,True,defense_signaling,99.763,1.0813,True,antimicrobial,"XP_010658001.1 DExH-box ATP-dependent RNA helicase DExH7, chloroplastic isoform X1 [Vitis vinifera]",0.208,-0.019
XP_059590296.1,False,99.972,1.8681,True,NBS_LRR,99.968,1.792,True,NBS_LRR,99.953,1.7862,True,NBS_LRR,XP_059590296.1 disease resistance protein RPV1 isoform X1 [Vitis vinifera],-0.004,-0.019
XP_059590297.1,False,99.972,1.8681,True,NBS_LRR,99.968,1.792,True,NBS_LRR,99.953,1.7862,True,NBS_LRR,XP_059590297.1 disease resistance protein RPV1 isoform X1 [Vitis vinifera],-0.004,-0.019
XP_059590298.1,False,99.972,1.8681,True,NBS_LRR,99.968,1.792,True,NBS_LRR,99.953,1.7862,True,NBS_LRR,XP_059590298.1 disease resistance protein RPV1 isoform X1 [Vitis vinifera],-0.004,-0.019
XP_059590300.1,False,99.972,1.8681,True,NBS_LRR,99.968,1.792,True,NBS_LRR,99.953,1.7862,True,NBS_LRR,XP_059590300.1 disease resistance protein RPV1 isoform X1 [Vitis vinifera],-0.004,-0.019
XP_059590292.1,False,99.972,1.8681,True,NBS_LRR,99.968,1.792,True,NBS_LRR,99.953,1.7862,True,NBS_LRR,XP_059590292.1 disease resistance protein RPV1 isoform X1 [Vitis vinifera],-0.004,-0.019
XP_059598214.1,False,99.868,0.9066,True,defense_signaling,99.829,0.9053,True,defense_signaling,99.849,0.9024,True,defense_signaling,XP_059598214.1 protein FLOWERING LOCUS D isoform X1 [Vitis vinifera],-0.039,-0.019
XP_059590308.1,False,99.972,1.8681,True,NBS_LRR,99.968,1.792,True,NBS_LRR,99.953,1.7862,True,NBS_LRR,XP_059590308.1 disease resistance protein RPV1 isoform X1 [Vitis vinifera],-0.004,-0.019
XP_059598304.1,False,96.5,1.0443,False,antimicrobial,96.358,1.0449,False,antimicrobial,96.481,1.0382,False,antimicrobial,XP_059598304.1 ubiquitin C-terminal hydrolase 12 isoform X6 [Vitis vinifera],-0.142,-0.019
XP_059590309.1,False,99.972,1.8681,True,NBS_LRR,99.968,1.792,True,NBS_LRR,99.953,1.7862,True,NBS_LRR,XP_059590309.1 disease resistance protein RPV1 isoform X1 [Vitis vinifera],-0.004,-0.019
XP_010658887.1,False,96.463,1.0431,False,antimicrobial,96.375,1.046,False,antimicrobial,96.444,1.037,False,antimicrobial,XP_010658887.1 ubiquitin C-terminal hydrolase 12 isoform X4 [Vitis vinifera],-0.088,-0.019
XP_010658888.1,False,96.473,1.0435,False,antimicrobial,96.367,1.0453,False,antimicrobial,96.454,1.0374,False,antimicrobial,XP_010658888.1 ubiquitin C-terminal hydrolase 12 isoform X5 [Vitis vinifera],-0.106,-0.019
XP_059590310.1,False,99.972,1.8681,True,NBS_LRR,99.968,1.792,True,NBS_LRR,99.953,1.7862,True,NBS_LRR,XP_059590310.1 disease resistance protein RPV1 isoform X1 [Vitis vinifera],-0.004,-0.019
XP_059590311.1,False,99.972,1.8681,True,NBS_LRR,99.968,1.792,True,NBS_LRR,99.953,1.7862,True,NBS_LRR,XP_059590311.1 disease resistance protein RPV1 isoform X1 [Vitis vinifera],-0.004,-0.019
XP_019079260.1,False,99.796,0.9016,True,defense_signaling,99.646,0.9257,True,antimicrobial,99.776,1.0206,True,antimicrobial,XP_019079260.1 DNA (cytosine-5)-methyltransferase 1B [Vitis vinifera],-0.15,-0.02
XP_059590186.1,False,99.808,0.9019,True,defense_signaling,99.732,0.8956,True,defense_signaling,99.788,0.8968,True,defense_signaling,XP_059590186.1 probable serine/threonine-protein kinase SIS8 isoform X4 [Vitis vinifera],-0.076,-0.02
XP_059590187.1,False,99.833,0.9037,True,defense_signaling,99.747,0.8967,True,defense_signaling,99.813,0.8986,True,defense_signaling,XP_059590187.1 probable serine/threonine-protein kinase SIS8 isoform X6 [Vitis vinifera],-0.086,-0.02
XP_010662237.1,False,99.909,0.9142,True,defense_signaling,99.778,0.9023,True,defense_signaling,99.889,0.9092,True,defense_signaling,"XP_010662237.1 DExH-box ATP-dependent RNA helicase DExH5, mitochondrial isoform X2 [Vitis vinifera]",-0.131,-0.02
XP_019079261.1,False,99.796,0.9016,True,defense_signaling,99.646,0.9257,True,antimicrobial,99.776,1.0206,True,antimicrobial,XP_019079261.1 DNA (cytosine-5)-methyltransferase 1B [Vitis vinifera],-0.15,-0.02
XP_059590185.1,False,99.808,0.9019,True,defense_signaling,99.732,0.8956,True,defense_signaling,99.788,0.8968,True,defense_signaling,XP_059590185.1 probable serine/threonine-protein kinase SIS8 isoform X4 [Vitis vinifera],-0.076,-0.02
XP_019079268.1,False,99.796,0.9016,True,defense_signaling,99.646,0.9257,True,antimicrobial,99.776,1.0206,True,antimicrobial,XP_019079268.1 DNA (cytosine-5)-methyltransferase 1B [Vitis vinifera],-0.15,-0.02
XP_010660655.1,False,98.308,0.8234,False,defense_signaling,98.387,0.8278,False,defense_signaling,98.288,0.821,False,defense_signaling,XP_010660655.1 kinesin-like protein KIN-14J [Vitis vinifera],0.079,-0.02
XP_010660660.1,False,98.308,0.8234,False,defense_signaling,98.387,0.8278,False,defense_signaling,98.288,0.821,False,defense_signaling,XP_010660660.1 kinesin-like protein KIN-14J [Vitis vinifera],0.079,-0.02
XP_019077239.1,False,99.824,0.9031,True,defense_signaling,99.071,1.145,True,antimicrobial,99.804,1.1436,True,antimicrobial,XP_019077239.1 uncharacterized protein LOC100260373 [Vitis vinifera],-0.753,-0.02
XP_003634285.1,False,99.808,0.9019,True,defense_signaling,99.732,0.8956,True,defense_signaling,99.788,0.8968,True,defense_signaling,XP_003634285.1 probable serine/threonine-protein kinase SIS8 isoform X4 [Vitis vinifera],-0.076,-0.02
XP_019079267.1,False,99.796,0.9016,True,defense_signaling,99.646,0.9257,True,antimicrobial,99.776,1.0206,True,antimicrobial,XP_019079267.1 DNA (cytosine-5)-methyltransferase 1B [Vitis vinifera],-0.15,-0.02
XP_010644892.1,False,98.703,1.685,False,NBS_LRR,98.703,1.607,False,NBS_LRR,98.683,1.6052,False,NBS_LRR,XP_010644892.1 putative disease resistance protein RGA3 isoform X1 [Vitis vinifera],0.0,-0.02
XP_010653166.1,False,99.824,0.9031,True,defense_signaling,99.071,1.145,True,antimicrobial,99.804,1.1436,True,antimicrobial,XP_010653166.1 uncharacterized protein LOC100260373 [Vitis vinifera],-0.753,-0.02
XP_003634188.1,False,99.771,0.8987,True,defense_signaling,99.67,0.8894,True,defense_signaling,99.751,0.8936,True,defense_signaling,XP_003634188.1 DENN domain and WD repeat-containing protein SCD1 isoform X1 [Vitis vinifera],-0.101,-0.02
XP_059596980.1,False,99.796,0.9016,True,defense_signaling,99.646,0.9257,True,antimicrobial,99.776,1.0206,True,antimicrobial,XP_059596980.1 DNA (cytosine-5)-methyltransferase 1B [Vitis vinifera],-0.15,-0.02
XP_010663864.1,False,99.835,1.0031,True,RLK_defense,99.941,1.1228,True,RLK_defense,99.815,1.1569,True,RLK_defense,XP_010663864.1 probable receptor-like protein kinase At5g61350 [Vitis vinifera],0.106,-0.02
XP_059591683.1,False,99.486,1.7908,True,NBS_LRR,99.518,1.7306,True,NBS_LRR,99.466,1.7184,True,NBS_LRR,XP_059591683.1 LOW QUALITY PROTEIN: disease resistance protein RPV1-like [Vitis vinifera],0.032,-0.02
XP_059596982.1,False,99.796,0.9016,True,defense_signaling,99.646,0.9257,True,antimicrobial,99.776,1.0206,True,antimicrobial,XP_059596982.1 DNA (cytosine-5)-methyltransferase 1B [Vitis vinifera],-0.15,-0.02
XP_059596981.1,False,99.796,0.9016,True,defense_signaling,99.646,0.9257,True,antimicrobial,99.776,1.0206,True,antimicrobial,XP_059596981.1 DNA (cytosine-5)-methyltransferase 1B [Vitis vinifera],-0.15,-0.02
XP_002265477.1,False,99.899,0.9127,True,defense_signaling,99.483,1.1474,True,antimicrobial,99.877,1.1556,True,antimicrobial,XP_002265477.1 uncharacterized protein LOC100243162 [Vitis vinifera],-0.416,-0.022
XP_003634654.3,False,97.539,1.1835,False,NBS_LRR,97.519,1.1931,False,NBS_LRR,97.517,1.1964,False,NBS_LRR,XP_003634654.3 LOW QUALITY PROTEIN: uncharacterized protein LOC100260532 [Vitis vinifera],-0.02,-0.022
XP_010662135.1,False,99.62,0.9584,True,antimicrobial,99.577,0.9029,True,antimicrobial,99.598,0.9519,True,antimicrobial,XP_010662135.1 protein TOPLESS-RELATED PROTEIN 2 isoform X4 [Vitis vinifera],-0.043,-0.022
XP_002283393.2,False,97.492,1.073,False,RLK_defense,97.443,1.0566,False,RLK_defense,97.47,1.0654,False,RLK_defense,"XP_002283393.2 ATP-dependent zinc metalloprotease FTSH 6, chloroplastic [Vitis vinifera]",-0.049,-0.022
XP_002275116.1,False,99.62,0.9584,True,antimicrobial,99.557,0.9054,True,antimicrobial,99.598,0.9519,True,antimicrobial,XP_002275116.1 protein TOPLESS-RELATED PROTEIN 2 isoform X3 [Vitis vinifera],-0.063,-0.022
XP_010661053.1,False,99.902,0.9129,True,defense_signaling,99.845,0.9055,True,defense_signaling,99.879,0.9079,True,defense_signaling,XP_010661053.1 uncharacterized protein LOC100264593 isoform X2 [Vitis vinifera],-0.057,-0.023
XP_010661059.1,False,99.66,0.8865,True,defense_signaling,99.402,0.8741,True,defense_signaling,99.636,0.8813,True,defense_signaling,XP_010661059.1 uncharacterized protein LOC100264593 isoform X7 [Vitis vinifera],-0.258,-0.024
XP_010661060.1,False,99.66,0.8865,True,defense_signaling,99.402,0.8741,True,defense_signaling,99.636,0.8813,True,defense_signaling,XP_010661060.1 uncharacterized protein LOC100264593 isoform X7 [Vitis vinifera],-0.258,-0.024
XP_019072614.1,False,96.222,0.8606,False,RLK_defense,94.258,0.7751,False,RLK_defense,96.198,0.8543,False,RLK_defense,XP_019072614.1 pentatricopeptide repeat-containing protein At4g33170 [Vitis vinifera],-1.964,-0.024
XP_019080674.1,False,99.66,0.8865,True,defense_signaling,99.402,0.8741,True,defense_signaling,99.636,0.8813,True,defense_signaling,XP_019080674.1 uncharacterized protein LOC100264593 isoform X7 [Vitis vinifera],-0.258,-0.024
XP_010648737.2,False,99.673,0.8872,True,defense_signaling,99.567,0.8836,True,defense_signaling,99.648,0.8821,True,defense_signaling,XP_010648737.2 topless-related protein 1 isoform X2 [Vitis vinifera],-0.106,-0.025
XP_010661137.1,False,99.679,0.8877,True,defense_signaling,99.461,0.8754,True,defense_signaling,99.652,0.946,True,antimicrobial,XP_010661137.1 sister chromatid cohesion protein SCC2 isoform X1 [Vitis vinifera],-0.218,-0.027
XP_019073041.1,False,98.969,1.737,False,NBS_LRR,98.912,1.6354,False,NBS_LRR,98.942,1.6431,False,NBS_LRR,XP_019073041.1 putative disease resistance protein RGA4 [Vitis vinifera],-0.057,-0.027
XP_010661138.1,False,99.679,0.8877,True,defense_signaling,99.39,0.8733,True,defense_signaling,99.652,0.939,True,antimicrobial,XP_010661138.1 sister chromatid cohesion protein SCC2 isoform X2 [Vitis vinifera],-0.289,-0.027
XP_019080586.1,False,95.614,1.0845,False,cell_death_HR,95.191,1.0635,False,cell_death_HR,95.587,1.0789,False,cell_death_HR,XP_019080586.1 probable alpha-mannosidase At5g13980 isoform X1 [Vitis vinifera],-0.423,-0.027
XP_002263912.2,False,96.436,1.0423,False,antimicrobial,96.37,1.0455,False,antimicrobial,96.409,1.0362,False,antimicrobial,XP_002263912.2 ubiquitin C-terminal hydrolase 12 isoform X1 [Vitis vinifera],-0.066,-0.027
XP_003633363.3,False,91.753,0.9733,False,NBS_LRR,91.622,0.9415,False,NBS_LRR,91.726,0.9476,False,NBS_LRR,XP_003633363.3 receptor-like protein 7 [Vitis vinifera],-0.131,-0.027
XP_010658886.1,False,96.36,1.042,False,antimicrobial,96.353,1.0448,False,antimicrobial,96.333,1.0359,False,antimicrobial,XP_010658886.1 ubiquitin C-terminal hydrolase 12 isoform X3 [Vitis vinifera],-0.007,-0.027
XP_010663053.1,False,96.289,1.0027,False,antimicrobial,95.169,1.0112,False,antimicrobial,96.262,0.9965,False,antimicrobial,XP_010663053.1 callose synthase 10 [Vitis vinifera],-1.12,-0.027
XP_010655361.1,False,99.471,0.8714,True,defense_signaling,99.372,0.8717,True,defense_signaling,99.444,0.868,True,defense_signaling,XP_010655361.1 phospholipase A I isoform X2 [Vitis vinifera],-0.099,-0.027
XP_010658885.1,False,96.323,1.0399,False,antimicrobial,96.252,1.0429,False,antimicrobial,96.296,1.0338,False,antimicrobial,XP_010658885.1 ubiquitin C-terminal hydrolase 12 isoform X2 [Vitis vinifera],-0.071,-0.027
XP_019073699.1,False,95.639,1.0092,False,antimicrobial,95.043,0.9847,False,antimicrobial,95.612,1.003,False,antimicrobial,XP_019073699.1 uncharacterized protein LOC100254417 isoform X2 [Vitis vinifera],-0.596,-0.027
XP_019073698.1,False,95.534,1.005,False,antimicrobial,95.104,0.984,False,antimicrobial,95.507,0.9987,False,antimicrobial,XP_019073698.1 uncharacterized protein LOC100254417 isoform X1 [Vitis vinifera],-0.43,-0.027
XP_019073697.1,False,95.534,1.005,False,antimicrobial,95.104,0.984,False,antimicrobial,95.507,0.9987,False,antimicrobial,XP_019073697.1 uncharacterized protein LOC100254417 isoform X1 [Vitis vinifera],-0.43,-0.027
XP_002262987.1,False,98.326,1.1251,False,antimicrobial,98.504,1.1392,False,antimicrobial,98.298,1.1193,False,antimicrobial,XP_002262987.1 5-oxoprolinase 1 [Vitis vinifera],0.178,-0.028
XP_010654305.1,False,98.326,1.1251,False,antimicrobial,98.504,1.1392,False,antimicrobial,98.298,1.1193,False,antimicrobial,XP_010654305.1 5-oxoprolinase 1 [Vitis vinifera],0.178,-0.028
XP_059589653.1,False,94.312,1.1426,False,NBS_LRR,94.364,1.1116,False,NBS_LRR,94.283,1.109,False,NBS_LRR,XP_059589653.1 receptor-like protein EIX2 isoform X2 [Vitis vinifera],0.052,-0.029
XP_010646440.1,False,96.126,1.0503,False,cell_death_HR,96.107,1.0438,False,cell_death_HR,96.097,1.0444,False,cell_death_HR,XP_010646440.1 uncharacterized protein LOC100254417 isoform X3 [Vitis vinifera],-0.019,-0.029
XP_059597230.1,False,99.435,1.7826,True,NBS_LRR,99.123,1.6642,True,NBS_LRR,99.406,1.7086,True,NBS_LRR,XP_059597230.1 disease resistance protein RPV1-like [Vitis vinifera],-0.312,-0.029
XP_059597334.1,False,96.323,1.3148,False,NBS_LRR,96.414,1.2677,False,NBS_LRR,96.294,1.2519,False,NBS_LRR,XP_059597334.1 putative disease resistance protein RGA1 [Vitis vinifera],0.091,-0.029
XP_019073147.1,False,99.435,1.7826,True,NBS_LRR,99.123,1.6642,True,NBS_LRR,99.406,1.7086,True,NBS_LRR,XP_019073147.1 disease resistance protein RPV1-like [Vitis vinifera],-0.312,-0.029
XP_059592934.1,False,99.788,1.8245,True,NBS_LRR,99.803,1.7521,True,NBS_LRR,99.759,1.7502,True,NBS_LRR,XP_059592934.1 disease resistance protein RUN1 [Vitis vinifera],0.015,-0.029
XP_059592936.1,False,99.788,1.8245,True,NBS_LRR,99.803,1.7521,True,NBS_LRR,99.759,1.7502,True,NBS_LRR,XP_059592936.1 disease resistance protein RUN1 [Vitis vinifera],0.015,-0.029
XP_059597081.1,False,98.624,1.6706,False,NBS_LRR,98.949,1.6408,False,NBS_LRR,98.595,1.5851,False,NBS_LRR,XP_059597081.1 LOW QUALITY PROTEIN: disease resistance protein RUN1 [Vitis vinifera],0.325,-0.029
XP_002273016.1,False,99.803,1.432,True,RLK_defense,99.742,1.4139,True,RLK_defense,99.774,1.4199,True,RLK_defense,XP_002273016.1 probable LRR receptor-like serine/threonine-protein kinase At1g56130 [Vitis vinifera],-0.061,-0.029
XP_059592935.1,False,99.788,1.8245,True,NBS_LRR,99.803,1.7521,True,NBS_LRR,99.759,1.7502,True,NBS_LRR,XP_059592935.1 disease resistance protein RUN1 [Vitis vinifera],0.015,-0.029
XP_010648709.1,False,98.43,0.8272,False,defense_signaling,98.545,0.8329,False,defense_signaling,98.4,0.8242,False,defense_signaling,XP_010648709.1 trafficking protein particle complex II-specific subunit 120 homolog isoform X1 [Vitis vinifera],0.115,-0.03
XP_010662134.1,False,99.612,0.9497,True,antimicrobial,99.5,0.8975,True,antimicrobial,99.58,0.9432,True,antimicrobial,XP_010662134.1 protein TOPLESS-RELATED PROTEIN 2 isoform X2 [Vitis vinifera],-0.112,-0.032
XP_010662133.1,False,99.612,0.9497,True,antimicrobial,99.503,0.9013,True,antimicrobial,99.58,0.9432,True,antimicrobial,XP_010662133.1 protein TOPLESS-RELATED PROTEIN 2 isoform X1 [Vitis vinifera],-0.109,-0.032
XP_010661151.1,False,99.2,1.7593,True,NBS_LRR,99.459,1.7224,True,NBS_LRR,99.168,1.6731,True,NBS_LRR,XP_010661151.1 disease resistance protein RPV1 [Vitis vinifera],0.259,-0.032
XP_010648370.1,False,99.599,0.8827,True,defense_signaling,99.52,0.8802,True,defense_signaling,99.567,0.8776,True,defense_signaling,XP_010648370.1 uncharacterized protein LOC100252512 isoform X3 [Vitis vinifera],-0.079,-0.032
XP_059596160.1,False,97.074,1.0775,False,NBS_LRR,93.978,0.9413,False,NBS_LRR,97.042,1.0524,False,NBS_LRR,XP_059596160.1 uncharacterized protein LOC100854754 [Vitis vinifera],-3.096,-0.032
XP_002283157.1,False,99.609,0.9506,True,antimicrobial,99.495,0.8973,True,antimicrobial,99.577,0.9441,True,antimicrobial,XP_002283157.1 topless-related protein 3 [Vitis vinifera],-0.114,-0.032
XP_010654306.1,False,98.326,1.1251,False,antimicrobial,98.504,1.1392,False,antimicrobial,98.294,1.1193,False,antimicrobial,XP_010654306.1 5-oxoprolinase 1 [Vitis vinifera],0.178,-0.032
XP_019082069.1,False,99.692,0.8885,True,defense_signaling,99.619,0.8867,True,defense_signaling,99.659,0.8834,True,defense_signaling,XP_019082069.1 probable serine/threonine-protein kinase SIS8 isoform X3 [Vitis vinifera],-0.073,-0.033
XP_010663672.1,False,99.692,0.8885,True,defense_signaling,99.54,0.8815,True,defense_signaling,99.659,0.8834,True,defense_signaling,XP_010663672.1 probable serine/threonine-protein kinase SIS8 isoform X5 [Vitis vinifera],-0.152,-0.033
XP_010661253.1,False,96.33,1.3155,False,NBS_LRR,96.732,1.3046,False,NBS_LRR,96.296,1.2522,False,NBS_LRR,XP_010661253.1 probable disease resistance protein At4g27220 isoform X4 [Vitis vinifera],0.402,-0.034
XP_002277238.1,False,99.584,0.8794,True,defense_signaling,99.468,0.8768,True,defense_signaling,99.55,0.8742,True,defense_signaling,XP_002277238.1 uncharacterized protein LOC100252512 isoform X4 [Vitis vinifera],-0.116,-0.034
XP_010663578.1,False,99.409,0.8698,True,defense_signaling,99.18,0.8637,True,defense_signaling,99.375,0.8646,True,defense_signaling,XP_010663578.1 DENN domain and WD repeat-containing protein SCD1 isoform X3 [Vitis vinifera],-0.229,-0.034
XP_002268265.1,False,99.407,0.947,True,antimicrobial,99.082,0.9161,True,antimicrobial,99.372,0.9405,True,antimicrobial,XP_002268265.1 protein TOPLESS [Vitis vinifera],-0.325,-0.035
XP_002264399.1,False,99.774,1.8207,True,NBS_LRR,98.55,1.5734,False,NBS_LRR,99.739,1.7437,True,NBS_LRR,XP_002264399.1 disease resistance protein RPV1 [Vitis vinifera],-1.224,-0.035
XP_059590769.1,False,99.892,1.8484,True,NBS_LRR,98.445,1.5645,False,NBS_LRR,99.857,1.7613,True,NBS_LRR,XP_059590769.1 disease resistance protein RPV1 [Vitis vinifera],-1.447,-0.035
XP_010649445.1,False,98.59,0.8323,False,defense_signaling,98.568,0.8333,False,defense_signaling,98.554,0.8442,False,antimicrobial,XP_010649445.1 uncharacterized protein LOC100262676 isoform X2 [Vitis vinifera],-0.022,-0.036
XP_059590813.1,False,99.737,0.8914,True,defense_signaling,99.719,0.8952,True,defense_signaling,99.7,0.8863,True,defense_signaling,XP_059590813.1 uncharacterized ATP-dependent helicase C29A10.10c isoform X3 [Vitis vinifera],-0.018,-0.037
XP_002279290.1,False,99.478,0.8731,True,defense_signaling,99.36,0.8699,True,defense_signaling,99.441,0.8679,True,defense_signaling,XP_002279290.1 suppressor of RPS4-RLD 1 [Vitis vinifera],-0.118,-0.037
XP_010651910.1,False,99.531,0.8768,True,defense_signaling,99.43,0.8752,True,defense_signaling,99.494,0.8716,True,defense_signaling,XP_010651910.1 protein HIRA isoform X1 [Vitis vinifera],-0.101,-0.037
XP_019081892.1,False,99.523,0.8762,True,defense_signaling,99.414,0.875,True,defense_signaling,99.486,0.871,True,defense_signaling,XP_019081892.1 uncharacterized protein LOC100252512 isoform X2 [Vitis vinifera],-0.109,-0.037
XP_059596158.1,False,97.443,1.1284,False,NBS_LRR,95.326,0.9565,False,NBS_LRR,97.406,1.1033,False,NBS_LRR,XP_059596158.1 uncharacterized protein LOC100241634 [Vitis vinifera],-2.117,-0.037
XP_002270774.2,False,99.057,1.3323,True,cell_death_HR,98.794,1.2061,False,cell_death_HR,99.02,1.3283,True,cell_death_HR,"XP_002270774.2 glycine--tRNA ligase, chloroplastic/mitochondrial 2 isoform X1 [Vitis vinifera]",-0.263,-0.037
XP_010650946.1,False,99.39,0.8686,True,defense_signaling,99.749,1.0398,True,antimicrobial,99.353,1.201,True,cell_death_HR,XP_010650946.1 DExH-box ATP-dependent RNA helicase DExH11 [Vitis vinifera],0.359,-0.037
XP_059598982.1,False,99.045,1.3316,True,cell_death_HR,98.811,1.2057,False,cell_death_HR,99.008,1.3276,True,cell_death_HR,"XP_059598982.1 glycine--tRNA ligase, chloroplastic/mitochondrial 2 isoform X2 [Vitis vinifera]",-0.234,-0.037
XP_002265778.1,False,99.397,0.9518,True,antimicrobial,99.355,0.917,True,antimicrobial,99.36,0.9454,True,antimicrobial,XP_002265778.1 topless-related protein 4 [Vitis vinifera],-0.042,-0.037
XP_010654582.1,False,97.534,1.1608,False,NBS_LRR,90.156,0.8517,False,NBS_LRR,97.497,1.1495,False,NBS_LRR,XP_010654582.1 uncharacterized protein LOC100241278 isoform X3 [Vitis vinifera],-7.378,-0.037
XP_002278568.2,False,99.572,0.8783,True,defense_signaling,99.552,0.8825,True,defense_signaling,99.535,0.8731,True,defense_signaling,XP_002278568.2 AP3-complex subunit beta-A [Vitis vinifera],-0.02,-0.037
XP_002263076.1,False,99.531,0.8768,True,defense_signaling,99.43,0.8752,True,defense_signaling,99.494,0.8716,True,defense_signaling,XP_002263076.1 protein HIRA isoform X1 [Vitis vinifera],-0.101,-0.037
XP_059590767.1,False,99.922,1.8556,True,NBS_LRR,98.438,1.5626,False,NBS_LRR,99.883,1.7701,True,NBS_LRR,XP_059590767.1 uncharacterized protein LOC100261885 [Vitis vinifera],-1.484,-0.039
XP_059590768.1,False,99.922,1.8556,True,NBS_LRR,98.438,1.5626,False,NBS_LRR,99.883,1.7701,True,NBS_LRR,XP_059590768.1 uncharacterized protein LOC100261885 [Vitis vinifera],-1.484,-0.039
XP_010653449.1,False,99.05,0.8517,True,defense_signaling,99.498,0.8791,True,defense_signaling,99.011,0.8482,True,defense_signaling,XP_010653449.1 E3 ubiquitin-protein ligase UPL4 isoform X1 [Vitis vinifera],0.448,-0.039
XP_002270669.1,False,97.982,1.1051,False,antimicrobial,97.78,1.096,False,antimicrobial,97.943,1.0992,False,antimicrobial,"XP_002270669.1 putative calcium-transporting ATPase 11, plasma membrane-type [Vitis vinifera]",-0.202,-0.039
XP_002263925.3,False,99.364,0.868,True,defense_signaling,99.15,0.8627,True,defense_signaling,99.324,0.8628,True,defense_signaling,XP_002263925.3 lysine-specific demethylase JMJ27 isoform X1 [Vitis vinifera],-0.214,-0.04
XP_019081260.1,False,99.364,0.868,True,defense_signaling,99.077,0.8576,True,defense_signaling,99.324,0.8628,True,defense_signaling,XP_019081260.1 lysine-specific demethylase JMJ27 isoform X4 [Vitis vinifera],-0.287,-0.04
XP_019081258.1,False,99.364,0.868,True,defense_signaling,99.134,0.8621,True,defense_signaling,99.324,0.8628,True,defense_signaling,XP_019081258.1 lysine-specific demethylase JMJ27 isoform X2 [Vitis vinifera],-0.23,-0.04
XP_019081257.1,False,99.364,0.868,True,defense_signaling,99.15,0.8627,True,defense_signaling,99.324,0.8628,True,defense_signaling,XP_019081257.1 lysine-specific demethylase JMJ27 isoform X1 [Vitis vinifera],-0.214,-0.04
XP_059596382.1,False,99.732,0.8909,True,defense_signaling,99.227,0.993,True,PR_proteins,99.692,1.0921,True,PR_proteins,"XP_059596382.1 starch synthase 3, chloroplastic/amyloplastic [Vitis vinifera]",-0.505,-0.04
XP_002285341.2,False,99.358,0.9848,True,cell_death_HR,99.441,0.9231,True,cell_death_HR,99.318,0.9784,True,cell_death_HR,XP_002285341.2 topless-related protein 4 isoform X3 [Vitis vinifera],0.083,-0.04
XP_059598275.1,False,96.262,0.8878,False,antimicrobial,95.216,0.991,False,antimicrobial,96.222,0.8868,False,antimicrobial,XP_059598275.1 ABC transporter C family member 10 isoform X2 [Vitis vinifera],-1.046,-0.04
XP_059596384.1,False,99.732,0.8909,True,defense_signaling,99.227,0.993,True,PR_proteins,99.692,1.0921,True,PR_proteins,"XP_059596384.1 starch synthase 3, chloroplastic/amyloplastic [Vitis vinifera]",-0.505,-0.04
XP_059590211.1,False,97.991,1.1055,False,antimicrobial,96.707,1.0349,False,antimicrobial,97.951,1.0997,False,antimicrobial,XP_059590211.1 pre-mRNA-splicing factor ATP-dependent RNA helicase DEAH1 isoform X1 [Vitis vinifera],-1.284,-0.04
XP_059596383.1,False,99.732,0.8909,True,defense_signaling,99.227,0.993,True,PR_proteins,99.692,1.0921,True,PR_proteins,"XP_059596383.1 starch synthase 3, chloroplastic/amyloplastic [Vitis vinifera]",-0.505,-0.04
XP_002284415.1,False,97.991,1.1055,False,antimicrobial,96.468,1.0488,False,antimicrobial,97.951,1.0997,False,antimicrobial,XP_002284415.1 pre-mRNA-splicing factor ATP-dependent RNA helicase DEAH1 isoform X2 [Vitis vinifera],-1.523,-0.04
XP_059596161.1,False,97.089,1.1277,False,NBS_LRR,97.103,1.1483,False,NBS_LRR,97.049,1.1048,False,NBS_LRR,XP_059596161.1 uncharacterized protein LOC100854083 [Vitis vinifera],0.014,-0.04
XP_010656453.1,False,99.345,0.9862,True,cell_death_HR,99.412,0.9232,True,cell_death_HR,99.304,0.9799,True,cell_death_HR,XP_010656453.1 topless-related protein 4 isoform X2 [Vitis vinifera],0.067,-0.041
XP_002276882.1,False,99.343,0.8665,True,defense_signaling,98.472,0.8306,False,defense_signaling,99.301,0.8613,True,defense_signaling,XP_002276882.1 serine/threonine-protein kinase RUNKEL [Vitis vinifera],-0.871,-0.042
XP_019078143.1,False,99.503,0.8751,True,defense_signaling,99.559,0.8834,True,defense_signaling,99.461,0.87,True,defense_signaling,XP_019078143.1 phospholipase A I isoform X1 [Vitis vinifera],0.056,-0.042
XP_019081259.1,False,99.494,0.8745,True,defense_signaling,99.283,0.8686,True,defense_signaling,99.452,0.8693,True,defense_signaling,XP_019081259.1 lysine-specific demethylase JMJ27 isoform X3 [Vitis vinifera],-0.211,-0.042
XP_002280133.1,False,99.353,0.975,True,antimicrobial,98.595,1.0341,False,antimicrobial,99.311,1.0495,True,antimicrobial,"XP_002280133.1 DExH-box ATP-dependent RNA helicase DExH5, mitochondrial isoform X1 [Vitis vinifera]",-0.758,-0.042
XP_019077737.2,False,92.363,1.0099,False,NBS_LRR,92.39,0.9827,False,NBS_LRR,92.321,0.9843,False,NBS_LRR,XP_019077737.2 receptor-like protein 49 isoform X1 [Vitis vinifera],0.027,-0.042
XP_010654485.1,False,99.334,0.8662,True,defense_signaling,96.938,0.7918,False,defense_signaling,99.292,1.0392,True,antimicrobial,XP_010654485.1 midasin isoform X2 [Vitis vinifera],-2.396,-0.042
XP_019082074.1,False,99.491,0.8843,True,antimicrobial,99.2,0.8662,True,defense_signaling,99.449,0.8776,True,antimicrobial,XP_019082074.1 DENN domain and WD repeat-containing protein SCD1 isoform X2 [Vitis vinifera],-0.291,-0.042
XP_059595742.1,False,92.363,1.0099,False,NBS_LRR,92.39,0.9827,False,NBS_LRR,92.321,0.9843,False,NBS_LRR,XP_059595742.1 receptor-like protein 49 isoform X1 [Vitis vinifera],0.027,-0.042
XP_059595743.1,False,92.363,1.0099,False,NBS_LRR,92.39,0.9827,False,NBS_LRR,92.321,0.9843,False,NBS_LRR,XP_059595743.1 receptor-like protein 49 isoform X1 [Vitis vinifera],0.027,-0.042
XP_059598985.1,False,99.494,0.8745,True,defense_signaling,99.283,0.8686,True,defense_signaling,99.452,0.8693,True,defense_signaling,XP_059598985.1 lysine-specific demethylase JMJ27 isoform X3 [Vitis vinifera],-0.211,-0.042
XP_059595419.1,False,99.334,0.8662,True,defense_signaling,96.983,0.7924,False,defense_signaling,99.292,1.0392,True,antimicrobial,XP_059595419.1 midasin isoform X1 [Vitis vinifera],-2.351,-0.042
XP_019080587.1,False,95.331,1.0808,False,cell_death_HR,95.127,1.0636,False,cell_death_HR,95.289,1.0751,False,cell_death_HR,XP_019080587.1 probable alpha-mannosidase At5g13980 isoform X2 [Vitis vinifera],-0.204,-0.042
XP_019077794.1,False,96.879,0.9981,False,NBS_LRR,88.497,0.7824,False,NBS_LRR,96.835,0.9856,False,NBS_LRR,XP_019077794.1 uncharacterized protein LOC100241278 isoform X5 [Vitis vinifera],-8.382,-0.044
XP_002274101.1,False,95.565,0.8266,False,RLK_defense,95.309,0.812,False,RLK_defense,95.521,0.8192,False,RLK_defense,XP_002274101.1 pentatricopeptide repeat-containing protein At5g27270 [Vitis vinifera],-0.256,-0.044
XP_010656298.1,False,99.52,0.9011,True,RLK_defense,99.375,0.9131,True,RLK_defense,99.476,0.9166,True,RLK_defense,XP_010656298.1 putative E3 ubiquitin-protein ligase LIN-1 isoform X2 [Vitis vinifera],-0.145,-0.044
XP_059593258.1,False,2.153,-2.639,False,defense_signaling,1.789,-2.9447,False,defense_signaling,2.109,-2.6599,False,defense_signaling,XP_059593258.1 extensin-2 [Vitis vinifera],-0.364,-0.044
XP_010656452.1,False,99.316,0.9875,True,cell_death_HR,99.377,0.928,True,cell_death_HR,99.272,0.9811,True,cell_death_HR,XP_010656452.1 topless-related protein 4 isoform X1 [Vitis vinifera],0.061,-0.044
XP_002282588.1,False,99.692,1.4105,True,RLK_defense,99.67,1.401,True,RLK_defense,99.648,1.3956,True,RLK_defense,XP_002282588.1 phytosulfokine receptor 2 [Vitis vinifera],-0.022,-0.044
XP_010644936.1,False,99.7,1.8121,True,NBS_LRR,99.668,1.7391,True,NBS_LRR,99.655,1.7386,True,NBS_LRR,XP_010644936.1 putative disease resistance protein RGA3 [Vitis vinifera],-0.032,-0.045
XP_059591218.1,False,99.7,1.8121,True,NBS_LRR,99.668,1.7391,True,NBS_LRR,99.655,1.7386,True,NBS_LRR,XP_059591218.1 putative disease resistance protein RGA3 [Vitis vinifera],-0.032,-0.045
XP_059591208.1,False,99.7,1.8121,True,NBS_LRR,99.668,1.7391,True,NBS_LRR,99.655,1.7386,True,NBS_LRR,XP_059591208.1 putative disease resistance protein RGA3 [Vitis vinifera],-0.032,-0.045
XP_059591209.1,False,99.7,1.8121,True,NBS_LRR,99.668,1.7391,True,NBS_LRR,99.655,1.7386,True,NBS_LRR,XP_059591209.1 putative disease resistance protein RGA3 [Vitis vinifera],-0.032,-0.045
XP_059591199.1,False,99.7,1.8121,True,NBS_LRR,99.668,1.7391,True,NBS_LRR,99.655,1.7386,True,NBS_LRR,XP_059591199.1 putative disease resistance protein RGA3 [Vitis vinifera],-0.032,-0.045
XP_059591210.1,False,99.7,1.8121,True,NBS_LRR,99.668,1.7391,True,NBS_LRR,99.655,1.7386,True,NBS_LRR,XP_059591210.1 putative disease resistance protein RGA3 [Vitis vinifera],-0.032,-0.045
XP_059591227.1,False,99.7,1.8121,True,NBS_LRR,99.668,1.7391,True,NBS_LRR,99.655,1.7386,True,NBS_LRR,XP_059591227.1 putative disease resistance protein RGA3 [Vitis vinifera],-0.032,-0.045
XP_059591212.1,False,99.7,1.8121,True,NBS_LRR,99.668,1.7391,True,NBS_LRR,99.655,1.7386,True,NBS_LRR,XP_059591212.1 putative disease resistance protein RGA3 [Vitis vinifera],-0.032,-0.045
XP_059591213.1,False,99.7,1.8121,True,NBS_LRR,99.668,1.7391,True,NBS_LRR,99.655,1.7386,True,NBS_LRR,XP_059591213.1 putative disease resistance protein RGA3 [Vitis vinifera],-0.032,-0.045
XP_059591214.1,False,99.7,1.8121,True,NBS_LRR,99.668,1.7391,True,NBS_LRR,99.655,1.7386,True,NBS_LRR,XP_059591214.1 putative disease resistance protein RGA3 [Vitis vinifera],-0.032,-0.045
XP_059591215.1,False,99.7,1.8121,True,NBS_LRR,99.668,1.7391,True,NBS_LRR,99.655,1.7386,True,NBS_LRR,XP_059591215.1 putative disease resistance protein RGA3 [Vitis vinifera],-0.032,-0.045
XP_059591216.1,False,99.7,1.8121,True,NBS_LRR,99.668,1.7391,True,NBS_LRR,99.655,1.7386,True,NBS_LRR,XP_059591216.1 putative disease resistance protein RGA3 [Vitis vinifera],-0.032,-0.045
XP_059591217.1,False,99.7,1.8121,True,NBS_LRR,99.668,1.7391,True,NBS_LRR,99.655,1.7386,True,NBS_LRR,XP_059591217.1 putative disease resistance protein RGA3 [Vitis vinifera],-0.032,-0.045
XP_059591220.1,False,99.7,1.8121,True,NBS_LRR,99.668,1.7391,True,NBS_LRR,99.655,1.7386,True,NBS_LRR,XP_059591220.1 putative disease resistance protein RGA3 [Vitis vinifera],-0.032,-0.045
XP_059591219.1,False,99.7,1.8121,True,NBS_LRR,99.668,1.7391,True,NBS_LRR,99.655,1.7386,True,NBS_LRR,XP_059591219.1 putative disease resistance protein RGA3 [Vitis vinifera],-0.032,-0.045
XP_059591206.1,False,99.7,1.8121,True,NBS_LRR,99.668,1.7391,True,NBS_LRR,99.655,1.7386,True,NBS_LRR,XP_059591206.1 putative disease resistance protein RGA3 [Vitis vinifera],-0.032,-0.045
XP_059591221.1,False,99.7,1.8121,True,NBS_LRR,99.668,1.7391,True,NBS_LRR,99.655,1.7386,True,NBS_LRR,XP_059591221.1 putative disease resistance protein RGA3 [Vitis vinifera],-0.032,-0.045
XP_010644929.1,False,99.7,1.8121,True,NBS_LRR,99.668,1.7391,True,NBS_LRR,99.655,1.7386,True,NBS_LRR,XP_010644929.1 putative disease resistance protein RGA3 [Vitis vinifera],-0.032,-0.045
XP_010644932.1,False,99.7,1.8121,True,NBS_LRR,99.668,1.7391,True,NBS_LRR,99.655,1.7386,True,NBS_LRR,XP_010644932.1 putative disease resistance protein RGA3 [Vitis vinifera],-0.032,-0.045
XP_010644939.1,False,99.7,1.8121,True,NBS_LRR,99.668,1.7391,True,NBS_LRR,99.655,1.7386,True,NBS_LRR,XP_010644939.1 putative disease resistance protein RGA3 [Vitis vinifera],-0.032,-0.045
XP_059591222.1,False,99.7,1.8121,True,NBS_LRR,99.668,1.7391,True,NBS_LRR,99.655,1.7386,True,NBS_LRR,XP_059591222.1 putative disease resistance protein RGA3 [Vitis vinifera],-0.032,-0.045
XP_059591223.1,False,99.7,1.8121,True,NBS_LRR,99.668,1.7391,True,NBS_LRR,99.655,1.7386,True,NBS_LRR,XP_059591223.1 putative disease resistance protein RGA3 [Vitis vinifera],-0.032,-0.045
XP_059591224.1,False,99.7,1.8121,True,NBS_LRR,99.668,1.7391,True,NBS_LRR,99.655,1.7386,True,NBS_LRR,XP_059591224.1 putative disease resistance protein RGA3 [Vitis vinifera],-0.032,-0.045
XP_059591228.1,False,99.7,1.8121,True,NBS_LRR,99.668,1.7391,True,NBS_LRR,99.655,1.7386,True,NBS_LRR,XP_059591228.1 putative disease resistance protein RGA3 [Vitis vinifera],-0.032,-0.045
XP_019073409.2,False,99.523,1.7987,True,NBS_LRR,99.542,1.7344,True,NBS_LRR,99.478,1.7198,True,NBS_LRR,XP_019073409.2 disease resistance protein RPV1-like [Vitis vinifera],0.019,-0.045
XP_059591225.1,False,99.7,1.8121,True,NBS_LRR,99.668,1.7391,True,NBS_LRR,99.655,1.7386,True,NBS_LRR,XP_059591225.1 putative disease resistance protein RGA3 [Vitis vinifera],-0.032,-0.045
XP_059591207.1,False,99.7,1.8121,True,NBS_LRR,99.668,1.7391,True,NBS_LRR,99.655,1.7386,True,NBS_LRR,XP_059591207.1 putative disease resistance protein RGA3 [Vitis vinifera],-0.032,-0.045
XP_059591211.1,False,99.7,1.8121,True,NBS_LRR,99.668,1.7391,True,NBS_LRR,99.655,1.7386,True,NBS_LRR,XP_059591211.1 putative disease resistance protein RGA3 [Vitis vinifera],-0.032,-0.045
XP_019072770.1,False,99.7,1.8121,True,NBS_LRR,99.668,1.7391,True,NBS_LRR,99.655,1.7386,True,NBS_LRR,XP_019072770.1 putative disease resistance protein RGA3 [Vitis vinifera],-0.032,-0.045
XP_019072742.1,False,99.7,1.8121,True,NBS_LRR,99.668,1.7391,True,NBS_LRR,99.655,1.7386,True,NBS_LRR,XP_019072742.1 putative disease resistance protein RGA3 [Vitis vinifera],-0.032,-0.045
XP_059591200.1,False,99.7,1.8121,True,NBS_LRR,99.668,1.7391,True,NBS_LRR,99.655,1.7386,True,NBS_LRR,XP_059591200.1 putative disease resistance protein RGA3 [Vitis vinifera],-0.032,-0.045
XP_059591201.1,False,99.7,1.8121,True,NBS_LRR,99.668,1.7391,True,NBS_LRR,99.655,1.7386,True,NBS_LRR,XP_059591201.1 putative disease resistance protein RGA3 [Vitis vinifera],-0.032,-0.045
XP_059591202.1,False,99.7,1.8121,True,NBS_LRR,99.668,1.7391,True,NBS_LRR,99.655,1.7386,True,NBS_LRR,XP_059591202.1 putative disease resistance protein RGA3 [Vitis vinifera],-0.032,-0.045
XP_059595609.1,False,92.307,1.0075,False,NBS_LRR,92.439,0.9854,False,NBS_LRR,92.262,0.9796,False,NBS_LRR,XP_059595609.1 cuscuta receptor 1-like isoform X4 [Vitis vinifera],0.132,-0.045
XP_019072766.1,False,99.7,1.8121,True,NBS_LRR,99.668,1.7391,True,NBS_LRR,99.655,1.7386,True,NBS_LRR,XP_019072766.1 putative disease resistance protein RGA3 [Vitis vinifera],-0.032,-0.045
XP_059591203.1,False,99.7,1.8121,True,NBS_LRR,99.668,1.7391,True,NBS_LRR,99.655,1.7386,True,NBS_LRR,XP_059591203.1 putative disease resistance protein RGA3 [Vitis vinifera],-0.032,-0.045
XP_059591204.1,False,99.7,1.8121,True,NBS_LRR,99.668,1.7391,True,NBS_LRR,99.655,1.7386,True,NBS_LRR,XP_059591204.1 putative disease resistance protein RGA3 [Vitis vinifera],-0.032,-0.045
XP_059591205.1,False,99.7,1.8121,True,NBS_LRR,99.668,1.7391,True,NBS_LRR,99.655,1.7386,True,NBS_LRR,XP_059591205.1 putative disease resistance protein RGA3 [Vitis vinifera],-0.032,-0.045
XP_019072735.1,False,99.7,1.8121,True,NBS_LRR,99.668,1.7391,True,NBS_LRR,99.655,1.7386,True,NBS_LRR,XP_019072735.1 putative disease resistance protein RGA3 [Vitis vinifera],-0.032,-0.045
XP_019072737.1,False,99.7,1.8121,True,NBS_LRR,99.668,1.7391,True,NBS_LRR,99.655,1.7386,True,NBS_LRR,XP_019072737.1 putative disease resistance protein RGA3 [Vitis vinifera],-0.032,-0.045
XP_059591226.1,False,99.7,1.8121,True,NBS_LRR,99.668,1.7391,True,NBS_LRR,99.655,1.7386,True,NBS_LRR,XP_059591226.1 putative disease resistance protein RGA3 [Vitis vinifera],-0.032,-0.045
XP_019072744.1,False,99.7,1.8121,True,NBS_LRR,99.668,1.7391,True,NBS_LRR,99.655,1.7386,True,NBS_LRR,XP_019072744.1 putative disease resistance protein RGA3 [Vitis vinifera],-0.032,-0.045
XP_019072765.1,False,99.7,1.8121,True,NBS_LRR,99.668,1.7391,True,NBS_LRR,99.655,1.7386,True,NBS_LRR,XP_019072765.1 putative disease resistance protein RGA3 [Vitis vinifera],-0.032,-0.045
XP_019072743.1,False,99.7,1.8121,True,NBS_LRR,99.668,1.7391,True,NBS_LRR,99.655,1.7386,True,NBS_LRR,XP_019072743.1 putative disease resistance protein RGA3 [Vitis vinifera],-0.032,-0.045
XP_019072755.1,False,99.7,1.8121,True,NBS_LRR,99.668,1.7391,True,NBS_LRR,99.655,1.7386,True,NBS_LRR,XP_019072755.1 putative disease resistance protein RGA3 [Vitis vinifera],-0.032,-0.045
XP_019072761.1,False,99.7,1.8121,True,NBS_LRR,99.668,1.7391,True,NBS_LRR,99.655,1.7386,True,NBS_LRR,XP_019072761.1 putative disease resistance protein RGA3 [Vitis vinifera],-0.032,-0.045
XP_019072763.1,False,99.7,1.8121,True,NBS_LRR,99.668,1.7391,True,NBS_LRR,99.655,1.7386,True,NBS_LRR,XP_019072763.1 putative disease resistance protein RGA3 [Vitis vinifera],-0.032,-0.045
XP_010645907.2,False,99.972,1.8681,True,NBS_LRR,99.926,1.7855,True,NBS_LRR,99.926,1.7859,True,NBS_LRR,XP_010645907.2 disease resistance protein RPV1 isoform X2 [Vitis vinifera],-0.046,-0.046
XP_059597933.1,False,97.379,1.4856,False,NBS_LRR,97.833,1.4617,False,NBS_LRR,97.332,1.3907,False,NBS_LRR,XP_059597933.1 disease resistance protein RPV1 isoform X1 [Vitis vinifera],0.454,-0.047
XP_059597924.1,False,97.379,1.4856,False,NBS_LRR,97.833,1.4617,False,NBS_LRR,97.332,1.3907,False,NBS_LRR,XP_059597924.1 disease resistance protein RPV1 isoform X1 [Vitis vinifera],0.454,-0.047
XP_059597938.1,False,97.379,1.4856,False,NBS_LRR,97.833,1.4617,False,NBS_LRR,97.332,1.3907,False,NBS_LRR,XP_059597938.1 disease resistance protein RPV1 isoform X1 [Vitis vinifera],0.454,-0.047
XP_059597941.1,False,97.379,1.4856,False,NBS_LRR,97.833,1.4617,False,NBS_LRR,97.332,1.3907,False,NBS_LRR,XP_059597941.1 disease resistance protein RPV1 isoform X1 [Vitis vinifera],0.454,-0.047
XP_059597947.1,False,97.379,1.4856,False,NBS_LRR,97.833,1.4617,False,NBS_LRR,97.332,1.3907,False,NBS_LRR,XP_059597947.1 disease resistance protein RPV1 isoform X1 [Vitis vinifera],0.454,-0.047
XP_059597922.1,False,97.379,1.4856,False,NBS_LRR,97.833,1.4617,False,NBS_LRR,97.332,1.3907,False,NBS_LRR,XP_059597922.1 disease resistance protein RPV1 isoform X1 [Vitis vinifera],0.454,-0.047
XP_059597923.1,False,97.379,1.4856,False,NBS_LRR,97.833,1.4617,False,NBS_LRR,97.332,1.3907,False,NBS_LRR,XP_059597923.1 disease resistance protein RPV1 isoform X1 [Vitis vinifera],0.454,-0.047
XP_059597926.1,False,97.379,1.4856,False,NBS_LRR,97.833,1.4617,False,NBS_LRR,97.332,1.3907,False,NBS_LRR,XP_059597926.1 disease resistance protein RPV1 isoform X1 [Vitis vinifera],0.454,-0.047
XP_059597939.1,False,97.379,1.4856,False,NBS_LRR,97.833,1.4617,False,NBS_LRR,97.332,1.3907,False,NBS_LRR,XP_059597939.1 disease resistance protein RPV1 isoform X1 [Vitis vinifera],0.454,-0.047
XP_059597921.1,False,97.379,1.4856,False,NBS_LRR,97.833,1.4617,False,NBS_LRR,97.332,1.3907,False,NBS_LRR,XP_059597921.1 disease resistance protein RPV1 isoform X1 [Vitis vinifera],0.454,-0.047
XP_059597940.1,False,97.379,1.4856,False,NBS_LRR,97.833,1.4617,False,NBS_LRR,97.332,1.3907,False,NBS_LRR,XP_059597940.1 disease resistance protein RPV1 isoform X1 [Vitis vinifera],0.454,-0.047
XP_059597920.1,False,97.379,1.4856,False,NBS_LRR,97.833,1.4617,False,NBS_LRR,97.332,1.3907,False,NBS_LRR,XP_059597920.1 disease resistance protein RPV1 isoform X1 [Vitis vinifera],0.454,-0.047
XP_059597925.1,False,97.379,1.4856,False,NBS_LRR,97.833,1.4617,False,NBS_LRR,97.332,1.3907,False,NBS_LRR,XP_059597925.1 disease resistance protein RPV1 isoform X1 [Vitis vinifera],0.454,-0.047
XP_059597934.1,False,97.379,1.4856,False,NBS_LRR,97.833,1.4617,False,NBS_LRR,97.332,1.3907,False,NBS_LRR,XP_059597934.1 disease resistance protein RPV1 isoform X1 [Vitis vinifera],0.454,-0.047
XP_059597935.1,False,97.379,1.4856,False,NBS_LRR,97.833,1.4617,False,NBS_LRR,97.332,1.3907,False,NBS_LRR,XP_059597935.1 disease resistance protein RPV1 isoform X1 [Vitis vinifera],0.454,-0.047
XP_059597927.1,False,97.379,1.4856,False,NBS_LRR,97.833,1.4617,False,NBS_LRR,97.332,1.3907,False,NBS_LRR,XP_059597927.1 disease resistance protein RPV1 isoform X1 [Vitis vinifera],0.454,-0.047
XP_059597937.1,False,97.379,1.4856,False,NBS_LRR,97.833,1.4617,False,NBS_LRR,97.332,1.3907,False,NBS_LRR,XP_059597937.1 disease resistance protein RPV1 isoform X1 [Vitis vinifera],0.454,-0.047
XP_059597907.1,False,97.379,1.4856,False,NBS_LRR,97.833,1.4617,False,NBS_LRR,97.332,1.3907,False,NBS_LRR,XP_059597907.1 disease resistance protein RPV1 isoform X1 [Vitis vinifera],0.454,-0.047
XP_059597928.1,False,97.379,1.4856,False,NBS_LRR,97.833,1.4617,False,NBS_LRR,97.332,1.3907,False,NBS_LRR,XP_059597928.1 disease resistance protein RPV1 isoform X1 [Vitis vinifera],0.454,-0.047
XP_059597942.1,False,97.379,1.4856,False,NBS_LRR,97.833,1.4617,False,NBS_LRR,97.332,1.3907,False,NBS_LRR,XP_059597942.1 disease resistance protein RPV1 isoform X1 [Vitis vinifera],0.454,-0.047
XP_059597930.1,False,97.379,1.4856,False,NBS_LRR,97.833,1.4617,False,NBS_LRR,97.332,1.3907,False,NBS_LRR,XP_059597930.1 disease resistance protein RPV1 isoform X1 [Vitis vinifera],0.454,-0.047
XP_059597931.1,False,97.379,1.4856,False,NBS_LRR,97.833,1.4617,False,NBS_LRR,97.332,1.3907,False,NBS_LRR,XP_059597931.1 disease resistance protein RPV1 isoform X1 [Vitis vinifera],0.454,-0.047
XP_059597944.1,False,97.379,1.4856,False,NBS_LRR,97.833,1.4617,False,NBS_LRR,97.332,1.3907,False,NBS_LRR,XP_059597944.1 disease resistance protein RPV1 isoform X1 [Vitis vinifera],0.454,-0.047
XP_059597948.1,False,97.379,1.4856,False,NBS_LRR,97.672,1.4457,False,NBS_LRR,97.332,1.3907,False,NBS_LRR,XP_059597948.1 disease resistance protein RPV1 isoform X2 [Vitis vinifera],0.293,-0.047
XP_059597936.1,False,97.379,1.4856,False,NBS_LRR,97.833,1.4617,False,NBS_LRR,97.332,1.3907,False,NBS_LRR,XP_059597936.1 disease resistance protein RPV1 isoform X1 [Vitis vinifera],0.454,-0.047
XP_059597932.1,False,97.379,1.4856,False,NBS_LRR,97.833,1.4617,False,NBS_LRR,97.332,1.3907,False,NBS_LRR,XP_059597932.1 disease resistance protein RPV1 isoform X1 [Vitis vinifera],0.454,-0.047
XP_059597946.1,False,97.379,1.4856,False,NBS_LRR,97.833,1.4617,False,NBS_LRR,97.332,1.3907,False,NBS_LRR,XP_059597946.1 disease resistance protein RPV1 isoform X1 [Vitis vinifera],0.454,-0.047
XP_059597943.1,False,97.379,1.4856,False,NBS_LRR,97.833,1.4617,False,NBS_LRR,97.332,1.3907,False,NBS_LRR,XP_059597943.1 disease resistance protein RPV1 isoform X1 [Vitis vinifera],0.454,-0.047
XP_059597908.1,False,97.379,1.4856,False,NBS_LRR,97.833,1.4617,False,NBS_LRR,97.332,1.3907,False,NBS_LRR,XP_059597908.1 disease resistance protein RPV1 isoform X1 [Vitis vinifera],0.454,-0.047
XP_010656454.1,False,99.385,0.9844,True,cell_death_HR,99.417,0.9239,True,cell_death_HR,99.338,0.978,True,cell_death_HR,XP_010656454.1 topless-related protein 4 isoform X4 [Vitis vinifera],0.032,-0.047
XP_059597916.1,False,97.379,1.4856,False,NBS_LRR,97.833,1.4617,False,NBS_LRR,97.332,1.3907,False,NBS_LRR,XP_059597916.1 disease resistance protein RPV1 isoform X1 [Vitis vinifera],0.454,-0.047
XP_059597913.1,False,97.379,1.4856,False,NBS_LRR,97.833,1.4617,False,NBS_LRR,97.332,1.3907,False,NBS_LRR,XP_059597913.1 disease resistance protein RPV1 isoform X1 [Vitis vinifera],0.454,-0.047
XP_059597919.1,False,97.379,1.4856,False,NBS_LRR,97.833,1.4617,False,NBS_LRR,97.332,1.3907,False,NBS_LRR,XP_059597919.1 disease resistance protein RPV1 isoform X1 [Vitis vinifera],0.454,-0.047
XP_059597911.1,False,97.379,1.4856,False,NBS_LRR,97.833,1.4617,False,NBS_LRR,97.332,1.3907,False,NBS_LRR,XP_059597911.1 disease resistance protein RPV1 isoform X1 [Vitis vinifera],0.454,-0.047
XP_059597914.1,False,97.379,1.4856,False,NBS_LRR,97.833,1.4617,False,NBS_LRR,97.332,1.3907,False,NBS_LRR,XP_059597914.1 disease resistance protein RPV1 isoform X1 [Vitis vinifera],0.454,-0.047
XP_059597906.1,False,97.379,1.4856,False,NBS_LRR,97.833,1.4617,False,NBS_LRR,97.332,1.3907,False,NBS_LRR,XP_059597906.1 disease resistance protein RPV1 isoform X1 [Vitis vinifera],0.454,-0.047
XP_059597910.1,False,97.379,1.4856,False,NBS_LRR,97.833,1.4617,False,NBS_LRR,97.332,1.3907,False,NBS_LRR,XP_059597910.1 disease resistance protein RPV1 isoform X1 [Vitis vinifera],0.454,-0.047
XP_019072669.1,False,99.631,1.4003,True,RLK_defense,99.619,1.3919,True,RLK_defense,99.584,1.391,True,RLK_defense,XP_019072669.1 probable LRR receptor-like serine/threonine-protein kinase At1g53440 isoform X1 [Vitis vinifera],-0.012,-0.047
XP_059597915.1,False,97.379,1.4856,False,NBS_LRR,97.833,1.4617,False,NBS_LRR,97.332,1.3907,False,NBS_LRR,XP_059597915.1 disease resistance protein RPV1 isoform X1 [Vitis vinifera],0.454,-0.047
XP_059597912.1,False,97.379,1.4856,False,NBS_LRR,97.833,1.4617,False,NBS_LRR,97.332,1.3907,False,NBS_LRR,XP_059597912.1 disease resistance protein RPV1 isoform X1 [Vitis vinifera],0.454,-0.047
XP_059597909.1,False,97.379,1.4856,False,NBS_LRR,97.833,1.4617,False,NBS_LRR,97.332,1.3907,False,NBS_LRR,XP_059597909.1 disease resistance protein RPV1 isoform X1 [Vitis vinifera],0.454,-0.047
XP_059597917.1,False,97.379,1.4856,False,NBS_LRR,97.833,1.4617,False,NBS_LRR,97.332,1.3907,False,NBS_LRR,XP_059597917.1 disease resistance protein RPV1 isoform X1 [Vitis vinifera],0.454,-0.047
XP_059597918.1,False,97.379,1.4856,False,NBS_LRR,97.833,1.4617,False,NBS_LRR,97.332,1.3907,False,NBS_LRR,XP_059597918.1 disease resistance protein RPV1 isoform X1 [Vitis vinifera],0.454,-0.047
XP_059590716.1,False,99.599,1.8044,True,NBS_LRR,99.781,1.7508,True,NBS_LRR,99.55,1.7324,True,NBS_LRR,XP_059590716.1 disease resistance protein RPV1 isoform X1 [Vitis vinifera],0.182,-0.049
XP_010653450.1,False,99.092,0.8538,True,defense_signaling,99.535,0.8813,True,defense_signaling,99.043,0.8501,True,defense_signaling,XP_010653450.1 E3 ubiquitin-protein ligase UPL4 isoform X2 [Vitis vinifera],0.443,-0.049
XP_019071986.2,False,99.599,1.8044,True,NBS_LRR,99.781,1.7508,True,NBS_LRR,99.55,1.7324,True,NBS_LRR,XP_019071986.2 disease resistance protein RPV1 isoform X1 [Vitis vinifera],0.182,-0.049
XP_019071985.2,False,99.599,1.8044,True,NBS_LRR,99.781,1.7508,True,NBS_LRR,99.55,1.7324,True,NBS_LRR,XP_019071985.2 disease resistance protein RPV1 isoform X1 [Vitis vinifera],0.182,-0.049
XP_002266580.1,False,98.741,1.3038,False,cell_death_HR,99.893,1.5553,True,cell_death_HR,98.689,1.2997,False,cell_death_HR,XP_002266580.1 DExH-box ATP-dependent RNA helicase DExH12 [Vitis vinifera],1.152,-0.052
XP_010665446.1,False,98.797,1.711,False,NBS_LRR,99.259,1.683,True,NBS_LRR,98.745,1.6167,False,NBS_LRR,XP_010665446.1 disease resistance protein RPV1 [Vitis vinifera],0.462,-0.052
XP_059593134.1,False,98.741,1.3038,False,cell_death_HR,99.893,1.5553,True,cell_death_HR,98.689,1.2997,False,cell_death_HR,XP_059593134.1 DExH-box ATP-dependent RNA helicase DExH12 [Vitis vinifera],1.152,-0.052
XP_010648291.1,False,99.739,1.416,True,RLK_defense,99.7,1.4037,True,RLK_defense,99.685,1.4001,True,RLK_defense,XP_010648291.1 receptor-like protein kinase HSL1 [Vitis vinifera],-0.039,-0.054
XP_010657120.1,False,94.556,0.9636,False,antimicrobial,95.043,1.0068,False,antimicrobial,94.502,0.9879,False,antimicrobial,XP_010657120.1 callose synthase 7 [Vitis vinifera],0.487,-0.054
XP_059597649.1,False,96.628,0.9168,False,antimicrobial,96.463,1.0008,False,antimicrobial,96.574,0.9379,False,antimicrobial,XP_059597649.1 LOW QUALITY PROTEIN: uncharacterized protein LOC100244944 [Vitis vinifera],-0.165,-0.054
XP_019074813.1,False,92.166,0.7284,False,RLK_defense,96.564,0.8835,False,RLK_defense,92.112,0.7209,False,RLK_defense,XP_019074813.1 pentatricopeptide repeat-containing protein At4g33170 [Vitis vinifera],4.398,-0.054
XP_010652769.1,False,99.491,1.7915,True,NBS_LRR,99.838,1.7619,True,NBS_LRR,99.436,1.7138,True,NBS_LRR,XP_010652769.1 disease resistance protein RPV1 [Vitis vinifera],0.347,-0.055
XP_019071921.1,False,98.725,1.6942,False,NBS_LRR,99.203,1.6703,True,NBS_LRR,98.669,1.6021,False,NBS_LRR,XP_019071921.1 disease resistance protein RPV1-like [Vitis vinifera],0.478,-0.056
XP_019075367.1,False,92.198,0.9417,False,NBS_LRR,91.268,0.9186,False,NBS_LRR,92.142,0.9119,False,NBS_LRR,"XP_019075367.1 putative calcium-transporting ATPase 13, plasma membrane-type [Vitis vinifera]",-0.93,-0.056
XP_059595684.1,False,94.936,0.9334,False,antimicrobial,93.709,1.0351,False,cell_death_HR,94.88,0.9268,False,antimicrobial,XP_059595684.1 ABC transporter C family member 13 isoform X1 [Vitis vinifera],-1.227,-0.056
XP_059595685.1,False,94.936,0.9334,False,antimicrobial,93.552,1.0296,False,cell_death_HR,94.88,0.9268,False,antimicrobial,XP_059595685.1 ABC transporter C family member 13 isoform X2 [Vitis vinifera],-1.384,-0.056
XP_059590765.1,False,99.909,1.852,True,NBS_LRR,98.435,1.5618,False,NBS_LRR,99.852,1.7599,True,NBS_LRR,XP_059590765.1 uncharacterized protein LOC132253208 [Vitis vinifera],-1.474,-0.057
XP_010661444.1,False,95.612,1.001,False,antimicrobial,96.522,1.0496,False,antimicrobial,95.555,0.9948,False,antimicrobial,XP_010661444.1 putative ABC transporter C family member 15 [Vitis vinifera],0.91,-0.057
XP_010655556.1,False,99.589,1.3889,True,RLK_defense,99.454,1.3655,True,RLK_defense,99.532,1.3799,True,RLK_defense,XP_010655556.1 probable LRR receptor-like serine/threonine-protein kinase RFK1 isoform X1 [Vitis vinifera],-0.135,-0.057
XP_059596157.1,False,97.33,1.0352,False,NBS_LRR,97.081,1.0718,False,NBS_LRR,97.273,1.0183,False,NBS_LRR,XP_059596157.1 uncharacterized protein LOC100253602 [Vitis vinifera],-0.249,-0.057
XP_010665320.1,False,98.371,1.6185,False,NBS_LRR,98.612,1.5861,False,NBS_LRR,98.312,1.53,False,NBS_LRR,XP_010665320.1 disease resistance protein RPV1 [Vitis vinifera],0.241,-0.059
XP_002280032.1,False,97.271,0.7977,False,defense_signaling,97.433,0.8018,False,defense_signaling,97.212,0.7993,False,antimicrobial,XP_002280032.1 cellulose synthase-like protein D4 [Vitis vinifera],0.162,-0.059
XP_059591431.1,False,99.26,1.7661,True,NBS_LRR,98.921,1.6367,False,NBS_LRR,99.201,1.6764,True,NBS_LRR,XP_059591431.1 putative disease resistance protein RGA4 [Vitis vinifera],-0.339,-0.059
XP_010648358.1,False,97.507,1.0858,False,antimicrobial,97.322,1.077,False,antimicrobial,97.448,1.0799,False,antimicrobial,"XP_010648358.1 glycine dehydrogenase (decarboxylating), mitochondrial [Vitis vinifera]",-0.185,-0.059
XP_059591430.1,False,99.26,1.7661,True,NBS_LRR,98.921,1.6367,False,NBS_LRR,99.201,1.6764,True,NBS_LRR,XP_059591430.1 putative disease resistance protein RGA4 [Vitis vinifera],-0.339,-0.059
XP_059595807.1,False,96.532,0.9668,False,antimicrobial,96.05,1.0284,False,antimicrobial,96.471,0.9604,False,antimicrobial,XP_059595807.1 ABC transporter C family member 8 [Vitis vinifera],-0.482,-0.061
XP_019072453.1,False,98.686,1.6815,False,NBS_LRR,98.405,1.5451,False,NBS_LRR,98.624,1.5935,False,NBS_LRR,XP_019072453.1 putative disease resistance protein RGA3 isoform X2 [Vitis vinifera],-0.281,-0.062
NP_001268140.1,False,97.468,1.0848,False,antimicrobial,95.89,1.0308,False,antimicrobial,97.406,1.0788,False,antimicrobial,NP_001268140.1 salt overly sensitive 1 [Vitis vinifera],-1.578,-0.062
XP_002272079.2,False,99.508,1.7943,True,NBS_LRR,99.833,1.7601,True,NBS_LRR,99.444,1.7166,True,NBS_LRR,XP_002272079.2 disease resistance protein RPV1 [Vitis vinifera],0.325,-0.064
XP_010654356.1,False,99.451,1.3655,True,RLK_defense,99.429,1.3627,True,RLK_defense,99.387,1.3582,True,RLK_defense,XP_010654356.1 tyrosine-sulfated glycopeptide receptor 1 [Vitis vinifera],-0.022,-0.064
XP_010649528.1,False,99.116,0.8555,True,defense_signaling,90.247,0.6966,False,defense_signaling,99.05,0.8502,True,defense_signaling,XP_010649528.1 uncharacterized protein LOC100248159 isoform X2 [Vitis vinifera],-8.869,-0.066
XP_002268598.2,False,99.719,1.4126,True,RLK_defense,99.658,1.3989,True,RLK_defense,99.653,1.3959,True,RLK_defense,XP_002268598.2 leucine-rich repeat receptor-like protein kinase TDR [Vitis vinifera],-0.061,-0.066
XP_002265701.2,False,99.148,0.8804,True,antimicrobial,99.087,0.8802,True,antimicrobial,99.082,0.8736,True,antimicrobial,XP_002265701.2 uncharacterized protein LOC100265343 [Vitis vinifera],-0.061,-0.066
XP_002277564.3,False,96.739,1.0164,False,antimicrobial,97.042,1.0669,False,antimicrobial,96.673,1.0102,False,antimicrobial,"XP_002277564.3 protein SUPPRESSOR OF QUENCHING 1, chloroplastic isoform X1 [Vitis vinifera]",0.303,-0.066
XP_059596180.1,False,97.716,1.2302,False,NBS_LRR,97.588,1.2301,False,NBS_LRR,97.65,1.2335,False,NBS_LRR,XP_059596180.1 uncharacterized protein LOC100249655 [Vitis vinifera],-0.128,-0.066
XP_002274375.1,False,97.844,1.5464,False,NBS_LRR,98.226,1.5114,False,NBS_LRR,97.778,1.4255,False,NBS_LRR,XP_002274375.1 putative disease resistance RPP13-like protein 1 [Vitis vinifera],0.382,-0.066
XP_010652777.1,False,99.783,1.8235,True,NBS_LRR,99.845,1.7642,True,NBS_LRR,99.717,1.7406,True,NBS_LRR,XP_010652777.1 disease resistance protein RPV1 isoform X2 [Vitis vinifera],0.062,-0.066
XP_010649677.3,False,97.416,1.0823,False,antimicrobial,97.979,1.1039,False,antimicrobial,97.349,1.0763,False,antimicrobial,XP_010649677.3 pleiotropic drug resistance protein 3 [Vitis vinifera],0.563,-0.067
XP_010650220.1,False,99.004,1.2906,True,RLK_defense,98.938,1.2883,False,RLK_defense,98.936,1.2869,False,RLK_defense,XP_010650220.1 probable leucine-rich repeat receptor-like protein kinase At2g33170 [Vitis vinifera],-0.066,-0.068
XP_059590624.1,False,98.593,1.6607,False,NBS_LRR,98.942,1.6377,False,NBS_LRR,98.525,1.568,False,NBS_LRR,XP_059590624.1 disease resistance protein RPV1 isoform X2 [Vitis vinifera],0.349,-0.068
XP_019072324.1,False,98.593,1.6607,False,NBS_LRR,98.907,1.6339,False,NBS_LRR,98.525,1.568,False,NBS_LRR,XP_019072324.1 disease resistance protein RPV1 isoform X1 [Vitis vinifera],0.314,-0.068
XP_010650218.1,False,99.004,1.2906,True,RLK_defense,98.938,1.2883,False,RLK_defense,98.936,1.2869,False,RLK_defense,XP_010650218.1 probable leucine-rich repeat receptor-like protein kinase At2g33170 [Vitis vinifera],-0.066,-0.068
XP_010650217.1,False,99.004,1.2906,True,RLK_defense,98.938,1.2883,False,RLK_defense,98.936,1.2869,False,RLK_defense,XP_010650217.1 probable leucine-rich repeat receptor-like protein kinase At2g33170 [Vitis vinifera],-0.066,-0.068
XP_059592940.1,False,99.004,1.2906,True,RLK_defense,98.938,1.2883,False,RLK_defense,98.936,1.2869,False,RLK_defense,XP_059592940.1 probable leucine-rich repeat receptor-like protein kinase At2g33170 [Vitis vinifera],-0.066,-0.068
XP_010665343.1,False,99.884,1.8476,True,NBS_LRR,99.193,1.6689,True,NBS_LRR,99.815,1.7597,True,NBS_LRR,XP_010665343.1 disease resistance protein RUN1 isoform X1 [Vitis vinifera],-0.691,-0.069
XP_003632918.2,False,99.658,1.4051,True,RLK_defense,99.628,1.395,True,RLK_defense,99.589,1.3924,True,RLK_defense,XP_003632918.2 putative leucine-rich repeat receptor-like serine/threonine-protein kinase At2g24130 [Vitis vinifera],-0.03,-0.069
XP_010654015.1,False,99.097,0.854,True,defense_signaling,99.173,0.8635,True,defense_signaling,99.028,0.8487,True,defense_signaling,XP_010654015.1 E3 ubiquitin-protein ligase UPL7 isoform X1 [Vitis vinifera],0.076,-0.069
XP_010665341.1,False,99.884,1.8476,True,NBS_LRR,99.193,1.6689,True,NBS_LRR,99.815,1.7597,True,NBS_LRR,XP_010665341.1 disease resistance protein RUN1 isoform X1 [Vitis vinifera],-0.691,-0.069
XP_010654016.1,False,99.097,0.854,True,defense_signaling,99.173,0.8635,True,defense_signaling,99.028,0.8487,True,defense_signaling,XP_010654016.1 E3 ubiquitin-protein ligase UPL7 isoform X1 [Vitis vinifera],0.076,-0.069
XP_010665344.1,False,99.884,1.8476,True,NBS_LRR,99.193,1.6689,True,NBS_LRR,99.815,1.7597,True,NBS_LRR,XP_010665344.1 disease resistance protein RUN1 isoform X1 [Vitis vinifera],-0.691,-0.069
XP_059590722.1,False,99.884,1.8476,True,NBS_LRR,99.193,1.6689,True,NBS_LRR,99.815,1.7597,True,NBS_LRR,XP_059590722.1 disease resistance protein RUN1 isoform X1 [Vitis vinifera],-0.691,-0.069
XP_059590723.1,False,99.884,1.8476,True,NBS_LRR,99.193,1.6689,True,NBS_LRR,99.815,1.7597,True,NBS_LRR,XP_059590723.1 disease resistance protein RUN1 isoform X1 [Vitis vinifera],-0.691,-0.069
XP_002271967.2,False,99.104,0.8546,True,defense_signaling,98.856,0.8441,False,defense_signaling,99.035,0.8493,True,defense_signaling,XP_002271967.2 nuclear pore complex protein NUP96 [Vitis vinifera],-0.248,-0.069
XP_002281921.2,False,99.109,0.8553,True,defense_signaling,99.144,0.8624,True,defense_signaling,99.04,0.8501,True,defense_signaling,XP_002281921.2 trafficking protein particle complex II-specific subunit 130 homolog [Vitis vinifera],0.035,-0.069
XP_002266842.2,False,96.264,0.9398,False,antimicrobial,94.854,0.9889,False,antimicrobial,96.195,0.9333,False,antimicrobial,XP_002266842.2 ABC transporter C family member 10 [Vitis vinifera],-1.41,-0.069
XP_002271671.1,False,97.394,1.0806,False,antimicrobial,97.426,1.0821,False,antimicrobial,97.325,1.0746,False,antimicrobial,XP_002271671.1 phytochrome E [Vitis vinifera],0.032,-0.069
XP_002284049.1,False,99.097,0.854,True,defense_signaling,99.173,0.8635,True,defense_signaling,99.028,0.8487,True,defense_signaling,XP_002284049.1 E3 ubiquitin-protein ligase UPL7 isoform X1 [Vitis vinifera],0.076,-0.069
XP_019079272.1,False,99.582,1.3872,True,RLK_defense,99.535,1.377,True,RLK_defense,99.513,1.3765,True,RLK_defense,XP_019079272.1 probable LRR receptor-like serine/threonine-protein kinase At1g56140 isoform X1 [Vitis vinifera],-0.047,-0.069
XP_019076623.2,False,97.16,1.0008,False,NBS_LRR,97.032,0.9856,False,NBS_LRR,97.091,0.9852,False,NBS_LRR,XP_019076623.2 uncharacterized protein LOC100250295 [Vitis vinifera],-0.128,-0.069
XP_010655706.1,False,97.296,1.0762,False,antimicrobial,97.464,1.0834,False,antimicrobial,97.225,1.0702,False,antimicrobial,XP_010655706.1 ABC transporter C family member 2 [Vitis vinifera],0.168,-0.071
XP_002280819.1,False,97.296,1.0762,False,antimicrobial,97.464,1.0834,False,antimicrobial,97.225,1.0702,False,antimicrobial,XP_002280819.1 ABC transporter C family member 2 [Vitis vinifera],0.168,-0.071
XP_002284417.1,False,97.359,1.0787,False,antimicrobial,97.312,1.0766,False,antimicrobial,97.288,1.0728,False,antimicrobial,"XP_002284417.1 calcium-transporting ATPase 4, plasma membrane-type [Vitis vinifera]",-0.047,-0.071
XP_059598296.1,False,96.038,0.9273,False,antimicrobial,94.787,0.9185,False,antimicrobial,95.966,0.9208,False,antimicrobial,XP_059598296.1 ABC transporter C family member 10 isoform X5 [Vitis vinifera],-1.251,-0.072
XP_059598277.1,False,96.038,0.9273,False,antimicrobial,95.959,1.0193,False,antimicrobial,95.966,0.9629,False,antimicrobial,XP_059598277.1 ABC transporter C family member 10 isoform X1 [Vitis vinifera],-0.079,-0.072
XP_059598279.1,False,96.038,0.9273,False,antimicrobial,95.959,1.0193,False,antimicrobial,95.966,0.9629,False,antimicrobial,XP_059598279.1 ABC transporter C family member 10 isoform X1 [Vitis vinifera],-0.079,-0.072
XP_059598294.1,False,96.038,0.9273,False,antimicrobial,96.203,1.0102,False,antimicrobial,95.966,0.9208,False,antimicrobial,XP_059598294.1 ABC transporter C family member 10 isoform X3 [Vitis vinifera],0.165,-0.072
XP_059598284.1,False,96.038,0.9273,False,antimicrobial,95.959,1.0193,False,antimicrobial,95.966,0.9629,False,antimicrobial,XP_059598284.1 ABC transporter C family member 10 isoform X1 [Vitis vinifera],-0.079,-0.072
XP_059594051.1,False,98.267,1.2573,False,cell_death_HR,97.81,1.2288,False,cell_death_HR,98.194,1.2528,False,cell_death_HR,XP_059594051.1 phospholipid-transporting ATPase 3 [Vitis vinifera],-0.457,-0.073
XP_010658291.3,False,95.54,0.9863,False,NBS_LRR,95.437,0.9058,False,NBS_LRR,95.467,0.9035,False,NBS_LRR,XP_010658291.3 probable LRR receptor-like serine/threonine-protein kinase At3g47570 [Vitis vinifera],-0.103,-0.073
XP_059591396.1,False,98.771,1.707,False,NBS_LRR,98.933,1.6372,False,NBS_LRR,98.697,1.6132,False,NBS_LRR,XP_059591396.1 putative disease resistance protein RGA4 [Vitis vinifera],0.162,-0.074
XP_002267056.1,False,99.067,0.8707,True,antimicrobial,95.4,1.0183,False,antimicrobial,98.993,1.0398,False,antimicrobial,"XP_002267056.1 ferredoxin-dependent glutamate synthase, chloroplastic [Vitis vinifera]",-3.667,-0.074
XP_010656283.1,False,98.227,1.2548,False,cell_death_HR,98.224,1.2578,False,cell_death_HR,98.153,1.2503,False,cell_death_HR,XP_010656283.1 protein phosphatase 2C and cyclic nucleotide-binding/kinase domain-containing protein [Vitis vinifera],-0.003,-0.074
XP_010659550.1,False,98.259,1.256,False,cell_death_HR,95.04,1.0065,False,antimicrobial,98.185,1.2515,False,cell_death_HR,XP_010659550.1 callose synthase 1 isoform X1 [Vitis vinifera],-3.219,-0.074
XP_002266956.1,False,98.398,1.2652,False,cell_death_HR,97.876,1.2349,False,cell_death_HR,98.324,1.2607,False,cell_death_HR,XP_002266956.1 multiple C2 domain and transmembrane region protein 16 [Vitis vinifera],-0.522,-0.074
XP_059591397.1,False,98.771,1.707,False,NBS_LRR,98.933,1.6372,False,NBS_LRR,98.697,1.6132,False,NBS_LRR,XP_059591397.1 putative disease resistance protein RGA4 [Vitis vinifera],0.162,-0.074
XP_010656284.1,False,98.227,1.2548,False,cell_death_HR,98.224,1.2578,False,cell_death_HR,98.153,1.2503,False,cell_death_HR,XP_010656284.1 protein phosphatase 2C and cyclic nucleotide-binding/kinase domain-containing protein [Vitis vinifera],-0.003,-0.074
XP_059591392.1,False,98.771,1.707,False,NBS_LRR,98.933,1.6372,False,NBS_LRR,98.697,1.6132,False,NBS_LRR,XP_059591392.1 putative disease resistance protein RGA4 [Vitis vinifera],0.162,-0.074
XP_010664195.1,False,99.075,0.8529,True,defense_signaling,98.843,0.8434,False,defense_signaling,99.001,0.8476,True,defense_signaling,"XP_010664195.1 kinesin-like protein KIN-7C, mitochondrial isoform X1 [Vitis vinifera]",-0.232,-0.074
XP_002271648.2,False,98.259,1.256,False,cell_death_HR,95.04,1.0065,False,antimicrobial,98.185,1.2515,False,cell_death_HR,XP_002271648.2 callose synthase 1 isoform X1 [Vitis vinifera],-3.219,-0.074
XP_002264039.1,False,97.423,1.0526,False,RLK_defense,97.3,1.0221,False,RLK_defense,97.349,1.0331,False,RLK_defense,XP_002264039.1 LRR receptor-like serine/threonine-protein kinase GHR1 [Vitis vinifera],-0.123,-0.074
XP_002277689.1,False,98.437,1.269,False,cell_death_HR,98.548,1.2877,False,cell_death_HR,98.363,1.2646,False,cell_death_HR,XP_002277689.1 probable phospholipid-transporting ATPase 8 [Vitis vinifera],0.111,-0.074
XP_059591395.1,False,98.771,1.707,False,NBS_LRR,98.933,1.6372,False,NBS_LRR,98.697,1.6132,False,NBS_LRR,XP_059591395.1 putative disease resistance protein RGA4 [Vitis vinifera],0.162,-0.074
XP_059591394.1,False,98.771,1.707,False,NBS_LRR,98.933,1.6372,False,NBS_LRR,98.697,1.6132,False,NBS_LRR,XP_059591394.1 putative disease resistance protein RGA4 [Vitis vinifera],0.162,-0.074
XP_059591393.1,False,98.771,1.707,False,NBS_LRR,98.933,1.6372,False,NBS_LRR,98.697,1.6132,False,NBS_LRR,XP_059591393.1 putative disease resistance protein RGA4 [Vitis vinifera],0.162,-0.074
XP_010656094.1,False,68.153,0.4745,False,defense_signaling,68.987,0.4802,False,defense_signaling,68.077,0.4702,False,defense_signaling,XP_010656094.1 auxin response factor 7 [Vitis vinifera],0.834,-0.076
XP_010652424.1,False,95.23,1.0099,False,antimicrobial,97.337,1.0774,False,antimicrobial,95.154,1.0036,False,antimicrobial,XP_010652424.1 ABC transporter C family member 5 [Vitis vinifera],2.107,-0.076
XP_010651631.1,False,96.835,1.0592,False,antimicrobial,96.778,1.0567,False,antimicrobial,96.759,1.0531,False,antimicrobial,XP_010651631.1 ubiquitin C-terminal hydrolase 12 isoform X2 [Vitis vinifera],-0.057,-0.076
XP_002282271.1,False,97.066,1.0674,False,antimicrobial,96.877,1.0605,False,antimicrobial,96.99,1.0614,False,antimicrobial,"XP_002282271.1 glycine dehydrogenase (decarboxylating), mitochondrial [Vitis vinifera]",-0.189,-0.076
XP_010654624.1,False,96.914,1.0625,False,antimicrobial,97.317,1.0768,False,antimicrobial,96.837,1.0565,False,antimicrobial,XP_010654624.1 ABC transporter G family member 42 [Vitis vinifera],0.403,-0.077
XP_059593861.1,False,96.863,1.0282,False,antimicrobial,97.39,1.0805,False,antimicrobial,96.785,1.022,False,antimicrobial,XP_059593861.1 ABC transporter C family member 4 [Vitis vinifera],0.527,-0.078
XP_010652180.1,False,96.863,1.0282,False,antimicrobial,97.39,1.0805,False,antimicrobial,96.785,1.022,False,antimicrobial,XP_010652180.1 ABC transporter C family member 4 [Vitis vinifera],0.527,-0.078
XP_019076666.1,False,96.863,1.0282,False,antimicrobial,97.39,1.0805,False,antimicrobial,96.785,1.022,False,antimicrobial,XP_019076666.1 ABC transporter C family member 4 [Vitis vinifera],0.527,-0.078
XP_002265012.1,False,96.863,1.0282,False,antimicrobial,97.39,1.0805,False,antimicrobial,96.785,1.022,False,antimicrobial,XP_002265012.1 ABC transporter C family member 4 [Vitis vinifera],0.527,-0.078
XP_059596929.1,False,98.181,1.5655,False,NBS_LRR,98.307,1.5178,False,NBS_LRR,98.102,1.4713,False,NBS_LRR,XP_059596929.1 putative disease resistance RPP13-like protein 1 [Vitis vinifera],0.126,-0.079
XP_059597095.1,False,97.576,1.4967,False,NBS_LRR,97.421,1.4069,False,NBS_LRR,97.497,1.4084,False,NBS_LRR,XP_059597095.1 putative disease resistance protein At3g14460 isoform X2 [Vitis vinifera],-0.155,-0.079
XP_059598306.1,False,95.971,1.0322,False,antimicrobial,96.045,1.0353,False,antimicrobial,95.892,1.0263,False,antimicrobial,XP_059598306.1 ubiquitin C-terminal hydrolase 12 isoform X9 [Vitis vinifera],0.074,-0.079
XP_002267555.1,False,96.486,1.0491,False,antimicrobial,96.559,1.0509,False,antimicrobial,96.407,1.043,False,antimicrobial,XP_002267555.1 ubiquitin C-terminal hydrolase 12 isoform X1 [Vitis vinifera],0.073,-0.079
XP_002267129.1,False,99.537,1.379,True,RLK_defense,99.463,1.3679,True,RLK_defense,99.456,1.3687,True,RLK_defense,XP_002267129.1 probable LRR receptor-like serine/threonine-protein kinase At1g56140 isoform X1 [Vitis vinifera],-0.074,-0.081
XP_059598703.1,False,98.144,1.1909,False,RLK_defense,96.953,0.9369,False,RLK_defense,98.063,1.1869,False,RLK_defense,XP_059598703.1 uncharacterized protein LOC100246408 [Vitis vinifera],-1.191,-0.081
XP_002277814.4,False,99.591,1.8041,True,NBS_LRR,99.513,1.7292,True,NBS_LRR,99.51,1.7264,True,NBS_LRR,XP_002277814.4 disease resistance protein RML1A [Vitis vinifera],-0.078,-0.081
XP_010656385.1,False,96.764,1.0568,False,antimicrobial,97.025,1.0651,False,antimicrobial,96.682,1.0508,False,antimicrobial,XP_010656385.1 pleiotropic drug resistance protein TUR2 isoform X1 [Vitis vinifera],0.261,-0.082
XP_010658731.1,False,96.153,0.9457,False,antimicrobial,95.486,0.9979,False,antimicrobial,96.07,0.9392,False,antimicrobial,XP_010658731.1 ABC transporter C family member 10 isoform X4 [Vitis vinifera],-0.667,-0.083
XP_019078073.1,False,99.414,1.3597,True,RLK_defense,99.333,1.3511,True,RLK_defense,99.331,1.3518,True,RLK_defense,XP_019078073.1 probable LRR receptor-like serine/threonine-protein kinase RFK1 isoform X2 [Vitis vinifera],-0.081,-0.083
XP_059598292.1,False,96.153,0.9457,False,antimicrobial,95.916,1.0081,False,antimicrobial,96.07,0.9392,False,antimicrobial,XP_059598292.1 ABC transporter C family member 10 isoform X2 [Vitis vinifera],-0.237,-0.083
XP_059598293.1,False,96.153,0.9457,False,antimicrobial,95.916,1.0081,False,antimicrobial,96.07,0.9392,False,antimicrobial,XP_059598293.1 ABC transporter C family member 10 isoform X2 [Vitis vinifera],-0.237,-0.083
XP_010652806.1,False,99.057,0.8521,True,defense_signaling,98.294,1.0572,False,antimicrobial,98.974,1.1139,False,antimicrobial,XP_010652806.1 DNA polymerase alpha catalytic subunit [Vitis vinifera],-0.763,-0.083
XP_019078624.1,False,96.702,1.0554,False,antimicrobial,96.897,1.0609,False,antimicrobial,96.618,1.0493,False,antimicrobial,XP_019078624.1 ABC transporter G family member 39 isoform X2 [Vitis vinifera],0.195,-0.084
XP_059597239.1,False,99.523,1.377,True,RLK_defense,99.461,1.3671,True,RLK_defense,99.439,1.3657,True,RLK_defense,XP_059597239.1 probable LRR receptor-like serine/threonine-protein kinase At1g56140 isoform X1 [Vitis vinifera],-0.062,-0.084
XP_010654671.1,False,98.057,1.2453,False,cell_death_HR,98.022,1.2457,False,cell_death_HR,97.973,1.2408,False,cell_death_HR,XP_010654671.1 regulator of telomere elongation helicase 1 homolog isoform X1 [Vitis vinifera],-0.035,-0.084
XP_059595483.1,False,98.057,1.2453,False,cell_death_HR,98.022,1.2457,False,cell_death_HR,97.973,1.2408,False,cell_death_HR,XP_059595483.1 regulator of telomere elongation helicase 1 homolog isoform X1 [Vitis vinifera],-0.035,-0.084
XP_059598997.1,False,98.708,1.6862,False,NBS_LRR,98.954,1.6412,False,NBS_LRR,98.622,1.5928,False,NBS_LRR,XP_059598997.1 disease resistance protein RUN1 [Vitis vinifera],0.246,-0.086
XP_010657375.2,False,98.661,1.2491,False,RLK_defense,98.563,1.2476,False,RLK_defense,98.575,1.2463,False,RLK_defense,XP_010657375.2 uncharacterized protein LOC100256737 [Vitis vinifera],-0.098,-0.086
XP_019080683.1,False,91.44,0.7122,False,defense_signaling,88.871,0.8666,False,cell_death_HR,91.354,0.9559,False,cell_death_HR,XP_019080683.1 DNA ligase 6 isoform X6 [Vitis vinifera],-2.569,-0.086
XP_059591551.1,False,98.868,1.719,False,NBS_LRR,98.538,1.5708,False,NBS_LRR,98.782,1.6289,False,NBS_LRR,XP_059591551.1 putative disease resistance protein RGA4 [Vitis vinifera],-0.33,-0.086
XP_010650907.1,False,96.692,1.0548,False,antimicrobial,97.376,1.0803,False,antimicrobial,96.606,1.0488,False,antimicrobial,XP_010650907.1 ABC transporter G family member 31 [Vitis vinifera],0.684,-0.086
XP_002269854.1,False,76.829,0.634,False,antimicrobial,77.902,0.6559,False,antimicrobial,76.742,0.6333,False,antimicrobial,XP_002269854.1 structural maintenance of chromosomes protein 2-1 [Vitis vinifera],1.073,-0.087
XP_010654552.1,False,96.227,0.941,False,antimicrobial,93.296,0.9568,False,antimicrobial,96.139,0.9345,False,antimicrobial,XP_010654552.1 ABC transporter C family member 8 isoform X3 [Vitis vinifera],-2.931,-0.088
XP_002276236.2,False,96.227,0.941,False,antimicrobial,95.211,0.9963,False,antimicrobial,96.139,0.9345,False,antimicrobial,XP_002276236.2 ABC transporter C family member 8 isoform X1 [Vitis vinifera],-1.016,-0.088
XP_019077733.1,False,96.227,0.941,False,antimicrobial,93.286,0.9467,False,antimicrobial,96.139,0.9345,False,antimicrobial,XP_019077733.1 ABC transporter C family member 8 isoform X4 [Vitis vinifera],-2.941,-0.088
XP_010655571.1,False,99.395,1.3574,True,RLK_defense,99.34,1.3518,True,RLK_defense,99.306,1.3494,True,RLK_defense,XP_010655571.1 probable LRR receptor-like serine/threonine-protein kinase RFK1 isoform X1 [Vitis vinifera],-0.055,-0.089
XP_010663985.1,False,97.603,1.2125,False,cell_death_HR,84.16,0.7901,False,cell_death_HR,97.514,1.2077,False,cell_death_HR,XP_010663985.1 uncharacterized protein LOC100251396 [Vitis vinifera],-13.443,-0.089
XP_059596740.1,False,96.513,1.0501,False,antimicrobial,96.734,1.0555,False,antimicrobial,96.422,1.0441,False,antimicrobial,"XP_059596740.1 calcium-transporting ATPase 10, plasma membrane-type [Vitis vinifera]",0.221,-0.091
XP_019073479.1,False,97.834,1.227,False,cell_death_HR,97.374,1.2024,False,cell_death_HR,97.743,1.2223,False,cell_death_HR,XP_019073479.1 probable phospholipid-transporting ATPase 7 [Vitis vinifera],-0.46,-0.091
XP_010653226.1,False,96.54,1.0505,False,antimicrobial,96.577,1.0514,False,antimicrobial,96.449,1.0445,False,antimicrobial,XP_010653226.1 ubiquitin C-terminal hydrolase 12 isoform X2 [Vitis vinifera],0.037,-0.091
XP_059596739.1,False,96.513,1.0501,False,antimicrobial,96.734,1.0555,False,antimicrobial,96.422,1.0441,False,antimicrobial,"XP_059596739.1 calcium-transporting ATPase 10, plasma membrane-type [Vitis vinifera]",0.221,-0.091
XP_010664196.1,False,99.04,0.8509,True,defense_signaling,98.984,0.8534,False,defense_signaling,98.949,0.8458,False,defense_signaling,"XP_010664196.1 kinesin-like protein KIN-7E, chloroplastic isoform X2 [Vitis vinifera]",-0.056,-0.091
XP_002262829.2,False,96.513,1.0501,False,antimicrobial,96.734,1.0555,False,antimicrobial,96.422,1.0441,False,antimicrobial,"XP_002262829.2 calcium-transporting ATPase 10, plasma membrane-type [Vitis vinifera]",0.221,-0.091
XP_010657373.2,False,98.659,1.2487,False,RLK_defense,98.513,1.2431,False,RLK_defense,98.568,1.2459,False,RLK_defense,XP_010657373.2 LOW QUALITY PROTEIN: uncharacterized protein LOC100267151 [Vitis vinifera],-0.146,-0.091
XP_010656879.1,False,96.513,1.0501,False,antimicrobial,96.734,1.0555,False,antimicrobial,96.422,1.0441,False,antimicrobial,"XP_010656879.1 calcium-transporting ATPase 10, plasma membrane-type [Vitis vinifera]",0.221,-0.091
XP_019081913.2,False,97.453,1.1277,False,NBS_LRR,97.386,1.0669,False,NBS_LRR,97.362,1.0643,False,NBS_LRR,XP_019081913.2 MDIS1-interacting receptor like kinase 2 [Vitis vinifera],-0.067,-0.091
XP_059593034.1,False,2.311,-2.214,False,cell_death_HR,1.964,-2.3944,False,cell_death_HR,2.22,-2.2427,False,cell_death_HR,XP_059593034.1 extensin-2-like [Vitis vinifera],-0.347,-0.091
XP_010645604.1,False,96.6,1.0522,False,antimicrobial,96.26,1.043,False,antimicrobial,96.509,1.0461,False,antimicrobial,XP_010645604.1 uncharacterized protein LOC100241220 [Vitis vinifera],-0.34,-0.091
XP_010655161.1,False,96.542,1.0509,False,antimicrobial,96.015,1.0342,False,antimicrobial,96.451,1.0448,False,antimicrobial,"XP_010655161.1 calcium-transporting ATPase 9, plasma membrane-type isoform X2 [Vitis vinifera]",-0.527,-0.091
XP_002266400.1,False,96.6,1.0522,False,antimicrobial,96.26,1.043,False,antimicrobial,96.509,1.0461,False,antimicrobial,XP_002266400.1 uncharacterized protein LOC100241220 [Vitis vinifera],-0.34,-0.091
XP_019078539.1,False,96.513,1.0501,False,antimicrobial,96.734,1.0555,False,antimicrobial,96.422,1.0441,False,antimicrobial,"XP_019078539.1 calcium-transporting ATPase 10, plasma membrane-type [Vitis vinifera]",0.221,-0.091
XP_059596898.1,False,97.763,1.5439,False,NBS_LRR,97.565,1.427,False,NBS_LRR,97.671,1.4149,False,NBS_LRR,XP_059596898.1 putative disease resistance RPP13-like protein 1 isoform X1 [Vitis vinifera],-0.198,-0.092
XP_010657736.2,False,97.763,1.5439,False,NBS_LRR,97.565,1.427,False,NBS_LRR,97.671,1.4149,False,NBS_LRR,XP_010657736.2 putative disease resistance RPP13-like protein 1 isoform X1 [Vitis vinifera],-0.198,-0.092
XP_059596895.1,False,97.763,1.5439,False,NBS_LRR,97.565,1.427,False,NBS_LRR,97.671,1.4149,False,NBS_LRR,XP_059596895.1 putative disease resistance RPP13-like protein 1 isoform X1 [Vitis vinifera],-0.198,-0.092
XP_059596896.1,False,97.763,1.5439,False,NBS_LRR,97.565,1.427,False,NBS_LRR,97.671,1.4149,False,NBS_LRR,XP_059596896.1 putative disease resistance RPP13-like protein 1 isoform X1 [Vitis vinifera],-0.198,-0.092
XP_010657734.2,False,97.763,1.5439,False,NBS_LRR,97.565,1.427,False,NBS_LRR,97.671,1.4149,False,NBS_LRR,XP_010657734.2 putative disease resistance RPP13-like protein 1 isoform X1 [Vitis vinifera],-0.198,-0.092
XP_010657733.2,False,97.763,1.5439,False,NBS_LRR,97.565,1.427,False,NBS_LRR,97.671,1.4149,False,NBS_LRR,XP_010657733.2 putative disease resistance RPP13-like protein 1 isoform X1 [Vitis vinifera],-0.198,-0.092
XP_010657732.2,False,97.763,1.5439,False,NBS_LRR,97.565,1.427,False,NBS_LRR,97.671,1.4149,False,NBS_LRR,XP_010657732.2 putative disease resistance RPP13-like protein 1 isoform X1 [Vitis vinifera],-0.198,-0.092
XP_019079028.2,False,97.763,1.5439,False,NBS_LRR,97.565,1.427,False,NBS_LRR,97.671,1.4149,False,NBS_LRR,XP_019079028.2 putative disease resistance RPP13-like protein 1 isoform X1 [Vitis vinifera],-0.198,-0.092
XP_019079027.2,False,97.763,1.5439,False,NBS_LRR,97.565,1.427,False,NBS_LRR,97.671,1.4149,False,NBS_LRR,XP_019079027.2 putative disease resistance RPP13-like protein 1 isoform X1 [Vitis vinifera],-0.198,-0.092
XP_059596897.1,False,97.763,1.5439,False,NBS_LRR,97.565,1.427,False,NBS_LRR,97.671,1.4149,False,NBS_LRR,XP_059596897.1 putative disease resistance RPP13-like protein 1 isoform X1 [Vitis vinifera],-0.198,-0.092
XP_010657731.2,False,97.763,1.5439,False,NBS_LRR,97.565,1.427,False,NBS_LRR,97.671,1.4149,False,NBS_LRR,XP_010657731.2 putative disease resistance RPP13-like protein 1 isoform X1 [Vitis vinifera],-0.198,-0.092
XP_010657730.2,False,97.763,1.5439,False,NBS_LRR,97.565,1.427,False,NBS_LRR,97.671,1.4149,False,NBS_LRR,XP_010657730.2 putative disease resistance RPP13-like protein 1 isoform X1 [Vitis vinifera],-0.198,-0.092
XP_010657737.2,False,97.763,1.5439,False,NBS_LRR,97.565,1.427,False,NBS_LRR,97.671,1.4149,False,NBS_LRR,XP_010657737.2 putative disease resistance RPP13-like protein 1 isoform X1 [Vitis vinifera],-0.198,-0.092
XP_010657739.2,False,97.763,1.5439,False,NBS_LRR,97.565,1.427,False,NBS_LRR,97.671,1.4149,False,NBS_LRR,XP_010657739.2 putative disease resistance RPP13-like protein 1 isoform X1 [Vitis vinifera],-0.198,-0.092
XP_010657728.2,False,97.763,1.5439,False,NBS_LRR,97.565,1.427,False,NBS_LRR,97.671,1.4149,False,NBS_LRR,XP_010657728.2 putative disease resistance RPP13-like protein 1 isoform X1 [Vitis vinifera],-0.198,-0.092
XP_059596900.1,False,97.763,1.5439,False,NBS_LRR,97.565,1.427,False,NBS_LRR,97.671,1.4149,False,NBS_LRR,XP_059596900.1 putative disease resistance RPP13-like protein 1 isoform X1 [Vitis vinifera],-0.198,-0.092
XP_010657727.2,False,97.763,1.5439,False,NBS_LRR,97.565,1.427,False,NBS_LRR,97.671,1.4149,False,NBS_LRR,XP_010657727.2 putative disease resistance RPP13-like protein 1 isoform X1 [Vitis vinifera],-0.198,-0.092
XP_059596894.1,False,97.763,1.5439,False,NBS_LRR,97.565,1.427,False,NBS_LRR,97.671,1.4149,False,NBS_LRR,XP_059596894.1 putative disease resistance RPP13-like protein 1 isoform X1 [Vitis vinifera],-0.198,-0.092
XP_059596893.1,False,97.763,1.5439,False,NBS_LRR,97.565,1.427,False,NBS_LRR,97.671,1.4149,False,NBS_LRR,XP_059596893.1 putative disease resistance RPP13-like protein 1 isoform X1 [Vitis vinifera],-0.198,-0.092
XP_059596899.1,False,97.763,1.5439,False,NBS_LRR,97.565,1.427,False,NBS_LRR,97.671,1.4149,False,NBS_LRR,XP_059596899.1 putative disease resistance RPP13-like protein 1 isoform X1 [Vitis vinifera],-0.198,-0.092
XP_010652239.1,False,99.03,0.8495,True,defense_signaling,89.727,0.6911,False,defense_signaling,98.937,0.8442,False,defense_signaling,XP_010652239.1 uncharacterized protein LOC100248563 [Vitis vinifera],-9.303,-0.093
XP_059598133.1,False,98.683,1.6812,False,NBS_LRR,98.632,1.5921,False,NBS_LRR,98.59,1.5825,False,NBS_LRR,XP_059598133.1 putative disease resistance protein RGA1 isoform X2 [Vitis vinifera],-0.051,-0.093
XP_002266601.1,False,94.834,0.9642,False,antimicrobial,95.351,1.0171,False,antimicrobial,94.741,0.9578,False,antimicrobial,XP_002266601.1 putative ABC transporter C family member 15 [Vitis vinifera],0.517,-0.093
XP_010654551.1,False,96.158,0.9308,False,antimicrobial,95.186,0.9915,False,antimicrobial,96.065,0.9243,False,antimicrobial,XP_010654551.1 ABC transporter C family member 8 isoform X2 [Vitis vinifera],-0.972,-0.093
XP_010657377.1,False,98.671,1.2503,False,RLK_defense,98.422,1.2345,False,RLK_defense,98.577,1.247,False,RLK_defense,XP_010657377.1 uncharacterized protein LOC100267196 [Vitis vinifera],-0.249,-0.094
XP_059595510.1,False,96.376,1.0457,False,antimicrobial,96.407,1.0466,False,antimicrobial,96.282,1.0396,False,antimicrobial,XP_059595510.1 pleiotropic drug resistance protein 1-like [Vitis vinifera],0.031,-0.094
XP_010654716.1,False,96.376,1.0457,False,antimicrobial,96.471,1.0489,False,antimicrobial,96.282,1.0396,False,antimicrobial,XP_010654716.1 pleiotropic drug resistance protein 1 [Vitis vinifera],0.095,-0.094
XP_059595686.1,False,93.434,0.9146,False,antimicrobial,93.926,1.0448,False,cell_death_HR,93.34,0.9229,False,cell_death_HR,XP_059595686.1 ABC transporter C family member 13 isoform X3 [Vitis vinifera],0.492,-0.094
XP_002276212.2,False,96.212,0.931,False,antimicrobial,95.243,0.9918,False,antimicrobial,96.116,0.9245,False,antimicrobial,XP_002276212.2 ABC transporter C family member 8 isoform X1 [Vitis vinifera],-0.969,-0.096
XP_059592046.1,False,95.145,0.8091,False,NBS_LRR,95.104,0.8027,False,RLK_defense,95.049,0.7996,False,RLK_defense,"XP_059592046.1 pentatricopeptide repeat-containing protein At5g61990, mitochondrial [Vitis vinifera]",-0.041,-0.096
XP_010648196.2,False,95.145,0.8091,False,NBS_LRR,95.104,0.8027,False,RLK_defense,95.049,0.7996,False,RLK_defense,"XP_010648196.2 pentatricopeptide repeat-containing protein At5g61990, mitochondrial [Vitis vinifera]",-0.041,-0.096
XP_059595507.1,False,96.254,1.0424,False,antimicrobial,96.266,1.0432,False,antimicrobial,96.158,1.0363,False,antimicrobial,XP_059595507.1 pleiotropic drug resistance protein 1 [Vitis vinifera],0.012,-0.096
XP_010648606.1,False,96.318,1.0448,False,antimicrobial,96.963,1.0633,False,antimicrobial,96.222,1.0387,False,antimicrobial,XP_010648606.1 pleiotropic drug resistance protein 1 [Vitis vinifera],0.645,-0.096
XP_010654715.1,False,96.303,1.0443,False,antimicrobial,96.237,1.0425,False,antimicrobial,96.207,1.0382,False,antimicrobial,XP_010654715.1 pleiotropic drug resistance protein 1 [Vitis vinifera],-0.066,-0.096
XP_010647681.1,False,96.062,0.8314,False,RLK_defense,96.055,0.8333,False,RLK_defense,95.966,0.83,False,RLK_defense,"XP_010647681.1 kinesin-like protein KIN-7D, mitochondrial isoform X2 [Vitis vinifera]",-0.007,-0.096
XP_010660189.1,False,98.527,1.6338,False,NBS_LRR,98.532,1.569,False,NBS_LRR,98.43,1.5595,False,NBS_LRR,XP_010660189.1 probable disease resistance protein At4g27220 isoform X1 [Vitis vinifera],0.005,-0.097
XP_059595506.1,False,96.34,1.0452,False,antimicrobial,96.641,1.053,False,antimicrobial,96.243,1.0392,False,antimicrobial,XP_059595506.1 pleiotropic drug resistance protein 1 isoform X2 [Vitis vinifera],0.301,-0.097
XP_010654722.1,False,96.34,1.0452,False,antimicrobial,96.36,1.0449,False,antimicrobial,96.243,1.0392,False,antimicrobial,XP_010654722.1 pleiotropic drug resistance protein 1 isoform X1 [Vitis vinifera],0.02,-0.097
XP_059598536.1,False,98.527,1.6338,False,NBS_LRR,98.592,1.579,False,NBS_LRR,98.43,1.5595,False,NBS_LRR,XP_059598536.1 probable disease resistance protein At4g27220 isoform X4 [Vitis vinifera],0.065,-0.097
XP_010660188.1,False,98.527,1.6338,False,NBS_LRR,98.532,1.569,False,NBS_LRR,98.43,1.5595,False,NBS_LRR,XP_010660188.1 probable disease resistance protein At4g27220 isoform X1 [Vitis vinifera],0.005,-0.097
XP_019080801.1,False,98.527,1.6338,False,NBS_LRR,98.544,1.5722,False,NBS_LRR,98.43,1.5595,False,NBS_LRR,XP_019080801.1 probable disease resistance protein At4g27220 isoform X3 [Vitis vinifera],0.017,-0.097
XP_010660191.1,False,98.527,1.6338,False,NBS_LRR,98.544,1.5722,False,NBS_LRR,98.43,1.5595,False,NBS_LRR,XP_010660191.1 probable disease resistance protein At4g27220 isoform X3 [Vitis vinifera],0.017,-0.097
XP_010649032.2,False,36.066,-0.0912,False,NBS_LRR,36.111,-0.0746,False,NBS_LRR,35.968,-0.0778,False,NBS_LRR,XP_010649032.2 protein FAR-RED IMPAIRED RESPONSE 1 isoform X3 [Vitis vinifera],0.045,-0.098
XP_010644027.1,False,99.81,1.8256,True,NBS_LRR,99.934,1.7869,True,NBS_LRR,99.712,1.7402,True,NBS_LRR,XP_010644027.1 disease resistance protein RUN1 [Vitis vinifera],0.124,-0.098
XP_019078873.2,False,36.066,-0.0912,False,NBS_LRR,36.111,-0.0746,False,NBS_LRR,35.968,-0.0778,False,NBS_LRR,XP_019078873.2 protein FAR-RED IMPAIRED RESPONSE 1 isoform X3 [Vitis vinifera],0.045,-0.098
XP_010654718.1,False,96.284,1.0435,False,antimicrobial,96.254,1.0429,False,antimicrobial,96.185,1.0374,False,antimicrobial,XP_010654718.1 pleiotropic drug resistance protein 1 [Vitis vinifera],-0.03,-0.099
XP_002281842.1,False,96.333,1.0451,False,antimicrobial,96.69,1.0545,False,antimicrobial,96.234,1.039,False,antimicrobial,XP_002281842.1 ABC transporter G family member 32 [Vitis vinifera],0.357,-0.099
XP_059593803.1,False,57.167,0.3528,False,defense_signaling,55.358,0.3291,False,defense_signaling,57.068,0.3485,False,defense_signaling,XP_059593803.1 protein NETWORKED 1D [Vitis vinifera],-1.809,-0.099
XP_002276354.2,False,97.635,1.1044,False,RLK_defense,97.384,1.0423,False,RLK_defense,97.536,1.0895,False,RLK_defense,XP_002276354.2 probable inactive receptor kinase At5g10020 [Vitis vinifera],-0.251,-0.099
XP_059593801.1,False,57.167,0.3528,False,defense_signaling,55.358,0.3291,False,defense_signaling,57.068,0.3485,False,defense_signaling,XP_059593801.1 protein NETWORKED 1D [Vitis vinifera],-1.809,-0.099
XP_010652001.1,False,57.167,0.3528,False,defense_signaling,55.358,0.3291,False,defense_signaling,57.068,0.3485,False,defense_signaling,XP_010652001.1 protein NETWORKED 1D [Vitis vinifera],-1.809,-0.099
XP_059592229.1,False,96.108,1.0369,False,antimicrobial,96.199,1.0412,False,antimicrobial,96.007,1.0308,False,antimicrobial,XP_059592229.1 RNA-dependent RNA polymerase 6 [Vitis vinifera],0.091,-0.101
XP_010648660.1,False,96.108,1.0369,False,antimicrobial,96.199,1.0412,False,antimicrobial,96.007,1.0308,False,antimicrobial,XP_010648660.1 RNA-dependent RNA polymerase 6 [Vitis vinifera],0.091,-0.101
XP_002280784.1,False,99.513,1.3756,True,RLK_defense,99.459,1.3664,True,RLK_defense,99.412,1.3624,True,RLK_defense,XP_002280784.1 putative receptor-like protein kinase At3g47110 [Vitis vinifera],-0.054,-0.101
XP_059592777.1,False,98.638,0.8388,False,antimicrobial,98.705,0.8949,False,antimicrobial,98.537,0.9333,False,antimicrobial,XP_059592777.1 ISWI chromatin-remodeling complex ATPase CHR11 isoform X1 [Vitis vinifera],0.067,-0.101
XP_059598589.1,False,98.512,1.6311,False,NBS_LRR,98.554,1.5759,False,NBS_LRR,98.411,1.5554,False,NBS_LRR,XP_059598589.1 probable disease resistance protein At4g27220 [Vitis vinifera],0.042,-0.101
XP_010659184.2,False,95.676,1.2492,False,NBS_LRR,95.068,1.1619,False,NBS_LRR,95.575,1.1969,False,NBS_LRR,XP_010659184.2 putative disease resistance RPP13-like protein 1 [Vitis vinifera],-0.608,-0.101
XP_059592778.1,False,98.638,0.8388,False,antimicrobial,98.292,0.894,False,antimicrobial,98.537,0.9304,False,antimicrobial,XP_059592778.1 ISWI chromatin-remodeling complex ATPase CHR11 isoform X2 [Vitis vinifera],-0.346,-0.101
XP_059598588.1,False,98.512,1.6311,False,NBS_LRR,98.554,1.5759,False,NBS_LRR,98.411,1.5554,False,NBS_LRR,XP_059598588.1 probable disease resistance protein At4g27220 [Vitis vinifera],0.042,-0.101
XP_059598957.1,False,99.296,0.864,True,defense_signaling,98.208,0.8217,False,defense_signaling,99.193,0.8588,True,defense_signaling,XP_059598957.1 lysine-specific demethylase JMJ17 isoform X5 [Vitis vinifera],-1.088,-0.103
XP_002265211.1,False,93.298,0.9503,False,cell_death_HR,93.38,1.0209,False,cell_death_HR,93.195,1.0036,False,cell_death_HR,"XP_002265211.1 phosphoglucan, water dikinase, chloroplastic [Vitis vinifera]",0.082,-0.103
XP_019072108.2,False,99.61,1.8067,True,NBS_LRR,99.797,1.752,True,NBS_LRR,99.507,1.7258,True,NBS_LRR,XP_019072108.2 disease resistance protein RPV1 [Vitis vinifera],0.187,-0.103
XP_010660765.1,False,99.296,0.864,True,defense_signaling,96.741,0.7875,False,defense_signaling,99.193,0.8588,True,defense_signaling,XP_010660765.1 lysine-specific demethylase JMJ17 isoform X3 [Vitis vinifera],-2.555,-0.103
XP_002278997.1,False,98.661,0.8517,False,antimicrobial,98.398,0.8432,False,antimicrobial,98.558,0.8448,False,antimicrobial,XP_002278997.1 cellulose synthase A catalytic subunit 3 [UDP-forming] [Vitis vinifera],-0.263,-0.103
XP_010661326.1,False,98.678,0.8363,False,defense_signaling,92.636,0.852,False,cell_death_HR,98.575,1.0263,False,cell_death_HR,XP_010661326.1 uncharacterized protein LOC100261590 [Vitis vinifera],-6.042,-0.103
XP_059590665.1,False,99.61,1.8067,True,NBS_LRR,99.797,1.752,True,NBS_LRR,99.507,1.7258,True,NBS_LRR,XP_059590665.1 disease resistance protein RPV1 [Vitis vinifera],0.187,-0.103
XP_010660757.1,False,99.296,0.864,True,defense_signaling,96.86,0.7903,False,defense_signaling,99.193,0.8588,True,defense_signaling,XP_010660757.1 lysine-specific demethylase JMJ17 isoform X1 [Vitis vinifera],-2.436,-0.103
XP_002265605.2,False,94.583,0.9823,False,antimicrobial,96.988,1.0641,False,antimicrobial,94.477,0.976,False,antimicrobial,XP_002265605.2 ABC transporter C family member 3 isoform X1 [Vitis vinifera],2.405,-0.106
XP_059595505.1,False,96.028,1.0344,False,antimicrobial,95.991,1.0337,False,antimicrobial,95.922,1.0283,False,antimicrobial,XP_059595505.1 pleiotropic drug resistance protein 1-like [Vitis vinifera],-0.037,-0.106
XP_010660768.1,False,99.268,0.8624,True,defense_signaling,96.663,0.7857,False,defense_signaling,99.162,0.8572,True,defense_signaling,XP_010660768.1 lysine-specific demethylase JMJ17 isoform X4 [Vitis vinifera],-2.605,-0.106
XP_019077792.1,False,98.121,1.2519,False,NBS_LRR,93.19,0.9041,False,NBS_LRR,98.015,1.2357,False,NBS_LRR,XP_019077792.1 uncharacterized protein LOC100241278 isoform X2 [Vitis vinifera],-4.931,-0.106
XP_019077793.1,False,98.121,1.2519,False,NBS_LRR,96.355,0.9813,False,NBS_LRR,98.015,1.2357,False,NBS_LRR,XP_019077793.1 putative leucine-rich repeat receptor-like serine/threonine-protein kinase At2g19230 isoform X4 [Vitis vinifera],-1.766,-0.106
XP_010654581.1,False,98.121,1.2519,False,NBS_LRR,93.022,0.9006,False,NBS_LRR,98.015,1.2357,False,NBS_LRR,XP_010654581.1 uncharacterized protein LOC100241278 isoform X1 [Vitis vinifera],-5.099,-0.106
XP_010654580.1,False,98.121,1.2519,False,NBS_LRR,93.022,0.9006,False,NBS_LRR,98.015,1.2357,False,NBS_LRR,XP_010654580.1 uncharacterized protein LOC100241278 isoform X1 [Vitis vinifera],-5.099,-0.106
XP_010648604.1,False,96.03,1.0345,False,antimicrobial,96.242,1.0428,False,antimicrobial,95.924,1.0284,False,antimicrobial,XP_010648604.1 pleiotropic drug resistance protein 1 [Vitis vinifera],0.212,-0.106
XP_010660760.1,False,99.268,0.8624,True,defense_signaling,96.793,0.7888,False,defense_signaling,99.162,0.8572,True,defense_signaling,XP_010660760.1 lysine-specific demethylase JMJ17 isoform X2 [Vitis vinifera],-2.475,-0.106
XP_059592509.1,False,98.969,0.8456,False,defense_signaling,97.667,0.8071,False,defense_signaling,98.861,0.8404,False,defense_signaling,XP_059592509.1 protein TONSOKU isoform X1 [Vitis vinifera],-1.302,-0.108
XP_010646379.2,False,98.582,0.8322,False,defense_signaling,95.11,0.7613,False,defense_signaling,98.474,0.8268,False,defense_signaling,XP_010646379.2 transcriptional elongation regulator MINIYO [Vitis vinifera],-3.472,-0.108
XP_059595508.1,False,96.045,1.0351,False,antimicrobial,95.853,1.0289,False,antimicrobial,95.937,1.029,False,antimicrobial,XP_059595508.1 pleiotropic drug resistance protein 1 [Vitis vinifera],-0.192,-0.108
XP_010653789.1,False,98.651,0.8428,False,antimicrobial,98.258,0.8299,False,antimicrobial,98.543,0.8359,False,antimicrobial,XP_010653789.1 cellulose synthase A catalytic subunit 3 [UDP-forming] [Vitis vinifera],-0.393,-0.108
XP_010662984.1,False,98.825,0.8399,False,defense_signaling,98.473,1.1372,False,antimicrobial,98.717,1.1483,False,antimicrobial,"XP_010662984.1 glutamate synthase 1 [NADH], chloroplastic isoform X1 [Vitis vinifera]",-0.352,-0.108
XP_002277635.1,False,98.956,0.8448,False,defense_signaling,98.462,0.8303,False,defense_signaling,98.848,0.8395,False,defense_signaling,XP_002277635.1 cellulose synthase A catalytic subunit 2 [UDP-forming] [Vitis vinifera],-0.494,-0.108
XP_010663244.1,False,98.56,0.9644,False,antimicrobial,95.521,0.9744,False,antimicrobial,98.452,0.958,False,antimicrobial,XP_010663244.1 ARF guanine-nucleotide exchange factor GNOM [Vitis vinifera],-3.039,-0.108
XP_019081692.1,False,98.806,0.8396,False,defense_signaling,94.699,0.7546,False,defense_signaling,98.698,0.8342,False,defense_signaling,XP_019081692.1 MAG2-interacting protein 2 isoform X2 [Vitis vinifera],-4.107,-0.108
XP_002274896.1,False,98.553,0.831,False,defense_signaling,98.56,0.8333,False,defense_signaling,98.445,0.8426,False,antimicrobial,XP_002274896.1 cellulose synthase-like protein D3 [Vitis vinifera],0.007,-0.108
XP_002280231.2,False,95.848,1.0292,False,antimicrobial,97.962,1.1025,False,antimicrobial,95.74,1.0231,False,antimicrobial,XP_002280231.2 pleiotropic drug resistance protein 3 [Vitis vinifera],2.114,-0.108
XP_002267865.2,False,98.825,0.8399,False,defense_signaling,98.473,1.1372,False,antimicrobial,98.717,1.1483,False,antimicrobial,"XP_002267865.2 glutamate synthase 1 [NADH], chloroplastic isoform X1 [Vitis vinifera]",-0.352,-0.108
XP_010649527.1,False,98.98,0.8463,False,defense_signaling,89.866,0.6931,False,defense_signaling,98.872,0.841,False,defense_signaling,XP_010649527.1 uncharacterized protein LOC100248159 isoform X1 [Vitis vinifera],-9.114,-0.108
XP_059593040.1,False,98.988,0.8467,False,defense_signaling,98.772,0.8401,False,defense_signaling,98.88,0.8414,False,defense_signaling,XP_059593040.1 histone-lysine N-methyltransferase ATX2 isoform X2 [Vitis vinifera],-0.216,-0.108
XP_002279863.2,False,98.966,0.8456,False,defense_signaling,99.675,0.8906,True,defense_signaling,98.858,0.869,False,RLK_defense,XP_002279863.2 putative E3 ubiquitin-protein ligase LIN-1 [Vitis vinifera],0.709,-0.108
XP_019075661.1,False,98.98,0.8463,False,defense_signaling,89.866,0.6931,False,defense_signaling,98.872,0.841,False,defense_signaling,XP_019075661.1 uncharacterized protein LOC100248159 isoform X1 [Vitis vinifera],-9.114,-0.108
XP_002280236.2,False,98.226,0.8847,False,PR_proteins,97.95,0.8695,False,PR_proteins,98.117,0.879,False,PR_proteins,XP_002280236.2 5'-3' exoribonuclease 3 [Vitis vinifera],-0.276,-0.109
XP_010651735.1,False,98.563,0.9602,False,RLK_defense,98.361,0.952,False,RLK_defense,98.454,0.9567,False,RLK_defense,XP_010651735.1 DNA repair protein RAD5A isoform X1 [Vitis vinifera],-0.202,-0.109
XP_010651736.1,False,98.924,0.9634,False,RLK_defense,98.769,0.9542,False,RLK_defense,98.814,0.9603,False,RLK_defense,XP_010651736.1 DNA repair protein RAD5A isoform X2 [Vitis vinifera],-0.155,-0.11
XP_059599325.1,False,98.833,0.8402,False,defense_signaling,95.809,0.7716,False,defense_signaling,98.723,0.8348,False,defense_signaling,XP_059599325.1 MAG2-interacting protein 2 isoform X1 [Vitis vinifera],-3.024,-0.11
XP_019075551.1,False,98.918,0.8427,False,defense_signaling,98.731,0.8385,False,defense_signaling,98.808,0.8374,False,defense_signaling,XP_019075551.1 histone H3-lysine(4) N-trimethyltransferase ATX1 isoform X1 [Vitis vinifera],-0.187,-0.11
XP_002265248.2,False,98.908,0.8425,False,defense_signaling,98.787,0.8404,False,defense_signaling,98.798,0.8372,False,defense_signaling,XP_002265248.2 histidine kinase 1 isoform X2 [Vitis vinifera],-0.121,-0.11
XP_019075174.1,False,98.908,0.8425,False,defense_signaling,98.892,0.8462,False,defense_signaling,98.798,0.8372,False,defense_signaling,XP_019075174.1 histidine kinase 1 isoform X1 [Vitis vinifera],-0.016,-0.11
XP_002267191.2,False,95.929,1.0309,False,antimicrobial,96.709,1.0549,False,antimicrobial,95.819,1.0248,False,antimicrobial,XP_002267191.2 pleiotropic drug resistance protein 2 [Vitis vinifera],0.78,-0.11
XP_002268621.1,False,98.918,0.8427,False,defense_signaling,98.731,0.8385,False,defense_signaling,98.808,0.8374,False,defense_signaling,XP_002268621.1 histone H3-lysine(4) N-trimethyltransferase ATX1 isoform X1 [Vitis vinifera],-0.187,-0.11
XP_002269787.1,False,98.528,1.0111,False,antimicrobial,97.859,1.037,False,antimicrobial,98.418,1.0355,False,antimicrobial,XP_002269787.1 DExH-box ATP-dependent RNA helicase DExH3 isoform X1 [Vitis vinifera],-0.669,-0.11
XP_059594765.1,False,98.745,0.838,False,defense_signaling,99.879,0.9113,True,defense_signaling,98.634,1.0163,False,cell_death_HR,XP_059594765.1 DNA (cytosine-5)-methyltransferase 1 isoform X2 [Vitis vinifera],1.134,-0.111
XP_010663893.1,False,97.962,1.1652,False,NBS_LRR,97.856,1.1536,False,RLK_defense,97.851,1.152,False,RLK_defense,XP_010663893.1 MDIS1-interacting receptor like kinase 2-like [Vitis vinifera],-0.106,-0.111
XP_010652774.1,False,99.855,1.8284,True,NBS_LRR,99.852,1.7674,True,NBS_LRR,99.744,1.7464,True,NBS_LRR,XP_010652774.1 disease resistance protein RPV1 isoform X1 [Vitis vinifera],-0.003,-0.111
XP_059590165.1,False,98.494,0.8288,False,defense_signaling,98.541,0.8327,False,defense_signaling,98.383,0.8234,False,defense_signaling,XP_059590165.1 kinesin-like protein KIN-14P [Vitis vinifera],0.047,-0.111
XP_010657503.1,False,98.915,0.8652,False,RLK_defense,98.575,0.8693,False,RLK_defense,98.804,0.8641,False,RLK_defense,XP_010657503.1 U-box domain-containing protein 43 isoform X1 [Vitis vinifera],-0.34,-0.111
XP_019073258.2,False,99.264,1.7666,True,NBS_LRR,99.043,1.6587,True,NBS_LRR,99.153,1.6654,True,NBS_LRR,XP_019073258.2 putative disease resistance RPP13-like protein 1 isoform X2 [Vitis vinifera],-0.221,-0.111
XP_002267200.1,False,98.607,0.8331,False,defense_signaling,99.505,0.9039,True,antimicrobial,98.496,1.0374,False,antimicrobial,XP_002267200.1 DNA (cytosine-5)-methyltransferase 1 [Vitis vinifera],0.898,-0.111
XP_002271552.1,False,98.499,0.8289,False,defense_signaling,98.078,0.8188,False,defense_signaling,98.388,0.8594,False,antimicrobial,XP_002271552.1 ABC transporter G family member 28 [Vitis vinifera],-0.421,-0.111
XP_010649802.1,False,94.283,0.7497,False,defense_signaling,94.353,0.7497,False,defense_signaling,94.171,0.746,False,defense_signaling,XP_010649802.1 uncharacterized protein LOC100244334 [Vitis vinifera],0.07,-0.112
XP_010645607.1,False,98.739,0.8379,False,defense_signaling,99.048,0.8553,True,defense_signaling,98.627,0.8326,False,defense_signaling,XP_010645607.1 F-box protein At3g54460 isoform X1 [Vitis vinifera],0.309,-0.112
XP_010649803.1,False,94.283,0.7497,False,defense_signaling,94.353,0.7497,False,defense_signaling,94.171,0.746,False,defense_signaling,XP_010649803.1 uncharacterized protein LOC100244334 [Vitis vinifera],0.07,-0.112
XP_002276957.1,False,94.283,0.7497,False,defense_signaling,94.353,0.7497,False,defense_signaling,94.171,0.746,False,defense_signaling,XP_002276957.1 uncharacterized protein LOC100244334 [Vitis vinifera],0.07,-0.112
XP_019080777.1,False,88.315,0.8022,False,NBS_LRR,90.181,0.8535,False,NBS_LRR,88.203,0.7691,False,NBS_LRR,XP_019080777.1 probable disease resistance protein At4g27220 isoform X1 [Vitis vinifera],1.866,-0.112
XP_010649800.1,False,94.283,0.7497,False,defense_signaling,94.353,0.7497,False,defense_signaling,94.171,0.746,False,defense_signaling,XP_010649800.1 uncharacterized protein LOC100244334 [Vitis vinifera],0.07,-0.112
XP_019080774.1,False,88.315,0.8022,False,NBS_LRR,90.181,0.8535,False,NBS_LRR,88.203,0.7691,False,NBS_LRR,XP_019080774.1 probable disease resistance protein At4g27220 isoform X1 [Vitis vinifera],1.866,-0.112
XP_019080776.1,False,88.315,0.8022,False,NBS_LRR,90.181,0.8535,False,NBS_LRR,88.203,0.7691,False,NBS_LRR,XP_019080776.1 probable disease resistance protein At4g27220 isoform X1 [Vitis vinifera],1.866,-0.112
XP_019080782.1,False,88.315,0.8022,False,NBS_LRR,90.181,0.8535,False,NBS_LRR,88.203,0.7691,False,NBS_LRR,XP_019080782.1 probable disease resistance protein At4g27220 isoform X1 [Vitis vinifera],1.866,-0.112
XP_019080781.1,False,88.315,0.8022,False,NBS_LRR,90.181,0.8535,False,NBS_LRR,88.203,0.7691,False,NBS_LRR,XP_019080781.1 probable disease resistance protein At4g27220 isoform X1 [Vitis vinifera],1.866,-0.112
XP_019080779.1,False,88.315,0.8022,False,NBS_LRR,90.181,0.8535,False,NBS_LRR,88.203,0.7691,False,NBS_LRR,XP_019080779.1 probable disease resistance protein At4g27220 isoform X1 [Vitis vinifera],1.866,-0.112
XP_019080778.1,False,88.315,0.8022,False,NBS_LRR,90.181,0.8535,False,NBS_LRR,88.203,0.7691,False,NBS_LRR,XP_019080778.1 probable disease resistance protein At4g27220 isoform X1 [Vitis vinifera],1.866,-0.112
XP_019080783.1,False,88.315,0.8022,False,NBS_LRR,90.181,0.8535,False,NBS_LRR,88.203,0.7691,False,NBS_LRR,XP_019080783.1 probable disease resistance protein At4g27220 isoform X1 [Vitis vinifera],1.866,-0.112
XP_002281184.1,False,98.511,0.932,False,antimicrobial,97.283,0.9106,False,antimicrobial,98.398,0.9254,False,antimicrobial,XP_002281184.1 ARF guanine-nucleotide exchange factor GNL2 [Vitis vinifera],-1.228,-0.113
XP_059599289.1,False,95.89,0.9994,False,antimicrobial,95.816,1.0282,False,antimicrobial,95.777,0.9931,False,antimicrobial,XP_059599289.1 ABC transporter C family member 10-like isoform X1 [Vitis vinifera],-0.074,-0.113
XP_059599291.1,False,95.89,0.9994,False,antimicrobial,95.816,1.0282,False,antimicrobial,95.777,0.9931,False,antimicrobial,XP_059599291.1 ABC transporter C family member 10-like isoform X1 [Vitis vinifera],-0.074,-0.113
XP_010657509.1,False,98.895,0.8688,False,RLK_defense,98.563,0.8727,False,RLK_defense,98.782,0.8674,False,RLK_defense,XP_010657509.1 U-box domain-containing protein 43 isoform X2 [Vitis vinifera],-0.332,-0.113
XP_059599290.1,False,95.89,0.9994,False,antimicrobial,95.816,1.0282,False,antimicrobial,95.777,0.9931,False,antimicrobial,XP_059599290.1 ABC transporter C family member 10-like isoform X1 [Vitis vinifera],-0.074,-0.113
XP_059591148.1,False,98.878,0.8415,False,defense_signaling,97.945,0.8157,False,defense_signaling,98.765,0.8361,False,defense_signaling,XP_059591148.1 kinesin-like protein KIN-14F [Vitis vinifera],-0.933,-0.113
XP_059599288.1,False,95.89,0.9994,False,antimicrobial,95.816,1.0282,False,antimicrobial,95.777,0.9931,False,antimicrobial,XP_059599288.1 ABC transporter C family member 10-like isoform X1 [Vitis vinifera],-0.074,-0.113
XP_059595101.1,False,98.437,0.8275,False,defense_signaling,96.473,0.7819,False,defense_signaling,98.324,0.8221,False,defense_signaling,XP_059595101.1 E3 ubiquitin-protein ligase PRT6 isoform X3 [Vitis vinifera],-1.964,-0.113
XP_059590764.1,False,99.894,1.8485,True,NBS_LRR,98.371,1.5312,False,NBS_LRR,99.781,1.7558,True,NBS_LRR,XP_059590764.1 uncharacterized protein LOC132252623 [Vitis vinifera],-1.523,-0.113
XP_059590812.1,False,99.254,0.8613,True,defense_signaling,99.783,0.9027,True,defense_signaling,99.141,0.856,True,defense_signaling,XP_059590812.1 uncharacterized ATP-dependent helicase C29A10.10c isoform X2 [Vitis vinifera],0.529,-0.113
XP_002264021.3,False,98.489,1.1291,False,antimicrobial,98.319,1.1242,False,antimicrobial,98.376,1.1234,False,antimicrobial,XP_002264021.3 DExH-box ATP-dependent RNA helicase DExH1 isoform X1 [Vitis vinifera],-0.17,-0.113
XP_019075598.1,False,98.533,0.8299,False,defense_signaling,98.622,0.8355,False,defense_signaling,98.42,0.8246,False,defense_signaling,XP_019075598.1 protein GFS12 isoform X3 [Vitis vinifera],0.089,-0.113
NP_001290005.1,False,95.865,0.9913,False,antimicrobial,95.728,1.0269,False,antimicrobial,95.752,0.9849,False,antimicrobial,NP_001290005.1 ABC transporter C family member 10-like [Vitis vinifera],-0.137,-0.113
XP_002265955.1,False,98.481,0.8355,False,antimicrobial,98.213,0.8223,False,antimicrobial,98.368,0.8286,False,antimicrobial,XP_002265955.1 cellulose synthase A catalytic subunit 2 [UDP-forming] [Vitis vinifera],-0.268,-0.113
XP_019081351.1,False,95.89,0.9994,False,antimicrobial,95.816,1.0282,False,antimicrobial,95.777,0.9931,False,antimicrobial,XP_019081351.1 ABC transporter C family member 10-like isoform X1 [Vitis vinifera],-0.074,-0.113
XP_019081350.1,False,95.89,0.9994,False,antimicrobial,95.816,1.0282,False,antimicrobial,95.777,0.9931,False,antimicrobial,XP_019081350.1 ABC transporter C family member 10-like isoform X1 [Vitis vinifera],-0.074,-0.113
XP_010662590.1,False,95.89,0.9994,False,antimicrobial,95.816,1.0282,False,antimicrobial,95.777,0.9931,False,antimicrobial,XP_010662590.1 ABC transporter C family member 10-like isoform X1 [Vitis vinifera],-0.074,-0.113
XP_003634816.1,False,98.456,0.9595,False,antimicrobial,98.484,0.8895,False,antimicrobial,98.342,0.9531,False,antimicrobial,XP_003634816.1 protein FORGETTER 1 isoform X1 [Vitis vinifera],0.028,-0.114
XP_010654549.1,False,95.974,0.9281,False,antimicrobial,94.979,0.9862,False,antimicrobial,95.86,0.9216,False,antimicrobial,XP_010654549.1 ABC transporter C family member 8 isoform X2 [Vitis vinifera],-0.995,-0.114
XP_019072693.1,False,98.456,0.9595,False,antimicrobial,98.368,0.9475,False,antimicrobial,98.342,0.9531,False,antimicrobial,XP_019072693.1 protein FORGETTER 1 isoform X2 [Vitis vinifera],-0.088,-0.114
XP_010661522.1,False,98.843,0.8403,False,defense_signaling,99.555,0.8965,True,antimicrobial,98.728,1.0558,False,cell_death_HR,XP_010661522.1 endoribonuclease Dicer homolog 1 [Vitis vinifera],0.712,-0.115
XP_010654721.1,False,95.983,1.0325,False,antimicrobial,95.759,1.0272,False,antimicrobial,95.868,1.0264,False,antimicrobial,XP_010654721.1 pleiotropic drug resistance protein 1 [Vitis vinifera],-0.224,-0.115
XP_010665089.1,False,99.852,1.8283,True,NBS_LRR,99.727,1.7443,True,NBS_LRR,99.737,1.743,True,NBS_LRR,XP_010665089.1 disease resistance protein RPV1 [Vitis vinifera],-0.125,-0.115
XP_010648652.1,False,98.262,0.8222,False,defense_signaling,98.149,0.8203,False,defense_signaling,98.147,0.8168,False,defense_signaling,XP_010648652.1 cellulose synthase A catalytic subunit 1 [UDP-forming] [Vitis vinifera],-0.113,-0.115
XP_002277713.1,False,98.368,0.859,False,antimicrobial,98.112,0.8544,False,antimicrobial,98.253,0.8521,False,antimicrobial,XP_002277713.1 probable cellulose synthase A catalytic subunit 5 [UDP-forming] [Vitis vinifera],-0.256,-0.115
XP_010657515.1,False,98.304,0.8673,False,RLK_defense,98.189,0.8675,False,RLK_defense,98.189,0.8641,False,RLK_defense,XP_010657515.1 U-box domain-containing protein 43 isoform X3 [Vitis vinifera],-0.115,-0.115
XP_010656062.1,False,98.093,0.819,False,defense_signaling,98.57,0.8334,False,defense_signaling,97.977,0.8136,False,defense_signaling,XP_010656062.1 guanine nucleotide exchange factor SPIKE 1 isoform X3 [Vitis vinifera],0.477,-0.116
XP_010648962.1,False,98.157,0.9419,False,antimicrobial,97.851,0.9517,False,antimicrobial,98.041,0.9579,False,antimicrobial,XP_010648962.1 histidine kinase 4 isoform X2 [Vitis vinifera],-0.306,-0.116
XP_010659667.1,False,98.344,0.8245,False,defense_signaling,98.169,0.8209,False,defense_signaling,98.228,0.8191,False,defense_signaling,XP_010659667.1 kinesin-like protein KIN-14I [Vitis vinifera],-0.175,-0.116
XP_002279304.2,False,98.374,0.8805,False,antimicrobial,98.42,0.8708,False,cell_death_HR,98.256,0.8737,False,antimicrobial,XP_002279304.2 regulator of nonsense transcripts 1 homolog isoform X2 [Vitis vinifera],0.046,-0.118
NP_001288053.1,False,95.969,1.0319,False,antimicrobial,96.139,1.039,False,antimicrobial,95.851,1.0258,False,antimicrobial,NP_001288053.1 ABC transporter-like [Vitis vinifera],0.17,-0.118
XP_002277625.3,False,98.378,0.9797,False,antimicrobial,97.911,1.0257,False,antimicrobial,98.26,1.0474,False,antimicrobial,XP_002277625.3 DExH-box ATP-dependent RNA helicase DExH3 [Vitis vinifera],-0.467,-0.118
XP_002283298.2,False,96.889,1.1733,False,cell_death_HR,94.155,1.0525,False,cell_death_HR,96.771,1.1683,False,cell_death_HR,XP_002283298.2 callose synthase 3 [Vitis vinifera],-2.734,-0.118
XP_010655862.1,False,85.638,0.6507,False,defense_signaling,85.783,0.6503,False,defense_signaling,85.52,0.6467,False,defense_signaling,XP_010655862.1 lysine-specific demethylase JMJ18 isoform X2 [Vitis vinifera],0.145,-0.118
XP_059596281.1,False,85.638,0.6507,False,defense_signaling,85.783,0.6503,False,defense_signaling,85.52,0.6467,False,defense_signaling,XP_059596281.1 lysine-specific demethylase JMJ18 isoform X2 [Vitis vinifera],0.145,-0.118
XP_010664057.1,False,98.374,0.8805,False,antimicrobial,98.543,0.8578,False,cell_death_HR,98.256,0.8737,False,antimicrobial,XP_010664057.1 regulator of nonsense transcripts 1 homolog isoform X1 [Vitis vinifera],0.169,-0.118
XP_010654717.1,False,95.966,1.0319,False,antimicrobial,95.87,1.0294,False,antimicrobial,95.848,1.0257,False,antimicrobial,XP_010654717.1 pleiotropic drug resistance protein 1 [Vitis vinifera],-0.096,-0.118
XP_010645442.1,False,98.41,0.832,False,antimicrobial,98.166,0.8301,False,antimicrobial,98.292,0.8251,False,antimicrobial,XP_010645442.1 probable cellulose synthase A catalytic subunit 5 [UDP-forming] [Vitis vinifera],-0.244,-0.118
XP_010655863.1,False,85.638,0.6507,False,defense_signaling,85.783,0.6503,False,defense_signaling,85.52,0.6467,False,defense_signaling,XP_010655863.1 lysine-specific demethylase JMJ18 isoform X2 [Vitis vinifera],0.145,-0.118
XP_059596282.1,False,85.638,0.6507,False,defense_signaling,85.783,0.6503,False,defense_signaling,85.52,0.6467,False,defense_signaling,XP_059596282.1 lysine-specific demethylase JMJ18 isoform X2 [Vitis vinifera],0.145,-0.118
XP_010664964.3,False,97.18,1.0618,False,NBS_LRR,97.106,1.0101,False,NBS_LRR,97.061,1.0097,False,NBS_LRR,XP_010664964.3 probable LRR receptor-like serine/threonine-protein kinase At3g47570 [Vitis vinifera],-0.074,-0.119
XP_019077348.1,False,98.418,0.8899,False,antimicrobial,97.979,0.9153,False,antimicrobial,98.299,0.9042,False,antimicrobial,XP_019077348.1 condensin-1 complex subunit CAP-D2 [Vitis vinifera],-0.439,-0.119
XP_002285117.3,False,98.325,0.9319,False,antimicrobial,97.914,0.9473,False,antimicrobial,98.205,0.9579,False,antimicrobial,XP_002285117.3 histidine kinase 4 isoform X1 [Vitis vinifera],-0.411,-0.12
XP_019075175.1,False,98.325,0.9319,False,antimicrobial,97.914,0.9473,False,antimicrobial,98.205,0.9579,False,antimicrobial,XP_019075175.1 histidine kinase 4 isoform X1 [Vitis vinifera],-0.411,-0.12
XP_010650995.1,False,96.737,1.165,False,cell_death_HR,96.449,1.1524,False,cell_death_HR,96.616,1.1599,False,cell_death_HR,XP_010650995.1 probable RNA-dependent RNA polymerase 1 [Vitis vinifera],-0.288,-0.121
XP_010649570.1,False,96.633,1.1588,False,cell_death_HR,96.727,1.1678,False,cell_death_HR,96.51,1.1536,False,cell_death_HR,XP_010649570.1 phospholipase D zeta 1 [Vitis vinifera],0.094,-0.123
XP_019081814.1,False,93.702,1.0979,False,NBS_LRR,93.736,1.0682,False,NBS_LRR,93.579,1.0597,False,NBS_LRR,XP_019081814.1 receptor-like protein EIX2 isoform X1 [Vitis vinifera],0.034,-0.123
XP_019081813.1,False,93.702,1.0979,False,NBS_LRR,93.736,1.0682,False,NBS_LRR,93.579,1.0597,False,NBS_LRR,XP_019081813.1 receptor-like protein EIX2 isoform X1 [Vitis vinifera],0.034,-0.123
XP_059589652.1,False,93.702,1.0979,False,NBS_LRR,93.736,1.0682,False,NBS_LRR,93.579,1.0597,False,NBS_LRR,XP_059589652.1 receptor-like protein EIX2 isoform X1 [Vitis vinifera],0.034,-0.123
XP_019071875.2,False,99.429,1.3639,True,RLK_defense,99.348,1.3524,True,RLK_defense,99.304,1.3491,True,RLK_defense,XP_019071875.2 probable LRR receptor-like serine/threonine-protein kinase At3g47570 [Vitis vinifera],-0.081,-0.125
XP_002280453.2,False,93.133,0.8827,False,antimicrobial,92.629,0.9242,False,antimicrobial,93.008,0.9055,False,antimicrobial,XP_002280453.2 putative ABC transporter B family member 8 [Vitis vinifera],-0.504,-0.125
XP_010661979.1,False,94.698,0.9937,False,antimicrobial,94.668,0.9956,False,antimicrobial,94.572,0.9904,False,antimicrobial,"XP_010661979.1 calcium-transporting ATPase, endoplasmic reticulum-type [Vitis vinifera]",-0.03,-0.126
XP_010654053.1,False,95.723,1.0268,False,antimicrobial,96.286,1.0434,False,antimicrobial,95.597,1.0206,False,antimicrobial,XP_010654053.1 pleiotropic drug resistance protein 2 [Vitis vinifera],0.563,-0.126
XP_002264585.2,False,94.698,0.9937,False,antimicrobial,94.668,0.9956,False,antimicrobial,94.572,0.9904,False,antimicrobial,"XP_002264585.2 calcium-transporting ATPase, endoplasmic reticulum-type [Vitis vinifera]",-0.03,-0.126
XP_059595098.1,False,98.07,0.8184,False,defense_signaling,94.446,0.7509,False,defense_signaling,97.943,0.813,False,defense_signaling,XP_059595098.1 E3 ubiquitin-protein ligase PRT6 isoform X1 [Vitis vinifera],-3.624,-0.127
XP_059595100.1,False,98.07,0.8184,False,defense_signaling,95.102,0.7612,False,defense_signaling,97.943,0.813,False,defense_signaling,XP_059595100.1 E3 ubiquitin-protein ligase PRT6 isoform X2 [Vitis vinifera],-2.968,-0.127
XP_059595099.1,False,98.07,0.8184,False,defense_signaling,94.446,0.7509,False,defense_signaling,97.943,0.813,False,defense_signaling,XP_059595099.1 E3 ubiquitin-protein ligase PRT6 isoform X1 [Vitis vinifera],-3.624,-0.127
XP_010664968.2,False,99.217,1.3194,True,RLK_defense,99.126,1.3078,True,RLK_defense,99.089,1.3063,True,RLK_defense,XP_010664968.2 probable LRR receptor-like serine/threonine-protein kinase At3g47570 [Vitis vinifera],-0.091,-0.128
XP_059591278.1,False,98.075,0.8185,False,defense_signaling,90.867,0.7036,False,defense_signaling,97.947,1.0862,False,cell_death_HR,XP_059591278.1 E3 ubiquitin-protein ligase UPL1 [Vitis vinifera],-7.208,-0.128
XP_059597437.1,False,99.606,1.8066,True,NBS_LRR,99.35,1.6998,True,NBS_LRR,99.476,1.7189,True,NBS_LRR,XP_059597437.1 putative disease resistance RPP13-like protein 1 isoform X2 [Vitis vinifera],-0.256,-0.13
XP_019072648.1,False,94.17,0.944,False,antimicrobial,96.525,1.0496,False,antimicrobial,94.039,0.9391,False,antimicrobial,XP_019072648.1 ABC transporter C family member 3 isoform X2 [Vitis vinifera],2.355,-0.131
XP_010656059.1,False,98.03,0.8173,False,defense_signaling,98.513,0.8321,False,defense_signaling,97.895,0.8119,False,defense_signaling,XP_010656059.1 guanine nucleotide exchange factor SPIKE 1 isoform X1 [Vitis vinifera],0.483,-0.135
XP_010656060.1,False,98.03,0.8173,False,defense_signaling,98.513,0.8321,False,defense_signaling,97.895,0.8119,False,defense_signaling,XP_010656060.1 guanine nucleotide exchange factor SPIKE 1 isoform X1 [Vitis vinifera],0.483,-0.135
XP_010656061.1,False,98.03,0.8173,False,defense_signaling,98.486,0.8311,False,defense_signaling,97.895,0.8119,False,defense_signaling,XP_010656061.1 guanine nucleotide exchange factor SPIKE 1 isoform X2 [Vitis vinifera],0.456,-0.135
XP_059596523.1,False,98.03,0.8173,False,defense_signaling,98.513,0.8321,False,defense_signaling,97.895,0.8119,False,defense_signaling,XP_059596523.1 guanine nucleotide exchange factor SPIKE 1 isoform X1 [Vitis vinifera],0.483,-0.135
XP_002265970.1,False,98.814,1.714,False,NBS_LRR,98.765,1.6219,False,NBS_LRR,98.678,1.6051,False,NBS_LRR,XP_002265970.1 putative disease resistance protein RGA4 isoform X1 [Vitis vinifera],-0.049,-0.136
XP_059592510.1,False,97.952,0.8147,False,defense_signaling,96.271,0.7787,False,defense_signaling,97.815,0.8092,False,defense_signaling,XP_059592510.1 protein TONSOKU isoform X2 [Vitis vinifera],-1.681,-0.137
XP_059595731.1,False,95.474,1.0189,False,antimicrobial,95.356,1.0174,False,antimicrobial,95.337,1.0131,False,antimicrobial,"XP_059595731.1 calcium-transporting ATPase 9, plasma membrane-type isoform X3 [Vitis vinifera]",-0.118,-0.137
XP_010656926.1,False,97.669,1.1097,False,NBS_LRR,97.534,1.0826,False,RLK_defense,97.532,1.0883,False,RLK_defense,XP_010656926.1 probable LRR receptor-like serine/threonine-protein kinase At3g47570 [Vitis vinifera],-0.135,-0.137
XP_010649878.1,False,97.96,0.8149,False,defense_signaling,97.896,0.8145,False,defense_signaling,97.822,0.8095,False,defense_signaling,XP_010649878.1 probable ATP-dependent DNA helicase CHR12 [Vitis vinifera],-0.064,-0.138
XP_059589757.1,False,97.925,0.8136,False,defense_signaling,92.629,0.998,False,cell_death_HR,97.785,1.129,False,cell_death_HR,XP_059589757.1 uncharacterized protein LOC100256945 isoform X5 [Vitis vinifera],-5.296,-0.14
XP_002276609.1,False,97.979,0.8155,False,defense_signaling,97.487,0.8031,False,defense_signaling,97.839,0.8251,False,antimicrobial,XP_002276609.1 putative white-brown complex homolog protein 30 [Vitis vinifera],-0.492,-0.14
XP_019079091.2,False,98.235,1.5859,False,NBS_LRR,98.078,1.4868,False,NBS_LRR,98.095,1.4705,False,NBS_LRR,XP_019079091.2 putative disease resistance RPP13-like protein 1 [Vitis vinifera],-0.157,-0.14
XP_010652838.1,False,92.944,0.7439,False,RLK_defense,89.082,0.7573,False,antimicrobial,92.801,0.8234,False,antimicrobial,XP_010652838.1 protein CELLULOSE SYNTHASE INTERACTIVE 1 [Vitis vinifera],-3.862,-0.143
XP_010664533.1,False,99.212,1.3172,True,RLK_defense,99.114,1.3059,True,RLK_defense,99.067,1.3028,True,RLK_defense,XP_010664533.1 probable LRR receptor-like serine/threonine-protein kinase At3g47570 [Vitis vinifera],-0.098,-0.145
NP_001267857.1,False,97.883,0.8129,False,defense_signaling,97.554,0.8043,False,defense_signaling,97.736,0.8075,False,defense_signaling,NP_001267857.1 sucrose-phosphate synthase 1 [Vitis vinifera],-0.329,-0.147
XP_002267284.3,False,97.861,0.8123,False,defense_signaling,99.788,0.9039,True,defense_signaling,97.714,1.063,False,cell_death_HR,XP_002267284.3 DNA (cytosine-5)-methyltransferase 1 isoform X1 [Vitis vinifera],1.927,-0.147
NP_001268078.1,False,95.449,1.0178,False,antimicrobial,96.345,1.0446,False,antimicrobial,95.302,1.0116,False,antimicrobial,NP_001268078.1 magnesium chelatase H subunit [Vitis vinifera],0.896,-0.147
XP_019078951.2,False,97.241,1.4725,False,NBS_LRR,97.069,1.3575,False,NBS_LRR,97.091,1.353,False,NBS_LRR,XP_019078951.2 putative disease resistance protein At3g14460 [Vitis vinifera],-0.172,-0.15
XP_003631743.1,False,92.257,1.0043,False,NBS_LRR,92.088,0.9675,False,NBS_LRR,92.105,0.9689,False,NBS_LRR,XP_003631743.1 receptor-like protein 33 [Vitis vinifera],-0.169,-0.152
XP_002263641.2,False,96.035,1.1295,False,cell_death_HR,93.599,1.031,False,cell_death_HR,95.88,1.1241,False,cell_death_HR,XP_002263641.2 uncharacterized protein LOC100248747 [Vitis vinifera],-2.436,-0.155
XP_059594471.1,False,97.784,0.8097,False,defense_signaling,95.506,0.7665,False,defense_signaling,97.624,0.8043,False,defense_signaling,XP_059594471.1 calmodulin-binding transcription activator 3 isoform X1 [Vitis vinifera],-2.278,-0.16
XP_059597972.1,False,98.322,1.6072,False,NBS_LRR,97.893,1.4639,False,NBS_LRR,98.162,1.4848,False,NBS_LRR,XP_059597972.1 putative disease resistance RPP13-like protein 1 [Vitis vinifera],-0.429,-0.16
XP_059594474.1,False,97.784,0.8097,False,defense_signaling,95.408,0.7646,False,defense_signaling,97.624,0.8043,False,defense_signaling,XP_059594474.1 calmodulin-binding transcription activator 3 isoform X3 [Vitis vinifera],-2.376,-0.16
XP_010651917.2,False,95.292,1.013,False,antimicrobial,96.49,1.0492,False,antimicrobial,95.132,1.0068,False,antimicrobial,XP_010651917.2 pleiotropic drug resistance protein 2 [Vitis vinifera],1.198,-0.16
XP_059591057.1,False,98.718,1.6917,False,NBS_LRR,98.624,1.5909,False,NBS_LRR,98.558,1.574,False,NBS_LRR,XP_059591057.1 probable disease resistance protein At4g27220 [Vitis vinifera],-0.094,-0.16
XP_010644437.1,False,98.718,1.6917,False,NBS_LRR,98.624,1.5909,False,NBS_LRR,98.558,1.574,False,NBS_LRR,XP_010644437.1 probable disease resistance protein At4g27220 [Vitis vinifera],-0.094,-0.16
XP_010644436.1,False,98.718,1.6917,False,NBS_LRR,98.624,1.5909,False,NBS_LRR,98.558,1.574,False,NBS_LRR,XP_010644436.1 probable disease resistance protein At4g27220 [Vitis vinifera],-0.094,-0.16
XP_002277306.1,False,95.313,1.0142,False,antimicrobial,95.18,1.0116,False,antimicrobial,95.153,1.008,False,antimicrobial,"XP_002277306.1 calcium-transporting ATPase 4, endoplasmic reticulum-type [Vitis vinifera]",-0.133,-0.16
XP_019077314.1,False,95.313,1.0142,False,antimicrobial,95.18,1.0116,False,antimicrobial,95.153,1.008,False,antimicrobial,"XP_019077314.1 calcium-transporting ATPase 4, endoplasmic reticulum-type [Vitis vinifera]",-0.133,-0.16
XP_059597445.1,False,95.378,1.0155,False,antimicrobial,95.942,1.0328,False,antimicrobial,95.218,1.0093,False,antimicrobial,XP_059597445.1 pleiotropic drug resistance protein 2 [Vitis vinifera],0.564,-0.16
XP_059589756.1,False,97.792,0.81,False,defense_signaling,92.545,0.9948,False,cell_death_HR,97.632,1.129,False,cell_death_HR,XP_059589756.1 uncharacterized protein LOC100256945 isoform X4 [Vitis vinifera],-5.247,-0.16
XP_002276890.2,False,97.709,0.9125,False,antimicrobial,97.431,0.9079,False,antimicrobial,97.546,0.9059,False,antimicrobial,XP_002276890.2 cellulose synthase A catalytic subunit 7 [UDP-forming] [Vitis vinifera],-0.278,-0.163
XP_019071780.1,False,99.393,1.7801,True,NBS_LRR,98.638,1.5968,False,NBS_LRR,99.228,1.681,True,NBS_LRR,XP_019071780.1 disease resistance protein RUN1 [Vitis vinifera],-0.755,-0.165
XP_019078803.1,False,92.016,0.7255,False,RLK_defense,89.892,0.6827,False,RLK_defense,91.851,0.7157,False,RLK_defense,XP_019078803.1 putative pentatricopeptide repeat-containing protein At5g09950 [Vitis vinifera],-2.124,-0.165
XP_010665187.1,False,99.393,1.7801,True,NBS_LRR,98.638,1.5968,False,NBS_LRR,99.228,1.681,True,NBS_LRR,XP_010665187.1 disease resistance protein RUN1 [Vitis vinifera],-0.755,-0.165
XP_019072649.2,False,93.114,0.9069,False,antimicrobial,95.907,1.0312,False,antimicrobial,92.949,0.9397,False,antimicrobial,XP_019072649.2 ABC transporter C family member 3-like [Vitis vinifera],2.793,-0.165
XP_059594472.1,False,97.695,0.8074,False,defense_signaling,95.373,0.7645,False,defense_signaling,97.528,0.8019,False,defense_signaling,XP_059594472.1 calmodulin-binding transcription activator 3 isoform X2 [Vitis vinifera],-2.322,-0.167
XP_059594475.1,False,97.695,0.8074,False,defense_signaling,94.839,0.7569,False,defense_signaling,97.528,0.8019,False,defense_signaling,XP_059594475.1 calmodulin-binding transcription activator 3 isoform X4 [Vitis vinifera],-2.856,-0.167
XP_002263673.2,False,90.761,0.7895,False,NBS_LRR,88.219,0.7302,False,NBS_LRR,90.594,0.7372,False,NBS_LRR,"XP_002263673.2 pentatricopeptide repeat-containing protein At4g14050, mitochondrial [Vitis vinifera]",-2.542,-0.167
XP_003632806.1,False,97.69,0.8074,False,defense_signaling,97.533,0.8037,False,defense_signaling,97.523,0.8019,False,defense_signaling,XP_003632806.1 uncharacterized protein LOC100261821 [Vitis vinifera],-0.157,-0.167
XP_059589755.1,False,97.701,0.8075,False,defense_signaling,92.654,0.9986,False,cell_death_HR,97.534,1.129,False,cell_death_HR,XP_059589755.1 uncharacterized protein LOC100256945 isoform X3 [Vitis vinifera],-5.047,-0.167
XP_010651209.1,False,97.647,0.8065,False,defense_signaling,96.823,0.8093,False,antimicrobial,97.48,0.8385,False,antimicrobial,XP_010651209.1 ABC transporter G family member 28 [Vitis vinifera],-0.824,-0.167
XP_059598660.1,False,96.49,1.3386,False,NBS_LRR,96.244,1.2558,False,NBS_LRR,96.323,1.2557,False,NBS_LRR,XP_059598660.1 disease resistance protein At4g27190 [Vitis vinifera],-0.246,-0.167
XP_059595739.1,False,92.73,1.0338,False,NBS_LRR,92.7,1.0021,False,NBS_LRR,92.563,0.9982,False,NBS_LRR,XP_059595739.1 receptor-like protein EIX1 [Vitis vinifera],-0.03,-0.167
XP_059595518.1,False,97.69,0.8074,False,defense_signaling,97.533,0.8037,False,defense_signaling,97.523,0.8019,False,defense_signaling,XP_059595518.1 uncharacterized protein LOC100261821 [Vitis vinifera],-0.157,-0.167
XP_010662132.1,False,97.561,0.8049,False,defense_signaling,96.906,0.791,False,defense_signaling,97.394,0.7994,False,defense_signaling,XP_010662132.1 serine/threonine-protein kinase TIO [Vitis vinifera],-0.655,-0.167
XP_010665418.1,False,99.471,1.7868,True,NBS_LRR,99.508,1.7282,True,NBS_LRR,99.304,1.6961,True,NBS_LRR,XP_010665418.1 disease resistance protein RUN1 [Vitis vinifera],0.037,-0.167
XP_010645860.1,False,98.554,1.6437,False,NBS_LRR,98.968,1.6438,False,NBS_LRR,98.384,1.5489,False,NBS_LRR,XP_010645860.1 disease resistance protein RUN1 [Vitis vinifera],0.414,-0.17
XP_002284885.1,False,95.127,1.0071,False,antimicrobial,95.548,1.0229,False,antimicrobial,94.957,1.0009,False,antimicrobial,XP_002284885.1 ABC transporter G family member 32 [Vitis vinifera],0.421,-0.17
XP_010645861.1,False,98.554,1.6437,False,NBS_LRR,98.968,1.6438,False,NBS_LRR,98.384,1.5489,False,NBS_LRR,XP_010645861.1 disease resistance protein RUN1 [Vitis vinifera],0.414,-0.17
XP_010654625.2,False,95.189,1.0091,False,antimicrobial,96.633,1.0529,False,antimicrobial,95.019,1.0028,False,antimicrobial,XP_010654625.2 ABC transporter G family member 29 [Vitis vinifera],1.444,-0.17
XP_002265473.1,False,97.593,0.8053,False,defense_signaling,97.428,0.8017,False,defense_signaling,97.423,0.7998,False,defense_signaling,XP_002265473.1 probable sucrose-phosphate synthase 1 [Vitis vinifera],-0.165,-0.17
XP_010651721.1,False,95.171,1.0085,False,antimicrobial,96.222,1.0421,False,antimicrobial,95.001,1.0023,False,antimicrobial,XP_010651721.1 pleiotropic drug resistance protein 2 [Vitis vinifera],1.051,-0.17
XP_010658728.1,False,95.075,1.0046,False,antimicrobial,95.531,1.0224,False,antimicrobial,94.903,0.9983,False,antimicrobial,XP_010658728.1 pleiotropic drug resistance protein 2 [Vitis vinifera],0.456,-0.172
XP_010645658.2,False,96.967,1.4227,False,NBS_LRR,97.685,1.4479,False,NBS_LRR,96.792,1.3138,False,NBS_LRR,XP_010645658.2 putative disease resistance RPP13-like protein 1 [Vitis vinifera],0.718,-0.175
XP_059597752.1,False,96.967,1.4227,False,NBS_LRR,97.685,1.4479,False,NBS_LRR,96.792,1.3138,False,NBS_LRR,XP_059597752.1 putative disease resistance RPP13-like protein 1 [Vitis vinifera],0.718,-0.175
XP_059597436.1,False,98.789,1.7107,False,NBS_LRR,98.605,1.5857,False,NBS_LRR,98.614,1.5923,False,NBS_LRR,XP_059597436.1 putative disease resistance RPP13-like protein 1 isoform X1 [Vitis vinifera],-0.184,-0.175
XP_010645657.2,False,96.967,1.4227,False,NBS_LRR,97.685,1.4479,False,NBS_LRR,96.792,1.3138,False,NBS_LRR,XP_010645657.2 putative disease resistance RPP13-like protein 1 [Vitis vinifera],0.718,-0.175
XP_019079676.1,False,98.789,1.7107,False,NBS_LRR,98.605,1.5857,False,NBS_LRR,98.614,1.5923,False,NBS_LRR,XP_019079676.1 putative disease resistance RPP13-like protein 1 isoform X1 [Vitis vinifera],-0.184,-0.175
XP_059597754.1,False,96.967,1.4227,False,NBS_LRR,97.685,1.4479,False,NBS_LRR,96.792,1.3138,False,NBS_LRR,XP_059597754.1 putative disease resistance RPP13-like protein 1 [Vitis vinifera],0.718,-0.175
XP_019079677.1,False,98.789,1.7107,False,NBS_LRR,98.605,1.5857,False,NBS_LRR,98.614,1.5923,False,NBS_LRR,XP_019079677.1 putative disease resistance RPP13-like protein 1 isoform X1 [Vitis vinifera],-0.184,-0.175
XP_059597753.1,False,96.967,1.4227,False,NBS_LRR,97.685,1.4479,False,NBS_LRR,96.792,1.3138,False,NBS_LRR,XP_059597753.1 putative disease resistance RPP13-like protein 1 [Vitis vinifera],0.718,-0.175
XP_019072849.2,False,99.216,1.7643,True,NBS_LRR,99.214,1.6729,True,NBS_LRR,99.041,1.6576,True,NBS_LRR,XP_019072849.2 putative disease resistance protein RGA1 [Vitis vinifera],-0.002,-0.175
XP_010658730.1,False,95.053,1.004,False,antimicrobial,95.688,1.026,False,antimicrobial,94.878,0.9977,False,antimicrobial,XP_010658730.1 pleiotropic drug resistance protein 2 [Vitis vinifera],0.635,-0.175
XP_059597751.1,False,96.967,1.4227,False,NBS_LRR,97.685,1.4479,False,NBS_LRR,96.792,1.3138,False,NBS_LRR,XP_059597751.1 putative disease resistance RPP13-like protein 1 [Vitis vinifera],0.718,-0.175
XP_002278590.1,False,97.785,1.1606,False,NBS_LRR,97.632,1.1151,False,NBS_LRR,97.61,1.1152,False,NBS_LRR,XP_002278590.1 MDIS1-interacting receptor like kinase 2 [Vitis vinifera],-0.153,-0.175
XP_019072848.2,False,99.216,1.7643,True,NBS_LRR,99.214,1.6729,True,NBS_LRR,99.041,1.6576,True,NBS_LRR,XP_019072848.2 putative disease resistance protein RGA1 [Vitis vinifera],-0.002,-0.175
XP_019072847.2,False,99.216,1.7643,True,NBS_LRR,99.214,1.6729,True,NBS_LRR,99.041,1.6576,True,NBS_LRR,XP_019072847.2 putative disease resistance protein RGA1 [Vitis vinifera],-0.002,-0.175
XP_059591181.1,False,99.216,1.7643,True,NBS_LRR,99.214,1.6729,True,NBS_LRR,99.041,1.6576,True,NBS_LRR,XP_059591181.1 putative disease resistance protein RGA1 [Vitis vinifera],-0.002,-0.175
XP_019079678.1,False,98.789,1.7107,False,NBS_LRR,98.605,1.5857,False,NBS_LRR,98.614,1.5923,False,NBS_LRR,XP_019079678.1 putative disease resistance RPP13-like protein 1 isoform X1 [Vitis vinifera],-0.184,-0.175
XP_019079679.1,False,98.789,1.7107,False,NBS_LRR,98.605,1.5857,False,NBS_LRR,98.614,1.5923,False,NBS_LRR,XP_019079679.1 putative disease resistance RPP13-like protein 1 isoform X1 [Vitis vinifera],-0.184,-0.175
XP_059589753.1,False,97.513,0.8034,False,defense_signaling,92.481,0.9923,False,cell_death_HR,97.336,1.129,False,cell_death_HR,XP_059589753.1 uncharacterized protein LOC100256945 isoform X1 [Vitis vinifera],-5.032,-0.177
XP_059589754.1,False,97.513,0.8034,False,defense_signaling,92.614,0.9971,False,cell_death_HR,97.336,1.129,False,cell_death_HR,XP_059589754.1 uncharacterized protein LOC100256945 isoform X2 [Vitis vinifera],-4.899,-0.177
XP_002267416.1,False,95.006,1.0028,False,antimicrobial,94.807,0.9992,False,antimicrobial,94.829,0.9966,False,antimicrobial,XP_002267416.1 protein STABILIZED1 [Vitis vinifera],-0.199,-0.177
XP_010653852.1,False,92.853,0.7981,False,antimicrobial,94.111,0.8171,False,antimicrobial,92.676,0.7944,False,antimicrobial,XP_010653852.1 pre-mRNA-splicing factor prp12 isoform X2 [Vitis vinifera],1.258,-0.177
XP_010657450.1,False,96.828,0.7889,False,defense_signaling,98.55,0.8574,False,RLK_defense,96.65,0.9584,False,antimicrobial,XP_010657450.1 histidine kinase 2 [Vitis vinifera],1.722,-0.178
XP_002269977.2,False,96.828,0.7889,False,defense_signaling,98.55,0.8574,False,RLK_defense,96.65,0.9584,False,antimicrobial,XP_002269977.2 histidine kinase 2 [Vitis vinifera],1.722,-0.178
XP_010657451.1,False,96.828,0.7889,False,defense_signaling,98.55,0.8574,False,RLK_defense,96.65,0.9584,False,antimicrobial,XP_010657451.1 histidine kinase 2 [Vitis vinifera],1.722,-0.178
XP_002279696.1,False,95.422,1.0986,False,cell_death_HR,77.764,0.6672,False,cell_death_HR,95.243,1.093,False,cell_death_HR,XP_002279696.1 brefeldin A-inhibited guanine nucleotide-exchange protein 2 [Vitis vinifera],-17.658,-0.179
XP_059591601.1,False,98.558,1.6445,False,NBS_LRR,98.442,1.5628,False,NBS_LRR,98.376,1.5442,False,NBS_LRR,XP_059591601.1 putative disease resistance protein RGA4 [Vitis vinifera],-0.116,-0.182
XP_002273521.1,False,97.458,0.8788,False,antimicrobial,97.308,0.8707,False,antimicrobial,97.276,0.872,False,antimicrobial,XP_002273521.1 cellulose synthase A catalytic subunit 4 [UDP-forming] [Vitis vinifera],-0.15,-0.182
XP_019079801.1,False,98.779,1.7075,False,NBS_LRR,98.617,1.5907,False,NBS_LRR,98.597,1.588,False,NBS_LRR,XP_019079801.1 putative disease resistance RPP13-like protein 1 [Vitis vinifera],-0.162,-0.182
XP_059597377.1,False,98.336,1.6093,False,NBS_LRR,98.125,1.4919,False,NBS_LRR,98.149,1.4821,False,NBS_LRR,XP_059597377.1 putative disease resistance RPP13-like protein 1 [Vitis vinifera],-0.211,-0.187
XP_059597379.1,False,98.336,1.6093,False,NBS_LRR,98.125,1.4919,False,NBS_LRR,98.149,1.4821,False,NBS_LRR,XP_059597379.1 putative disease resistance RPP13-like protein 1 [Vitis vinifera],-0.211,-0.187
XP_059597380.1,False,98.336,1.6093,False,NBS_LRR,98.125,1.4919,False,NBS_LRR,98.149,1.4821,False,NBS_LRR,XP_059597380.1 putative disease resistance RPP13-like protein 1 [Vitis vinifera],-0.211,-0.187
XP_059597375.1,False,98.336,1.6093,False,NBS_LRR,98.125,1.4919,False,NBS_LRR,98.149,1.4821,False,NBS_LRR,XP_059597375.1 putative disease resistance RPP13-like protein 1 [Vitis vinifera],-0.211,-0.187
XP_059597378.1,False,98.336,1.6093,False,NBS_LRR,98.125,1.4919,False,NBS_LRR,98.149,1.4821,False,NBS_LRR,XP_059597378.1 putative disease resistance RPP13-like protein 1 [Vitis vinifera],-0.211,-0.187
XP_059597376.1,False,98.336,1.6093,False,NBS_LRR,98.125,1.4919,False,NBS_LRR,98.149,1.4821,False,NBS_LRR,XP_059597376.1 putative disease resistance RPP13-like protein 1 [Vitis vinifera],-0.211,-0.187
XP_059597374.1,False,98.336,1.6093,False,NBS_LRR,98.125,1.4919,False,NBS_LRR,98.149,1.4821,False,NBS_LRR,XP_059597374.1 putative disease resistance RPP13-like protein 1 [Vitis vinifera],-0.211,-0.187
XP_059591186.1,False,99.193,1.758,True,NBS_LRR,99.05,1.6591,True,NBS_LRR,99.003,1.6521,True,NBS_LRR,XP_059591186.1 putative disease resistance protein RGA1 [Vitis vinifera],-0.143,-0.19
XP_059591182.1,False,99.193,1.758,True,NBS_LRR,99.05,1.6591,True,NBS_LRR,99.003,1.6521,True,NBS_LRR,XP_059591182.1 putative disease resistance protein RGA1 [Vitis vinifera],-0.143,-0.19
XP_059591183.1,False,99.193,1.758,True,NBS_LRR,99.05,1.6591,True,NBS_LRR,99.003,1.6521,True,NBS_LRR,XP_059591183.1 putative disease resistance protein RGA1 [Vitis vinifera],-0.143,-0.19
XP_059591184.1,False,99.193,1.758,True,NBS_LRR,99.05,1.6591,True,NBS_LRR,99.003,1.6521,True,NBS_LRR,XP_059591184.1 putative disease resistance protein RGA1 [Vitis vinifera],-0.143,-0.19
XP_059591185.1,False,99.193,1.758,True,NBS_LRR,99.05,1.6591,True,NBS_LRR,99.003,1.6521,True,NBS_LRR,XP_059591185.1 putative disease resistance protein RGA1 [Vitis vinifera],-0.143,-0.19
XP_019075575.1,False,94.794,1.0727,False,cell_death_HR,93.943,1.0452,False,cell_death_HR,94.602,1.0669,False,cell_death_HR,XP_019075575.1 type I inositol polyphosphate 5-phosphatase 12 isoform X3 [Vitis vinifera],-0.851,-0.192
XP_019082224.1,False,97.859,1.1411,False,NBS_LRR,97.657,1.111,False,RLK_defense,97.667,1.1153,False,RLK_defense,XP_019082224.1 MDIS1-interacting receptor like kinase 2 [Vitis vinifera],-0.202,-0.192
XP_010650745.1,False,94.794,1.0727,False,cell_death_HR,94.123,1.0516,False,cell_death_HR,94.602,1.0669,False,cell_death_HR,XP_010650745.1 type I inositol polyphosphate 5-phosphatase 12 isoform X1 [Vitis vinifera],-0.671,-0.192
XP_059597413.1,False,97.157,1.4512,False,NBS_LRR,97.157,1.3809,False,NBS_LRR,96.963,1.3365,False,NBS_LRR,XP_059597413.1 putative disease resistance RPP13-like protein 1 [Vitis vinifera],0.0,-0.194
XP_059597414.1,False,97.157,1.4512,False,NBS_LRR,97.157,1.3809,False,NBS_LRR,96.963,1.3365,False,NBS_LRR,XP_059597414.1 putative disease resistance RPP13-like protein 1 [Vitis vinifera],0.0,-0.194
XP_010659069.1,False,97.157,1.4512,False,NBS_LRR,97.157,1.3809,False,NBS_LRR,96.963,1.3365,False,NBS_LRR,XP_010659069.1 putative disease resistance RPP13-like protein 1 [Vitis vinifera],0.0,-0.194
XP_019079531.1,False,98.418,1.6274,False,NBS_LRR,98.181,1.5035,False,NBS_LRR,98.221,1.5025,False,NBS_LRR,XP_019079531.1 putative disease resistance protein RGA1 [Vitis vinifera],-0.237,-0.197
XP_019072625.1,False,19.045,-0.5949,False,cell_death_HR,20.52,-0.5442,False,cell_death_HR,18.844,-0.6036,False,cell_death_HR,XP_019072625.1 myosin-2 [Vitis vinifera],1.475,-0.201
XP_002281748.1,False,19.045,-0.5949,False,cell_death_HR,20.52,-0.5442,False,cell_death_HR,18.844,-0.6036,False,cell_death_HR,XP_002281748.1 myosin-2 [Vitis vinifera],1.475,-0.201
XP_059597036.1,False,99.561,1.8031,True,NBS_LRR,99.577,1.7352,True,NBS_LRR,99.359,1.7026,True,NBS_LRR,XP_059597036.1 disease resistance protein RGA2 isoform X1 [Vitis vinifera],0.016,-0.202
XP_059597031.1,False,99.561,1.8031,True,NBS_LRR,99.577,1.7352,True,NBS_LRR,99.359,1.7026,True,NBS_LRR,XP_059597031.1 disease resistance protein RGA2 isoform X1 [Vitis vinifera],0.016,-0.202
XP_059592973.1,False,35.302,0.0422,False,defense_signaling,35.295,0.0415,False,defense_signaling,35.1,0.038,False,defense_signaling,XP_059592973.1 ubiquitin carboxyl-terminal hydrolase 2 isoform X1 [Vitis vinifera],-0.007,-0.202
XP_059597024.1,False,99.561,1.8031,True,NBS_LRR,99.577,1.7352,True,NBS_LRR,99.359,1.7026,True,NBS_LRR,XP_059597024.1 disease resistance protein RGA2 isoform X1 [Vitis vinifera],0.016,-0.202
XP_059597025.1,False,99.561,1.8031,True,NBS_LRR,99.577,1.7352,True,NBS_LRR,99.359,1.7026,True,NBS_LRR,XP_059597025.1 disease resistance protein RGA2 isoform X1 [Vitis vinifera],0.016,-0.202
XP_059597026.1,False,99.561,1.8031,True,NBS_LRR,99.577,1.7352,True,NBS_LRR,99.359,1.7026,True,NBS_LRR,XP_059597026.1 disease resistance protein RGA2 isoform X1 [Vitis vinifera],0.016,-0.202
XP_059597027.1,False,99.561,1.8031,True,NBS_LRR,99.577,1.7352,True,NBS_LRR,99.359,1.7026,True,NBS_LRR,XP_059597027.1 disease resistance protein RGA2 isoform X1 [Vitis vinifera],0.016,-0.202
XP_059597028.1,False,99.561,1.8031,True,NBS_LRR,99.577,1.7352,True,NBS_LRR,99.359,1.7026,True,NBS_LRR,XP_059597028.1 disease resistance protein RGA2 isoform X1 [Vitis vinifera],0.016,-0.202
XP_059597029.1,False,99.561,1.8031,True,NBS_LRR,99.577,1.7352,True,NBS_LRR,99.359,1.7026,True,NBS_LRR,XP_059597029.1 disease resistance protein RGA2 isoform X1 [Vitis vinifera],0.016,-0.202
XP_059597030.1,False,99.561,1.8031,True,NBS_LRR,99.577,1.7352,True,NBS_LRR,99.359,1.7026,True,NBS_LRR,XP_059597030.1 disease resistance protein RGA2 isoform X1 [Vitis vinifera],0.016,-0.202
XP_059597032.1,False,99.561,1.8031,True,NBS_LRR,99.577,1.7352,True,NBS_LRR,99.359,1.7026,True,NBS_LRR,XP_059597032.1 disease resistance protein RGA2 isoform X1 [Vitis vinifera],0.016,-0.202
XP_059597033.1,False,99.561,1.8031,True,NBS_LRR,99.577,1.7352,True,NBS_LRR,99.359,1.7026,True,NBS_LRR,XP_059597033.1 disease resistance protein RGA2 isoform X1 [Vitis vinifera],0.016,-0.202
XP_059597034.1,False,99.561,1.8031,True,NBS_LRR,99.577,1.7352,True,NBS_LRR,99.359,1.7026,True,NBS_LRR,XP_059597034.1 disease resistance protein RGA2 isoform X1 [Vitis vinifera],0.016,-0.202
XP_059597035.1,False,99.561,1.8031,True,NBS_LRR,99.577,1.7352,True,NBS_LRR,99.359,1.7026,True,NBS_LRR,XP_059597035.1 disease resistance protein RGA2 isoform X1 [Vitis vinifera],0.016,-0.202
XP_059597037.1,False,99.561,1.8031,True,NBS_LRR,99.577,1.7352,True,NBS_LRR,99.359,1.7026,True,NBS_LRR,XP_059597037.1 disease resistance protein RGA2 isoform X1 [Vitis vinifera],0.016,-0.202
XP_002276092.2,False,94.335,1.0579,False,cell_death_HR,94.248,1.0563,False,cell_death_HR,94.133,1.052,False,cell_death_HR,XP_002276092.2 probable alpha-mannosidase At5g13980 isoform X3 [Vitis vinifera],-0.087,-0.202
XP_059597038.1,False,99.561,1.8031,True,NBS_LRR,99.577,1.7352,True,NBS_LRR,99.359,1.7026,True,NBS_LRR,XP_059597038.1 disease resistance protein RGA2 isoform X1 [Vitis vinifera],0.016,-0.202
XP_059597039.1,False,99.561,1.8031,True,NBS_LRR,99.547,1.7346,True,NBS_LRR,99.359,1.7026,True,NBS_LRR,XP_059597039.1 putative disease resistance RPP13-like protein 1 isoform X2 [Vitis vinifera],-0.014,-0.202
XP_059597040.1,False,99.561,1.8031,True,NBS_LRR,99.547,1.7346,True,NBS_LRR,99.359,1.7026,True,NBS_LRR,XP_059597040.1 putative disease resistance RPP13-like protein 1 isoform X2 [Vitis vinifera],-0.014,-0.202
XP_059597041.1,False,99.561,1.8031,True,NBS_LRR,99.547,1.7346,True,NBS_LRR,99.359,1.7026,True,NBS_LRR,XP_059597041.1 putative disease resistance RPP13-like protein 1 isoform X2 [Vitis vinifera],-0.014,-0.202
XP_010649214.1,False,94.494,1.0334,False,cell_death_HR,94.093,0.9895,False,cell_death_HR,94.29,1.0274,False,cell_death_HR,XP_010649214.1 endoribonuclease Dicer homolog 2 isoform X1 [Vitis vinifera],-0.401,-0.204
XP_010649215.1,False,94.494,1.0334,False,cell_death_HR,94.15,0.997,False,cell_death_HR,94.29,1.0274,False,cell_death_HR,XP_010649215.1 endoribonuclease Dicer homolog 2 isoform X2 [Vitis vinifera],-0.344,-0.204
XP_010649218.1,False,94.494,1.0334,False,cell_death_HR,94.869,1.0495,False,cell_death_HR,94.29,1.0274,False,cell_death_HR,XP_010649218.1 endoribonuclease Dicer homolog 2 isoform X4 [Vitis vinifera],0.375,-0.204
XP_002266859.2,False,93.481,1.0241,False,cell_death_HR,91.174,0.9538,False,cell_death_HR,93.276,1.018,False,cell_death_HR,XP_002266859.2 protein SUPPRESSOR OF MAX2 1 [Vitis vinifera],-2.307,-0.205
XP_059597488.1,False,98.39,1.6239,False,NBS_LRR,98.208,1.5105,False,NBS_LRR,98.184,1.4944,False,NBS_LRR,XP_059597488.1 putative disease resistance RPP13-like protein 1 [Vitis vinifera],-0.182,-0.206
XP_059597485.1,False,98.39,1.6239,False,NBS_LRR,98.208,1.5105,False,NBS_LRR,98.184,1.4944,False,NBS_LRR,XP_059597485.1 putative disease resistance RPP13-like protein 1 [Vitis vinifera],-0.182,-0.206
XP_059597489.1,False,98.39,1.6239,False,NBS_LRR,98.208,1.5105,False,NBS_LRR,98.184,1.4944,False,NBS_LRR,XP_059597489.1 putative disease resistance RPP13-like protein 1 [Vitis vinifera],-0.182,-0.206
XP_059597493.1,False,98.39,1.6239,False,NBS_LRR,98.208,1.5105,False,NBS_LRR,98.184,1.4944,False,NBS_LRR,XP_059597493.1 putative disease resistance RPP13-like protein 1 [Vitis vinifera],-0.182,-0.206
XP_010646458.1,False,93.645,1.0304,False,cell_death_HR,93.714,1.0352,False,cell_death_HR,93.439,1.0243,False,cell_death_HR,XP_010646458.1 type II inositol polyphosphate 5-phosphatase 15 isoform X1 [Vitis vinifera],0.069,-0.206
XP_059597494.1,False,98.39,1.6239,False,NBS_LRR,98.208,1.5105,False,NBS_LRR,98.184,1.4944,False,NBS_LRR,XP_059597494.1 putative disease resistance RPP13-like protein 1 [Vitis vinifera],-0.182,-0.206
XP_059597490.1,False,98.39,1.6239,False,NBS_LRR,98.208,1.5105,False,NBS_LRR,98.184,1.4944,False,NBS_LRR,XP_059597490.1 putative disease resistance RPP13-like protein 1 [Vitis vinifera],-0.182,-0.206
XP_059597492.1,False,98.39,1.6239,False,NBS_LRR,98.208,1.5105,False,NBS_LRR,98.184,1.4944,False,NBS_LRR,XP_059597492.1 putative disease resistance RPP13-like protein 1 [Vitis vinifera],-0.182,-0.206
XP_059597487.1,False,98.39,1.6239,False,NBS_LRR,98.208,1.5105,False,NBS_LRR,98.184,1.4944,False,NBS_LRR,XP_059597487.1 putative disease resistance RPP13-like protein 1 [Vitis vinifera],-0.182,-0.206
XP_059597486.1,False,98.39,1.6239,False,NBS_LRR,98.208,1.5105,False,NBS_LRR,98.184,1.4944,False,NBS_LRR,XP_059597486.1 putative disease resistance RPP13-like protein 1 [Vitis vinifera],-0.182,-0.206
XP_059597495.1,False,98.39,1.6239,False,NBS_LRR,98.208,1.5105,False,NBS_LRR,98.184,1.4944,False,NBS_LRR,XP_059597495.1 putative disease resistance RPP13-like protein 1 [Vitis vinifera],-0.182,-0.206
XP_059597496.1,False,98.39,1.6239,False,NBS_LRR,98.208,1.5105,False,NBS_LRR,98.184,1.4944,False,NBS_LRR,XP_059597496.1 putative disease resistance RPP13-like protein 1 [Vitis vinifera],-0.182,-0.206
XP_059597497.1,False,98.39,1.6239,False,NBS_LRR,98.208,1.5105,False,NBS_LRR,98.184,1.4944,False,NBS_LRR,XP_059597497.1 putative disease resistance RPP13-like protein 1 [Vitis vinifera],-0.182,-0.206
XP_059597498.1,False,98.39,1.6239,False,NBS_LRR,98.208,1.5105,False,NBS_LRR,98.184,1.4944,False,NBS_LRR,XP_059597498.1 putative disease resistance RPP13-like protein 1 [Vitis vinifera],-0.182,-0.206
XP_059598189.1,False,98.287,1.6013,False,NBS_LRR,97.763,1.4554,False,NBS_LRR,98.078,1.4686,False,NBS_LRR,XP_059598189.1 putative disease resistance RPP13-like protein 1 [Vitis vinifera],-0.524,-0.209
XP_010649698.1,False,89.77,0.9174,False,cell_death_HR,92.433,0.9907,False,cell_death_HR,89.561,0.9105,False,cell_death_HR,XP_010649698.1 ABC transporter B family member 11 [Vitis vinifera],2.663,-0.209
XP_002275143.2,False,89.77,0.9174,False,cell_death_HR,92.433,0.9907,False,cell_death_HR,89.561,0.9105,False,cell_death_HR,XP_002275143.2 ABC transporter B family member 11 [Vitis vinifera],2.663,-0.209
XP_010659420.1,False,99.619,1.8078,True,NBS_LRR,99.417,1.7095,True,NBS_LRR,99.409,1.7094,True,NBS_LRR,XP_010659420.1 putative disease resistance protein RGA3 [Vitis vinifera],-0.202,-0.21
XP_002275762.1,False,94.053,1.0464,False,cell_death_HR,93.712,1.0352,False,cell_death_HR,93.842,1.0404,False,cell_death_HR,XP_002275762.1 type I inositol polyphosphate 5-phosphatase 12 isoform X2 [Vitis vinifera],-0.341,-0.211
XP_002263148.3,False,89.425,0.9094,False,cell_death_HR,83.22,0.7709,False,cell_death_HR,89.213,0.9025,False,cell_death_HR,XP_002263148.3 uncharacterized protein LOC100254505 [Vitis vinifera],-6.205,-0.212
XP_010649216.1,False,94.219,1.032,False,cell_death_HR,93.916,0.9876,False,cell_death_HR,94.007,1.0259,False,cell_death_HR,XP_010649216.1 endoribonuclease Dicer homolog 2 isoform X3 [Vitis vinifera],-0.303,-0.212
XP_059597021.1,False,99.356,1.7716,True,NBS_LRR,99.302,1.6889,True,NBS_LRR,99.142,1.665,True,NBS_LRR,XP_059597021.1 putative disease resistance protein RGA1 [Vitis vinifera],-0.054,-0.214
XP_059597022.1,False,99.356,1.7716,True,NBS_LRR,99.302,1.6889,True,NBS_LRR,99.142,1.665,True,NBS_LRR,XP_059597022.1 putative disease resistance protein RGA1 [Vitis vinifera],-0.054,-0.214
XP_059597438.1,False,98.885,1.7231,False,NBS_LRR,98.713,1.6125,False,NBS_LRR,98.671,1.6048,False,NBS_LRR,XP_059597438.1 putative disease resistance protein At3g14460 [Vitis vinifera],-0.172,-0.214
XP_002275787.1,False,97.274,0.9162,False,antimicrobial,96.545,0.9099,False,antimicrobial,97.06,0.9096,False,antimicrobial,XP_002275787.1 ISWI chromatin-remodeling complex ATPase CHR11 isoform X4 [Vitis vinifera],-0.729,-0.214
XP_002266404.4,False,97.3,0.8169,False,RLK_defense,96.825,0.8023,False,RLK_defense,97.086,0.8161,False,antimicrobial,XP_002266404.4 kinesin-like protein KIN-14R [Vitis vinifera],-0.475,-0.214
XP_019075594.1,False,97.328,0.7992,False,defense_signaling,91.845,0.7151,False,defense_signaling,97.114,0.7937,False,defense_signaling,XP_019075594.1 probable phosphoinositide phosphatase SAC9 [Vitis vinifera],-5.483,-0.214
XP_019079062.1,False,99.356,1.7716,True,NBS_LRR,99.302,1.6889,True,NBS_LRR,99.142,1.665,True,NBS_LRR,XP_019079062.1 putative disease resistance protein RGA1 [Vitis vinifera],-0.054,-0.214
XP_019079065.1,False,99.356,1.7716,True,NBS_LRR,99.302,1.6889,True,NBS_LRR,99.142,1.665,True,NBS_LRR,XP_019079065.1 putative disease resistance protein RGA1 [Vitis vinifera],-0.054,-0.214
XP_019079069.1,False,99.356,1.7716,True,NBS_LRR,99.302,1.6889,True,NBS_LRR,99.142,1.665,True,NBS_LRR,XP_019079069.1 putative disease resistance protein RGA1 [Vitis vinifera],-0.054,-0.214
XP_019079070.1,False,99.356,1.7716,True,NBS_LRR,99.302,1.6889,True,NBS_LRR,99.142,1.665,True,NBS_LRR,XP_019079070.1 putative disease resistance protein RGA1 [Vitis vinifera],-0.054,-0.214
XP_010650722.1,False,97.328,0.7992,False,defense_signaling,91.845,0.7151,False,defense_signaling,97.114,0.7937,False,defense_signaling,XP_010650722.1 probable phosphoinositide phosphatase SAC9 [Vitis vinifera],-5.483,-0.214
XP_010650721.1,False,97.328,0.7992,False,defense_signaling,91.845,0.7151,False,defense_signaling,97.114,0.7937,False,defense_signaling,XP_010650721.1 probable phosphoinositide phosphatase SAC9 [Vitis vinifera],-5.483,-0.214
XP_059593193.1,False,97.328,0.7992,False,defense_signaling,91.845,0.7151,False,defense_signaling,97.114,0.7937,False,defense_signaling,XP_059593193.1 probable phosphoinositide phosphatase SAC9 [Vitis vinifera],-5.483,-0.214
XP_059597020.1,False,99.356,1.7716,True,NBS_LRR,99.302,1.6889,True,NBS_LRR,99.142,1.665,True,NBS_LRR,XP_059597020.1 putative disease resistance protein RGA1 [Vitis vinifera],-0.054,-0.214
XP_059597023.1,False,99.356,1.7716,True,NBS_LRR,99.302,1.6889,True,NBS_LRR,99.142,1.665,True,NBS_LRR,XP_059597023.1 putative disease resistance protein RGA1 [Vitis vinifera],-0.054,-0.214
XP_059592779.1,False,97.274,0.9162,False,antimicrobial,97.231,0.9197,False,antimicrobial,97.06,0.9149,False,antimicrobial,XP_059592779.1 ISWI chromatin-remodeling complex ATPase CHR11 isoform X3 [Vitis vinifera],-0.043,-0.214
XP_059596216.1,False,90.77,0.9421,False,cell_death_HR,86.453,0.6563,False,defense_signaling,90.555,0.9354,False,cell_death_HR,XP_059596216.1 sister chromatid cohesion protein PDS5 homolog A [Vitis vinifera],-4.317,-0.215
XP_059596217.1,False,90.77,0.9421,False,cell_death_HR,86.453,0.6563,False,defense_signaling,90.555,0.9354,False,cell_death_HR,XP_059596217.1 sister chromatid cohesion protein PDS5 homolog A [Vitis vinifera],-4.317,-0.215
XP_019079693.1,False,98.943,1.731,False,NBS_LRR,98.739,1.6184,False,NBS_LRR,98.728,1.6143,False,NBS_LRR,XP_019079693.1 putative disease resistance RPP13-like protein 1 isoform X1 [Vitis vinifera],-0.204,-0.215
XP_010659595.1,False,98.943,1.731,False,NBS_LRR,98.739,1.6184,False,NBS_LRR,98.728,1.6143,False,NBS_LRR,XP_010659595.1 putative disease resistance RPP13-like protein 1 isoform X1 [Vitis vinifera],-0.204,-0.215
XP_019079694.1,False,98.943,1.731,False,NBS_LRR,98.739,1.6184,False,NBS_LRR,98.728,1.6143,False,NBS_LRR,XP_019079694.1 putative disease resistance RPP13-like protein 1 isoform X1 [Vitis vinifera],-0.204,-0.215
XP_019079696.1,False,98.943,1.731,False,NBS_LRR,98.739,1.6184,False,NBS_LRR,98.728,1.6143,False,NBS_LRR,XP_019079696.1 putative disease resistance RPP13-like protein 1 isoform X1 [Vitis vinifera],-0.204,-0.215
XP_019079689.1,False,98.943,1.731,False,NBS_LRR,98.739,1.6184,False,NBS_LRR,98.728,1.6143,False,NBS_LRR,XP_019079689.1 putative disease resistance RPP13-like protein 1 isoform X1 [Vitis vinifera],-0.204,-0.215
XP_019079691.1,False,98.943,1.731,False,NBS_LRR,98.739,1.6184,False,NBS_LRR,98.728,1.6143,False,NBS_LRR,XP_019079691.1 putative disease resistance RPP13-like protein 1 isoform X1 [Vitis vinifera],-0.204,-0.215
XP_019079702.1,False,98.943,1.731,False,NBS_LRR,98.739,1.6184,False,NBS_LRR,98.728,1.6143,False,NBS_LRR,XP_019079702.1 putative disease resistance RPP13-like protein 1 isoform X1 [Vitis vinifera],-0.204,-0.215
XP_059597434.1,False,98.943,1.731,False,NBS_LRR,98.739,1.6184,False,NBS_LRR,98.728,1.6143,False,NBS_LRR,XP_059597434.1 putative disease resistance RPP13-like protein 1 isoform X1 [Vitis vinifera],-0.204,-0.215
XP_019079697.1,False,98.943,1.731,False,NBS_LRR,98.739,1.6184,False,NBS_LRR,98.728,1.6143,False,NBS_LRR,XP_019079697.1 putative disease resistance RPP13-like protein 1 isoform X1 [Vitis vinifera],-0.204,-0.215
XP_019079690.1,False,98.943,1.731,False,NBS_LRR,98.739,1.6184,False,NBS_LRR,98.728,1.6143,False,NBS_LRR,XP_019079690.1 putative disease resistance RPP13-like protein 1 isoform X1 [Vitis vinifera],-0.204,-0.215
XP_019079695.1,False,98.943,1.731,False,NBS_LRR,98.739,1.6184,False,NBS_LRR,98.728,1.6143,False,NBS_LRR,XP_019079695.1 putative disease resistance RPP13-like protein 1 isoform X1 [Vitis vinifera],-0.204,-0.215
XP_010644160.1,False,93.388,1.0209,False,cell_death_HR,93.265,1.0189,False,cell_death_HR,93.172,1.0148,False,cell_death_HR,XP_010644160.1 protein transport protein SEC24 A [Vitis vinifera],-0.123,-0.216
XP_010644162.1,False,93.388,1.0209,False,cell_death_HR,93.265,1.0189,False,cell_death_HR,93.172,1.0148,False,cell_death_HR,XP_010644162.1 protein transport protein SEC24 A [Vitis vinifera],-0.123,-0.216
XP_010644163.1,False,93.388,1.0209,False,cell_death_HR,93.265,1.0189,False,cell_death_HR,93.172,1.0148,False,cell_death_HR,XP_010644163.1 protein transport protein SEC24 A [Vitis vinifera],-0.123,-0.216
XP_002282857.1,False,93.388,1.0209,False,cell_death_HR,93.265,1.0189,False,cell_death_HR,93.172,1.0148,False,cell_death_HR,XP_002282857.1 protein transport protein SEC24 A [Vitis vinifera],-0.123,-0.216
XP_002263149.3,False,97.244,0.8466,False,antimicrobial,95.499,0.9255,False,antimicrobial,97.027,0.9577,False,antimicrobial,XP_002263149.3 kinesin-like protein KIN-14I [Vitis vinifera],-1.745,-0.217
XP_010645417.1,False,93.775,0.9666,False,antimicrobial,96.153,0.9138,False,antimicrobial,93.557,0.9602,False,antimicrobial,XP_010645417.1 transcription elongation factor SPT6 homolog isoform X2 [Vitis vinifera],2.378,-0.218
XP_002280099.1,False,94.465,0.9853,False,antimicrobial,94.44,0.9879,False,antimicrobial,94.246,0.979,False,antimicrobial,XP_002280099.1 RNA-dependent RNA polymerase 2 [Vitis vinifera],-0.025,-0.219
XP_002270269.1,False,90.958,0.7065,False,defense_signaling,91.005,0.7049,False,defense_signaling,90.739,0.7019,False,defense_signaling,XP_002270269.1 uncharacterized protein LOC100254795 isoform X2 [Vitis vinifera],0.047,-0.219
XP_002263967.1,False,90.126,0.9258,False,cell_death_HR,88.659,0.8924,False,cell_death_HR,89.905,0.919,False,cell_death_HR,XP_002263967.1 DNA ligase 4 [Vitis vinifera],-1.467,-0.221
XP_059595687.1,False,92.447,0.989,False,cell_death_HR,93.707,1.0351,False,cell_death_HR,92.225,0.9827,False,cell_death_HR,XP_059595687.1 ABC transporter C family member 13 isoform X4 [Vitis vinifera],1.26,-0.222
XP_002283327.1,False,91.213,0.7154,False,NBS_LRR,89.418,0.6788,False,NBS_LRR,90.989,0.7022,False,NBS_LRR,"XP_002283327.1 pentatricopeptide repeat-containing protein At4g31850, chloroplastic [Vitis vinifera]",-1.795,-0.224
XP_059592265.1,False,91.213,0.7154,False,NBS_LRR,89.418,0.6788,False,NBS_LRR,90.989,0.7022,False,NBS_LRR,"XP_059592265.1 pentatricopeptide repeat-containing protein At4g31850, chloroplastic [Vitis vinifera]",-1.795,-0.224
XP_059592266.1,False,91.213,0.7154,False,NBS_LRR,89.418,0.6788,False,NBS_LRR,90.989,0.7022,False,NBS_LRR,"XP_059592266.1 pentatricopeptide repeat-containing protein At4g31850, chloroplastic [Vitis vinifera]",-1.795,-0.224
XP_059592267.1,False,91.213,0.7154,False,NBS_LRR,89.418,0.6788,False,NBS_LRR,90.989,0.7022,False,NBS_LRR,"XP_059592267.1 pentatricopeptide repeat-containing protein At4g31850, chloroplastic [Vitis vinifera]",-1.795,-0.224
XP_010660085.2,False,97.696,1.5287,False,NBS_LRR,97.096,1.3663,False,NBS_LRR,97.472,1.4071,False,NBS_LRR,XP_010660085.2 uncharacterized protein LOC104881449 [Vitis vinifera],-0.6,-0.224
XP_019077178.1,False,97.234,0.7996,False,antimicrobial,98.006,0.8174,False,defense_signaling,97.01,0.7925,False,antimicrobial,XP_019077178.1 protein SHOOT GRAVITROPISM 6 isoform X4 [Vitis vinifera],0.772,-0.224
XP_010648755.1,False,91.213,0.7154,False,NBS_LRR,89.418,0.6788,False,NBS_LRR,90.989,0.7022,False,NBS_LRR,"XP_010648755.1 pentatricopeptide repeat-containing protein At4g31850, chloroplastic [Vitis vinifera]",-1.795,-0.224
XP_010654001.1,False,97.234,0.7996,False,antimicrobial,97.138,0.7952,False,defense_signaling,97.01,0.7925,False,antimicrobial,XP_010654001.1 protein SHOOT GRAVITROPISM 6 isoform X3 [Vitis vinifera],-0.096,-0.224
XP_010653900.1,False,96.958,0.7923,False,defense_signaling,95.819,0.7717,False,defense_signaling,96.734,0.7868,False,defense_signaling,XP_010653900.1 protein PHOTOPERIOD-INDEPENDENT EARLY FLOWERING 1 [Vitis vinifera],-1.139,-0.224
XP_010654000.1,False,97.234,0.7996,False,antimicrobial,97.197,0.7969,False,defense_signaling,97.01,0.7925,False,antimicrobial,XP_010654000.1 protein SHOOT GRAVITROPISM 6 isoform X1 [Vitis vinifera],-0.037,-0.224
XP_010646459.1,False,92.924,1.0055,False,cell_death_HR,92.966,1.0075,False,cell_death_HR,92.7,0.9993,False,cell_death_HR,XP_010646459.1 type II inositol polyphosphate 5-phosphatase 15 isoform X2 [Vitis vinifera],0.042,-0.224
XP_019075112.1,False,91.213,0.7154,False,NBS_LRR,89.418,0.6788,False,NBS_LRR,90.989,0.7022,False,NBS_LRR,"XP_019075112.1 pentatricopeptide repeat-containing protein At4g31850, chloroplastic [Vitis vinifera]",-1.795,-0.224
XP_010648288.1,False,92.097,0.9767,False,cell_death_HR,92.021,0.977,False,cell_death_HR,91.871,0.9703,False,cell_death_HR,XP_010648288.1 uncharacterized protein LOC100268066 isoform X2 [Vitis vinifera],-0.076,-0.226
XP_010651546.1,False,96.249,0.9438,False,antimicrobial,95.511,1.0541,False,cell_death_HR,96.023,1.1323,False,cell_death_HR,XP_010651546.1 uncharacterized protein LOC100244477 [Vitis vinifera],-0.738,-0.226
XP_059597706.1,False,99.535,1.803,True,NBS_LRR,99.18,1.6662,True,NBS_LRR,99.308,1.6965,True,NBS_LRR,XP_059597706.1 disease resistance protein RGA2-like [Vitis vinifera],-0.355,-0.227
XP_010645463.1,False,99.535,1.803,True,NBS_LRR,99.18,1.6662,True,NBS_LRR,99.308,1.6965,True,NBS_LRR,XP_010645463.1 disease resistance protein RGA2-like isoform X1 [Vitis vinifera],-0.355,-0.227
XP_059597737.1,False,99.535,1.803,True,NBS_LRR,99.18,1.6662,True,NBS_LRR,99.308,1.6965,True,NBS_LRR,XP_059597737.1 disease resistance protein RGA2-like isoform X1 [Vitis vinifera],-0.355,-0.227
XP_059593508.1,False,97.12,0.7949,False,defense_signaling,96.805,0.7892,False,defense_signaling,96.892,0.7894,False,defense_signaling,XP_059593508.1 N-terminal acetyltransferase B complex auxiliary subunit NAA25 isoform X1 [Vitis vinifera],-0.315,-0.228
XP_059597597.1,False,99.414,1.7811,True,NBS_LRR,99.365,1.7,True,NBS_LRR,99.185,1.6745,True,NBS_LRR,XP_059597597.1 putative disease resistance protein At3g14460 [Vitis vinifera],-0.049,-0.229
XP_059597600.1,False,99.414,1.7811,True,NBS_LRR,99.365,1.7,True,NBS_LRR,99.185,1.6745,True,NBS_LRR,XP_059597600.1 putative disease resistance protein At3g14460 [Vitis vinifera],-0.049,-0.229
XP_059597598.1,False,99.414,1.7811,True,NBS_LRR,99.365,1.7,True,NBS_LRR,99.185,1.6745,True,NBS_LRR,XP_059597598.1 putative disease resistance protein At3g14460 [Vitis vinifera],-0.049,-0.229
XP_059597599.1,False,99.414,1.7811,True,NBS_LRR,99.365,1.7,True,NBS_LRR,99.185,1.6745,True,NBS_LRR,XP_059597599.1 putative disease resistance protein At3g14460 [Vitis vinifera],-0.049,-0.229
XP_010665201.1,False,96.407,1.0433,False,antimicrobial,96.185,1.0405,False,antimicrobial,96.178,1.0372,False,antimicrobial,XP_010665201.1 DExH-box ATP-dependent RNA helicase DExH3 isoform X2 [Vitis vinifera],-0.222,-0.229
XP_059597601.1,False,99.414,1.7811,True,NBS_LRR,99.365,1.7,True,NBS_LRR,99.185,1.6745,True,NBS_LRR,XP_059597601.1 putative disease resistance protein At3g14460 [Vitis vinifera],-0.049,-0.229
XP_059597602.1,False,99.414,1.7811,True,NBS_LRR,99.365,1.7,True,NBS_LRR,99.185,1.6745,True,NBS_LRR,XP_059597602.1 putative disease resistance protein At3g14460 [Vitis vinifera],-0.049,-0.229
XP_059597603.1,False,99.414,1.7811,True,NBS_LRR,99.365,1.7,True,NBS_LRR,99.185,1.6745,True,NBS_LRR,XP_059597603.1 putative disease resistance protein At3g14460 [Vitis vinifera],-0.049,-0.229
XP_002277322.2,False,95.297,0.7649,False,defense_signaling,96.175,0.7771,False,defense_signaling,95.068,0.7593,False,defense_signaling,XP_002277322.2 MAP3K epsilon protein kinase 1 isoform X1 [Vitis vinifera],0.878,-0.229
XP_010659310.1,False,99.414,1.7811,True,NBS_LRR,99.365,1.7,True,NBS_LRR,99.185,1.6745,True,NBS_LRR,XP_010659310.1 putative disease resistance protein At3g14460 [Vitis vinifera],-0.049,-0.229
XP_059597596.1,False,99.414,1.7811,True,NBS_LRR,99.365,1.7,True,NBS_LRR,99.185,1.6745,True,NBS_LRR,XP_059597596.1 putative disease resistance protein At3g14460 [Vitis vinifera],-0.049,-0.229
XP_002284914.1,False,93.185,1.0135,False,cell_death_HR,91.14,0.9528,False,cell_death_HR,92.956,1.0073,False,cell_death_HR,XP_002284914.1 probable RNA-dependent RNA polymerase 1 [Vitis vinifera],-2.045,-0.229
XP_059597595.1,False,99.414,1.7811,True,NBS_LRR,99.365,1.7,True,NBS_LRR,99.185,1.6745,True,NBS_LRR,XP_059597595.1 putative disease resistance protein At3g14460 [Vitis vinifera],-0.049,-0.229
XP_019078589.1,False,97.129,0.795,False,defense_signaling,97.063,0.7941,False,defense_signaling,96.9,0.7894,False,defense_signaling,XP_019078589.1 autophagy-related protein 11 [Vitis vinifera],-0.066,-0.229
XP_010656252.1,False,96.915,0.791,False,defense_signaling,97.588,0.8051,False,defense_signaling,96.686,0.7854,False,defense_signaling,XP_010656252.1 serine/threonine-protein kinase VPS15 isoform X1 [Vitis vinifera],0.673,-0.229
XP_010656253.1,False,96.915,0.791,False,defense_signaling,97.162,0.796,False,defense_signaling,96.686,0.7854,False,defense_signaling,XP_010656253.1 serine/threonine-protein kinase VPS15 isoform X2 [Vitis vinifera],0.247,-0.229
XP_019079785.1,False,99.414,1.7811,True,NBS_LRR,99.365,1.7,True,NBS_LRR,99.185,1.6745,True,NBS_LRR,XP_019079785.1 putative disease resistance protein At3g14460 [Vitis vinifera],-0.049,-0.229
XP_002273616.1,False,97.129,0.795,False,defense_signaling,97.063,0.7941,False,defense_signaling,96.9,0.7894,False,defense_signaling,XP_002273616.1 autophagy-related protein 11 [Vitis vinifera],-0.066,-0.229
XP_019079701.1,False,98.943,1.731,False,NBS_LRR,98.739,1.6184,False,NBS_LRR,98.713,1.6143,False,NBS_LRR,XP_019079701.1 putative disease resistance RPP13-like protein 1 isoform X1 [Vitis vinifera],-0.204,-0.23
XP_059592988.1,False,96.888,0.7902,False,defense_signaling,94.597,0.7528,False,defense_signaling,96.657,0.7846,False,defense_signaling,XP_059592988.1 uncharacterized protein LOC100253844 [Vitis vinifera],-2.291,-0.231
XP_002264486.2,False,87.756,0.8699,False,cell_death_HR,84.404,0.7362,False,cell_death_HR,87.525,0.8627,False,cell_death_HR,XP_002264486.2 dicer-like protein 4 [Vitis vinifera],-3.352,-0.231
XP_002282789.2,False,96.884,0.7901,False,defense_signaling,98.6,0.8346,False,defense_signaling,96.653,0.7846,False,defense_signaling,XP_002282789.2 uncharacterized protein LOC100259525 [Vitis vinifera],1.716,-0.231
XP_059592987.1,False,96.888,0.7902,False,defense_signaling,94.597,0.7528,False,defense_signaling,96.657,0.7846,False,defense_signaling,XP_059592987.1 uncharacterized protein LOC100253844 [Vitis vinifera],-2.291,-0.231
XP_010649318.1,False,95.307,0.9137,False,antimicrobial,97.187,0.7966,False,defense_signaling,95.075,0.9071,False,antimicrobial,XP_010649318.1 THO complex subunit 2 [Vitis vinifera],1.88,-0.232
XP_010645585.1,False,99.252,1.7653,True,NBS_LRR,99.06,1.6593,True,NBS_LRR,99.02,1.6532,True,NBS_LRR,XP_010645585.1 putative disease resistance RPP13-like protein 1 [Vitis vinifera],-0.192,-0.232
XP_059592460.1,False,87.84,0.8717,False,cell_death_HR,90.51,0.7081,False,antimicrobial,87.608,0.8645,False,cell_death_HR,XP_059592460.1 LOW QUALITY PROTEIN: DNA-directed RNA polymerase II subunit RPB1 [Vitis vinifera],2.67,-0.232
XP_002270042.1,False,93.736,1.1011,False,NBS_LRR,93.601,1.0567,False,NBS_LRR,93.503,1.0536,False,NBS_LRR,XP_002270042.1 receptor-like protein EIX2 isoform X1 [Vitis vinifera],-0.135,-0.233
XP_010657815.1,False,98.074,1.5599,False,NBS_LRR,97.737,1.4531,False,NBS_LRR,97.84,1.4278,False,NBS_LRR,XP_010657815.1 putative disease resistance RPP13-like protein 1 [Vitis vinifera],-0.337,-0.234
XP_002282256.1,False,95.435,0.8348,False,antimicrobial,94.482,0.8927,False,antimicrobial,95.201,0.9242,False,antimicrobial,"XP_002282256.1 DNA mismatch repair protein MSH1, mitochondrial isoform X1 [Vitis vinifera]",-0.953,-0.234
XP_010657819.1,False,98.074,1.5599,False,NBS_LRR,97.737,1.4531,False,NBS_LRR,97.84,1.4278,False,NBS_LRR,XP_010657819.1 putative disease resistance RPP13-like protein 1 [Vitis vinifera],-0.337,-0.234
XP_010657818.1,False,98.074,1.5599,False,NBS_LRR,97.737,1.4531,False,NBS_LRR,97.84,1.4278,False,NBS_LRR,XP_010657818.1 putative disease resistance RPP13-like protein 1 [Vitis vinifera],-0.337,-0.234
XP_010657817.1,False,98.074,1.5599,False,NBS_LRR,97.737,1.4531,False,NBS_LRR,97.84,1.4278,False,NBS_LRR,XP_010657817.1 putative disease resistance RPP13-like protein 1 [Vitis vinifera],-0.337,-0.234
XP_010657816.1,False,98.074,1.5599,False,NBS_LRR,97.737,1.4531,False,NBS_LRR,97.84,1.4278,False,NBS_LRR,XP_010657816.1 putative disease resistance RPP13-like protein 1 [Vitis vinifera],-0.337,-0.234
XP_059597373.1,False,98.074,1.5599,False,NBS_LRR,97.737,1.4531,False,NBS_LRR,97.84,1.4278,False,NBS_LRR,XP_059597373.1 putative disease resistance RPP13-like protein 1 [Vitis vinifera],-0.337,-0.234
XP_010657813.1,False,98.074,1.5599,False,NBS_LRR,97.737,1.4531,False,NBS_LRR,97.84,1.4278,False,NBS_LRR,XP_010657813.1 putative disease resistance RPP13-like protein 1 [Vitis vinifera],-0.337,-0.234
XP_019079155.1,False,98.074,1.5599,False,NBS_LRR,97.737,1.4531,False,NBS_LRR,97.84,1.4278,False,NBS_LRR,XP_019079155.1 putative disease resistance RPP13-like protein 1 [Vitis vinifera],-0.337,-0.234
XP_019079152.1,False,98.074,1.5599,False,NBS_LRR,97.737,1.4531,False,NBS_LRR,97.84,1.4278,False,NBS_LRR,XP_019079152.1 putative disease resistance RPP13-like protein 1 [Vitis vinifera],-0.337,-0.234
XP_010657814.1,False,98.074,1.5599,False,NBS_LRR,97.737,1.4531,False,NBS_LRR,97.84,1.4278,False,NBS_LRR,XP_010657814.1 putative disease resistance RPP13-like protein 1 [Vitis vinifera],-0.337,-0.234
XP_010657812.1,False,98.074,1.5599,False,NBS_LRR,97.737,1.4531,False,NBS_LRR,97.84,1.4278,False,NBS_LRR,XP_010657812.1 putative disease resistance RPP13-like protein 1 [Vitis vinifera],-0.337,-0.234
XP_019079153.1,False,98.074,1.5599,False,NBS_LRR,97.737,1.4531,False,NBS_LRR,97.84,1.4278,False,NBS_LRR,XP_019079153.1 putative disease resistance RPP13-like protein 1 [Vitis vinifera],-0.337,-0.234
XP_019077177.1,False,96.835,0.7891,False,defense_signaling,95.838,0.772,False,defense_signaling,96.599,0.7835,False,defense_signaling,XP_019077177.1 protein SHOOT GRAVITROPISM 6 isoform X2 [Vitis vinifera],-0.997,-0.236
XP_002263469.1,False,95.857,0.8728,False,antimicrobial,93.583,0.9628,False,antimicrobial,95.62,0.8815,False,antimicrobial,XP_002263469.1 E3 ubiquitin-protein ligase KEG isoform X2 [Vitis vinifera],-2.274,-0.237
XP_059598232.1,False,95.857,0.8728,False,antimicrobial,93.583,0.9628,False,antimicrobial,95.62,0.8815,False,antimicrobial,XP_059598232.1 E3 ubiquitin-protein ligase KEG isoform X2 [Vitis vinifera],-2.274,-0.237
XP_003634225.1,False,95.988,0.7751,False,defense_signaling,93.136,0.7324,False,defense_signaling,95.75,0.7695,False,defense_signaling,XP_003634225.1 uncharacterized protein LOC100252577 [Vitis vinifera],-2.852,-0.238
XP_010653639.1,False,95.145,0.7941,False,RLK_defense,95.159,0.7961,False,RLK_defense,94.907,0.7908,False,RLK_defense,XP_010653639.1 calmodulin-interacting protein 111 isoform X1 [Vitis vinifera],0.014,-0.238
XP_010656063.1,False,96.18,1.0896,False,cell_death_HR,94.795,1.0747,False,cell_death_HR,95.942,1.0839,False,cell_death_HR,XP_010656063.1 brefeldin A-inhibited guanine nucleotide-exchange protein 5 [Vitis vinifera],-1.385,-0.238
XP_002274584.2,False,97.034,0.9359,False,antimicrobial,96.724,0.9473,False,antimicrobial,96.796,0.9465,False,antimicrobial,XP_002274584.2 tubulin-folding cofactor D [Vitis vinifera],-0.31,-0.238
XP_002282808.1,False,97.071,0.794,False,defense_signaling,96.675,0.7863,False,defense_signaling,96.833,0.7885,False,defense_signaling,XP_002282808.1 probable sucrose-phosphate synthase 1 [Vitis vinifera],-0.396,-0.238
XP_010653640.1,False,95.145,0.7941,False,RLK_defense,94.805,0.7806,False,RLK_defense,94.907,0.7888,False,RLK_defense,XP_010653640.1 calmodulin-interacting protein 111 isoform X2 [Vitis vinifera],-0.34,-0.238
XP_010659095.1,False,96.455,0.886,False,antimicrobial,93.824,0.9683,False,antimicrobial,96.216,0.8847,False,antimicrobial,XP_010659095.1 E3 ubiquitin-protein ligase KEG isoform X1 [Vitis vinifera],-2.631,-0.239
XP_059598231.1,False,96.455,0.886,False,antimicrobial,93.824,0.9683,False,antimicrobial,96.216,0.8847,False,antimicrobial,XP_059598231.1 E3 ubiquitin-protein ligase KEG isoform X1 [Vitis vinifera],-2.631,-0.239
XP_010645042.1,False,96.37,0.7809,False,defense_signaling,95.944,0.7735,False,defense_signaling,96.131,0.7753,False,defense_signaling,XP_010645042.1 kinesin-like protein KIN-14Q [Vitis vinifera],-0.426,-0.239
XP_010649665.1,False,96.473,0.7829,False,defense_signaling,96.505,0.7826,False,defense_signaling,96.234,0.7773,False,defense_signaling,XP_010649665.1 protein GFS12 [Vitis vinifera],0.032,-0.239
XP_010650290.1,False,96.086,0.7761,False,defense_signaling,95.97,0.7737,False,defense_signaling,95.847,0.7704,False,defense_signaling,XP_010650290.1 probable sucrose-phosphate synthase 3 isoform X2 [Vitis vinifera],-0.116,-0.239
XP_002271398.1,False,96.086,0.7761,False,defense_signaling,95.97,0.7737,False,defense_signaling,95.847,0.7704,False,defense_signaling,XP_002271398.1 probable sucrose-phosphate synthase 3 isoform X2 [Vitis vinifera],-0.116,-0.239
XP_010660084.1,False,98.55,1.6434,False,NBS_LRR,98.415,1.5525,False,NBS_LRR,98.309,1.5297,False,NBS_LRR,XP_010660084.1 probable disease resistance protein At4g27220 [Vitis vinifera],-0.135,-0.241
XP_010654155.1,False,95.614,0.8081,False,RLK_defense,95.484,0.7982,False,RLK_defense,95.373,0.8029,False,RLK_defense,XP_010654155.1 putative U-box domain-containing protein 42 isoform X1 [Vitis vinifera],-0.13,-0.241
XP_059594126.1,False,96.194,0.8326,False,antimicrobial,96.438,0.7952,False,antimicrobial,95.953,0.8257,False,antimicrobial,XP_059594126.1 coatomer subunit alpha-1 [Vitis vinifera],0.244,-0.241
XP_059594125.1,False,96.194,0.8326,False,antimicrobial,96.438,0.7952,False,antimicrobial,95.953,0.8257,False,antimicrobial,XP_059594125.1 coatomer subunit alpha-1 [Vitis vinifera],0.244,-0.241
XP_059590057.1,False,96.786,0.7881,False,defense_signaling,93.685,0.74,False,defense_signaling,96.545,0.7825,False,defense_signaling,XP_059590057.1 uncharacterized protein LOC100267344 isoform X3 [Vitis vinifera],-3.101,-0.241
XP_010645498.1,False,99.324,1.7716,True,NBS_LRR,99.093,1.6625,True,NBS_LRR,99.083,1.6608,True,NBS_LRR,XP_010645498.1 putative disease resistance RPP13-like protein 1 isoform X1 [Vitis vinifera],-0.231,-0.241
XP_010645499.1,False,99.324,1.7716,True,NBS_LRR,99.093,1.6625,True,NBS_LRR,99.083,1.6608,True,NBS_LRR,XP_010645499.1 putative disease resistance RPP13-like protein 1 isoform X1 [Vitis vinifera],-0.231,-0.241
XP_059597648.1,False,99.324,1.7716,True,NBS_LRR,99.093,1.6625,True,NBS_LRR,99.083,1.6608,True,NBS_LRR,XP_059597648.1 putative disease resistance RPP13-like protein 1 isoform X1 [Vitis vinifera],-0.231,-0.241
XP_010651639.1,False,93.997,0.7576,False,RLK_defense,86.171,0.653,False,defense_signaling,93.756,0.7564,False,RLK_defense,XP_010651639.1 kinesin-like protein KIN-12E isoform X1 [Vitis vinifera],-7.826,-0.241
XP_059597650.1,False,99.324,1.7716,True,NBS_LRR,99.093,1.6625,True,NBS_LRR,99.083,1.6608,True,NBS_LRR,XP_059597650.1 putative disease resistance RPP13-like protein 1 isoform X1 [Vitis vinifera],-0.231,-0.241
XP_059597651.1,False,99.324,1.7716,True,NBS_LRR,99.093,1.6625,True,NBS_LRR,99.083,1.6608,True,NBS_LRR,XP_059597651.1 putative disease resistance RPP13-like protein 1 isoform X1 [Vitis vinifera],-0.231,-0.241
XP_010645500.1,False,99.324,1.7716,True,NBS_LRR,99.093,1.6625,True,NBS_LRR,99.083,1.6608,True,NBS_LRR,XP_010645500.1 putative disease resistance RPP13-like protein 1 isoform X1 [Vitis vinifera],-0.231,-0.241
XP_059597652.1,False,99.324,1.7716,True,NBS_LRR,99.093,1.6625,True,NBS_LRR,99.083,1.6608,True,NBS_LRR,XP_059597652.1 putative disease resistance RPP13-like protein 1 isoform X1 [Vitis vinifera],-0.231,-0.241
XP_019073174.1,False,99.324,1.7716,True,NBS_LRR,99.093,1.6625,True,NBS_LRR,99.083,1.6608,True,NBS_LRR,XP_019073174.1 putative disease resistance RPP13-like protein 1 isoform X1 [Vitis vinifera],-0.231,-0.241
XP_059597654.1,False,99.324,1.7716,True,NBS_LRR,99.093,1.6625,True,NBS_LRR,99.083,1.6608,True,NBS_LRR,XP_059597654.1 putative disease resistance RPP13-like protein 1 isoform X1 [Vitis vinifera],-0.231,-0.241
XP_019073170.1,False,99.324,1.7716,True,NBS_LRR,99.093,1.6625,True,NBS_LRR,99.083,1.6608,True,NBS_LRR,XP_019073170.1 putative disease resistance RPP13-like protein 1 isoform X1 [Vitis vinifera],-0.231,-0.241
XP_019073172.1,False,99.324,1.7716,True,NBS_LRR,99.093,1.6625,True,NBS_LRR,99.083,1.6608,True,NBS_LRR,XP_019073172.1 putative disease resistance RPP13-like protein 1 isoform X1 [Vitis vinifera],-0.231,-0.241
XP_019073173.1,False,99.324,1.7716,True,NBS_LRR,99.093,1.6625,True,NBS_LRR,99.083,1.6608,True,NBS_LRR,XP_019073173.1 putative disease resistance RPP13-like protein 1 isoform X1 [Vitis vinifera],-0.231,-0.241
XP_059597657.1,False,99.324,1.7716,True,NBS_LRR,99.093,1.6625,True,NBS_LRR,99.083,1.6608,True,NBS_LRR,XP_059597657.1 putative disease resistance RPP13-like protein 1 isoform X1 [Vitis vinifera],-0.231,-0.241
XP_059597656.1,False,99.324,1.7716,True,NBS_LRR,99.093,1.6625,True,NBS_LRR,99.083,1.6608,True,NBS_LRR,XP_059597656.1 putative disease resistance RPP13-like protein 1 isoform X1 [Vitis vinifera],-0.231,-0.241
XP_059597655.1,False,99.324,1.7716,True,NBS_LRR,99.093,1.6625,True,NBS_LRR,99.083,1.6608,True,NBS_LRR,XP_059597655.1 putative disease resistance RPP13-like protein 1 isoform X1 [Vitis vinifera],-0.231,-0.241
XP_019073175.1,False,99.324,1.7716,True,NBS_LRR,99.093,1.6625,True,NBS_LRR,99.083,1.6608,True,NBS_LRR,XP_019073175.1 putative disease resistance RPP13-like protein 1 isoform X1 [Vitis vinifera],-0.231,-0.241
XP_002284314.1,False,96.426,0.7819,False,defense_signaling,93.276,0.7345,False,defense_signaling,96.185,0.7763,False,defense_signaling,XP_002284314.1 uncharacterized protein LOC100247409 [Vitis vinifera],-3.15,-0.241
XP_019073176.1,False,99.324,1.7716,True,NBS_LRR,99.093,1.6625,True,NBS_LRR,99.083,1.6608,True,NBS_LRR,XP_019073176.1 putative disease resistance RPP13-like protein 1 isoform X1 [Vitis vinifera],-0.231,-0.241
XP_059597653.1,False,99.324,1.7716,True,NBS_LRR,99.093,1.6625,True,NBS_LRR,99.083,1.6608,True,NBS_LRR,XP_059597653.1 putative disease resistance RPP13-like protein 1 isoform X1 [Vitis vinifera],-0.231,-0.241
XP_059595122.1,False,96.198,0.8808,False,antimicrobial,97.871,0.8138,False,defense_signaling,95.956,0.8741,False,antimicrobial,XP_059595122.1 nuclear pore complex protein NUP155 isoform X3 [Vitis vinifera],1.673,-0.242
XP_010652785.1,False,94.01,0.7461,False,defense_signaling,93.69,0.7402,False,defense_signaling,93.768,0.7404,False,defense_signaling,XP_010652785.1 kinesin-like protein KIN-4A isoform X1 [Vitis vinifera],-0.32,-0.242
XP_002272611.1,False,95.775,0.7712,False,defense_signaling,89.225,0.6858,False,defense_signaling,95.532,0.7656,False,defense_signaling,XP_002272611.1 uncharacterized protein LOC100267175 isoform X1 [Vitis vinifera],-6.55,-0.243
XP_059598271.1,False,96.19,0.85,False,antimicrobial,95.767,0.9905,False,antimicrobial,95.947,0.9132,False,antimicrobial,XP_059598271.1 ABC transporter C family member 10 isoform X1 [Vitis vinifera],-0.423,-0.243
XP_019076217.1,False,95.775,0.7712,False,defense_signaling,88.364,0.676,False,defense_signaling,95.532,0.7656,False,defense_signaling,XP_019076217.1 uncharacterized protein LOC100267175 isoform X2 [Vitis vinifera],-7.411,-0.243
XP_010651764.1,False,95.775,0.7712,False,defense_signaling,89.225,0.6858,False,defense_signaling,95.532,0.7656,False,defense_signaling,XP_010651764.1 uncharacterized protein LOC100267175 isoform X1 [Vitis vinifera],-6.55,-0.243
XP_010651765.1,False,95.775,0.7712,False,defense_signaling,89.225,0.6858,False,defense_signaling,95.532,0.7656,False,defense_signaling,XP_010651765.1 uncharacterized protein LOC100267175 isoform X1 [Vitis vinifera],-6.55,-0.243
XP_002272410.1,False,87.195,0.8555,False,cell_death_HR,86.931,0.8502,False,cell_death_HR,86.951,0.8483,False,cell_death_HR,XP_002272410.1 structural maintenance of chromosomes protein 5 [Vitis vinifera],-0.264,-0.244
XP_002281257.2,False,96.681,0.857,False,antimicrobial,97.379,0.8005,False,defense_signaling,96.435,0.8502,False,antimicrobial,XP_002281257.2 nuclear pore complex protein NUP155 isoform X2 [Vitis vinifera],0.698,-0.246
XP_010662691.1,False,21.228,-0.316,False,defense_signaling,21.964,-0.2884,False,defense_signaling,20.982,-0.3186,False,defense_signaling,XP_010662691.1 uncharacterized protein LOC104882192 [Vitis vinifera],0.736,-0.246
XP_010657762.1,False,98.543,1.6413,False,NBS_LRR,98.381,1.5341,False,NBS_LRR,98.297,1.5244,False,NBS_LRR,XP_010657762.1 putative disease resistance RPP13-like protein 1 isoform X2 [Vitis vinifera],-0.162,-0.246
XP_010662602.1,False,94.646,1.1695,False,NBS_LRR,94.149,1.0982,False,NBS_LRR,94.4,1.1168,False,NBS_LRR,XP_010662602.1 uncharacterized protein LOC100257019 [Vitis vinifera],-0.497,-0.246
XP_010650166.1,False,94.039,0.8027,False,antimicrobial,93.549,0.8731,False,antimicrobial,93.793,0.9242,False,antimicrobial,"XP_010650166.1 DNA mismatch repair protein MSH1, mitochondrial isoform X2 [Vitis vinifera]",-0.49,-0.246
XP_059595118.1,False,96.681,0.857,False,antimicrobial,97.768,0.8106,False,defense_signaling,96.435,0.8502,False,antimicrobial,XP_059595118.1 nuclear pore complex protein NUP155 isoform X1 [Vitis vinifera],1.087,-0.246
XP_010650335.1,False,95.759,0.7709,False,defense_signaling,97.106,0.7944,False,defense_signaling,95.513,0.7653,False,defense_signaling,XP_010650335.1 kinesin-like protein KIN-12B [Vitis vinifera],1.347,-0.246
XP_059599441.1,False,94.646,1.1695,False,NBS_LRR,94.149,1.0982,False,NBS_LRR,94.4,1.1168,False,NBS_LRR,XP_059599441.1 uncharacterized protein LOC100257019 [Vitis vinifera],-0.497,-0.246
XP_059599306.1,False,21.228,-0.316,False,defense_signaling,21.964,-0.2884,False,defense_signaling,20.982,-0.3186,False,defense_signaling,XP_059599306.1 uncharacterized protein LOC104882192 [Vitis vinifera],0.736,-0.246
XP_010655522.1,False,96.513,0.7832,False,defense_signaling,97.721,0.8092,False,defense_signaling,96.266,0.8904,False,antimicrobial,XP_010655522.1 pre-mRNA-splicing factor ATP-dependent RNA helicase DEAH7 [Vitis vinifera],1.208,-0.247
XP_010655515.1,False,96.513,0.7832,False,defense_signaling,97.721,0.8092,False,defense_signaling,96.266,0.8904,False,antimicrobial,XP_010655515.1 pre-mRNA-splicing factor ATP-dependent RNA helicase DEAH7 [Vitis vinifera],1.208,-0.247
XP_002264955.2,False,96.513,0.7832,False,defense_signaling,97.721,0.8092,False,defense_signaling,96.266,0.8904,False,antimicrobial,XP_002264955.2 pre-mRNA-splicing factor ATP-dependent RNA helicase DEAH7 [Vitis vinifera],1.208,-0.247
XP_059597725.1,False,99.155,1.7504,True,NBS_LRR,99.014,1.6527,True,NBS_LRR,98.906,1.6374,False,NBS_LRR,XP_059597725.1 putative disease resistance RPP13-like protein 1 isoform X1 [Vitis vinifera],-0.141,-0.249
XP_059597726.1,False,99.155,1.7504,True,NBS_LRR,99.014,1.6527,True,NBS_LRR,98.906,1.6374,False,NBS_LRR,XP_059597726.1 putative disease resistance RPP13-like protein 1 isoform X1 [Vitis vinifera],-0.141,-0.249
XP_059597727.1,False,99.155,1.7504,True,NBS_LRR,99.014,1.6527,True,NBS_LRR,98.906,1.6374,False,NBS_LRR,XP_059597727.1 putative disease resistance RPP13-like protein 1 isoform X1 [Vitis vinifera],-0.141,-0.249
XP_059597719.1,False,99.155,1.7504,True,NBS_LRR,99.014,1.6527,True,NBS_LRR,98.906,1.6374,False,NBS_LRR,XP_059597719.1 putative disease resistance RPP13-like protein 1 isoform X1 [Vitis vinifera],-0.141,-0.249
XP_059597728.1,False,99.155,1.7504,True,NBS_LRR,99.014,1.6527,True,NBS_LRR,98.906,1.6374,False,NBS_LRR,XP_059597728.1 putative disease resistance RPP13-like protein 1 isoform X1 [Vitis vinifera],-0.141,-0.249
XP_059597714.1,False,99.155,1.7504,True,NBS_LRR,99.014,1.6527,True,NBS_LRR,98.906,1.6374,False,NBS_LRR,XP_059597714.1 putative disease resistance RPP13-like protein 1 isoform X1 [Vitis vinifera],-0.141,-0.249
XP_010651641.1,False,93.818,0.7538,False,RLK_defense,85.57,0.6487,False,defense_signaling,93.569,0.7527,False,RLK_defense,XP_010651641.1 kinesin-like protein KIN-12E isoform X2 [Vitis vinifera],-8.248,-0.249
XP_019073260.2,False,99.155,1.7504,True,NBS_LRR,99.014,1.6527,True,NBS_LRR,98.906,1.6374,False,NBS_LRR,XP_019073260.2 putative disease resistance RPP13-like protein 1 isoform X1 [Vitis vinifera],-0.141,-0.249
XP_059597724.1,False,99.155,1.7504,True,NBS_LRR,99.014,1.6527,True,NBS_LRR,98.906,1.6374,False,NBS_LRR,XP_059597724.1 putative disease resistance RPP13-like protein 1 isoform X1 [Vitis vinifera],-0.141,-0.249
XP_059597715.1,False,99.155,1.7504,True,NBS_LRR,99.014,1.6527,True,NBS_LRR,98.906,1.6374,False,NBS_LRR,XP_059597715.1 putative disease resistance RPP13-like protein 1 isoform X1 [Vitis vinifera],-0.141,-0.249
XP_059597720.1,False,99.155,1.7504,True,NBS_LRR,99.014,1.6527,True,NBS_LRR,98.906,1.6374,False,NBS_LRR,XP_059597720.1 putative disease resistance RPP13-like protein 1 isoform X1 [Vitis vinifera],-0.141,-0.249
XP_010644043.1,False,77.818,0.5706,False,defense_signaling,78.379,0.5728,False,defense_signaling,77.569,0.5643,False,defense_signaling,XP_010644043.1 uncharacterized protein LOC100243589 isoform X1 [Vitis vinifera],0.561,-0.249
XP_059597718.1,False,99.155,1.7504,True,NBS_LRR,99.014,1.6527,True,NBS_LRR,98.906,1.6374,False,NBS_LRR,XP_059597718.1 putative disease resistance RPP13-like protein 1 isoform X1 [Vitis vinifera],-0.141,-0.249
XP_059597721.1,False,99.155,1.7504,True,NBS_LRR,99.014,1.6527,True,NBS_LRR,98.906,1.6374,False,NBS_LRR,XP_059597721.1 putative disease resistance RPP13-like protein 1 isoform X1 [Vitis vinifera],-0.141,-0.249
XP_059597722.1,False,99.155,1.7504,True,NBS_LRR,99.014,1.6527,True,NBS_LRR,98.906,1.6374,False,NBS_LRR,XP_059597722.1 putative disease resistance RPP13-like protein 1 isoform X1 [Vitis vinifera],-0.141,-0.249
XP_059597716.1,False,99.155,1.7504,True,NBS_LRR,99.014,1.6527,True,NBS_LRR,98.906,1.6374,False,NBS_LRR,XP_059597716.1 putative disease resistance RPP13-like protein 1 isoform X1 [Vitis vinifera],-0.141,-0.249
XP_059594327.1,False,99.235,1.7645,True,NBS_LRR,99.24,1.6805,True,NBS_LRR,98.984,1.6518,False,NBS_LRR,XP_059594327.1 putative disease resistance RPP13-like protein 1 isoform X1 [Vitis vinifera],0.005,-0.251
XP_059594328.1,False,99.235,1.7645,True,NBS_LRR,99.24,1.6805,True,NBS_LRR,98.984,1.6518,False,NBS_LRR,XP_059594328.1 putative disease resistance RPP13-like protein 1 isoform X1 [Vitis vinifera],0.005,-0.251
XP_059594329.1,False,99.235,1.7645,True,NBS_LRR,99.24,1.6805,True,NBS_LRR,98.984,1.6518,False,NBS_LRR,XP_059594329.1 putative disease resistance RPP13-like protein 1 isoform X1 [Vitis vinifera],0.005,-0.251
XP_059594330.1,False,99.235,1.7645,True,NBS_LRR,99.24,1.6805,True,NBS_LRR,98.984,1.6518,False,NBS_LRR,XP_059594330.1 putative disease resistance RPP13-like protein 1 isoform X1 [Vitis vinifera],0.005,-0.251
XP_059594331.1,False,99.235,1.7645,True,NBS_LRR,99.24,1.6805,True,NBS_LRR,98.984,1.6518,False,NBS_LRR,XP_059594331.1 putative disease resistance RPP13-like protein 1 isoform X1 [Vitis vinifera],0.005,-0.251
XP_059594326.1,False,99.235,1.7645,True,NBS_LRR,99.24,1.6805,True,NBS_LRR,98.984,1.6518,False,NBS_LRR,XP_059594326.1 putative disease resistance RPP13-like protein 1 isoform X1 [Vitis vinifera],0.005,-0.251
XP_059594332.1,False,99.235,1.7645,True,NBS_LRR,99.24,1.6805,True,NBS_LRR,98.984,1.6518,False,NBS_LRR,XP_059594332.1 putative disease resistance RPP13-like protein 1 isoform X1 [Vitis vinifera],0.005,-0.251
XP_059594333.1,False,99.235,1.7645,True,NBS_LRR,99.24,1.6805,True,NBS_LRR,98.984,1.6518,False,NBS_LRR,XP_059594333.1 putative disease resistance RPP13-like protein 1 isoform X1 [Vitis vinifera],0.005,-0.251
XP_059594334.1,False,99.235,1.7645,True,NBS_LRR,99.24,1.6805,True,NBS_LRR,98.984,1.6518,False,NBS_LRR,XP_059594334.1 putative disease resistance RPP13-like protein 1 isoform X1 [Vitis vinifera],0.005,-0.251
XP_059594335.1,False,99.235,1.7645,True,NBS_LRR,99.24,1.6805,True,NBS_LRR,98.984,1.6518,False,NBS_LRR,XP_059594335.1 putative disease resistance RPP13-like protein 1 isoform X1 [Vitis vinifera],0.005,-0.251
XP_059594336.1,False,99.235,1.7645,True,NBS_LRR,99.24,1.6805,True,NBS_LRR,98.984,1.6518,False,NBS_LRR,XP_059594336.1 putative disease resistance RPP13-like protein 1 isoform X1 [Vitis vinifera],0.005,-0.251
XP_010663148.1,False,85.762,0.8232,False,cell_death_HR,85.863,0.8277,False,cell_death_HR,85.509,0.8157,False,cell_death_HR,XP_010663148.1 uncharacterized protein LOC100257111 isoform X1 [Vitis vinifera],0.101,-0.253
XP_019075597.1,False,96.59,0.7841,False,defense_signaling,96.19,0.7774,False,defense_signaling,96.337,0.7785,False,defense_signaling,XP_019075597.1 protein GFS12 isoform X2 [Vitis vinifera],-0.4,-0.253
XP_010649613.1,False,96.59,0.7841,False,defense_signaling,96.648,0.7854,False,defense_signaling,96.337,0.7785,False,defense_signaling,XP_010649613.1 protein GFS12 isoform X1 [Vitis vinifera],0.058,-0.253
XP_010649614.1,False,96.59,0.7841,False,defense_signaling,92.73,0.7267,False,defense_signaling,96.337,0.7785,False,defense_signaling,XP_010649614.1 protein GFS12 isoform X4 [Vitis vinifera],-3.86,-0.253
XP_010649615.1,False,96.59,0.7841,False,defense_signaling,92.789,0.7274,False,defense_signaling,96.337,0.7785,False,defense_signaling,XP_010649615.1 protein GFS12 isoform X5 [Vitis vinifera],-3.801,-0.253
XP_003632816.1,False,85.63,0.8207,False,cell_death_HR,84.665,0.7998,False,cell_death_HR,85.376,0.8132,False,cell_death_HR,XP_003632816.1 protein REDUCED CHLOROPLAST COVERAGE 3 isoform X1 [Vitis vinifera],-0.965,-0.254
XP_002279779.1,False,96.604,0.8285,False,antimicrobial,96.786,0.7999,False,antimicrobial,96.348,0.8215,False,antimicrobial,XP_002279779.1 coatomer subunit alpha-1 [Vitis vinifera],0.182,-0.256
XP_059590835.1,False,86.016,0.8301,False,cell_death_HR,77.535,0.6626,False,cell_death_HR,85.76,0.8227,False,cell_death_HR,XP_059590835.1 retrovirus-related Pol polyprotein from transposon RE1 isoform X1 [Vitis vinifera],-8.481,-0.256
XP_010663783.1,False,96.607,0.7843,False,defense_signaling,93.626,0.7394,False,defense_signaling,96.351,0.7788,False,defense_signaling,XP_010663783.1 uncharacterized protein LOC100257713 isoform X2 [Vitis vinifera],-2.981,-0.256
XP_002280614.1,False,96.607,0.7843,False,defense_signaling,93.744,0.7408,False,defense_signaling,96.351,0.7788,False,defense_signaling,XP_002280614.1 uncharacterized protein LOC100257713 isoform X1 [Vitis vinifera],-2.863,-0.256
XP_059590360.1,False,89.706,0.7762,False,NBS_LRR,88.203,0.7187,False,NBS_LRR,89.448,0.7542,False,NBS_LRR,XP_059590360.1 pentatricopeptide repeat-containing protein At5g55840 [Vitis vinifera],-1.503,-0.258
XP_010665252.1,False,89.706,0.7762,False,NBS_LRR,88.203,0.7187,False,NBS_LRR,89.448,0.7542,False,NBS_LRR,XP_010665252.1 pentatricopeptide repeat-containing protein At5g55840 [Vitis vinifera],-1.503,-0.258
XP_059592651.1,False,85.287,0.8139,False,cell_death_HR,85.246,0.8135,False,cell_death_HR,85.029,0.8063,False,cell_death_HR,XP_059592651.1 ABC transporter B family member 11-like [Vitis vinifera],-0.041,-0.258
XP_059590356.1,False,89.706,0.7762,False,NBS_LRR,88.203,0.7187,False,NBS_LRR,89.448,0.7542,False,NBS_LRR,XP_059590356.1 pentatricopeptide repeat-containing protein At5g55840 [Vitis vinifera],-1.503,-0.258
XP_059590359.1,False,89.706,0.7762,False,NBS_LRR,88.203,0.7187,False,NBS_LRR,89.448,0.7542,False,NBS_LRR,XP_059590359.1 pentatricopeptide repeat-containing protein At5g55840 [Vitis vinifera],-1.503,-0.258
XP_059590358.1,False,89.706,0.7762,False,NBS_LRR,88.203,0.7187,False,NBS_LRR,89.448,0.7542,False,NBS_LRR,XP_059590358.1 pentatricopeptide repeat-containing protein At5g55840 [Vitis vinifera],-1.503,-0.258
XP_059590357.1,False,89.706,0.7762,False,NBS_LRR,88.203,0.7187,False,NBS_LRR,89.448,0.7542,False,NBS_LRR,XP_059590357.1 pentatricopeptide repeat-containing protein At5g55840 [Vitis vinifera],-1.503,-0.258
XP_059590362.1,False,89.706,0.7762,False,NBS_LRR,88.203,0.7187,False,NBS_LRR,89.448,0.7542,False,NBS_LRR,XP_059590362.1 pentatricopeptide repeat-containing protein At5g55840 [Vitis vinifera],-1.503,-0.258
XP_019072237.1,False,89.706,0.7762,False,NBS_LRR,88.203,0.7187,False,NBS_LRR,89.448,0.7542,False,NBS_LRR,XP_019072237.1 pentatricopeptide repeat-containing protein At5g55840 [Vitis vinifera],-1.503,-0.258
XP_059594434.1,False,94.259,0.7495,False,defense_signaling,93.616,0.7391,False,defense_signaling,94.001,0.7437,False,defense_signaling,XP_059594434.1 uncharacterized protein LOC100263199 isoform X2 [Vitis vinifera],-0.643,-0.258
XP_059594433.1,False,94.259,0.7495,False,defense_signaling,93.823,0.7418,False,defense_signaling,94.001,0.7437,False,defense_signaling,XP_059594433.1 uncharacterized protein LOC100263199 isoform X1 [Vitis vinifera],-0.436,-0.258
XP_019072238.1,False,89.706,0.7762,False,NBS_LRR,88.203,0.7187,False,NBS_LRR,89.448,0.7542,False,NBS_LRR,XP_019072238.1 pentatricopeptide repeat-containing protein At5g55840 [Vitis vinifera],-1.503,-0.258
XP_059590361.1,False,89.706,0.7762,False,NBS_LRR,88.203,0.7187,False,NBS_LRR,89.448,0.7542,False,NBS_LRR,XP_059590361.1 pentatricopeptide repeat-containing protein At5g55840 [Vitis vinifera],-1.503,-0.258
XP_010653802.1,False,94.989,0.76,False,defense_signaling,95.516,0.7667,False,defense_signaling,94.728,0.7543,False,defense_signaling,XP_010653802.1 DNA-directed RNA polymerase I subunit 1 [Vitis vinifera],0.527,-0.261
XP_059597604.1,False,99.476,1.7869,True,NBS_LRR,99.269,1.6852,True,NBS_LRR,99.215,1.6792,True,NBS_LRR,XP_059597604.1 putative disease resistance protein RGA4 [Vitis vinifera],-0.207,-0.261
XP_002274609.1,False,94.984,0.7599,False,defense_signaling,96.815,0.7894,False,defense_signaling,94.723,0.7542,False,defense_signaling,"XP_002274609.1 probable inactive ATP-dependent zinc metalloprotease FTSHI 5, chloroplastic [Vitis vinifera]",1.831,-0.261
XP_059597569.1,False,98.605,1.6617,False,NBS_LRR,98.356,1.5272,False,NBS_LRR,98.344,1.5364,False,NBS_LRR,XP_059597569.1 putative disease resistance RPP13-like protein 1 isoform X2 [Vitis vinifera],-0.249,-0.261
XP_059597567.1,False,98.605,1.6617,False,NBS_LRR,98.356,1.5272,False,NBS_LRR,98.344,1.5364,False,NBS_LRR,XP_059597567.1 putative disease resistance RPP13-like protein 1 isoform X2 [Vitis vinifera],-0.249,-0.261
XP_019079796.1,False,99.476,1.7869,True,NBS_LRR,99.269,1.6852,True,NBS_LRR,99.215,1.6792,True,NBS_LRR,XP_019079796.1 putative disease resistance protein RGA4 [Vitis vinifera],-0.207,-0.261
XP_019079791.1,False,99.476,1.7869,True,NBS_LRR,99.269,1.6852,True,NBS_LRR,99.215,1.6792,True,NBS_LRR,XP_019079791.1 putative disease resistance protein RGA4 [Vitis vinifera],-0.207,-0.261
XP_059597568.1,False,98.605,1.6617,False,NBS_LRR,98.356,1.5272,False,NBS_LRR,98.344,1.5364,False,NBS_LRR,XP_059597568.1 putative disease resistance RPP13-like protein 1 isoform X2 [Vitis vinifera],-0.249,-0.261
XP_059597571.1,False,98.605,1.6617,False,NBS_LRR,98.356,1.5272,False,NBS_LRR,98.344,1.5364,False,NBS_LRR,XP_059597571.1 putative disease resistance RPP13-like protein 1 isoform X2 [Vitis vinifera],-0.249,-0.261
XP_059597570.1,False,98.605,1.6617,False,NBS_LRR,98.356,1.5272,False,NBS_LRR,98.344,1.5364,False,NBS_LRR,XP_059597570.1 putative disease resistance RPP13-like protein 1 isoform X2 [Vitis vinifera],-0.249,-0.261
XP_019077763.1,False,85.275,0.8134,False,cell_death_HR,82.553,0.7572,False,cell_death_HR,85.014,0.8059,False,cell_death_HR,XP_019077763.1 protein REDUCED CHLOROPLAST COVERAGE 3 isoform X2 [Vitis vinifera],-2.722,-0.261
XP_010650327.1,False,94.966,0.7597,False,defense_signaling,88.6,0.7314,False,antimicrobial,94.704,0.7813,False,cell_death_HR,XP_010650327.1 uncharacterized protein LOC100255444 [Vitis vinifera],-6.366,-0.262
XP_010652786.1,False,94.273,0.7495,False,defense_signaling,93.901,0.7433,False,defense_signaling,94.01,0.7438,False,defense_signaling,XP_010652786.1 kinesin-like protein KIN-4A isoform X2 [Vitis vinifera],-0.372,-0.263
XP_010664436.1,False,95.063,0.7614,False,defense_signaling,86.466,0.6819,False,cell_death_HR,94.8,0.9565,False,cell_death_HR,XP_010664436.1 E3 ubiquitin-protein ligase UPL2 [Vitis vinifera],-8.597,-0.263
XP_059595698.1,False,91.741,0.9723,False,NBS_LRR,91.536,0.936,False,NBS_LRR,91.477,0.933,False,NBS_LRR,XP_059595698.1 receptor-like protein EIX1 [Vitis vinifera],-0.205,-0.264
XP_019077767.1,False,91.741,0.9723,False,NBS_LRR,91.536,0.936,False,NBS_LRR,91.477,0.933,False,NBS_LRR,XP_019077767.1 receptor-like protein EIX1 [Vitis vinifera],-0.205,-0.264
XP_059591428.1,False,92.959,0.8875,False,antimicrobial,95.464,1.0197,False,antimicrobial,92.695,0.9245,False,antimicrobial,XP_059591428.1 ABC transporter C family member 3-like [Vitis vinifera],2.505,-0.264
XP_059595697.1,False,91.741,0.9723,False,NBS_LRR,91.536,0.936,False,NBS_LRR,91.477,0.933,False,NBS_LRR,XP_059595697.1 receptor-like protein EIX1 [Vitis vinifera],-0.205,-0.264
XP_059595853.1,False,93.522,0.7396,False,defense_signaling,93.269,0.7344,False,defense_signaling,93.257,0.7339,False,defense_signaling,XP_059595853.1 uncharacterized protein LOC116803646 isoform X1 [Vitis vinifera],-0.253,-0.265
XP_010653585.1,False,93.644,0.7409,False,defense_signaling,86.785,0.6599,False,defense_signaling,93.378,0.7352,False,defense_signaling,XP_010653585.1 ethylene-insensitive protein 2.2 [Vitis vinifera],-6.859,-0.266
XP_010655113.1,False,92.203,1.0011,False,NBS_LRR,91.984,0.9632,False,NBS_LRR,91.937,0.9607,False,NBS_LRR,XP_010655113.1 receptor-like protein EIX2 [Vitis vinifera],-0.219,-0.266
XP_059592324.1,False,93.616,0.7405,False,defense_signaling,93.335,0.7354,False,defense_signaling,93.35,0.7347,False,defense_signaling,XP_059592324.1 protein PIR isoform X1 [Vitis vinifera],-0.281,-0.266
XP_002276399.1,False,93.644,0.7409,False,defense_signaling,86.785,0.6599,False,defense_signaling,93.378,0.7352,False,defense_signaling,XP_002276399.1 ethylene-insensitive protein 2.2 [Vitis vinifera],-6.859,-0.266
XP_059595008.1,False,93.644,0.7409,False,defense_signaling,86.785,0.6599,False,defense_signaling,93.378,0.7352,False,defense_signaling,XP_059595008.1 ethylene-insensitive protein 2.2 [Vitis vinifera],-6.859,-0.266
XP_059595005.1,False,93.644,0.7409,False,defense_signaling,86.785,0.6599,False,defense_signaling,93.378,0.7352,False,defense_signaling,XP_059595005.1 ethylene-insensitive protein 2.2 [Vitis vinifera],-6.859,-0.266
XP_059595007.1,False,93.644,0.7409,False,defense_signaling,86.785,0.6599,False,defense_signaling,93.378,0.7352,False,defense_signaling,XP_059595007.1 ethylene-insensitive protein 2.2 [Vitis vinifera],-6.859,-0.266
XP_059595006.1,False,93.644,0.7409,False,defense_signaling,86.785,0.6599,False,defense_signaling,93.378,0.7352,False,defense_signaling,XP_059595006.1 ethylene-insensitive protein 2.2 [Vitis vinifera],-6.859,-0.266
XP_010664916.2,False,93.594,0.7401,False,defense_signaling,93.562,0.7385,False,defense_signaling,93.328,0.7344,False,defense_signaling,XP_010664916.2 uncharacterized protein LOC104882599 [Vitis vinifera],-0.032,-0.266
XP_010649668.1,False,94.822,0.757,False,defense_signaling,71.028,0.5013,False,defense_signaling,94.554,0.7513,False,defense_signaling,XP_010649668.1 kinesin-like protein KIN-12C isoform X1 [Vitis vinifera],-23.794,-0.268
XP_010657085.1,False,93.289,0.7362,False,defense_signaling,95.691,0.7693,False,defense_signaling,93.02,0.7304,False,defense_signaling,XP_010657085.1 uncharacterized protein LOC100248975 isoform X1 [Vitis vinifera],2.402,-0.269
XP_002276624.2,False,94.778,0.7562,False,defense_signaling,93.414,0.7369,False,defense_signaling,94.509,0.7505,False,defense_signaling,XP_002276624.2 protein unc-13 homolog isoform X1 [Vitis vinifera],-1.364,-0.269
XP_059591874.1,False,94.795,0.7565,False,defense_signaling,70.767,0.4984,False,defense_signaling,94.526,0.7508,False,defense_signaling,XP_059591874.1 kinesin-like protein KIN-12D [Vitis vinifera],-24.028,-0.269
XP_059594546.1,False,94.768,0.7561,False,defense_signaling,89.459,0.6882,False,defense_signaling,94.499,0.7504,False,defense_signaling,XP_059594546.1 kinesin-like protein KIN-14B [Vitis vinifera],-5.309,-0.269
XP_010662436.1,False,93.101,1.0586,False,NBS_LRR,93.02,1.024,False,NBS_LRR,92.831,1.0155,False,NBS_LRR,XP_010662436.1 receptor-like protein EIX2 isoform X1 [Vitis vinifera],-0.081,-0.27
XP_059597333.1,False,96.618,0.9885,False,NBS_LRR,96.444,0.9861,False,NBS_LRR,96.348,0.9946,False,NBS_LRR,XP_059597333.1 probable leucine-rich repeat receptor-like protein kinase At1g35710 [Vitis vinifera],-0.174,-0.27
XP_010659873.1,False,93.252,0.7356,False,defense_signaling,83.023,0.6198,False,defense_signaling,92.981,0.7298,False,defense_signaling,XP_010659873.1 mediator of RNA polymerase II transcription subunit 14 [Vitis vinifera],-10.229,-0.271
XP_010649669.1,False,94.871,0.7578,False,defense_signaling,70.809,0.4987,False,defense_signaling,94.6,0.7521,False,defense_signaling,XP_010649669.1 kinesin-like protein KIN-12C isoform X2 [Vitis vinifera],-24.062,-0.271
XP_059597421.1,False,96.762,1.3719,False,NBS_LRR,96.55,1.285,False,NBS_LRR,96.49,1.2664,False,NBS_LRR,XP_059597421.1 putative disease resistance protein At3g14460 isoform X1 [Vitis vinifera],-0.212,-0.272
XP_059597418.1,False,96.762,1.3719,False,NBS_LRR,96.55,1.285,False,NBS_LRR,96.49,1.2664,False,NBS_LRR,XP_059597418.1 putative disease resistance protein At3g14460 isoform X1 [Vitis vinifera],-0.212,-0.272
XP_059597419.1,False,96.762,1.3719,False,NBS_LRR,96.55,1.285,False,NBS_LRR,96.49,1.2664,False,NBS_LRR,XP_059597419.1 putative disease resistance protein At3g14460 isoform X1 [Vitis vinifera],-0.212,-0.272
XP_059597420.1,False,96.762,1.3719,False,NBS_LRR,96.55,1.285,False,NBS_LRR,96.49,1.2664,False,NBS_LRR,XP_059597420.1 putative disease resistance protein At3g14460 isoform X1 [Vitis vinifera],-0.212,-0.272
XP_059597423.1,False,96.762,1.3719,False,NBS_LRR,96.55,1.285,False,NBS_LRR,96.49,1.2664,False,NBS_LRR,XP_059597423.1 putative disease resistance protein At3g14460 isoform X1 [Vitis vinifera],-0.212,-0.272
XP_059597422.1,False,96.762,1.3719,False,NBS_LRR,96.55,1.285,False,NBS_LRR,96.49,1.2664,False,NBS_LRR,XP_059597422.1 putative disease resistance protein At3g14460 isoform X1 [Vitis vinifera],-0.212,-0.272
XP_059597416.1,False,96.762,1.3719,False,NBS_LRR,96.55,1.285,False,NBS_LRR,96.49,1.2664,False,NBS_LRR,XP_059597416.1 putative disease resistance protein At3g14460 isoform X1 [Vitis vinifera],-0.212,-0.272
XP_059597424.1,False,96.762,1.3719,False,NBS_LRR,96.55,1.285,False,NBS_LRR,96.49,1.2664,False,NBS_LRR,XP_059597424.1 putative disease resistance protein At3g14460 isoform X1 [Vitis vinifera],-0.212,-0.272
XP_059597425.1,False,96.762,1.3719,False,NBS_LRR,96.55,1.285,False,NBS_LRR,96.49,1.2664,False,NBS_LRR,XP_059597425.1 putative disease resistance protein At3g14460 isoform X1 [Vitis vinifera],-0.212,-0.272
XP_059597417.1,False,96.762,1.3719,False,NBS_LRR,96.55,1.285,False,NBS_LRR,96.49,1.2664,False,NBS_LRR,XP_059597417.1 putative disease resistance protein At3g14460 isoform X1 [Vitis vinifera],-0.212,-0.272
XP_059597415.1,False,96.762,1.3719,False,NBS_LRR,96.55,1.285,False,NBS_LRR,96.49,1.2664,False,NBS_LRR,XP_059597415.1 putative disease resistance protein At3g14460 isoform X1 [Vitis vinifera],-0.212,-0.272
XP_010654554.1,False,94.494,0.7523,False,defense_signaling,94.416,0.7505,False,defense_signaling,94.221,0.7466,False,defense_signaling,XP_010654554.1 uncharacterized protein LOC100249600 [Vitis vinifera],-0.078,-0.273
XP_059595969.1,False,93.154,0.7339,False,defense_signaling,96.945,0.8108,False,antimicrobial,92.881,0.8857,False,antimicrobial,XP_059595969.1 callose synthase 11-like [Vitis vinifera],3.791,-0.273
XP_059595968.1,False,93.154,0.7339,False,defense_signaling,96.945,0.8108,False,antimicrobial,92.881,0.8857,False,antimicrobial,XP_059595968.1 callose synthase 11-like [Vitis vinifera],3.791,-0.273
XP_010659950.1,False,93.121,0.7334,False,defense_signaling,92.841,0.7281,False,defense_signaling,92.846,0.7276,False,defense_signaling,XP_010659950.1 uncharacterized protein LOC100264068 isoform X1 [Vitis vinifera],-0.28,-0.275
XP_002274051.1,False,91.787,0.9244,False,antimicrobial,91.322,0.9139,False,antimicrobial,91.512,0.9178,False,antimicrobial,XP_002274051.1 DNA-directed RNA polymerase II subunit RPB2 [Vitis vinifera],-0.465,-0.275
XP_059595744.1,False,92.811,1.0382,False,NBS_LRR,92.58,0.995,False,NBS_LRR,92.535,0.9968,False,NBS_LRR,XP_059595744.1 receptor-like protein EIX1 isoform X2 [Vitis vinifera],-0.231,-0.276
XP_059592325.1,False,93.419,0.738,False,defense_signaling,93.092,0.7314,False,defense_signaling,93.143,0.7322,False,defense_signaling,XP_059592325.1 protein PIR isoform X2 [Vitis vinifera],-0.327,-0.276
XP_010656443.1,False,93.295,0.7362,False,defense_signaling,94.907,0.7582,False,defense_signaling,93.017,0.7304,False,defense_signaling,XP_010656443.1 uncharacterized protein LOC100256021 isoform X3 [Vitis vinifera],1.612,-0.278
XP_059592730.1,False,93.072,0.733,False,defense_signaling,92.486,0.7237,False,defense_signaling,92.794,0.7272,False,defense_signaling,XP_059592730.1 importin beta-like SAD2 homolog isoform X1 [Vitis vinifera],-0.586,-0.278
XP_019077766.1,False,91.942,0.9842,False,NBS_LRR,91.731,0.9479,False,NBS_LRR,91.664,0.945,False,NBS_LRR,XP_019077766.1 receptor-like protein EIX1 [Vitis vinifera],-0.211,-0.278
XP_019078592.1,False,93.295,0.7362,False,defense_signaling,94.907,0.7582,False,defense_signaling,93.017,0.7304,False,defense_signaling,XP_019078592.1 uncharacterized protein LOC100256021 isoform X3 [Vitis vinifera],1.612,-0.278
XP_010649670.1,False,94.631,0.7539,False,defense_signaling,70.132,0.4921,False,defense_signaling,94.352,0.7482,False,defense_signaling,XP_010649670.1 kinesin-like protein KIN-12C isoform X3 [Vitis vinifera],-24.499,-0.279
XP_019073214.1,False,99.249,1.7647,True,NBS_LRR,99.254,1.681,True,NBS_LRR,98.969,1.6514,False,NBS_LRR,XP_019073214.1 putative disease resistance RPP13-like protein 1 isoform X1 [Vitis vinifera],0.005,-0.28
XP_002267766.1,False,92.673,0.7308,False,antimicrobial,92.713,0.8821,False,antimicrobial,92.393,0.8848,False,antimicrobial,XP_002267766.1 DExH-box ATP-dependent RNA helicase DExH15 chloroplastic [Vitis vinifera],0.04,-0.28
XP_002266505.1,False,91.952,0.9276,False,antimicrobial,93.286,0.9562,False,antimicrobial,91.672,0.9211,False,antimicrobial,XP_002266505.1 ABC transporter B family member 1 [Vitis vinifera],1.334,-0.28
XP_019082167.1,False,82.878,0.7629,False,cell_death_HR,82.548,0.7572,False,cell_death_HR,82.593,0.755,False,cell_death_HR,XP_019082167.1 zinc finger protein BRUTUS isoform X3 [Vitis vinifera],-0.33,-0.285
XP_059598206.1,False,54.447,0.263,False,cell_death_HR,27.419,-0.1345,False,defense_signaling,54.162,0.2515,False,cell_death_HR,XP_059598206.1 protein RNA-directed DNA methylation 3 isoform X2 [Vitis vinifera],-27.028,-0.285
XP_059598448.1,False,93.01,0.7321,False,defense_signaling,92.87,0.7285,False,defense_signaling,92.725,0.7263,False,defense_signaling,XP_059598448.1 uncharacterized protein LOC100264068 isoform X2 [Vitis vinifera],-0.14,-0.285
XP_002268371.1,False,92.414,0.9388,False,antimicrobial,91.828,0.9714,False,cell_death_HR,92.128,0.9323,False,antimicrobial,XP_002268371.1 cleavage and polyadenylation specificity factor subunit 1 isoform X2 [Vitis vinifera],-0.586,-0.286
XP_059590838.1,False,84.392,0.7949,False,cell_death_HR,74.623,0.6164,False,cell_death_HR,84.106,0.7872,False,cell_death_HR,XP_059590838.1 retrovirus-related Pol polyprotein from transposon RE1 isoform X3 [Vitis vinifera],-9.769,-0.286
XP_059595270.1,False,92.981,0.7317,False,defense_signaling,94.219,0.7754,False,antimicrobial,92.695,0.7944,False,antimicrobial,XP_059595270.1 pre-mRNA-splicing factor prp12 isoform X1 [Vitis vinifera],1.238,-0.286
XP_010648467.1,False,93.006,0.732,False,defense_signaling,92.922,0.7291,False,defense_signaling,92.72,0.7262,False,defense_signaling,XP_010648467.1 DDB1- and CUL4-associated factor homolog 1 [Vitis vinifera],-0.084,-0.286
XP_059599304.1,False,92.414,0.9388,False,antimicrobial,91.828,0.9714,False,cell_death_HR,92.128,0.9323,False,antimicrobial,XP_059599304.1 cleavage and polyadenylation specificity factor subunit 1 isoform X2 [Vitis vinifera],-0.586,-0.286
XP_059597093.1,False,98.03,1.5551,False,NBS_LRR,97.513,1.4261,False,NBS_LRR,97.742,1.4213,False,NBS_LRR,XP_059597093.1 putative disease resistance RPP13-like protein 1 isoform X1 [Vitis vinifera],-0.517,-0.288
XP_019080947.1,False,83.096,0.7675,False,cell_death_HR,72.23,0.5704,False,cell_death_HR,82.808,0.7596,False,cell_death_HR,XP_019080947.1 formin-like protein 14 [Vitis vinifera],-10.866,-0.288
XP_059597085.1,False,98.03,1.5551,False,NBS_LRR,97.513,1.4261,False,NBS_LRR,97.742,1.4213,False,NBS_LRR,XP_059597085.1 putative disease resistance RPP13-like protein 1 isoform X1 [Vitis vinifera],-0.517,-0.288
XP_059597086.1,False,98.03,1.5551,False,NBS_LRR,97.513,1.4261,False,NBS_LRR,97.742,1.4213,False,NBS_LRR,XP_059597086.1 putative disease resistance RPP13-like protein 1 isoform X1 [Vitis vinifera],-0.517,-0.288
XP_059597087.1,False,98.03,1.5551,False,NBS_LRR,97.513,1.4261,False,NBS_LRR,97.742,1.4213,False,NBS_LRR,XP_059597087.1 putative disease resistance RPP13-like protein 1 isoform X1 [Vitis vinifera],-0.517,-0.288
XP_059597088.1,False,98.03,1.5551,False,NBS_LRR,97.513,1.4261,False,NBS_LRR,97.742,1.4213,False,NBS_LRR,XP_059597088.1 putative disease resistance RPP13-like protein 1 isoform X1 [Vitis vinifera],-0.517,-0.288
XP_059597089.1,False,98.03,1.5551,False,NBS_LRR,97.513,1.4261,False,NBS_LRR,97.742,1.4213,False,NBS_LRR,XP_059597089.1 putative disease resistance RPP13-like protein 1 isoform X1 [Vitis vinifera],-0.517,-0.288
XP_059597090.1,False,98.03,1.5551,False,NBS_LRR,97.513,1.4261,False,NBS_LRR,97.742,1.4213,False,NBS_LRR,XP_059597090.1 putative disease resistance RPP13-like protein 1 isoform X1 [Vitis vinifera],-0.517,-0.288
XP_059597091.1,False,98.03,1.5551,False,NBS_LRR,97.513,1.4261,False,NBS_LRR,97.742,1.4213,False,NBS_LRR,XP_059597091.1 putative disease resistance RPP13-like protein 1 isoform X1 [Vitis vinifera],-0.517,-0.288
XP_059597092.1,False,98.03,1.5551,False,NBS_LRR,97.513,1.4261,False,NBS_LRR,97.742,1.4213,False,NBS_LRR,XP_059597092.1 putative disease resistance RPP13-like protein 1 isoform X1 [Vitis vinifera],-0.517,-0.288
XP_010665430.1,False,83.096,0.7675,False,cell_death_HR,72.23,0.5704,False,cell_death_HR,82.808,0.7596,False,cell_death_HR,XP_010665430.1 formin-like protein 14 [Vitis vinifera],-10.866,-0.288
XP_059597094.1,False,98.03,1.5551,False,NBS_LRR,97.513,1.4261,False,NBS_LRR,97.742,1.4213,False,NBS_LRR,XP_059597094.1 putative disease resistance RPP13-like protein 1 isoform X1 [Vitis vinifera],-0.517,-0.288
XP_010657753.1,False,98.03,1.5551,False,NBS_LRR,97.513,1.4261,False,NBS_LRR,97.742,1.4213,False,NBS_LRR,XP_010657753.1 putative disease resistance RPP13-like protein 1 isoform X1 [Vitis vinifera],-0.517,-0.288
XP_010657746.1,False,98.03,1.5551,False,NBS_LRR,97.513,1.4261,False,NBS_LRR,97.742,1.4213,False,NBS_LRR,XP_010657746.1 putative disease resistance RPP13-like protein 1 isoform X1 [Vitis vinifera],-0.517,-0.288
XP_019079221.1,False,98.03,1.5551,False,NBS_LRR,97.513,1.4261,False,NBS_LRR,97.742,1.4213,False,NBS_LRR,XP_019079221.1 putative disease resistance RPP13-like protein 1 isoform X1 [Vitis vinifera],-0.517,-0.288
XP_019079224.1,False,98.03,1.5551,False,NBS_LRR,97.513,1.4261,False,NBS_LRR,97.742,1.4213,False,NBS_LRR,XP_019079224.1 putative disease resistance RPP13-like protein 1 isoform X1 [Vitis vinifera],-0.517,-0.288
XP_019079226.1,False,98.03,1.5551,False,NBS_LRR,97.513,1.4261,False,NBS_LRR,97.742,1.4213,False,NBS_LRR,XP_019079226.1 putative disease resistance RPP13-like protein 1 isoform X1 [Vitis vinifera],-0.517,-0.288
XP_019079227.1,False,98.03,1.5551,False,NBS_LRR,97.513,1.4261,False,NBS_LRR,97.742,1.4213,False,NBS_LRR,XP_019079227.1 putative disease resistance RPP13-like protein 1 isoform X1 [Vitis vinifera],-0.517,-0.288
XP_010661185.1,False,99.817,1.8282,True,NBS_LRR,99.724,1.7398,True,NBS_LRR,99.526,1.7308,True,NBS_LRR,XP_010661185.1 disease resistance protein RGA2 isoform X2 [Vitis vinifera],-0.093,-0.291
XP_019081676.1,False,92.548,0.9409,False,antimicrobial,90.53,0.9199,False,cell_death_HR,92.257,0.9344,False,antimicrobial,XP_019081676.1 cleavage and polyadenylation specificity factor subunit 1 isoform X3 [Vitis vinifera],-2.018,-0.291
XP_019081674.1,False,92.548,0.9409,False,antimicrobial,90.519,0.9336,False,cell_death_HR,92.257,0.9344,False,antimicrobial,XP_019081674.1 cleavage and polyadenylation specificity factor subunit 1 isoform X1 [Vitis vinifera],-2.029,-0.291
XP_002275171.2,False,99.817,1.8282,True,NBS_LRR,99.776,1.7488,True,NBS_LRR,99.526,1.7308,True,NBS_LRR,XP_002275171.2 disease resistance protein RGA2 isoform X1 [Vitis vinifera],-0.041,-0.291
XP_019081675.1,False,92.548,0.9409,False,antimicrobial,90.519,0.9336,False,cell_death_HR,92.257,0.9344,False,antimicrobial,XP_019081675.1 cleavage and polyadenylation specificity factor subunit 1 isoform X1 [Vitis vinifera],-2.029,-0.291
XP_010659502.1,False,97.44,1.4873,False,NBS_LRR,98.066,1.4827,False,NBS_LRR,97.148,1.3685,False,NBS_LRR,XP_010659502.1 putative disease resistance RPP13-like protein 1 [Vitis vinifera],0.626,-0.292
XP_010659498.1,False,97.44,1.4873,False,NBS_LRR,98.066,1.4827,False,NBS_LRR,97.148,1.3685,False,NBS_LRR,XP_010659498.1 putative disease resistance RPP13-like protein 1 [Vitis vinifera],0.626,-0.292
XP_059597791.1,False,97.44,1.4873,False,NBS_LRR,98.066,1.4827,False,NBS_LRR,97.148,1.3685,False,NBS_LRR,XP_059597791.1 putative disease resistance RPP13-like protein 1 [Vitis vinifera],0.626,-0.292
XP_059597792.1,False,97.44,1.4873,False,NBS_LRR,98.066,1.4827,False,NBS_LRR,97.148,1.3685,False,NBS_LRR,XP_059597792.1 putative disease resistance RPP13-like protein 1 [Vitis vinifera],0.626,-0.292
XP_019079864.1,False,97.44,1.4873,False,NBS_LRR,98.066,1.4827,False,NBS_LRR,97.148,1.3685,False,NBS_LRR,XP_019079864.1 putative disease resistance RPP13-like protein 1 [Vitis vinifera],0.626,-0.292
XP_019079863.1,False,97.44,1.4873,False,NBS_LRR,98.066,1.4827,False,NBS_LRR,97.148,1.3685,False,NBS_LRR,XP_019079863.1 putative disease resistance RPP13-like protein 1 [Vitis vinifera],0.626,-0.292
XP_002271822.3,False,97.44,1.4873,False,NBS_LRR,98.066,1.4827,False,NBS_LRR,97.148,1.3685,False,NBS_LRR,XP_002271822.3 putative disease resistance RPP13-like protein 1 [Vitis vinifera],0.626,-0.292
XP_059593154.1,False,42.782,0.1719,False,defense_signaling,43.156,0.1745,False,defense_signaling,42.489,0.1638,False,defense_signaling,XP_059593154.1 uncharacterized protein LOC100268093 isoform X5 [Vitis vinifera],0.374,-0.293
XP_059592263.1,False,82.62,0.7577,False,cell_death_HR,79.779,0.7044,False,cell_death_HR,82.324,0.7497,False,cell_death_HR,XP_059592263.1 formin-like protein 18 isoform X2 [Vitis vinifera],-2.841,-0.296
XP_010649658.1,False,77.689,0.5687,False,defense_signaling,77.078,0.5597,False,defense_signaling,77.393,0.5622,False,defense_signaling,XP_010649658.1 DEAD-box ATP-dependent RNA helicase 46 isoform X1 [Vitis vinifera],-0.611,-0.296
XP_059592722.1,False,77.689,0.5687,False,defense_signaling,77.078,0.5597,False,defense_signaling,77.393,0.5622,False,defense_signaling,XP_059592722.1 DEAD-box ATP-dependent RNA helicase 46 isoform X1 [Vitis vinifera],-0.611,-0.296
XP_019075595.1,False,77.689,0.5687,False,defense_signaling,77.078,0.5597,False,defense_signaling,77.393,0.5622,False,defense_signaling,XP_019075595.1 DEAD-box ATP-dependent RNA helicase 46 isoform X1 [Vitis vinifera],-0.611,-0.296
XP_059592262.1,False,82.62,0.7577,False,cell_death_HR,78.766,0.6863,False,cell_death_HR,82.324,0.7497,False,cell_death_HR,XP_059592262.1 formin-like protein 18 isoform X1 [Vitis vinifera],-3.854,-0.296
XP_059592264.1,False,82.62,0.7577,False,cell_death_HR,82.469,0.7548,False,cell_death_HR,82.324,0.7497,False,cell_death_HR,XP_059592264.1 formin-like protein 18 isoform X3 [Vitis vinifera],-0.151,-0.296
XP_059597966.1,False,98.573,1.6488,False,NBS_LRR,98.048,1.48,False,NBS_LRR,98.277,1.5222,False,NBS_LRR,XP_059597966.1 putative disease resistance protein At3g14460 [Vitis vinifera],-0.525,-0.296
XP_010649657.1,False,77.689,0.5687,False,defense_signaling,77.078,0.5597,False,defense_signaling,77.393,0.5622,False,defense_signaling,XP_010649657.1 DEAD-box ATP-dependent RNA helicase 46 isoform X1 [Vitis vinifera],-0.611,-0.296
XP_010660414.1,False,78.829,0.5805,False,defense_signaling,78.994,0.5791,False,defense_signaling,78.532,0.574,False,defense_signaling,XP_010660414.1 uncharacterized protein LOC100265120 [Vitis vinifera],0.165,-0.297
XP_010658320.1,False,78.551,0.5779,False,defense_signaling,63.061,0.4175,False,defense_signaling,78.254,0.5714,False,defense_signaling,XP_010658320.1 uncharacterized protein LOC100254715 [Vitis vinifera],-15.49,-0.297
XP_010662726.1,False,52.547,0.2987,False,defense_signaling,52.542,0.2969,False,defense_signaling,52.249,0.2917,False,defense_signaling,XP_010662726.1 uncharacterized protein LOC100264485 isoform X2 [Vitis vinifera],-0.005,-0.298
XP_002285403.4,False,77.919,0.5715,False,defense_signaling,76.848,0.5577,False,defense_signaling,77.621,0.5649,False,defense_signaling,XP_002285403.4 protein unc-13 homolog [Vitis vinifera],-1.071,-0.298
XP_010663903.1,False,78.303,0.5754,False,defense_signaling,75.357,0.572,False,antimicrobial,78.005,0.6328,False,antimicrobial,XP_010663903.1 uncharacterized protein LOC100255247 [Vitis vinifera],-2.946,-0.298
XP_002282469.2,False,92.401,0.7241,False,defense_signaling,94.135,0.7466,False,defense_signaling,92.101,0.7182,False,defense_signaling,XP_002282469.2 uncharacterized protein LOC100261097 isoform X1 [Vitis vinifera],1.734,-0.3
XP_059592723.1,False,77.484,0.5672,False,defense_signaling,76.008,0.5496,False,defense_signaling,77.184,0.5607,False,defense_signaling,XP_059592723.1 DEAD-box ATP-dependent RNA helicase 46 isoform X2 [Vitis vinifera],-1.476,-0.3
XP_010656477.1,False,92.401,0.7241,False,defense_signaling,93.668,0.74,False,defense_signaling,92.101,0.7182,False,defense_signaling,XP_010656477.1 uncharacterized protein LOC100261097 isoform X3 [Vitis vinifera],1.267,-0.3
XP_010649659.1,False,77.484,0.5672,False,defense_signaling,76.008,0.5496,False,defense_signaling,77.184,0.5607,False,defense_signaling,XP_010649659.1 DEAD-box ATP-dependent RNA helicase 46 isoform X2 [Vitis vinifera],-1.476,-0.3
XP_010664218.1,False,91.139,0.9106,False,antimicrobial,95.949,0.7735,False,defense_signaling,90.839,0.9039,False,antimicrobial,XP_010664218.1 sister chromatid cohesion protein PDS5 homolog B isoform X1 [Vitis vinifera],4.81,-0.3
XP_059592724.1,False,77.484,0.5672,False,defense_signaling,76.008,0.5496,False,defense_signaling,77.184,0.5607,False,defense_signaling,XP_059592724.1 DEAD-box ATP-dependent RNA helicase 46 isoform X2 [Vitis vinifera],-1.476,-0.3
XP_059592725.1,False,77.484,0.5672,False,defense_signaling,76.008,0.5496,False,defense_signaling,77.184,0.5607,False,defense_signaling,XP_059592725.1 DEAD-box ATP-dependent RNA helicase 46 isoform X2 [Vitis vinifera],-1.476,-0.3
XP_010656968.2,False,92.147,0.7207,False,defense_signaling,96.203,0.8027,False,antimicrobial,91.846,0.8728,False,antimicrobial,XP_010656968.2 callose synthase 12 [Vitis vinifera],4.056,-0.301
XP_010656476.1,False,92.142,0.7206,False,defense_signaling,94.765,0.7556,False,defense_signaling,91.841,0.7148,False,defense_signaling,XP_010656476.1 uncharacterized protein LOC100261097 isoform X2 [Vitis vinifera],2.623,-0.301
XP_010658861.2,False,46.02,0.2199,False,defense_signaling,42.134,0.1601,False,defense_signaling,45.718,0.2118,False,defense_signaling,XP_010658861.2 uncharacterized protein LOC100252823 isoform X2 [Vitis vinifera],-3.886,-0.302
XP_010656078.1,False,92.209,0.7215,False,defense_signaling,71.974,0.5104,False,defense_signaling,91.907,0.7156,False,defense_signaling,XP_010656078.1 1-phosphatidylinositol-3-phosphate 5-kinase FAB1B isoform X1 [Vitis vinifera],-20.235,-0.302
XP_010648617.1,False,46.505,0.2262,False,defense_signaling,39.589,0.1213,False,defense_signaling,46.203,0.2181,False,defense_signaling,XP_010648617.1 uncharacterized protein LOC104879015 isoform X4 [Vitis vinifera],-6.916,-0.302
XP_010664383.1,False,77.435,0.5668,False,defense_signaling,72.643,0.5175,False,defense_signaling,77.133,0.5603,False,defense_signaling,XP_010664383.1 ubiquitin carboxyl-terminal hydrolase 16 isoform X1 [Vitis vinifera],-4.792,-0.302
XP_010664384.1,False,77.435,0.5668,False,defense_signaling,72.643,0.5175,False,defense_signaling,77.133,0.5603,False,defense_signaling,XP_010664384.1 ubiquitin carboxyl-terminal hydrolase 16 isoform X1 [Vitis vinifera],-4.792,-0.302
XP_002277309.1,False,92.209,0.7215,False,defense_signaling,71.974,0.5104,False,defense_signaling,91.907,0.7156,False,defense_signaling,XP_002277309.1 1-phosphatidylinositol-3-phosphate 5-kinase FAB1B isoform X1 [Vitis vinifera],-20.235,-0.302
XP_010657009.1,False,77.387,0.5662,False,defense_signaling,70.651,0.4973,False,defense_signaling,77.085,0.5596,False,defense_signaling,XP_010657009.1 homeobox-DDT domain protein RLT2 isoform X5 [Vitis vinifera],-6.736,-0.302
XP_010656079.1,False,92.209,0.7215,False,defense_signaling,72.619,0.5173,False,defense_signaling,91.907,0.7156,False,defense_signaling,XP_010656079.1 1-phosphatidylinositol-3-phosphate 5-kinase FAB1B isoform X2 [Vitis vinifera],-19.59,-0.302
XP_059596649.1,False,92.209,0.7215,False,defense_signaling,72.619,0.5173,False,defense_signaling,91.907,0.7156,False,defense_signaling,XP_059596649.1 1-phosphatidylinositol-3-phosphate 5-kinase FAB1B isoform X2 [Vitis vinifera],-19.59,-0.302
XP_010655277.1,False,91.929,0.718,False,defense_signaling,91.771,0.7143,False,defense_signaling,91.626,0.7121,False,defense_signaling,XP_010655277.1 pumilio homolog 5 isoform X2 [Vitis vinifera],-0.158,-0.303
XP_059595757.1,False,91.929,0.718,False,defense_signaling,91.771,0.7143,False,defense_signaling,91.626,0.7121,False,defense_signaling,XP_059595757.1 pumilio homolog 5 isoform X2 [Vitis vinifera],-0.158,-0.303
XP_059590837.1,False,83.774,0.7821,False,cell_death_HR,74.796,0.6196,False,cell_death_HR,83.471,0.7743,False,cell_death_HR,XP_059590837.1 retrovirus-related Pol polyprotein from transposon RE1 isoform X2 [Vitis vinifera],-8.978,-0.303
XP_059595756.1,False,91.929,0.718,False,defense_signaling,91.771,0.7143,False,defense_signaling,91.626,0.7121,False,defense_signaling,XP_059595756.1 pumilio homolog 5 isoform X2 [Vitis vinifera],-0.158,-0.303
XP_059595755.1,False,91.929,0.718,False,defense_signaling,91.771,0.7143,False,defense_signaling,91.626,0.7121,False,defense_signaling,XP_059595755.1 pumilio homolog 5 isoform X2 [Vitis vinifera],-0.158,-0.303
XP_010650230.1,False,45.822,0.2178,False,defense_signaling,43.018,0.1726,False,defense_signaling,45.517,0.2097,False,defense_signaling,XP_010650230.1 uncharacterized protein LOC100264925 isoform X1 [Vitis vinifera],-2.804,-0.305
XP_010650228.1,False,45.822,0.2178,False,defense_signaling,43.018,0.1726,False,defense_signaling,45.517,0.2097,False,defense_signaling,XP_010650228.1 uncharacterized protein LOC100264925 isoform X1 [Vitis vinifera],-2.804,-0.305
XP_059592946.1,False,45.822,0.2178,False,defense_signaling,43.018,0.1726,False,defense_signaling,45.517,0.2097,False,defense_signaling,XP_059592946.1 uncharacterized protein LOC100264925 isoform X1 [Vitis vinifera],-2.804,-0.305
XP_019075821.1,False,45.822,0.2178,False,defense_signaling,43.938,0.1867,False,defense_signaling,45.517,0.2097,False,defense_signaling,XP_019075821.1 uncharacterized protein LOC100264925 isoform X2 [Vitis vinifera],-1.884,-0.305
XP_019077812.1,False,77.564,0.568,False,defense_signaling,72.074,0.5114,False,defense_signaling,77.259,0.5614,False,defense_signaling,XP_019077812.1 uncharacterized protein LOC100265030 isoform X2 [Vitis vinifera],-5.49,-0.305
XP_002268156.2,False,79.243,0.5845,False,defense_signaling,77.05,0.5595,False,defense_signaling,78.938,0.578,False,defense_signaling,XP_002268156.2 protein PUTATIVE RECOMBINATION INITIATION DEFECT 1 [Vitis vinifera],-2.193,-0.305
XP_019080078.2,False,45.862,0.2183,False,defense_signaling,42.446,0.165,False,defense_signaling,45.556,0.2102,False,defense_signaling,XP_019080078.2 uncharacterized protein LOC100252823 isoform X1 [Vitis vinifera],-3.416,-0.306
XP_010658860.2,False,45.862,0.2183,False,defense_signaling,42.446,0.165,False,defense_signaling,45.556,0.2102,False,defense_signaling,XP_010658860.2 uncharacterized protein LOC100252823 isoform X1 [Vitis vinifera],-3.416,-0.306
XP_059590082.1,False,45.678,0.216,False,defense_signaling,36.033,0.0546,False,defense_signaling,45.371,0.2079,False,defense_signaling,XP_059590082.1 protein MODIFIER OF SNC1 1 isoform X2 [Vitis vinifera],-9.645,-0.307
XP_010663138.1,False,46.217,0.2224,False,defense_signaling,35.809,0.0499,False,defense_signaling,45.91,0.2143,False,defense_signaling,XP_010663138.1 protein MODIFIER OF SNC1 1 isoform X1 [Vitis vinifera],-10.408,-0.307
XP_019074742.1,False,47.389,0.1346,False,cell_death_HR,47.5,0.1347,False,cell_death_HR,47.081,0.1266,False,cell_death_HR,XP_019074742.1 retrovirus-related Pol polyprotein from transposon RE1 isoform X1 [Vitis vinifera],0.111,-0.308
XP_019074745.1,False,47.389,0.1346,False,cell_death_HR,47.5,0.1347,False,cell_death_HR,47.081,0.1266,False,cell_death_HR,XP_019074745.1 retrovirus-related Pol polyprotein from transposon RE1 isoform X1 [Vitis vinifera],0.111,-0.308
XP_019074741.1,False,47.389,0.1346,False,cell_death_HR,47.5,0.1347,False,cell_death_HR,47.081,0.1266,False,cell_death_HR,XP_019074741.1 retrovirus-related Pol polyprotein from transposon RE1 isoform X1 [Vitis vinifera],0.111,-0.308
XP_010654174.1,False,95.789,0.9416,False,NBS_LRR,94.952,0.8581,False,NBS_LRR,95.481,0.8642,False,NBS_LRR,XP_010654174.1 putative receptor-like protein kinase At3g47110 [Vitis vinifera],-0.837,-0.308
XP_059592558.1,False,92.58,0.8405,False,antimicrobial,92.247,0.8421,False,antimicrobial,92.272,0.8336,False,antimicrobial,XP_059592558.1 uncharacterized protein LOC100263947 [Vitis vinifera],-0.333,-0.308
XP_059596800.1,False,46.675,0.2284,False,defense_signaling,45.942,0.216,False,defense_signaling,46.365,0.2204,False,defense_signaling,XP_059596800.1 transcription factor MYB3R-1 isoform X1 [Vitis vinifera],-0.733,-0.31
XP_019072896.1,False,91.748,0.7159,False,defense_signaling,90.256,0.6967,False,defense_signaling,91.438,0.71,False,defense_signaling,XP_019072896.1 DNA-directed RNA polymerase IV subunit 1 isoform X4 [Vitis vinifera],-1.492,-0.31
XP_059597297.1,False,79.681,0.5887,False,defense_signaling,70.164,0.4922,False,defense_signaling,79.371,0.5822,False,defense_signaling,XP_059597297.1 homeobox-DDT domain protein RLT2 isoform X4 [Vitis vinifera],-9.517,-0.31
XP_059596801.1,False,46.675,0.2284,False,defense_signaling,45.942,0.216,False,defense_signaling,46.365,0.2204,False,defense_signaling,XP_059596801.1 transcription factor MYB3R-1 isoform X1 [Vitis vinifera],-0.733,-0.31
XP_010651892.1,False,47.258,0.2359,False,defense_signaling,42.346,0.1637,False,defense_signaling,46.948,0.2279,False,defense_signaling,XP_010651892.1 uncharacterized protein LOC100243326 isoform X1 [Vitis vinifera],-4.912,-0.31
XP_010651893.1,False,47.258,0.2359,False,defense_signaling,42.346,0.1637,False,defense_signaling,46.948,0.2279,False,defense_signaling,XP_010651893.1 uncharacterized protein LOC100243326 isoform X1 [Vitis vinifera],-4.912,-0.31
XP_010651894.1,False,47.258,0.2359,False,defense_signaling,42.346,0.1637,False,defense_signaling,46.948,0.2279,False,defense_signaling,XP_010651894.1 uncharacterized protein LOC100243326 isoform X1 [Vitis vinifera],-4.912,-0.31
XP_010651897.1,False,47.258,0.2359,False,defense_signaling,42.346,0.1637,False,defense_signaling,46.948,0.2279,False,defense_signaling,XP_010651897.1 uncharacterized protein LOC100243326 isoform X1 [Vitis vinifera],-4.912,-0.31
XP_019076172.1,False,47.258,0.2359,False,defense_signaling,42.346,0.1637,False,defense_signaling,46.948,0.2279,False,defense_signaling,XP_019076172.1 uncharacterized protein LOC100243326 isoform X1 [Vitis vinifera],-4.912,-0.31
XP_010656312.1,False,46.675,0.2284,False,defense_signaling,45.942,0.216,False,defense_signaling,46.365,0.2204,False,defense_signaling,XP_010656312.1 transcription factor MYB3R-1 isoform X1 [Vitis vinifera],-0.733,-0.31
XP_010656313.1,False,46.675,0.2284,False,defense_signaling,45.942,0.216,False,defense_signaling,46.365,0.2204,False,defense_signaling,XP_010656313.1 transcription factor MYB3R-1 isoform X1 [Vitis vinifera],-0.733,-0.31
XP_010656314.1,False,46.675,0.2284,False,defense_signaling,45.942,0.216,False,defense_signaling,46.365,0.2204,False,defense_signaling,XP_010656314.1 transcription factor MYB3R-1 isoform X1 [Vitis vinifera],-0.733,-0.31
XP_010656311.1,False,46.675,0.2284,False,defense_signaling,45.942,0.216,False,defense_signaling,46.365,0.2204,False,defense_signaling,XP_010656311.1 transcription factor MYB3R-1 isoform X1 [Vitis vinifera],-0.733,-0.31
XP_010644166.1,False,92.051,0.7194,False,defense_signaling,81.889,0.6074,False,defense_signaling,91.741,0.7135,False,defense_signaling,XP_010644166.1 uncharacterized protein LOC100243511 [Vitis vinifera],-10.162,-0.31
XP_059597545.1,False,98.203,1.575,False,NBS_LRR,97.655,1.4375,False,NBS_LRR,97.893,1.4506,False,NBS_LRR,XP_059597545.1 putative disease resistance RPP13-like protein 1 [Vitis vinifera],-0.548,-0.31
XP_010661365.1,False,91.748,0.7159,False,defense_signaling,90.121,0.6952,False,defense_signaling,91.438,0.71,False,defense_signaling,XP_010661365.1 DNA-directed RNA polymerase IV subunit 1 isoform X1 [Vitis vinifera],-1.627,-0.31
XP_010661369.1,False,91.748,0.7159,False,defense_signaling,90.096,0.6946,False,defense_signaling,91.438,0.71,False,defense_signaling,XP_010661369.1 DNA-directed RNA polymerase IV subunit 1 isoform X2 [Vitis vinifera],-1.652,-0.31
XP_002275630.1,False,81.564,0.7376,False,cell_death_HR,75.704,0.6333,False,cell_death_HR,81.254,0.7295,False,cell_death_HR,XP_002275630.1 protein EXPORTIN 1A [Vitis vinifera],-5.86,-0.31
XP_002280843.2,False,46.675,0.2284,False,defense_signaling,45.942,0.216,False,defense_signaling,46.365,0.2204,False,defense_signaling,XP_002280843.2 transcription factor MYB3R-1 isoform X1 [Vitis vinifera],-0.733,-0.31
XP_002269779.2,False,98.541,1.6378,False,NBS_LRR,98.186,1.5064,False,NBS_LRR,98.23,1.5058,False,NBS_LRR,XP_002269779.2 putative disease resistance protein RGA3 [Vitis vinifera],-0.355,-0.311
XP_010657008.1,False,79.684,0.5888,False,defense_signaling,70.292,0.4934,False,defense_signaling,79.373,0.5823,False,defense_signaling,XP_010657008.1 homeobox-DDT domain protein RLT2 isoform X3 [Vitis vinifera],-9.392,-0.311
XP_059593914.1,False,45.272,0.2109,False,defense_signaling,43.377,0.1773,False,defense_signaling,44.96,0.2028,False,defense_signaling,XP_059593914.1 DUF724 domain-containing protein 6 isoform X1 [Vitis vinifera],-1.895,-0.312
XP_059593912.1,False,45.272,0.2109,False,defense_signaling,43.377,0.1773,False,defense_signaling,44.96,0.2028,False,defense_signaling,XP_059593912.1 DUF724 domain-containing protein 6 isoform X1 [Vitis vinifera],-1.895,-0.312
XP_059590196.1,False,45.587,0.215,False,defense_signaling,46.242,0.2049,False,defense_signaling,45.275,0.2068,False,defense_signaling,XP_059590196.1 formin-like protein 20 isoform X3 [Vitis vinifera],0.655,-0.312
XP_059593913.1,False,45.272,0.2109,False,defense_signaling,43.377,0.1773,False,defense_signaling,44.96,0.2028,False,defense_signaling,XP_059593913.1 DUF724 domain-containing protein 6 isoform X1 [Vitis vinifera],-1.895,-0.312
XP_010664374.1,False,91.354,0.7114,False,defense_signaling,91.613,0.7121,False,defense_signaling,91.042,0.7055,False,defense_signaling,XP_010664374.1 uncharacterized protein LOC100254008 [Vitis vinifera],0.259,-0.312
XP_019074824.1,False,43.197,0.1783,False,defense_signaling,42.54,0.1664,False,defense_signaling,42.885,0.17,False,defense_signaling,XP_019074824.1 uncharacterized protein LOC100268093 isoform X3 [Vitis vinifera],-0.657,-0.312
XP_010659175.1,False,98.536,1.6355,False,NBS_LRR,98.152,1.4999,False,NBS_LRR,98.223,1.5041,False,NBS_LRR,XP_010659175.1 putative disease resistance protein RGA3 [Vitis vinifera],-0.384,-0.313
XP_010660378.1,False,91.812,0.7165,False,defense_signaling,94.654,0.8275,False,antimicrobial,91.499,0.8516,False,antimicrobial,XP_010660378.1 DNA ligase 6 isoform X2 [Vitis vinifera],2.842,-0.313
XP_059594846.1,False,45.232,0.2104,False,defense_signaling,38.268,0.0977,False,defense_signaling,44.919,0.2022,False,defense_signaling,XP_059594846.1 uncharacterized protein LOC100248405 isoform X1 [Vitis vinifera],-6.964,-0.313
XP_059594847.1,False,45.232,0.2104,False,defense_signaling,39.341,0.1164,False,defense_signaling,44.919,0.2022,False,defense_signaling,XP_059594847.1 uncharacterized protein LOC100248405 isoform X2 [Vitis vinifera],-5.891,-0.313
XP_010662259.1,False,91.832,0.7167,False,defense_signaling,91.263,0.7079,False,defense_signaling,91.519,0.7108,False,defense_signaling,XP_010662259.1 uncharacterized protein At3g06530 [Vitis vinifera],-0.569,-0.313
XP_059593667.1,False,46.964,0.2317,False,defense_signaling,39.839,0.1256,False,defense_signaling,46.649,0.2236,False,defense_signaling,XP_059593667.1 uncharacterized protein LOC104879015 isoform X3 [Vitis vinifera],-7.125,-0.315
XP_059589596.1,False,77.176,0.5639,False,defense_signaling,76.922,0.5584,False,defense_signaling,76.861,0.5574,False,defense_signaling,XP_059589596.1 histone-lysine N-methyltransferase ATX4 isoform X3 [Vitis vinifera],-0.254,-0.315
XP_002266100.1,False,44.935,0.2055,False,defense_signaling,42.7,0.168,False,defense_signaling,44.62,0.1973,False,defense_signaling,XP_002266100.1 uncharacterized protein LOC100244315 [Vitis vinifera],-2.235,-0.315
XP_059595943.1,False,77.153,0.5638,False,defense_signaling,76.767,0.557,False,defense_signaling,76.838,0.5572,False,defense_signaling,XP_059595943.1 mediator of RNA polymerase II transcription subunit 16 isoform X1 [Vitis vinifera],-0.386,-0.315
XP_010647963.1,False,91.67,0.7148,False,defense_signaling,88.185,0.6743,False,defense_signaling,91.355,0.7089,False,defense_signaling,XP_010647963.1 DNA repair protein REV1 isoform X1 [Vitis vinifera],-3.485,-0.315
XP_019080901.1,False,46.991,0.2322,False,defense_signaling,39.879,0.1262,False,defense_signaling,46.676,0.2242,False,defense_signaling,XP_019080901.1 uncharacterized protein LOC104879015 isoform X2 [Vitis vinifera],-7.112,-0.315
XP_003634700.1,False,77.003,0.5625,False,defense_signaling,77.749,0.5661,False,defense_signaling,76.688,0.5559,False,defense_signaling,XP_003634700.1 uncharacterized protein LOC100241773 [Vitis vinifera],0.746,-0.315
XP_019076174.1,False,47.502,0.2389,False,defense_signaling,43.178,0.1746,False,defense_signaling,47.187,0.2308,False,defense_signaling,XP_019076174.1 uncharacterized protein LOC100243326 isoform X3 [Vitis vinifera],-4.324,-0.315
XP_059597298.1,False,77.149,0.5637,False,defense_signaling,70.597,0.4969,False,defense_signaling,76.834,0.5571,False,defense_signaling,XP_059597298.1 homeobox-DDT domain protein RLT2 isoform X6 [Vitis vinifera],-6.552,-0.315
XP_010660381.1,False,91.44,0.7122,False,defense_signaling,89.407,0.8562,False,cell_death_HR,91.125,0.9295,False,cell_death_HR,XP_010660381.1 DNA ligase 6 isoform X5 [Vitis vinifera],-2.033,-0.315
XP_010648602.1,False,46.956,0.2317,False,defense_signaling,39.87,0.1262,False,defense_signaling,46.641,0.2236,False,defense_signaling,XP_010648602.1 uncharacterized protein LOC104879015 isoform X1 [Vitis vinifera],-7.086,-0.315
XP_010660380.1,False,91.44,0.7122,False,defense_signaling,88.876,0.8397,False,cell_death_HR,91.125,0.8982,False,cell_death_HR,XP_010660380.1 DNA ligase 6 isoform X4 [Vitis vinifera],-2.564,-0.315
XP_010645136.1,False,77.263,0.5648,False,defense_signaling,77.32,0.5618,False,defense_signaling,76.948,0.5583,False,defense_signaling,XP_010645136.1 homeobox-DDT domain protein RLT3 isoform X1 [Vitis vinifera],0.057,-0.315
XP_002266168.2,False,91.44,0.7122,False,defense_signaling,93.572,0.8306,False,antimicrobial,91.125,0.8465,False,antimicrobial,XP_002266168.2 DNA ligase 6 isoform X1 [Vitis vinifera],2.132,-0.315
XP_010660379.1,False,91.44,0.7122,False,defense_signaling,89.107,0.8524,False,cell_death_HR,91.125,0.8707,False,cell_death_HR,XP_010660379.1 DNA ligase 6 isoform X3 [Vitis vinifera],-2.333,-0.315
XP_059591917.1,False,91.67,0.7148,False,defense_signaling,88.185,0.6743,False,defense_signaling,91.355,0.7089,False,defense_signaling,XP_059591917.1 DNA repair protein REV1 isoform X1 [Vitis vinifera],-3.485,-0.315
XP_010647967.1,False,91.706,0.715,False,defense_signaling,89.092,0.6844,False,defense_signaling,91.391,0.7091,False,defense_signaling,XP_010647967.1 DNA repair protein REV1 isoform X3 [Vitis vinifera],-2.614,-0.315
XP_010665101.1,False,91.978,0.7184,False,defense_signaling,89.93,0.6934,False,defense_signaling,91.663,0.7125,False,defense_signaling,XP_010665101.1 uncharacterized protein LOC100252053 isoform X2 [Vitis vinifera],-2.048,-0.315
XP_010648616.1,False,46.964,0.2317,False,defense_signaling,39.839,0.1256,False,defense_signaling,46.649,0.2236,False,defense_signaling,XP_010648616.1 uncharacterized protein LOC104879015 isoform X3 [Vitis vinifera],-7.125,-0.315
XP_010645135.1,False,77.263,0.5648,False,defense_signaling,77.32,0.5618,False,defense_signaling,76.948,0.5583,False,defense_signaling,XP_010645135.1 homeobox-DDT domain protein RLT3 isoform X1 [Vitis vinifera],0.057,-0.315
XP_010648608.1,False,46.956,0.2317,False,defense_signaling,39.87,0.1262,False,defense_signaling,46.641,0.2236,False,defense_signaling,XP_010648608.1 uncharacterized protein LOC104879015 isoform X1 [Vitis vinifera],-7.086,-0.315
XP_059593666.1,False,46.956,0.2317,False,defense_signaling,39.87,0.1262,False,defense_signaling,46.641,0.2236,False,defense_signaling,XP_059593666.1 uncharacterized protein LOC104879015 isoform X1 [Vitis vinifera],-7.086,-0.315
XP_010648612.1,False,46.991,0.2322,False,defense_signaling,39.879,0.1262,False,defense_signaling,46.676,0.2242,False,defense_signaling,XP_010648612.1 uncharacterized protein LOC104879015 isoform X2 [Vitis vinifera],-7.112,-0.315
XP_010665100.1,False,91.978,0.7184,False,defense_signaling,89.93,0.6934,False,defense_signaling,91.663,0.7125,False,defense_signaling,XP_010665100.1 uncharacterized protein LOC100252053 isoform X2 [Vitis vinifera],-2.048,-0.315
XP_010665199.1,False,91.709,0.8405,False,cell_death_HR,89.681,0.6903,False,defense_signaling,91.393,0.8331,False,cell_death_HR,XP_010665199.1 DEAD-box ATP-dependent RNA helicase FANCM [Vitis vinifera],-2.028,-0.316
XP_010659223.1,False,98.123,1.5639,False,NBS_LRR,96.967,1.3411,False,NBS_LRR,97.806,1.4266,False,NBS_LRR,XP_010659223.1 putative disease resistance RPP13-like protein 1 [Vitis vinifera],-1.156,-0.317
XP_010659221.1,False,98.123,1.5639,False,NBS_LRR,96.967,1.3411,False,NBS_LRR,97.806,1.4266,False,NBS_LRR,XP_010659221.1 putative disease resistance RPP13-like protein 1 [Vitis vinifera],-1.156,-0.317
XP_059597562.1,False,98.123,1.5639,False,NBS_LRR,96.967,1.3411,False,NBS_LRR,97.806,1.4266,False,NBS_LRR,XP_059597562.1 putative disease resistance RPP13-like protein 1 [Vitis vinifera],-1.156,-0.317
XP_010648515.1,False,44.999,0.2065,False,defense_signaling,43.547,0.1812,False,defense_signaling,44.682,0.1984,False,defense_signaling,XP_010648515.1 transcription factor MYB3R-1 isoform X1 [Vitis vinifera],-1.452,-0.317
XP_010659220.1,False,98.123,1.5639,False,NBS_LRR,96.967,1.3411,False,NBS_LRR,97.806,1.4266,False,NBS_LRR,XP_010659220.1 putative disease resistance RPP13-like protein 1 [Vitis vinifera],-1.156,-0.317
XP_019079722.1,False,98.123,1.5639,False,NBS_LRR,96.967,1.3411,False,NBS_LRR,97.806,1.4266,False,NBS_LRR,XP_019079722.1 putative disease resistance RPP13-like protein 1 [Vitis vinifera],-1.156,-0.317
XP_059597563.1,False,98.123,1.5639,False,NBS_LRR,96.967,1.3411,False,NBS_LRR,97.806,1.4266,False,NBS_LRR,XP_059597563.1 putative disease resistance RPP13-like protein 1 [Vitis vinifera],-1.156,-0.317
XP_059597561.1,False,98.123,1.5639,False,NBS_LRR,96.967,1.3411,False,NBS_LRR,97.806,1.4266,False,NBS_LRR,XP_059597561.1 putative disease resistance RPP13-like protein 1 [Vitis vinifera],-1.156,-0.317
XP_002277401.1,False,42.278,0.1648,False,defense_signaling,38.787,0.1075,False,defense_signaling,41.961,0.1564,False,defense_signaling,XP_002277401.1 transcriptional activator DEMETER isoform X1 [Vitis vinifera],-3.491,-0.317
XP_019079723.1,False,98.123,1.5639,False,NBS_LRR,96.967,1.3411,False,NBS_LRR,97.806,1.4266,False,NBS_LRR,XP_019079723.1 putative disease resistance RPP13-like protein 1 [Vitis vinifera],-1.156,-0.317
XP_019079721.1,False,98.123,1.5639,False,NBS_LRR,96.967,1.3411,False,NBS_LRR,97.806,1.4266,False,NBS_LRR,XP_019079721.1 putative disease resistance RPP13-like protein 1 [Vitis vinifera],-1.156,-0.317
XP_019077219.1,False,42.278,0.1648,False,defense_signaling,38.433,0.1009,False,defense_signaling,41.961,0.1564,False,defense_signaling,XP_019077219.1 transcriptional activator DEMETER isoform X2 [Vitis vinifera],-3.845,-0.317
XP_019079719.1,False,98.123,1.5639,False,NBS_LRR,96.967,1.3411,False,NBS_LRR,97.806,1.4266,False,NBS_LRR,XP_019079719.1 putative disease resistance RPP13-like protein 1 [Vitis vinifera],-1.156,-0.317
XP_019079716.1,False,98.123,1.5639,False,NBS_LRR,96.967,1.3411,False,NBS_LRR,97.806,1.4266,False,NBS_LRR,XP_019079716.1 putative disease resistance RPP13-like protein 1 [Vitis vinifera],-1.156,-0.317
XP_019079720.1,False,98.123,1.5639,False,NBS_LRR,96.967,1.3411,False,NBS_LRR,97.806,1.4266,False,NBS_LRR,XP_019079720.1 putative disease resistance RPP13-like protein 1 [Vitis vinifera],-1.156,-0.317
XP_002281528.2,False,44.918,0.2053,False,defense_signaling,43.525,0.1806,False,defense_signaling,44.6,0.1971,False,defense_signaling,XP_002281528.2 transcription factor MYB3R-1 isoform X2 [Vitis vinifera],-1.393,-0.318
XP_010656315.1,False,47.042,0.233,False,defense_signaling,46.097,0.2176,False,defense_signaling,46.724,0.2249,False,defense_signaling,XP_010656315.1 transcription factor MYB3R-1 isoform X2 [Vitis vinifera],-0.945,-0.318
XP_059594848.1,False,43.995,0.1912,False,defense_signaling,36.864,0.0692,False,defense_signaling,43.675,0.183,False,defense_signaling,XP_059594848.1 uncharacterized protein LOC100248405 isoform X4 [Vitis vinifera],-7.131,-0.32
XP_010653140.1,False,43.995,0.1912,False,defense_signaling,34.596,0.0269,False,defense_signaling,43.675,0.183,False,defense_signaling,XP_010653140.1 uncharacterized protein LOC100248405 isoform X3 [Vitis vinifera],-9.399,-0.32
XP_010653141.1,False,43.995,0.1912,False,defense_signaling,36.864,0.0692,False,defense_signaling,43.675,0.183,False,defense_signaling,XP_010653141.1 uncharacterized protein LOC100248405 isoform X4 [Vitis vinifera],-7.131,-0.32
XP_019077229.1,False,43.995,0.1912,False,defense_signaling,34.596,0.0269,False,defense_signaling,43.675,0.183,False,defense_signaling,XP_019077229.1 uncharacterized protein LOC100248405 isoform X3 [Vitis vinifera],-9.399,-0.32
XP_019077230.1,False,43.995,0.1912,False,defense_signaling,34.596,0.0269,False,defense_signaling,43.675,0.183,False,defense_signaling,XP_019077230.1 uncharacterized protein LOC100248405 isoform X3 [Vitis vinifera],-9.399,-0.32
XP_010648472.1,False,44.544,0.2,False,defense_signaling,41.95,0.1581,False,defense_signaling,44.224,0.1918,False,defense_signaling,XP_010648472.1 uncharacterized protein LOC100261159 [Vitis vinifera],-2.594,-0.32
XP_059593640.1,False,47.767,0.2418,False,defense_signaling,43.312,0.176,False,defense_signaling,47.447,0.2338,False,defense_signaling,XP_059593640.1 uncharacterized protein LOC100243326 isoform X4 [Vitis vinifera],-4.455,-0.32
XP_010652711.2,False,91.561,0.7133,False,defense_signaling,92.506,0.7239,False,defense_signaling,91.241,0.7074,False,defense_signaling,XP_010652711.2 uncharacterized protein LOC100264215 [Vitis vinifera],0.945,-0.32
XP_059593641.1,False,47.767,0.2418,False,defense_signaling,43.312,0.176,False,defense_signaling,47.447,0.2338,False,defense_signaling,XP_059593641.1 uncharacterized protein LOC100243326 isoform X4 [Vitis vinifera],-4.455,-0.32
XP_002278113.1,False,77.498,0.6467,False,antimicrobial,77.466,0.6474,False,antimicrobial,77.176,0.6414,False,antimicrobial,XP_002278113.1 structural maintenance of chromosomes protein 6B isoform X1 [Vitis vinifera],-0.032,-0.322
XP_010663055.1,False,67.907,0.4722,False,defense_signaling,68.818,0.4785,False,defense_signaling,67.585,0.4653,False,defense_signaling,XP_010663055.1 lysine-specific demethylase REF6 [Vitis vinifera],0.911,-0.322
XP_002283296.1,False,89.524,0.8747,False,antimicrobial,88.732,0.8596,False,antimicrobial,89.202,0.8679,False,antimicrobial,XP_002283296.1 DNA-directed RNA polymerases IV and V subunit 2 [Vitis vinifera],-0.792,-0.322
XP_010648748.1,False,89.524,0.8747,False,antimicrobial,88.732,0.8596,False,antimicrobial,89.202,0.8679,False,antimicrobial,XP_010648748.1 DNA-directed RNA polymerases IV and V subunit 2 [Vitis vinifera],-0.792,-0.322
XP_019075751.1,False,88.051,0.675,False,defense_signaling,91.046,0.7055,False,defense_signaling,87.729,0.669,False,defense_signaling,XP_019075751.1 putative E3 ubiquitin-protein ligase LIN-2 isoform X2 [Vitis vinifera],2.995,-0.322
XP_059590839.1,False,78.071,0.6728,False,cell_death_HR,69.64,0.527,False,cell_death_HR,77.749,0.6643,False,cell_death_HR,XP_059590839.1 retrovirus-related Pol polyprotein from transposon RE1 isoform X4 [Vitis vinifera],-8.431,-0.322
XP_059593790.1,False,87.825,0.673,False,defense_signaling,87.611,0.6687,False,defense_signaling,87.502,0.6669,False,defense_signaling,XP_059593790.1 uncharacterized protein LOC100263200 isoform X3 [Vitis vinifera],-0.214,-0.323
XP_019076173.1,False,47.853,0.2424,False,defense_signaling,42.576,0.1668,False,defense_signaling,47.53,0.2344,False,defense_signaling,XP_019076173.1 uncharacterized protein LOC100243326 isoform X2 [Vitis vinifera],-5.277,-0.323
XP_010655394.1,False,44.704,0.2022,False,defense_signaling,45.363,0.2084,False,defense_signaling,44.381,0.1941,False,defense_signaling,XP_010655394.1 uncharacterized protein LOC100247051 isoform X2 [Vitis vinifera],0.659,-0.323
XP_002263264.1,False,47.677,0.2406,False,defense_signaling,46.075,0.2174,False,defense_signaling,47.354,0.2326,False,defense_signaling,XP_002263264.1 uncharacterized protein LOC100257013 [Vitis vinifera],-1.602,-0.323
XP_059590832.1,False,42.531,0.1684,False,defense_signaling,35.851,0.0507,False,defense_signaling,42.208,0.1601,False,defense_signaling,XP_059590832.1 uncharacterized protein LOC100248904 [Vitis vinifera],-6.68,-0.323
XP_059593639.1,False,47.853,0.2424,False,defense_signaling,42.576,0.1668,False,defense_signaling,47.53,0.2344,False,defense_signaling,XP_059593639.1 uncharacterized protein LOC100243326 isoform X2 [Vitis vinifera],-5.277,-0.323
XP_059593638.1,False,47.853,0.2424,False,defense_signaling,42.576,0.1668,False,defense_signaling,47.53,0.2344,False,defense_signaling,XP_059593638.1 uncharacterized protein LOC100243326 isoform X2 [Vitis vinifera],-5.277,-0.323
XP_010661376.1,False,88.049,0.675,False,defense_signaling,87.456,0.6671,False,defense_signaling,87.726,0.669,False,defense_signaling,XP_010661376.1 DNA-directed RNA polymerase IV subunit 1 isoform X3 [Vitis vinifera],-0.593,-0.323
XP_059593637.1,False,47.853,0.2424,False,defense_signaling,42.576,0.1668,False,defense_signaling,47.53,0.2344,False,defense_signaling,XP_059593637.1 uncharacterized protein LOC100243326 isoform X2 [Vitis vinifera],-5.277,-0.323
XP_002274319.3,False,83.424,0.6261,False,defense_signaling,83.006,0.6197,False,defense_signaling,83.1,0.6199,False,defense_signaling,XP_002274319.3 putative E3 ubiquitin-protein ligase LIN [Vitis vinifera],-0.418,-0.324
XP_010659083.1,False,89.992,0.8843,False,antimicrobial,88.779,0.8607,False,antimicrobial,89.667,0.8775,False,antimicrobial,XP_010659083.1 DNA-directed RNA polymerase I subunit 2 isoform X2 [Vitis vinifera],-1.213,-0.325
XP_019072558.1,False,91.098,0.7082,False,defense_signaling,90.975,0.7045,False,defense_signaling,90.773,0.7023,False,defense_signaling,XP_019072558.1 lysine-specific demethylase JMJ17 isoform X6 [Vitis vinifera],-0.123,-0.325
XP_019073896.2,False,75.124,0.5439,False,defense_signaling,73.069,0.5224,False,defense_signaling,74.799,0.5372,False,defense_signaling,"XP_019073896.2 histone-lysine N-methyltransferase, H3 lysine-9 specific SUVH8 [Vitis vinifera]",-2.055,-0.325
XP_059596535.1,False,77.571,0.6623,False,cell_death_HR,75.655,0.633,False,cell_death_HR,77.246,0.6537,False,cell_death_HR,XP_059596535.1 formin-like protein 13 isoform X3 [Vitis vinifera],-1.916,-0.325
XP_010646790.2,False,75.124,0.5439,False,defense_signaling,73.069,0.5224,False,defense_signaling,74.799,0.5372,False,defense_signaling,"XP_010646790.2 histone-lysine N-methyltransferase, H3 lysine-9 specific SUVH8 [Vitis vinifera]",-2.055,-0.325
XP_059597664.1,False,67.036,0.4632,False,defense_signaling,36.562,-0.0196,False,defense_signaling,66.711,0.4562,False,defense_signaling,XP_059597664.1 COP1-interactive protein 1 [Vitis vinifera],-30.474,-0.325
XP_059596536.1,False,77.571,0.6623,False,cell_death_HR,76.11,0.6397,False,cell_death_HR,77.246,0.6537,False,cell_death_HR,XP_059596536.1 formin-like protein 13 isoform X4 [Vitis vinifera],-1.461,-0.325
XP_010659084.1,False,89.992,0.8843,False,antimicrobial,88.779,0.8607,False,antimicrobial,89.667,0.8775,False,antimicrobial,XP_010659084.1 DNA-directed RNA polymerase I subunit 2 isoform X2 [Vitis vinifera],-1.213,-0.325
XP_010655431.1,False,76.755,0.56,False,defense_signaling,76.346,0.553,False,defense_signaling,76.43,0.5534,False,defense_signaling,XP_010655431.1 uncharacterized protein LOC100254476 [Vitis vinifera],-0.409,-0.325
XP_059593481.1,False,48.88,0.2532,False,defense_signaling,42.43,0.1646,False,defense_signaling,48.553,0.2452,False,defense_signaling,XP_059593481.1 uncharacterized protein LOC104879531 isoform X1 [Vitis vinifera],-6.45,-0.327
XP_059594538.1,False,87.953,0.6743,False,defense_signaling,88.625,0.68,False,defense_signaling,87.626,0.6682,False,defense_signaling,XP_059594538.1 uncharacterized protein LOC100242393 [Vitis vinifera],0.672,-0.327
XP_010645137.1,False,76.639,0.5588,False,defense_signaling,76.75,0.5565,False,defense_signaling,76.312,0.5522,False,defense_signaling,XP_010645137.1 homeobox-DDT domain protein RLT3 isoform X2 [Vitis vinifera],0.111,-0.327
XP_010664415.1,False,67.619,0.4688,False,defense_signaling,67.538,0.4651,False,defense_signaling,67.292,0.4618,False,defense_signaling,XP_010664415.1 protein NETWORKED 2A [Vitis vinifera],-0.081,-0.327
XP_010658380.1,False,90.617,0.7033,False,defense_signaling,90.585,0.7007,False,defense_signaling,90.29,0.6973,False,defense_signaling,XP_010658380.1 pumilio homolog 4 [Vitis vinifera],-0.032,-0.327
XP_059596761.1,False,67.506,0.4679,False,defense_signaling,68.604,0.4758,False,defense_signaling,67.179,0.461,False,defense_signaling,XP_059596761.1 uncharacterized protein LOC100266729 [Vitis vinifera],1.098,-0.327
XP_002273503.1,False,90.617,0.7033,False,defense_signaling,90.585,0.7007,False,defense_signaling,90.29,0.6973,False,defense_signaling,XP_002273503.1 pumilio homolog 4 [Vitis vinifera],-0.032,-0.327
XP_002274482.1,False,87.958,0.6744,False,defense_signaling,83.38,0.6233,False,defense_signaling,87.63,0.6683,False,defense_signaling,XP_002274482.1 phosphatidylinositol 4-kinase beta 1 isoform X2 [Vitis vinifera],-4.578,-0.328
XP_059590914.1,False,53.694,0.3115,False,defense_signaling,53.599,0.3087,False,defense_signaling,53.366,0.3044,False,defense_signaling,XP_059590914.1 protein GIGANTEA isoform X2 [Vitis vinifera],-0.095,-0.328
XP_010660870.1,False,83.629,0.6279,False,defense_signaling,81.805,0.6065,False,defense_signaling,83.301,0.6217,False,defense_signaling,XP_010660870.1 protein RST1 [Vitis vinifera],-1.824,-0.328
XP_010653964.1,False,91.138,0.7086,False,defense_signaling,86.963,0.662,False,defense_signaling,90.81,0.7027,False,defense_signaling,XP_010653964.1 kinesin-like protein KIN-7O isoform X1 [Vitis vinifera],-4.175,-0.328
XP_010649586.1,False,87.594,0.6708,False,defense_signaling,88.999,0.6834,False,defense_signaling,87.266,0.6647,False,defense_signaling,XP_010649586.1 putative E3 ubiquitin-protein ligase LIN-2 isoform X1 [Vitis vinifera],1.405,-0.328
XP_010661166.1,False,75.385,0.5465,False,defense_signaling,75.78,0.5473,False,defense_signaling,75.057,0.5399,False,defense_signaling,XP_010661166.1 uncharacterized protein LOC100252352 isoform X2 [Vitis vinifera],0.395,-0.328
XP_059590915.1,False,53.694,0.3115,False,defense_signaling,53.599,0.3087,False,defense_signaling,53.366,0.3044,False,defense_signaling,XP_059590915.1 protein GIGANTEA isoform X2 [Vitis vinifera],-0.095,-0.328
XP_010653098.1,False,75.888,0.5517,False,defense_signaling,69.787,0.4886,False,defense_signaling,75.559,0.5451,False,defense_signaling,XP_010653098.1 mediator of RNA polymerase II transcription subunit 33A isoform X2 [Vitis vinifera],-6.101,-0.329
XP_059595307.1,False,83.904,0.6307,False,defense_signaling,83.282,0.622,False,defense_signaling,83.575,0.6245,False,defense_signaling,XP_059595307.1 uncharacterized protein LOC100241927 isoform X1 [Vitis vinifera],-0.622,-0.329
XP_002283306.2,False,87.342,0.6684,False,defense_signaling,88.069,0.6731,False,defense_signaling,87.013,0.6728,False,NBS_LRR,XP_002283306.2 putative E3 ubiquitin-protein ligase LIN-1 isoform X2 [Vitis vinifera],0.727,-0.329
XP_010662976.1,False,69.093,0.4846,False,defense_signaling,68.153,0.4715,False,defense_signaling,68.764,0.4777,False,defense_signaling,XP_010662976.1 histone-lysine N-methyltransferase ATX4 isoform X2 [Vitis vinifera],-0.94,-0.329
XP_002263932.1,False,87.392,0.6687,False,defense_signaling,87.729,0.6698,False,defense_signaling,87.062,0.6626,False,defense_signaling,XP_002263932.1 protein TPLATE [Vitis vinifera],0.337,-0.33
XP_010660906.1,False,69.295,0.4869,False,defense_signaling,64.304,0.4312,False,defense_signaling,68.965,0.48,False,defense_signaling,XP_010660906.1 uncharacterized protein LOC100261513 isoform X1 [Vitis vinifera],-4.991,-0.33
XP_010663421.1,False,75.196,0.5445,False,defense_signaling,77.924,0.568,False,defense_signaling,74.866,0.5378,False,defense_signaling,XP_010663421.1 uncharacterized protein LOC100256959 isoform X2 [Vitis vinifera],2.728,-0.33
XP_059592975.1,False,75.352,0.5462,False,defense_signaling,75.409,0.5439,False,defense_signaling,75.022,0.5395,False,defense_signaling,XP_059592975.1 DNA repair protein RAD50 isoform X2 [Vitis vinifera],0.057,-0.33
XP_010652127.1,False,75.512,0.5477,False,defense_signaling,66.844,0.458,False,defense_signaling,75.182,0.541,False,defense_signaling,XP_010652127.1 mediator of RNA polymerase II transcription subunit 33A isoform X2 [Vitis vinifera],-8.668,-0.33
XP_002276278.2,False,87.402,0.6688,False,defense_signaling,88.45,0.677,False,defense_signaling,87.072,0.6627,False,defense_signaling,XP_002276278.2 E3 ubiquitin-protein ligase RKP [Vitis vinifera],1.048,-0.33
XP_010651822.1,False,60.894,0.3954,False,defense_signaling,60.506,0.3888,False,defense_signaling,60.564,0.3881,False,defense_signaling,XP_010651822.1 uncharacterized protein LOC100256902 isoform X3 [Vitis vinifera],-0.388,-0.33
XP_010651820.1,False,60.894,0.3954,False,defense_signaling,60.248,0.3861,False,defense_signaling,60.564,0.3881,False,defense_signaling,XP_010651820.1 uncharacterized protein LOC100256902 isoform X1 [Vitis vinifera],-0.646,-0.33
XP_010655281.1,False,75.645,0.5488,False,defense_signaling,78.192,0.5711,False,defense_signaling,75.315,0.5421,False,defense_signaling,XP_010655281.1 uncharacterized protein LOC100265030 isoform X1 [Vitis vinifera],2.547,-0.33
XP_059595216.1,False,91.059,0.7131,False,antimicrobial,87.431,0.6669,False,defense_signaling,90.729,0.7057,False,antimicrobial,XP_059595216.1 kinesin-like protein KIN-7O isoform X2 [Vitis vinifera],-3.628,-0.33
XP_002284901.1,False,87.547,0.6702,False,defense_signaling,86.262,0.654,False,defense_signaling,87.217,0.7082,False,antimicrobial,XP_002284901.1 tRNA ligase 1 isoform X2 [Vitis vinifera],-1.285,-0.33
XP_002266656.1,False,75.196,0.5445,False,defense_signaling,75.416,0.5439,False,defense_signaling,74.866,0.5378,False,defense_signaling,XP_002266656.1 uncharacterized protein LOC100256959 isoform X1 [Vitis vinifera],0.22,-0.33
XP_010651748.1,False,69.283,0.4867,False,defense_signaling,69.499,0.4854,False,defense_signaling,68.953,0.4798,False,defense_signaling,XP_010651748.1 uncharacterized protein LOC100241423 [Vitis vinifera],0.216,-0.33
XP_010648232.1,False,58.256,0.3655,False,defense_signaling,58.877,0.3287,False,antimicrobial,57.925,0.3581,False,defense_signaling,XP_010648232.1 uncharacterized protein LOC104878938 [Vitis vinifera],0.621,-0.331
XP_010661494.1,False,89.34,0.6892,False,defense_signaling,95.09,0.761,False,defense_signaling,89.009,0.6978,False,antimicrobial,XP_010661494.1 uncharacterized protein LOC100242137 isoform X2 [Vitis vinifera],5.75,-0.331
XP_002264843.2,False,75.77,0.5502,False,defense_signaling,69.785,0.4886,False,defense_signaling,75.438,0.5436,False,defense_signaling,XP_002264843.2 mediator of RNA polymerase II transcription subunit 33A isoform X1 [Vitis vinifera],-5.985,-0.332
XP_019071946.1,False,58.365,0.3671,False,defense_signaling,41.246,0.123,False,defense_signaling,58.033,0.3596,False,defense_signaling,XP_019071946.1 protein SABRE isoform X2 [Vitis vinifera],-17.119,-0.332
XP_019081850.2,False,77.697,0.6643,False,cell_death_HR,77.818,0.6683,False,cell_death_HR,77.365,0.6556,False,cell_death_HR,XP_019081850.2 DNA mismatch repair protein MSH3 isoform X2 [Vitis vinifera],0.121,-0.332
XP_010660930.1,False,66.977,0.4627,False,defense_signaling,62.53,0.4108,False,defense_signaling,66.645,0.4557,False,defense_signaling,XP_010660930.1 methyl-CpG-binding domain-containing protein 9 isoform X2 [Vitis vinifera],-4.447,-0.332
XP_002276282.2,False,41.807,0.158,False,defense_signaling,37.653,0.0862,False,defense_signaling,41.475,0.1497,False,defense_signaling,XP_002276282.2 uncharacterized protein LOC100258409 [Vitis vinifera],-4.154,-0.332
XP_010656604.1,False,48.75,0.2517,False,defense_signaling,40.714,0.14,False,defense_signaling,48.418,0.2437,False,defense_signaling,XP_010656604.1 FIP1[V]-like protein [Vitis vinifera],-8.036,-0.332
XP_002284629.1,False,48.725,0.2513,False,defense_signaling,48.986,0.2518,False,defense_signaling,48.393,0.2434,False,defense_signaling,XP_002284629.1 uncharacterized protein LOC100250176 [Vitis vinifera],0.261,-0.332
XP_002266665.4,False,75.313,0.5457,False,defense_signaling,77.245,0.5611,False,defense_signaling,74.98,0.539,False,defense_signaling,XP_002266665.4 DNA repair protein RAD50 isoform X1 [Vitis vinifera],1.932,-0.333
XP_002273559.3,False,88.32,0.6777,False,defense_signaling,79.201,0.581,False,defense_signaling,87.987,0.6716,False,defense_signaling,XP_002273559.3 homeobox-DDT domain protein RLT1 isoform X2 [Vitis vinifera],-9.119,-0.333
XP_059590364.1,False,75.874,0.5516,False,defense_signaling,71.422,0.5053,False,defense_signaling,75.541,0.545,False,defense_signaling,XP_059590364.1 ubiquitin carboxyl-terminal hydrolase 16 isoform X2 [Vitis vinifera],-4.452,-0.333
XP_010653798.1,False,83.949,0.6312,False,defense_signaling,83.944,0.6288,False,defense_signaling,83.616,0.6249,False,defense_signaling,XP_010653798.1 uncharacterized protein LOC100241927 isoform X3 [Vitis vinifera],-0.005,-0.333
XP_010661910.1,False,62.792,0.4168,False,defense_signaling,57.627,0.3553,False,defense_signaling,62.459,0.4095,False,defense_signaling,XP_010661910.1 uncharacterized protein LOC100241322 isoform X3 [Vitis vinifera],-5.165,-0.333
XP_010661907.1,False,62.792,0.4168,False,defense_signaling,59.761,0.381,False,defense_signaling,62.459,0.4095,False,defense_signaling,XP_010661907.1 uncharacterized protein LOC100241322 isoform X1 [Vitis vinifera],-3.031,-0.333
XP_010658141.1,False,87.493,0.6697,False,defense_signaling,87.207,0.6649,False,defense_signaling,87.16,0.6636,False,defense_signaling,XP_010658141.1 SAC3 family protein A isoform X1 [Vitis vinifera],-0.286,-0.333
XP_019075587.1,False,75.948,0.5522,False,defense_signaling,67.159,0.4606,False,defense_signaling,75.615,0.5456,False,defense_signaling,XP_019075587.1 mediator of RNA polymerase II transcription subunit 33A isoform X1 [Vitis vinifera],-8.789,-0.333
XP_010660946.1,False,75.778,0.5503,False,defense_signaling,65.269,0.4418,False,defense_signaling,75.445,0.5437,False,defense_signaling,XP_010660946.1 DNA repair protein UVH3 isoform X2 [Vitis vinifera],-10.509,-0.333
XP_010663203.1,False,61.205,0.3986,False,defense_signaling,39.267,0.1143,False,defense_signaling,60.871,0.3913,False,defense_signaling,XP_010663203.1 uncharacterized protein LOC100248456 [Vitis vinifera],-21.938,-0.334
XP_059591918.1,False,90.704,0.704,False,defense_signaling,88.103,0.6736,False,defense_signaling,90.37,0.6981,False,defense_signaling,XP_059591918.1 DNA repair protein REV1 isoform X4 [Vitis vinifera],-2.601,-0.334
XP_010654341.1,False,59.155,0.3777,False,defense_signaling,59.456,0.3777,False,defense_signaling,58.821,0.3703,False,defense_signaling,XP_010654341.1 myosin-binding protein 2 [Vitis vinifera],0.301,-0.334
XP_010648369.1,False,62.655,0.415,False,defense_signaling,63.295,0.4203,False,defense_signaling,62.32,0.4077,False,defense_signaling,XP_010648369.1 protein PLASTID MOVEMENT IMPAIRED 1-RELATED 1 isoform X2 [Vitis vinifera],0.64,-0.335
XP_010662340.1,False,61.166,0.3981,False,defense_signaling,49.367,0.2574,False,defense_signaling,60.831,0.3908,False,defense_signaling,XP_010662340.1 protein PHYTOCHROME-DEPENDENT LATE-FLOWERING isoform X3 [Vitis vinifera],-11.799,-0.335
XP_010649855.1,False,76.243,0.5548,False,defense_signaling,67.636,0.4658,False,defense_signaling,75.908,0.5482,False,defense_signaling,XP_010649855.1 mediator of RNA polymerase II transcription subunit 33A isoform X2 [Vitis vinifera],-8.607,-0.335
XP_010648368.1,False,62.734,0.416,False,defense_signaling,63.329,0.4208,False,defense_signaling,62.399,0.4088,False,defense_signaling,XP_010648368.1 protein PLASTID MOVEMENT IMPAIRED 1-RELATED 1 isoform X1 [Vitis vinifera],0.595,-0.335
XP_010652126.1,False,75.251,0.545,False,defense_signaling,66.576,0.4554,False,defense_signaling,74.916,0.5383,False,defense_signaling,XP_010652126.1 mediator of RNA polymerase II transcription subunit 33A isoform X1 [Vitis vinifera],-8.675,-0.335
XP_059594733.1,False,61.009,0.3963,False,defense_signaling,57.354,0.3529,False,defense_signaling,60.674,0.389,False,defense_signaling,XP_059594733.1 uncharacterized protein LOC100255993 [Vitis vinifera],-3.655,-0.335
XP_010647966.1,False,90.697,0.7039,False,defense_signaling,87.057,0.6631,False,defense_signaling,90.362,0.698,False,defense_signaling,XP_010647966.1 DNA repair protein REV1 isoform X2 [Vitis vinifera],-3.64,-0.335
XP_059596765.1,False,79.595,0.7007,False,cell_death_HR,79.492,0.5837,False,defense_signaling,79.258,0.6923,False,cell_death_HR,XP_059596765.1 protein REDUCED CHLOROPLAST COVERAGE 2 [Vitis vinifera],-0.103,-0.337
XP_010651740.1,False,67.294,0.4654,False,defense_signaling,63.069,0.4175,False,defense_signaling,66.957,0.4584,False,defense_signaling,XP_010651740.1 DDT domain-containing protein PTM [Vitis vinifera],-4.225,-0.337
XP_002269663.1,False,49.273,0.258,False,defense_signaling,47.983,0.2417,False,defense_signaling,48.936,0.2501,False,defense_signaling,XP_002269663.1 exocyst complex component SEC8 [Vitis vinifera],-1.29,-0.337
XP_010647727.1,False,88.484,0.6795,False,defense_signaling,85.551,0.6484,False,defense_signaling,88.147,0.6735,False,defense_signaling,XP_010647727.1 probable E3 ubiquitin ligase SUD1 isoform X1 [Vitis vinifera],-2.933,-0.337
XP_010663307.1,False,90.982,0.7068,False,defense_signaling,75.824,0.5479,False,defense_signaling,90.645,0.7009,False,defense_signaling,XP_010663307.1 uncharacterized protein LOC100267344 isoform X4 [Vitis vinifera],-15.158,-0.337
XP_059595393.1,False,61.599,0.4035,False,defense_signaling,52.715,0.2987,False,defense_signaling,61.262,0.3962,False,defense_signaling,XP_059595393.1 uncharacterized protein LOC100251482 isoform X2 [Vitis vinifera],-8.884,-0.337
XP_010645139.1,False,76.314,0.5558,False,defense_signaling,76.742,0.5565,False,defense_signaling,75.977,0.5492,False,defense_signaling,XP_010645139.1 homeobox-DDT domain protein RLT3 isoform X3 [Vitis vinifera],0.428,-0.337
XP_059598230.1,False,49.273,0.258,False,defense_signaling,47.983,0.2417,False,defense_signaling,48.936,0.2501,False,defense_signaling,XP_059598230.1 exocyst complex component SEC8 [Vitis vinifera],-1.29,-0.337
XP_010651739.1,False,67.294,0.4654,False,defense_signaling,63.069,0.4175,False,defense_signaling,66.957,0.4584,False,defense_signaling,XP_010651739.1 DDT domain-containing protein PTM [Vitis vinifera],-4.225,-0.337
XP_010647728.1,False,88.502,0.6799,False,defense_signaling,85.711,0.6498,False,defense_signaling,88.165,0.6738,False,defense_signaling,XP_010647728.1 probable E3 ubiquitin ligase SUD1 isoform X2 [Vitis vinifera],-2.791,-0.337
XP_010645138.1,False,76.314,0.5558,False,defense_signaling,76.742,0.5565,False,defense_signaling,75.977,0.5492,False,defense_signaling,XP_010645138.1 homeobox-DDT domain protein RLT3 isoform X3 [Vitis vinifera],0.428,-0.337
XP_010651737.1,False,67.294,0.4654,False,defense_signaling,63.069,0.4175,False,defense_signaling,66.957,0.4584,False,defense_signaling,XP_010651737.1 DDT domain-containing protein PTM [Vitis vinifera],-4.225,-0.337
XP_002279201.2,False,68.013,0.4732,False,defense_signaling,68.51,0.4751,False,defense_signaling,67.676,0.4662,False,defense_signaling,XP_002279201.2 uncharacterized protein LOC100263302 [Vitis vinifera],0.497,-0.337
XP_010658367.1,False,49.273,0.258,False,defense_signaling,47.983,0.2417,False,defense_signaling,48.936,0.2501,False,defense_signaling,XP_010658367.1 exocyst complex component SEC8 [Vitis vinifera],-1.29,-0.337
XP_002263797.3,False,76.314,0.5558,False,defense_signaling,76.742,0.5565,False,defense_signaling,75.977,0.5492,False,defense_signaling,XP_002263797.3 homeobox-DDT domain protein RLT3 isoform X3 [Vitis vinifera],0.428,-0.337
XP_010658368.1,False,49.273,0.258,False,defense_signaling,47.983,0.2417,False,defense_signaling,48.936,0.2501,False,defense_signaling,XP_010658368.1 exocyst complex component SEC8 [Vitis vinifera],-1.29,-0.337
XP_010658369.1,False,49.273,0.258,False,defense_signaling,47.983,0.2417,False,defense_signaling,48.936,0.2501,False,defense_signaling,XP_010658369.1 exocyst complex component SEC8 [Vitis vinifera],-1.29,-0.337
XP_002279584.1,False,40.227,0.1335,False,defense_signaling,38.945,0.1084,False,defense_signaling,39.89,0.125,False,defense_signaling,XP_002279584.1 BAG family molecular chaperone regulator 6 isoform X2 [Vitis vinifera],-1.282,-0.337
XP_010658370.1,False,49.273,0.258,False,defense_signaling,47.983,0.2417,False,defense_signaling,48.936,0.2501,False,defense_signaling,XP_010658370.1 exocyst complex component SEC8 [Vitis vinifera],-1.29,-0.337
XP_010650108.1,False,69.871,0.4922,False,defense_signaling,62.672,0.4128,False,defense_signaling,69.534,0.4853,False,defense_signaling,XP_010650108.1 COP1-interacting protein 7 [Vitis vinifera],-7.199,-0.337
XP_059597484.1,False,98.228,1.5834,False,NBS_LRR,97.935,1.4675,False,NBS_LRR,97.891,1.4498,False,NBS_LRR,XP_059597484.1 putative disease resistance RPP13-like protein 1 [Vitis vinifera],-0.293,-0.337
XP_010661861.1,False,41.721,0.1568,False,defense_signaling,40.195,0.1313,False,defense_signaling,41.384,0.1484,False,defense_signaling,XP_010661861.1 BAG family molecular chaperone regulator 6 isoform X1 [Vitis vinifera],-1.526,-0.337
XP_019080529.1,False,67.184,0.4641,False,defense_signaling,61.075,0.3946,False,defense_signaling,66.846,0.4571,False,defense_signaling,XP_019080529.1 methyl-CpG-binding domain-containing protein 9 isoform X3 [Vitis vinifera],-6.109,-0.338
XP_010653681.1,False,90.711,0.704,False,defense_signaling,82.34,0.7371,False,antimicrobial,90.373,0.8291,False,cell_death_HR,XP_010653681.1 uncharacterized protein LOC100243186 [Vitis vinifera],-8.371,-0.338
XP_002284022.1,False,90.711,0.704,False,defense_signaling,82.34,0.7371,False,antimicrobial,90.373,0.8291,False,cell_death_HR,XP_002284022.1 uncharacterized protein LOC100243186 [Vitis vinifera],-8.371,-0.338
XP_059596534.1,False,79.368,0.6967,False,cell_death_HR,72.015,0.5677,False,cell_death_HR,79.03,0.6883,False,cell_death_HR,XP_059596534.1 formin-like protein 13 isoform X2 [Vitis vinifera],-7.353,-0.338
XP_019082073.1,False,76.346,0.5561,False,defense_signaling,76.231,0.5514,False,defense_signaling,76.008,0.5495,False,defense_signaling,XP_019082073.1 probable serine/threonine protein kinase IREH1 isoform X6 [Vitis vinifera],-0.115,-0.338
XP_019082072.1,False,76.346,0.5561,False,defense_signaling,75.913,0.549,False,defense_signaling,76.008,0.5495,False,defense_signaling,XP_019082072.1 probable serine/threonine protein kinase IREH1 isoform X5 [Vitis vinifera],-0.433,-0.338
XP_010649985.1,False,41.448,0.1531,False,defense_signaling,41.514,0.1516,False,defense_signaling,41.11,0.1447,False,defense_signaling,XP_010649985.1 uncharacterized protein LOC100268093 isoform X1 [Vitis vinifera],0.066,-0.338
XP_059596533.1,False,79.368,0.6967,False,cell_death_HR,72.573,0.5769,False,cell_death_HR,79.03,0.6883,False,cell_death_HR,XP_059596533.1 formin-like protein 13 isoform X1 [Vitis vinifera],-6.795,-0.338
XP_010662573.1,False,61.616,0.4037,False,defense_signaling,54.715,0.3219,False,defense_signaling,61.277,0.3964,False,defense_signaling,XP_010662573.1 uncharacterized protein LOC100248390 isoform X2 [Vitis vinifera],-6.901,-0.339
XP_010662572.1,False,61.616,0.4037,False,defense_signaling,55.14,0.3266,False,defense_signaling,61.277,0.3964,False,defense_signaling,XP_010662572.1 uncharacterized protein LOC100248390 isoform X1 [Vitis vinifera],-6.476,-0.339
XP_059596522.1,False,56.999,0.3504,False,defense_signaling,52.764,0.2995,False,defense_signaling,56.66,0.3429,False,defense_signaling,XP_059596522.1 uncharacterized protein LOC100257683 isoform X2 [Vitis vinifera],-4.235,-0.339
XP_010656729.3,False,68.864,0.482,False,defense_signaling,65.04,0.4395,False,defense_signaling,68.525,0.4751,False,defense_signaling,XP_010656729.3 uncharacterized protein LOC104880753 [Vitis vinifera],-3.824,-0.339
XP_010662571.1,False,61.616,0.4037,False,defense_signaling,55.14,0.3266,False,defense_signaling,61.277,0.3964,False,defense_signaling,XP_010662571.1 uncharacterized protein LOC100248390 isoform X1 [Vitis vinifera],-6.476,-0.339
XP_059597440.1,False,80.355,0.5943,False,defense_signaling,87.478,0.6674,False,defense_signaling,80.016,0.5879,False,defense_signaling,XP_059597440.1 DNA-directed RNA polymerase V subunit 1 [Vitis vinifera],7.123,-0.339
XP_059593422.1,False,87.059,0.7363,False,antimicrobial,86.607,0.6957,False,antimicrobial,86.72,0.729,False,antimicrobial,XP_059593422.1 DNA-directed RNA polymerase III subunit 1 [Vitis vinifera],-0.452,-0.339
XP_010661002.3,False,85.114,0.6452,False,defense_signaling,76.334,0.5528,False,defense_signaling,84.774,0.639,False,defense_signaling,XP_010661002.3 uncharacterized protein LOC104881683 isoform X3 [Vitis vinifera],-8.78,-0.34
XP_002283635.1,False,81.864,0.6096,False,defense_signaling,81.419,0.6027,False,defense_signaling,81.524,0.6033,False,defense_signaling,XP_002283635.1 ubiquitin carboxyl-terminal hydrolase 26 [Vitis vinifera],-0.445,-0.34
XP_010651486.1,False,58.545,0.3699,False,defense_signaling,58.013,0.36,False,defense_signaling,58.205,0.3625,False,defense_signaling,XP_010651486.1 DDT domain-containing protein PTM [Vitis vinifera],-0.532,-0.34
XP_019076737.1,False,61.624,0.4037,False,defense_signaling,49.808,0.2632,False,defense_signaling,61.284,0.3964,False,defense_signaling,XP_019076737.1 protein PHYTOCHROME-DEPENDENT LATE-FLOWERING isoform X2 [Vitis vinifera],-11.816,-0.34
XP_002269564.3,False,68.653,0.4793,False,defense_signaling,65.328,0.4423,False,defense_signaling,68.313,0.4978,False,cell_death_HR,XP_002269564.3 enhancer of mRNA-decapping protein 4 [Vitis vinifera],-3.325,-0.34
XP_010661001.3,False,85.114,0.6452,False,defense_signaling,77.473,0.5636,False,defense_signaling,84.774,0.639,False,defense_signaling,XP_010661001.3 uncharacterized protein LOC104881683 isoform X1 [Vitis vinifera],-7.641,-0.34
XP_010653322.1,False,74.334,0.5375,False,defense_signaling,72.669,0.5178,False,defense_signaling,73.993,0.5308,False,defense_signaling,XP_010653322.1 mediator of RNA polymerase II transcription subunit 23 isoform X5 [Vitis vinifera],-1.665,-0.341
XP_010655456.1,False,88.627,0.6817,False,defense_signaling,79.656,0.5853,False,defense_signaling,88.285,0.6757,False,defense_signaling,XP_010655456.1 homeobox-DDT domain protein RLT1 isoform X1 [Vitis vinifera],-8.971,-0.342
XP_010655458.1,False,88.627,0.6817,False,defense_signaling,82.799,0.6174,False,defense_signaling,88.285,0.6757,False,defense_signaling,XP_010655458.1 homeobox-DDT domain protein RLT1 isoform X3 [Vitis vinifera],-5.828,-0.342
XP_010663303.1,False,84.57,0.638,False,defense_signaling,73.698,0.5279,False,defense_signaling,84.228,0.6318,False,defense_signaling,XP_010663303.1 uncharacterized protein LOC100267344 isoform X1 [Vitis vinifera],-10.872,-0.342
XP_010652451.1,False,84.116,0.6553,False,cell_death_HR,76.272,0.5519,False,defense_signaling,83.774,0.6466,False,cell_death_HR,XP_010652451.1 CLIP-associated protein isoform X2 [Vitis vinifera],-7.844,-0.342
XP_010649896.1,False,87.142,0.6663,False,defense_signaling,75.957,0.5493,False,defense_signaling,86.8,0.6602,False,defense_signaling,XP_010649896.1 uncharacterized protein LOC100247619 isoform X1 [Vitis vinifera],-11.185,-0.342
XP_010663304.1,False,84.57,0.638,False,defense_signaling,74.732,0.538,False,defense_signaling,84.228,0.6318,False,defense_signaling,XP_010663304.1 uncharacterized protein LOC100267344 isoform X2 [Vitis vinifera],-9.838,-0.342
XP_010649895.1,False,87.142,0.6663,False,defense_signaling,75.957,0.5493,False,defense_signaling,86.8,0.6602,False,defense_signaling,XP_010649895.1 uncharacterized protein LOC100247619 isoform X1 [Vitis vinifera],-11.185,-0.342
XP_010651123.1,False,88.585,0.6812,False,defense_signaling,86.56,0.6574,False,defense_signaling,88.243,0.7082,False,antimicrobial,XP_010651123.1 tRNA ligase 1 isoform X1 [Vitis vinifera],-2.025,-0.342
XP_059599068.1,False,57.799,0.3598,False,defense_signaling,54.216,0.3164,False,defense_signaling,57.457,0.3523,False,defense_signaling,XP_059599068.1 uncharacterized protein LOC100241322 isoform X4 [Vitis vinifera],-3.583,-0.342
XP_010655459.1,False,88.627,0.6817,False,defense_signaling,86.656,0.6584,False,defense_signaling,88.285,0.6757,False,defense_signaling,XP_010655459.1 homeobox-DDT domain protein RLT1 isoform X4 [Vitis vinifera],-1.971,-0.342
XP_010649898.1,False,87.142,0.6663,False,defense_signaling,78.517,0.5747,False,defense_signaling,86.8,0.6602,False,defense_signaling,XP_010649898.1 uncharacterized protein LOC100247619 isoform X2 [Vitis vinifera],-8.625,-0.342
XP_010649897.1,False,87.142,0.6663,False,defense_signaling,75.957,0.5493,False,defense_signaling,86.8,0.6602,False,defense_signaling,XP_010649897.1 uncharacterized protein LOC100247619 isoform X1 [Vitis vinifera],-11.185,-0.342
XP_010656786.1,False,56.719,0.347,False,defense_signaling,57.664,0.3559,False,defense_signaling,56.377,0.3395,False,defense_signaling,XP_010656786.1 RNA polymerase II C-terminal domain phosphatase-like 3 isoform X1 [Vitis vinifera],0.945,-0.342
XP_010660003.1,False,84.59,0.6381,False,defense_signaling,84.73,0.6389,False,defense_signaling,84.248,0.6319,False,defense_signaling,XP_010660003.1 uncharacterized protein LOC100255461 [Vitis vinifera],0.14,-0.342
XP_059597367.1,False,81.94,0.6108,False,defense_signaling,86.274,0.6541,False,defense_signaling,81.598,0.6044,False,defense_signaling,XP_059597367.1 separase isoform X4 [Vitis vinifera],4.334,-0.342
XP_010661913.1,False,57.799,0.3598,False,defense_signaling,54.216,0.3164,False,defense_signaling,57.457,0.3523,False,defense_signaling,XP_010661913.1 uncharacterized protein LOC100241322 isoform X4 [Vitis vinifera],-3.583,-0.342
XP_010653799.1,False,84.148,0.6327,False,defense_signaling,84.091,0.63,False,defense_signaling,83.806,0.6264,False,defense_signaling,XP_010653799.1 uncharacterized protein LOC100241927 isoform X4 [Vitis vinifera],-0.057,-0.342
XP_002265367.1,False,84.49,0.6503,False,cell_death_HR,76.553,0.5548,False,defense_signaling,84.148,0.6416,False,cell_death_HR,XP_002265367.1 CLIP-associated protein isoform X1 [Vitis vinifera],-7.937,-0.342
XP_019076736.1,False,61.781,0.4052,False,defense_signaling,49.628,0.2609,False,defense_signaling,61.439,0.3979,False,defense_signaling,XP_019076736.1 protein PHYTOCHROME-DEPENDENT LATE-FLOWERING isoform X1 [Vitis vinifera],-12.153,-0.342
XP_059595308.1,False,84.195,0.6333,False,defense_signaling,83.636,0.6258,False,defense_signaling,83.853,0.6271,False,defense_signaling,XP_059595308.1 uncharacterized protein LOC100241927 isoform X2 [Vitis vinifera],-0.559,-0.342
XP_002266568.2,False,84.59,0.6381,False,defense_signaling,84.73,0.6389,False,defense_signaling,84.248,0.6319,False,defense_signaling,XP_002266568.2 uncharacterized protein LOC100255461 [Vitis vinifera],0.14,-0.342
XP_010653286.1,False,74.463,0.5388,False,defense_signaling,73.833,0.5292,False,defense_signaling,74.121,0.5321,False,defense_signaling,XP_010653286.1 mediator of RNA polymerase II transcription subunit 23 isoform X4 [Vitis vinifera],-0.63,-0.342
XP_010661911.1,False,57.799,0.3598,False,defense_signaling,54.216,0.3164,False,defense_signaling,57.457,0.3523,False,defense_signaling,XP_010661911.1 uncharacterized protein LOC100241322 isoform X4 [Vitis vinifera],-3.583,-0.342
XP_019077780.1,False,61.799,0.4053,False,defense_signaling,52.835,0.3001,False,defense_signaling,61.456,0.398,False,defense_signaling,XP_019077780.1 uncharacterized protein LOC100251482 isoform X1 [Vitis vinifera],-8.964,-0.343
XP_019077779.1,False,61.799,0.4053,False,defense_signaling,52.835,0.3001,False,defense_signaling,61.456,0.398,False,defense_signaling,XP_019077779.1 uncharacterized protein LOC100251482 isoform X1 [Vitis vinifera],-8.964,-0.343
XP_002271999.1,False,61.799,0.4053,False,defense_signaling,52.835,0.3001,False,defense_signaling,61.456,0.398,False,defense_signaling,XP_002271999.1 uncharacterized protein LOC100251482 isoform X1 [Vitis vinifera],-8.964,-0.343
XP_010654398.1,False,61.799,0.4053,False,defense_signaling,52.835,0.3001,False,defense_signaling,61.456,0.398,False,defense_signaling,XP_010654398.1 uncharacterized protein LOC100251482 isoform X1 [Vitis vinifera],-8.964,-0.343
XP_010654397.1,False,61.799,0.4053,False,defense_signaling,52.835,0.3001,False,defense_signaling,61.456,0.398,False,defense_signaling,XP_010654397.1 uncharacterized protein LOC100251482 isoform X1 [Vitis vinifera],-8.964,-0.343
XP_002277958.2,False,88.883,0.6845,False,defense_signaling,87.352,0.6662,False,defense_signaling,88.539,0.6785,False,defense_signaling,XP_002277958.2 uncharacterized protein LOC100257679 [Vitis vinifera],-1.531,-0.344
XP_010651085.1,False,88.9,0.6848,False,defense_signaling,88.125,0.6737,False,defense_signaling,88.556,0.6788,False,defense_signaling,XP_010651085.1 kinesin-like protein KIN-5D [Vitis vinifera],-0.775,-0.344
XP_059594399.1,False,70.798,0.5015,False,defense_signaling,71.109,0.502,False,defense_signaling,70.453,0.4947,False,defense_signaling,XP_059594399.1 uncharacterized protein LOC100258552 isoform X3 [Vitis vinifera],0.311,-0.345
XP_059594397.1,False,70.798,0.5015,False,defense_signaling,70.533,0.496,False,defense_signaling,70.453,0.4947,False,defense_signaling,XP_059594397.1 uncharacterized protein LOC100258552 isoform X1 [Vitis vinifera],-0.265,-0.345
XP_059594398.1,False,70.798,0.5015,False,defense_signaling,70.56,0.4965,False,defense_signaling,70.453,0.4947,False,defense_signaling,XP_059594398.1 uncharacterized protein LOC100258552 isoform X2 [Vitis vinifera],-0.238,-0.345
XP_059594870.1,False,88.993,0.6984,False,cell_death_HR,88.793,0.6815,False,defense_signaling,88.648,0.69,False,cell_death_HR,XP_059594870.1 uncharacterized protein LOC100261641 isoform X1 [Vitis vinifera],-0.2,-0.345
XP_059594400.1,False,70.798,0.5015,False,defense_signaling,70.068,0.4917,False,defense_signaling,70.453,0.4947,False,defense_signaling,XP_059594400.1 uncharacterized protein LOC100258552 isoform X4 [Vitis vinifera],-0.73,-0.345
XP_010652054.1,False,84.269,0.6338,False,defense_signaling,83.129,0.6207,False,defense_signaling,83.924,0.6276,False,defense_signaling,XP_010652054.1 homeobox protein LUMINIDEPENDENS [Vitis vinifera],-1.14,-0.345
XP_019077290.1,False,88.993,0.6984,False,cell_death_HR,88.793,0.6815,False,defense_signaling,88.648,0.69,False,cell_death_HR,XP_019077290.1 uncharacterized protein LOC100261641 isoform X1 [Vitis vinifera],-0.2,-0.345
XP_010657007.1,False,81.5,0.6062,False,defense_signaling,71.685,0.5075,False,defense_signaling,81.153,0.5999,False,defense_signaling,XP_010657007.1 homeobox-DDT domain protein RLT2 isoform X1 [Vitis vinifera],-9.815,-0.347
XP_002265056.1,False,88.718,0.7015,False,cell_death_HR,88.243,0.6918,False,cell_death_HR,88.371,0.6932,False,cell_death_HR,XP_002265056.1 uncharacterized protein LOC100261641 isoform X2 [Vitis vinifera],-0.475,-0.347
XP_010659064.1,False,88.028,0.8453,False,antimicrobial,88.085,0.8461,False,antimicrobial,87.681,0.8384,False,antimicrobial,XP_010659064.1 DNA-directed RNA polymerase III subunit 2 isoform X2 [Vitis vinifera],0.057,-0.347
XP_059596017.1,False,73.641,0.5333,False,antimicrobial,73.334,0.5269,False,antimicrobial,73.294,0.5251,False,antimicrobial,XP_059596017.1 DNA-directed RNA polymerase subunit beta [Vitis vinifera],-0.307,-0.347
XP_010659065.1,False,88.028,0.8453,False,antimicrobial,88.085,0.8461,False,antimicrobial,87.681,0.8384,False,antimicrobial,XP_010659065.1 DNA-directed RNA polymerase III subunit 2 isoform X2 [Vitis vinifera],0.057,-0.347
XP_002275272.1,False,81.527,0.6066,False,defense_signaling,71.596,0.5064,False,defense_signaling,81.18,0.6002,False,defense_signaling,XP_002275272.1 homeobox-DDT domain protein RLT2 isoform X2 [Vitis vinifera],-9.931,-0.347
YP_567068.1,False,73.641,0.5333,False,antimicrobial,73.334,0.5269,False,antimicrobial,73.294,0.5251,False,antimicrobial,YP_567068.1 RNA polymerase beta subunit (chloroplast) [Vitis vinifera],-0.307,-0.347
XP_059591870.1,False,56.796,0.3481,False,defense_signaling,53.827,0.3116,False,defense_signaling,56.449,0.3406,False,defense_signaling,XP_059591870.1 RNA polymerase II C-terminal domain phosphatase-like 3 isoform X3 [Vitis vinifera],-2.969,-0.347
XP_010656789.1,False,56.796,0.3481,False,defense_signaling,57.332,0.3525,False,defense_signaling,56.449,0.3406,False,defense_signaling,XP_010656789.1 RNA polymerase II C-terminal domain phosphatase-like 3 isoform X2 [Vitis vinifera],0.536,-0.347
XP_019080565.2,False,84.756,0.6405,False,defense_signaling,65.244,0.4416,False,defense_signaling,84.409,0.6343,False,defense_signaling,XP_019080565.2 uncharacterized protein LOC104881683 isoform X4 [Vitis vinifera],-19.512,-0.347
XP_010647969.1,False,82.039,0.6119,False,defense_signaling,82.147,0.6103,False,defense_signaling,81.692,0.6055,False,defense_signaling,XP_010647969.1 DNA repair protein REV1 isoform X5 [Vitis vinifera],0.108,-0.347
XP_010659082.1,False,89.55,0.8702,False,antimicrobial,88.445,0.8541,False,antimicrobial,89.203,0.8634,False,antimicrobial,XP_010659082.1 DNA-directed RNA polymerase I subunit 2 isoform X1 [Vitis vinifera],-1.105,-0.347
XP_010653099.1,False,73.506,0.5289,False,defense_signaling,67.523,0.465,False,defense_signaling,73.159,0.5222,False,defense_signaling,XP_010653099.1 mediator of RNA polymerase II transcription subunit 33A isoform X3 [Vitis vinifera],-5.983,-0.347
XP_059596342.1,False,72.583,0.5199,False,defense_signaling,71.486,0.5057,False,defense_signaling,72.236,0.5131,False,defense_signaling,XP_059596342.1 paired amphipathic helix protein Sin3-like 3 isoform X4 [Vitis vinifera],-1.097,-0.347
XP_059596327.1,False,70.934,0.503,False,defense_signaling,67.292,0.4623,False,defense_signaling,70.587,0.4961,False,defense_signaling,XP_059596327.1 uncharacterized protein LOC132252661 [Vitis vinifera],-3.642,-0.347
XP_010649379.1,False,88.77,0.6833,False,defense_signaling,83.555,0.6247,False,defense_signaling,88.423,0.6773,False,defense_signaling,XP_010649379.1 phosphatidylinositol 4-kinase beta 1 isoform X1 [Vitis vinifera],-5.215,-0.347
XP_059595372.1,False,73.641,0.5333,False,antimicrobial,73.334,0.5269,False,antimicrobial,73.294,0.5251,False,antimicrobial,XP_059595372.1 DNA-directed RNA polymerase subunit beta [Vitis vinifera],-0.307,-0.347
XP_059597447.1,False,88.028,0.8453,False,antimicrobial,87.637,0.8374,False,antimicrobial,87.681,0.8384,False,antimicrobial,XP_059597447.1 DNA-directed RNA polymerase III subunit 2 isoform X1 [Vitis vinifera],-0.391,-0.347
XP_059597448.1,False,88.028,0.8453,False,antimicrobial,87.637,0.8374,False,antimicrobial,87.681,0.8384,False,antimicrobial,XP_059597448.1 DNA-directed RNA polymerase III subunit 2 isoform X1 [Vitis vinifera],-0.391,-0.347
XP_003632762.1,False,82.031,0.6118,False,defense_signaling,71.156,0.5024,False,defense_signaling,81.684,0.6055,False,defense_signaling,XP_003632762.1 pre-mRNA-processing-splicing factor 8A [Vitis vinifera],-10.875,-0.347
XP_059593150.1,False,41.642,0.1556,False,defense_signaling,41.288,0.1485,False,defense_signaling,41.295,0.1472,False,defense_signaling,XP_059593150.1 uncharacterized protein LOC100268093 isoform X4 [Vitis vinifera],-0.354,-0.347
XP_059599231.1,False,70.582,0.4994,False,defense_signaling,65.692,0.446,False,defense_signaling,70.233,0.4926,False,defense_signaling,XP_059599231.1 mediator of RNA polymerase II transcription subunit 12 isoform X2 [Vitis vinifera],-4.89,-0.349
XP_010653361.1,False,72.465,0.5187,False,defense_signaling,60.74,0.3911,False,defense_signaling,72.116,0.512,False,defense_signaling,XP_010653361.1 methyl-CpG-binding domain-containing protein 9 isoform X2 [Vitis vinifera],-11.725,-0.349
XP_059599230.1,False,70.582,0.4994,False,defense_signaling,65.692,0.446,False,defense_signaling,70.233,0.4926,False,defense_signaling,XP_059599230.1 mediator of RNA polymerase II transcription subunit 12 isoform X2 [Vitis vinifera],-4.89,-0.349
XP_059593511.1,False,34.721,-0.1162,False,NBS_LRR,33.71,-0.1159,False,NBS_LRR,34.372,-0.1044,False,NBS_LRR,XP_059593511.1 protein FAR-RED IMPAIRED RESPONSE 1 isoform X1 [Vitis vinifera],-1.011,-0.349
XP_059599229.1,False,70.582,0.4994,False,defense_signaling,65.692,0.446,False,defense_signaling,70.233,0.4926,False,defense_signaling,XP_059599229.1 mediator of RNA polymerase II transcription subunit 12 isoform X2 [Vitis vinifera],-4.89,-0.349
XP_010653178.1,False,71.067,0.5044,False,defense_signaling,71.589,0.5064,False,defense_signaling,70.718,0.4976,False,defense_signaling,XP_010653178.1 mediator of RNA polymerase II transcription subunit 23 isoform X1 [Vitis vinifera],0.522,-0.349
YP_567066.1,False,58.609,0.3709,False,defense_signaling,50.229,0.2683,False,defense_signaling,58.259,0.3635,False,defense_signaling,YP_567066.1 RNA polymerase beta'' subunit (chloroplast) [Vitis vinifera],-8.38,-0.35
XP_019077261.1,False,71.004,0.504,False,defense_signaling,64.853,0.4373,False,defense_signaling,70.654,0.4972,False,defense_signaling,XP_019077261.1 uncharacterized protein LOC100257222 isoform X2 [Vitis vinifera],-6.151,-0.35
XP_059596338.1,False,71.978,0.5134,False,defense_signaling,71.274,0.5035,False,defense_signaling,71.628,0.5066,False,defense_signaling,XP_059596338.1 paired amphipathic helix protein Sin3-like 4 isoform X2 [Vitis vinifera],-0.704,-0.35
XP_059596339.1,False,71.978,0.5134,False,defense_signaling,71.274,0.5035,False,defense_signaling,71.628,0.5066,False,defense_signaling,XP_059596339.1 paired amphipathic helix protein Sin3-like 4 isoform X2 [Vitis vinifera],-0.704,-0.35
XP_010652846.1,False,71.978,0.5134,False,defense_signaling,71.274,0.5035,False,defense_signaling,71.628,0.5066,False,defense_signaling,XP_010652846.1 paired amphipathic helix protein Sin3-like 4 isoform X2 [Vitis vinifera],-0.704,-0.35
XP_010652850.1,False,72.411,0.5178,False,defense_signaling,71.37,0.5045,False,defense_signaling,72.061,0.5111,False,defense_signaling,XP_010652850.1 paired amphipathic helix protein Sin3-like 3 isoform X3 [Vitis vinifera],-1.041,-0.35
XP_010653646.1,False,59.401,0.3798,False,defense_signaling,57.295,0.3519,False,defense_signaling,59.05,0.3724,False,defense_signaling,XP_010653646.1 mediator of RNA polymerase II transcription subunit 15a isoform X1 [Vitis vinifera],-2.106,-0.351
XP_010656155.1,False,72.229,0.5159,False,defense_signaling,72.917,0.5209,False,defense_signaling,71.878,0.5091,False,defense_signaling,XP_010656155.1 protein PLASTID MOVEMENT IMPAIRED 1-RELATED 1 [Vitis vinifera],0.688,-0.351
XP_002279012.1,False,72.229,0.5159,False,defense_signaling,72.917,0.5209,False,defense_signaling,71.878,0.5091,False,defense_signaling,XP_002279012.1 protein PLASTID MOVEMENT IMPAIRED 1-RELATED 1 [Vitis vinifera],0.688,-0.351
XP_010661794.1,False,70.555,0.4991,False,defense_signaling,65.792,0.4469,False,defense_signaling,70.203,0.4922,False,defense_signaling,XP_010661794.1 mediator of RNA polymerase II transcription subunit 12 isoform X1 [Vitis vinifera],-4.763,-0.352
XP_010661795.1,False,70.555,0.4991,False,defense_signaling,65.792,0.4469,False,defense_signaling,70.203,0.4922,False,defense_signaling,XP_010661795.1 mediator of RNA polymerase II transcription subunit 12 isoform X1 [Vitis vinifera],-4.763,-0.352
XP_010662768.1,False,82.856,0.6207,False,defense_signaling,79.063,0.5796,False,defense_signaling,82.504,0.6144,False,defense_signaling,XP_010662768.1 uncharacterized protein LOC100248827 [Vitis vinifera],-3.793,-0.352
XP_010662769.1,False,82.856,0.6207,False,defense_signaling,79.063,0.5796,False,defense_signaling,82.504,0.6144,False,defense_signaling,XP_010662769.1 uncharacterized protein LOC100248827 [Vitis vinifera],-3.793,-0.352
XP_002266063.2,False,89.628,0.6918,False,defense_signaling,90.061,0.6944,False,defense_signaling,89.276,0.6858,False,defense_signaling,XP_002266063.2 putative lysine-specific demethylase JMJ16 [Vitis vinifera],0.433,-0.352
XP_059598903.1,False,89.628,0.6918,False,defense_signaling,90.061,0.6944,False,defense_signaling,89.276,0.6858,False,defense_signaling,XP_059598903.1 putative lysine-specific demethylase JMJ16 [Vitis vinifera],0.433,-0.352
XP_059598904.1,False,89.628,0.6918,False,defense_signaling,90.061,0.6944,False,defense_signaling,89.276,0.6858,False,defense_signaling,XP_059598904.1 putative lysine-specific demethylase JMJ16 [Vitis vinifera],0.433,-0.352
XP_059598902.1,False,89.628,0.6918,False,defense_signaling,90.061,0.6944,False,defense_signaling,89.276,0.6858,False,defense_signaling,XP_059598902.1 putative lysine-specific demethylase JMJ16 [Vitis vinifera],0.433,-0.352
XP_059598901.1,False,89.628,0.6918,False,defense_signaling,90.061,0.6944,False,defense_signaling,89.276,0.6858,False,defense_signaling,XP_059598901.1 putative lysine-specific demethylase JMJ16 [Vitis vinifera],0.433,-0.352
XP_059598900.1,False,89.628,0.6918,False,defense_signaling,90.061,0.6944,False,defense_signaling,89.276,0.6858,False,defense_signaling,XP_059598900.1 putative lysine-specific demethylase JMJ16 [Vitis vinifera],0.433,-0.352
XP_059598899.1,False,89.628,0.6918,False,defense_signaling,90.061,0.6944,False,defense_signaling,89.276,0.6858,False,defense_signaling,XP_059598899.1 putative lysine-specific demethylase JMJ16 [Vitis vinifera],0.433,-0.352
XP_010653247.1,False,71.318,0.5068,False,defense_signaling,70.75,0.4983,False,defense_signaling,70.966,0.5,False,defense_signaling,XP_010653247.1 mediator of RNA polymerase II transcription subunit 23 isoform X3 [Vitis vinifera],-0.568,-0.352
XP_010661793.1,False,70.555,0.4991,False,defense_signaling,65.792,0.4469,False,defense_signaling,70.203,0.4922,False,defense_signaling,XP_010661793.1 mediator of RNA polymerase II transcription subunit 12 isoform X1 [Vitis vinifera],-4.763,-0.352
XP_010651410.1,False,70.4,0.4974,False,defense_signaling,51.08,0.2788,False,defense_signaling,70.048,0.4905,False,defense_signaling,XP_010651410.1 nuclear pore complex protein NUP214 [Vitis vinifera],-19.32,-0.352
XP_010662767.1,False,82.856,0.6207,False,defense_signaling,79.063,0.5796,False,defense_signaling,82.504,0.6144,False,defense_signaling,XP_010662767.1 uncharacterized protein LOC100248827 [Vitis vinifera],-3.793,-0.352
XP_019081162.1,False,70.555,0.4991,False,defense_signaling,67.363,0.463,False,defense_signaling,70.203,0.4922,False,defense_signaling,XP_019081162.1 mediator of RNA polymerase II transcription subunit 12 isoform X3 [Vitis vinifera],-3.192,-0.352
XP_019081161.1,False,70.555,0.4991,False,defense_signaling,65.792,0.4469,False,defense_signaling,70.203,0.4922,False,defense_signaling,XP_019081161.1 mediator of RNA polymerase II transcription subunit 12 isoform X1 [Vitis vinifera],-4.763,-0.352
XP_002269707.2,False,82.516,0.6173,False,defense_signaling,86.319,0.6545,False,defense_signaling,82.164,0.611,False,defense_signaling,XP_002269707.2 putative E3 ubiquitin-protein ligase LIN-1 isoform X3 [Vitis vinifera],3.803,-0.352
XP_010660224.1,False,89.628,0.6918,False,defense_signaling,90.061,0.6944,False,defense_signaling,89.276,0.6858,False,defense_signaling,XP_010660224.1 putative lysine-specific demethylase JMJ16 [Vitis vinifera],0.433,-0.352
XP_010660223.1,False,89.628,0.6918,False,defense_signaling,90.061,0.6944,False,defense_signaling,89.276,0.6858,False,defense_signaling,XP_010660223.1 putative lysine-specific demethylase JMJ16 [Vitis vinifera],0.433,-0.352
XP_010660221.1,False,89.628,0.6918,False,defense_signaling,90.061,0.6944,False,defense_signaling,89.276,0.6858,False,defense_signaling,XP_010660221.1 putative lysine-specific demethylase JMJ16 [Vitis vinifera],0.433,-0.352
XP_010660215.1,False,89.628,0.6918,False,defense_signaling,90.061,0.6944,False,defense_signaling,89.276,0.6858,False,defense_signaling,XP_010660215.1 putative lysine-specific demethylase JMJ16 [Vitis vinifera],0.433,-0.352
XP_010660217.1,False,89.628,0.6918,False,defense_signaling,90.061,0.6944,False,defense_signaling,89.276,0.6858,False,defense_signaling,XP_010660217.1 putative lysine-specific demethylase JMJ16 [Vitis vinifera],0.433,-0.352
XP_019080617.1,False,89.628,0.6918,False,defense_signaling,90.061,0.6944,False,defense_signaling,89.276,0.6858,False,defense_signaling,XP_019080617.1 putative lysine-specific demethylase JMJ16 [Vitis vinifera],0.433,-0.352
XP_010660219.1,False,89.628,0.6918,False,defense_signaling,90.061,0.6944,False,defense_signaling,89.276,0.6858,False,defense_signaling,XP_010660219.1 putative lysine-specific demethylase JMJ16 [Vitis vinifera],0.433,-0.352
XP_010651821.1,False,59.424,0.3803,False,defense_signaling,56.628,0.3435,False,defense_signaling,59.07,0.3729,False,defense_signaling,XP_010651821.1 uncharacterized protein LOC100256902 isoform X2 [Vitis vinifera],-2.796,-0.354
XP_002268217.1,False,82.639,0.6184,False,defense_signaling,79.3,0.5819,False,defense_signaling,82.285,0.6121,False,defense_signaling,XP_002268217.1 uncharacterized protein LOC100259097 [Vitis vinifera],-3.339,-0.354
XP_010659075.1,False,96.958,1.4213,False,NBS_LRR,96.924,1.336,False,NBS_LRR,96.604,1.2805,False,NBS_LRR,XP_010659075.1 putative disease resistance RPP13-like protein 1 [Vitis vinifera],-0.034,-0.354
XP_003632681.1,False,57.282,0.3542,False,defense_signaling,58.597,0.3686,False,defense_signaling,56.928,0.3467,False,defense_signaling,XP_003632681.1 uncharacterized protein LOC100257222 isoform X1 [Vitis vinifera],1.315,-0.354
XP_010660954.1,False,66.873,0.4616,False,defense_signaling,42.088,0.1597,False,defense_signaling,66.519,0.4546,False,defense_signaling,XP_010660954.1 uncharacterized protein LOC100252575 isoform X1 [Vitis vinifera],-24.785,-0.354
XP_019076162.1,False,59.424,0.3803,False,defense_signaling,57.29,0.3519,False,defense_signaling,59.07,0.3729,False,defense_signaling,XP_019076162.1 uncharacterized protein LOC100256902 isoform X4 [Vitis vinifera],-2.134,-0.354
XP_002272317.2,False,56.884,0.3491,False,defense_signaling,54.356,0.3176,False,defense_signaling,56.529,0.3416,False,defense_signaling,XP_002272317.2 protein PHYTOCHROME-DEPENDENT LATE-FLOWERING [Vitis vinifera],-2.528,-0.355
XP_019075589.1,False,59.557,0.3816,False,defense_signaling,58.141,0.3618,False,defense_signaling,59.202,0.3742,False,defense_signaling,XP_019075589.1 mediator of RNA polymerase II transcription subunit 33A isoform X3 [Vitis vinifera],-1.416,-0.355
XP_059595395.1,False,90.092,0.6967,False,defense_signaling,89.772,0.6918,False,defense_signaling,89.737,0.6907,False,defense_signaling,XP_059595395.1 nuclear pore complex protein NUP107 isoform X1 [Vitis vinifera],-0.32,-0.355
XP_010664790.1,False,57.417,0.356,False,defense_signaling,57.06,0.3493,False,defense_signaling,57.062,0.3485,False,defense_signaling,XP_010664790.1 filament-like plant protein 4 isoform X1 [Vitis vinifera],-0.357,-0.355
XP_010664791.1,False,57.417,0.356,False,defense_signaling,57.06,0.3493,False,defense_signaling,57.062,0.3485,False,defense_signaling,XP_010664791.1 filament-like plant protein 4 isoform X1 [Vitis vinifera],-0.357,-0.355
XP_019080292.1,False,96.394,1.3264,False,NBS_LRR,96.727,1.304,False,NBS_LRR,96.038,1.2235,False,NBS_LRR,XP_019080292.1 probable disease resistance protein At4g27220 [Vitis vinifera],0.333,-0.356
XP_010653208.1,False,71.773,0.5113,False,defense_signaling,71.682,0.5075,False,defense_signaling,71.417,0.5045,False,defense_signaling,XP_010653208.1 mediator of RNA polymerase II transcription subunit 23 isoform X2 [Vitis vinifera],-0.091,-0.356
XP_010660728.1,False,49.812,0.2651,False,defense_signaling,42.75,0.1685,False,defense_signaling,49.455,0.2572,False,defense_signaling,XP_010660728.1 uncharacterized protein LOC100256726 isoform X2 [Vitis vinifera],-7.062,-0.357
XP_010656472.1,False,90.463,0.7014,False,defense_signaling,90.52,0.7,False,defense_signaling,90.106,0.6955,False,defense_signaling,XP_010656472.1 uncharacterized protein LOC104880667 isoform X1 [Vitis vinifera],0.057,-0.357
XP_002275112.1,False,86.666,0.6604,False,defense_signaling,72.832,0.5197,False,defense_signaling,86.309,0.6543,False,defense_signaling,XP_002275112.1 DNA repair protein UVH3 isoform X1 [Vitis vinifera],-13.834,-0.357
XP_002278370.2,False,86.363,0.7866,False,cell_death_HR,89.695,0.6906,False,defense_signaling,86.006,0.7789,False,cell_death_HR,XP_002278370.2 protein REDUCED CHLOROPLAST COVERAGE 1 [Vitis vinifera],3.332,-0.357
XP_010660726.1,False,49.812,0.2651,False,defense_signaling,42.91,0.171,False,defense_signaling,49.455,0.2572,False,defense_signaling,XP_010660726.1 uncharacterized protein LOC100256726 isoform X1 [Vitis vinifera],-6.902,-0.357
XP_010652829.1,False,71.766,0.5112,False,defense_signaling,71.151,0.5024,False,defense_signaling,71.409,0.5044,False,defense_signaling,XP_010652829.1 paired amphipathic helix protein Sin3-like 4 isoform X1 [Vitis vinifera],-0.615,-0.357
XP_010653013.1,False,86.53,0.659,False,defense_signaling,85.039,0.6428,False,defense_signaling,86.173,0.6528,False,defense_signaling,XP_010653013.1 protein virilizer homolog [Vitis vinifera],-1.491,-0.357
XP_010652842.1,False,71.766,0.5112,False,defense_signaling,71.151,0.5024,False,defense_signaling,71.409,0.5044,False,defense_signaling,XP_010652842.1 paired amphipathic helix protein Sin3-like 4 isoform X1 [Vitis vinifera],-0.615,-0.357
XP_010652836.1,False,71.766,0.5112,False,defense_signaling,71.151,0.5024,False,defense_signaling,71.409,0.5044,False,defense_signaling,XP_010652836.1 paired amphipathic helix protein Sin3-like 4 isoform X1 [Vitis vinifera],-0.615,-0.357
XP_010653373.1,False,39.257,0.1146,False,defense_signaling,29.408,-0.0845,False,defense_signaling,38.898,0.106,False,defense_signaling,XP_010653373.1 protein SCAR2 [Vitis vinifera],-9.849,-0.359
XP_019080564.2,False,86.427,0.6575,False,defense_signaling,76.984,0.5589,False,defense_signaling,86.068,0.6513,False,defense_signaling,XP_019080564.2 uncharacterized protein LOC104881683 isoform X2 [Vitis vinifera],-9.443,-0.359
XP_010648225.1,False,63.743,0.4286,False,defense_signaling,55.656,0.3323,False,defense_signaling,63.384,0.4214,False,defense_signaling,XP_010648225.1 nuclear pore complex protein NUP160 [Vitis vinifera],-8.087,-0.359
XP_059589594.1,False,66.758,0.4606,False,defense_signaling,65.943,0.4487,False,defense_signaling,66.398,0.4536,False,defense_signaling,XP_059589594.1 histone-lysine N-methyltransferase ATX4 isoform X1 [Vitis vinifera],-0.815,-0.36
XP_059596027.1,False,50.175,0.2698,False,defense_signaling,44.401,0.1933,False,defense_signaling,49.815,0.2619,False,defense_signaling,XP_059596027.1 protein SCAR3 isoform X1 [Vitis vinifera],-5.774,-0.36
XP_010655516.1,False,50.175,0.2698,False,defense_signaling,47.132,0.2317,False,defense_signaling,49.815,0.2619,False,defense_signaling,XP_010655516.1 protein SCAR3 isoform X2 [Vitis vinifera],-3.043,-0.36
XP_019078149.1,False,50.175,0.2698,False,defense_signaling,47.132,0.2317,False,defense_signaling,49.815,0.2619,False,defense_signaling,XP_019078149.1 protein SCAR3 isoform X2 [Vitis vinifera],-3.043,-0.36
XP_010654372.1,False,83.109,0.6231,False,defense_signaling,61.255,0.3873,False,defense_signaling,82.748,0.6169,False,defense_signaling,XP_010654372.1 1-phosphatidylinositol-3-phosphate 5-kinase FAB1B [Vitis vinifera],-21.854,-0.361
XP_059598843.1,False,83.015,0.6222,False,defense_signaling,80.55,0.5936,False,defense_signaling,82.653,0.6159,False,defense_signaling,XP_059598843.1 paired amphipathic helix protein Sin3-like 2 isoform X2 [Vitis vinifera],-2.465,-0.362
XP_059596142.1,False,89.9,0.7365,False,antimicrobial,85.455,0.794,False,antimicrobial,89.538,0.7566,False,antimicrobial,XP_059596142.1 187-kDa microtubule-associated protein AIR9 isoform X3 [Vitis vinifera],-4.445,-0.362
XP_059596139.1,False,89.9,0.7365,False,antimicrobial,85.398,0.7928,False,antimicrobial,89.538,0.7533,False,antimicrobial,XP_059596139.1 187-kDa microtubule-associated protein AIR9 isoform X1 [Vitis vinifera],-4.502,-0.362
XP_002274947.2,False,89.9,0.7365,False,antimicrobial,85.393,0.7927,False,antimicrobial,89.538,0.7557,False,antimicrobial,XP_002274947.2 187-kDa microtubule-associated protein AIR9 isoform X4 [Vitis vinifera],-4.507,-0.362
XP_059596141.1,False,89.9,0.7365,False,antimicrobial,85.351,0.792,False,antimicrobial,89.538,0.7533,False,antimicrobial,XP_059596141.1 187-kDa microtubule-associated protein AIR9 isoform X2 [Vitis vinifera],-4.549,-0.362
XP_059596140.1,False,89.9,0.7365,False,antimicrobial,85.398,0.7928,False,antimicrobial,89.538,0.7533,False,antimicrobial,XP_059596140.1 187-kDa microtubule-associated protein AIR9 isoform X1 [Vitis vinifera],-4.502,-0.362
XP_010655517.1,False,49.769,0.2647,False,defense_signaling,47.209,0.2325,False,defense_signaling,49.407,0.2568,False,defense_signaling,XP_010655517.1 protein SCAR3 isoform X3 [Vitis vinifera],-2.56,-0.362
XP_059596143.1,False,89.9,0.7365,False,antimicrobial,84.074,0.7683,False,antimicrobial,89.538,0.7291,False,antimicrobial,XP_059596143.1 187-kDa microtubule-associated protein AIR9 isoform X5 [Vitis vinifera],-5.826,-0.362
XP_002282958.2,False,86.326,0.6565,False,defense_signaling,86.193,0.6534,False,defense_signaling,85.964,0.6504,False,defense_signaling,XP_002282958.2 probable serine/threonine protein kinase IRE4 isoform X1 [Vitis vinifera],-0.133,-0.362
XP_059596138.1,False,89.9,0.7365,False,antimicrobial,85.398,0.7928,False,antimicrobial,89.538,0.7533,False,antimicrobial,XP_059596138.1 187-kDa microtubule-associated protein AIR9 isoform X1 [Vitis vinifera],-4.502,-0.362
XP_002281791.2,False,83.015,0.6222,False,defense_signaling,81.217,0.6003,False,defense_signaling,82.653,0.6159,False,defense_signaling,XP_002281791.2 paired amphipathic helix protein Sin3-like 2 isoform X1 [Vitis vinifera],-1.798,-0.362
XP_059594179.1,False,97.946,1.5526,False,NBS_LRR,97.351,1.4027,False,NBS_LRR,97.582,1.4147,False,NBS_LRR,XP_059594179.1 putative disease resistance RPP13-like protein 1 [Vitis vinifera],-0.595,-0.364
XP_059594186.1,False,97.946,1.5526,False,NBS_LRR,97.351,1.4027,False,NBS_LRR,97.582,1.4147,False,NBS_LRR,XP_059594186.1 putative disease resistance RPP13-like protein 1 [Vitis vinifera],-0.595,-0.364
XP_059594176.1,False,97.946,1.5526,False,NBS_LRR,97.351,1.4027,False,NBS_LRR,97.582,1.4147,False,NBS_LRR,XP_059594176.1 putative disease resistance RPP13-like protein 1 [Vitis vinifera],-0.595,-0.364
XP_059594178.1,False,97.946,1.5526,False,NBS_LRR,97.351,1.4027,False,NBS_LRR,97.582,1.4147,False,NBS_LRR,XP_059594178.1 putative disease resistance RPP13-like protein 1 [Vitis vinifera],-0.595,-0.364
XP_059594177.1,False,97.946,1.5526,False,NBS_LRR,97.351,1.4027,False,NBS_LRR,97.582,1.4147,False,NBS_LRR,XP_059594177.1 putative disease resistance RPP13-like protein 1 [Vitis vinifera],-0.595,-0.364
XP_059594181.1,False,97.946,1.5526,False,NBS_LRR,97.351,1.4027,False,NBS_LRR,97.582,1.4147,False,NBS_LRR,XP_059594181.1 putative disease resistance RPP13-like protein 1 [Vitis vinifera],-0.595,-0.364
XP_059594175.1,False,97.946,1.5526,False,NBS_LRR,97.351,1.4027,False,NBS_LRR,97.582,1.4147,False,NBS_LRR,XP_059594175.1 putative disease resistance RPP13-like protein 1 [Vitis vinifera],-0.595,-0.364
XP_059594174.1,False,97.946,1.5526,False,NBS_LRR,97.351,1.4027,False,NBS_LRR,97.582,1.4147,False,NBS_LRR,XP_059594174.1 putative disease resistance RPP13-like protein 1 [Vitis vinifera],-0.595,-0.364
XP_059594173.1,False,97.946,1.5526,False,NBS_LRR,97.351,1.4027,False,NBS_LRR,97.582,1.4147,False,NBS_LRR,XP_059594173.1 putative disease resistance RPP13-like protein 1 [Vitis vinifera],-0.595,-0.364
XP_059594172.1,False,97.946,1.5526,False,NBS_LRR,97.351,1.4027,False,NBS_LRR,97.582,1.4147,False,NBS_LRR,XP_059594172.1 putative disease resistance RPP13-like protein 1 [Vitis vinifera],-0.595,-0.364
XP_059594171.1,False,97.946,1.5526,False,NBS_LRR,97.351,1.4027,False,NBS_LRR,97.582,1.4147,False,NBS_LRR,XP_059594171.1 putative disease resistance RPP13-like protein 1 [Vitis vinifera],-0.595,-0.364
XP_059594180.1,False,97.946,1.5526,False,NBS_LRR,97.351,1.4027,False,NBS_LRR,97.582,1.4147,False,NBS_LRR,XP_059594180.1 putative disease resistance RPP13-like protein 1 [Vitis vinifera],-0.595,-0.364
XP_059594183.1,False,97.946,1.5526,False,NBS_LRR,97.351,1.4027,False,NBS_LRR,97.582,1.4147,False,NBS_LRR,XP_059594183.1 putative disease resistance RPP13-like protein 1 [Vitis vinifera],-0.595,-0.364
XP_059594182.1,False,97.946,1.5526,False,NBS_LRR,97.351,1.4027,False,NBS_LRR,97.582,1.4147,False,NBS_LRR,XP_059594182.1 putative disease resistance RPP13-like protein 1 [Vitis vinifera],-0.595,-0.364
XP_059594184.1,False,97.946,1.5526,False,NBS_LRR,97.351,1.4027,False,NBS_LRR,97.582,1.4147,False,NBS_LRR,XP_059594184.1 putative disease resistance RPP13-like protein 1 [Vitis vinifera],-0.595,-0.364
XP_059594189.1,False,97.946,1.5526,False,NBS_LRR,97.351,1.4027,False,NBS_LRR,97.582,1.4147,False,NBS_LRR,XP_059594189.1 putative disease resistance RPP13-like protein 1 [Vitis vinifera],-0.595,-0.364
XP_059594190.1,False,97.946,1.5526,False,NBS_LRR,97.351,1.4027,False,NBS_LRR,97.582,1.4147,False,NBS_LRR,XP_059594190.1 putative disease resistance RPP13-like protein 1 [Vitis vinifera],-0.595,-0.364
XP_059594191.1,False,97.946,1.5526,False,NBS_LRR,97.351,1.4027,False,NBS_LRR,97.582,1.4147,False,NBS_LRR,XP_059594191.1 putative disease resistance RPP13-like protein 1 [Vitis vinifera],-0.595,-0.364
XP_059594192.1,False,97.946,1.5526,False,NBS_LRR,97.351,1.4027,False,NBS_LRR,97.582,1.4147,False,NBS_LRR,XP_059594192.1 putative disease resistance RPP13-like protein 1 [Vitis vinifera],-0.595,-0.364
XP_059594193.1,False,97.946,1.5526,False,NBS_LRR,97.351,1.4027,False,NBS_LRR,97.582,1.4147,False,NBS_LRR,XP_059594193.1 putative disease resistance RPP13-like protein 1 [Vitis vinifera],-0.595,-0.364
XP_059594194.1,False,97.946,1.5526,False,NBS_LRR,97.351,1.4027,False,NBS_LRR,97.582,1.4147,False,NBS_LRR,XP_059594194.1 putative disease resistance RPP13-like protein 1 [Vitis vinifera],-0.595,-0.364
XP_059594195.1,False,97.946,1.5526,False,NBS_LRR,97.351,1.4027,False,NBS_LRR,97.582,1.4147,False,NBS_LRR,XP_059594195.1 putative disease resistance RPP13-like protein 1 [Vitis vinifera],-0.595,-0.364
XP_059594196.1,False,97.946,1.5526,False,NBS_LRR,97.351,1.4027,False,NBS_LRR,97.582,1.4147,False,NBS_LRR,XP_059594196.1 putative disease resistance RPP13-like protein 1 [Vitis vinifera],-0.595,-0.364
XP_059594197.1,False,97.946,1.5526,False,NBS_LRR,97.351,1.4027,False,NBS_LRR,97.582,1.4147,False,NBS_LRR,XP_059594197.1 putative disease resistance RPP13-like protein 1 [Vitis vinifera],-0.595,-0.364
XP_059594198.1,False,97.946,1.5526,False,NBS_LRR,97.351,1.4027,False,NBS_LRR,97.582,1.4147,False,NBS_LRR,XP_059594198.1 putative disease resistance RPP13-like protein 1 [Vitis vinifera],-0.595,-0.364
XP_059594199.1,False,97.946,1.5526,False,NBS_LRR,97.351,1.4027,False,NBS_LRR,97.582,1.4147,False,NBS_LRR,XP_059594199.1 putative disease resistance RPP13-like protein 1 [Vitis vinifera],-0.595,-0.364
XP_059594200.1,False,97.946,1.5526,False,NBS_LRR,97.351,1.4027,False,NBS_LRR,97.582,1.4147,False,NBS_LRR,XP_059594200.1 putative disease resistance RPP13-like protein 1 [Vitis vinifera],-0.595,-0.364
XP_059594201.1,False,97.946,1.5526,False,NBS_LRR,97.351,1.4027,False,NBS_LRR,97.582,1.4147,False,NBS_LRR,XP_059594201.1 putative disease resistance RPP13-like protein 1 [Vitis vinifera],-0.595,-0.364
XP_059594202.1,False,97.946,1.5526,False,NBS_LRR,97.351,1.4027,False,NBS_LRR,97.582,1.4147,False,NBS_LRR,XP_059594202.1 putative disease resistance RPP13-like protein 1 [Vitis vinifera],-0.595,-0.364
XP_059594203.1,False,97.946,1.5526,False,NBS_LRR,97.351,1.4027,False,NBS_LRR,97.582,1.4147,False,NBS_LRR,XP_059594203.1 putative disease resistance RPP13-like protein 1 [Vitis vinifera],-0.595,-0.364
XP_059594187.1,False,97.946,1.5526,False,NBS_LRR,97.351,1.4027,False,NBS_LRR,97.582,1.4147,False,NBS_LRR,XP_059594187.1 putative disease resistance RPP13-like protein 1 [Vitis vinifera],-0.595,-0.364
XP_059594185.1,False,97.946,1.5526,False,NBS_LRR,97.351,1.4027,False,NBS_LRR,97.582,1.4147,False,NBS_LRR,XP_059594185.1 putative disease resistance RPP13-like protein 1 [Vitis vinifera],-0.595,-0.364
XP_059594170.1,False,97.946,1.5526,False,NBS_LRR,97.351,1.4027,False,NBS_LRR,97.582,1.4147,False,NBS_LRR,XP_059594170.1 putative disease resistance RPP13-like protein 1 [Vitis vinifera],-0.595,-0.364
XP_059594165.1,False,97.946,1.5526,False,NBS_LRR,97.351,1.4027,False,NBS_LRR,97.582,1.4147,False,NBS_LRR,XP_059594165.1 putative disease resistance RPP13-like protein 1 [Vitis vinifera],-0.595,-0.364
XP_059594169.1,False,97.946,1.5526,False,NBS_LRR,97.351,1.4027,False,NBS_LRR,97.582,1.4147,False,NBS_LRR,XP_059594169.1 putative disease resistance RPP13-like protein 1 [Vitis vinifera],-0.595,-0.364
XP_059594157.1,False,97.946,1.5526,False,NBS_LRR,97.351,1.4027,False,NBS_LRR,97.582,1.4147,False,NBS_LRR,XP_059594157.1 putative disease resistance RPP13-like protein 1 [Vitis vinifera],-0.595,-0.364
XP_010659409.1,False,64.268,0.4336,False,defense_signaling,63.355,0.4213,False,defense_signaling,63.904,0.4265,False,defense_signaling,XP_010659409.1 uncharacterized protein At4g10930 isoform X1 [Vitis vinifera],-0.913,-0.364
XP_019073095.2,False,97.946,1.5526,False,NBS_LRR,97.351,1.4027,False,NBS_LRR,97.582,1.4147,False,NBS_LRR,XP_019073095.2 putative disease resistance RPP13-like protein 1 [Vitis vinifera],-0.595,-0.364
XP_019073094.2,False,97.946,1.5526,False,NBS_LRR,97.351,1.4027,False,NBS_LRR,97.582,1.4147,False,NBS_LRR,XP_019073094.2 putative disease resistance RPP13-like protein 1 [Vitis vinifera],-0.595,-0.364
XP_010653935.3,False,50.807,0.2778,False,defense_signaling,45.646,0.2126,False,defense_signaling,50.443,0.27,False,defense_signaling,XP_010653935.3 calmodulin binding protein PICBP [Vitis vinifera],-5.161,-0.364
XP_002265315.1,False,64.268,0.4336,False,defense_signaling,63.355,0.4213,False,defense_signaling,63.904,0.4265,False,defense_signaling,XP_002265315.1 uncharacterized protein At4g10930 isoform X1 [Vitis vinifera],-0.913,-0.364
XP_010652233.1,False,51.58,0.2863,False,defense_signaling,47.017,0.2303,False,defense_signaling,51.216,0.2785,False,defense_signaling,XP_010652233.1 BRCT domain-containing protein At4g02110 [Vitis vinifera],-4.563,-0.364
XP_059594168.1,False,97.946,1.5526,False,NBS_LRR,97.351,1.4027,False,NBS_LRR,97.582,1.4147,False,NBS_LRR,XP_059594168.1 putative disease resistance RPP13-like protein 1 [Vitis vinifera],-0.595,-0.364
XP_059593820.1,False,52.385,0.2964,False,defense_signaling,51.144,0.2796,False,defense_signaling,52.021,0.2886,False,defense_signaling,XP_059593820.1 protein TIME FOR COFFEE isoform X4 [Vitis vinifera],-1.241,-0.364
XP_059594155.1,False,97.946,1.5526,False,NBS_LRR,97.351,1.4027,False,NBS_LRR,97.582,1.4147,False,NBS_LRR,XP_059594155.1 putative disease resistance RPP13-like protein 1 [Vitis vinifera],-0.595,-0.364
XP_059594156.1,False,97.946,1.5526,False,NBS_LRR,97.351,1.4027,False,NBS_LRR,97.582,1.4147,False,NBS_LRR,XP_059594156.1 putative disease resistance RPP13-like protein 1 [Vitis vinifera],-0.595,-0.364
XP_059594188.1,False,97.946,1.5526,False,NBS_LRR,97.351,1.4027,False,NBS_LRR,97.582,1.4147,False,NBS_LRR,XP_059594188.1 putative disease resistance RPP13-like protein 1 [Vitis vinifera],-0.595,-0.364
XP_059594158.1,False,97.946,1.5526,False,NBS_LRR,97.351,1.4027,False,NBS_LRR,97.582,1.4147,False,NBS_LRR,XP_059594158.1 putative disease resistance RPP13-like protein 1 [Vitis vinifera],-0.595,-0.364
XP_059594160.1,False,97.946,1.5526,False,NBS_LRR,97.351,1.4027,False,NBS_LRR,97.582,1.4147,False,NBS_LRR,XP_059594160.1 putative disease resistance RPP13-like protein 1 [Vitis vinifera],-0.595,-0.364
XP_059594167.1,False,97.946,1.5526,False,NBS_LRR,97.351,1.4027,False,NBS_LRR,97.582,1.4147,False,NBS_LRR,XP_059594167.1 putative disease resistance RPP13-like protein 1 [Vitis vinifera],-0.595,-0.364
XP_059594166.1,False,97.946,1.5526,False,NBS_LRR,97.351,1.4027,False,NBS_LRR,97.582,1.4147,False,NBS_LRR,XP_059594166.1 putative disease resistance RPP13-like protein 1 [Vitis vinifera],-0.595,-0.364
XP_059594163.1,False,97.946,1.5526,False,NBS_LRR,97.351,1.4027,False,NBS_LRR,97.582,1.4147,False,NBS_LRR,XP_059594163.1 putative disease resistance RPP13-like protein 1 [Vitis vinifera],-0.595,-0.364
XP_059594161.1,False,97.946,1.5526,False,NBS_LRR,97.351,1.4027,False,NBS_LRR,97.582,1.4147,False,NBS_LRR,XP_059594161.1 putative disease resistance RPP13-like protein 1 [Vitis vinifera],-0.595,-0.364
XP_059594162.1,False,97.946,1.5526,False,NBS_LRR,97.351,1.4027,False,NBS_LRR,97.582,1.4147,False,NBS_LRR,XP_059594162.1 putative disease resistance RPP13-like protein 1 [Vitis vinifera],-0.595,-0.364
XP_059594159.1,False,97.946,1.5526,False,NBS_LRR,97.351,1.4027,False,NBS_LRR,97.582,1.4147,False,NBS_LRR,XP_059594159.1 putative disease resistance RPP13-like protein 1 [Vitis vinifera],-0.595,-0.364
XP_010649887.1,False,50.425,0.2727,False,defense_signaling,50.17,0.2679,False,defense_signaling,50.06,0.2649,False,defense_signaling,XP_010649887.1 protein TIME FOR COFFEE isoform X2 [Vitis vinifera],-0.255,-0.365
XP_010649886.1,False,50.425,0.2727,False,defense_signaling,50.458,0.2711,False,defense_signaling,50.06,0.2649,False,defense_signaling,XP_010649886.1 protein TIME FOR COFFEE isoform X1 [Vitis vinifera],0.033,-0.365
XP_002270804.3,False,50.301,0.2714,False,defense_signaling,46.941,0.2292,False,defense_signaling,49.936,0.2636,False,defense_signaling,XP_002270804.3 uncharacterized protein LOC100258677 [Vitis vinifera],-3.36,-0.365
XP_059592835.1,False,50.425,0.2727,False,defense_signaling,50.601,0.2732,False,defense_signaling,50.06,0.2649,False,defense_signaling,XP_059592835.1 protein TIME FOR COFFEE isoform X3 [Vitis vinifera],0.176,-0.365
XP_059596644.1,False,50.74,0.2767,False,defense_signaling,52.235,0.293,False,defense_signaling,50.375,0.2689,False,defense_signaling,XP_059596644.1 uncharacterized protein LOC100251651 isoform X3 [Vitis vinifera],1.495,-0.365
XP_019078639.1,False,50.74,0.2767,False,defense_signaling,50.46,0.2711,False,defense_signaling,50.375,0.2689,False,defense_signaling,XP_019078639.1 uncharacterized protein LOC100251651 isoform X4 [Vitis vinifera],-0.28,-0.365
XP_010649889.1,False,50.425,0.2727,False,defense_signaling,50.47,0.2713,False,defense_signaling,50.06,0.2649,False,defense_signaling,XP_010649889.1 protein TIME FOR COFFEE isoform X4 [Vitis vinifera],0.045,-0.365
XP_010658423.1,False,56.315,0.3421,False,defense_signaling,42.986,0.1719,False,defense_signaling,55.949,0.3346,False,defense_signaling,XP_010658423.1 uncharacterized protein LOC100240985 isoform X2 [Vitis vinifera],-13.329,-0.366
XP_002268959.3,False,86.16,0.6549,False,defense_signaling,78.224,0.5716,False,defense_signaling,85.794,0.6488,False,defense_signaling,XP_002268959.3 protein STICHEL [Vitis vinifera],-7.936,-0.366
XP_010656959.1,False,50.888,0.2787,False,defense_signaling,43.082,0.1737,False,defense_signaling,50.522,0.2708,False,defense_signaling,XP_010656959.1 uncharacterized protein LOC100254102 [Vitis vinifera],-7.806,-0.366
XP_010647308.1,False,64.303,0.4341,False,defense_signaling,58.24,0.3631,False,defense_signaling,63.937,0.4269,False,defense_signaling,XP_010647308.1 uncharacterized protein LOC100248664 isoform X2 [Vitis vinifera],-6.063,-0.366
XP_010661909.1,False,63.865,0.43,False,defense_signaling,60.014,0.3838,False,defense_signaling,63.498,0.4229,False,defense_signaling,XP_010661909.1 uncharacterized protein LOC100241322 isoform X2 [Vitis vinifera],-3.851,-0.367
XP_059599069.1,False,63.865,0.43,False,defense_signaling,58.658,0.3692,False,defense_signaling,63.498,0.4229,False,defense_signaling,XP_059599069.1 uncharacterized protein LOC100241322 isoform X5 [Vitis vinifera],-5.207,-0.367
XP_019071947.1,False,51.329,0.2837,False,defense_signaling,41.288,0.1212,False,defense_signaling,50.961,0.2759,False,defense_signaling,XP_019071947.1 protein SABRE isoform X3 [Vitis vinifera],-10.041,-0.368
XP_010664427.1,False,51.329,0.2837,False,defense_signaling,40.229,0.1319,False,defense_signaling,50.961,0.2759,False,defense_signaling,XP_010664427.1 protein SABRE isoform X1 [Vitis vinifera],-11.1,-0.368
XP_003633834.1,False,66.411,0.4571,False,defense_signaling,42.191,0.1613,False,defense_signaling,66.042,0.45,False,defense_signaling,XP_003633834.1 uncharacterized protein LOC100252575 isoform X2 [Vitis vinifera],-24.22,-0.369
XP_019075958.1,False,64.79,0.4396,False,defense_signaling,61.626,0.4011,False,defense_signaling,64.42,0.4325,False,defense_signaling,XP_019075958.1 transcriptional activator DEMETER [Vitis vinifera],-3.164,-0.37
XP_059595998.1,False,53.642,0.3111,False,defense_signaling,46.478,0.2229,False,defense_signaling,53.271,0.3034,False,defense_signaling,XP_059595998.1 uncharacterized protein LOC100263747 isoform X1 [Vitis vinifera],-7.164,-0.371
XP_010658422.1,False,56.549,0.3446,False,defense_signaling,43.028,0.1727,False,defense_signaling,56.177,0.3371,False,defense_signaling,XP_010658422.1 uncharacterized protein LOC100240985 isoform X1 [Vitis vinifera],-13.521,-0.372
XP_002276432.3,False,56.484,0.344,False,defense_signaling,58.353,0.3647,False,defense_signaling,56.112,0.3364,False,defense_signaling,"XP_002276432.3 pentatricopeptide repeat-containing protein MRL1, chloroplastic isoform X1 [Vitis vinifera]",1.869,-0.372
XP_019078614.1,False,56.533,0.3445,False,defense_signaling,52.162,0.2922,False,defense_signaling,56.161,0.337,False,defense_signaling,XP_019078614.1 uncharacterized protein LOC100257683 isoform X1 [Vitis vinifera],-4.371,-0.372
XP_019076646.1,False,52.715,0.3005,False,defense_signaling,51.381,0.282,False,defense_signaling,52.343,0.2927,False,defense_signaling,XP_019076646.1 protein TIME FOR COFFEE isoform X3 [Vitis vinifera],-1.334,-0.372
XP_059596521.1,False,56.533,0.3445,False,defense_signaling,52.162,0.2922,False,defense_signaling,56.161,0.337,False,defense_signaling,XP_059596521.1 uncharacterized protein LOC100257683 isoform X1 [Vitis vinifera],-4.371,-0.372
XP_019076645.1,False,51.93,0.291,False,defense_signaling,51.034,0.2783,False,defense_signaling,51.558,0.2832,False,defense_signaling,XP_019076645.1 protein TIME FOR COFFEE isoform X2 [Vitis vinifera],-0.896,-0.372
XP_019074462.2,False,56.484,0.344,False,defense_signaling,54.937,0.3242,False,defense_signaling,56.112,0.3364,False,defense_signaling,"XP_019074462.2 pentatricopeptide repeat-containing protein MRL1, chloroplastic isoform X2 [Vitis vinifera]",-1.547,-0.372
XP_059590868.1,False,65.473,0.4466,False,defense_signaling,52.274,0.2935,False,defense_signaling,65.101,0.4395,False,defense_signaling,XP_059590868.1 uncharacterized protein LOC100255792 [Vitis vinifera],-13.199,-0.372
XP_002272732.3,False,51.989,0.2915,False,defense_signaling,51.073,0.2788,False,defense_signaling,51.617,0.2837,False,defense_signaling,XP_002272732.3 protein TIME FOR COFFEE isoform X1 [Vitis vinifera],-0.916,-0.372
XP_010664285.1,False,65.473,0.4466,False,defense_signaling,52.274,0.2935,False,defense_signaling,65.101,0.4395,False,defense_signaling,XP_010664285.1 uncharacterized protein LOC100255792 [Vitis vinifera],-13.199,-0.372
XP_059590869.1,False,65.473,0.4466,False,defense_signaling,52.274,0.2935,False,defense_signaling,65.101,0.4395,False,defense_signaling,XP_059590869.1 uncharacterized protein LOC100255792 [Vitis vinifera],-13.199,-0.372
XP_010664266.1,False,65.808,0.4502,False,defense_signaling,59.936,0.3826,False,defense_signaling,65.434,0.4432,False,defense_signaling,XP_010664266.1 uncharacterized protein LOC100245365 isoform X2 [Vitis vinifera],-5.872,-0.374
XP_010649576.1,False,48.638,0.0992,False,NBS_LRR,47.925,0.1716,False,defense_signaling,48.264,0.2261,False,defense_signaling,XP_010649576.1 protein GAMETE EXPRESSED 2 isoform X2 [Vitis vinifera],-0.713,-0.374
XP_010649575.1,False,48.638,0.0992,False,NBS_LRR,47.45,0.1667,False,defense_signaling,48.264,0.2161,False,defense_signaling,XP_010649575.1 protein GAMETE EXPRESSED 2 isoform X1 [Vitis vinifera],-1.188,-0.374
XP_010662937.1,False,37.528,0.0847,False,defense_signaling,37.073,0.0731,False,defense_signaling,37.154,0.076,False,defense_signaling,XP_010662937.1 uncharacterized protein LOC100853355 [Vitis vinifera],-0.455,-0.374
XP_002274725.3,False,50.123,0.2692,False,defense_signaling,42.661,0.1675,False,defense_signaling,49.749,0.2613,False,defense_signaling,XP_002274725.3 uncharacterized protein LOC100256726 isoform X3 [Vitis vinifera],-7.462,-0.374
XP_002279892.1,False,53.364,0.3078,False,defense_signaling,46.515,0.2234,False,defense_signaling,52.99,0.3001,False,defense_signaling,XP_002279892.1 uncharacterized protein LOC100256064 isoform X1 [Vitis vinifera],-6.849,-0.374
XP_003634177.2,False,37.528,0.0847,False,defense_signaling,37.073,0.0731,False,defense_signaling,37.154,0.076,False,defense_signaling,XP_003634177.2 uncharacterized protein LOC100853355 [Vitis vinifera],-0.455,-0.374
XP_010663540.1,False,74.343,0.61,False,cell_death_HR,80.761,0.7225,False,cell_death_HR,73.969,0.601,False,cell_death_HR,XP_010663540.1 transcription initiation factor TFIID subunit 2 isoform X1 [Vitis vinifera],6.418,-0.374
XP_059591056.1,False,85.676,0.6511,False,defense_signaling,69.539,0.4858,False,defense_signaling,85.3,0.6449,False,defense_signaling,XP_059591056.1 uncharacterized protein LOC100264016 isoform X4 [Vitis vinifera],-16.137,-0.376
XP_010664265.1,False,65.834,0.4504,False,defense_signaling,60.312,0.3868,False,defense_signaling,65.458,0.4434,False,defense_signaling,XP_010664265.1 uncharacterized protein LOC100245365 isoform X1 [Vitis vinifera],-5.522,-0.376
XP_002269025.4,False,64.882,0.4403,False,defense_signaling,62.197,0.4063,False,defense_signaling,64.503,0.4332,False,defense_signaling,XP_002269025.4 LOW QUALITY PROTEIN: exocyst complex component SEC5A [Vitis vinifera],-2.685,-0.379
XP_010649951.1,False,55.371,0.3315,False,defense_signaling,54.129,0.3153,False,defense_signaling,54.99,0.3239,False,defense_signaling,XP_010649951.1 protein NETWORKED 1A [Vitis vinifera],-1.242,-0.381
XP_010649952.1,False,55.371,0.3315,False,defense_signaling,54.129,0.3153,False,defense_signaling,54.99,0.3239,False,defense_signaling,XP_010649952.1 protein NETWORKED 1A [Vitis vinifera],-1.242,-0.381
XP_059595999.1,False,55.53,0.3331,False,defense_signaling,49.247,0.2559,False,defense_signaling,55.149,0.3255,False,defense_signaling,XP_059595999.1 uncharacterized protein LOC100263747 isoform X2 [Vitis vinifera],-6.283,-0.381
XP_010663692.1,False,53.923,0.3142,False,defense_signaling,54.12,0.3152,False,defense_signaling,53.539,0.3065,False,defense_signaling,XP_010663692.1 uncharacterized protein LOC100250985 isoform X1 [Vitis vinifera],0.197,-0.384
XP_010659341.1,False,54.77,0.3245,False,defense_signaling,51.688,0.2801,False,defense_signaling,54.386,0.3168,False,defense_signaling,XP_010659341.1 telomerase reverse transcriptase [Vitis vinifera],-3.082,-0.384
XP_010658391.1,False,54.885,0.3258,False,defense_signaling,63.344,0.4211,False,defense_signaling,54.499,0.3182,False,defense_signaling,XP_010658391.1 lysine-specific demethylase ELF6 [Vitis vinifera],8.459,-0.386
XP_059592672.1,False,53.128,0.1625,False,NBS_LRR,50.778,0.1652,False,defense_signaling,52.742,0.2117,False,defense_signaling,XP_059592672.1 protein GAMETE EXPRESSED 2 isoform X4 [Vitis vinifera],-2.35,-0.386
XP_010656225.1,False,54.912,0.3261,False,defense_signaling,48.285,0.2447,False,defense_signaling,54.526,0.3185,False,defense_signaling,XP_010656225.1 uncharacterized protein LOC100256064 isoform X2 [Vitis vinifera],-6.627,-0.386
XP_019080019.1,False,96.818,1.3883,False,NBS_LRR,97.044,1.3519,False,NBS_LRR,96.431,1.2608,False,NBS_LRR,XP_019080019.1 putative disease resistance RPP13-like protein 1 [Vitis vinifera],0.226,-0.387
XP_059597622.1,False,96.818,1.3883,False,NBS_LRR,97.044,1.3519,False,NBS_LRR,96.431,1.2608,False,NBS_LRR,XP_059597622.1 putative disease resistance RPP13-like protein 1 [Vitis vinifera],0.226,-0.387
XP_059597621.1,False,96.818,1.3883,False,NBS_LRR,97.044,1.3519,False,NBS_LRR,96.431,1.2608,False,NBS_LRR,XP_059597621.1 putative disease resistance RPP13-like protein 1 [Vitis vinifera],0.226,-0.387
XP_010644218.1,False,54.061,0.3156,False,defense_signaling,48.609,0.2476,False,defense_signaling,53.674,0.3079,False,defense_signaling,XP_010644218.1 COP1-interacting protein 7 [Vitis vinifera],-5.452,-0.387
XP_059597620.1,False,96.818,1.3883,False,NBS_LRR,97.044,1.3519,False,NBS_LRR,96.431,1.2608,False,NBS_LRR,XP_059597620.1 putative disease resistance RPP13-like protein 1 [Vitis vinifera],0.226,-0.387
XP_019080014.1,False,96.818,1.3883,False,NBS_LRR,97.044,1.3519,False,NBS_LRR,96.431,1.2608,False,NBS_LRR,XP_019080014.1 putative disease resistance RPP13-like protein 1 [Vitis vinifera],0.226,-0.387
XP_019080015.1,False,96.818,1.3883,False,NBS_LRR,97.044,1.3519,False,NBS_LRR,96.431,1.2608,False,NBS_LRR,XP_019080015.1 putative disease resistance RPP13-like protein 1 [Vitis vinifera],0.226,-0.387
XP_019080018.1,False,96.818,1.3883,False,NBS_LRR,97.044,1.3519,False,NBS_LRR,96.431,1.2608,False,NBS_LRR,XP_019080018.1 putative disease resistance RPP13-like protein 1 [Vitis vinifera],0.226,-0.387
XP_019077332.1,False,79.856,0.6047,False,cell_death_HR,79.595,0.5542,False,NBS_LRR,79.467,0.5957,False,cell_death_HR,XP_019077332.1 uncharacterized protein LOC100265754 isoform X1 [Vitis vinifera],-0.261,-0.389
XP_019076170.2,False,85.263,0.7897,False,antimicrobial,84.874,0.7833,False,antimicrobial,84.869,0.7825,False,antimicrobial,XP_019076170.2 nardilysin-like [Vitis vinifera],-0.389,-0.394
XP_059595993.1,False,82.772,0.7322,False,antimicrobial,81.108,0.7092,False,antimicrobial,82.376,0.7248,False,antimicrobial,XP_059595993.1 uncharacterized protein LOC100257282 [Vitis vinifera],-1.664,-0.396
XP_010655179.2,False,95.932,1.0615,False,NBS_LRR,94.563,1.0542,False,NBS_LRR,95.528,1.052,False,NBS_LRR,XP_010655179.2 receptor-like protein EIX2 [Vitis vinifera],-1.369,-0.404
XP_019079051.1,False,97.661,1.5214,False,NBS_LRR,97.193,1.3851,False,NBS_LRR,97.252,1.3853,False,NBS_LRR,XP_019079051.1 putative disease resistance RPP13-like protein 1 [Vitis vinifera],-0.468,-0.409
XP_059596885.1,False,97.661,1.5214,False,NBS_LRR,97.193,1.3851,False,NBS_LRR,97.252,1.3853,False,NBS_LRR,XP_059596885.1 putative disease resistance RPP13-like protein 1 [Vitis vinifera],-0.468,-0.409
XP_059596884.1,False,97.661,1.5214,False,NBS_LRR,97.193,1.3851,False,NBS_LRR,97.252,1.3853,False,NBS_LRR,XP_059596884.1 putative disease resistance RPP13-like protein 1 [Vitis vinifera],-0.468,-0.409
XP_059596883.1,False,97.661,1.5214,False,NBS_LRR,97.193,1.3851,False,NBS_LRR,97.252,1.3853,False,NBS_LRR,XP_059596883.1 putative disease resistance RPP13-like protein 1 [Vitis vinifera],-0.468,-0.409
XP_059596882.1,False,97.661,1.5214,False,NBS_LRR,97.193,1.3851,False,NBS_LRR,97.252,1.3853,False,NBS_LRR,XP_059596882.1 putative disease resistance RPP13-like protein 1 [Vitis vinifera],-0.468,-0.409
XP_059596881.1,False,97.661,1.5214,False,NBS_LRR,97.193,1.3851,False,NBS_LRR,97.252,1.3853,False,NBS_LRR,XP_059596881.1 putative disease resistance RPP13-like protein 1 [Vitis vinifera],-0.468,-0.409
XP_019079491.2,False,97.234,1.4683,False,NBS_LRR,96.867,1.3283,False,NBS_LRR,96.825,1.3238,False,NBS_LRR,XP_019079491.2 putative disease resistance protein At3g14460 [Vitis vinifera],-0.367,-0.409
XP_010657726.1,False,97.661,1.5214,False,NBS_LRR,97.193,1.3851,False,NBS_LRR,97.252,1.3853,False,NBS_LRR,XP_010657726.1 putative disease resistance RPP13-like protein 1 [Vitis vinifera],-0.468,-0.409
XP_059596887.1,False,97.661,1.5214,False,NBS_LRR,97.193,1.3851,False,NBS_LRR,97.252,1.3853,False,NBS_LRR,XP_059596887.1 putative disease resistance RPP13-like protein 1 [Vitis vinifera],-0.468,-0.409
XP_059596888.1,False,97.661,1.5214,False,NBS_LRR,97.193,1.3851,False,NBS_LRR,97.252,1.3853,False,NBS_LRR,XP_059596888.1 putative disease resistance RPP13-like protein 1 [Vitis vinifera],-0.468,-0.409
XP_059596889.1,False,97.661,1.5214,False,NBS_LRR,97.193,1.3851,False,NBS_LRR,97.252,1.3853,False,NBS_LRR,XP_059596889.1 putative disease resistance RPP13-like protein 1 [Vitis vinifera],-0.468,-0.409
XP_019079057.1,False,97.661,1.5214,False,NBS_LRR,97.193,1.3851,False,NBS_LRR,97.252,1.3853,False,NBS_LRR,XP_019079057.1 putative disease resistance RPP13-like protein 1 [Vitis vinifera],-0.468,-0.409
XP_059596886.1,False,97.661,1.5214,False,NBS_LRR,97.193,1.3851,False,NBS_LRR,97.252,1.3853,False,NBS_LRR,XP_059596886.1 putative disease resistance RPP13-like protein 1 [Vitis vinifera],-0.468,-0.409
XP_059596890.1,False,97.661,1.5214,False,NBS_LRR,97.193,1.3851,False,NBS_LRR,97.252,1.3853,False,NBS_LRR,XP_059596890.1 putative disease resistance RPP13-like protein 1 [Vitis vinifera],-0.468,-0.409
XP_059596891.1,False,97.661,1.5214,False,NBS_LRR,97.193,1.3851,False,NBS_LRR,97.252,1.3853,False,NBS_LRR,XP_059596891.1 putative disease resistance RPP13-like protein 1 [Vitis vinifera],-0.468,-0.409
XP_059596892.1,False,97.661,1.5214,False,NBS_LRR,97.193,1.3851,False,NBS_LRR,97.252,1.3853,False,NBS_LRR,XP_059596892.1 putative disease resistance RPP13-like protein 1 [Vitis vinifera],-0.468,-0.409
XP_019079040.1,False,97.661,1.5214,False,NBS_LRR,97.193,1.3851,False,NBS_LRR,97.252,1.3853,False,NBS_LRR,XP_019079040.1 putative disease resistance RPP13-like protein 1 [Vitis vinifera],-0.468,-0.409
XP_002272927.1,False,72.303,0.5711,False,cell_death_HR,72.881,0.5831,False,cell_death_HR,71.892,0.5618,False,cell_death_HR,XP_002272927.1 protein HASTY 1 [Vitis vinifera],0.578,-0.411
XP_059594245.1,False,97.864,1.5473,False,NBS_LRR,97.635,1.4352,False,NBS_LRR,97.453,1.4059,False,NBS_LRR,XP_059594245.1 putative disease resistance protein At3g14460 [Vitis vinifera],-0.229,-0.411
XP_059594246.1,False,97.864,1.5473,False,NBS_LRR,97.635,1.4352,False,NBS_LRR,97.453,1.4059,False,NBS_LRR,XP_059594246.1 putative disease resistance protein At3g14460 [Vitis vinifera],-0.229,-0.411
XP_059594237.1,False,97.864,1.5473,False,NBS_LRR,97.635,1.4352,False,NBS_LRR,97.453,1.4059,False,NBS_LRR,XP_059594237.1 putative disease resistance protein At3g14460 [Vitis vinifera],-0.229,-0.411
XP_059594236.1,False,97.864,1.5473,False,NBS_LRR,97.635,1.4352,False,NBS_LRR,97.453,1.4059,False,NBS_LRR,XP_059594236.1 putative disease resistance protein At3g14460 [Vitis vinifera],-0.229,-0.411
XP_059594247.1,False,97.864,1.5473,False,NBS_LRR,97.635,1.4352,False,NBS_LRR,97.453,1.4059,False,NBS_LRR,XP_059594247.1 putative disease resistance protein At3g14460 [Vitis vinifera],-0.229,-0.411
XP_059594248.1,False,97.864,1.5473,False,NBS_LRR,97.635,1.4352,False,NBS_LRR,97.453,1.4059,False,NBS_LRR,XP_059594248.1 putative disease resistance protein At3g14460 [Vitis vinifera],-0.229,-0.411
XP_059594234.1,False,97.864,1.5473,False,NBS_LRR,97.635,1.4352,False,NBS_LRR,97.453,1.4059,False,NBS_LRR,XP_059594234.1 putative disease resistance protein At3g14460 [Vitis vinifera],-0.229,-0.411
XP_059594239.1,False,97.864,1.5473,False,NBS_LRR,97.635,1.4352,False,NBS_LRR,97.453,1.4059,False,NBS_LRR,XP_059594239.1 putative disease resistance protein At3g14460 [Vitis vinifera],-0.229,-0.411
XP_059594240.1,False,97.864,1.5473,False,NBS_LRR,97.635,1.4352,False,NBS_LRR,97.453,1.4059,False,NBS_LRR,XP_059594240.1 putative disease resistance protein At3g14460 [Vitis vinifera],-0.229,-0.411
XP_059594244.1,False,97.864,1.5473,False,NBS_LRR,97.635,1.4352,False,NBS_LRR,97.453,1.4059,False,NBS_LRR,XP_059594244.1 putative disease resistance protein At3g14460 [Vitis vinifera],-0.229,-0.411
XP_002272230.1,False,37.261,0.0782,False,defense_signaling,36.624,0.065,False,defense_signaling,36.85,0.0695,False,defense_signaling,XP_002272230.1 uncharacterized protein LOC100244469 [Vitis vinifera],-0.637,-0.411
XP_059594241.1,False,97.864,1.5473,False,NBS_LRR,97.635,1.4352,False,NBS_LRR,97.453,1.4059,False,NBS_LRR,XP_059594241.1 putative disease resistance protein At3g14460 [Vitis vinifera],-0.229,-0.411
XP_059594235.1,False,97.864,1.5473,False,NBS_LRR,97.635,1.4352,False,NBS_LRR,97.453,1.4059,False,NBS_LRR,XP_059594235.1 putative disease resistance protein At3g14460 [Vitis vinifera],-0.229,-0.411
XP_059590064.1,False,51.89,0.2077,False,antimicrobial,49.54,0.1651,False,antimicrobial,51.479,0.1982,False,antimicrobial,XP_059590064.1 uncharacterized protein LOC132252805 [Vitis vinifera],-2.35,-0.411
XP_059594243.1,False,97.864,1.5473,False,NBS_LRR,97.635,1.4352,False,NBS_LRR,97.453,1.4059,False,NBS_LRR,XP_059594243.1 putative disease resistance protein At3g14460 [Vitis vinifera],-0.229,-0.411
XP_059594242.1,False,97.864,1.5473,False,NBS_LRR,97.635,1.4352,False,NBS_LRR,97.453,1.4059,False,NBS_LRR,XP_059594242.1 putative disease resistance protein At3g14460 [Vitis vinifera],-0.229,-0.411
XP_059594238.1,False,97.864,1.5473,False,NBS_LRR,97.635,1.4352,False,NBS_LRR,97.453,1.4059,False,NBS_LRR,XP_059594238.1 putative disease resistance protein At3g14460 [Vitis vinifera],-0.229,-0.411
XP_019079927.1,False,97.691,1.5253,False,NBS_LRR,97.664,1.4443,False,NBS_LRR,97.278,1.3888,False,NBS_LRR,XP_019079927.1 putative disease resistance protein At3g14460 [Vitis vinifera],-0.027,-0.413
XP_059597799.1,False,97.027,1.4321,False,NBS_LRR,96.572,1.2871,False,NBS_LRR,96.611,1.2826,False,NBS_LRR,XP_059597799.1 putative disease resistance RPP13-like protein 1 [Vitis vinifera],-0.455,-0.416
XP_003633511.1,False,97.224,1.4637,False,NBS_LRR,96.946,1.3389,False,NBS_LRR,96.805,1.319,False,NBS_LRR,XP_003633511.1 putative disease resistance RPP13-like protein 1 [Vitis vinifera],-0.278,-0.419
XP_002270977.1,False,76.998,0.6371,False,antimicrobial,76.231,0.6218,False,antimicrobial,76.578,0.6294,False,antimicrobial,XP_002270977.1 methionine S-methyltransferase [Vitis vinifera],-0.767,-0.42
XP_010655545.1,False,37.132,0.0753,False,defense_signaling,29.999,-0.0698,False,defense_signaling,36.711,0.0666,False,defense_signaling,XP_010655545.1 protein STICHEL-like 3 isoform X1 [Vitis vinifera],-7.133,-0.421
XP_010655546.1,False,37.132,0.0753,False,defense_signaling,30.88,-0.0525,False,defense_signaling,36.711,0.0666,False,defense_signaling,XP_010655546.1 protein STICHEL-like 3 isoform X2 [Vitis vinifera],-6.252,-0.421
XP_010663541.1,False,72.773,0.5799,False,cell_death_HR,79.994,0.7088,False,cell_death_HR,72.352,0.5707,False,cell_death_HR,XP_010663541.1 transcription initiation factor TFIID subunit 2 isoform X2 [Vitis vinifera],7.221,-0.421
XP_059596879.1,False,97.528,1.4941,False,NBS_LRR,97.149,1.3797,False,NBS_LRR,97.104,1.3566,False,NBS_LRR,XP_059596879.1 putative disease resistance RPP13-like protein 1 [Vitis vinifera],-0.379,-0.424
XP_010657708.1,False,97.528,1.4941,False,NBS_LRR,97.149,1.3797,False,NBS_LRR,97.104,1.3566,False,NBS_LRR,XP_010657708.1 putative disease resistance RPP13-like protein 1 [Vitis vinifera],-0.379,-0.424
XP_059596880.1,False,97.528,1.4941,False,NBS_LRR,97.149,1.3797,False,NBS_LRR,97.104,1.3566,False,NBS_LRR,XP_059596880.1 putative disease resistance RPP13-like protein 1 [Vitis vinifera],-0.379,-0.424
XP_019079037.1,False,97.528,1.4941,False,NBS_LRR,97.149,1.3797,False,NBS_LRR,97.104,1.3566,False,NBS_LRR,XP_019079037.1 putative disease resistance RPP13-like protein 1 [Vitis vinifera],-0.379,-0.424
XP_059590470.1,False,65.495,0.3731,False,antimicrobial,66.748,0.4525,False,antimicrobial,65.069,0.3896,False,antimicrobial,XP_059590470.1 uncharacterized protein LOC132253093 [Vitis vinifera],1.253,-0.426
XP_010661064.1,False,77.599,0.6488,False,antimicrobial,77.951,0.6566,False,antimicrobial,77.171,0.6411,False,antimicrobial,XP_010661064.1 structural maintenance of chromosomes protein 4 isoform X1 [Vitis vinifera],0.352,-0.428
XP_002265750.3,False,92.129,0.9971,False,NBS_LRR,91.741,0.9484,False,NBS_LRR,91.701,0.9465,False,NBS_LRR,XP_002265750.3 receptor-like protein EIX1 [Vitis vinifera],-0.388,-0.428
XP_010661065.1,False,76.307,0.6233,False,antimicrobial,77.574,0.6495,False,antimicrobial,75.879,0.6155,False,antimicrobial,XP_010661065.1 structural maintenance of chromosomes protein 4 isoform X2 [Vitis vinifera],1.267,-0.428
XP_059593880.1,False,36.517,0.0645,False,defense_signaling,33.737,0.0093,False,defense_signaling,36.087,0.0557,False,defense_signaling,XP_059593880.1 nuclear matrix constituent protein 1 isoform X2 [Vitis vinifera],-2.78,-0.43
XP_059593726.1,False,36.63,0.0666,False,defense_signaling,36.614,0.0649,False,defense_signaling,36.199,0.0578,False,defense_signaling,XP_059593726.1 ENHANCER OF AG-4 protein 2 isoform X2 [Vitis vinifera],-0.016,-0.431
XP_010646452.2,False,36.496,0.0641,False,defense_signaling,34.98,0.035,False,defense_signaling,36.065,0.0553,False,defense_signaling,XP_010646452.2 sister chromatid cohesion 1 protein 4 [Vitis vinifera],-1.516,-0.431
XP_019081552.1,False,36.63,0.0666,False,defense_signaling,36.454,0.0622,False,defense_signaling,36.199,0.0578,False,defense_signaling,XP_019081552.1 ENHANCER OF AG-4 protein 2 isoform X1 [Vitis vinifera],-0.176,-0.431
XP_059590636.1,False,33.704,0.0088,False,defense_signaling,33.587,0.0059,False,defense_signaling,33.271,-0.0003,False,defense_signaling,XP_059590636.1 uncharacterized protein LOC104882466 isoform X1 [Vitis vinifera],-0.117,-0.433
XP_010664222.1,False,33.704,0.0088,False,defense_signaling,33.528,0.0043,False,defense_signaling,33.271,-0.0003,False,defense_signaling,XP_010664222.1 uncharacterized protein LOC104882466 isoform X2 [Vitis vinifera],-0.176,-0.433
XP_010665149.1,False,33.611,0.0065,False,defense_signaling,21.66,-0.298,False,defense_signaling,33.173,-0.0025,False,defense_signaling,XP_010665149.1 uncharacterized protein LOC104882684 isoform X6 [Vitis vinifera],-11.951,-0.438
XP_010654825.1,False,94.826,1.1803,False,NBS_LRR,94.517,1.1202,False,NBS_LRR,94.383,1.1162,False,NBS_LRR,XP_010654825.1 uncharacterized protein LOC100855072 isoform X2 [Vitis vinifera],-0.309,-0.443
XP_010665146.1,False,32.644,-0.0137,False,defense_signaling,21.109,-0.3146,False,defense_signaling,32.199,-0.0228,False,defense_signaling,XP_010665146.1 uncharacterized protein LOC104882684 isoform X3 [Vitis vinifera],-11.535,-0.445
XP_010665145.1,False,32.644,-0.0137,False,defense_signaling,21.348,-0.3072,False,defense_signaling,32.199,-0.0228,False,defense_signaling,XP_010665145.1 uncharacterized protein LOC104882684 isoform X2 [Vitis vinifera],-11.296,-0.445
XP_010665144.1,False,32.644,-0.0137,False,defense_signaling,21.227,-0.311,False,defense_signaling,32.199,-0.0228,False,defense_signaling,XP_010665144.1 uncharacterized protein LOC104882684 isoform X1 [Vitis vinifera],-11.417,-0.445
XP_010665148.1,False,32.644,-0.0137,False,defense_signaling,21.254,-0.3105,False,defense_signaling,32.199,-0.0228,False,defense_signaling,XP_010665148.1 uncharacterized protein LOC104882684 isoform X5 [Vitis vinifera],-11.39,-0.445
XP_010665147.1,False,32.644,-0.0137,False,defense_signaling,21.175,-0.3126,False,defense_signaling,32.199,-0.0228,False,defense_signaling,XP_010665147.1 uncharacterized protein LOC104882684 isoform X4 [Vitis vinifera],-11.469,-0.445
XP_002272609.1,False,32.935,-0.0075,False,defense_signaling,27.948,-0.1209,False,defense_signaling,32.489,-0.0166,False,defense_signaling,XP_002272609.1 FIP1[III]-like protein isoform X1 [Vitis vinifera],-4.987,-0.446
XP_002262753.1,False,92.403,1.0114,False,NBS_LRR,92.737,1.005,False,NBS_LRR,91.957,0.9615,False,NBS_LRR,XP_002262753.1 putative disease resistance RPP13-like protein 1 [Vitis vinifera],0.334,-0.446
XP_010649804.1,False,32.96,-0.007,False,defense_signaling,36.114,0.0559,False,defense_signaling,32.514,-0.0161,False,defense_signaling,XP_010649804.1 uncharacterized protein LOC100266667 isoform X1 [Vitis vinifera],3.154,-0.446
XP_010657134.2,False,32.492,-0.017,False,defense_signaling,31.736,-0.0343,False,defense_signaling,32.044,-0.0262,False,defense_signaling,XP_010657134.2 uncharacterized protein LOC104880846 isoform X1 [Vitis vinifera],-0.756,-0.448
XP_059596804.1,False,55.054,0.3081,False,defense_signaling,64.884,0.3861,False,antimicrobial,54.606,0.3004,False,defense_signaling,XP_059596804.1 uncharacterized protein LOC132254649 [Vitis vinifera],9.83,-0.448
XP_019075658.1,False,32.92,-0.0079,False,defense_signaling,28.103,-0.1165,False,defense_signaling,32.472,-0.0171,False,defense_signaling,XP_019075658.1 FIP1[III]-like protein isoform X2 [Vitis vinifera],-4.817,-0.448
XP_059596803.1,False,55.054,0.3081,False,defense_signaling,64.884,0.3861,False,antimicrobial,54.606,0.3004,False,defense_signaling,XP_059596803.1 uncharacterized protein LOC132254649 [Vitis vinifera],9.83,-0.448
XP_059595512.1,False,72.897,0.5448,False,PR_proteins,71.652,0.5255,False,PR_proteins,72.444,0.5376,False,PR_proteins,XP_059595512.1 uncharacterized protein LOC132254261 [Vitis vinifera],-1.245,-0.453
XP_059595511.1,False,72.897,0.5448,False,PR_proteins,71.652,0.5255,False,PR_proteins,72.444,0.5376,False,PR_proteins,XP_059595511.1 uncharacterized protein LOC132254261 [Vitis vinifera],-1.245,-0.453
XP_002271783.2,False,97.583,1.4989,False,NBS_LRR,97.13,1.3765,False,NBS_LRR,97.13,1.3636,False,NBS_LRR,XP_002271783.2 putative disease resistance RPP13-like protein 1 isoform X1 [Vitis vinifera],-0.453,-0.453
XP_019079361.1,False,34.707,0.03,False,defense_signaling,31.303,-0.0455,False,defense_signaling,34.254,0.0211,False,defense_signaling,XP_019079361.1 uncharacterized protein LOC100255858 isoform X1 [Vitis vinifera],-3.404,-0.453
XP_059594603.1,False,20.714,-0.3335,False,defense_signaling,19.714,-0.359,False,defense_signaling,20.26,-0.3441,False,defense_signaling,XP_059594603.1 protein CROWDED NUCLEI 4 isoform X2 [Vitis vinifera],-1.0,-0.454
XP_059597965.1,False,62.239,0.3867,False,antimicrobial,65.195,0.4363,False,antimicrobial,61.784,0.3779,False,antimicrobial,XP_059597965.1 uncharacterized protein LOC132254916 [Vitis vinifera],2.956,-0.455
XP_010657629.1,False,68.353,0.5048,False,cell_death_HR,68.082,0.499,False,cell_death_HR,67.897,0.495,False,cell_death_HR,XP_010657629.1 uncharacterized protein LOC104880969 [Vitis vinifera],-0.271,-0.456
XP_019077236.1,False,69.716,0.5278,False,cell_death_HR,69.969,0.5328,False,cell_death_HR,69.258,0.5182,False,cell_death_HR,XP_019077236.1 uncharacterized protein LOC100257563 isoform X2 [Vitis vinifera],0.253,-0.458
XP_010647669.1,False,69.31,0.5213,False,cell_death_HR,57.661,0.3559,False,defense_signaling,68.852,0.5117,False,cell_death_HR,XP_010647669.1 zinc finger CCCH domain-containing protein 19 [Vitis vinifera],-11.649,-0.458
XP_059592653.1,False,57.078,0.303,False,defense_signaling,58.075,0.3608,False,defense_signaling,56.62,0.2953,False,defense_signaling,XP_059592653.1 uncharacterized protein LOC109122316 [Vitis vinifera],0.997,-0.458
XP_059594596.1,False,71.738,0.5266,False,PR_proteins,70.689,0.5103,False,PR_proteins,71.278,0.5193,False,PR_proteins,XP_059594596.1 uncharacterized protein LOC132254102 [Vitis vinifera],-1.049,-0.46
XP_059594595.1,False,71.738,0.5266,False,PR_proteins,70.689,0.5103,False,PR_proteins,71.278,0.5193,False,PR_proteins,XP_059594595.1 uncharacterized protein LOC132254102 [Vitis vinifera],-1.049,-0.46
XP_059589786.1,False,72.691,0.5418,False,PR_proteins,71.81,0.528,False,PR_proteins,72.231,0.5346,False,PR_proteins,XP_059589786.1 uncharacterized protein LOC132252720 [Vitis vinifera],-0.881,-0.46
XP_019079095.1,False,97.586,1.4994,False,NBS_LRR,97.453,1.4148,False,NBS_LRR,97.125,1.3622,False,NBS_LRR,XP_019079095.1 putative disease resistance RPP13-like protein 1 [Vitis vinifera],-0.133,-0.461
XP_010653303.1,False,69.081,0.5171,False,cell_death_HR,69.502,0.5247,False,cell_death_HR,68.618,0.5075,False,cell_death_HR,XP_010653303.1 uncharacterized protein LOC100257563 isoform X1 [Vitis vinifera],0.421,-0.463
XP_002284607.2,False,68.161,0.5008,False,cell_death_HR,67.991,0.4975,False,cell_death_HR,67.698,0.4911,False,cell_death_HR,"XP_002284607.2 NAD kinase 2, chloroplastic [Vitis vinifera]",-0.17,-0.463
XP_010656945.1,False,35.049,0.0369,False,defense_signaling,32.278,-0.0231,False,defense_signaling,34.586,0.028,False,defense_signaling,XP_010656945.1 uncharacterized protein LOC100255858 isoform X2 [Vitis vinifera],-2.771,-0.463
XP_002263744.2,False,67.922,0.497,False,cell_death_HR,63.226,0.4123,False,cell_death_HR,67.457,0.4872,False,cell_death_HR,XP_002263744.2 LOW QUALITY PROTEIN: uncharacterized protein LOC100248418 [Vitis vinifera],-4.696,-0.465
XP_059592498.1,False,23.059,-0.2552,False,defense_signaling,23.71,-0.2371,False,defense_signaling,22.593,-0.2653,False,defense_signaling,XP_059592498.1 DNA mismatch repair protein MLH3 isoform X2 [Vitis vinifera],0.651,-0.466
XP_059598321.1,False,21.899,-0.2938,False,defense_signaling,21.328,-0.3079,False,defense_signaling,21.431,-0.3042,False,defense_signaling,XP_059598321.1 uncharacterized protein LOC104881703 [Vitis vinifera],-0.571,-0.468
XP_010661105.1,False,21.899,-0.2938,False,defense_signaling,21.328,-0.3079,False,defense_signaling,21.431,-0.3042,False,defense_signaling,XP_010661105.1 uncharacterized protein LOC104881703 [Vitis vinifera],-0.571,-0.468
XP_019080739.1,False,21.899,-0.2938,False,defense_signaling,21.328,-0.3079,False,defense_signaling,21.431,-0.3042,False,defense_signaling,XP_019080739.1 uncharacterized protein LOC104881703 [Vitis vinifera],-0.571,-0.468
XP_010649438.1,False,23.059,-0.2552,False,defense_signaling,22.049,-0.2841,False,defense_signaling,22.588,-0.2654,False,defense_signaling,XP_010649438.1 DNA mismatch repair protein MLH3 isoform X1 [Vitis vinifera],-1.01,-0.471
XP_010649439.1,False,23.059,-0.2552,False,defense_signaling,22.049,-0.2841,False,defense_signaling,22.588,-0.2654,False,defense_signaling,XP_010649439.1 DNA mismatch repair protein MLH3 isoform X1 [Vitis vinifera],-1.01,-0.471
XP_010649435.1,False,23.059,-0.2552,False,defense_signaling,22.049,-0.2841,False,defense_signaling,22.588,-0.2654,False,defense_signaling,XP_010649435.1 DNA mismatch repair protein MLH3 isoform X1 [Vitis vinifera],-1.01,-0.471
XP_059598278.1,False,96.931,1.4139,False,NBS_LRR,94.339,1.1098,False,NBS_LRR,96.451,1.2631,False,NBS_LRR,XP_059598278.1 putative disease resistance RPP13-like protein 1 [Vitis vinifera],-2.592,-0.48
XP_059598813.1,False,72.119,0.5323,False,PR_proteins,70.908,0.5139,False,PR_proteins,71.639,0.5251,False,PR_proteins,XP_059598813.1 uncharacterized protein LOC104881567 [Vitis vinifera],-1.211,-0.48
XP_059598812.1,False,72.119,0.5323,False,PR_proteins,70.908,0.5139,False,PR_proteins,71.639,0.5251,False,PR_proteins,XP_059598812.1 uncharacterized protein LOC104881567 [Vitis vinifera],-1.211,-0.48
XP_019073306.1,False,97.551,1.4948,False,NBS_LRR,97.002,1.3492,False,NBS_LRR,97.071,1.3529,False,NBS_LRR,XP_019073306.1 putative disease resistance RPP13-like protein 1 [Vitis vinifera],-0.549,-0.48
XP_059590970.1,False,72.119,0.5323,False,PR_proteins,70.908,0.5139,False,PR_proteins,71.639,0.5251,False,PR_proteins,XP_059590970.1 uncharacterized protein LOC132253256 [Vitis vinifera],-1.211,-0.48
XP_019073312.1,False,97.551,1.4948,False,NBS_LRR,97.002,1.3492,False,NBS_LRR,97.071,1.3529,False,NBS_LRR,XP_019073312.1 putative disease resistance RPP13-like protein 1 [Vitis vinifera],-0.549,-0.48
XP_059597547.1,False,97.551,1.4948,False,NBS_LRR,97.002,1.3492,False,NBS_LRR,97.071,1.3529,False,NBS_LRR,XP_059597547.1 putative disease resistance RPP13-like protein 1 [Vitis vinifera],-0.549,-0.48
XP_059597546.1,False,97.551,1.4948,False,NBS_LRR,97.002,1.3492,False,NBS_LRR,97.071,1.3529,False,NBS_LRR,XP_059597546.1 putative disease resistance RPP13-like protein 1 [Vitis vinifera],-0.549,-0.48
XP_059593611.1,False,72.119,0.5323,False,PR_proteins,70.908,0.5139,False,PR_proteins,71.639,0.5251,False,PR_proteins,XP_059593611.1 uncharacterized protein LOC132253961 [Vitis vinifera],-1.211,-0.48
XP_059593612.1,False,72.119,0.5323,False,PR_proteins,70.908,0.5139,False,PR_proteins,71.639,0.5251,False,PR_proteins,XP_059593612.1 uncharacterized protein LOC132253961 [Vitis vinifera],-1.211,-0.48
XP_059597549.1,False,97.551,1.4948,False,NBS_LRR,97.002,1.3492,False,NBS_LRR,97.071,1.3529,False,NBS_LRR,XP_059597549.1 putative disease resistance RPP13-like protein 1 [Vitis vinifera],-0.549,-0.48
XP_059592698.1,False,72.119,0.5323,False,PR_proteins,70.908,0.5139,False,PR_proteins,71.639,0.5251,False,PR_proteins,XP_059592698.1 uncharacterized protein LOC132252652 [Vitis vinifera],-1.211,-0.48
XP_059592697.1,False,72.119,0.5323,False,PR_proteins,70.908,0.5139,False,PR_proteins,71.639,0.5251,False,PR_proteins,XP_059592697.1 uncharacterized protein LOC132252652 [Vitis vinifera],-1.211,-0.48
XP_059590969.1,False,72.119,0.5323,False,PR_proteins,70.908,0.5139,False,PR_proteins,71.639,0.5251,False,PR_proteins,XP_059590969.1 uncharacterized protein LOC132253256 [Vitis vinifera],-1.211,-0.48
XP_019073307.1,False,97.551,1.4948,False,NBS_LRR,97.002,1.3492,False,NBS_LRR,97.071,1.3529,False,NBS_LRR,XP_019073307.1 putative disease resistance RPP13-like protein 1 [Vitis vinifera],-0.549,-0.48
XP_019073308.1,False,97.551,1.4948,False,NBS_LRR,97.002,1.3492,False,NBS_LRR,97.071,1.3529,False,NBS_LRR,XP_019073308.1 putative disease resistance RPP13-like protein 1 [Vitis vinifera],-0.549,-0.48
XP_019073310.1,False,97.551,1.4948,False,NBS_LRR,97.002,1.3492,False,NBS_LRR,97.071,1.3529,False,NBS_LRR,XP_019073310.1 putative disease resistance RPP13-like protein 1 [Vitis vinifera],-0.549,-0.48
XP_059597548.1,False,97.551,1.4948,False,NBS_LRR,97.002,1.3492,False,NBS_LRR,97.071,1.3529,False,NBS_LRR,XP_059597548.1 putative disease resistance RPP13-like protein 1 [Vitis vinifera],-0.549,-0.48
XP_019073313.1,False,97.551,1.4948,False,NBS_LRR,97.002,1.3492,False,NBS_LRR,97.071,1.3529,False,NBS_LRR,XP_019073313.1 putative disease resistance RPP13-like protein 1 [Vitis vinifera],-0.549,-0.48
XP_019073314.1,False,97.551,1.4948,False,NBS_LRR,97.002,1.3492,False,NBS_LRR,97.071,1.3529,False,NBS_LRR,XP_019073314.1 putative disease resistance RPP13-like protein 1 [Vitis vinifera],-0.549,-0.48
XP_019073315.1,False,97.551,1.4948,False,NBS_LRR,97.002,1.3492,False,NBS_LRR,97.071,1.3529,False,NBS_LRR,XP_019073315.1 putative disease resistance RPP13-like protein 1 [Vitis vinifera],-0.549,-0.48
XP_019073317.1,False,97.551,1.4948,False,NBS_LRR,97.002,1.3492,False,NBS_LRR,97.071,1.3529,False,NBS_LRR,XP_019073317.1 putative disease resistance RPP13-like protein 1 [Vitis vinifera],-0.549,-0.48
XP_059590143.1,False,72.119,0.5323,False,PR_proteins,70.908,0.5139,False,PR_proteins,71.639,0.5251,False,PR_proteins,XP_059590143.1 uncharacterized protein LOC132252828 [Vitis vinifera],-1.211,-0.48
XP_059590144.1,False,72.119,0.5323,False,PR_proteins,70.908,0.5139,False,PR_proteins,71.639,0.5251,False,PR_proteins,XP_059590144.1 uncharacterized protein LOC132252828 [Vitis vinifera],-1.211,-0.48
XP_019073321.1,False,97.551,1.4948,False,NBS_LRR,97.002,1.3492,False,NBS_LRR,97.071,1.3529,False,NBS_LRR,XP_019073321.1 putative disease resistance RPP13-like protein 1 [Vitis vinifera],-0.549,-0.48
XP_019073322.1,False,97.551,1.4948,False,NBS_LRR,97.002,1.3492,False,NBS_LRR,97.071,1.3529,False,NBS_LRR,XP_019073322.1 putative disease resistance RPP13-like protein 1 [Vitis vinifera],-0.549,-0.48
XP_010644693.1,False,28.276,-0.1145,False,defense_signaling,27.272,-0.1391,False,defense_signaling,27.793,-0.1241,False,defense_signaling,XP_010644693.1 uncharacterized protein LOC100263414 [Vitis vinifera],-1.004,-0.483
XP_010644692.1,False,28.276,-0.1145,False,defense_signaling,27.272,-0.1391,False,defense_signaling,27.793,-0.1241,False,defense_signaling,XP_010644692.1 uncharacterized protein LOC100263414 [Vitis vinifera],-1.004,-0.483
XP_010644690.1,False,28.276,-0.1145,False,defense_signaling,27.272,-0.1391,False,defense_signaling,27.793,-0.1241,False,defense_signaling,XP_010644690.1 uncharacterized protein LOC100263414 [Vitis vinifera],-1.004,-0.483
XP_010644691.1,False,28.276,-0.1145,False,defense_signaling,27.272,-0.1391,False,defense_signaling,27.793,-0.1241,False,defense_signaling,XP_010644691.1 uncharacterized protein LOC100263414 [Vitis vinifera],-1.004,-0.483
XP_059591649.1,False,28.276,-0.1145,False,defense_signaling,27.272,-0.1391,False,defense_signaling,27.793,-0.1241,False,defense_signaling,XP_059591649.1 uncharacterized protein LOC100263414 [Vitis vinifera],-1.004,-0.483
XP_059592688.1,False,72.365,0.5367,False,PR_proteins,71.415,0.5212,False,PR_proteins,71.881,0.5295,False,PR_proteins,XP_059592688.1 uncharacterized protein LOC109122582 [Vitis vinifera],-0.95,-0.484
XP_059592687.1,False,72.365,0.5367,False,PR_proteins,71.415,0.5212,False,PR_proteins,71.881,0.5295,False,PR_proteins,XP_059592687.1 uncharacterized protein LOC109122582 [Vitis vinifera],-0.95,-0.484
XP_059598122.1,False,96.468,1.3384,False,NBS_LRR,97.234,1.3868,False,NBS_LRR,95.983,1.2193,False,NBS_LRR,XP_059598122.1 putative disease resistance RPP13-like protein 1 [Vitis vinifera],0.766,-0.485
XP_010659137.1,False,96.468,1.3384,False,NBS_LRR,97.234,1.3868,False,NBS_LRR,95.983,1.2193,False,NBS_LRR,XP_010659137.1 putative disease resistance RPP13-like protein 1 [Vitis vinifera],0.766,-0.485
XP_010659143.1,False,96.468,1.3384,False,NBS_LRR,97.234,1.3868,False,NBS_LRR,95.983,1.2193,False,NBS_LRR,XP_010659143.1 putative disease resistance RPP13-like protein 1 [Vitis vinifera],0.766,-0.485
XP_010659138.1,False,96.468,1.3384,False,NBS_LRR,97.234,1.3868,False,NBS_LRR,95.983,1.2193,False,NBS_LRR,XP_010659138.1 putative disease resistance RPP13-like protein 1 [Vitis vinifera],0.766,-0.485
XP_010659140.1,False,96.468,1.3384,False,NBS_LRR,97.234,1.3868,False,NBS_LRR,95.983,1.2193,False,NBS_LRR,XP_010659140.1 putative disease resistance RPP13-like protein 1 [Vitis vinifera],0.766,-0.485
XP_059598121.1,False,96.468,1.3384,False,NBS_LRR,97.234,1.3868,False,NBS_LRR,95.983,1.2193,False,NBS_LRR,XP_059598121.1 putative disease resistance RPP13-like protein 1 [Vitis vinifera],0.766,-0.485
XP_059598120.1,False,96.468,1.3384,False,NBS_LRR,97.234,1.3868,False,NBS_LRR,95.983,1.2193,False,NBS_LRR,XP_059598120.1 putative disease resistance RPP13-like protein 1 [Vitis vinifera],0.766,-0.485
XP_010659146.1,False,96.468,1.3384,False,NBS_LRR,97.234,1.3868,False,NBS_LRR,95.983,1.2193,False,NBS_LRR,XP_010659146.1 putative disease resistance RPP13-like protein 1 [Vitis vinifera],0.766,-0.485
XP_010659148.1,False,96.468,1.3384,False,NBS_LRR,97.234,1.3868,False,NBS_LRR,95.983,1.2193,False,NBS_LRR,XP_010659148.1 putative disease resistance RPP13-like protein 1 [Vitis vinifera],0.766,-0.485
XP_019079731.1,False,96.468,1.3384,False,NBS_LRR,97.234,1.3868,False,NBS_LRR,95.983,1.2193,False,NBS_LRR,XP_019079731.1 putative disease resistance RPP13-like protein 1 [Vitis vinifera],0.766,-0.485
XP_059598118.1,False,96.468,1.3384,False,NBS_LRR,97.234,1.3868,False,NBS_LRR,95.983,1.2193,False,NBS_LRR,XP_059598118.1 putative disease resistance RPP13-like protein 1 [Vitis vinifera],0.766,-0.485
XP_059598117.1,False,96.468,1.3384,False,NBS_LRR,97.234,1.3868,False,NBS_LRR,95.983,1.2193,False,NBS_LRR,XP_059598117.1 putative disease resistance RPP13-like protein 1 [Vitis vinifera],0.766,-0.485
XP_010659147.1,False,96.468,1.3384,False,NBS_LRR,97.234,1.3868,False,NBS_LRR,95.983,1.2193,False,NBS_LRR,XP_010659147.1 putative disease resistance RPP13-like protein 1 [Vitis vinifera],0.766,-0.485
XP_010659149.1,False,96.468,1.3384,False,NBS_LRR,97.234,1.3868,False,NBS_LRR,95.983,1.2193,False,NBS_LRR,XP_010659149.1 putative disease resistance RPP13-like protein 1 [Vitis vinifera],0.766,-0.485
XP_019079729.1,False,96.468,1.3384,False,NBS_LRR,97.234,1.3868,False,NBS_LRR,95.983,1.2193,False,NBS_LRR,XP_019079729.1 putative disease resistance RPP13-like protein 1 [Vitis vinifera],0.766,-0.485
XP_019079730.1,False,96.468,1.3384,False,NBS_LRR,97.234,1.3868,False,NBS_LRR,95.983,1.2193,False,NBS_LRR,XP_019079730.1 putative disease resistance RPP13-like protein 1 [Vitis vinifera],0.766,-0.485
XP_059598119.1,False,96.468,1.3384,False,NBS_LRR,97.234,1.3868,False,NBS_LRR,95.983,1.2193,False,NBS_LRR,XP_059598119.1 putative disease resistance RPP13-like protein 1 [Vitis vinifera],0.766,-0.485
XP_010647067.1,False,97.492,1.492,False,NBS_LRR,96.375,1.2668,False,NBS_LRR,97.005,1.3473,False,NBS_LRR,XP_010647067.1 putative disease resistance RPP13-like protein 1 [Vitis vinifera],-1.117,-0.487
XP_010647065.1,False,97.492,1.492,False,NBS_LRR,96.375,1.2668,False,NBS_LRR,97.005,1.3473,False,NBS_LRR,XP_010647065.1 putative disease resistance RPP13-like protein 1 [Vitis vinifera],-1.117,-0.487
XP_010647064.1,False,97.492,1.492,False,NBS_LRR,96.375,1.2668,False,NBS_LRR,97.005,1.3473,False,NBS_LRR,XP_010647064.1 putative disease resistance RPP13-like protein 1 [Vitis vinifera],-1.117,-0.487
XP_010647063.1,False,97.492,1.492,False,NBS_LRR,96.375,1.2668,False,NBS_LRR,97.005,1.3473,False,NBS_LRR,XP_010647063.1 putative disease resistance RPP13-like protein 1 [Vitis vinifera],-1.117,-0.487
XP_059598269.1,False,97.492,1.492,False,NBS_LRR,96.375,1.2668,False,NBS_LRR,97.005,1.3473,False,NBS_LRR,XP_059598269.1 putative disease resistance RPP13-like protein 1 [Vitis vinifera],-1.117,-0.487
XP_059598264.1,False,97.492,1.492,False,NBS_LRR,96.375,1.2668,False,NBS_LRR,97.005,1.3473,False,NBS_LRR,XP_059598264.1 putative disease resistance RPP13-like protein 1 [Vitis vinifera],-1.117,-0.487
XP_059598265.1,False,97.492,1.492,False,NBS_LRR,96.375,1.2668,False,NBS_LRR,97.005,1.3473,False,NBS_LRR,XP_059598265.1 putative disease resistance RPP13-like protein 1 [Vitis vinifera],-1.117,-0.487
XP_059598266.1,False,97.492,1.492,False,NBS_LRR,96.375,1.2668,False,NBS_LRR,97.005,1.3473,False,NBS_LRR,XP_059598266.1 putative disease resistance RPP13-like protein 1 [Vitis vinifera],-1.117,-0.487
XP_059598267.1,False,97.492,1.492,False,NBS_LRR,96.375,1.2668,False,NBS_LRR,97.005,1.3473,False,NBS_LRR,XP_059598267.1 putative disease resistance RPP13-like protein 1 [Vitis vinifera],-1.117,-0.487
XP_059598268.1,False,97.492,1.492,False,NBS_LRR,96.375,1.2668,False,NBS_LRR,97.005,1.3473,False,NBS_LRR,XP_059598268.1 putative disease resistance RPP13-like protein 1 [Vitis vinifera],-1.117,-0.487
XP_010647061.1,False,97.492,1.492,False,NBS_LRR,96.375,1.2668,False,NBS_LRR,97.005,1.3473,False,NBS_LRR,XP_010647061.1 putative disease resistance RPP13-like protein 1 [Vitis vinifera],-1.117,-0.487
XP_059598272.1,False,97.492,1.492,False,NBS_LRR,96.375,1.2668,False,NBS_LRR,97.005,1.3473,False,NBS_LRR,XP_059598272.1 putative disease resistance RPP13-like protein 1 [Vitis vinifera],-1.117,-0.487
XP_059598273.1,False,97.492,1.492,False,NBS_LRR,96.375,1.2668,False,NBS_LRR,97.005,1.3473,False,NBS_LRR,XP_059598273.1 putative disease resistance RPP13-like protein 1 [Vitis vinifera],-1.117,-0.487
XP_059598274.1,False,97.492,1.492,False,NBS_LRR,96.375,1.2668,False,NBS_LRR,97.005,1.3473,False,NBS_LRR,XP_059598274.1 putative disease resistance RPP13-like protein 1 [Vitis vinifera],-1.117,-0.487
XP_059598276.1,False,97.492,1.492,False,NBS_LRR,96.375,1.2668,False,NBS_LRR,97.005,1.3473,False,NBS_LRR,XP_059598276.1 putative disease resistance RPP13-like protein 1 [Vitis vinifera],-1.117,-0.487
XP_019074045.1,False,97.492,1.492,False,NBS_LRR,96.375,1.2668,False,NBS_LRR,97.005,1.3473,False,NBS_LRR,XP_019074045.1 putative disease resistance RPP13-like protein 1 [Vitis vinifera],-1.117,-0.487
XP_010647062.1,False,97.492,1.492,False,NBS_LRR,96.375,1.2668,False,NBS_LRR,97.005,1.3473,False,NBS_LRR,XP_010647062.1 putative disease resistance RPP13-like protein 1 [Vitis vinifera],-1.117,-0.487
XP_059598270.1,False,97.492,1.492,False,NBS_LRR,96.375,1.2668,False,NBS_LRR,97.005,1.3473,False,NBS_LRR,XP_059598270.1 putative disease resistance RPP13-like protein 1 [Vitis vinifera],-1.117,-0.487
XP_010647059.1,False,97.492,1.492,False,NBS_LRR,96.375,1.2668,False,NBS_LRR,97.005,1.3473,False,NBS_LRR,XP_010647059.1 putative disease resistance RPP13-like protein 1 [Vitis vinifera],-1.117,-0.487
XP_010647057.1,False,97.492,1.492,False,NBS_LRR,96.375,1.2668,False,NBS_LRR,97.005,1.3473,False,NBS_LRR,XP_010647057.1 putative disease resistance RPP13-like protein 1 [Vitis vinifera],-1.117,-0.487
XP_010647049.1,False,97.492,1.492,False,NBS_LRR,96.375,1.2668,False,NBS_LRR,97.005,1.3473,False,NBS_LRR,XP_010647049.1 putative disease resistance RPP13-like protein 1 [Vitis vinifera],-1.117,-0.487
XP_010647050.1,False,97.492,1.492,False,NBS_LRR,96.375,1.2668,False,NBS_LRR,97.005,1.3473,False,NBS_LRR,XP_010647050.1 putative disease resistance RPP13-like protein 1 [Vitis vinifera],-1.117,-0.487
XP_010647056.1,False,97.492,1.492,False,NBS_LRR,96.375,1.2668,False,NBS_LRR,97.005,1.3473,False,NBS_LRR,XP_010647056.1 putative disease resistance RPP13-like protein 1 [Vitis vinifera],-1.117,-0.487
XP_010647055.1,False,97.492,1.492,False,NBS_LRR,96.375,1.2668,False,NBS_LRR,97.005,1.3473,False,NBS_LRR,XP_010647055.1 putative disease resistance RPP13-like protein 1 [Vitis vinifera],-1.117,-0.487
XP_010647058.1,False,97.492,1.492,False,NBS_LRR,96.375,1.2668,False,NBS_LRR,97.005,1.3473,False,NBS_LRR,XP_010647058.1 putative disease resistance RPP13-like protein 1 [Vitis vinifera],-1.117,-0.487
XP_010664047.1,False,83.753,0.656,False,antimicrobial,80.429,0.616,False,antimicrobial,83.262,0.6484,False,antimicrobial,XP_010664047.1 tetratricopeptide repeat protein SKI3 isoform X2 [Vitis vinifera],-3.324,-0.491
XP_010663455.1,False,23.336,-0.2468,False,defense_signaling,19.694,-0.3595,False,defense_signaling,22.844,-0.257,False,defense_signaling,XP_010663455.1 uncharacterized protein LOC100246698 isoform X1 [Vitis vinifera],-3.642,-0.492
XP_002265512.2,False,23.336,-0.2468,False,defense_signaling,19.694,-0.3595,False,defense_signaling,22.844,-0.257,False,defense_signaling,XP_002265512.2 uncharacterized protein LOC100246698 isoform X1 [Vitis vinifera],-3.642,-0.492
XP_010658144.1,False,29.098,-0.0942,False,defense_signaling,27.633,-0.129,False,defense_signaling,28.606,-0.1037,False,defense_signaling,XP_010658144.1 uncharacterized protein LOC100854874 isoform X2 [Vitis vinifera],-1.465,-0.492
XP_010663453.1,False,23.336,-0.2468,False,defense_signaling,19.694,-0.3595,False,defense_signaling,22.844,-0.257,False,defense_signaling,XP_010663453.1 uncharacterized protein LOC100246698 isoform X1 [Vitis vinifera],-3.642,-0.492
XP_010663454.1,False,23.336,-0.2468,False,defense_signaling,19.694,-0.3595,False,defense_signaling,22.844,-0.257,False,defense_signaling,XP_010663454.1 uncharacterized protein LOC100246698 isoform X1 [Vitis vinifera],-3.642,-0.492
XP_010663456.1,False,23.336,-0.2468,False,defense_signaling,19.694,-0.3595,False,defense_signaling,22.844,-0.257,False,defense_signaling,XP_010663456.1 uncharacterized protein LOC100246698 isoform X1 [Vitis vinifera],-3.642,-0.492
XP_059590825.1,False,67.336,0.4865,False,cell_death_HR,61.981,0.3899,False,cell_death_HR,66.841,0.4766,False,cell_death_HR,XP_059590825.1 transposon Tf2-1 polyprotein [Vitis vinifera],-5.355,-0.495
XP_059590826.1,False,67.336,0.4865,False,cell_death_HR,61.981,0.3899,False,cell_death_HR,66.841,0.4766,False,cell_death_HR,XP_059590826.1 transposon Tf2-1 polyprotein [Vitis vinifera],-5.355,-0.495
XP_059590827.1,False,67.336,0.4865,False,cell_death_HR,61.981,0.3899,False,cell_death_HR,66.841,0.4766,False,cell_death_HR,XP_059590827.1 transposon Tf2-1 polyprotein [Vitis vinifera],-5.355,-0.495
XP_002264162.1,False,23.218,-0.25,False,defense_signaling,21.97,-0.2882,False,defense_signaling,22.723,-0.2602,False,defense_signaling,XP_002264162.1 nuclear pore complex protein NUP1 [Vitis vinifera],-1.248,-0.495
XP_002279976.3,False,27.354,-0.14,False,defense_signaling,23.649,-0.239,False,defense_signaling,26.856,-0.1498,False,defense_signaling,XP_002279976.3 chromatin modification-related protein eaf-1 [Vitis vinifera],-3.705,-0.498
XP_019072017.1,False,83.774,0.6496,False,antimicrobial,80.456,0.6062,False,antimicrobial,83.274,0.6419,False,antimicrobial,XP_019072017.1 tetratricopeptide repeat protein SKI3 isoform X1 [Vitis vinifera],-3.318,-0.5
XP_010649276.1,False,26.393,-0.1641,False,defense_signaling,25.837,-0.1763,False,defense_signaling,25.891,-0.1739,False,defense_signaling,XP_010649276.1 uncharacterized protein LOC104879150 isoform X1 [Vitis vinifera],-0.556,-0.502
XP_059595591.1,False,32.216,-0.0224,False,defense_signaling,31.938,-0.0296,False,defense_signaling,31.711,-0.0316,False,defense_signaling,XP_059595591.1 LOW QUALITY PROTEIN: protein TIC 214 [Vitis vinifera],-0.278,-0.505
XP_010648509.1,False,27.721,-0.1288,False,defense_signaling,26.836,-0.1498,False,defense_signaling,27.213,-0.1384,False,defense_signaling,XP_010648509.1 protein EMBRYONIC FLOWER 1 [Vitis vinifera],-0.885,-0.508
XP_019075106.1,False,27.675,-0.1303,False,defense_signaling,24.171,-0.2205,False,defense_signaling,27.166,-0.14,False,defense_signaling,XP_019075106.1 DNA mismatch repair protein MLH3 isoform X3 [Vitis vinifera],-3.504,-0.509
XP_010657135.2,False,31.766,-0.0326,False,defense_signaling,31.34,-0.0443,False,defense_signaling,31.256,-0.0418,False,defense_signaling,XP_010657135.2 formin-like protein 20 isoform X2 [Vitis vinifera],-0.426,-0.51
XP_059598285.1,False,96.883,1.4083,False,NBS_LRR,95.374,1.1827,False,NBS_LRR,96.371,1.2573,False,NBS_LRR,XP_059598285.1 putative disease resistance protein At3g14460 [Vitis vinifera],-1.509,-0.512
XP_019074053.1,False,96.883,1.4083,False,NBS_LRR,95.374,1.1827,False,NBS_LRR,96.371,1.2573,False,NBS_LRR,XP_019074053.1 putative disease resistance protein At3g14460 [Vitis vinifera],-1.509,-0.512
XP_019074052.1,False,96.883,1.4083,False,NBS_LRR,95.374,1.1827,False,NBS_LRR,96.371,1.2573,False,NBS_LRR,XP_019074052.1 putative disease resistance protein At3g14460 [Vitis vinifera],-1.509,-0.512
XP_059598282.1,False,96.883,1.4083,False,NBS_LRR,95.374,1.1827,False,NBS_LRR,96.371,1.2573,False,NBS_LRR,XP_059598282.1 putative disease resistance protein At3g14460 [Vitis vinifera],-1.509,-0.512
XP_059598283.1,False,96.883,1.4083,False,NBS_LRR,95.374,1.1827,False,NBS_LRR,96.371,1.2573,False,NBS_LRR,XP_059598283.1 putative disease resistance protein At3g14460 [Vitis vinifera],-1.509,-0.512
XP_059598286.1,False,96.883,1.4083,False,NBS_LRR,95.374,1.1827,False,NBS_LRR,96.371,1.2573,False,NBS_LRR,XP_059598286.1 putative disease resistance protein At3g14460 [Vitis vinifera],-1.509,-0.512
XP_059598288.1,False,96.883,1.4083,False,NBS_LRR,95.374,1.1827,False,NBS_LRR,96.371,1.2573,False,NBS_LRR,XP_059598288.1 putative disease resistance protein At3g14460 [Vitis vinifera],-1.509,-0.512
XP_059598289.1,False,96.883,1.4083,False,NBS_LRR,95.374,1.1827,False,NBS_LRR,96.371,1.2573,False,NBS_LRR,XP_059598289.1 putative disease resistance protein At3g14460 [Vitis vinifera],-1.509,-0.512
XP_059598290.1,False,96.883,1.4083,False,NBS_LRR,95.374,1.1827,False,NBS_LRR,96.371,1.2573,False,NBS_LRR,XP_059598290.1 putative disease resistance protein At3g14460 [Vitis vinifera],-1.509,-0.512
XP_059598291.1,False,96.883,1.4083,False,NBS_LRR,95.374,1.1827,False,NBS_LRR,96.371,1.2573,False,NBS_LRR,XP_059598291.1 putative disease resistance protein At3g14460 [Vitis vinifera],-1.509,-0.512
XP_019074048.1,False,96.883,1.4083,False,NBS_LRR,95.374,1.1827,False,NBS_LRR,96.371,1.2573,False,NBS_LRR,XP_019074048.1 putative disease resistance protein At3g14460 [Vitis vinifera],-1.509,-0.512
XP_019074057.1,False,96.883,1.4083,False,NBS_LRR,95.374,1.1827,False,NBS_LRR,96.371,1.2573,False,NBS_LRR,XP_019074057.1 putative disease resistance protein At3g14460 [Vitis vinifera],-1.509,-0.512
XP_019074056.1,False,96.883,1.4083,False,NBS_LRR,95.374,1.1827,False,NBS_LRR,96.371,1.2573,False,NBS_LRR,XP_019074056.1 putative disease resistance protein At3g14460 [Vitis vinifera],-1.509,-0.512
XP_059598287.1,False,96.883,1.4083,False,NBS_LRR,95.374,1.1827,False,NBS_LRR,96.371,1.2573,False,NBS_LRR,XP_059598287.1 putative disease resistance protein At3g14460 [Vitis vinifera],-1.509,-0.512
YP_567136.1,False,31.972,-0.0282,False,defense_signaling,21.54,-0.3007,False,defense_signaling,31.458,-0.0374,False,defense_signaling,YP_567136.1 hypothetical chloroplast RF1 (chloroplast) [Vitis vinifera],-10.432,-0.514
XP_059590539.1,False,40.308,0.0048,False,PR_proteins,37.276,-0.0472,False,PR_proteins,39.791,-0.0047,False,PR_proteins,XP_059590539.1 uncharacterized protein LOC100242375 [Vitis vinifera],-3.032,-0.517
XP_059599309.1,False,93.435,1.078,False,NBS_LRR,92.95,1.019,False,NBS_LRR,92.913,1.02,False,NBS_LRR,XP_059599309.1 uncharacterized protein LOC100262126 [Vitis vinifera],-0.485,-0.522
XP_019081585.1,False,93.435,1.078,False,NBS_LRR,92.95,1.019,False,NBS_LRR,92.913,1.02,False,NBS_LRR,XP_019081585.1 uncharacterized protein LOC100262126 [Vitis vinifera],-0.485,-0.522
XP_010662604.1,False,93.435,1.078,False,NBS_LRR,92.95,1.019,False,NBS_LRR,92.913,1.02,False,NBS_LRR,XP_010662604.1 uncharacterized protein LOC100262126 [Vitis vinifera],-0.485,-0.522
XP_010662606.1,False,93.435,1.078,False,NBS_LRR,92.95,1.019,False,NBS_LRR,92.913,1.02,False,NBS_LRR,XP_010662606.1 uncharacterized protein LOC100262126 [Vitis vinifera],-0.485,-0.522
XP_010658348.1,False,55.904,0.2872,False,cell_death_HR,27.505,-0.1323,False,defense_signaling,55.382,0.2759,False,cell_death_HR,XP_010658348.1 protein RNA-directed DNA methylation 3 isoform X1 [Vitis vinifera],-28.399,-0.522
XP_010665396.2,False,50.158,0.184,False,cell_death_HR,47.02,0.1251,False,cell_death_HR,49.633,0.172,False,cell_death_HR,XP_010665396.2 uncharacterized protein LOC100249450 [Vitis vinifera],-3.138,-0.525
XP_002277544.3,False,58.718,0.3374,False,cell_death_HR,62.128,0.3919,False,cell_death_HR,58.191,0.3265,False,cell_death_HR,"XP_002277544.3 stromal processing peptidase, chloroplastic isoform X1 [Vitis vinifera]",3.41,-0.527
XP_002281591.1,False,56.763,0.3031,False,cell_death_HR,48.897,0.1623,False,cell_death_HR,56.236,0.292,False,cell_death_HR,XP_002281591.1 uncharacterized protein LOC100264144 [Vitis vinifera],-7.866,-0.527
XP_010645791.1,False,59.463,0.3488,False,cell_death_HR,52.456,0.2681,False,defense_signaling,58.934,0.3379,False,cell_death_HR,XP_010645791.1 actin cytoskeleton-regulatory complex protein PAN1 [Vitis vinifera],-7.007,-0.529
XP_010657493.1,False,49.36,0.1713,False,cell_death_HR,49.195,0.1672,False,cell_death_HR,48.826,0.1592,False,cell_death_HR,"XP_010657493.1 ribonuclease E/G-like protein, chloroplastic isoform X1 [Vitis vinifera]",-0.165,-0.534
XP_010657494.1,False,49.259,0.1691,False,cell_death_HR,49.124,0.1657,False,cell_death_HR,48.725,0.157,False,cell_death_HR,"XP_010657494.1 ribonuclease E/G-like protein, chloroplastic isoform X2 [Vitis vinifera]",-0.135,-0.534
XP_010665401.2,False,49.767,0.1782,False,cell_death_HR,46.658,0.1189,False,cell_death_HR,49.232,0.1662,False,cell_death_HR,XP_010665401.2 uncharacterized protein LOC104882760 [Vitis vinifera],-3.109,-0.535
XP_010661803.1,False,30.256,-0.0662,False,defense_signaling,29.702,-0.0772,False,defense_signaling,29.717,-0.0756,False,defense_signaling,XP_010661803.1 uncharacterized protein LOC100248277 isoform X1 [Vitis vinifera],-0.554,-0.539
XP_059598175.1,False,61.535,0.3831,False,cell_death_HR,61.552,0.3822,False,cell_death_HR,60.996,0.3725,False,cell_death_HR,XP_059598175.1 retrovirus-related Pol polyprotein from transposon RE1 [Vitis vinifera],0.017,-0.539
XP_010661802.1,False,30.256,-0.0662,False,defense_signaling,29.702,-0.0772,False,defense_signaling,29.717,-0.0756,False,defense_signaling,XP_010661802.1 uncharacterized protein LOC100248277 isoform X1 [Vitis vinifera],-0.554,-0.539
XP_010661804.1,False,30.398,-0.0626,False,defense_signaling,29.891,-0.0723,False,defense_signaling,29.857,-0.072,False,defense_signaling,XP_010661804.1 uncharacterized protein LOC100248277 isoform X2 [Vitis vinifera],-0.507,-0.541
XP_059598921.1,False,30.398,-0.0626,False,defense_signaling,29.891,-0.0723,False,defense_signaling,29.857,-0.072,False,defense_signaling,XP_059598921.1 uncharacterized protein LOC100248277 isoform X2 [Vitis vinifera],-0.507,-0.541
XP_010658143.1,False,29.216,-0.0922,False,defense_signaling,28.042,-0.118,False,defense_signaling,28.674,-0.1018,False,defense_signaling,XP_010658143.1 uncharacterized protein LOC100854874 isoform X1 [Vitis vinifera],-1.174,-0.542
XP_002282024.1,False,61.635,0.384,False,cell_death_HR,57.986,0.3244,False,cell_death_HR,61.09,0.3734,False,cell_death_HR,"XP_002282024.1 presequence protease 2, chloroplastic/mitochondrial [Vitis vinifera]",-3.649,-0.545
XP_010664159.1,False,29.909,-0.0754,False,defense_signaling,29.28,-0.0866,False,defense_signaling,29.36,-0.0848,False,defense_signaling,XP_010664159.1 uncharacterized protein LOC100262507 isoform X4 [Vitis vinifera],-0.629,-0.549
XP_059591008.1,False,29.909,-0.0754,False,defense_signaling,29.201,-0.0888,False,defense_signaling,29.36,-0.0848,False,defense_signaling,XP_059591008.1 uncharacterized protein LOC100262507 isoform X3 [Vitis vinifera],-0.708,-0.549
XP_010664156.1,False,29.909,-0.0754,False,defense_signaling,29.012,-0.0939,False,defense_signaling,29.36,-0.0848,False,defense_signaling,XP_010664156.1 uncharacterized protein LOC100262507 isoform X1 [Vitis vinifera],-0.897,-0.549
XP_059591007.1,False,29.909,-0.0754,False,defense_signaling,28.893,-0.0965,False,defense_signaling,29.36,-0.0848,False,defense_signaling,XP_059591007.1 uncharacterized protein LOC100262507 isoform X2 [Vitis vinifera],-1.016,-0.549
XP_059598710.1,False,48.361,0.151,False,cell_death_HR,46.638,0.1187,False,cell_death_HR,47.812,0.1388,False,cell_death_HR,XP_059598710.1 uncharacterized protein LOC132255080 [Vitis vinifera],-1.723,-0.549
XP_059590287.1,False,48.386,0.1514,False,cell_death_HR,47.773,0.14,False,cell_death_HR,47.837,0.1392,False,cell_death_HR,XP_059590287.1 retrovirus-related Pol polyprotein from transposon RE1 [Vitis vinifera],-0.613,-0.549
XP_059592868.1,False,24.162,-0.2258,False,defense_signaling,24.354,-0.2142,False,defense_signaling,23.606,-0.2359,False,defense_signaling,XP_059592868.1 uncharacterized protein LOC100244302 isoform X2 [Vitis vinifera],0.192,-0.556
XP_010650001.1,False,24.162,-0.2258,False,defense_signaling,24.354,-0.2142,False,defense_signaling,23.606,-0.2359,False,defense_signaling,XP_010650001.1 uncharacterized protein LOC100244302 isoform X2 [Vitis vinifera],0.192,-0.556
XP_059594602.1,False,24.591,-0.2133,False,defense_signaling,23.39,-0.2443,False,defense_signaling,24.03,-0.2233,False,defense_signaling,XP_059594602.1 protein CROWDED NUCLEI 4 isoform X1 [Vitis vinifera],-1.201,-0.561
XP_019071806.2,False,32.856,-0.1445,False,PR_proteins,32.307,-0.1645,False,PR_proteins,32.292,-0.1547,False,PR_proteins,XP_019071806.2 putative laccase-9 [Vitis vinifera],-0.549,-0.564
XP_059595280.1,False,88.117,0.7425,False,NBS_LRR,86.258,0.6838,False,NBS_LRR,87.55,0.6915,False,NBS_LRR,XP_059595280.1 pentatricopeptide repeat-containing protein At4g13650 isoform X1 [Vitis vinifera],-1.859,-0.567
XP_059595279.1,False,88.117,0.7425,False,NBS_LRR,86.258,0.6838,False,NBS_LRR,87.55,0.6915,False,NBS_LRR,XP_059595279.1 pentatricopeptide repeat-containing protein At4g13650 isoform X1 [Vitis vinifera],-1.859,-0.567
XP_059593414.1,False,25.347,-0.1914,False,defense_signaling,24.985,-0.199,False,defense_signaling,24.771,-0.2013,False,defense_signaling,XP_059593414.1 uncharacterized protein LOC100255365 [Vitis vinifera],-0.362,-0.576
XP_010659066.1,False,25.512,-0.1867,False,defense_signaling,24.006,-0.227,False,defense_signaling,24.936,-0.1966,False,defense_signaling,XP_010659066.1 uncharacterized protein LOC100245338 [Vitis vinifera],-1.506,-0.576
XP_059598135.1,False,25.512,-0.1867,False,defense_signaling,24.006,-0.227,False,defense_signaling,24.936,-0.1966,False,defense_signaling,XP_059598135.1 uncharacterized protein LOC100245338 [Vitis vinifera],-1.506,-0.576
XP_059598134.1,False,25.512,-0.1867,False,defense_signaling,24.006,-0.227,False,defense_signaling,24.936,-0.1966,False,defense_signaling,XP_059598134.1 uncharacterized protein LOC100245338 [Vitis vinifera],-1.506,-0.576
XP_059589889.1,False,25.796,-0.1782,False,defense_signaling,20.094,-0.3489,False,defense_signaling,25.208,-0.1881,False,defense_signaling,XP_059589889.1 uncharacterized protein LOC100246698 isoform X2 [Vitis vinifera],-5.702,-0.588
XP_002280338.3,False,25.805,-0.178,False,defense_signaling,25.427,-0.187,False,defense_signaling,25.217,-0.1879,False,defense_signaling,XP_002280338.3 uncharacterized protein LOC100244302 isoform X1 [Vitis vinifera],-0.378,-0.588
XP_019082048.1,False,25.796,-0.1782,False,defense_signaling,20.094,-0.3489,False,defense_signaling,25.208,-0.1881,False,defense_signaling,XP_019082048.1 uncharacterized protein LOC100246698 isoform X2 [Vitis vinifera],-5.702,-0.588
XP_019075592.1,False,25.805,-0.178,False,defense_signaling,23.437,-0.2436,False,defense_signaling,25.217,-0.1879,False,defense_signaling,XP_019075592.1 uncharacterized protein LOC100244302 isoform X3 [Vitis vinifera],-2.368,-0.588
XP_019075590.1,False,25.805,-0.178,False,defense_signaling,25.427,-0.187,False,defense_signaling,25.217,-0.1879,False,defense_signaling,XP_019075590.1 uncharacterized protein LOC100244302 isoform X1 [Vitis vinifera],-0.378,-0.588
XP_059596846.1,False,82.346,0.5839,False,RLK_defense,80.926,0.5971,False,defense_signaling,81.756,0.5743,False,RLK_defense,XP_059596846.1 uncharacterized protein LOC100252538 [Vitis vinifera],-1.42,-0.59
XP_059597973.1,False,96.803,1.3861,False,NBS_LRR,96.015,1.2305,False,NBS_LRR,96.207,1.2424,False,NBS_LRR,XP_059597973.1 putative disease resistance RPP13-like protein 1 [Vitis vinifera],-0.788,-0.596
XP_010655902.1,False,96.553,1.3526,False,NBS_LRR,96.239,1.255,False,NBS_LRR,95.943,1.2179,False,NBS_LRR,XP_010655902.1 probable disease resistance protein At4g27220 isoform X1 [Vitis vinifera],-0.314,-0.61
XP_019078294.1,False,96.553,1.3526,False,NBS_LRR,95.585,1.2009,False,NBS_LRR,95.943,1.2179,False,NBS_LRR,XP_019078294.1 probable disease resistance protein At4g27220 isoform X2 [Vitis vinifera],-0.968,-0.61
XP_019072011.2,False,35.477,-0.0951,False,cell_death_HR,31.249,-0.2003,False,cell_death_HR,34.859,-0.109,False,cell_death_HR,XP_019072011.2 LOW QUALITY PROTEIN: uncharacterized protein LOC100854725 [Vitis vinifera],-4.228,-0.618
XP_010648308.1,False,79.234,0.5679,False,defense_signaling,81.401,0.6025,False,defense_signaling,78.607,0.5614,False,defense_signaling,XP_010648308.1 uncharacterized protein LOC100243932 isoform X2 [Vitis vinifera],2.167,-0.627
XP_010648307.1,False,79.234,0.5679,False,defense_signaling,81.355,0.6019,False,defense_signaling,78.607,0.5614,False,defense_signaling,XP_010648307.1 uncharacterized protein LOC100243932 isoform X1 [Vitis vinifera],2.121,-0.627
XP_010665403.2,False,42.794,0.0488,False,cell_death_HR,40.744,0.0073,False,cell_death_HR,42.161,0.0359,False,cell_death_HR,XP_010665403.2 LOW QUALITY PROTEIN: uncharacterized protein LOC100853111 [Vitis vinifera],-2.05,-0.633
XP_010661740.1,False,77.649,0.5593,False,defense_signaling,77.802,0.5669,False,defense_signaling,77.002,0.5527,False,defense_signaling,"XP_010661740.1 K(+) efflux antiporter 2, chloroplastic [Vitis vinifera]",0.153,-0.647
XP_002269352.1,False,77.649,0.5593,False,defense_signaling,77.802,0.5669,False,defense_signaling,77.002,0.5527,False,defense_signaling,"XP_002269352.1 K(+) efflux antiporter 2, chloroplastic [Vitis vinifera]",0.153,-0.647
XP_002285720.1,False,39.821,-0.0088,False,cell_death_HR,31.2,-0.2019,False,cell_death_HR,39.166,-0.0222,False,cell_death_HR,XP_002285720.1 uncharacterized protein LOC100265730 [Vitis vinifera],-8.621,-0.655
XP_059592766.1,False,24.457,-0.2191,False,defense_signaling,22.372,-0.2749,False,defense_signaling,23.799,-0.2292,False,defense_signaling,XP_059592766.1 cysteine-tryptophan domain-containing zinc finger protein 5 isoform X4 [Vitis vinifera],-2.085,-0.658
XP_010659076.1,False,96.762,1.3719,False,NBS_LRR,96.203,1.2508,False,NBS_LRR,96.104,1.2297,False,NBS_LRR,XP_010659076.1 putative disease resistance protein At3g14460 isoform X2 [Vitis vinifera],-0.559,-0.658
XP_010661255.1,False,96.535,1.3477,False,NBS_LRR,94.61,1.1268,False,NBS_LRR,95.873,1.2131,False,NBS_LRR,XP_010661255.1 probable disease resistance protein At4g27220 isoform X5 [Vitis vinifera],-1.925,-0.662
XP_010661306.1,False,72.135,0.4358,False,NBS_LRR,65.793,0.3384,False,NBS_LRR,71.461,0.4216,False,NBS_LRR,XP_010661306.1 putative acyl-activating enzyme 19 isoform X3 [Vitis vinifera],-6.342,-0.674
XP_019078930.2,False,93.06,1.0555,False,NBS_LRR,93.087,1.0259,False,NBS_LRR,92.378,0.9871,False,NBS_LRR,XP_019078930.2 receptor-like protein 7 [Vitis vinifera],0.027,-0.682
XP_019077511.1,False,93.909,1.05,False,NBS_LRR,93.254,1.0166,False,NBS_LRR,93.22,1.0189,False,NBS_LRR,XP_019077511.1 receptor-like protein EIX2 [Vitis vinifera],-0.655,-0.689
XP_019079975.1,False,96.787,1.3757,False,NBS_LRR,95.724,1.2086,False,NBS_LRR,96.078,1.2278,False,NBS_LRR,XP_019079975.1 putative disease resistance RPP13-like protein 1 [Vitis vinifera],-1.063,-0.709
XP_019079976.1,False,96.787,1.3757,False,NBS_LRR,95.724,1.2086,False,NBS_LRR,96.078,1.2278,False,NBS_LRR,XP_019079976.1 putative disease resistance RPP13-like protein 1 [Vitis vinifera],-1.063,-0.709
XP_010662607.1,False,92.644,1.0256,False,NBS_LRR,92.011,0.9643,False,NBS_LRR,91.923,0.9597,False,NBS_LRR,XP_010662607.1 uncharacterized protein LOC100244982 [Vitis vinifera],-0.633,-0.721
XP_019073264.1,False,91.198,0.9373,False,NBS_LRR,91.19,0.9142,False,NBS_LRR,90.467,0.8651,False,NBS_LRR,XP_019073264.1 putative disease resistance RPP13-like protein 1 [Vitis vinifera],-0.008,-0.731
XP_019073265.1,False,91.198,0.9373,False,NBS_LRR,91.19,0.9142,False,NBS_LRR,90.467,0.8651,False,NBS_LRR,XP_019073265.1 putative disease resistance RPP13-like protein 1 [Vitis vinifera],-0.008,-0.731
XP_010653773.1,False,77.592,0.5456,False,cell_death_HR,77.301,0.5125,False,NBS_LRR,76.831,0.5362,False,cell_death_HR,XP_010653773.1 uncharacterized protein LOC100265754 isoform X2 [Vitis vinifera],-0.291,-0.761
XP_059599283.1,False,96.493,1.3408,False,NBS_LRR,96.724,1.3038,False,NBS_LRR,95.725,1.2049,False,NBS_LRR,XP_059599283.1 probable disease resistance protein At4g27220 isoform X3 [Vitis vinifera],0.231,-0.768
XP_019073663.2,False,59.872,0.3266,False,RLK_defense,54.713,0.2682,False,cell_death_HR,59.099,0.3159,False,RLK_defense,XP_019073663.2 LOW QUALITY PROTEIN: retrovirus-related Pol polyprotein from transposon RE2 [Vitis vinifera],-5.159,-0.773
XP_019079960.1,False,96.741,1.3709,False,NBS_LRR,96.769,1.3116,False,NBS_LRR,95.956,1.2184,False,NBS_LRR,XP_019079960.1 putative disease resistance RPP13-like protein 1 [Vitis vinifera],0.028,-0.785
XP_002278218.1,False,84.082,0.6393,False,NBS_LRR,82.324,0.5895,False,NBS_LRR,83.24,0.5931,False,RLK_defense,"XP_002278218.1 pentatricopeptide repeat-containing protein At3g09040, mitochondrial [Vitis vinifera]",-1.758,-0.842
XP_010662608.1,False,90.394,0.8925,False,cell_death_HR,89.181,0.851,False,cell_death_HR,89.55,0.8854,False,cell_death_HR,XP_010662608.1 uncharacterized protein LOC100267290 [Vitis vinifera],-1.213,-0.844
XP_059598256.1,False,96.708,1.3666,False,NBS_LRR,94.496,1.1195,False,NBS_LRR,95.837,1.2121,False,NBS_LRR,XP_059598256.1 putative disease resistance RPP13-like protein 1 [Vitis vinifera],-2.212,-0.871
XP_059598257.1,False,96.708,1.3666,False,NBS_LRR,94.496,1.1195,False,NBS_LRR,95.837,1.2121,False,NBS_LRR,XP_059598257.1 putative disease resistance RPP13-like protein 1 [Vitis vinifera],-2.212,-0.871
XP_059598262.1,False,96.708,1.3666,False,NBS_LRR,94.496,1.1195,False,NBS_LRR,95.837,1.2121,False,NBS_LRR,XP_059598262.1 putative disease resistance RPP13-like protein 1 [Vitis vinifera],-2.212,-0.871
XP_059598261.1,False,96.708,1.3666,False,NBS_LRR,94.496,1.1195,False,NBS_LRR,95.837,1.2121,False,NBS_LRR,XP_059598261.1 putative disease resistance RPP13-like protein 1 [Vitis vinifera],-2.212,-0.871
XP_059598263.1,False,96.708,1.3666,False,NBS_LRR,94.496,1.1195,False,NBS_LRR,95.837,1.2121,False,NBS_LRR,XP_059598263.1 putative disease resistance RPP13-like protein 1 [Vitis vinifera],-2.212,-0.871
XP_059598260.1,False,96.708,1.3666,False,NBS_LRR,94.496,1.1195,False,NBS_LRR,95.837,1.2121,False,NBS_LRR,XP_059598260.1 putative disease resistance RPP13-like protein 1 [Vitis vinifera],-2.212,-0.871
XP_059598259.1,False,96.708,1.3666,False,NBS_LRR,94.496,1.1195,False,NBS_LRR,95.837,1.2121,False,NBS_LRR,XP_059598259.1 putative disease resistance RPP13-like protein 1 [Vitis vinifera],-2.212,-0.871
XP_059598258.1,False,96.708,1.3666,False,NBS_LRR,94.496,1.1195,False,NBS_LRR,95.837,1.2121,False,NBS_LRR,XP_059598258.1 putative disease resistance RPP13-like protein 1 [Vitis vinifera],-2.212,-0.871
XP_010655112.1,False,93.439,1.0377,False,NBS_LRR,92.563,0.9941,False,NBS_LRR,92.563,0.9942,False,NBS_LRR,XP_010655112.1 receptor-like protein EIX2 isoform X1 [Vitis vinifera],-0.876,-0.876
XP_059596550.1,False,64.868,0.3257,False,NBS_LRR,63.876,0.3112,False,NBS_LRR,63.982,0.3135,False,NBS_LRR,XP_059596550.1 uncharacterized protein LOC132254624 [Vitis vinifera],-0.992,-0.886
XP_019073357.1,False,96.721,1.3675,False,NBS_LRR,95.977,1.2263,False,NBS_LRR,95.822,1.2118,False,NBS_LRR,XP_019073357.1 putative disease resistance RPP13-like protein 1 [Vitis vinifera],-0.744,-0.899
XP_019073358.1,False,96.721,1.3675,False,NBS_LRR,95.977,1.2263,False,NBS_LRR,95.822,1.2118,False,NBS_LRR,XP_019073358.1 putative disease resistance RPP13-like protein 1 [Vitis vinifera],-0.744,-0.899
XP_059597768.1,False,96.668,1.3603,False,NBS_LRR,96.611,1.2898,False,NBS_LRR,95.764,1.2077,False,NBS_LRR,XP_059597768.1 putative disease resistance RPP13-like protein 1 [Vitis vinifera],-0.057,-0.904
XP_019079745.1,False,96.668,1.3603,False,NBS_LRR,96.611,1.2898,False,NBS_LRR,95.764,1.2077,False,NBS_LRR,XP_019079745.1 putative disease resistance RPP13-like protein 1 [Vitis vinifera],-0.057,-0.904
XP_059597767.1,False,96.668,1.3603,False,NBS_LRR,96.611,1.2898,False,NBS_LRR,95.764,1.2077,False,NBS_LRR,XP_059597767.1 putative disease resistance RPP13-like protein 1 [Vitis vinifera],-0.057,-0.904
XP_019079744.1,False,96.668,1.3603,False,NBS_LRR,96.611,1.2898,False,NBS_LRR,95.764,1.2077,False,NBS_LRR,XP_019079744.1 putative disease resistance RPP13-like protein 1 [Vitis vinifera],-0.057,-0.904
XP_059597766.1,False,96.668,1.3603,False,NBS_LRR,96.611,1.2898,False,NBS_LRR,95.764,1.2077,False,NBS_LRR,XP_059597766.1 putative disease resistance RPP13-like protein 1 [Vitis vinifera],-0.057,-0.904
XP_019079743.1,False,96.668,1.3603,False,NBS_LRR,96.611,1.2898,False,NBS_LRR,95.764,1.2077,False,NBS_LRR,XP_019079743.1 putative disease resistance RPP13-like protein 1 [Vitis vinifera],-0.057,-0.904
XP_019079736.1,False,96.668,1.3603,False,NBS_LRR,96.611,1.2898,False,NBS_LRR,95.764,1.2077,False,NBS_LRR,XP_019079736.1 putative disease resistance RPP13-like protein 1 [Vitis vinifera],-0.057,-0.904
XP_019079742.1,False,96.668,1.3603,False,NBS_LRR,96.611,1.2898,False,NBS_LRR,95.764,1.2077,False,NBS_LRR,XP_019079742.1 putative disease resistance RPP13-like protein 1 [Vitis vinifera],-0.057,-0.904
XP_059597765.1,False,96.668,1.3603,False,NBS_LRR,96.611,1.2898,False,NBS_LRR,95.764,1.2077,False,NBS_LRR,XP_059597765.1 putative disease resistance RPP13-like protein 1 [Vitis vinifera],-0.057,-0.904
XP_059597764.1,False,96.668,1.3603,False,NBS_LRR,96.611,1.2898,False,NBS_LRR,95.764,1.2077,False,NBS_LRR,XP_059597764.1 putative disease resistance RPP13-like protein 1 [Vitis vinifera],-0.057,-0.904
XP_059597763.1,False,96.668,1.3603,False,NBS_LRR,96.611,1.2898,False,NBS_LRR,95.764,1.2077,False,NBS_LRR,XP_059597763.1 putative disease resistance RPP13-like protein 1 [Vitis vinifera],-0.057,-0.904
XP_019079739.1,False,96.668,1.3603,False,NBS_LRR,96.611,1.2898,False,NBS_LRR,95.764,1.2077,False,NBS_LRR,XP_019079739.1 putative disease resistance RPP13-like protein 1 [Vitis vinifera],-0.057,-0.904
XP_019079738.1,False,96.668,1.3603,False,NBS_LRR,96.611,1.2898,False,NBS_LRR,95.764,1.2077,False,NBS_LRR,XP_019079738.1 putative disease resistance RPP13-like protein 1 [Vitis vinifera],-0.057,-0.904
XP_010659468.1,False,96.668,1.3603,False,NBS_LRR,96.611,1.2898,False,NBS_LRR,95.764,1.2077,False,NBS_LRR,XP_010659468.1 putative disease resistance RPP13-like protein 1 [Vitis vinifera],-0.057,-0.904
XP_010659470.1,False,96.668,1.3603,False,NBS_LRR,96.611,1.2898,False,NBS_LRR,95.764,1.2077,False,NBS_LRR,XP_010659470.1 putative disease resistance RPP13-like protein 1 [Vitis vinifera],-0.057,-0.904
XP_059597762.1,False,96.668,1.3603,False,NBS_LRR,96.611,1.2898,False,NBS_LRR,95.764,1.2077,False,NBS_LRR,XP_059597762.1 putative disease resistance RPP13-like protein 1 [Vitis vinifera],-0.057,-0.904
XP_010659471.1,False,96.668,1.3603,False,NBS_LRR,96.611,1.2898,False,NBS_LRR,95.764,1.2077,False,NBS_LRR,XP_010659471.1 putative disease resistance RPP13-like protein 1 [Vitis vinifera],-0.057,-0.904
XP_010659475.1,False,96.668,1.3603,False,NBS_LRR,96.611,1.2898,False,NBS_LRR,95.764,1.2077,False,NBS_LRR,XP_010659475.1 putative disease resistance RPP13-like protein 1 [Vitis vinifera],-0.057,-0.904
XP_019079746.1,False,96.668,1.3603,False,NBS_LRR,96.611,1.2898,False,NBS_LRR,95.764,1.2077,False,NBS_LRR,XP_019079746.1 putative disease resistance RPP13-like protein 1 [Vitis vinifera],-0.057,-0.904
XP_010655308.1,False,93.643,1.0346,False,NBS_LRR,92.809,1.0005,False,NBS_LRR,92.73,0.9996,False,NBS_LRR,XP_010655308.1 receptor-like protein EIX2 [Vitis vinifera],-0.834,-0.913
XP_059597566.1,False,96.627,1.3559,False,NBS_LRR,93.829,1.0742,False,NBS_LRR,95.712,1.2036,False,NBS_LRR,XP_059597566.1 putative disease resistance RPP13-like protein 1 isoform X1 [Vitis vinifera],-2.798,-0.915
XP_059597564.1,False,96.627,1.3559,False,NBS_LRR,93.829,1.0742,False,NBS_LRR,95.712,1.2036,False,NBS_LRR,XP_059597564.1 putative disease resistance RPP13-like protein 1 isoform X1 [Vitis vinifera],-2.798,-0.915
XP_059598558.1,False,87.926,0.7878,False,NBS_LRR,92.043,0.9661,False,NBS_LRR,86.993,0.7295,False,NBS_LRR,XP_059598558.1 uncharacterized protein LOC100246093 [Vitis vinifera],4.117,-0.933
XP_010661252.1,False,96.33,1.3155,False,NBS_LRR,96.781,1.3152,False,NBS_LRR,95.382,1.1794,False,NBS_LRR,XP_010661252.1 probable disease resistance protein At4g27220 isoform X2 [Vitis vinifera],0.451,-0.948
XP_010661250.1,False,96.33,1.3155,False,NBS_LRR,96.471,1.2745,False,NBS_LRR,95.382,1.1794,False,NBS_LRR,XP_010661250.1 probable disease resistance protein At4g27220 isoform X1 [Vitis vinifera],0.141,-0.948
XP_019073356.1,False,96.547,1.3509,False,NBS_LRR,94.802,1.1411,False,NBS_LRR,95.582,1.1983,False,NBS_LRR,XP_019073356.1 putative disease resistance RPP13-like protein 1 [Vitis vinifera],-1.745,-0.965
XP_059593069.1,False,55.742,0.2468,False,RLK_defense,54.514,0.2583,False,RLK_defense,54.728,0.2579,False,antimicrobial,XP_059593069.1 uncharacterized protein LOC109122606 [Vitis vinifera],-1.228,-1.014
XP_059598080.1,False,6.646,-1.1214,False,NBS_LRR,5.241,-1.2776,False,NBS_LRR,5.608,-1.2194,False,NBS_LRR,XP_059598080.1 uncharacterized protein LOC100264615 isoform X1 [Vitis vinifera],-1.405,-1.038
XP_059598081.1,False,6.646,-1.1214,False,NBS_LRR,5.241,-1.2776,False,NBS_LRR,5.608,-1.2194,False,NBS_LRR,XP_059598081.1 uncharacterized protein LOC100264615 isoform X1 [Vitis vinifera],-1.405,-1.038
XP_059596429.1,False,62.943,0.298,False,NBS_LRR,60.415,0.2948,False,RLK_defense,61.786,0.2841,False,NBS_LRR,"XP_059596429.1 uncharacterized protein LOC132254561, partial [Vitis vinifera]",-2.528,-1.157
XP_059598281.1,False,96.406,1.328,False,NBS_LRR,93.528,1.0533,False,NBS_LRR,95.19,1.169,False,NBS_LRR,XP_059598281.1 putative disease resistance RPP13-like protein 1 [Vitis vinifera],-2.878,-1.216
XP_059598280.1,False,96.406,1.328,False,NBS_LRR,93.528,1.0533,False,NBS_LRR,95.19,1.169,False,NBS_LRR,XP_059598280.1 putative disease resistance RPP13-like protein 1 [Vitis vinifera],-2.878,-1.216
XP_059597552.1,False,96.276,1.3103,False,NBS_LRR,96.18,1.2496,False,NBS_LRR,94.977,1.1542,False,NBS_LRR,XP_059597552.1 putative disease resistance RPP13-like protein 1 [Vitis vinifera],-0.096,-1.299
XP_019080165.1,False,96.276,1.3103,False,NBS_LRR,96.18,1.2496,False,NBS_LRR,94.977,1.1542,False,NBS_LRR,XP_019080165.1 putative disease resistance RPP13-like protein 1 [Vitis vinifera],-0.096,-1.299
XP_002270668.2,False,96.276,1.3103,False,NBS_LRR,96.18,1.2496,False,NBS_LRR,94.977,1.1542,False,NBS_LRR,XP_002270668.2 putative disease resistance RPP13-like protein 1 [Vitis vinifera],-0.096,-1.299
XP_019080164.1,False,96.276,1.3103,False,NBS_LRR,96.18,1.2496,False,NBS_LRR,94.977,1.1542,False,NBS_LRR,XP_019080164.1 putative disease resistance RPP13-like protein 1 [Vitis vinifera],-0.096,-1.299
XP_019080158.1,False,96.276,1.3103,False,NBS_LRR,96.18,1.2496,False,NBS_LRR,94.977,1.1542,False,NBS_LRR,XP_019080158.1 putative disease resistance RPP13-like protein 1 [Vitis vinifera],-0.096,-1.299
XP_059597553.1,False,96.276,1.3103,False,NBS_LRR,96.18,1.2496,False,NBS_LRR,94.977,1.1542,False,NBS_LRR,XP_059597553.1 putative disease resistance RPP13-like protein 1 [Vitis vinifera],-0.096,-1.299
XP_010658933.1,False,96.276,1.3103,False,NBS_LRR,96.18,1.2496,False,NBS_LRR,94.977,1.1542,False,NBS_LRR,XP_010658933.1 putative disease resistance RPP13-like protein 1 [Vitis vinifera],-0.096,-1.299
XP_019080159.1,False,96.276,1.3103,False,NBS_LRR,96.18,1.2496,False,NBS_LRR,94.977,1.1542,False,NBS_LRR,XP_019080159.1 putative disease resistance RPP13-like protein 1 [Vitis vinifera],-0.096,-1.299
XP_019080162.1,False,96.276,1.3103,False,NBS_LRR,96.18,1.2496,False,NBS_LRR,94.977,1.1542,False,NBS_LRR,XP_019080162.1 putative disease resistance RPP13-like protein 1 [Vitis vinifera],-0.096,-1.299
XP_019080166.1,False,96.276,1.3103,False,NBS_LRR,96.18,1.2496,False,NBS_LRR,94.977,1.1542,False,NBS_LRR,XP_019080166.1 putative disease resistance RPP13-like protein 1 [Vitis vinifera],-0.096,-1.299
XP_019080160.1,False,96.276,1.3103,False,NBS_LRR,96.18,1.2496,False,NBS_LRR,94.977,1.1542,False,NBS_LRR,XP_019080160.1 putative disease resistance RPP13-like protein 1 [Vitis vinifera],-0.096,-1.299
XP_019073364.1,False,96.038,1.2902,False,NBS_LRR,93.773,1.0709,False,NBS_LRR,94.716,1.1352,False,NBS_LRR,XP_019073364.1 putative disease resistance RPP13-like protein 1 [Vitis vinifera],-2.265,-1.322
XP_059598060.1,False,96.217,1.3044,False,NBS_LRR,94.256,1.105,False,NBS_LRR,94.866,1.1464,False,NBS_LRR,XP_059598060.1 putative disease resistance RPP13-like protein 1 [Vitis vinifera],-1.961,-1.351
XP_059597770.1,False,96.113,1.2928,False,NBS_LRR,95.118,1.1641,False,NBS_LRR,94.744,1.1365,False,NBS_LRR,XP_059597770.1 putative disease resistance RPP13-like protein 1 [Vitis vinifera],-0.995,-1.369
XP_019079747.1,False,96.113,1.2928,False,NBS_LRR,95.118,1.1641,False,NBS_LRR,94.744,1.1365,False,NBS_LRR,XP_019079747.1 putative disease resistance RPP13-like protein 1 [Vitis vinifera],-0.995,-1.369
XP_059597774.1,False,96.113,1.2928,False,NBS_LRR,95.118,1.1641,False,NBS_LRR,94.744,1.1365,False,NBS_LRR,XP_059597774.1 putative disease resistance RPP13-like protein 1 [Vitis vinifera],-0.995,-1.369
XP_059597773.1,False,96.113,1.2928,False,NBS_LRR,95.118,1.1641,False,NBS_LRR,94.744,1.1365,False,NBS_LRR,XP_059597773.1 putative disease resistance RPP13-like protein 1 [Vitis vinifera],-0.995,-1.369
XP_059597772.1,False,96.113,1.2928,False,NBS_LRR,95.118,1.1641,False,NBS_LRR,94.744,1.1365,False,NBS_LRR,XP_059597772.1 putative disease resistance RPP13-like protein 1 [Vitis vinifera],-0.995,-1.369
XP_059597771.1,False,96.113,1.2928,False,NBS_LRR,95.118,1.1641,False,NBS_LRR,94.744,1.1365,False,NBS_LRR,XP_059597771.1 putative disease resistance RPP13-like protein 1 [Vitis vinifera],-0.995,-1.369
XP_059597777.1,False,96.113,1.2928,False,NBS_LRR,95.118,1.1641,False,NBS_LRR,94.744,1.1365,False,NBS_LRR,XP_059597777.1 putative disease resistance RPP13-like protein 1 [Vitis vinifera],-0.995,-1.369
XP_059597779.1,False,96.113,1.2928,False,NBS_LRR,95.118,1.1641,False,NBS_LRR,94.744,1.1365,False,NBS_LRR,XP_059597779.1 putative disease resistance RPP13-like protein 1 [Vitis vinifera],-0.995,-1.369
XP_059597778.1,False,96.113,1.2928,False,NBS_LRR,95.118,1.1641,False,NBS_LRR,94.744,1.1365,False,NBS_LRR,XP_059597778.1 putative disease resistance RPP13-like protein 1 [Vitis vinifera],-0.995,-1.369
XP_059597776.1,False,96.113,1.2928,False,NBS_LRR,95.118,1.1641,False,NBS_LRR,94.744,1.1365,False,NBS_LRR,XP_059597776.1 putative disease resistance RPP13-like protein 1 [Vitis vinifera],-0.995,-1.369
XP_059597780.1,False,96.113,1.2928,False,NBS_LRR,95.118,1.1641,False,NBS_LRR,94.744,1.1365,False,NBS_LRR,XP_059597780.1 putative disease resistance RPP13-like protein 1 [Vitis vinifera],-0.995,-1.369
XP_059597775.1,False,96.113,1.2928,False,NBS_LRR,95.118,1.1641,False,NBS_LRR,94.744,1.1365,False,NBS_LRR,XP_059597775.1 putative disease resistance RPP13-like protein 1 [Vitis vinifera],-0.995,-1.369
XP_059597573.1,False,96.07,1.2911,False,NBS_LRR,92.241,0.9764,False,NBS_LRR,94.686,1.135,False,NBS_LRR,XP_059597573.1 putative disease resistance RPP13-like protein 1 [Vitis vinifera],-3.829,-1.384
XP_059597589.1,False,96.07,1.2911,False,NBS_LRR,92.241,0.9764,False,NBS_LRR,94.686,1.135,False,NBS_LRR,XP_059597589.1 putative disease resistance RPP13-like protein 1 [Vitis vinifera],-3.829,-1.384
XP_059597588.1,False,96.07,1.2911,False,NBS_LRR,92.241,0.9764,False,NBS_LRR,94.686,1.135,False,NBS_LRR,XP_059597588.1 putative disease resistance RPP13-like protein 1 [Vitis vinifera],-3.829,-1.384
XP_059597587.1,False,96.07,1.2911,False,NBS_LRR,92.241,0.9764,False,NBS_LRR,94.686,1.135,False,NBS_LRR,XP_059597587.1 putative disease resistance RPP13-like protein 1 [Vitis vinifera],-3.829,-1.384
XP_059597590.1,False,96.07,1.2911,False,NBS_LRR,92.241,0.9764,False,NBS_LRR,94.686,1.135,False,NBS_LRR,XP_059597590.1 putative disease resistance RPP13-like protein 1 [Vitis vinifera],-3.829,-1.384
XP_059597576.1,False,96.07,1.2911,False,NBS_LRR,92.241,0.9764,False,NBS_LRR,94.686,1.135,False,NBS_LRR,XP_059597576.1 putative disease resistance RPP13-like protein 1 [Vitis vinifera],-3.829,-1.384
XP_059597586.1,False,96.07,1.2911,False,NBS_LRR,92.241,0.9764,False,NBS_LRR,94.686,1.135,False,NBS_LRR,XP_059597586.1 putative disease resistance RPP13-like protein 1 [Vitis vinifera],-3.829,-1.384
XP_059597572.1,False,96.07,1.2911,False,NBS_LRR,92.241,0.9764,False,NBS_LRR,94.686,1.135,False,NBS_LRR,XP_059597572.1 putative disease resistance RPP13-like protein 1 [Vitis vinifera],-3.829,-1.384
XP_059597585.1,False,96.07,1.2911,False,NBS_LRR,92.241,0.9764,False,NBS_LRR,94.686,1.135,False,NBS_LRR,XP_059597585.1 putative disease resistance RPP13-like protein 1 [Vitis vinifera],-3.829,-1.384
XP_059597584.1,False,96.07,1.2911,False,NBS_LRR,92.241,0.9764,False,NBS_LRR,94.686,1.135,False,NBS_LRR,XP_059597584.1 putative disease resistance RPP13-like protein 1 [Vitis vinifera],-3.829,-1.384
XP_059597583.1,False,96.07,1.2911,False,NBS_LRR,92.265,0.9764,False,NBS_LRR,94.686,1.135,False,NBS_LRR,XP_059597583.1 putative disease resistance RPP13-like protein 1 [Vitis vinifera],-3.805,-1.384
XP_059597582.1,False,96.07,1.2911,False,NBS_LRR,92.241,0.9764,False,NBS_LRR,94.686,1.135,False,NBS_LRR,XP_059597582.1 putative disease resistance RPP13-like protein 1 [Vitis vinifera],-3.829,-1.384
XP_059597581.1,False,96.07,1.2911,False,NBS_LRR,92.241,0.9764,False,NBS_LRR,94.686,1.135,False,NBS_LRR,XP_059597581.1 putative disease resistance RPP13-like protein 1 [Vitis vinifera],-3.829,-1.384
XP_059597580.1,False,96.07,1.2911,False,NBS_LRR,92.241,0.9764,False,NBS_LRR,94.686,1.135,False,NBS_LRR,XP_059597580.1 putative disease resistance RPP13-like protein 1 [Vitis vinifera],-3.829,-1.384
XP_059597578.1,False,96.07,1.2911,False,NBS_LRR,92.241,0.9764,False,NBS_LRR,94.686,1.135,False,NBS_LRR,XP_059597578.1 putative disease resistance RPP13-like protein 1 [Vitis vinifera],-3.829,-1.384
XP_059597577.1,False,96.07,1.2911,False,NBS_LRR,92.241,0.9764,False,NBS_LRR,94.686,1.135,False,NBS_LRR,XP_059597577.1 putative disease resistance RPP13-like protein 1 [Vitis vinifera],-3.829,-1.384
XP_059597574.1,False,96.07,1.2911,False,NBS_LRR,92.241,0.9764,False,NBS_LRR,94.686,1.135,False,NBS_LRR,XP_059597574.1 putative disease resistance RPP13-like protein 1 [Vitis vinifera],-3.829,-1.384
XP_059597575.1,False,96.07,1.2911,False,NBS_LRR,92.241,0.9764,False,NBS_LRR,94.686,1.135,False,NBS_LRR,XP_059597575.1 putative disease resistance RPP13-like protein 1 [Vitis vinifera],-3.829,-1.384
XP_059597579.1,False,96.07,1.2911,False,NBS_LRR,92.241,0.9764,False,NBS_LRR,94.686,1.135,False,NBS_LRR,XP_059597579.1 putative disease resistance RPP13-like protein 1 [Vitis vinifera],-3.829,-1.384
XP_010661259.2,False,52.66,0.1998,False,RLK_defense,50.416,0.1871,False,cell_death_HR,51.26,0.2007,False,cell_death_HR,XP_010661259.2 retrovirus-related Pol polyprotein from transposon TNT 1-94 [Vitis vinifera],-2.244,-1.4
XP_059598504.1,False,88.315,0.8022,False,NBS_LRR,89.804,0.8368,False,NBS_LRR,86.806,0.7233,False,NBS_LRR,XP_059598504.1 probable disease resistance protein At4g27220 isoform X2 [Vitis vinifera],1.489,-1.509
XP_019081229.1,False,50.935,0.1331,False,NBS_LRR,46.845,0.0851,False,NBS_LRR,49.387,0.1184,False,NBS_LRR,XP_019081229.1 putative acyl-activating enzyme 19 isoform X6 [Vitis vinifera],-4.09,-1.548
XP_019081228.1,False,50.662,0.1294,False,NBS_LRR,49.237,0.1172,False,NBS_LRR,49.114,0.1149,False,NBS_LRR,XP_019081228.1 putative acyl-activating enzyme 19 isoform X5 [Vitis vinifera],-1.425,-1.548
XP_003632604.1,False,80.779,0.5936,False,NBS_LRR,78.8,0.538,False,NBS_LRR,79.204,0.5462,False,NBS_LRR,XP_003632604.1 receptor-like protein 32 [Vitis vinifera],-1.979,-1.575
XP_059594913.1,False,85.913,0.7227,False,NBS_LRR,84.52,0.6603,False,NBS_LRR,84.308,0.654,False,NBS_LRR,XP_059594913.1 receptor like protein 22 [Vitis vinifera],-1.393,-1.605
XP_059597976.1,False,95.339,1.2185,False,NBS_LRR,94.679,1.1317,False,NBS_LRR,93.712,1.0699,False,NBS_LRR,XP_059597976.1 putative disease resistance RPP13-like protein 1 [Vitis vinifera],-0.66,-1.627
XP_059598979.1,False,62.31,0.2898,False,NBS_LRR,54.211,0.1832,False,NBS_LRR,60.642,0.2699,False,NBS_LRR,XP_059598979.1 putative acyl-activating enzyme 19 isoform X4 [Vitis vinifera],-8.099,-1.668
XP_059597781.1,False,95.771,1.2575,False,NBS_LRR,94.867,1.1466,False,NBS_LRR,94.085,1.0975,False,NBS_LRR,XP_059597781.1 putative disease resistance RPP13-like protein 1 [Vitis vinifera],-0.904,-1.686
XP_059597782.1,False,95.771,1.2575,False,NBS_LRR,94.867,1.1466,False,NBS_LRR,94.085,1.0975,False,NBS_LRR,XP_059597782.1 putative disease resistance RPP13-like protein 1 [Vitis vinifera],-0.904,-1.686
XP_059598057.1,False,95.6,1.2403,False,NBS_LRR,93.889,1.0781,False,NBS_LRR,93.877,1.0838,False,NBS_LRR,XP_059598057.1 putative disease resistance RPP13-like protein 1 [Vitis vinifera],-1.711,-1.723
XP_059597646.1,False,95.576,1.2378,False,NBS_LRR,93.96,1.0854,False,NBS_LRR,93.848,1.0814,False,NBS_LRR,XP_059597646.1 putative disease resistance RPP13-like protein 1 isoform X1 [Vitis vinifera],-1.616,-1.728
XP_059597647.1,False,95.576,1.2378,False,NBS_LRR,93.717,1.0666,False,NBS_LRR,93.848,1.0814,False,NBS_LRR,XP_059597647.1 putative disease resistance RPP13-like protein 1 isoform X3 [Vitis vinifera],-1.859,-1.728
XP_019078833.1,False,95.414,1.2248,False,NBS_LRR,94.045,1.0917,False,NBS_LRR,93.684,1.0687,False,NBS_LRR,XP_019078833.1 putative disease resistance RPP13-like protein 1 [Vitis vinifera],-1.369,-1.73
XP_003633380.1,False,95.414,1.2248,False,NBS_LRR,94.045,1.0917,False,NBS_LRR,93.684,1.0687,False,NBS_LRR,XP_003633380.1 putative disease resistance RPP13-like protein 1 [Vitis vinifera],-1.369,-1.73
XP_010651605.1,False,94.949,1.1909,False,NBS_LRR,93.191,1.0298,False,NBS_LRR,93.14,1.0315,False,NBS_LRR,XP_010651605.1 putative disease resistance RPP13-like protein 1 [Vitis vinifera],-1.758,-1.809
XP_003632256.1,False,94.949,1.1909,False,NBS_LRR,93.191,1.0298,False,NBS_LRR,93.14,1.0315,False,NBS_LRR,XP_003632256.1 putative disease resistance RPP13-like protein 1 [Vitis vinifera],-1.758,-1.809
XP_002270356.4,False,86.055,0.7275,False,NBS_LRR,84.379,0.6566,False,NBS_LRR,84.214,0.6522,False,NBS_LRR,XP_002270356.4 receptor-like protein 33 [Vitis vinifera],-1.676,-1.841
XP_019073340.2,False,94.814,1.1798,False,NBS_LRR,92.974,1.02,False,NBS_LRR,92.873,1.0178,False,NBS_LRR,XP_019073340.2 putative disease resistance RPP13-like protein 1 isoform X2 [Vitis vinifera],-1.84,-1.941
XP_059597787.1,False,94.805,1.1792,False,NBS_LRR,92.996,1.021,False,NBS_LRR,92.846,1.0162,False,NBS_LRR,XP_059597787.1 putative disease resistance RPP13-like protein 1 [Vitis vinifera],-1.809,-1.959
XP_059598495.1,False,66.529,0.3508,False,NBS_LRR,61.013,0.3316,False,RLK_defense,64.533,0.3221,False,NBS_LRR,XP_059598495.1 retrovirus-related Pol polyprotein from transposon TNT 1-94 [Vitis vinifera],-5.516,-1.996
XP_059598496.1,False,66.529,0.3508,False,NBS_LRR,61.013,0.3316,False,RLK_defense,64.533,0.3221,False,NBS_LRR,XP_059598496.1 retrovirus-related Pol polyprotein from transposon TNT 1-94 [Vitis vinifera],-5.516,-1.996
XP_059598497.1,False,66.529,0.3508,False,NBS_LRR,61.013,0.3316,False,RLK_defense,64.533,0.3221,False,NBS_LRR,XP_059598497.1 retrovirus-related Pol polyprotein from transposon TNT 1-94 [Vitis vinifera],-5.516,-1.996
XP_059598494.1,False,66.529,0.3508,False,NBS_LRR,61.013,0.3316,False,RLK_defense,64.533,0.3221,False,NBS_LRR,XP_059598494.1 retrovirus-related Pol polyprotein from transposon TNT 1-94 [Vitis vinifera],-5.516,-1.996
XP_019080605.2,False,66.529,0.3508,False,NBS_LRR,61.013,0.3316,False,RLK_defense,64.533,0.3221,False,NBS_LRR,XP_019080605.2 retrovirus-related Pol polyprotein from transposon TNT 1-94 [Vitis vinifera],-5.516,-1.996
XP_003632603.2,False,82.932,0.6406,False,NBS_LRR,80.993,0.5822,False,NBS_LRR,80.912,0.5799,False,NBS_LRR,XP_003632603.2 receptor-like protein 34 [Vitis vinifera],-1.939,-2.02
XP_019080606.1,False,92.272,1.0047,False,NBS_LRR,91.982,0.9627,False,NBS_LRR,90.17,0.8519,False,NBS_LRR,XP_019080606.1 probable disease resistance protein At4g27220 [Vitis vinifera],-0.29,-2.102
XP_059595361.1,False,87.062,0.8041,False,cell_death_HR,82.012,0.7475,False,cell_death_HR,84.931,0.7964,False,cell_death_HR,XP_059595361.1 putative pentatricopeptide repeat-containing protein At5g52630 [Vitis vinifera],-5.05,-2.131
XP_010661305.1,False,53.821,0.1725,False,NBS_LRR,48.339,0.1059,False,NBS_LRR,51.638,0.1492,False,NBS_LRR,XP_010661305.1 putative acyl-activating enzyme 19 isoform X2 [Vitis vinifera],-5.482,-2.183
XP_002265371.1,False,53.821,0.1725,False,NBS_LRR,43.133,0.0353,False,NBS_LRR,51.638,0.1492,False,NBS_LRR,XP_002265371.1 putative acyl-activating enzyme 19 isoform X1 [Vitis vinifera],-10.688,-2.183
XP_059599034.1,False,66.44,0.4103,False,cell_death_HR,63.388,0.4023,False,cell_death_HR,63.194,0.3999,False,cell_death_HR,XP_059599034.1 retrovirus-related Pol polyprotein from transposon RE1 [Vitis vinifera],-3.052,-3.246
XP_019080628.1,False,53.14,0.1628,False,NBS_LRR,41.051,0.0038,False,NBS_LRR,41.288,0.0062,False,NBS_LRR,XP_019080628.1 probable disease resistance protein At4g27220 isoform X1 [Vitis vinifera],-12.089,-11.852
