protein_id,is_curated_GO,pctl_truncated,z_truncated,moderate_truncated,category_truncated,pctl_windowed_mean,z_windowed_mean,moderate_windowed_mean,category_windowed_mean,pctl_windowed_max,z_windowed_max,moderate_windowed_max,category_windowed_max,description,pctl_delta_mean,pctl_delta_max
NP_176917.2,False,21.155,-0.3744,False,defense_signaling,78.47,0.6099,False,defense_signaling,98.626,1.3737,False,cell_death_HR,NP_176917.2 recovery protein 3 [Arabidopsis thaliana],57.315,77.471
NP_001320391.1,False,24.55,-0.2498,False,defense_signaling,80.451,0.6322,False,defense_signaling,98.626,1.3737,False,cell_death_HR,NP_001320391.1 recovery protein 3 [Arabidopsis thaliana],55.901,74.076
NP_001320393.1,False,24.675,-0.2458,False,defense_signaling,80.574,0.6337,False,defense_signaling,98.626,1.3737,False,cell_death_HR,NP_001320393.1 recovery protein 3 [Arabidopsis thaliana],55.899,73.951
NP_001320390.1,False,24.675,-0.2458,False,defense_signaling,80.574,0.6337,False,defense_signaling,98.626,1.3737,False,cell_death_HR,NP_001320390.1 recovery protein 3 [Arabidopsis thaliana],55.899,73.951
NP_001320392.1,False,24.966,-0.2361,False,defense_signaling,80.079,0.6282,False,defense_signaling,98.626,1.3737,False,cell_death_HR,NP_001320392.1 recovery protein 3 [Arabidopsis thaliana],55.113,73.66
NP_001319333.1,False,24.966,-0.2361,False,defense_signaling,80.079,0.6282,False,defense_signaling,98.626,1.3737,False,cell_death_HR,NP_001319333.1 recovery protein 3 [Arabidopsis thaliana],55.113,73.66
NP_177854.6,False,22.505,-0.3203,False,defense_signaling,67.399,0.4849,False,defense_signaling,91.566,0.7822,False,defense_signaling,NP_177854.6 histone-lysine N-methyltransferase [Arabidopsis thaliana],44.894,69.061
NP_001327521.1,False,34.958,0.0236,False,defense_signaling,92.802,0.8015,False,defense_signaling,99.435,0.9834,True,defense_signaling,NP_001327521.1 auxin transport protein (BIG) [Arabidopsis thaliana],57.844,64.477
NP_001327522.1,False,35.248,0.0306,False,defense_signaling,92.8,0.8015,False,defense_signaling,99.435,0.9834,True,defense_signaling,NP_001327522.1 auxin transport protein (BIG) [Arabidopsis thaliana],57.552,64.187
NP_186875.2,False,35.768,0.0407,False,defense_signaling,92.441,0.796,False,defense_signaling,99.435,0.9834,True,defense_signaling,NP_186875.2 auxin transport protein (BIG) [Arabidopsis thaliana],56.673,63.667
NP_001327520.1,False,35.768,0.0407,False,defense_signaling,92.667,0.7999,False,defense_signaling,99.435,0.9834,True,defense_signaling,NP_001327520.1 auxin transport protein (BIG) [Arabidopsis thaliana],56.899,63.667
NP_187904.1,False,46.207,0.2229,False,defense_signaling,97.88,0.9102,False,defense_signaling,99.64,0.9984,True,defense_signaling,NP_187904.1 histone acetyltransferase of the CBP family 5 [Arabidopsis thaliana],51.673,53.433
NP_564891.4,False,42.438,0.1637,False,defense_signaling,78.35,0.6086,False,defense_signaling,95.617,0.8564,False,defense_signaling,NP_564891.4 histone acetyltransferase of the CBP family 2 [Arabidopsis thaliana],35.912,53.179
NP_567242.2,False,46.604,0.2294,False,defense_signaling,85.57,0.6966,False,defense_signaling,99.184,1.4495,True,cell_death_HR,NP_567242.2 translocon at the outer envelope membrane of chloroplasts 159 [Arabidopsis thaliana],38.966,52.58
NP_001328635.1,False,46.604,0.2294,False,defense_signaling,85.57,0.6966,False,defense_signaling,99.184,1.4495,True,cell_death_HR,NP_001328635.1 translocon at the outer envelope membrane of chloroplasts 159 [Arabidopsis thaliana],38.966,52.58
NP_001328636.1,False,46.604,0.2294,False,defense_signaling,85.57,0.6966,False,defense_signaling,99.184,1.4495,True,cell_death_HR,NP_001328636.1 translocon at the outer envelope membrane of chloroplasts 159 [Arabidopsis thaliana],38.966,52.58
NP_001319848.1,False,46.604,0.2294,False,defense_signaling,85.57,0.6966,False,defense_signaling,99.184,1.4495,True,cell_death_HR,NP_001319848.1 translocon at the outer envelope membrane of chloroplasts 159 [Arabidopsis thaliana],38.966,52.58
NP_193253.4,False,34.395,0.0107,False,defense_signaling,73.218,0.551,False,defense_signaling,86.18,0.7044,False,defense_signaling,NP_193253.4 SET domain protein 2 [Arabidopsis thaliana],38.823,51.785
NP_001326496.1,False,52.422,0.3085,False,defense_signaling,98.789,0.9487,False,defense_signaling,99.64,0.9984,True,defense_signaling,NP_001326496.1 histone acetyltransferase of the CBP family 5 [Arabidopsis thaliana],46.367,47.218
NP_001078319.1,False,38.611,0.0966,False,defense_signaling,71.718,0.5342,False,defense_signaling,84.313,0.6786,False,defense_signaling,NP_001078319.1 eukaryotic translation initiation factor 4G [Arabidopsis thaliana],33.107,45.702
NP_001078317.1,False,38.953,0.1024,False,defense_signaling,71.784,0.535,False,defense_signaling,84.313,0.6786,False,defense_signaling,NP_001078317.1 eukaryotic translation initiation factor 4G [Arabidopsis thaliana],32.831,45.36
NP_001078318.1,False,38.959,0.1025,False,defense_signaling,71.838,0.5352,False,defense_signaling,84.313,0.6786,False,defense_signaling,NP_001078318.1 eukaryotic translation initiation factor 4G [Arabidopsis thaliana],32.879,45.354
NP_179241.4,False,43.553,0.1831,False,defense_signaling,82.351,0.6549,False,defense_signaling,88.431,0.7367,False,defense_signaling,NP_179241.4 GW repeat- and PHD finger-containing protein NERD [Arabidopsis thaliana],38.798,44.878
NP_001324854.1,False,43.553,0.1831,False,defense_signaling,81.403,0.6437,False,defense_signaling,87.985,0.7545,False,cell_death_HR,NP_001324854.1 GW repeat- and PHD finger-containing protein NERD [Arabidopsis thaliana],37.85,44.432
NP_001077836.1,False,22.505,-0.3203,False,defense_signaling,39.561,0.1128,False,defense_signaling,64.462,0.452,False,defense_signaling,NP_001077836.1 histone-lysine N-methyltransferase [Arabidopsis thaliana],17.056,41.957
NP_173115.1,False,58.048,0.3812,False,defense_signaling,99.008,0.9625,True,defense_signaling,99.855,1.0194,True,defense_signaling,NP_173115.1 histone acetyltransferase of the CBP family 12 [Arabidopsis thaliana],40.96,41.807
NP_565197.3,False,58.36,0.3855,False,defense_signaling,99.025,0.9633,True,defense_signaling,99.802,1.012,True,defense_signaling,NP_565197.3 histone acetyltransferase of the CBP family 1 [Arabidopsis thaliana],40.665,41.442
NP_001185433.1,False,58.36,0.3855,False,defense_signaling,98.928,0.9558,False,defense_signaling,99.802,1.012,True,defense_signaling,NP_001185433.1 histone acetyltransferase of the CBP family 1 [Arabidopsis thaliana],40.568,41.442
NP_973695.1,False,57.428,0.3727,False,defense_signaling,95.799,0.8605,False,defense_signaling,97.72,0.9039,False,defense_signaling,NP_973695.1 transcription regulatory protein SNF2 [Arabidopsis thaliana],38.371,40.292
NP_001323762.1,False,57.428,0.3727,False,defense_signaling,95.799,0.8605,False,defense_signaling,97.72,0.9039,False,defense_signaling,NP_001323762.1 transcription regulatory protein SNF2 [Arabidopsis thaliana],38.371,40.292
NP_001323760.1,False,57.428,0.3727,False,defense_signaling,95.799,0.8605,False,defense_signaling,97.72,0.9039,False,defense_signaling,NP_001323760.1 transcription regulatory protein SNF2 [Arabidopsis thaliana],38.371,40.292
NP_182126.2,False,57.428,0.3727,False,defense_signaling,95.71,0.8586,False,defense_signaling,97.619,0.9013,False,defense_signaling,NP_182126.2 transcription regulatory protein SNF2 [Arabidopsis thaliana],38.282,40.191
NP_001318432.1,False,57.428,0.3727,False,defense_signaling,95.71,0.8586,False,defense_signaling,97.619,0.9013,False,defense_signaling,NP_001318432.1 transcription regulatory protein SNF2 [Arabidopsis thaliana],38.282,40.191
NP_001323761.1,False,57.428,0.3727,False,defense_signaling,95.71,0.8586,False,defense_signaling,97.619,0.9013,False,defense_signaling,NP_001323761.1 transcription regulatory protein SNF2 [Arabidopsis thaliana],38.282,40.191
NP_001321740.1,False,60.103,0.4062,False,defense_signaling,99.068,0.9651,True,defense_signaling,99.775,1.0167,True,cell_death_HR,NP_001321740.1 histone acetyltransferase of the CBP family 12 [Arabidopsis thaliana],38.965,39.672
NP_001321737.1,False,60.103,0.4062,False,defense_signaling,99.068,0.9651,True,defense_signaling,99.775,1.0167,True,cell_death_HR,NP_001321737.1 histone acetyltransferase of the CBP family 12 [Arabidopsis thaliana],38.965,39.672
NP_001321741.1,False,60.103,0.4062,False,defense_signaling,99.068,0.9651,True,defense_signaling,99.775,1.0167,True,cell_death_HR,NP_001321741.1 histone acetyltransferase of the CBP family 12 [Arabidopsis thaliana],38.965,39.672
NP_001321736.1,False,60.103,0.4062,False,defense_signaling,99.068,0.9651,True,defense_signaling,99.775,1.0167,True,cell_death_HR,NP_001321736.1 histone acetyltransferase of the CBP family 12 [Arabidopsis thaliana],38.965,39.672
NP_001331528.1,False,22.439,-0.3228,False,defense_signaling,37.932,0.0833,False,defense_signaling,61.97,0.4246,False,defense_signaling,"NP_001331528.1 inner centromere protein, ARK-binding region protein [Arabidopsis thaliana]",15.493,39.531
NP_001321735.1,False,60.103,0.4062,False,defense_signaling,92.215,0.7931,False,defense_signaling,99.295,0.9751,True,defense_signaling,NP_001321735.1 histone acetyltransferase of the CBP family 12 [Arabidopsis thaliana],32.112,39.192
NP_001331532.1,False,22.439,-0.3228,False,defense_signaling,37.777,0.0803,False,defense_signaling,61.435,0.4181,False,defense_signaling,"NP_001331532.1 inner centromere protein, ARK-binding region protein [Arabidopsis thaliana]",15.338,38.996
NP_001320389.1,False,24.675,-0.2458,False,defense_signaling,58.72,0.3878,False,defense_signaling,63.402,0.4404,False,defense_signaling,NP_001320389.1 recovery protein 3 [Arabidopsis thaliana],34.045,38.727
NP_187280.3,False,48.101,0.2512,False,defense_signaling,82.22,0.6538,False,defense_signaling,86.75,0.7468,False,cell_death_HR,NP_187280.3 SAC3/GANP/Nin1/mts3/eIF-3 p25 family [Arabidopsis thaliana],34.119,38.649
NP_001078482.1,False,39.778,0.0105,False,cell_death_HR,78.472,0.7498,False,cell_death_HR,78.416,0.7408,False,cell_death_HR,NP_001078482.1 MUS308 and mammalian DNA polymerase-like protein [Arabidopsis thaliana],38.694,38.638
NP_001328119.1,False,41.238,0.1443,False,defense_signaling,61.591,0.4198,False,defense_signaling,79.411,0.6191,False,defense_signaling,NP_001328119.1 spatacsin carboxy-terminus protein [Arabidopsis thaliana],20.353,38.173
NP_001154293.2,False,41.238,0.1443,False,defense_signaling,61.68,0.4209,False,defense_signaling,79.411,0.6191,False,defense_signaling,NP_001154293.2 spatacsin carboxy-terminus protein [Arabidopsis thaliana],20.442,38.173
NP_001185238.1,False,57.094,0.3684,False,defense_signaling,92.032,0.7902,False,defense_signaling,95.053,0.8438,False,defense_signaling,NP_001185238.1 calpain-type cysteine protease family [Arabidopsis thaliana],34.938,37.959
NP_200393.1,False,21.611,-0.3559,False,defense_signaling,35.984,0.0443,False,defense_signaling,59.403,0.3966,False,defense_signaling,"NP_200393.1 inner centromere protein, ARK-binding region protein [Arabidopsis thaliana]",14.373,37.792
NP_001327776.1,False,49.738,0.2751,False,defense_signaling,77.796,0.6026,False,defense_signaling,86.75,0.7113,False,defense_signaling,NP_001327776.1 SAC3/GANP/Nin1/mts3/eIF-3 p25 family [Arabidopsis thaliana],28.058,37.012
NP_001331525.1,False,22.439,-0.3228,False,defense_signaling,37.337,0.0714,False,defense_signaling,59.403,0.3966,False,defense_signaling,"NP_001331525.1 inner centromere protein, ARK-binding region protein [Arabidopsis thaliana]",14.898,36.964
NP_001321273.1,False,57.094,0.3684,False,defense_signaling,92.53,0.7976,False,defense_signaling,93.75,0.8198,False,defense_signaling,NP_001321273.1 calpain-type cysteine protease family [Arabidopsis thaliana],35.436,36.656
NP_175932.2,False,57.094,0.3684,False,defense_signaling,92.53,0.7976,False,defense_signaling,93.75,0.8198,False,defense_signaling,NP_175932.2 calpain-type cysteine protease family [Arabidopsis thaliana],35.436,36.656
NP_850966.1,False,57.094,0.3684,False,defense_signaling,92.53,0.7976,False,defense_signaling,93.75,0.8198,False,defense_signaling,NP_850966.1 calpain-type cysteine protease family [Arabidopsis thaliana],35.436,36.656
NP_850967.1,False,57.094,0.3684,False,defense_signaling,92.53,0.7976,False,defense_signaling,93.75,0.8198,False,defense_signaling,NP_850967.1 calpain-type cysteine protease family [Arabidopsis thaliana],35.436,36.656
NP_001319240.1,False,57.094,0.3684,False,defense_signaling,92.53,0.7976,False,defense_signaling,93.75,0.8198,False,defense_signaling,NP_001319240.1 calpain-type cysteine protease family [Arabidopsis thaliana],35.436,36.656
NP_001324606.1,False,38.92,0.1017,False,defense_signaling,65.325,0.462,False,defense_signaling,75.01,0.5709,False,defense_signaling,NP_001324606.1 zinc finger C3H1 domain protein [Arabidopsis thaliana],26.405,36.09
NP_193111.2,False,45.722,0.2162,False,defense_signaling,82.283,0.6543,False,defense_signaling,81.561,0.7054,False,NBS_LRR,"NP_193111.2 Histidine kinase-, DNA gyrase B-, and HSP90-like ATPase family protein [Arabidopsis thaliana]",36.561,35.839
NP_001327777.1,False,50.932,0.2896,False,defense_signaling,83.633,0.6713,False,defense_signaling,86.75,0.7371,False,cell_death_HR,NP_001327777.1 SAC3/GANP/Nin1/mts3/eIF-3 p25 family [Arabidopsis thaliana],32.701,35.818
NP_001185015.1,False,64.02,0.4497,False,defense_signaling,99.158,0.9699,True,defense_signaling,99.77,1.0167,True,cell_death_HR,NP_001185015.1 histone acetyltransferase of the CBP family 12 [Arabidopsis thaliana],35.138,35.75
NP_001328120.1,False,44.583,0.1983,False,defense_signaling,60.985,0.4132,False,defense_signaling,79.411,0.6191,False,defense_signaling,NP_001328120.1 spatacsin carboxy-terminus protein [Arabidopsis thaliana],16.402,34.828
NP_200042.4,False,56.089,0.3564,False,defense_signaling,82.65,0.6585,False,defense_signaling,90.541,0.7665,False,defense_signaling,NP_200042.4 shortage in chiasmata 1 [Arabidopsis thaliana],26.561,34.452
NP_195652.5,False,44.964,0.2047,False,defense_signaling,57.954,0.3781,False,defense_signaling,79.411,0.6191,False,defense_signaling,NP_195652.5 spatacsin carboxy-terminus protein [Arabidopsis thaliana],12.99,34.447
NP_001331524.1,False,21.29,-0.3679,False,defense_signaling,35.559,0.0362,False,defense_signaling,55.18,0.3427,False,defense_signaling,"NP_001331524.1 inner centromere protein, ARK-binding region protein [Arabidopsis thaliana]",14.269,33.89
NP_001331531.1,False,21.304,-0.3678,False,defense_signaling,35.524,0.0357,False,defense_signaling,55.18,0.3427,False,defense_signaling,"NP_001331531.1 inner centromere protein, ARK-binding region protein [Arabidopsis thaliana]",14.22,33.876
NP_001326746.1,False,64.896,0.4589,False,defense_signaling,98.714,0.9459,False,defense_signaling,98.533,1.3517,False,cell_death_HR,NP_001326746.1 Serine/Threonine-kinase ATM-like protein [Arabidopsis thaliana],33.818,33.637
NP_001319707.1,False,64.896,0.4589,False,defense_signaling,95.683,0.8581,False,defense_signaling,98.394,0.9281,False,defense_signaling,NP_001319707.1 Serine/Threonine-kinase ATM-like protein [Arabidopsis thaliana],30.787,33.498
NP_181490.5,False,37.505,0.0758,False,defense_signaling,62.445,0.4299,False,defense_signaling,70.863,0.5242,False,defense_signaling,NP_181490.5 zinc finger C3H1 domain protein [Arabidopsis thaliana],24.94,33.358
NP_001329531.1,False,61.61,0.4223,False,defense_signaling,84.691,0.6837,False,defense_signaling,94.603,0.8354,False,defense_signaling,NP_001329531.1 tRNA/rRNA methyltransferase (SpoU) family protein [Arabidopsis thaliana],23.081,32.993
NP_001329532.1,False,61.638,0.4227,False,defense_signaling,84.815,0.6853,False,defense_signaling,94.603,0.8354,False,defense_signaling,NP_001329532.1 tRNA/rRNA methyltransferase (SpoU) family protein [Arabidopsis thaliana],23.177,32.965
NP_001319976.1,False,61.61,0.4223,False,defense_signaling,82.741,0.6595,False,defense_signaling,94.181,0.8281,False,defense_signaling,NP_001319976.1 tRNA/rRNA methyltransferase (SpoU) family protein [Arabidopsis thaliana],21.131,32.571
NP_001331526.1,False,21.29,-0.3679,False,defense_signaling,35.046,0.0257,False,defense_signaling,53.49,0.3199,False,defense_signaling,"NP_001331526.1 inner centromere protein, ARK-binding region protein [Arabidopsis thaliana]",13.756,32.2
NP_001331527.1,False,21.29,-0.3679,False,defense_signaling,35.046,0.0257,False,defense_signaling,53.49,0.3199,False,defense_signaling,"NP_001331527.1 inner centromere protein, ARK-binding region protein [Arabidopsis thaliana]",13.756,32.2
NP_001331530.1,False,21.304,-0.3678,False,defense_signaling,35.009,0.0251,False,defense_signaling,53.49,0.3199,False,defense_signaling,"NP_001331530.1 inner centromere protein, ARK-binding region protein [Arabidopsis thaliana]",13.705,32.186
NP_051121.1,False,10.354,-0.9775,False,defense_signaling,23.406,-0.2892,False,defense_signaling,42.296,0.1612,False,defense_signaling,NP_051121.1 Ycf2 (chloroplast) [Arabidopsis thaliana],13.052,31.942
NP_051101.1,False,10.354,-0.9775,False,defense_signaling,23.406,-0.2892,False,defense_signaling,42.296,0.1612,False,defense_signaling,NP_051101.1 Ycf2 (chloroplast) [Arabidopsis thaliana],13.052,31.942
NP_001322788.1,False,40.942,0.1384,False,defense_signaling,59.799,0.4009,False,defense_signaling,72.876,0.5461,False,defense_signaling,NP_001322788.1 RNA polymerase II transcription mediator [Arabidopsis thaliana],18.857,31.934
NP_001322789.1,False,40.942,0.1384,False,defense_signaling,59.799,0.4009,False,defense_signaling,72.876,0.5461,False,defense_signaling,NP_001322789.1 RNA polymerase II transcription mediator [Arabidopsis thaliana],18.857,31.934
NP_001323908.1,False,64.636,0.4567,False,defense_signaling,92.128,0.7918,False,defense_signaling,96.351,0.8728,False,defense_signaling,NP_001323908.1 piezo-type mechanosensitive ion channel component [Arabidopsis thaliana],27.492,31.715
NP_001331533.1,False,21.29,-0.3679,False,defense_signaling,34.916,0.0225,False,defense_signaling,52.829,0.3116,False,defense_signaling,"NP_001331533.1 inner centromere protein, ARK-binding region protein [Arabidopsis thaliana]",13.626,31.539
NP_001331529.1,False,21.304,-0.3678,False,defense_signaling,34.889,0.0221,False,defense_signaling,52.829,0.3116,False,defense_signaling,"NP_001331529.1 inner centromere protein, ARK-binding region protein [Arabidopsis thaliana]",13.585,31.525
NP_565607.1,False,60.659,0.4118,False,defense_signaling,79.432,0.6205,False,defense_signaling,90.775,0.7696,False,defense_signaling,NP_565607.1 zinc finger FYVE domain protein [Arabidopsis thaliana],18.773,30.116
NP_001322202.1,False,69.643,0.5124,False,defense_signaling,99.266,0.9779,True,defense_signaling,99.732,1.0056,True,defense_signaling,NP_001322202.1 histone acetyltransferase of the CBP family 1 [Arabidopsis thaliana],29.623,30.089
NP_001328735.1,False,63.182,0.4822,False,cell_death_HR,86.66,0.9139,False,cell_death_HR,93.243,1.0915,False,cell_death_HR,"NP_001328735.1 DNA topoisomerase, type IA, core [Arabidopsis thaliana]",23.478,30.061
NP_001328666.1,False,69.515,0.5109,False,defense_signaling,96.335,0.8726,False,defense_signaling,99.535,0.9895,True,defense_signaling,NP_001328666.1 LSD1-like 3 [Arabidopsis thaliana],26.82,30.02
NP_001319957.1,False,69.515,0.5109,False,defense_signaling,96.335,0.8726,False,defense_signaling,99.535,0.9895,True,defense_signaling,NP_001319957.1 LSD1-like 3 [Arabidopsis thaliana],26.82,30.02
NP_001328665.1,False,69.515,0.5109,False,defense_signaling,96.335,0.8726,False,defense_signaling,99.535,0.9895,True,defense_signaling,NP_001328665.1 LSD1-like 3 [Arabidopsis thaliana],26.82,30.02
NP_193364.5,False,69.515,0.5109,False,defense_signaling,96.335,0.8726,False,defense_signaling,99.535,0.9895,True,defense_signaling,NP_193364.5 LSD1-like 3 [Arabidopsis thaliana],26.82,30.02
NP_001328664.1,False,69.515,0.5109,False,defense_signaling,96.335,0.8726,False,defense_signaling,99.535,0.9895,True,defense_signaling,NP_001328664.1 LSD1-like 3 [Arabidopsis thaliana],26.82,30.02
NP_194849.3,False,63.84,0.4937,False,cell_death_HR,86.77,0.9169,False,cell_death_HR,93.243,1.0915,False,cell_death_HR,"NP_194849.3 DNA topoisomerase, type IA, core [Arabidopsis thaliana]",22.93,29.403
NP_001185237.1,False,40.942,0.1384,False,defense_signaling,58.608,0.3866,False,defense_signaling,70.177,0.5164,False,defense_signaling,NP_001185237.1 RNA polymerase II transcription mediator [Arabidopsis thaliana],17.666,29.235
NP_001321739.1,False,70.637,0.5239,False,defense_signaling,99.409,0.9858,True,defense_signaling,99.815,1.0167,True,cell_death_HR,NP_001321739.1 histone acetyltransferase of the CBP family 12 [Arabidopsis thaliana],28.772,29.178
NP_001321742.1,False,70.637,0.5239,False,defense_signaling,99.409,0.9858,True,defense_signaling,99.815,1.0167,True,cell_death_HR,NP_001321742.1 histone acetyltransferase of the CBP family 12 [Arabidopsis thaliana],28.772,29.178
NP_001321738.1,False,70.637,0.5239,False,defense_signaling,99.409,0.9858,True,defense_signaling,99.815,1.0167,True,cell_death_HR,NP_001321738.1 histone acetyltransferase of the CBP family 12 [Arabidopsis thaliana],28.772,29.178
NP_001326745.1,False,69.471,0.5105,False,defense_signaling,98.901,0.9546,False,defense_signaling,98.346,1.3517,False,cell_death_HR,NP_001326745.1 Serine/Threonine-kinase ATM-like protein [Arabidopsis thaliana],29.43,28.875
NP_001323909.1,False,67.595,0.4894,False,defense_signaling,90.987,0.7729,False,defense_signaling,96.351,0.8728,False,defense_signaling,NP_001323909.1 piezo-type mechanosensitive ion channel component [Arabidopsis thaliana],23.392,28.756
NP_001325313.1,False,70.342,0.6098,False,cell_death_HR,99.552,0.9932,True,defense_signaling,98.723,1.0552,False,antimicrobial,NP_001325313.1 WD-40 repeat family protein / beige-like protein [Arabidopsis thaliana],29.21,28.381
NP_001318429.1,False,70.342,0.6098,False,cell_death_HR,99.552,0.9932,True,defense_signaling,98.723,1.0552,False,antimicrobial,NP_001318429.1 WD-40 repeat family protein / beige-like protein [Arabidopsis thaliana],29.21,28.381
NP_001325312.1,False,70.342,0.6098,False,cell_death_HR,99.552,0.9932,True,defense_signaling,98.723,1.0552,False,antimicrobial,NP_001325312.1 WD-40 repeat family protein / beige-like protein [Arabidopsis thaliana],29.21,28.381
NP_001325311.1,False,70.342,0.6098,False,cell_death_HR,99.552,0.9932,True,defense_signaling,98.723,1.0552,False,antimicrobial,NP_001325311.1 WD-40 repeat family protein / beige-like protein [Arabidopsis thaliana],29.21,28.381
NP_182078.1,False,70.342,0.6098,False,cell_death_HR,99.552,0.9932,True,defense_signaling,98.723,1.0552,False,antimicrobial,NP_182078.1 WD-40 repeat family protein / beige-like protein [Arabidopsis thaliana],29.21,28.381
NP_001328734.1,False,63.84,0.4937,False,cell_death_HR,83.921,0.8527,False,cell_death_HR,92.07,1.0501,False,cell_death_HR,"NP_001328734.1 DNA topoisomerase, type IA, core [Arabidopsis thaliana]",20.081,28.23
NP_001325349.1,False,70.325,0.5205,False,defense_signaling,51.781,0.2985,False,defense_signaling,98.205,0.9201,False,defense_signaling,NP_001325349.1 P-loop containing nucleoside triphosphate hydrolases superfamily protein [Arabidopsis thaliana],-18.544,27.88
NP_001325348.1,False,70.325,0.5205,False,defense_signaling,50.93,0.288,False,defense_signaling,98.205,0.9201,False,defense_signaling,NP_001325348.1 P-loop containing nucleoside triphosphate hydrolases superfamily protein [Arabidopsis thaliana],-19.395,27.88
NP_001184958.1,False,59.334,0.3976,False,defense_signaling,74.132,0.5583,False,NBS_LRR,87.01,0.8343,False,NBS_LRR,NP_001184958.1 SNF2 domain-containing protein / helicase domain-containing protein / zinc finger protein-like protein [Arabidopsis thaliana],14.798,27.676
NP_001320184.1,False,59.479,0.3995,False,defense_signaling,74.081,0.5575,False,NBS_LRR,87.01,0.8343,False,NBS_LRR,NP_001320184.1 SNF2 domain-containing protein / helicase domain-containing protein / zinc finger protein-like protein [Arabidopsis thaliana],14.602,27.531
NP_177039.1,False,29.073,-0.1199,False,defense_signaling,42.971,0.1735,False,defense_signaling,56.498,0.3591,False,defense_signaling,NP_177039.1 tRNA arginine adenosine deaminase [Arabidopsis thaliana],13.898,27.425
NP_176309.2,False,59.07,0.3943,False,defense_signaling,74.524,0.5656,False,defense_signaling,86.233,0.8313,False,cell_death_HR,NP_176309.2 SNF2 domain-containing protein / helicase domain-containing protein / zinc finger protein-like protein [Arabidopsis thaliana],15.454,27.163
NP_565811.2,False,67.567,0.5548,False,antimicrobial,89.201,0.981,False,antimicrobial,94.581,1.0223,False,antimicrobial,NP_565811.2 ARM repeat superfamily protein [Arabidopsis thaliana],21.634,27.014
NP_001190338.1,False,62.759,0.4744,False,cell_death_HR,79.58,0.7697,False,cell_death_HR,89.642,0.9849,False,cell_death_HR,NP_001190338.1 Regulator of chromosome condensation (RCC1) family with FYVE zinc finger domain-containing protein [Arabidopsis thaliana],16.821,26.883
NP_001189965.1,False,29.809,-0.1002,False,defense_signaling,43.124,0.1756,False,defense_signaling,56.672,0.3612,False,defense_signaling,"NP_001189965.1 Helicase/SANT-associated, DNA binding protein [Arabidopsis thaliana]",13.315,26.863
NP_850117.1,True,71.594,0.5341,False,defense_signaling,51.186,0.291,False,defense_signaling,98.111,0.9168,False,defense_signaling,NP_850117.1 P-loop containing nucleoside triphosphate hydrolases superfamily protein [Arabidopsis thaliana],-20.408,26.517
NP_850116.1,True,71.594,0.5341,False,defense_signaling,50.841,0.2871,False,defense_signaling,98.111,0.9168,False,defense_signaling,NP_850116.1 P-loop containing nucleoside triphosphate hydrolases superfamily protein [Arabidopsis thaliana],-20.753,26.517
NP_001077971.1,True,71.594,0.5341,False,defense_signaling,51.709,0.2976,False,defense_signaling,98.111,0.9168,False,defense_signaling,NP_001077971.1 P-loop containing nucleoside triphosphate hydrolases superfamily protein [Arabidopsis thaliana],-19.885,26.517
NP_001325347.1,True,71.594,0.5341,False,defense_signaling,51.709,0.2976,False,defense_signaling,98.111,0.9168,False,defense_signaling,NP_001325347.1 P-loop containing nucleoside triphosphate hydrolases superfamily protein [Arabidopsis thaliana],-19.885,26.517
NP_001326789.1,False,59.821,0.4233,False,cell_death_HR,71.855,0.6317,False,cell_death_HR,86.147,0.9013,False,cell_death_HR,NP_001326789.1 RIBOSOMAL RNA PROCESSING 5 [Arabidopsis thaliana],12.034,26.326
NP_564445.1,False,18.244,-0.5021,False,defense_signaling,31.52,-0.0568,False,defense_signaling,44.46,0.1962,False,defense_signaling,NP_564445.1 forkhead-associated (FHA) domain-containing protein [Arabidopsis thaliana],13.276,26.216
NP_182327.6,False,70.361,0.5209,False,defense_signaling,91.593,0.7826,False,defense_signaling,96.351,0.8728,False,defense_signaling,NP_182327.6 piezo-type mechanosensitive ion channel component [Arabidopsis thaliana],21.232,25.99
NP_001325149.1,False,68.851,0.5788,False,antimicrobial,90.462,1.0088,False,antimicrobial,94.581,1.0223,False,antimicrobial,NP_001325149.1 ARM repeat superfamily protein [Arabidopsis thaliana],21.611,25.73
NP_001318342.1,False,19.649,-0.5544,False,NBS_LRR,33.288,-0.1355,False,NBS_LRR,45.049,0.0905,False,NBS_LRR,NP_001318342.1 RNA-binding (RRM/RBD/RNP motifs) family protein [Arabidopsis thaliana],13.639,25.4
NP_001324902.1,False,66.716,0.4799,False,defense_signaling,83.596,0.6709,False,defense_signaling,92.076,0.7903,False,defense_signaling,NP_001324902.1 zinc finger FYVE domain protein [Arabidopsis thaliana],16.88,25.36
NP_001329594.1,False,37.472,0.0754,False,defense_signaling,50.74,0.2859,False,defense_signaling,62.747,0.4337,False,defense_signaling,NP_001329594.1 nucleoporin [Arabidopsis thaliana],13.268,25.275
NP_001320841.1,False,19.257,-0.4549,False,defense_signaling,32.209,-0.0411,False,defense_signaling,44.46,0.1962,False,defense_signaling,NP_001320841.1 forkhead-associated (FHA) domain-containing protein [Arabidopsis thaliana],12.952,25.203
NP_189131.5,False,30.737,-0.0755,False,defense_signaling,43.317,0.1784,False,defense_signaling,55.928,0.3522,False,defense_signaling,"NP_189131.5 Helicase/SANT-associated, DNA binding protein [Arabidopsis thaliana]",12.58,25.191
NP_001324903.1,False,66.971,0.4825,False,defense_signaling,83.306,0.6669,False,defense_signaling,92.076,0.7903,False,defense_signaling,NP_001324903.1 zinc finger FYVE domain protein [Arabidopsis thaliana],16.335,25.105
NP_001189602.1,False,66.971,0.4825,False,defense_signaling,83.306,0.6669,False,defense_signaling,92.076,0.7903,False,defense_signaling,NP_001189602.1 zinc finger FYVE domain protein [Arabidopsis thaliana],16.335,25.105
NP_001326449.1,False,30.848,-0.073,False,defense_signaling,43.355,0.179,False,defense_signaling,55.899,0.3518,False,defense_signaling,"NP_001326449.1 Helicase/SANT-associated, DNA binding protein [Arabidopsis thaliana]",12.507,25.051
NP_001331227.1,False,52.668,0.2883,False,cell_death_HR,67.2,0.5517,False,cell_death_HR,77.547,0.7315,False,cell_death_HR,NP_001331227.1 actin binding protein [Arabidopsis thaliana],14.532,24.879
NP_001329592.1,False,38.312,0.0913,False,defense_signaling,49.92,0.2755,False,defense_signaling,62.747,0.4337,False,defense_signaling,NP_001329592.1 nucleoporin [Arabidopsis thaliana],11.608,24.435
NP_001331228.1,False,48.833,0.2096,False,cell_death_HR,65.337,0.5188,False,cell_death_HR,72.898,0.6497,False,cell_death_HR,NP_001331228.1 actin binding protein [Arabidopsis thaliana],16.504,24.065
NP_001329591.1,False,38.784,0.0992,False,defense_signaling,51.505,0.2944,False,defense_signaling,62.747,0.4337,False,defense_signaling,NP_001329591.1 nucleoporin [Arabidopsis thaliana],12.721,23.963
NP_001320105.1,False,37.472,0.0754,False,defense_signaling,50.315,0.2799,False,defense_signaling,61.17,0.4148,False,defense_signaling,NP_001320105.1 nucleoporin [Arabidopsis thaliana],12.843,23.698
NP_194885.2,False,37.472,0.0754,False,defense_signaling,50.315,0.2799,False,defense_signaling,61.17,0.4148,False,defense_signaling,NP_194885.2 nucleoporin [Arabidopsis thaliana],12.843,23.698
NP_001332642.1,True,75.45,0.5783,False,defense_signaling,99.917,1.0504,True,defense_signaling,98.616,1.2399,False,antimicrobial,NP_001332642.1 Ataxia telangiectasia-mutated and RAD3-like protein [Arabidopsis thaliana],24.467,23.166
NP_198898.2,True,75.45,0.5783,False,defense_signaling,99.917,1.0504,True,defense_signaling,98.616,1.2399,False,antimicrobial,NP_198898.2 Ataxia telangiectasia-mutated and RAD3-like protein [Arabidopsis thaliana],24.467,23.166
NP_001332643.1,True,75.45,0.5783,False,defense_signaling,99.917,1.0504,True,defense_signaling,98.616,1.2399,False,antimicrobial,NP_001332643.1 Ataxia telangiectasia-mutated and RAD3-like protein [Arabidopsis thaliana],24.467,23.166
NP_001325431.1,False,31.842,-0.0493,False,defense_signaling,43.099,0.1753,False,defense_signaling,54.96,0.3397,False,defense_signaling,"NP_001325431.1 Helicase/SANT-associated, DNA binding protein [Arabidopsis thaliana]",11.257,23.118
NP_001325432.1,False,31.842,-0.0493,False,defense_signaling,43.099,0.1753,False,defense_signaling,54.96,0.3397,False,defense_signaling,"NP_001325432.1 Helicase/SANT-associated, DNA binding protein [Arabidopsis thaliana]",11.257,23.118
NP_001329593.1,False,39.83,0.118,False,defense_signaling,50.372,0.2807,False,defense_signaling,62.747,0.4337,False,defense_signaling,NP_001329593.1 nucleoporin [Arabidopsis thaliana],10.542,22.917
NP_197443.3,False,66.843,0.5473,False,cell_death_HR,81.266,0.8004,False,cell_death_HR,89.642,0.9849,False,cell_death_HR,NP_197443.3 Regulator of chromosome condensation (RCC1) family with FYVE zinc finger domain-containing protein [Arabidopsis thaliana],14.423,22.799
NP_190607.2,False,65.944,0.4709,False,defense_signaling,89.533,0.7524,False,defense_signaling,88.618,0.7391,False,defense_signaling,"NP_190607.2 vacuolar protein sorting-associated protein, putative (DUF1162) [Arabidopsis thaliana]",23.589,22.674
NP_001326448.1,False,30.737,-0.0755,False,defense_signaling,43.647,0.1835,False,defense_signaling,53.395,0.3185,False,defense_signaling,"NP_001326448.1 Helicase/SANT-associated, DNA binding protein [Arabidopsis thaliana]",12.91,22.658
NP_001332644.1,False,76.068,0.5853,False,defense_signaling,99.911,1.0497,True,defense_signaling,98.596,1.2399,False,antimicrobial,NP_001332644.1 Ataxia telangiectasia-mutated and RAD3-like protein [Arabidopsis thaliana],23.843,22.528
NP_172577.2,False,63.958,0.4491,False,defense_signaling,75.408,0.5761,False,defense_signaling,86.435,0.8111,False,NBS_LRR,NP_172577.2 SNF2 domain-containing protein / helicase domain-containing protein / zinc finger protein-like protein [Arabidopsis thaliana],11.45,22.477
NP_001329590.1,False,38.784,0.0992,False,defense_signaling,50.972,0.2884,False,defense_signaling,61.17,0.4148,False,defense_signaling,NP_001329590.1 nucleoporin [Arabidopsis thaliana],12.188,22.386
NP_001321151.1,False,20.21,-0.4139,False,defense_signaling,30.344,-0.0853,False,defense_signaling,42.461,0.1646,False,defense_signaling,NP_001321151.1 mediator of RNA polymerase II transcription subunit 15a-like protein [Arabidopsis thaliana],10.134,22.251
NP_182179.3,False,74.578,0.5676,False,defense_signaling,88.607,0.7398,False,defense_signaling,96.397,0.8738,False,defense_signaling,NP_182179.3 transducin family protein / WD-40 repeat family protein [Arabidopsis thaliana],14.029,21.819
NP_188402.1,False,44.952,0.2042,False,defense_signaling,56.201,0.3556,False,defense_signaling,66.596,0.4761,False,defense_signaling,NP_188402.1 Protein kinase superfamily protein [Arabidopsis thaliana],11.249,21.644
NP_001328569.1,False,43.657,0.1846,False,defense_signaling,61.939,0.424,False,defense_signaling,64.561,0.4528,False,defense_signaling,NP_001328569.1 Nucleotidyltransferase family protein [Arabidopsis thaliana],18.282,20.904
NP_191917.3,False,43.657,0.1846,False,defense_signaling,61.939,0.424,False,defense_signaling,64.561,0.4528,False,defense_signaling,NP_191917.3 Nucleotidyltransferase family protein [Arabidopsis thaliana],18.282,20.904
NP_001328568.1,False,43.657,0.1846,False,defense_signaling,61.939,0.424,False,defense_signaling,64.561,0.4528,False,defense_signaling,NP_001328568.1 Nucleotidyltransferase family protein [Arabidopsis thaliana],18.282,20.904
NP_001189752.1,False,78.022,0.6069,False,defense_signaling,99.282,0.9785,True,defense_signaling,98.723,1.0552,False,antimicrobial,NP_001189752.1 WD-40 repeat family protein / beige-like protein [Arabidopsis thaliana],21.26,20.701
NP_196391.2,False,52.668,0.2883,False,cell_death_HR,66.787,0.5446,False,cell_death_HR,73.332,0.6587,False,cell_death_HR,NP_196391.2 actin binding protein [Arabidopsis thaliana],14.119,20.664
NP_001320842.1,False,24.299,-0.2595,False,defense_signaling,34.702,0.0179,False,defense_signaling,44.46,0.1962,False,defense_signaling,NP_001320842.1 forkhead-associated (FHA) domain-containing protein [Arabidopsis thaliana],10.403,20.161
NP_187803.4,False,65.92,0.5317,False,cell_death_HR,75.136,0.6888,False,cell_death_HR,86.041,0.8996,False,cell_death_HR,NP_187803.4 RIBOSOMAL RNA PROCESSING 5 [Arabidopsis thaliana],9.216,20.121
NP_001326734.1,False,65.944,0.4709,False,defense_signaling,87.137,0.7172,False,defense_signaling,85.838,0.6997,False,defense_signaling,"NP_001326734.1 vacuolar protein sorting-associated protein, putative (DUF1162) [Arabidopsis thaliana]",21.193,19.894
NP_173521.2,False,20.887,-0.3845,False,defense_signaling,30.539,-0.0803,False,defense_signaling,40.743,0.1351,False,defense_signaling,NP_173521.2 calponin-like domain protein [Arabidopsis thaliana],9.652,19.856
NP_179255.1,False,79.771,0.775,False,cell_death_HR,95.764,1.1931,False,cell_death_HR,99.452,1.4986,True,cell_death_HR,NP_179255.1 multimeric translocon complex in the outer envelope membrane 132 [Arabidopsis thaliana],15.993,19.681
NP_001324730.1,False,79.771,0.775,False,cell_death_HR,95.764,1.1931,False,cell_death_HR,99.452,1.4986,True,cell_death_HR,NP_001324730.1 multimeric translocon complex in the outer envelope membrane 132 [Arabidopsis thaliana],15.993,19.681
NP_001324729.1,False,79.771,0.775,False,cell_death_HR,95.764,1.1931,False,cell_death_HR,99.452,1.4986,True,cell_death_HR,NP_001324729.1 multimeric translocon complex in the outer envelope membrane 132 [Arabidopsis thaliana],15.993,19.681
NP_178414.2,False,56.271,0.3586,False,defense_signaling,71.048,0.5269,False,defense_signaling,75.632,0.5783,False,defense_signaling,NP_178414.2 ATP/GTP-binding protein family [Arabidopsis thaliana],14.777,19.361
NP_001154281.1,False,20.197,-0.4142,False,defense_signaling,33.605,-0.0077,False,defense_signaling,39.511,0.112,False,defense_signaling,NP_001154281.1 Enhancer of polycomb-like transcription factor protein [Arabidopsis thaliana],13.408,19.314
NP_001326733.1,False,66.781,0.4804,False,defense_signaling,84.581,0.6821,False,defense_signaling,85.838,0.6997,False,defense_signaling,"NP_001326733.1 vacuolar protein sorting-associated protein, putative (DUF1162) [Arabidopsis thaliana]",17.8,19.057
NP_177615.2,False,79.382,0.6214,False,defense_signaling,93.619,0.817,False,defense_signaling,98.243,0.9219,False,defense_signaling,NP_177615.2 zinc ion binding protein [Arabidopsis thaliana],14.237,18.861
NP_001326732.1,False,66.999,0.4829,False,defense_signaling,86.645,0.71,False,defense_signaling,85.838,0.6997,False,defense_signaling,"NP_001326732.1 vacuolar protein sorting-associated protein, putative (DUF1162) [Arabidopsis thaliana]",19.646,18.839
NP_188457.1,False,66.831,0.4811,False,defense_signaling,76.23,0.6326,False,cell_death_HR,85.571,0.8888,False,cell_death_HR,NP_188457.1 zinc finger protein-like protein [Arabidopsis thaliana],9.399,18.74
NP_194988.2,False,20.197,-0.4142,False,defense_signaling,33.4,-0.0121,False,defense_signaling,38.93,0.1018,False,defense_signaling,NP_194988.2 Enhancer of polycomb-like transcription factor protein [Arabidopsis thaliana],13.203,18.733
NP_001185056.1,False,49.249,0.2691,False,defense_signaling,61.499,0.4185,False,defense_signaling,67.934,0.4914,False,defense_signaling,NP_001185056.1 Calcium-binding EF hand family protein [Arabidopsis thaliana],12.25,18.685
NP_001078755.1,False,60.39,0.4336,False,cell_death_HR,71.639,0.6285,False,cell_death_HR,78.816,0.7546,False,cell_death_HR,NP_001078755.1 myosin 2 [Arabidopsis thaliana],11.249,18.426
NP_189132.2,False,31.842,-0.0493,False,defense_signaling,40.782,0.1348,False,defense_signaling,50.204,0.2789,False,defense_signaling,"NP_189132.2 Helicase/SANT-associated, DNA binding protein [Arabidopsis thaliana]",8.94,18.362
NP_198793.4,False,29.45,-0.1107,False,defense_signaling,38.183,0.0878,False,defense_signaling,47.75,0.2458,False,defense_signaling,"NP_198793.4 Restriction endonuclease, type II-like superfamily protein [Arabidopsis thaliana]",8.733,18.3
NP_001323719.1,False,56.271,0.3586,False,defense_signaling,70.511,0.5204,False,defense_signaling,74.564,0.5659,False,defense_signaling,NP_001323719.1 ATP/GTP-binding protein family [Arabidopsis thaliana],14.24,18.293
NP_001331615.1,False,76.914,0.5949,False,defense_signaling,91.52,0.7812,False,defense_signaling,95.095,0.8445,False,defense_signaling,"NP_001331615.1 vacuolar protein sorting-associated protein, putative (DUF1162) [Arabidopsis thaliana]",14.606,18.181
NP_179954.2,False,43.517,0.1825,False,defense_signaling,56.127,0.3546,False,defense_signaling,61.137,0.4144,False,defense_signaling,NP_179954.2 histone-lysine N-methyltransferase SUVR5 [Arabidopsis thaliana],12.61,17.62
NP_001318743.1,True,66.284,0.4324,False,NBS_LRR,78.197,0.635,False,NBS_LRR,83.754,0.7537,False,NBS_LRR,NP_001318743.1 Leucine-rich repeat (LRR) family protein [Arabidopsis thaliana],11.913,17.47
NP_199365.1,True,66.284,0.4324,False,NBS_LRR,78.197,0.635,False,NBS_LRR,83.754,0.7537,False,NBS_LRR,NP_199365.1 Leucine-rich repeat (LRR) family protein [Arabidopsis thaliana],11.913,17.47
NP_849809.2,False,39.778,0.1174,False,defense_signaling,44.732,0.2002,False,defense_signaling,56.612,0.3605,False,defense_signaling,NP_849809.2 RNA polymerase II transcription mediator [Arabidopsis thaliana],4.954,16.834
NP_195760.1,False,76.445,0.5896,False,defense_signaling,92.814,0.8019,False,defense_signaling,93.113,0.8064,False,defense_signaling,NP_195760.1 HEAT repeat-containing protein [Arabidopsis thaliana],16.369,16.668
NP_197816.3,False,81.911,0.6512,False,defense_signaling,97.09,0.889,False,defense_signaling,98.5,0.9327,False,defense_signaling,NP_197816.3 gamma-irradiation and mitomycin c induced 1 [Arabidopsis thaliana],15.179,16.589
NP_173030.1,False,20.21,-0.4139,False,defense_signaling,28.195,-0.141,False,defense_signaling,36.51,0.056,False,defense_signaling,NP_173030.1 mediator of RNA polymerase II transcription subunit 15a-like protein [Arabidopsis thaliana],7.985,16.3
NP_001189585.1,False,45.054,0.2061,False,defense_signaling,57.052,0.3656,False,defense_signaling,61.137,0.4144,False,defense_signaling,NP_001189585.1 histone-lysine N-methyltransferase SUVR5 [Arabidopsis thaliana],11.998,16.083
NP_001324207.1,False,45.054,0.2061,False,defense_signaling,57.052,0.3656,False,defense_signaling,61.137,0.4144,False,defense_signaling,NP_001324207.1 histone-lysine N-methyltransferase SUVR5 [Arabidopsis thaliana],11.998,16.083
NP_001324204.1,False,45.054,0.2061,False,defense_signaling,57.052,0.3656,False,defense_signaling,61.137,0.4144,False,defense_signaling,NP_001324204.1 histone-lysine N-methyltransferase SUVR5 [Arabidopsis thaliana],11.998,16.083
NP_001320182.1,False,71.004,0.5281,False,defense_signaling,79.536,0.6625,False,NBS_LRR,87.01,0.8343,False,NBS_LRR,NP_001320182.1 SNF2 domain-containing protein / helicase domain-containing protein / zinc finger protein-like protein [Arabidopsis thaliana],8.532,16.006
NP_186795.1,False,44.504,0.197,False,defense_signaling,58.357,0.3834,False,defense_signaling,60.315,0.4056,False,defense_signaling,NP_186795.1 methyl-CPG-binding domain 9 [Arabidopsis thaliana],13.853,15.811
NP_199109.1,True,37.476,0.0755,False,defense_signaling,46.452,0.2267,False,defense_signaling,53.25,0.3168,False,defense_signaling,NP_199109.1 GYF domain-containing protein [Arabidopsis thaliana],8.976,15.774
NP_001330014.1,False,78.003,0.6067,False,defense_signaling,93.621,0.817,False,defense_signaling,93.772,0.8203,False,defense_signaling,NP_001330014.1 HEAT repeat-containing protein [Arabidopsis thaliana],15.618,15.769
NP_001323234.1,False,79.382,0.6214,False,defense_signaling,90.34,0.7645,False,defense_signaling,95.019,0.8431,False,defense_signaling,NP_001323234.1 zinc ion binding protein [Arabidopsis thaliana],10.958,15.637
NP_001321141.1,False,49.249,0.2691,False,defense_signaling,59.24,0.3942,False,defense_signaling,64.864,0.4563,False,defense_signaling,NP_001321141.1 Calcium-binding EF hand family protein [Arabidopsis thaliana],9.991,15.615
NP_177807.3,False,78.258,0.6093,False,defense_signaling,89.894,0.7584,False,defense_signaling,93.762,0.8821,False,antimicrobial,NP_177807.3 eukaryotic translation initiation factor 2 (eIF-2) family protein [Arabidopsis thaliana],11.636,15.504
NP_001185277.1,False,62.729,0.4359,False,defense_signaling,73.462,0.5541,False,defense_signaling,78.099,0.6051,False,defense_signaling,NP_001185277.1 Transducin/WD40 repeat-like superfamily protein [Arabidopsis thaliana],10.733,15.37
NP_001323787.1,False,81.252,0.6431,False,defense_signaling,89.806,0.7573,False,defense_signaling,96.606,0.8778,False,defense_signaling,NP_001323787.1 transducin family protein / WD-40 repeat family protein [Arabidopsis thaliana],8.554,15.354
NP_176316.4,False,62.769,0.4364,False,defense_signaling,73.707,0.5567,False,defense_signaling,78.063,0.6047,False,defense_signaling,NP_176316.4 Transducin/WD40 repeat-like superfamily protein [Arabidopsis thaliana],10.938,15.294
NP_568268.3,False,77.48,0.7333,False,cell_death_HR,86.803,0.9172,False,cell_death_HR,92.541,1.0665,False,cell_death_HR,NP_568268.3 Regulator of chromosome condensation (RCC1) family with FYVE zinc finger domain-containing protein [Arabidopsis thaliana],9.323,15.061
NP_177055.2,False,80.2,0.694,False,NBS_LRR,93.036,1.0832,False,cell_death_HR,95.255,1.1433,False,antimicrobial,NP_177055.2 2-oxoglutarate decarboxylase/hydro-lyase/magnesium ion-binding protein [Arabidopsis thaliana],12.836,15.055
NP_178048.2,False,56.714,0.3636,False,defense_signaling,82.003,0.6513,False,defense_signaling,71.714,0.5328,False,defense_signaling,NP_178048.2 nuclear pore anchor [Arabidopsis thaliana],25.289,15.0
NP_001321150.1,False,21.783,-0.3484,False,defense_signaling,29.587,-0.1057,False,defense_signaling,36.51,0.056,False,defense_signaling,NP_001321150.1 mediator of RNA polymerase II transcription subunit 15a-like protein [Arabidopsis thaliana],7.804,14.727
NP_001323023.1,False,72.141,0.5399,False,defense_signaling,81.658,0.6469,False,defense_signaling,86.862,0.7127,False,defense_signaling,NP_001323023.1 Protein kinase superfamily protein [Arabidopsis thaliana],9.517,14.721
NP_172040.2,False,85.168,0.691,False,defense_signaling,98.523,0.9359,False,defense_signaling,99.82,1.013,True,defense_signaling,NP_172040.2 chromatin remodeling 31 [Arabidopsis thaliana],13.355,14.652
NP_001320409.1,False,81.541,0.808,False,cell_death_HR,98.627,0.9419,False,defense_signaling,96.189,0.8689,False,defense_signaling,NP_001320409.1 calcium-dependent lipid-binding family protein [Arabidopsis thaliana],17.086,14.648
NP_001326601.1,False,27.838,-0.1523,False,defense_signaling,35.551,0.0362,False,defense_signaling,42.44,0.1641,False,defense_signaling,NP_001326601.1 CW-type Zinc Finger [Arabidopsis thaliana],7.713,14.602
NP_001319823.1,False,27.838,-0.1523,False,defense_signaling,35.551,0.0362,False,defense_signaling,42.44,0.1641,False,defense_signaling,NP_001319823.1 CW-type Zinc Finger [Arabidopsis thaliana],7.713,14.602
NP_001326602.1,False,27.838,-0.1523,False,defense_signaling,35.551,0.0362,False,defense_signaling,42.44,0.1641,False,defense_signaling,NP_001326602.1 CW-type Zinc Finger [Arabidopsis thaliana],7.713,14.602
NP_001031155.4,True,72.324,0.5418,False,defense_signaling,81.731,0.6479,False,defense_signaling,86.862,0.7127,False,defense_signaling,NP_001031155.4 Protein kinase superfamily protein [Arabidopsis thaliana],9.407,14.538
NP_001154409.1,True,72.324,0.5418,False,defense_signaling,81.731,0.6479,False,defense_signaling,86.862,0.7127,False,defense_signaling,NP_001154409.1 Protein kinase superfamily protein [Arabidopsis thaliana],9.407,14.538
NP_564529.4,True,72.324,0.5418,False,defense_signaling,81.731,0.6479,False,defense_signaling,86.862,0.7127,False,defense_signaling,NP_564529.4 Protein kinase superfamily protein [Arabidopsis thaliana],9.407,14.538
NP_173325.2,False,80.847,0.6382,False,defense_signaling,91.371,0.7785,False,defense_signaling,95.358,0.8495,False,defense_signaling,NP_173325.2 zinc ion binding protein [Arabidopsis thaliana],10.524,14.511
NP_180257.3,False,83.726,0.6734,False,defense_signaling,96.171,0.8692,False,defense_signaling,98.133,0.9176,False,defense_signaling,NP_180257.3 DNAJ heat shock N-terminal domain-containing protein [Arabidopsis thaliana],12.445,14.407
NP_196464.2,False,57.869,0.3858,False,cell_death_HR,66.555,0.5406,False,cell_death_HR,72.149,0.6369,False,cell_death_HR,NP_196464.2 peroxisome 1 [Arabidopsis thaliana],8.686,14.28
NP_001318911.1,False,10.912,-0.934,False,defense_signaling,17.448,-0.5376,False,defense_signaling,25.053,-0.2325,False,defense_signaling,NP_001318911.1 uncharacterized protein AT1G02990 [Arabidopsis thaliana],6.536,14.141
NP_175242.7,False,81.541,0.808,False,cell_death_HR,98.573,0.9384,False,defense_signaling,95.673,0.8578,False,defense_signaling,NP_175242.7 calcium-dependent lipid-binding family protein [Arabidopsis thaliana],17.032,14.132
NP_850960.1,False,83.902,0.6755,False,defense_signaling,99.499,0.991,True,defense_signaling,98.028,1.3274,False,cell_death_HR,NP_850960.1 Phosphatidylinositol 3- and 4-kinase family protein [Arabidopsis thaliana],15.597,14.126
NP_175359.2,False,83.902,0.6755,False,defense_signaling,99.499,0.991,True,defense_signaling,98.028,1.3274,False,cell_death_HR,NP_175359.2 Phosphatidylinositol 3- and 4-kinase family protein [Arabidopsis thaliana],15.597,14.126
NP_001323788.1,False,78.001,0.6067,False,defense_signaling,84.77,0.6847,False,defense_signaling,92.084,0.7904,False,defense_signaling,NP_001323788.1 transducin family protein / WD-40 repeat family protein [Arabidopsis thaliana],6.769,14.083
NP_001323161.1,False,84.267,0.6796,False,defense_signaling,99.507,0.9913,True,defense_signaling,98.028,1.3274,False,cell_death_HR,NP_001323161.1 Phosphatidylinositol 3- and 4-kinase family protein [Arabidopsis thaliana],15.24,13.761
NP_001323160.1,False,84.267,0.6796,False,defense_signaling,99.507,0.9913,True,defense_signaling,98.028,1.3274,False,cell_death_HR,NP_001323160.1 Phosphatidylinositol 3- and 4-kinase family protein [Arabidopsis thaliana],15.24,13.761
NP_193637.2,False,81.729,0.6486,False,defense_signaling,93.47,0.8137,False,defense_signaling,95.439,0.8518,False,defense_signaling,NP_193637.2 chromomethylase 2 [Arabidopsis thaliana],11.741,13.71
NP_001185436.1,False,58.075,0.3816,False,defense_signaling,82.602,0.6576,False,defense_signaling,71.714,0.5328,False,defense_signaling,NP_001185436.1 nuclear pore anchor [Arabidopsis thaliana],24.527,13.639
NP_001328820.1,False,34.059,0.0027,False,defense_signaling,42.537,0.1647,False,defense_signaling,47.643,0.2436,False,defense_signaling,NP_001328820.1 golgin family A protein [Arabidopsis thaliana],8.478,13.584
NP_191909.1,False,63.235,0.4412,False,defense_signaling,71.155,0.5282,False,defense_signaling,76.755,0.5902,False,defense_signaling,NP_191909.1 fibronectin type III domain protein (DUF1423) [Arabidopsis thaliana],7.92,13.52
NP_001326078.1,False,63.235,0.4412,False,defense_signaling,71.155,0.5282,False,defense_signaling,76.755,0.5902,False,defense_signaling,NP_001326078.1 fibronectin type III domain protein (DUF1423) [Arabidopsis thaliana],7.92,13.52
NP_198864.2,False,69.21,0.5883,False,cell_death_HR,77.951,0.7581,False,antimicrobial,82.706,0.8501,False,antimicrobial,NP_198864.2 embryo defective 3012 [Arabidopsis thaliana],8.741,13.496
NP_671774.4,False,42.963,0.1734,False,defense_signaling,51.248,0.2918,False,defense_signaling,56.319,0.3566,False,defense_signaling,NP_671774.4 uncharacterized protein AT2G04235 [Arabidopsis thaliana],8.285,13.356
NP_001328821.1,False,34.328,0.0088,False,defense_signaling,42.674,0.1675,False,defense_signaling,47.643,0.2436,False,defense_signaling,NP_001328821.1 golgin family A protein [Arabidopsis thaliana],8.346,13.315
NP_001185370.1,True,84.049,0.8684,False,antimicrobial,95.826,1.1694,False,antimicrobial,97.241,1.2222,False,antimicrobial,NP_001185370.1 EMS-MUTAGENIZED BRI1 SUPPRESSOR 1 [Arabidopsis thaliana],11.777,13.192
NP_001321098.1,False,86.471,0.9111,False,cell_death_HR,99.649,1.5449,True,cell_death_HR,99.63,1.5356,True,cell_death_HR,NP_001321098.1 Myosin family protein with Dil domain-containing protein [Arabidopsis thaliana],13.178,13.159
NP_177278.3,True,84.049,0.8684,False,antimicrobial,95.868,1.1707,False,antimicrobial,97.193,1.2213,False,antimicrobial,NP_177278.3 EMS-MUTAGENIZED BRI1 SUPPRESSOR 1 [Arabidopsis thaliana],11.819,13.144
NP_001320405.1,False,83.212,0.8394,False,cell_death_HR,98.693,0.944,False,defense_signaling,96.326,0.8723,False,defense_signaling,NP_001320405.1 calcium-dependent lipid-binding family protein [Arabidopsis thaliana],15.481,13.114
NP_177666.1,False,34.672,0.018,False,defense_signaling,42.436,0.1631,False,defense_signaling,47.728,0.2454,False,defense_signaling,NP_177666.1 auxin-like 1 protein [Arabidopsis thaliana],7.764,13.056
NP_001320612.1,False,34.672,0.018,False,defense_signaling,42.338,0.1609,False,defense_signaling,47.483,0.2411,False,defense_signaling,NP_001320612.1 auxin-like 1 protein [Arabidopsis thaliana],7.666,12.811
NP_172303.5,False,83.609,0.8672,False,antimicrobial,97.507,0.898,False,defense_signaling,96.339,0.8725,False,defense_signaling,NP_172303.5 DNA polymerase epsilon catalytic subunit [Arabidopsis thaliana],13.898,12.73
NP_001331458.1,False,64.536,0.5067,False,cell_death_HR,73.074,0.6525,False,cell_death_HR,77.234,0.7253,False,cell_death_HR,NP_001331458.1 peroxisome 1 [Arabidopsis thaliana],8.538,12.698
NP_001330246.1,False,86.061,0.7034,False,defense_signaling,97.589,0.9005,False,defense_signaling,98.5,0.9327,False,defense_signaling,NP_001330246.1 gamma-irradiation and mitomycin c induced 1 [Arabidopsis thaliana],11.528,12.439
NP_001330245.1,False,86.061,0.7034,False,defense_signaling,97.589,0.9005,False,defense_signaling,98.5,0.9327,False,defense_signaling,NP_001330245.1 gamma-irradiation and mitomycin c induced 1 [Arabidopsis thaliana],11.528,12.439
NP_177488.2,False,44.376,0.1953,False,defense_signaling,51.879,0.3003,False,defense_signaling,56.754,0.3619,False,defense_signaling,NP_177488.2 Protein kinase superfamily protein [Arabidopsis thaliana],7.503,12.378
NP_001319375.1,False,44.376,0.1953,False,defense_signaling,51.879,0.3003,False,defense_signaling,56.754,0.3619,False,defense_signaling,NP_001319375.1 Protein kinase superfamily protein [Arabidopsis thaliana],7.503,12.378
NP_001331593.1,False,36.952,0.0654,False,defense_signaling,41.752,0.1514,False,defense_signaling,49.315,0.2683,False,defense_signaling,NP_001331593.1 HhH-GPD base excision DNA repair family protein [Arabidopsis thaliana],4.8,12.363
NP_196076.2,False,36.952,0.0654,False,defense_signaling,41.752,0.1514,False,defense_signaling,49.315,0.2683,False,defense_signaling,NP_196076.2 HhH-GPD base excision DNA repair family protein [Arabidopsis thaliana],4.8,12.363
NP_001320183.1,False,74.161,0.5626,False,defense_signaling,81.627,0.7065,False,NBS_LRR,86.435,0.8111,False,NBS_LRR,NP_001320183.1 SNF2 domain-containing protein / helicase domain-containing protein / zinc finger protein-like protein [Arabidopsis thaliana],7.466,12.274
NP_001329724.1,False,83.237,0.6665,False,defense_signaling,92.626,0.7989,False,defense_signaling,95.439,0.8518,False,defense_signaling,NP_001329724.1 chromomethylase 2 [Arabidopsis thaliana],9.389,12.202
NP_001320408.1,False,84.172,0.8599,False,cell_death_HR,98.696,0.944,False,defense_signaling,96.29,0.8712,False,defense_signaling,NP_001320408.1 calcium-dependent lipid-binding family protein [Arabidopsis thaliana],14.524,12.118
NP_001320406.1,False,84.172,0.8599,False,cell_death_HR,98.696,0.944,False,defense_signaling,96.29,0.8712,False,defense_signaling,NP_001320406.1 calcium-dependent lipid-binding family protein [Arabidopsis thaliana],14.524,12.118
NP_197125.2,False,84.652,0.773,False,antimicrobial,93.107,0.8195,False,antimicrobial,96.727,0.8802,False,defense_signaling,NP_197125.2 HEAT repeat-containing protein [Arabidopsis thaliana],8.455,12.075
NP_173582.2,False,52.024,0.284,False,defense_signaling,59.232,0.3941,False,defense_signaling,63.993,0.4469,False,defense_signaling,NP_173582.2 Calcium-binding EF hand family protein [Arabidopsis thaliana],7.208,11.969
NP_001184894.1,False,13.171,-0.7815,False,defense_signaling,18.896,-0.4688,False,defense_signaling,25.053,-0.2325,False,defense_signaling,NP_001184894.1 uncharacterized protein AT1G02990 [Arabidopsis thaliana],5.725,11.882
NP_001320193.1,False,13.171,-0.7815,False,defense_signaling,18.896,-0.4688,False,defense_signaling,25.053,-0.2325,False,defense_signaling,NP_001320193.1 uncharacterized protein AT1G02990 [Arabidopsis thaliana],5.725,11.882
NP_001320195.1,False,13.171,-0.7815,False,defense_signaling,18.896,-0.4688,False,defense_signaling,25.053,-0.2325,False,defense_signaling,NP_001320195.1 uncharacterized protein AT1G02990 [Arabidopsis thaliana],5.725,11.882
NP_191737.1,False,51.669,0.298,False,defense_signaling,58.079,0.3797,False,defense_signaling,63.497,0.4415,False,defense_signaling,NP_191737.1 embryo defective 1703 [Arabidopsis thaliana],6.41,11.828
NP_001321110.1,False,61.873,0.4255,False,defense_signaling,67.967,0.4555,False,NBS_LRR,73.545,0.5482,False,NBS_LRR,NP_001321110.1 PHD finger family protein [Arabidopsis thaliana],6.094,11.672
NP_001154628.2,False,53.372,0.3032,False,cell_death_HR,60.074,0.4265,False,cell_death_HR,65.009,0.5138,False,cell_death_HR,NP_001154628.2 myosin 1 [Arabidopsis thaliana],6.702,11.637
NP_199293.3,False,88.064,0.7311,False,defense_signaling,94.999,0.8429,False,defense_signaling,99.593,0.9936,True,defense_signaling,NP_199293.3 chromatin remodeling 4 [Arabidopsis thaliana],6.935,11.529
NP_001330013.1,False,82.359,0.6563,False,defense_signaling,92.549,0.7979,False,defense_signaling,93.772,0.8203,False,defense_signaling,NP_001330013.1 HEAT repeat-containing protein [Arabidopsis thaliana],10.19,11.413
NP_001331337.1,False,14.605,-0.7018,False,defense_signaling,20.058,-0.4198,False,defense_signaling,25.985,-0.2046,False,defense_signaling,NP_001331337.1 dentin sialophosphoprotein-like protein [Arabidopsis thaliana],5.453,11.38
NP_001331336.1,False,14.605,-0.7018,False,defense_signaling,20.058,-0.4198,False,defense_signaling,25.985,-0.2046,False,defense_signaling,NP_001331336.1 dentin sialophosphoprotein-like protein [Arabidopsis thaliana],5.453,11.38
NP_001326409.1,False,45.137,0.2073,False,defense_signaling,51.169,0.2908,False,defense_signaling,56.467,0.3586,False,defense_signaling,NP_001326409.1 Kinase interacting (KIP1-like) family protein [Arabidopsis thaliana],6.032,11.33
NP_001319620.1,False,45.137,0.2073,False,defense_signaling,51.169,0.2908,False,defense_signaling,56.467,0.3586,False,defense_signaling,NP_001319620.1 Kinase interacting (KIP1-like) family protein [Arabidopsis thaliana],6.032,11.33
NP_188918.2,False,45.137,0.2073,False,defense_signaling,51.169,0.2908,False,defense_signaling,56.467,0.3586,False,defense_signaling,NP_188918.2 Kinase interacting (KIP1-like) family protein [Arabidopsis thaliana],6.032,11.33
NP_001321142.1,False,51.756,0.2867,False,defense_signaling,58.655,0.387,False,defense_signaling,62.966,0.4357,False,defense_signaling,NP_001321142.1 Calcium-binding EF hand family protein [Arabidopsis thaliana],6.899,11.21
NP_001324746.1,False,71.357,0.5318,False,defense_signaling,83.332,0.6673,False,defense_signaling,82.554,0.6565,False,defense_signaling,NP_001324746.1 alpha/beta-Hydrolases superfamily protein [Arabidopsis thaliana],11.975,11.197
NP_188412.2,False,73.375,0.5538,False,defense_signaling,81.613,0.6463,False,defense_signaling,84.548,0.6816,False,defense_signaling,NP_188412.2 Protein kinase superfamily protein [Arabidopsis thaliana],8.238,11.173
NP_001320715.1,False,88.717,0.9625,False,cell_death_HR,99.805,1.6173,True,cell_death_HR,99.852,1.639,True,cell_death_HR,NP_001320715.1 Myosin family protein with Dil domain-containing protein [Arabidopsis thaliana],11.088,11.135
NP_001325369.1,False,85.722,0.894,False,cell_death_HR,96.306,1.2166,False,cell_death_HR,96.814,1.2435,False,cell_death_HR,NP_001325369.1 myosin-like protein XIG [Arabidopsis thaliana],10.584,11.092
NP_001320407.1,False,84.172,0.8599,False,cell_death_HR,98.519,0.9357,False,defense_signaling,95.235,0.8512,False,cell_death_HR,NP_001320407.1 calcium-dependent lipid-binding family protein [Arabidopsis thaliana],14.347,11.063
NP_001318476.1,True,53.638,0.3234,False,defense_signaling,64.878,0.4561,False,defense_signaling,64.701,0.4541,False,defense_signaling,NP_001318476.1 calmodulin binding protein [Arabidopsis thaliana],11.24,11.063
NP_001332504.1,True,53.638,0.3234,False,defense_signaling,64.878,0.4561,False,defense_signaling,64.701,0.4541,False,defense_signaling,NP_001332504.1 calmodulin binding protein [Arabidopsis thaliana],11.24,11.063
NP_180749.2,False,85.893,0.8984,False,cell_death_HR,98.483,1.3643,False,cell_death_HR,96.862,1.2463,False,cell_death_HR,NP_180749.2 myosin-like protein XIF [Arabidopsis thaliana],12.59,10.969
NP_001318329.1,False,85.893,0.8984,False,cell_death_HR,98.483,1.3643,False,cell_death_HR,96.862,1.2463,False,cell_death_HR,NP_001318329.1 myosin-like protein XIF [Arabidopsis thaliana],12.59,10.969
NP_001323600.1,False,85.893,0.8984,False,cell_death_HR,98.432,1.3601,False,cell_death_HR,96.803,1.2433,False,cell_death_HR,NP_001323600.1 myosin-like protein XIF [Arabidopsis thaliana],12.539,10.91
NP_172349.2,False,88.724,0.9627,False,cell_death_HR,99.79,1.6104,True,cell_death_HR,99.63,1.5356,True,cell_death_HR,NP_172349.2 Myosin family protein with Dil domain-containing protein [Arabidopsis thaliana],11.066,10.906
NP_200649.1,False,78.972,0.6172,False,defense_signaling,79.208,0.6182,False,defense_signaling,89.791,0.7564,False,defense_signaling,NP_200649.1 HEAT/U-box domain-containing protein [Arabidopsis thaliana],0.236,10.819
NP_001324371.1,False,85.817,0.8967,False,cell_death_HR,93.771,1.1002,False,antimicrobial,96.635,1.1986,False,antimicrobial,NP_001324371.1 multidrug resistance-associated protein 2 [Arabidopsis thaliana],7.954,10.818
NP_001185435.1,False,60.97,0.4155,False,defense_signaling,82.494,0.6565,False,defense_signaling,71.714,0.5328,False,defense_signaling,NP_001185435.1 nuclear pore anchor [Arabidopsis thaliana],21.524,10.744
NP_001325368.1,False,85.722,0.894,False,cell_death_HR,96.509,1.226,False,cell_death_HR,96.433,1.223,False,cell_death_HR,NP_001325368.1 myosin-like protein XIG [Arabidopsis thaliana],10.787,10.711
NP_193447.5,False,86.066,0.9018,False,cell_death_HR,91.099,0.7747,False,defense_signaling,96.637,0.9655,False,antimicrobial,NP_193447.5 pleckstrin homology (PH) domain-containing protein [Arabidopsis thaliana],5.033,10.571
NP_001325367.1,False,85.722,0.894,False,cell_death_HR,96.088,1.207,False,cell_death_HR,96.162,1.1996,False,cell_death_HR,NP_001325367.1 myosin-like protein XIG [Arabidopsis thaliana],10.366,10.44
NP_001154245.1,False,86.467,0.9111,False,cell_death_HR,91.144,0.7754,False,defense_signaling,96.884,0.9819,False,antimicrobial,NP_001154245.1 pleckstrin homology (PH) domain-containing protein [Arabidopsis thaliana],4.677,10.417
NP_176681.4,False,27.301,-0.3028,False,NBS_LRR,34.265,-0.114,False,NBS_LRR,37.636,-0.0446,False,NBS_LRR,NP_176681.4 WEB family protein (DUF827) [Arabidopsis thaliana],6.964,10.335
NP_175858.1,False,89.531,0.9834,False,cell_death_HR,99.809,1.6248,True,cell_death_HR,99.852,1.639,True,cell_death_HR,NP_175858.1 Myosin family protein with Dil domain-containing protein [Arabidopsis thaliana],10.278,10.321
NP_001324639.1,False,46.313,0.2251,False,defense_signaling,52.949,0.3127,False,defense_signaling,56.319,0.3566,False,defense_signaling,NP_001324639.1 uncharacterized protein AT2G04235 [Arabidopsis thaliana],6.636,10.006
NP_001190747.1,False,86.097,0.9024,False,cell_death_HR,92.136,0.792,False,defense_signaling,96.007,0.9766,False,antimicrobial,NP_001190747.1 pleckstrin homology (PH) domain-containing protein [Arabidopsis thaliana],6.039,9.91
NP_568451.7,False,85.186,0.6913,False,defense_signaling,89.105,0.7471,False,defense_signaling,95.095,0.8445,False,defense_signaling,"NP_568451.7 vacuolar protein sorting-associated protein, putative (DUF1162) [Arabidopsis thaliana]",3.919,9.909
NP_001331613.1,False,85.186,0.6913,False,defense_signaling,89.796,0.7572,False,defense_signaling,95.095,0.8445,False,defense_signaling,"NP_001331613.1 vacuolar protein sorting-associated protein, putative (DUF1162) [Arabidopsis thaliana]",4.61,9.909
NP_001329979.1,False,84.527,0.887,False,antimicrobial,93.064,1.0533,False,antimicrobial,94.026,1.1042,False,antimicrobial,NP_001329979.1 glucan synthase-like 9 [Arabidopsis thaliana],8.537,9.499
NP_001329981.1,False,84.527,0.887,False,antimicrobial,93.064,1.0533,False,antimicrobial,94.026,1.1042,False,antimicrobial,NP_001329981.1 glucan synthase-like 9 [Arabidopsis thaliana],8.537,9.499
NP_001329982.1,False,84.527,0.887,False,antimicrobial,93.159,1.0597,False,antimicrobial,94.026,1.1042,False,antimicrobial,NP_001329982.1 glucan synthase-like 9 [Arabidopsis thaliana],8.632,9.499
NP_001318612.1,False,90.329,1.0042,False,cell_death_HR,99.817,1.6271,True,cell_death_HR,99.774,1.5971,True,cell_death_HR,NP_001318612.1 myosin family protein with Dil [Arabidopsis thaliana],9.488,9.445
NP_180285.4,False,62.589,0.4717,False,cell_death_HR,69.447,0.5916,False,cell_death_HR,71.993,0.6342,False,cell_death_HR,NP_180285.4 Structural maintenance of chromosomes (SMC) family protein [Arabidopsis thaliana],6.858,9.404
NP_001077968.1,False,62.589,0.4717,False,cell_death_HR,69.447,0.5916,False,cell_death_HR,71.993,0.6342,False,cell_death_HR,NP_001077968.1 Structural maintenance of chromosomes (SMC) family protein [Arabidopsis thaliana],6.858,9.404
NP_001318611.1,False,90.495,1.0087,False,cell_death_HR,99.822,1.6275,True,cell_death_HR,99.774,1.5971,True,cell_death_HR,"NP_001318611.1 myosin family protein with Dil, partial [Arabidopsis thaliana]",9.327,9.279
NP_180280.2,False,84.936,0.8943,False,antimicrobial,96.457,0.8755,False,defense_signaling,94.096,0.8856,False,antimicrobial,NP_180280.2 DNA polymerase epsilon catalytic subunit [Arabidopsis thaliana],11.521,9.16
NP_001322567.1,False,85.096,0.6899,False,defense_signaling,91.746,0.7855,False,defense_signaling,94.245,0.8306,False,antimicrobial,NP_001322567.1 eukaryotic translation initiation factor 2 (eIF-2) family protein [Arabidopsis thaliana],6.65,9.149
NP_001323059.1,False,88.257,0.8126,False,antimicrobial,95.596,1.16,False,antimicrobial,97.397,1.2291,False,antimicrobial,NP_001323059.1 EMS-MUTAGENIZED BRI1 SUPPRESSOR 1 [Arabidopsis thaliana],7.339,9.14
NP_001331534.1,False,14.24,-0.7214,False,defense_signaling,18.89,-0.469,False,defense_signaling,23.369,-0.2862,False,defense_signaling,NP_001331534.1 dentin sialophosphoprotein-like protein [Arabidopsis thaliana],4.65,9.129
NP_196415.1,False,14.24,-0.7214,False,defense_signaling,18.89,-0.469,False,defense_signaling,23.369,-0.2862,False,defense_signaling,NP_196415.1 dentin sialophosphoprotein-like protein [Arabidopsis thaliana],4.65,9.129
NP_179619.2,False,87.305,0.9303,False,cell_death_HR,96.805,1.2427,False,cell_death_HR,96.433,1.223,False,cell_death_HR,NP_179619.2 myosin-like protein XIG [Arabidopsis thaliana],9.5,9.128
NP_001190254.1,False,13.824,-0.7471,False,defense_signaling,18.499,-0.4875,False,defense_signaling,22.941,-0.3022,False,defense_signaling,NP_001190254.1 dentin sialophosphoprotein-like protein [Arabidopsis thaliana],4.675,9.117
NP_001190255.1,False,13.824,-0.7471,False,defense_signaling,18.499,-0.4875,False,defense_signaling,22.941,-0.3022,False,defense_signaling,NP_001190255.1 dentin sialophosphoprotein-like protein [Arabidopsis thaliana],4.675,9.117
NP_196411.1,False,13.824,-0.7471,False,defense_signaling,18.499,-0.4875,False,defense_signaling,22.941,-0.3022,False,defense_signaling,NP_196411.1 dentin sialophosphoprotein-like protein [Arabidopsis thaliana],4.675,9.117
NP_188044.1,False,74.75,0.6858,False,cell_death_HR,72.978,0.6511,False,cell_death_HR,83.848,0.8506,False,cell_death_HR,NP_188044.1 phosphatidylinositol-4-phosphate 5-kinase family protein [Arabidopsis thaliana],-1.772,9.098
NP_001319548.1,False,74.75,0.6858,False,cell_death_HR,72.978,0.6511,False,cell_death_HR,83.848,0.8506,False,cell_death_HR,NP_001319548.1 phosphatidylinositol-4-phosphate 5-kinase family protein [Arabidopsis thaliana],-1.772,9.098
NP_199203.1,False,90.719,1.014,False,cell_death_HR,99.537,1.5218,True,cell_death_HR,99.78,1.5984,True,cell_death_HR,NP_199203.1 myosin 2 [Arabidopsis thaliana],8.818,9.061
NP_001325161.1,False,84.936,0.8943,False,antimicrobial,96.376,0.8734,False,defense_signaling,93.966,0.8856,False,antimicrobial,NP_001325161.1 DNA polymerase epsilon catalytic subunit [Arabidopsis thaliana],11.44,9.03
NP_001328352.1,False,36.13,-0.0624,False,defense_signaling,42.27,0.0408,False,NBS_LRR,45.153,0.0922,False,NBS_LRR,NP_001328352.1 Haloacid dehalogenase-like hydrolase (HAD) superfamily protein [Arabidopsis thaliana],6.14,9.023
NP_001328353.1,False,36.13,-0.0624,False,defense_signaling,42.27,0.0408,False,NBS_LRR,45.153,0.0922,False,NBS_LRR,NP_001328353.1 Haloacid dehalogenase-like hydrolase (HAD) superfamily protein [Arabidopsis thaliana],6.14,9.023
NP_001328351.1,False,36.13,-0.0624,False,defense_signaling,42.27,0.0408,False,NBS_LRR,45.153,0.0922,False,NBS_LRR,NP_001328351.1 Haloacid dehalogenase-like hydrolase (HAD) superfamily protein [Arabidopsis thaliana],6.14,9.023
NP_001328350.1,False,36.13,-0.0624,False,defense_signaling,42.27,0.0408,False,NBS_LRR,45.153,0.0922,False,NBS_LRR,NP_001328350.1 Haloacid dehalogenase-like hydrolase (HAD) superfamily protein [Arabidopsis thaliana],6.14,9.023
NP_194349.2,False,36.13,-0.0624,False,defense_signaling,42.27,0.0408,False,NBS_LRR,45.153,0.0922,False,NBS_LRR,NP_194349.2 Haloacid dehalogenase-like hydrolase (HAD) superfamily protein [Arabidopsis thaliana],6.14,9.023
NP_171912.2,False,90.689,1.0131,False,cell_death_HR,99.421,1.4956,True,cell_death_HR,99.687,1.5593,True,cell_death_HR,NP_171912.2 myosin XI B [Arabidopsis thaliana],8.732,8.998
NP_178040.5,False,85.112,0.6901,False,defense_signaling,91.719,0.7847,False,defense_signaling,94.04,0.8256,False,defense_signaling,NP_178040.5 ARM repeat superfamily protein [Arabidopsis thaliana],6.607,8.928
NP_001325160.1,False,84.936,0.8943,False,antimicrobial,96.316,0.8724,False,defense_signaling,93.837,0.8856,False,antimicrobial,NP_001325160.1 DNA polymerase epsilon catalytic subunit [Arabidopsis thaliana],11.38,8.901
NP_564706.1,False,90.628,0.7685,False,defense_signaling,99.143,0.9693,True,defense_signaling,99.517,0.9885,True,defense_signaling,NP_564706.1 histone acetyltransferase of the CBP family 4 [Arabidopsis thaliana],8.515,8.889
NP_001331614.1,False,86.417,0.7082,False,defense_signaling,88.834,0.7428,False,defense_signaling,95.254,0.8473,False,defense_signaling,"NP_001331614.1 vacuolar protein sorting-associated protein, putative (DUF1162) [Arabidopsis thaliana]",2.417,8.837
NP_195157.2,False,88.672,0.7404,False,defense_signaling,96.805,0.8827,False,defense_signaling,97.411,0.8953,False,defense_signaling,NP_195157.2 alpha/beta-Hydrolases superfamily protein [Arabidopsis thaliana],8.133,8.739
NP_001318641.1,False,86.417,0.7082,False,defense_signaling,90.035,0.7599,False,defense_signaling,95.095,0.8445,False,defense_signaling,"NP_001318641.1 vacuolar protein sorting-associated protein, putative (DUF1162) [Arabidopsis thaliana]",3.618,8.678
NP_194431.3,False,72.568,0.5449,False,defense_signaling,71.344,0.5302,False,defense_signaling,81.231,0.6407,False,defense_signaling,NP_194431.3 ribosome 60S biogenesis amino-terminal protein [Arabidopsis thaliana],-1.224,8.663
NP_001321769.1,False,90.689,1.0131,False,cell_death_HR,98.72,1.3835,False,cell_death_HR,99.34,1.479,True,cell_death_HR,NP_001321769.1 myosin XI B [Arabidopsis thaliana],8.031,8.651
NP_001327778.1,False,78.113,0.746,False,cell_death_HR,82.225,0.6538,False,defense_signaling,86.75,0.7371,False,cell_death_HR,NP_001327778.1 SAC3/GANP/Nin1/mts3/eIF-3 p25 family [Arabidopsis thaliana],4.112,8.637
NP_001322767.1,False,83.609,0.8672,False,antimicrobial,96.403,0.8739,False,defense_signaling,92.233,0.8585,False,antimicrobial,NP_001322767.1 DNA polymerase epsilon catalytic subunit [Arabidopsis thaliana],12.794,8.624
NP_001319247.1,False,90.869,0.7713,False,defense_signaling,99.187,0.9724,True,defense_signaling,99.477,0.9861,True,defense_signaling,NP_001319247.1 histone acetyltransferase of the CBP family 4 [Arabidopsis thaliana],8.318,8.608
NP_001326662.1,False,39.59,0.1144,False,defense_signaling,44.352,0.1938,False,defense_signaling,48.197,0.2526,False,defense_signaling,NP_001326662.1 uncharacterized protein AT3G50370 [Arabidopsis thaliana],4.762,8.607
NP_190606.6,False,39.619,0.1148,False,defense_signaling,44.572,0.1974,False,defense_signaling,48.197,0.2526,False,defense_signaling,NP_190606.6 uncharacterized protein AT3G50370 [Arabidopsis thaliana],4.953,8.578
NP_199466.1,False,81.617,0.8282,False,antimicrobial,88.819,0.9722,False,antimicrobial,90.113,1.0011,False,antimicrobial,NP_199466.1 P-glycoprotein 7 [Arabidopsis thaliana],7.202,8.496
NP_001190465.1,False,91.395,1.0309,False,cell_death_HR,99.705,1.5683,True,cell_death_HR,99.78,1.5984,True,cell_death_HR,NP_001190465.1 myosin 2 [Arabidopsis thaliana],8.31,8.385
NP_197702.1,False,87.228,0.9207,False,antimicrobial,97.011,0.8875,False,defense_signaling,95.555,1.0225,False,antimicrobial,"NP_197702.1 Zinc finger, C3HC4 type (RING finger) family protein [Arabidopsis thaliana]",9.783,8.327
NP_001189503.1,False,71.357,0.5318,False,defense_signaling,80.972,0.6385,False,defense_signaling,79.596,0.6214,False,defense_signaling,NP_001189503.1 alpha/beta-Hydrolases superfamily protein [Arabidopsis thaliana],9.615,8.239
NP_001331612.1,False,86.417,0.7082,False,defense_signaling,89.885,0.7582,False,defense_signaling,94.619,0.8357,False,defense_signaling,"NP_001331612.1 vacuolar protein sorting-associated protein, putative (DUF1162) [Arabidopsis thaliana]",3.468,8.202
NP_177798.3,False,86.094,0.7036,False,defense_signaling,91.827,0.7872,False,defense_signaling,94.245,0.8306,False,antimicrobial,NP_177798.3 eukaryotic translation initiation factor 2 (eIF-2) family protein [Arabidopsis thaliana],5.733,8.151
NP_001320194.1,False,13.171,-0.7815,False,defense_signaling,17.29,-0.5454,False,defense_signaling,21.281,-0.3646,False,defense_signaling,NP_001320194.1 uncharacterized protein AT1G02990 [Arabidopsis thaliana],4.119,8.11
NP_001327752.1,True,79.605,0.6238,False,defense_signaling,82.95,0.662,False,defense_signaling,87.685,0.725,False,defense_signaling,NP_001327752.1 autophagy 2 [Arabidopsis thaliana],3.345,8.08
NP_001331639.1,False,81.711,0.6483,False,defense_signaling,80.621,0.6343,False,defense_signaling,89.791,0.7564,False,defense_signaling,NP_001331639.1 HEAT/U-box domain-containing protein [Arabidopsis thaliana],-1.09,8.08
NP_001327751.1,True,79.605,0.6238,False,defense_signaling,82.95,0.662,False,defense_signaling,87.685,0.725,False,defense_signaling,NP_001327751.1 autophagy 2 [Arabidopsis thaliana],3.345,8.08
NP_173516.1,False,83.736,0.6734,False,defense_signaling,90.49,0.7665,False,defense_signaling,91.789,0.887,False,antimicrobial,NP_173516.1 P-loop containing nucleoside triphosphate hydrolases superfamily protein [Arabidopsis thaliana],6.754,8.053
NP_001322013.1,False,83.736,0.6734,False,defense_signaling,90.49,0.7665,False,defense_signaling,91.789,0.887,False,antimicrobial,NP_001322013.1 P-loop containing nucleoside triphosphate hydrolases superfamily protein [Arabidopsis thaliana],6.754,8.053
NP_001322014.1,False,83.736,0.6734,False,defense_signaling,90.49,0.7665,False,defense_signaling,91.789,0.887,False,antimicrobial,NP_001322014.1 P-loop containing nucleoside triphosphate hydrolases superfamily protein [Arabidopsis thaliana],6.754,8.053
NP_001322012.1,False,83.736,0.6734,False,defense_signaling,90.49,0.7665,False,defense_signaling,91.789,0.887,False,antimicrobial,NP_001322012.1 P-loop containing nucleoside triphosphate hydrolases superfamily protein [Arabidopsis thaliana],6.754,8.053
NP_001322015.1,False,83.736,0.6734,False,defense_signaling,90.49,0.7665,False,defense_signaling,91.789,0.887,False,antimicrobial,NP_001322015.1 P-loop containing nucleoside triphosphate hydrolases superfamily protein [Arabidopsis thaliana],6.754,8.053
NP_001322011.1,False,83.736,0.6734,False,defense_signaling,90.49,0.7665,False,defense_signaling,91.789,0.887,False,antimicrobial,NP_001322011.1 P-loop containing nucleoside triphosphate hydrolases superfamily protein [Arabidopsis thaliana],6.754,8.053
NP_175425.2,True,91.326,0.9872,False,antimicrobial,99.062,1.1497,True,antimicrobial,99.27,1.1352,True,antimicrobial,NP_175425.2 target of rapamycin [Arabidopsis thaliana],7.736,7.944
NP_001329736.1,False,88.672,0.7404,False,defense_signaling,94.754,0.8391,False,defense_signaling,96.575,0.8773,False,defense_signaling,NP_001329736.1 alpha/beta-Hydrolases superfamily protein [Arabidopsis thaliana],6.082,7.903
NP_001322185.1,False,68.003,0.4944,False,defense_signaling,82.612,0.6579,False,defense_signaling,75.827,0.5806,False,defense_signaling,NP_001322185.1 P-loop containing nucleoside triphosphate hydrolases superfamily protein [Arabidopsis thaliana],14.609,7.824
NP_001117459.1,False,91.326,0.9872,False,antimicrobial,98.965,1.1511,False,antimicrobial,99.139,1.1352,True,antimicrobial,NP_001117459.1 target of rapamycin [Arabidopsis thaliana],7.639,7.813
NP_199559.1,False,83.584,0.6718,False,defense_signaling,90.136,0.7616,False,defense_signaling,91.375,0.7788,False,defense_signaling,NP_199559.1 RGPR-like protein [Arabidopsis thaliana],6.552,7.791
NP_001190590.1,False,87.05,0.7158,False,defense_signaling,95.656,0.8573,False,defense_signaling,94.833,0.886,False,PR_proteins,NP_001190590.1 DCD (Development and Cell Death) domain protein [Arabidopsis thaliana],8.606,7.783
NP_199560.1,False,83.519,0.6708,False,defense_signaling,89.444,0.7515,False,defense_signaling,91.243,0.7766,False,defense_signaling,NP_199560.1 RGPR-like protein [Arabidopsis thaliana],5.925,7.724
NP_001318753.1,False,83.519,0.6708,False,defense_signaling,89.444,0.7515,False,defense_signaling,91.243,0.7766,False,defense_signaling,NP_001318753.1 RGPR-like protein [Arabidopsis thaliana],5.925,7.724
NP_001318661.1,False,79.44,0.6761,False,NBS_LRR,85.458,0.7971,False,NBS_LRR,87.125,0.8373,False,NBS_LRR,NP_001318661.1 Frigida-like protein [Arabidopsis thaliana],6.018,7.685
NP_198074.1,False,79.44,0.6761,False,NBS_LRR,85.458,0.7971,False,NBS_LRR,87.125,0.8373,False,NBS_LRR,NP_198074.1 Frigida-like protein [Arabidopsis thaliana],6.018,7.685
NP_001328308.1,False,45.656,0.1442,False,cell_death_HR,50.093,0.2353,False,cell_death_HR,53.329,0.3028,False,cell_death_HR,NP_001328308.1 P-loop containing nucleoside triphosphate hydrolases superfamily protein [Arabidopsis thaliana],4.437,7.673
NP_001328309.1,False,45.656,0.1442,False,cell_death_HR,50.093,0.2353,False,cell_death_HR,53.329,0.3028,False,cell_death_HR,NP_001328309.1 P-loop containing nucleoside triphosphate hydrolases superfamily protein [Arabidopsis thaliana],4.437,7.673
NP_001190466.1,False,92.223,1.0547,False,cell_death_HR,99.726,1.5751,True,cell_death_HR,99.78,1.5984,True,cell_death_HR,NP_001190466.1 myosin 2 [Arabidopsis thaliana],7.503,7.557
NP_001321919.1,False,88.735,0.7417,False,defense_signaling,93.955,0.8241,False,defense_signaling,96.282,0.8711,False,defense_signaling,NP_001321919.1 FORMS APLOID AND BINUCLEATE CELLS 1A [Arabidopsis thaliana],5.22,7.547
NP_001326784.1,False,44.705,0.2003,False,defense_signaling,49.914,0.2754,False,defense_signaling,52.159,0.3036,False,defense_signaling,NP_001326784.1 uncharacterized protein AT3G12590 [Arabidopsis thaliana],5.209,7.454
NP_192116.1,False,90.317,1.0055,False,antimicrobial,97.934,1.2602,False,antimicrobial,97.768,1.3079,False,cell_death_HR,NP_192116.1 MUTS homolog 6 [Arabidopsis thaliana],7.617,7.451
NP_001328307.1,False,45.006,0.1302,False,cell_death_HR,49.213,0.2178,False,cell_death_HR,52.347,0.283,False,cell_death_HR,NP_001328307.1 P-loop containing nucleoside triphosphate hydrolases superfamily protein [Arabidopsis thaliana],4.207,7.341
NP_001190656.1,False,90.362,1.0068,False,antimicrobial,98.042,1.2681,False,antimicrobial,97.697,1.3031,False,cell_death_HR,NP_001190656.1 MUTS homolog 6 [Arabidopsis thaliana],7.68,7.335
NP_001323599.1,False,89.452,0.9813,False,cell_death_HR,97.691,1.3027,False,cell_death_HR,96.784,1.242,False,cell_death_HR,NP_001323599.1 myosin-like protein XIF [Arabidopsis thaliana],8.239,7.332
NP_001190085.1,False,89.363,0.7505,False,defense_signaling,99.747,1.0104,True,defense_signaling,96.666,1.1127,False,antimicrobial,NP_001190085.1 ROOT GROWTH DEFECTIVE 3 [Arabidopsis thaliana],10.384,7.303
NP_173201.2,False,92.549,1.0685,False,cell_death_HR,99.73,1.5778,True,cell_death_HR,99.797,1.6043,True,cell_death_HR,NP_173201.2 myosin 1 [Arabidopsis thaliana],7.181,7.248
NP_001322933.1,False,87.977,0.7297,False,defense_signaling,93.484,0.8139,False,defense_signaling,95.219,0.8467,False,defense_signaling,NP_001322933.1 ARM repeat superfamily protein [Arabidopsis thaliana],5.507,7.242
NP_194467.5,False,42.617,0.0789,False,cell_death_HR,46.661,0.1661,False,cell_death_HR,49.856,0.2307,False,cell_death_HR,NP_194467.5 P-loop containing nucleoside triphosphate hydrolases superfamily protein [Arabidopsis thaliana],4.044,7.239
NP_178075.1,False,42.864,0.1716,False,defense_signaling,49.882,0.275,False,defense_signaling,50.102,0.277,False,defense_signaling,NP_178075.1 kinase superfamily with octicosapeptide/Phox/Bem1p domain-containing protein [Arabidopsis thaliana],7.018,7.238
NP_001321988.1,False,42.864,0.1716,False,defense_signaling,49.882,0.275,False,defense_signaling,50.102,0.277,False,defense_signaling,NP_001321988.1 kinase superfamily with octicosapeptide/Phox/Bem1p domain-containing protein [Arabidopsis thaliana],7.018,7.238
NP_001319776.1,False,86.423,0.7082,False,defense_signaling,92.811,0.8019,False,defense_signaling,93.49,0.8143,False,defense_signaling,NP_001319776.1 DNA helicase INO80-like protein [Arabidopsis thaliana],6.388,7.067
NP_191289.2,False,86.423,0.7082,False,defense_signaling,92.811,0.8019,False,defense_signaling,93.49,0.8143,False,defense_signaling,NP_191289.2 DNA helicase INO80-like protein [Arabidopsis thaliana],6.388,7.067
NP_001332208.1,False,25.972,-0.206,False,defense_signaling,29.825,-0.0999,False,defense_signaling,33.038,-0.0203,False,defense_signaling,NP_001332208.1 RING/FYVE/PHD zinc finger superfamily protein [Arabidopsis thaliana],3.853,7.066
NP_197170.3,False,25.972,-0.206,False,defense_signaling,29.825,-0.0999,False,defense_signaling,33.038,-0.0203,False,defense_signaling,NP_197170.3 RING/FYVE/PHD zinc finger superfamily protein [Arabidopsis thaliana],3.853,7.066
NP_001324638.1,False,46.313,0.2251,False,defense_signaling,50.451,0.2821,False,defense_signaling,53.368,0.3182,False,defense_signaling,NP_001324638.1 uncharacterized protein AT2G04235 [Arabidopsis thaliana],4.138,7.055
NP_001319022.1,False,65.071,0.4606,False,defense_signaling,72.307,0.5405,False,defense_signaling,72.124,0.5375,False,defense_signaling,NP_001319022.1 P-loop containing nucleoside triphosphate hydrolases superfamily protein [Arabidopsis thaliana],7.236,7.053
NP_001322314.1,False,88.271,0.9526,False,cell_death_HR,95.212,1.1657,False,cell_death_HR,95.255,1.1433,False,antimicrobial,NP_001322314.1 2-oxoglutarate decarboxylase/hydro-lyase/magnesium ion-binding protein [Arabidopsis thaliana],6.941,6.984
NP_001190898.1,False,90.083,0.9985,False,cell_death_HR,97.285,1.2706,False,cell_death_HR,97.005,1.2539,False,cell_death_HR,NP_001190898.1 myosin [Arabidopsis thaliana],7.202,6.922
NP_001322258.1,False,43.921,0.1885,False,defense_signaling,46.493,0.2272,False,defense_signaling,50.837,0.2865,False,defense_signaling,NP_001322258.1 kinase interacting (KIP1-like) family protein [Arabidopsis thaliana],2.572,6.916
NP_001322259.1,False,43.921,0.1885,False,defense_signaling,46.493,0.2272,False,defense_signaling,50.837,0.2865,False,defense_signaling,NP_001322259.1 kinase interacting (KIP1-like) family protein [Arabidopsis thaliana],2.572,6.916
NP_171807.2,False,43.921,0.1885,False,defense_signaling,46.493,0.2272,False,defense_signaling,50.837,0.2865,False,defense_signaling,NP_171807.2 kinase interacting (KIP1-like) family protein [Arabidopsis thaliana],2.572,6.916
NP_174686.1,False,89.367,0.7505,False,defense_signaling,94.936,0.8417,False,defense_signaling,96.282,0.8711,False,defense_signaling,NP_174686.1 FORMS APLOID AND BINUCLEATE CELLS 1A [Arabidopsis thaliana],5.569,6.915
NP_001319143.1,False,89.367,0.7505,False,defense_signaling,94.936,0.8417,False,defense_signaling,96.282,0.8711,False,defense_signaling,NP_001319143.1 FORMS APLOID AND BINUCLEATE CELLS 1A [Arabidopsis thaliana],5.569,6.915
NP_001321920.1,False,89.367,0.7505,False,defense_signaling,94.936,0.8417,False,defense_signaling,96.282,0.8711,False,defense_signaling,NP_001321920.1 FORMS APLOID AND BINUCLEATE CELLS 1A [Arabidopsis thaliana],5.569,6.915
NP_193464.5,False,18.679,-0.4829,False,defense_signaling,23.427,-0.288,False,defense_signaling,25.463,-0.2202,False,defense_signaling,NP_193464.5 G2484-1 protein [Arabidopsis thaliana],4.748,6.784
NP_001329269.1,False,18.679,-0.4829,False,defense_signaling,23.427,-0.288,False,defense_signaling,25.463,-0.2202,False,defense_signaling,NP_001329269.1 G2484-1 protein [Arabidopsis thaliana],4.748,6.784
NP_001031433.1,False,71.111,0.5292,False,defense_signaling,76.662,0.5904,False,defense_signaling,77.886,0.6027,False,defense_signaling,NP_001031433.1 coiled-coil protein [Arabidopsis thaliana],5.551,6.775
NP_180357.2,False,71.111,0.5292,False,defense_signaling,76.662,0.5904,False,defense_signaling,77.886,0.6027,False,defense_signaling,NP_180357.2 coiled-coil protein [Arabidopsis thaliana],5.551,6.775
NP_176659.6,True,90.161,0.7621,False,defense_signaling,96.474,1.1946,False,antimicrobial,96.762,1.0604,False,cell_death_HR,NP_176659.6 ILITYHIA [Arabidopsis thaliana],6.313,6.601
NP_001031018.1,False,54.173,0.317,False,cell_death_HR,57.716,0.3818,False,cell_death_HR,60.742,0.4394,False,cell_death_HR,NP_001031018.1 Nucleoporin autopeptidase [Arabidopsis thaliana],3.543,6.569
NP_001320682.1,False,54.173,0.317,False,cell_death_HR,57.716,0.3818,False,cell_death_HR,60.742,0.4394,False,cell_death_HR,NP_001320682.1 Nucleoporin autopeptidase [Arabidopsis thaliana],3.543,6.569
NP_172510.2,False,54.173,0.317,False,cell_death_HR,57.716,0.3818,False,cell_death_HR,60.742,0.4394,False,cell_death_HR,NP_172510.2 Nucleoporin autopeptidase [Arabidopsis thaliana],3.543,6.569
NP_194600.2,False,93.19,1.0881,False,cell_death_HR,99.627,1.5376,True,cell_death_HR,99.728,1.5731,True,cell_death_HR,NP_194600.2 Myosin family protein with Dil domain-containing protein [Arabidopsis thaliana],6.437,6.538
NP_001332026.1,True,91.461,1.0075,False,NBS_LRR,95.327,1.1901,False,NBS_LRR,97.955,1.4625,False,NBS_LRR,NP_001332026.1 Disease resistance protein (TIR-NBS-LRR class) [Arabidopsis thaliana],3.866,6.494
NP_001318538.1,True,91.461,1.0075,False,NBS_LRR,95.327,1.1901,False,NBS_LRR,97.955,1.4625,False,NBS_LRR,NP_001318538.1 Disease resistance protein (TIR-NBS-LRR class) [Arabidopsis thaliana],3.866,6.494
NP_190996.3,False,90.391,0.7651,False,defense_signaling,99.685,1.0065,True,defense_signaling,96.741,1.1272,False,antimicrobial,NP_190996.3 ROOT GROWTH DEFECTIVE 3 [Arabidopsis thaliana],9.294,6.35
NP_001117525.1,False,79.891,0.6273,False,defense_signaling,81.582,0.6777,False,NBS_LRR,86.233,0.8313,False,cell_death_HR,NP_001117525.1 SNF2 domain-containing protein / helicase domain-containing protein / zinc finger protein-like protein [Arabidopsis thaliana],1.691,6.342
NP_171798.2,False,10.912,-0.934,False,defense_signaling,14.143,-0.7205,False,defense_signaling,17.153,-0.5515,False,defense_signaling,NP_171798.2 uncharacterized protein AT1G02990 [Arabidopsis thaliana],3.231,6.241
NP_177903.5,False,64.728,0.4576,False,defense_signaling,69.54,0.5092,False,defense_signaling,70.826,0.5237,False,defense_signaling,NP_177903.5 PHD finger family protein [Arabidopsis thaliana],4.812,6.098
NP_001325833.1,False,68.383,0.4983,False,defense_signaling,72.493,0.543,False,defense_signaling,74.455,0.5646,False,defense_signaling,NP_001325833.1 DNA binding protein [Arabidopsis thaliana],4.11,6.072
NP_001325832.1,False,68.383,0.4983,False,defense_signaling,72.493,0.543,False,defense_signaling,74.455,0.5646,False,defense_signaling,NP_001325832.1 DNA binding protein [Arabidopsis thaliana],4.11,6.072
NP_196872.1,False,88.209,0.8772,False,antimicrobial,92.709,0.9008,False,antimicrobial,94.256,0.8879,False,antimicrobial,NP_196872.1 IKI3 family protein [Arabidopsis thaliana],4.5,6.047
NP_001185422.1,False,64.728,0.4576,False,defense_signaling,69.471,0.5081,False,defense_signaling,70.674,0.5221,False,defense_signaling,NP_001185422.1 PHD finger family protein [Arabidopsis thaliana],4.743,5.946
NP_001328040.1,False,86.931,0.9207,False,cell_death_HR,94.322,1.1314,False,cell_death_HR,92.818,1.0751,False,cell_death_HR,NP_001328040.1 SEC7-like guanine nucleotide exchange family protein [Arabidopsis thaliana],7.391,5.887
NP_001328421.1,False,36.818,-0.0688,False,NBS_LRR,41.038,0.0187,False,NBS_LRR,42.696,0.0481,False,NBS_LRR,NP_001328421.1 WEB family protein (DUF827) [Arabidopsis thaliana],4.22,5.878
NP_001154724.1,False,93.92,1.1151,False,cell_death_HR,99.836,1.6385,True,cell_death_HR,99.774,1.5971,True,cell_death_HR,NP_001154724.1 myosin family protein with Dil [Arabidopsis thaliana],5.916,5.854
NP_001320076.1,False,36.903,-0.0672,False,NBS_LRR,41.131,0.0204,False,NBS_LRR,42.696,0.0481,False,NBS_LRR,NP_001320076.1 WEB family protein (DUF827) [Arabidopsis thaliana],4.228,5.793
NP_195046.3,False,90.083,0.9985,False,cell_death_HR,97.39,1.2755,False,cell_death_HR,95.868,1.1961,False,cell_death_HR,NP_195046.3 myosin [Arabidopsis thaliana],7.307,5.785
NP_188284.1,False,92.812,1.0759,False,cell_death_HR,96.631,1.2331,False,cell_death_HR,98.558,1.3689,False,cell_death_HR,NP_188284.1 translocon outer complex protein 120 [Arabidopsis thaliana],3.819,5.746
NP_001328260.1,False,90.083,0.9985,False,cell_death_HR,97.399,1.2759,False,cell_death_HR,95.812,1.1939,False,cell_death_HR,NP_001328260.1 myosin [Arabidopsis thaliana],7.316,5.729
NP_001185313.1,True,90.866,0.7713,False,defense_signaling,95.999,1.1738,False,antimicrobial,96.594,1.181,False,antimicrobial,NP_001185313.1 ILITYHIA [Arabidopsis thaliana],5.133,5.728
NP_200156.1,False,21.591,-0.3564,False,defense_signaling,24.579,-0.2479,False,defense_signaling,27.276,-0.1678,False,defense_signaling,NP_200156.1 LOW protein: zinc finger CCCH domain protein [Arabidopsis thaliana],2.988,5.685
NP_001319396.1,False,90.818,1.0176,False,antimicrobial,96.913,0.903,False,antimicrobial,96.332,1.009,False,antimicrobial,NP_001319396.1 ARM repeat superfamily protein [Arabidopsis thaliana],6.095,5.514
NP_001185420.1,False,90.818,1.0176,False,antimicrobial,97.171,0.8944,False,antimicrobial,96.258,1.009,False,antimicrobial,NP_001185420.1 ARM repeat superfamily protein [Arabidopsis thaliana],6.353,5.44
NP_001319608.1,False,68.492,0.4996,False,defense_signaling,72.276,0.54,False,defense_signaling,73.931,0.5578,False,defense_signaling,NP_001319608.1 DNA binding protein [Arabidopsis thaliana],3.784,5.439
NP_568276.2,False,65.648,0.4678,False,defense_signaling,66.789,0.478,False,defense_signaling,71.015,0.5048,False,NBS_LRR,NP_568276.2 Heat shock protein DnaJ with tetratricopeptide repeat-containing protein [Arabidopsis thaliana],1.141,5.367
NP_850083.1,False,82.666,0.6599,False,defense_signaling,87.705,0.7252,False,defense_signaling,88.033,0.7311,False,defense_signaling,NP_850083.1 Transducin family protein / WD-40 repeat family protein [Arabidopsis thaliana],5.039,5.367
NP_001329268.1,False,20.111,-0.418,False,defense_signaling,23.339,-0.2924,False,defense_signaling,25.463,-0.2202,False,defense_signaling,NP_001329268.1 G2484-1 protein [Arabidopsis thaliana],3.228,5.352
NP_001322007.1,False,64.719,0.4575,False,defense_signaling,65.105,0.4587,False,defense_signaling,70.06,0.5152,False,defense_signaling,NP_001322007.1 ATP-dependent helicase family protein [Arabidopsis thaliana],0.386,5.341
NP_174115.1,False,83.689,0.8688,False,antimicrobial,88.329,0.9622,False,antimicrobial,88.969,0.9759,False,antimicrobial,NP_174115.1 P-glycoprotein 13 [Arabidopsis thaliana],4.64,5.28
NP_188534.2,False,92.041,0.7898,False,defense_signaling,97.071,0.8884,False,defense_signaling,97.274,0.8923,False,defense_signaling,NP_188534.2 histone acetyltransferase of the TAFII250 family 2 [Arabidopsis thaliana],5.03,5.233
NP_001154282.2,False,81.148,0.6417,False,defense_signaling,89.607,0.754,False,defense_signaling,86.371,0.7064,False,defense_signaling,NP_001154282.2 Tetratricopeptide repeat (TPR)-like superfamily protein [Arabidopsis thaliana],8.459,5.223
NP_176676.3,False,89.9,0.758,False,defense_signaling,95.032,0.8437,False,defense_signaling,95.082,0.8443,False,defense_signaling,NP_176676.3 ARM repeat superfamily protein [Arabidopsis thaliana],5.132,5.182
NP_850351.1,False,71.016,0.5283,False,defense_signaling,73.995,0.5561,False,NBS_LRR,76.178,0.5973,False,NBS_LRR,NP_850351.1 Heat shock protein DnaJ with tetratricopeptide repeat-containing protein [Arabidopsis thaliana],2.979,5.162
NP_191656.2,False,83.185,0.8591,False,antimicrobial,86.031,0.9161,False,antimicrobial,88.344,0.962,False,antimicrobial,NP_191656.2 multidrug resistance-associated protein 15 [Arabidopsis thaliana],2.846,5.159
NP_192091.1,False,82.393,0.8242,False,cell_death_HR,88.817,0.9647,False,cell_death_HR,87.533,0.9337,False,cell_death_HR,NP_192091.1 P-glycoprotein 3 [Arabidopsis thaliana],6.424,5.14
NP_001329515.1,False,48.055,0.2503,False,defense_signaling,52.212,0.3043,False,defense_signaling,53.15,0.3155,False,defense_signaling,NP_001329515.1 RING/U-box protein [Arabidopsis thaliana],4.157,5.095
NP_001318968.1,True,78.95,0.7606,False,cell_death_HR,83.333,0.8417,False,cell_death_HR,84.039,0.8544,False,cell_death_HR,NP_001318968.1 NF-X-like 1 [Arabidopsis thaliana],4.383,5.089
NP_172488.1,True,78.95,0.7606,False,cell_death_HR,83.333,0.8417,False,cell_death_HR,84.039,0.8544,False,cell_death_HR,NP_172488.1 NF-X-like 1 [Arabidopsis thaliana],4.383,5.089
NP_001324009.1,False,59.662,0.4019,False,defense_signaling,74.575,0.5661,False,defense_signaling,64.662,0.4537,False,defense_signaling,NP_001324009.1 embryo defective 2410 [Arabidopsis thaliana],14.913,5.0
NP_001324008.1,False,59.662,0.4019,False,defense_signaling,74.575,0.5661,False,defense_signaling,64.662,0.4537,False,defense_signaling,NP_001324008.1 embryo defective 2410 [Arabidopsis thaliana],14.913,5.0
NP_181056.2,True,83.339,0.6682,False,defense_signaling,87.027,0.7157,False,defense_signaling,88.331,0.7352,False,defense_signaling,NP_181056.2 transcription activator [Arabidopsis thaliana],3.688,4.992
NP_001190973.1,False,89.139,0.9797,False,antimicrobial,92.59,1.0643,False,antimicrobial,94.103,1.1066,False,antimicrobial,NP_001190973.1 peroxisomal ABC transporter 1 [Arabidopsis thaliana],3.451,4.964
NP_001321106.1,False,63.636,0.4457,False,defense_signaling,67.845,0.4903,False,defense_signaling,68.59,0.476,False,defense_signaling,NP_001321106.1 PHD finger family protein [Arabidopsis thaliana],4.209,4.954
NP_195209.2,False,73.867,0.5617,False,NBS_LRR,76.993,0.6117,False,NBS_LRR,78.814,0.6128,False,defense_signaling,NP_195209.2 Pentatricopeptide repeat (PPR) superfamily protein [Arabidopsis thaliana],3.126,4.947
NP_001324213.1,False,87.191,0.8638,False,NBS_LRR,91.227,0.9619,False,NBS_LRR,92.112,0.9445,False,NBS_LRR,NP_001324213.1 myosin XI D [Arabidopsis thaliana],4.036,4.921
NP_192866.1,False,81.982,0.6521,False,defense_signaling,86.414,0.7077,False,defense_signaling,86.889,0.7129,False,defense_signaling,NP_192866.1 Transducin/WD40 repeat-like superfamily protein [Arabidopsis thaliana],4.432,4.907
NP_001329550.1,False,81.982,0.6521,False,defense_signaling,86.414,0.7077,False,defense_signaling,86.889,0.7129,False,defense_signaling,NP_001329550.1 Transducin/WD40 repeat-like superfamily protein [Arabidopsis thaliana],4.432,4.907
NP_001190972.1,False,88.259,0.9611,False,antimicrobial,91.852,1.0433,False,antimicrobial,93.15,1.0793,False,antimicrobial,NP_001190972.1 peroxisomal ABC transporter 1 [Arabidopsis thaliana],3.593,4.891
NP_001322807.1,False,82.191,0.6546,False,defense_signaling,85.245,0.6915,False,defense_signaling,87.043,0.7153,False,defense_signaling,NP_001322807.1 Transducin/WD40 repeat-like superfamily protein [Arabidopsis thaliana],3.054,4.852
NP_195132.3,False,53.488,0.3214,False,defense_signaling,56.116,0.3545,False,defense_signaling,58.331,0.3831,False,defense_signaling,NP_195132.3 demeter-like protein 3 [Arabidopsis thaliana],2.628,4.843
NP_176860.2,False,94.119,0.9098,False,RLK_defense,97.608,1.1512,False,RLK_defense,98.952,1.3437,False,RLK_defense,NP_176860.2 Protein kinase superfamily protein [Arabidopsis thaliana],3.489,4.833
NP_001328232.1,False,89.509,0.9879,False,antimicrobial,92.851,1.0717,False,antimicrobial,94.307,1.113,False,antimicrobial,NP_001328232.1 peroxisomal ABC transporter 1 [Arabidopsis thaliana],3.342,4.798
NP_568072.1,False,89.509,0.9879,False,antimicrobial,92.851,1.0717,False,antimicrobial,94.307,1.113,False,antimicrobial,NP_568072.1 peroxisomal ABC transporter 1 [Arabidopsis thaliana],3.342,4.798
NP_563806.1,True,64.56,0.4557,False,defense_signaling,64.842,0.4558,False,defense_signaling,69.294,0.5064,False,defense_signaling,NP_563806.1 ATP-dependent helicase family protein [Arabidopsis thaliana],0.282,4.734
NP_849608.1,True,64.56,0.4557,False,defense_signaling,64.842,0.4558,False,defense_signaling,69.294,0.5064,False,defense_signaling,NP_849608.1 ATP-dependent helicase family protein [Arabidopsis thaliana],0.282,4.734
NP_181228.1,False,87.322,0.9307,False,cell_death_HR,92.574,1.064,False,antimicrobial,92.051,1.0493,False,antimicrobial,NP_181228.1 ATP binding cassette subfamily B1 [Arabidopsis thaliana],5.252,4.729
NP_001319898.1,False,47.452,0.2414,False,defense_signaling,51.692,0.2973,False,defense_signaling,52.179,0.3039,False,defense_signaling,NP_001319898.1 RING/U-box protein [Arabidopsis thaliana],4.24,4.727
NP_001329729.1,False,88.672,0.7404,False,defense_signaling,93.648,0.8175,False,defense_signaling,93.387,0.8116,False,defense_signaling,NP_001329729.1 alpha/beta-Hydrolases superfamily protein [Arabidopsis thaliana],4.976,4.715
NP_001323074.1,False,78.95,0.7606,False,cell_death_HR,83.173,0.8384,False,cell_death_HR,83.648,0.8457,False,cell_death_HR,NP_001323074.1 NF-X-like 1 [Arabidopsis thaliana],4.223,4.698
NP_172538.1,False,83.626,0.8508,False,antimicrobial,88.404,0.9635,False,antimicrobial,88.323,0.9617,False,antimicrobial,NP_172538.1 P-glycoprotein 10 [Arabidopsis thaliana],4.778,4.697
NP_680770.2,False,94.3,0.872,False,antimicrobial,98.861,0.9531,False,defense_signaling,98.988,1.0954,False,antimicrobial,NP_680770.2 phosphotransferases/inositol or phosphatidylinositol kinase [Arabidopsis thaliana],4.561,4.688
NP_001190933.1,False,94.3,0.872,False,antimicrobial,98.876,0.9539,False,defense_signaling,98.988,1.0879,False,antimicrobial,NP_001190933.1 phosphotransferases/inositol or phosphatidylinositol kinase [Arabidopsis thaliana],4.576,4.688
NP_001190934.1,False,94.3,0.872,False,antimicrobial,98.857,0.953,False,defense_signaling,98.988,1.0856,False,antimicrobial,NP_001190934.1 phosphotransferases/inositol or phosphatidylinositol kinase [Arabidopsis thaliana],4.557,4.688
NP_973659.1,False,71.274,0.5311,False,defense_signaling,73.91,0.5585,False,defense_signaling,75.912,0.5816,False,defense_signaling,NP_973659.1 Heat shock protein DnaJ with tetratricopeptide repeat-containing protein [Arabidopsis thaliana],2.636,4.638
NP_196230.2,False,86.035,0.9015,False,cell_death_HR,88.786,0.9641,False,cell_death_HR,90.62,1.0098,False,cell_death_HR,NP_196230.2 ARM repeat superfamily protein [Arabidopsis thaliana],2.751,4.585
NP_001190897.1,False,90.083,0.9985,False,cell_death_HR,96.698,1.2364,False,cell_death_HR,94.654,1.1434,False,cell_death_HR,NP_001190897.1 myosin [Arabidopsis thaliana],6.615,4.571
NP_001322207.1,False,92.51,0.7969,False,defense_signaling,96.364,1.1892,False,antimicrobial,96.98,1.1146,False,antimicrobial,NP_001322207.1 ILITYHIA [Arabidopsis thaliana],3.854,4.47
NP_001332197.1,False,88.619,0.7397,False,defense_signaling,92.306,0.7942,False,defense_signaling,93.082,0.8059,False,defense_signaling,NP_001332197.1 Ubiquitin carboxyl-terminal hydrolase-related protein [Arabidopsis thaliana],3.687,4.463
NP_566899.1,False,85.919,0.8278,False,NBS_LRR,88.006,0.7989,False,NBS_LRR,90.34,0.8279,False,NBS_LRR,NP_566899.1 uncharacterized protein AT3G48200 [Arabidopsis thaliana],2.087,4.421
NP_188785.2,False,50.155,0.2771,False,defense_signaling,54.536,0.2772,False,defense_signaling,54.552,0.2755,False,defense_signaling,NP_188785.2 BRCT domain-containing DNA repair protein [Arabidopsis thaliana],4.381,4.397
NP_001185167.1,False,63.39,0.443,False,defense_signaling,65.86,0.4677,False,defense_signaling,67.762,0.4898,False,defense_signaling,NP_001185167.1 filament-like protein (DUF869) [Arabidopsis thaliana],2.47,4.372
NP_201037.1,False,87.074,0.7162,False,defense_signaling,90.037,0.7599,False,defense_signaling,91.443,0.7802,False,defense_signaling,"NP_201037.1 AGC (cAMP-dependent, cGMP-dependent and protein kinase C) kinase family protein [Arabidopsis thaliana]",2.963,4.369
NP_001154662.2,True,91.534,0.7807,False,defense_signaling,95.789,1.2134,False,NBS_LRR,95.895,1.2357,False,NBS_LRR,NP_001154662.2 dicer-like 3 [Arabidopsis thaliana],4.255,4.361
NP_001322347.1,False,63.562,0.4448,False,defense_signaling,66.018,0.4692,False,defense_signaling,67.89,0.491,False,defense_signaling,NP_001322347.1 filament-like protein (DUF869) [Arabidopsis thaliana],2.456,4.328
NP_175226.1,False,63.562,0.4448,False,defense_signaling,66.018,0.4692,False,defense_signaling,67.89,0.491,False,defense_signaling,NP_175226.1 filament-like protein (DUF869) [Arabidopsis thaliana],2.456,4.328
NP_001331244.1,False,21.591,-0.3564,False,defense_signaling,23.976,-0.2703,False,defense_signaling,25.88,-0.2077,False,defense_signaling,NP_001331244.1 LOW protein: zinc finger CCCH domain protein [Arabidopsis thaliana],2.385,4.289
NP_179383.3,False,94.619,0.8778,False,antimicrobial,98.805,0.9498,False,defense_signaling,98.905,1.0865,False,antimicrobial,NP_179383.3 Phosphatidylinositol 3- and 4-kinase family protein with FAT domain-containing protein [Arabidopsis thaliana],4.186,4.286
NP_001329734.1,False,88.672,0.7404,False,defense_signaling,93.814,0.8206,False,defense_signaling,92.943,0.803,False,defense_signaling,NP_001329734.1 alpha/beta-Hydrolases superfamily protein [Arabidopsis thaliana],5.142,4.271
NP_192092.1,False,81.623,0.81,False,cell_death_HR,87.52,0.9352,False,cell_death_HR,85.892,0.898,False,antimicrobial,NP_192092.1 P-glycoprotein 5 [Arabidopsis thaliana],5.897,4.269
NP_001323064.1,False,83.943,0.676,False,defense_signaling,88.596,0.7397,False,defense_signaling,88.2,0.733,False,defense_signaling,NP_001323064.1 SIN3-like 4 [Arabidopsis thaliana],4.653,4.257
NP_177163.3,False,83.943,0.676,False,defense_signaling,88.596,0.7397,False,defense_signaling,88.2,0.733,False,defense_signaling,NP_177163.3 SIN3-like 4 [Arabidopsis thaliana],4.653,4.257
NP_001327580.1,False,92.828,0.8014,False,defense_signaling,97.112,0.8896,False,defense_signaling,97.052,0.8875,False,defense_signaling,NP_001327580.1 histone acetyltransferase of the TAFII250 family 2 [Arabidopsis thaliana],4.284,4.224
NP_001154659.1,False,86.94,0.7143,False,defense_signaling,91.694,0.7843,False,defense_signaling,91.113,0.7748,False,defense_signaling,NP_001154659.1 Transducin family protein / WD-40 repeat family protein [Arabidopsis thaliana],4.754,4.173
NP_188550.3,True,79.605,0.6238,False,defense_signaling,80.571,0.6337,False,defense_signaling,83.774,0.6726,False,defense_signaling,NP_188550.3 autophagy 2 [Arabidopsis thaliana],0.966,4.169
NP_176510.1,False,94.219,1.1257,False,cell_death_HR,97.444,1.2799,False,cell_death_HR,98.349,1.3519,False,cell_death_HR,NP_176510.1 Transcription elongation factor Spt6 [Arabidopsis thaliana],3.225,4.13
NP_193212.4,False,47.894,0.2477,False,defense_signaling,52.23,0.3044,False,defense_signaling,51.979,0.3015,False,defense_signaling,NP_193212.4 kinase interacting (KIP1-like) family protein [Arabidopsis thaliana],4.336,4.085
NP_001329579.1,False,47.894,0.2477,False,defense_signaling,52.23,0.3044,False,defense_signaling,51.979,0.3015,False,defense_signaling,NP_001329579.1 kinase interacting (KIP1-like) family protein [Arabidopsis thaliana],4.336,4.085
NP_001329578.1,False,47.894,0.2477,False,defense_signaling,52.23,0.3044,False,defense_signaling,51.979,0.3015,False,defense_signaling,NP_001329578.1 kinase interacting (KIP1-like) family protein [Arabidopsis thaliana],4.336,4.085
NP_001329577.1,False,47.894,0.2477,False,defense_signaling,52.23,0.3044,False,defense_signaling,51.979,0.3015,False,defense_signaling,NP_001329577.1 kinase interacting (KIP1-like) family protein [Arabidopsis thaliana],4.336,4.085
NP_001031485.1,True,84.276,0.6797,False,defense_signaling,87.369,0.7203,False,defense_signaling,88.331,0.7352,False,defense_signaling,NP_001031485.1 transcription activator [Arabidopsis thaliana],3.093,4.055
NP_001326680.1,False,92.187,0.7918,False,defense_signaling,95.275,0.8485,False,defense_signaling,96.241,0.8702,False,defense_signaling,NP_001326680.1 Transducin family protein / WD-40 repeat family protein [Arabidopsis thaliana],3.088,4.054
NP_187084.6,False,89.898,0.7579,False,defense_signaling,94.594,0.8354,False,defense_signaling,93.943,0.824,False,defense_signaling,NP_187084.6 FtsH extracellular protease family [Arabidopsis thaliana],4.696,4.045
NP_565753.1,False,50.028,0.2779,False,defense_signaling,52.173,0.247,False,defense_signaling,54.059,0.2714,False,defense_signaling,NP_565753.1 ubiquitin-specific protease 1 [Arabidopsis thaliana],2.145,4.031
NP_001185421.1,False,91.294,0.9889,False,antimicrobial,97.336,0.8944,False,defense_signaling,95.312,0.9802,False,antimicrobial,NP_001185421.1 ARM repeat superfamily protein [Arabidopsis thaliana],6.042,4.018
NP_189477.4,False,85.162,0.8988,False,antimicrobial,89.116,0.9792,False,antimicrobial,89.17,0.9801,False,antimicrobial,NP_189477.4 P-glycoprotein 16 [Arabidopsis thaliana],3.954,4.008
NP_189528.1,False,84.905,0.8905,False,antimicrobial,89.603,0.9894,False,antimicrobial,88.898,0.9744,False,antimicrobial,NP_189528.1 ATP binding cassette subfamily B19 [Arabidopsis thaliana],4.698,3.993
NP_177487.2,False,52.036,0.3038,False,defense_signaling,56.423,0.358,False,defense_signaling,55.936,0.3524,False,defense_signaling,NP_177487.2 Protein kinase superfamily protein [Arabidopsis thaliana],4.387,3.9
NP_189790.2,False,89.319,0.7496,False,defense_signaling,94.439,0.8332,False,defense_signaling,93.208,0.808,False,defense_signaling,NP_189790.2 Transducin family protein / WD-40 repeat family protein [Arabidopsis thaliana],5.12,3.889
NP_001328439.1,False,88.175,0.7332,False,defense_signaling,91.132,0.7753,False,defense_signaling,92.053,0.7899,False,defense_signaling,NP_001328439.1 ARM repeat superfamily protein [Arabidopsis thaliana],2.957,3.878
NP_565140.5,False,92.273,0.7929,False,defense_signaling,95.223,0.8474,False,defense_signaling,96.148,0.8845,False,antimicrobial,NP_565140.5 eukaryotic translation initiation factor 2 (eIF-2) family protein [Arabidopsis thaliana],2.95,3.875
NP_001331009.1,False,55.523,0.2598,False,NBS_LRR,56.967,0.2812,False,NBS_LRR,59.361,0.3175,False,NBS_LRR,NP_001331009.1 putative endonuclease or glycosyl hydrolase with C2H2-type zinc finger domain-containing protein [Arabidopsis thaliana],1.444,3.838
NP_195525.2,False,88.175,0.7332,False,defense_signaling,91.541,0.7815,False,defense_signaling,91.991,0.789,False,defense_signaling,NP_195525.2 ARM repeat superfamily protein [Arabidopsis thaliana],3.366,3.816
NP_001189942.1,False,80.789,0.7927,False,cell_death_HR,83.542,0.846,False,cell_death_HR,84.587,0.866,False,cell_death_HR,NP_001189942.1 polymerase gamma 1 [Arabidopsis thaliana],2.753,3.798
NP_001331007.1,False,55.915,0.2658,False,NBS_LRR,56.896,0.2801,False,NBS_LRR,59.711,0.3236,False,NBS_LRR,NP_001331007.1 putative endonuclease or glycosyl hydrolase with C2H2-type zinc finger domain-containing protein [Arabidopsis thaliana],0.981,3.796
NP_182223.1,False,85.407,0.8868,False,cell_death_HR,90.62,1.0114,False,cell_death_HR,89.203,0.9729,False,cell_death_HR,NP_182223.1 ATP binding cassette subfamily B4 [Arabidopsis thaliana],5.213,3.796
NP_001323911.1,False,85.407,0.8868,False,cell_death_HR,90.62,1.0114,False,cell_death_HR,89.203,0.9729,False,cell_death_HR,NP_001323911.1 ATP binding cassette subfamily B4 [Arabidopsis thaliana],5.213,3.796
NP_001323914.1,False,85.407,0.8868,False,cell_death_HR,90.62,1.0114,False,cell_death_HR,89.203,0.9729,False,cell_death_HR,NP_001323914.1 ATP binding cassette subfamily B4 [Arabidopsis thaliana],5.213,3.796
NP_001324747.1,False,67.915,0.4936,False,defense_signaling,79.244,0.6185,False,defense_signaling,71.678,0.5325,False,defense_signaling,NP_001324747.1 alpha/beta-Hydrolases superfamily protein [Arabidopsis thaliana],11.329,3.763
NP_001319093.1,False,89.809,0.7566,False,defense_signaling,93.683,0.818,False,defense_signaling,93.545,0.8152,False,defense_signaling,NP_001319093.1 symplekin [Arabidopsis thaliana],3.874,3.736
NP_196414.1,False,20.294,-0.4103,False,defense_signaling,22.03,-0.3363,False,defense_signaling,24.015,-0.2665,False,defense_signaling,NP_196414.1 dentin sialophosphoprotein-like protein [Arabidopsis thaliana],1.736,3.721
NP_001332630.1,False,20.294,-0.4103,False,defense_signaling,22.03,-0.3363,False,defense_signaling,24.015,-0.2665,False,defense_signaling,NP_001332630.1 dentin sialophosphoprotein-like protein [Arabidopsis thaliana],1.736,3.721
NP_001332631.1,False,20.294,-0.4103,False,defense_signaling,22.03,-0.3363,False,defense_signaling,24.015,-0.2665,False,defense_signaling,NP_001332631.1 dentin sialophosphoprotein-like protein [Arabidopsis thaliana],1.736,3.721
NP_001326244.1,False,64.638,0.4568,False,defense_signaling,66.887,0.4794,False,defense_signaling,68.311,0.4953,False,defense_signaling,NP_001326244.1 Acyl-CoA N-acyltransferase with RING/FYVE/PHD-type zinc finger protein [Arabidopsis thaliana],2.249,3.673
NP_001331002.1,False,53.772,0.2319,False,NBS_LRR,57.568,0.2912,False,NBS_LRR,57.415,0.2898,False,NBS_LRR,NP_001331002.1 putative endonuclease or glycosyl hydrolase with C2H2-type zinc finger domain-containing protein [Arabidopsis thaliana],3.796,3.643
NP_850154.2,False,95.951,1.1465,False,antimicrobial,98.874,1.0579,False,antimicrobial,99.589,1.1379,True,antimicrobial,NP_850154.2 helicase in vascular tissue and tapetum [Arabidopsis thaliana],2.923,3.638
NP_001322301.1,False,89.854,0.7575,False,defense_signaling,94.31,0.8309,False,defense_signaling,93.484,0.8142,False,defense_signaling,NP_001322301.1 ARM repeat superfamily protein [Arabidopsis thaliana],4.456,3.63
NP_001325653.1,False,12.052,-1.1052,False,cell_death_HR,14.095,-0.9711,False,cell_death_HR,15.678,-0.87,False,cell_death_HR,NP_001325653.1 myosin 1 [Arabidopsis thaliana],2.043,3.626
NP_188630.1,False,12.052,-1.1052,False,cell_death_HR,14.095,-0.9711,False,cell_death_HR,15.678,-0.87,False,cell_death_HR,NP_188630.1 myosin 1 [Arabidopsis thaliana],2.043,3.626
NP_001325654.1,False,12.052,-1.1052,False,cell_death_HR,14.095,-0.9711,False,cell_death_HR,15.678,-0.87,False,cell_death_HR,NP_001325654.1 myosin 1 [Arabidopsis thaliana],2.043,3.626
NP_177129.2,False,87.759,0.9407,False,cell_death_HR,89.723,0.9887,False,cell_death_HR,91.384,1.0279,False,cell_death_HR,NP_177129.2 Regulator of chromosome condensation (RCC1) family with FYVE zinc finger domain-containing protein [Arabidopsis thaliana],1.964,3.625
NP_849567.2,False,95.195,0.846,False,defense_signaling,99.812,1.0187,True,defense_signaling,98.806,0.9458,False,defense_signaling,NP_849567.2 HECT ubiquitin protein ligase family protein KAK [Arabidopsis thaliana],4.617,3.611
NP_001329354.1,False,95.195,0.846,False,defense_signaling,99.812,1.0187,True,defense_signaling,98.806,0.9458,False,defense_signaling,NP_001329354.1 HECT ubiquitin protein ligase family protein KAK [Arabidopsis thaliana],4.617,3.611
NP_001322408.1,False,87.981,0.9459,False,cell_death_HR,93.146,1.0874,False,cell_death_HR,91.553,1.0331,False,cell_death_HR,NP_001322408.1 P-glycoprotein 11 [Arabidopsis thaliana],5.165,3.572
NP_171753.1,False,87.981,0.9459,False,cell_death_HR,93.146,1.0874,False,cell_death_HR,91.553,1.0331,False,cell_death_HR,NP_171753.1 P-glycoprotein 11 [Arabidopsis thaliana],5.165,3.572
NP_001322407.1,False,87.981,0.9459,False,cell_death_HR,93.146,1.0874,False,cell_death_HR,91.553,1.0331,False,cell_death_HR,NP_001322407.1 P-glycoprotein 11 [Arabidopsis thaliana],5.165,3.572
NP_001324007.1,False,59.662,0.4019,False,defense_signaling,73.443,0.5537,False,defense_signaling,63.228,0.4386,False,defense_signaling,NP_001324007.1 embryo defective 2410 [Arabidopsis thaliana],13.781,3.566
NP_180137.3,False,59.662,0.4019,False,defense_signaling,73.443,0.5537,False,defense_signaling,63.228,0.4386,False,defense_signaling,NP_180137.3 embryo defective 2410 [Arabidopsis thaliana],13.781,3.566
NP_189480.1,False,85.106,0.8977,False,antimicrobial,88.668,0.9675,False,antimicrobial,88.651,0.9662,False,antimicrobial,NP_189480.1 P-glycoprotein 18 [Arabidopsis thaliana],3.562,3.545
NP_001190117.1,False,86.274,0.7063,False,defense_signaling,91.136,0.7754,False,defense_signaling,89.813,0.7566,False,defense_signaling,NP_001190117.1 DNA helicase INO80-like protein [Arabidopsis thaliana],4.862,3.539
NP_001324637.1,False,46.313,0.2251,False,defense_signaling,48.493,0.2572,False,defense_signaling,49.841,0.2741,False,defense_signaling,NP_001324637.1 uncharacterized protein AT2G04235 [Arabidopsis thaliana],2.18,3.528
NP_973992.1,False,77.798,0.6041,False,defense_signaling,79.793,0.6249,False,defense_signaling,81.32,0.6415,False,defense_signaling,NP_973992.1 Outer arm dynein light chain 1 protein [Arabidopsis thaliana],1.995,3.522
NP_001329149.1,False,54.812,0.3392,False,defense_signaling,56.988,0.3649,False,defense_signaling,58.331,0.3831,False,defense_signaling,NP_001329149.1 demeter-like protein 3 [Arabidopsis thaliana],2.176,3.519
NP_180331.2,False,88.722,0.7415,False,defense_signaling,91.346,0.7782,False,defense_signaling,92.211,0.7919,False,defense_signaling,NP_180331.2 Ubiquitin carboxyl-terminal hydrolase-related protein [Arabidopsis thaliana],2.624,3.489
NP_173625.1,False,57.005,0.3576,False,defense_signaling,54.369,0.3313,False,defense_signaling,60.459,0.3512,False,defense_signaling,NP_173625.1 sporulation-specific protein [Arabidopsis thaliana],-2.636,3.454
NP_001323297.1,False,57.005,0.3576,False,defense_signaling,54.369,0.3313,False,defense_signaling,60.459,0.3512,False,defense_signaling,NP_001323297.1 sporulation-specific protein [Arabidopsis thaliana],-2.636,3.454
NP_001329537.1,False,84.26,0.6795,False,defense_signaling,84.048,0.8162,False,cell_death_HR,87.699,0.9373,False,cell_death_HR,NP_001329537.1 binding / calmodulin binding protein [Arabidopsis thaliana],-0.212,3.439
NP_173706.1,False,92.061,0.7902,False,defense_signaling,94.414,0.8326,False,defense_signaling,95.43,0.8517,False,defense_signaling,NP_173706.1 T-complex protein 11 [Arabidopsis thaliana],2.353,3.369
NP_001330217.1,False,81.22,0.7158,False,NBS_LRR,84.794,0.7796,False,NBS_LRR,84.572,0.7745,False,NBS_LRR,NP_001330217.1 Frigida-like protein [Arabidopsis thaliana],3.574,3.352
NP_001330216.1,False,81.22,0.7158,False,NBS_LRR,84.794,0.7796,False,NBS_LRR,84.572,0.7745,False,NBS_LRR,NP_001330216.1 Frigida-like protein [Arabidopsis thaliana],3.574,3.352
NP_181050.1,False,50.593,0.285,False,defense_signaling,56.895,0.3639,False,defense_signaling,53.941,0.3261,False,defense_signaling,NP_181050.1 kinase superfamily with octicosapeptide/Phox/Bem1p domain-containing protein [Arabidopsis thaliana],6.302,3.348
NP_001325366.1,False,50.593,0.285,False,defense_signaling,56.895,0.3639,False,defense_signaling,53.941,0.3261,False,defense_signaling,NP_001325366.1 kinase superfamily with octicosapeptide/Phox/Bem1p domain-containing protein [Arabidopsis thaliana],6.302,3.348
NP_001329536.1,False,84.062,0.6774,False,defense_signaling,83.616,0.8053,False,cell_death_HR,87.388,0.9306,False,cell_death_HR,NP_001329536.1 binding / calmodulin binding protein [Arabidopsis thaliana],-0.446,3.326
NP_174122.1,False,86.597,0.9081,False,antimicrobial,89.595,0.9893,False,antimicrobial,89.856,0.995,False,antimicrobial,NP_174122.1 P-glycoprotein 14 [Arabidopsis thaliana],2.998,3.259
NP_174552.1,False,94.661,0.8365,False,defense_signaling,98.442,0.9323,False,defense_signaling,97.905,0.9106,False,defense_signaling,NP_174552.1 HAC13 protein (HAC13) [Arabidopsis thaliana],3.781,3.244
NP_001330926.1,False,94.135,1.1232,False,cell_death_HR,96.143,1.2095,False,cell_death_HR,97.342,1.2737,False,cell_death_HR,NP_001330926.1 Regulator of chromosome condensation (RCC1) family with FYVE zinc finger domain-containing protein [Arabidopsis thaliana],2.008,3.207
NP_001318728.1,False,94.135,1.1232,False,cell_death_HR,96.143,1.2095,False,cell_death_HR,97.342,1.2737,False,cell_death_HR,NP_001318728.1 Regulator of chromosome condensation (RCC1) family with FYVE zinc finger domain-containing protein [Arabidopsis thaliana],2.008,3.207
NP_001329429.1,False,88.354,0.7362,False,defense_signaling,92.553,0.7981,False,defense_signaling,91.549,0.8002,False,antimicrobial,NP_001329429.1 binding protein [Arabidopsis thaliana],4.199,3.195
NP_001329552.1,False,59.145,0.316,False,NBS_LRR,54.685,0.2468,False,NBS_LRR,62.315,0.3645,False,NBS_LRR,NP_001329552.1 conserved telomere maintenance component 1 [Arabidopsis thaliana],-4.46,3.17
NP_192706.5,False,59.145,0.316,False,NBS_LRR,57.4,0.2881,False,NBS_LRR,62.315,0.3645,False,NBS_LRR,NP_192706.5 conserved telomere maintenance component 1 [Arabidopsis thaliana],-1.745,3.17
NP_001329551.1,False,59.145,0.316,False,NBS_LRR,57.894,0.2965,False,NBS_LRR,62.315,0.3645,False,NBS_LRR,NP_001329551.1 conserved telomere maintenance component 1 [Arabidopsis thaliana],-1.251,3.17
NP_566681.1,False,31.078,-0.0676,False,defense_signaling,33.281,-0.0145,False,defense_signaling,34.24,0.0083,False,defense_signaling,NP_566681.1 dentin sialophosphoprotein-like protein [Arabidopsis thaliana],2.203,3.162
NP_199364.2,True,94.572,1.1613,False,NBS_LRR,96.87,1.338,False,NBS_LRR,97.726,1.4362,False,NBS_LRR,NP_199364.2 Leucine-rich repeat (LRR) family protein [Arabidopsis thaliana],2.298,3.154
NP_001328438.1,False,85.662,0.6977,False,defense_signaling,88.672,0.7405,False,defense_signaling,88.788,0.7413,False,defense_signaling,NP_001328438.1 ARM repeat superfamily protein [Arabidopsis thaliana],3.01,3.126
NP_001330879.1,False,85.286,0.8836,False,cell_death_HR,87.06,0.924,False,cell_death_HR,88.403,0.9532,False,cell_death_HR,NP_001330879.1 ARM repeat superfamily protein [Arabidopsis thaliana],1.774,3.117
NP_001189893.1,False,91.734,1.0185,False,antimicrobial,94.741,1.0967,False,antimicrobial,94.824,1.1304,False,antimicrobial,NP_001189893.1 glucan synthase-like 4 [Arabidopsis thaliana],3.007,3.09
NP_568633.2,False,92.331,1.0573,False,antimicrobial,94.266,1.1159,False,antimicrobial,95.419,1.1506,False,antimicrobial,NP_568633.2 aminophospholipid ATPase 2 [Arabidopsis thaliana],1.935,3.088
NP_001328886.1,False,48.41,0.2563,False,defense_signaling,50.005,0.2763,False,defense_signaling,51.49,0.2948,False,defense_signaling,NP_001328886.1 basic helix loop helix (bHLH) DNA-binding superfamily protein [Arabidopsis thaliana],1.595,3.08
NP_001328748.1,False,84.074,0.6776,False,defense_signaling,89.804,0.7573,False,defense_signaling,87.134,0.7166,False,defense_signaling,NP_001328748.1 Tetratricopeptide repeat (TPR)-like superfamily protein [Arabidopsis thaliana],5.73,3.06
NP_195008.6,False,84.074,0.6776,False,defense_signaling,90.213,0.7629,False,defense_signaling,87.134,0.7166,False,defense_signaling,NP_195008.6 Tetratricopeptide repeat (TPR)-like superfamily protein [Arabidopsis thaliana],6.139,3.06
NP_174096.3,False,83.894,0.6754,False,defense_signaling,85.774,0.699,False,defense_signaling,86.917,0.7134,False,defense_signaling,NP_174096.3 nucleic acid binding protein [Arabidopsis thaliana],1.88,3.023
NP_174414.1,True,90.929,0.9604,False,PR_proteins,94.179,1.0421,False,PR_proteins,93.95,1.0349,False,PR_proteins,NP_174414.1 ARGONAUTE 3 [Arabidopsis thaliana],3.25,3.021
NP_001327907.1,False,11.548,-0.8839,False,defense_signaling,12.098,-0.8447,False,defense_signaling,14.562,-0.6993,False,defense_signaling,"NP_001327907.1 transmembrane protein, putative (DUF1216) [Arabidopsis thaliana]",0.55,3.014
NP_172336.4,False,96.561,0.8772,False,defense_signaling,99.732,1.0092,True,defense_signaling,99.573,0.9921,True,defense_signaling,NP_172336.4 P-loop containing nucleoside triphosphate hydrolases superfamily protein [Arabidopsis thaliana],3.171,3.012
NP_001327947.1,False,26.915,-0.1774,False,defense_signaling,29.006,-0.1211,False,defense_signaling,29.923,-0.0963,False,defense_signaling,NP_001327947.1 transcription coactivator [Arabidopsis thaliana],2.091,3.008
NP_001324134.1,False,92.789,0.9207,False,antimicrobial,95.119,1.0016,False,antimicrobial,95.774,1.0337,False,antimicrobial,NP_001324134.1 P-glycoprotein 6 [Arabidopsis thaliana],2.33,2.985
NP_001078719.1,False,94.572,1.1613,False,NBS_LRR,96.766,1.3255,False,NBS_LRR,97.552,1.414,False,NBS_LRR,NP_001078719.1 Leucine-rich repeat (LRR) family protein [Arabidopsis thaliana],2.194,2.98
NP_173540.2,False,93.732,0.8171,False,defense_signaling,95.737,0.8593,False,defense_signaling,96.71,0.8799,False,defense_signaling,NP_173540.2 eukaryotic translation initiation factor 2 (eIF-2) family protein [Arabidopsis thaliana],2.005,2.978
NP_001330129.1,False,92.816,0.8435,False,antimicrobial,95.555,0.8548,False,defense_signaling,95.793,0.8604,False,defense_signaling,NP_001330129.1 timeless family protein [Arabidopsis thaliana],2.739,2.977
NP_001326245.1,False,65.342,0.4646,False,defense_signaling,67.536,0.4864,False,defense_signaling,68.311,0.4953,False,defense_signaling,NP_001326245.1 Acyl-CoA N-acyltransferase with RING/FYVE/PHD-type zinc finger protein [Arabidopsis thaliana],2.194,2.969
NP_188116.1,False,65.342,0.4646,False,defense_signaling,67.536,0.4864,False,defense_signaling,68.311,0.4953,False,defense_signaling,NP_188116.1 Acyl-CoA N-acyltransferase with RING/FYVE/PHD-type zinc finger protein [Arabidopsis thaliana],2.194,2.969
NP_001326242.1,False,65.342,0.4646,False,defense_signaling,67.536,0.4864,False,defense_signaling,68.311,0.4953,False,defense_signaling,NP_001326242.1 Acyl-CoA N-acyltransferase with RING/FYVE/PHD-type zinc finger protein [Arabidopsis thaliana],2.194,2.969
NP_199452.2,False,76.321,0.6133,False,NBS_LRR,79.028,0.6528,False,NBS_LRR,79.248,0.6568,False,NBS_LRR,NP_199452.2 Tetratricopeptide repeat (TPR)-like superfamily protein [Arabidopsis thaliana],2.707,2.927
NP_001327523.1,False,85.662,0.9095,False,antimicrobial,88.672,0.9685,False,antimicrobial,88.567,0.9664,False,antimicrobial,NP_001327523.1 ABC transporter family protein [Arabidopsis thaliana],3.01,2.905
NP_001326679.1,False,92.187,0.7918,False,defense_signaling,96.262,0.871,False,defense_signaling,95.084,0.8443,False,defense_signaling,NP_001326679.1 Transducin family protein / WD-40 repeat family protein [Arabidopsis thaliana],4.075,2.897
NP_001329735.1,False,88.672,0.7404,False,defense_signaling,92.762,0.8008,False,defense_signaling,91.543,0.7817,False,defense_signaling,NP_001329735.1 alpha/beta-Hydrolases superfamily protein [Arabidopsis thaliana],4.09,2.871
NP_001323601.1,False,93.914,1.115,False,cell_death_HR,96.843,1.245,False,cell_death_HR,96.784,1.242,False,cell_death_HR,NP_001323601.1 myosin-like protein XIF [Arabidopsis thaliana],2.929,2.87
NP_171754.1,False,88.502,0.9571,False,cell_death_HR,92.781,1.0747,False,cell_death_HR,91.325,1.031,False,antimicrobial,NP_171754.1 P-glycoprotein 12 [Arabidopsis thaliana],4.279,2.823
NP_001318776.1,False,89.031,0.7456,False,defense_signaling,91.441,0.7799,False,defense_signaling,91.841,0.7866,False,defense_signaling,NP_001318776.1 nuclear pore complex protein (DUF3414) [Arabidopsis thaliana],2.41,2.81
NP_001319916.1,False,76.331,0.5886,False,defense_signaling,78.153,0.6064,False,defense_signaling,79.096,0.6158,False,defense_signaling,NP_001319916.1 Homeodomain-like transcriptional regulator [Arabidopsis thaliana],1.822,2.765
NP_850565.1,False,91.715,0.7838,False,defense_signaling,95.214,0.8767,False,antimicrobial,94.436,0.9373,False,antimicrobial,NP_850565.1 Cleavage and polyadenylation specificity factor (CPSF) A subunit protein [Arabidopsis thaliana],3.499,2.721
NP_001318681.1,False,83.783,0.7737,False,NBS_LRR,84.458,0.7639,False,NBS_LRR,86.497,0.8211,False,NBS_LRR,NP_001318681.1 Acyl-CoA N-acyltransferase with RING/FYVE/PHD-type zinc finger protein [Arabidopsis thaliana],0.675,2.714
NP_001330180.1,False,83.783,0.7737,False,NBS_LRR,84.458,0.7639,False,NBS_LRR,86.497,0.8211,False,NBS_LRR,NP_001330180.1 Acyl-CoA N-acyltransferase with RING/FYVE/PHD-type zinc finger protein [Arabidopsis thaliana],0.675,2.714
NP_001190168.1,False,91.968,0.788,False,defense_signaling,93.731,0.8193,False,defense_signaling,94.658,0.8364,False,defense_signaling,NP_001190168.1 kinase superfamily protein [Arabidopsis thaliana],1.763,2.69
NP_001327783.1,False,91.852,0.8415,False,antimicrobial,94.679,0.8892,False,antimicrobial,94.509,0.8825,False,antimicrobial,NP_001327783.1 Cleavage and polyadenylation specificity factor (CPSF) A subunit protein [Arabidopsis thaliana],2.827,2.657
NP_001190158.1,False,94.125,1.0602,False,antimicrobial,96.001,1.0229,False,antimicrobial,96.772,1.0516,False,antimicrobial,NP_001190158.1 metal ion-binding protein [Arabidopsis thaliana],1.876,2.647
NP_001324312.1,False,94.133,0.8265,False,defense_signaling,96.709,0.8809,False,defense_signaling,96.737,0.8804,False,defense_signaling,NP_001324312.1 WD40 domain-containing protein [Arabidopsis thaliana],2.576,2.604
NP_001324315.1,False,94.133,0.8265,False,defense_signaling,96.709,0.8809,False,defense_signaling,96.737,0.8804,False,defense_signaling,NP_001324315.1 WD40 domain-containing protein [Arabidopsis thaliana],2.576,2.604
NP_195572.2,False,96.332,0.8723,False,defense_signaling,99.865,1.0312,True,defense_signaling,98.907,0.9509,False,defense_signaling,NP_195572.2 HECT ubiquitin protein ligase family protein KAK [Arabidopsis thaliana],3.533,2.575
NP_001327782.1,False,91.852,0.8415,False,antimicrobial,94.962,0.9217,False,antimicrobial,94.421,0.936,False,antimicrobial,NP_001327782.1 Cleavage and polyadenylation specificity factor (CPSF) A subunit protein [Arabidopsis thaliana],3.11,2.569
NP_187802.2,False,91.852,0.8415,False,antimicrobial,94.962,0.9217,False,antimicrobial,94.421,0.936,False,antimicrobial,NP_187802.2 Cleavage and polyadenylation specificity factor (CPSF) A subunit protein [Arabidopsis thaliana],3.11,2.569
NP_565741.4,True,13.813,-0.7473,False,defense_signaling,15.305,-0.6541,False,defense_signaling,16.377,-0.5932,False,defense_signaling,NP_565741.4 early endosome antigen [Arabidopsis thaliana],1.492,2.564
NP_001326811.1,False,90.947,0.9897,False,antimicrobial,95.507,1.0605,False,antimicrobial,93.499,1.0887,False,antimicrobial,NP_001326811.1 glucan synthase-like 4 [Arabidopsis thaliana],4.56,2.552
NP_177566.3,False,95.866,1.171,False,antimicrobial,98.137,1.2735,False,antimicrobial,98.411,1.2885,False,antimicrobial,NP_177566.3 purine biosynthesis 4 [Arabidopsis thaliana],2.271,2.545
NP_001325538.1,False,52.019,0.3037,False,defense_signaling,54.561,0.3339,False,defense_signaling,54.556,0.3341,False,defense_signaling,NP_001325538.1 Spc97 / Spc98 family of spindle pole body (SBP) component [Arabidopsis thaliana],2.542,2.537
NP_001328253.1,False,40.185,-0.0018,False,NBS_LRR,37.283,-0.0375,False,defense_signaling,42.72,0.0487,False,NBS_LRR,NP_001328253.1 MUTL protein homolog 3 [Arabidopsis thaliana],-2.902,2.535
NP_196357.2,False,93.345,0.8098,False,defense_signaling,95.069,0.8447,False,defense_signaling,95.864,0.8618,False,defense_signaling,NP_196357.2 forkhead-associated domain-containing protein / FHA domain-containing protein [Arabidopsis thaliana],1.724,2.519
NP_567189.6,False,94.027,0.8237,False,defense_signaling,98.782,0.9485,False,defense_signaling,96.541,0.8769,False,defense_signaling,NP_567189.6 transducin family protein / WD-40 repeat family protein [Arabidopsis thaliana],4.755,2.514
NP_567238.2,False,96.606,0.8786,False,defense_signaling,99.262,0.9778,True,defense_signaling,99.1,0.9614,True,defense_signaling,NP_567238.2 AAA-type ATPase family protein [Arabidopsis thaliana],2.656,2.494
NP_001324314.1,False,94.244,0.8292,False,defense_signaling,96.729,0.8814,False,defense_signaling,96.737,0.8804,False,defense_signaling,NP_001324314.1 WD40 domain-containing protein [Arabidopsis thaliana],2.485,2.493
NP_001328252.1,False,37.449,-0.0246,False,defense_signaling,35.379,-0.0002,False,defense_signaling,39.93,-0.0018,False,NBS_LRR,NP_001328252.1 MUTL protein homolog 3 [Arabidopsis thaliana],-2.07,2.481
NP_001331730.1,False,88.677,0.9696,False,antimicrobial,89.921,0.9941,False,cell_death_HR,91.153,1.0224,False,cell_death_HR,NP_001331730.1 cleavage and polyadenylation specificity factor 160 [Arabidopsis thaliana],1.244,2.476
NP_001330595.1,False,97.102,1.2595,False,cell_death_HR,98.701,1.3826,False,cell_death_HR,99.564,1.4086,True,cell_death_HR,"NP_001330595.1 UBQ, helicase-c and DEAD-like helicase domain-containing protein [Arabidopsis thaliana]",1.599,2.462
NP_683599.1,False,86.113,0.9186,False,antimicrobial,88.861,0.9734,False,antimicrobial,88.567,0.9664,False,antimicrobial,NP_683599.1 ABC transporter family protein [Arabidopsis thaliana],2.748,2.454
NP_193617.3,False,56.071,0.3562,False,defense_signaling,56.78,0.2936,False,defense_signaling,58.514,0.3498,False,defense_signaling,NP_193617.3 AAA-type ATPase family protein [Arabidopsis thaliana],0.709,2.443
NP_001332199.1,False,90.646,0.7688,False,defense_signaling,93.092,0.8063,False,defense_signaling,93.082,0.8059,False,defense_signaling,NP_001332199.1 Ubiquitin carboxyl-terminal hydrolase-related protein [Arabidopsis thaliana],2.446,2.436
NP_188075.2,False,91.734,1.0185,False,antimicrobial,95.461,1.0822,False,antimicrobial,94.169,1.1084,False,antimicrobial,NP_188075.2 glucan synthase-like 4 [Arabidopsis thaliana],3.727,2.435
NP_001190235.1,False,86.55,0.9124,False,cell_death_HR,87.94,0.9449,False,cell_death_HR,88.975,0.9671,False,cell_death_HR,NP_001190235.1 ARM repeat superfamily protein [Arabidopsis thaliana],1.39,2.425
NP_193749.1,False,34.328,0.0088,False,defense_signaling,35.711,0.0389,False,defense_signaling,36.752,0.0607,False,defense_signaling,NP_193749.1 golgin family A protein [Arabidopsis thaliana],1.383,2.424
NP_191760.2,False,94.268,1.0632,False,antimicrobial,96.061,1.0139,False,antimicrobial,96.687,1.0546,False,antimicrobial,NP_191760.2 metal ion-binding protein [Arabidopsis thaliana],1.793,2.419
NP_188650.2,False,93.523,0.813,False,defense_signaling,96.501,0.8764,False,defense_signaling,95.909,0.8626,False,defense_signaling,NP_188650.2 Kinesin motor family protein [Arabidopsis thaliana],2.978,2.386
NP_001319538.1,False,95.547,0.8534,False,defense_signaling,97.536,0.8989,False,defense_signaling,97.932,0.9114,False,defense_signaling,NP_001319538.1 proteasome activating protein 200 [Arabidopsis thaliana],1.989,2.385
NP_001189515.1,False,75.126,0.5747,False,defense_signaling,77.277,0.5964,False,defense_signaling,77.501,0.6164,False,antimicrobial,NP_001189515.1 SH3 domain-containing protein [Arabidopsis thaliana],2.151,2.375
NP_001326421.1,True,95.907,1.2627,False,NBS_LRR,97.132,1.3646,False,NBS_LRR,98.281,1.5054,False,NBS_LRR,NP_001326421.1 Disease resistance protein (TIR-NBS-LRR class) family [Arabidopsis thaliana],1.225,2.374
NP_001326420.1,True,95.907,1.2627,False,NBS_LRR,97.132,1.3646,False,NBS_LRR,98.281,1.5054,False,NBS_LRR,NP_001326420.1 Disease resistance protein (TIR-NBS-LRR class) family [Arabidopsis thaliana],1.225,2.374
NP_001327465.1,False,89.885,0.832,False,NBS_LRR,91.348,0.8663,False,NBS_LRR,92.25,0.8635,False,NBS_LRR,NP_001327465.1 Transducin/WD40 repeat-like superfamily protein [Arabidopsis thaliana],1.463,2.365
NP_001329980.1,False,92.09,0.8089,False,antimicrobial,94.642,1.0051,False,antimicrobial,94.449,1.1164,False,antimicrobial,NP_001329980.1 glucan synthase-like 9 [Arabidopsis thaliana],2.552,2.359
NP_001323913.1,False,85.407,0.8868,False,cell_death_HR,87.216,0.9283,False,cell_death_HR,87.718,0.9376,False,cell_death_HR,NP_001323913.1 ATP binding cassette subfamily B4 [Arabidopsis thaliana],1.809,2.311
NP_565144.1,False,94.175,1.1248,False,cell_death_HR,95.731,1.1918,False,cell_death_HR,96.474,1.2256,False,cell_death_HR,NP_565144.1 Regulator of chromosome condensation (RCC1) family with FYVE zinc finger domain-containing protein [Arabidopsis thaliana],1.556,2.299
NP_175287.2,False,77.922,0.6057,False,defense_signaling,79.32,0.6192,False,defense_signaling,80.212,0.6283,False,defense_signaling,NP_175287.2 Outer arm dynein light chain 1 protein [Arabidopsis thaliana],1.398,2.29
NP_197072.3,False,93.36,0.8101,False,defense_signaling,96.09,0.8668,False,defense_signaling,95.648,0.8569,False,defense_signaling,NP_197072.3 ARM repeat superfamily protein [Arabidopsis thaliana],2.73,2.288
NP_001325537.1,False,49.689,0.2746,False,defense_signaling,52.221,0.3044,False,defense_signaling,51.974,0.3015,False,defense_signaling,NP_001325537.1 Spc97 / Spc98 family of spindle pole body (SBP) component [Arabidopsis thaliana],2.532,2.285
NP_178746.2,False,74.964,0.5728,False,defense_signaling,77.018,0.5941,False,antimicrobial,77.244,0.6166,False,antimicrobial,NP_178746.2 SH3 domain-containing protein [Arabidopsis thaliana],2.054,2.28
NP_001030976.1,False,93.32,1.0928,False,cell_death_HR,94.887,1.152,False,cell_death_HR,95.59,1.1847,False,cell_death_HR,NP_001030976.1 Endonuclease/exonuclease/phosphatase family protein [Arabidopsis thaliana],1.567,2.27
NP_193324.1,False,83.721,0.6733,False,defense_signaling,87.892,0.7286,False,defense_signaling,85.975,0.7343,False,antimicrobial,NP_193324.1 binding protein [Arabidopsis thaliana],4.171,2.254
NP_181918.4,False,93.344,1.0947,False,cell_death_HR,96.347,1.2186,False,cell_death_HR,95.588,1.1847,False,cell_death_HR,NP_181918.4 Endonuclease/exonuclease/phosphatase family protein [Arabidopsis thaliana],3.003,2.244
NP_680129.1,False,93.97,0.823,False,defense_signaling,96.994,0.8871,False,defense_signaling,96.212,0.8698,False,defense_signaling,NP_680129.1 SNF2 domain-containing protein / helicase domain-containing protein / F-box family protein [Arabidopsis thaliana],3.024,2.242
NP_197483.1,False,82.768,0.8319,False,cell_death_HR,84.552,0.8665,False,cell_death_HR,85.006,0.8746,False,cell_death_HR,NP_197483.1 ARM repeat superfamily protein [Arabidopsis thaliana],1.784,2.238
NP_001328468.1,False,12.894,-0.8016,False,defense_signaling,10.048,-0.9931,False,defense_signaling,15.126,-0.6646,False,defense_signaling,NP_001328468.1 SCAR family protein [Arabidopsis thaliana],-2.846,2.232
NP_001190471.1,False,93.202,1.0827,False,antimicrobial,94.744,1.1304,False,antimicrobial,95.419,1.1506,False,antimicrobial,NP_001190471.1 aminophospholipid ATPase 2 [Arabidopsis thaliana],1.542,2.217
NP_198503.3,False,91.926,0.7872,False,defense_signaling,94.573,0.9937,False,antimicrobial,94.111,1.1067,False,antimicrobial,NP_198503.3 glucan synthase-like 9 [Arabidopsis thaliana],2.647,2.185
NP_001328535.1,False,94.75,1.1457,False,cell_death_HR,96.264,1.2141,False,cell_death_HR,96.931,1.2494,False,cell_death_HR,NP_001328535.1 Regulator of chromosome condensation (RCC1) family protein [Arabidopsis thaliana],1.514,2.181
NP_171805.1,False,95.968,0.8642,False,defense_signaling,99.94,1.059,True,defense_signaling,98.142,1.1567,False,cell_death_HR,NP_171805.1 BEACH-DOMAIN HOMOLOG A1 [Arabidopsis thaliana],3.972,2.174
NP_001322130.1,False,95.968,0.8642,False,defense_signaling,99.867,1.0316,True,defense_signaling,98.142,1.1567,False,cell_death_HR,NP_001322130.1 BEACH-DOMAIN HOMOLOG A1 [Arabidopsis thaliana],3.899,2.174
NP_566204.2,False,92.565,1.0646,False,antimicrobial,93.862,1.1032,False,antimicrobial,94.737,1.1274,False,antimicrobial,NP_566204.2 DegP protease 7 [Arabidopsis thaliana],1.297,2.172
NP_180365.6,False,89.228,0.7484,False,defense_signaling,90.562,0.8091,False,NBS_LRR,91.395,0.8537,False,NBS_LRR,NP_180365.6 Acyl-CoA N-acyltransferase with RING/FYVE/PHD-type zinc finger domain-containing protein [Arabidopsis thaliana],1.334,2.167
NP_001331415.1,False,95.52,0.8529,False,defense_signaling,98.434,0.9319,False,defense_signaling,97.679,0.9028,False,defense_signaling,NP_001331415.1 fanconi anemia group I-like protein [Arabidopsis thaliana],2.914,2.159
NP_001330594.1,False,96.571,1.2297,False,cell_death_HR,98.067,1.3306,False,cell_death_HR,98.701,1.3611,False,cell_death_HR,"NP_001330594.1 UBQ, helicase-c and DEAD-like helicase domain-containing protein [Arabidopsis thaliana]",1.496,2.13
NP_196428.2,False,94.963,1.1335,False,cell_death_HR,96.517,1.2264,False,cell_death_HR,97.073,1.2579,False,cell_death_HR,"NP_196428.2 UBQ, helicase-c and DEAD-like helicase domain-containing protein [Arabidopsis thaliana]",1.554,2.11
NP_001322128.1,False,96.147,0.8679,False,defense_signaling,99.871,1.0327,True,defense_signaling,98.256,1.1567,False,cell_death_HR,NP_001322128.1 BEACH-DOMAIN HOMOLOG A1 [Arabidopsis thaliana],3.724,2.109
NP_001322129.1,False,96.147,0.8679,False,defense_signaling,99.938,1.0589,True,defense_signaling,98.256,1.1567,False,cell_death_HR,NP_001322129.1 BEACH-DOMAIN HOMOLOG A1 [Arabidopsis thaliana],3.791,2.109
NP_189519.1,False,11.548,-0.8839,False,defense_signaling,11.484,-0.8827,False,defense_signaling,13.656,-0.7513,False,defense_signaling,"NP_189519.1 transmembrane protein, putative (DUF1216) [Arabidopsis thaliana]",-0.064,2.108
NP_192451.1,False,94.248,1.1227,False,cell_death_HR,95.521,1.1575,False,antimicrobial,96.353,1.1867,False,antimicrobial,NP_192451.1 damaged DNA binding protein 1A [Arabidopsis thaliana],1.273,2.105
NP_188439.2,False,90.398,0.8216,False,NBS_LRR,92.638,0.8808,False,NBS_LRR,92.48,0.8777,False,NBS_LRR,NP_188439.2 Pentatricopeptide repeat (PPR) superfamily protein [Arabidopsis thaliana],2.24,2.082
NP_001190693.1,False,88.23,0.7343,False,defense_signaling,89.603,0.754,False,defense_signaling,90.296,0.7634,False,defense_signaling,NP_001190693.1 T-complex protein 11 [Arabidopsis thaliana],1.373,2.066
NP_001320481.1,False,83.626,0.8508,False,antimicrobial,85.934,0.9144,False,antimicrobial,85.689,0.9109,False,antimicrobial,NP_001320481.1 P-glycoprotein 10 [Arabidopsis thaliana],2.308,2.063
NP_001331416.1,False,95.601,0.8545,False,defense_signaling,98.467,0.9335,False,defense_signaling,97.662,0.9024,False,defense_signaling,NP_001331416.1 fanconi anemia group I-like protein [Arabidopsis thaliana],2.866,2.061
NP_171964.1,False,43.764,0.1863,False,defense_signaling,45.538,0.1883,False,defense_signaling,45.824,0.1883,False,defense_signaling,NP_171964.1 PB1 domain-containing protein tyrosine kinase [Arabidopsis thaliana],1.774,2.06
NP_001320433.1,False,43.764,0.1863,False,defense_signaling,45.538,0.1883,False,defense_signaling,45.824,0.1883,False,defense_signaling,NP_001320433.1 PB1 domain-containing protein tyrosine kinase [Arabidopsis thaliana],1.774,2.06
NP_176723.3,False,96.683,1.2362,False,cell_death_HR,99.455,1.5034,True,cell_death_HR,98.74,1.3822,False,cell_death_HR,NP_176723.3 global transcription factor group B1 [Arabidopsis thaliana],2.772,2.057
NP_001321759.1,False,96.683,1.2362,False,cell_death_HR,99.455,1.5034,True,cell_death_HR,98.74,1.3822,False,cell_death_HR,NP_001321759.1 global transcription factor group B1 [Arabidopsis thaliana],2.772,2.057
NP_001320977.1,False,94.378,1.1315,False,cell_death_HR,93.503,0.9577,False,cell_death_HR,96.408,1.1233,False,cell_death_HR,NP_001320977.1 TBP-associated factor 2 [Arabidopsis thaliana],-0.875,2.03
NP_001331739.1,False,17.597,-0.5347,False,defense_signaling,18.709,-0.4765,False,defense_signaling,19.622,-0.4342,False,defense_signaling,NP_001331739.1 uncharacterized protein AT5G13590 [Arabidopsis thaliana],1.112,2.025
NP_001325667.1,False,88.852,0.9728,False,antimicrobial,91.034,1.0228,False,antimicrobial,90.864,1.0186,False,antimicrobial,NP_001325667.1 multidrug resistance-associated protein 7 [Arabidopsis thaliana],2.182,2.012
NP_001184937.1,False,97.245,0.8931,False,defense_signaling,99.846,1.0255,True,defense_signaling,99.255,0.9994,True,antimicrobial,NP_001184937.1 P-loop containing nucleoside triphosphate hydrolases superfamily protein [Arabidopsis thaliana],2.601,2.01
NP_001184938.1,False,97.245,0.8931,False,defense_signaling,99.846,1.0255,True,defense_signaling,99.255,0.9994,True,antimicrobial,NP_001184938.1 P-loop containing nucleoside triphosphate hydrolases superfamily protein [Arabidopsis thaliana],2.601,2.01
NP_001184939.1,False,97.245,0.8931,False,defense_signaling,99.846,1.0255,True,defense_signaling,99.255,0.9994,True,antimicrobial,NP_001184939.1 P-loop containing nucleoside triphosphate hydrolases superfamily protein [Arabidopsis thaliana],2.601,2.01
NP_001332337.1,False,80.756,0.6374,False,defense_signaling,82.071,0.652,False,defense_signaling,82.747,0.6588,False,defense_signaling,NP_001332337.1 forkhead-associated domain-containing protein / FHA domain-containing protein [Arabidopsis thaliana],1.315,1.991
NP_180912.2,True,51.262,0.2933,False,defense_signaling,57.307,0.369,False,defense_signaling,53.252,0.3169,False,defense_signaling,NP_180912.2 C-terminal domain phosphatase-like 3 [Arabidopsis thaliana],6.045,1.99
NP_194990.5,False,92.176,1.0538,False,cell_death_HR,93.359,1.096,False,cell_death_HR,94.157,1.1241,False,cell_death_HR,NP_194990.5 Sec23/Sec24 protein transport family protein [Arabidopsis thaliana],1.183,1.981
NP_001119101.5,False,92.176,1.0538,False,cell_death_HR,93.359,1.096,False,cell_death_HR,94.157,1.1241,False,cell_death_HR,NP_001119101.5 Sec23/Sec24 protein transport family protein [Arabidopsis thaliana],1.183,1.981
NP_001189936.1,False,77.694,0.6408,False,NBS_LRR,79.264,0.6571,False,NBS_LRR,79.659,0.6653,False,NBS_LRR,NP_001189936.1 uncharacterized protein AT3G19780 [Arabidopsis thaliana],1.57,1.965
NP_566646.5,False,77.524,0.638,False,NBS_LRR,79.144,0.6549,False,NBS_LRR,79.48,0.6624,False,NBS_LRR,NP_566646.5 uncharacterized protein AT3G19780 [Arabidopsis thaliana],1.62,1.956
NP_179024.1,False,97.206,1.3978,False,NBS_LRR,98.307,1.5144,False,NBS_LRR,99.153,1.6873,True,NBS_LRR,NP_179024.1 Disease resistance protein (TIR-NBS-LRR class) family [Arabidopsis thaliana],1.101,1.947
NP_001320122.1,False,72.172,0.5352,False,NBS_LRR,72.753,0.5334,False,NBS_LRR,74.107,0.5998,False,cell_death_HR,NP_001320122.1 1-phosphatidylinositol-3-phosphate 5-kinase FAB1A [Arabidopsis thaliana],0.581,1.935
NP_001328751.1,False,72.172,0.5352,False,NBS_LRR,72.753,0.5334,False,NBS_LRR,74.107,0.5998,False,cell_death_HR,NP_001328751.1 1-phosphatidylinositol-3-phosphate 5-kinase FAB1A [Arabidopsis thaliana],0.581,1.935
NP_001328749.1,False,72.172,0.5352,False,NBS_LRR,74.39,0.5836,False,cell_death_HR,74.107,0.6211,False,cell_death_HR,NP_001328749.1 1-phosphatidylinositol-3-phosphate 5-kinase FAB1A [Arabidopsis thaliana],2.218,1.935
NP_195050.6,False,72.172,0.5352,False,NBS_LRR,72.753,0.5334,False,NBS_LRR,74.107,0.5998,False,cell_death_HR,NP_195050.6 1-phosphatidylinositol-3-phosphate 5-kinase FAB1A [Arabidopsis thaliana],0.581,1.935
NP_001190899.1,False,72.172,0.5352,False,NBS_LRR,73.558,0.548,False,NBS_LRR,74.107,0.593,False,cell_death_HR,NP_001190899.1 1-phosphatidylinositol-3-phosphate 5-kinase FAB1A [Arabidopsis thaliana],1.386,1.935
NP_001077775.1,False,96.683,1.2362,False,cell_death_HR,99.328,1.4824,True,cell_death_HR,98.614,1.3736,False,cell_death_HR,NP_001077775.1 global transcription factor group B1 [Arabidopsis thaliana],2.645,1.931
NP_001325086.1,False,98.021,0.9135,False,defense_signaling,99.952,1.0646,True,defense_signaling,99.942,1.0758,True,antimicrobial,NP_001325086.1 chromatin remodeling 5 [Arabidopsis thaliana],1.931,1.921
NP_001325087.1,False,98.021,0.9135,False,defense_signaling,99.952,1.0646,True,defense_signaling,99.942,1.0758,True,antimicrobial,NP_001325087.1 chromatin remodeling 5 [Arabidopsis thaliana],1.931,1.921
NP_178970.3,False,98.021,0.9135,False,defense_signaling,99.952,1.0646,True,defense_signaling,99.942,1.0758,True,antimicrobial,NP_178970.3 chromatin remodeling 5 [Arabidopsis thaliana],1.931,1.921
NP_001319748.1,False,75.518,0.7097,False,antimicrobial,77.485,0.7481,False,antimicrobial,77.437,0.7486,False,antimicrobial,NP_001319748.1 Structural maintenance of chromosomes (SMC) family protein [Arabidopsis thaliana],1.967,1.919
NP_001328750.1,False,73.662,0.5627,False,NBS_LRR,73.189,0.5412,False,NBS_LRR,75.58,0.5998,False,cell_death_HR,NP_001328750.1 1-phosphatidylinositol-3-phosphate 5-kinase FAB1A [Arabidopsis thaliana],-0.473,1.918
NP_001078484.4,False,72.218,0.541,False,cell_death_HR,73.025,0.5383,False,NBS_LRR,74.134,0.5998,False,cell_death_HR,NP_001078484.4 1-phosphatidylinositol-3-phosphate 5-kinase FAB1A [Arabidopsis thaliana],0.807,1.916
NP_193842.1,False,94.874,1.1344,False,antimicrobial,96.025,1.1749,False,antimicrobial,96.774,1.2034,False,antimicrobial,NP_193842.1 damaged DNA binding protein 1B [Arabidopsis thaliana],1.151,1.9
NP_180041.5,False,85.131,0.8072,False,NBS_LRR,86.475,0.8204,False,NBS_LRR,87.027,0.8347,False,NBS_LRR,NP_180041.5 B3 domain-containing protein REM13 [Arabidopsis thaliana],1.344,1.896
NP_196049.1,False,67.142,0.4463,False,NBS_LRR,34.167,-0.0478,False,defense_signaling,69.021,0.4712,False,NBS_LRR,NP_196049.1 kow domain-containing transcription factor 1 [Arabidopsis thaliana],-32.975,1.879
NP_850354.2,False,96.693,1.1237,False,antimicrobial,98.065,1.1662,False,antimicrobial,98.569,1.1932,False,antimicrobial,NP_850354.2 ATP-binding cassette A1 [Arabidopsis thaliana],1.372,1.876
NP_001326265.1,False,93.725,0.817,False,defense_signaling,95.055,0.8442,False,defense_signaling,95.594,0.8559,False,defense_signaling,NP_001326265.1 kinase superfamily protein [Arabidopsis thaliana],1.33,1.869
NP_001327763.1,False,86.506,0.9118,False,cell_death_HR,87.429,0.933,False,cell_death_HR,88.361,0.9032,False,cell_death_HR,NP_001327763.1 P-loop containing nucleoside triphosphate hydrolases superfamily protein [Arabidopsis thaliana],0.923,1.855
NP_190330.1,False,75.779,0.7145,False,antimicrobial,77.781,0.7546,False,antimicrobial,77.632,0.7526,False,antimicrobial,NP_190330.1 Structural maintenance of chromosomes (SMC) family protein [Arabidopsis thaliana],2.002,1.853
NP_001328536.1,False,94.839,1.1503,False,cell_death_HR,96.148,1.2097,False,cell_death_HR,96.648,1.2349,False,cell_death_HR,NP_001328536.1 Regulator of chromosome condensation (RCC1) family protein [Arabidopsis thaliana],1.309,1.809
NP_195783.3,False,94.061,0.8245,False,defense_signaling,95.26,0.8481,False,defense_signaling,95.82,0.8609,False,defense_signaling,NP_195783.3 BRCA2-like B [Arabidopsis thaliana],1.199,1.759
NP_171954.1,False,89.472,0.9818,False,cell_death_HR,96.084,1.2069,False,cell_death_HR,91.186,0.9733,False,cell_death_HR,NP_171954.1 myosin XI A [Arabidopsis thaliana],6.612,1.714
NP_172338.5,False,89.132,0.7467,False,defense_signaling,91.259,0.777,False,defense_signaling,90.841,0.7707,False,defense_signaling,NP_172338.5 Transcription factor jumonji (jmj) family protein / zinc finger (C5HC2 type) family protein [Arabidopsis thaliana],2.127,1.709
NP_001190229.1,False,73.771,0.5647,False,NBS_LRR,75.956,0.6031,False,cell_death_HR,75.477,0.6664,False,cell_death_HR,NP_001190229.1 transducin family protein / WD-40 repeat family protein [Arabidopsis thaliana],2.185,1.706
NP_001321548.1,False,88.155,0.7329,False,defense_signaling,89.396,0.7506,False,defense_signaling,89.846,0.7569,False,defense_signaling,NP_001321548.1 Ubiquitin carboxyl-terminal hydrolase-related protein [Arabidopsis thaliana],1.241,1.691
NP_001325063.1,False,85.927,0.8281,False,NBS_LRR,87.554,0.8517,False,NBS_LRR,87.616,0.852,False,NBS_LRR,NP_001325063.1 B3 domain-containing protein REM13 [Arabidopsis thaliana],1.627,1.689
NP_001319790.1,False,86.506,0.9118,False,cell_death_HR,86.798,0.917,False,cell_death_HR,88.194,0.9032,False,cell_death_HR,NP_001319790.1 P-loop containing nucleoside triphosphate hydrolases superfamily protein [Arabidopsis thaliana],0.292,1.688
NP_191375.1,False,86.506,0.9118,False,cell_death_HR,86.798,0.917,False,cell_death_HR,88.194,0.9032,False,cell_death_HR,NP_191375.1 P-loop containing nucleoside triphosphate hydrolases superfamily protein [Arabidopsis thaliana],0.292,1.688
NP_191774.2,False,86.882,0.9198,False,cell_death_HR,90.727,1.0141,False,cell_death_HR,88.556,0.9568,False,cell_death_HR,NP_191774.2 P-glycoprotein 21 [Arabidopsis thaliana],3.845,1.674
NP_001327193.1,False,86.882,0.9198,False,cell_death_HR,90.727,1.0141,False,cell_death_HR,88.556,0.9568,False,cell_death_HR,NP_001327193.1 P-glycoprotein 21 [Arabidopsis thaliana],3.845,1.674
NP_001327192.1,False,86.882,0.9198,False,cell_death_HR,90.727,1.0141,False,cell_death_HR,88.556,0.9568,False,cell_death_HR,NP_001327192.1 P-glycoprotein 21 [Arabidopsis thaliana],3.845,1.674
NP_188690.3,False,82.44,0.8253,False,cell_death_HR,83.907,0.8522,False,cell_death_HR,84.11,0.8562,False,cell_death_HR,NP_188690.3 polymerase gamma 1 [Arabidopsis thaliana],1.467,1.67
NP_568849.2,False,79.71,0.6831,False,NBS_LRR,81.382,0.7008,False,NBS_LRR,81.378,0.7009,False,NBS_LRR,NP_568849.2 Clp amino terminal domain-containing protein [Arabidopsis thaliana],1.672,1.668
NP_201000.1,False,90.557,0.7673,False,defense_signaling,91.775,0.7862,False,defense_signaling,92.223,0.792,False,defense_signaling,NP_201000.1 Ubiquitin carboxyl-terminal hydrolase-related protein [Arabidopsis thaliana],1.218,1.666
NP_189947.2,False,49.689,0.2746,False,defense_signaling,51.856,0.2998,False,defense_signaling,51.341,0.2923,False,defense_signaling,NP_189947.2 Spc97 / Spc98 family of spindle pole body (SBP) component [Arabidopsis thaliana],2.167,1.652
NP_001331740.1,False,17.912,-0.5181,False,defense_signaling,18.852,-0.4705,False,defense_signaling,19.555,-0.4374,False,defense_signaling,NP_001331740.1 uncharacterized protein AT5G13590 [Arabidopsis thaliana],0.94,1.643
NP_176519.1,False,74.651,0.5828,False,NBS_LRR,76.217,0.5981,False,NBS_LRR,76.281,0.5993,False,NBS_LRR,NP_176519.1 Myosin heavy chain-related protein [Arabidopsis thaliana],1.566,1.63
NP_568400.2,False,70.982,0.5278,False,defense_signaling,72.56,0.5438,False,defense_signaling,72.612,0.5433,False,defense_signaling,NP_568400.2 Transcriptional factor B3 family protein / auxin-responsive factor AUX/IAA-like protein [Arabidopsis thaliana],1.578,1.63
NP_187865.6,False,50.534,0.2839,False,defense_signaling,51.833,0.2993,False,defense_signaling,52.159,0.3036,False,defense_signaling,NP_187865.6 uncharacterized protein AT3G12590 [Arabidopsis thaliana],1.299,1.625
NP_567145.2,False,93.57,0.8139,False,defense_signaling,94.622,0.836,False,defense_signaling,95.188,0.8462,False,defense_signaling,NP_567145.2 kinase superfamily protein [Arabidopsis thaliana],1.052,1.618
NP_001326270.1,False,93.57,0.8139,False,defense_signaling,94.622,0.836,False,defense_signaling,95.188,0.8462,False,defense_signaling,NP_001326270.1 kinase superfamily protein [Arabidopsis thaliana],1.052,1.618
NP_175687.2,False,85.351,0.7683,False,NBS_LRR,86.276,0.7969,False,NBS_LRR,86.967,0.8071,False,NBS_LRR,"NP_175687.2 PII, uridylyltransferase (DUF2921) [Arabidopsis thaliana]",0.925,1.616
NP_001325474.1,False,76.248,0.7243,False,antimicrobial,78.136,0.7623,False,antimicrobial,77.852,0.7575,False,antimicrobial,NP_001325474.1 Structural maintenance of chromosomes (SMC) family protein [Arabidopsis thaliana],1.888,1.604
NP_001332032.1,False,64.866,0.4119,False,cell_death_HR,35.15,-0.0746,False,defense_signaling,66.451,0.4296,False,NBS_LRR,NP_001332032.1 kow domain-containing transcription factor 1 [Arabidopsis thaliana],-29.716,1.585
NP_172433.2,False,96.096,1.2076,False,cell_death_HR,97.386,1.2755,False,cell_death_HR,97.668,1.3014,False,cell_death_HR,NP_172433.2 ATP binding/leucine-tRNA ligases/aminoacyl-tRNA ligase [Arabidopsis thaliana],1.29,1.572
NP_001190087.1,False,93.443,1.0784,False,antimicrobial,94.928,1.103,False,antimicrobial,95.008,1.0908,False,antimicrobial,NP_001190087.1 glycoside hydrolase family 2 protein [Arabidopsis thaliana],1.485,1.565
NP_199979.2,False,88.677,0.9696,False,antimicrobial,89.995,0.996,False,cell_death_HR,90.242,1.0003,False,cell_death_HR,NP_199979.2 cleavage and polyadenylation specificity factor 160 [Arabidopsis thaliana],1.318,1.565
NP_198861.4,False,13.053,-0.7898,False,defense_signaling,13.03,-0.7836,False,defense_signaling,14.599,-0.6972,False,defense_signaling,NP_198861.4 A-kinase anchor-like protein [Arabidopsis thaliana],-0.023,1.546
NP_001330812.1,False,13.053,-0.7898,False,defense_signaling,13.03,-0.7836,False,defense_signaling,14.599,-0.6972,False,defense_signaling,NP_001330812.1 A-kinase anchor-like protein [Arabidopsis thaliana],-0.023,1.546
NP_001323432.1,False,93.344,1.0947,False,cell_death_HR,96.023,1.205,False,cell_death_HR,94.872,1.1516,False,cell_death_HR,NP_001323432.1 Endonuclease/exonuclease/phosphatase family protein [Arabidopsis thaliana],2.679,1.528
NP_001332446.1,False,89.935,0.7586,False,defense_signaling,91.717,0.7846,False,defense_signaling,91.447,0.7802,False,defense_signaling,NP_001332446.1 nuclear pore complex protein (DUF3414) [Arabidopsis thaliana],1.782,1.512
NP_850630.1,False,95.229,1.1463,False,antimicrobial,96.233,1.184,False,antimicrobial,96.737,1.2016,False,antimicrobial,NP_850630.1 MUTS homolog 7 [Arabidopsis thaliana],1.004,1.508
NP_001323915.1,False,85.407,0.8868,False,cell_death_HR,87.504,0.9349,False,cell_death_HR,86.913,0.9186,False,cell_death_HR,NP_001323915.1 ATP binding cassette subfamily B4 [Arabidopsis thaliana],2.097,1.506
NP_192770.2,False,87.852,0.9543,False,antimicrobial,90.213,1.0025,False,antimicrobial,89.358,0.9838,False,antimicrobial,"NP_192770.2 tRNA synthetase class I (I, L, M and V) family protein [Arabidopsis thaliana]",2.361,1.506
NP_001319958.1,False,96.537,0.8768,False,defense_signaling,98.315,0.9275,False,defense_signaling,98.041,0.9155,False,defense_signaling,NP_001319958.1 guanyl-nucleotide exchange factors;GTPase binding;GTP binding protein [Arabidopsis thaliana],1.778,1.504
NP_193367.7,False,96.537,0.8768,False,defense_signaling,98.315,0.9275,False,defense_signaling,98.041,0.9155,False,defense_signaling,NP_193367.7 guanyl-nucleotide exchange factors;GTPase binding;GTP binding protein [Arabidopsis thaliana],1.778,1.504
NP_201001.1,False,92.086,0.7908,False,defense_signaling,93.603,0.8165,False,defense_signaling,93.584,0.8164,False,defense_signaling,NP_201001.1 Ubiquitin carboxyl-terminal hydrolase-related protein [Arabidopsis thaliana],1.517,1.498
NP_190034.2,True,95.907,1.2627,False,NBS_LRR,96.334,1.2827,False,NBS_LRR,97.4,1.394,False,NBS_LRR,NP_190034.2 Disease resistance protein (TIR-NBS-LRR class) family [Arabidopsis thaliana],0.427,1.493
NP_001326419.1,True,95.907,1.2627,False,NBS_LRR,96.334,1.2827,False,NBS_LRR,97.4,1.394,False,NBS_LRR,NP_001326419.1 Disease resistance protein (TIR-NBS-LRR class) family [Arabidopsis thaliana],0.427,1.493
NP_001328534.1,False,95.443,1.1753,False,cell_death_HR,96.542,1.2276,False,cell_death_HR,96.931,1.2494,False,cell_death_HR,NP_001328534.1 Regulator of chromosome condensation (RCC1) family protein [Arabidopsis thaliana],1.099,1.488
NP_001324212.1,False,90.736,1.0147,False,cell_death_HR,95.075,1.1598,False,cell_death_HR,92.215,1.0062,False,cell_death_HR,NP_001324212.1 myosin XI D [Arabidopsis thaliana],4.339,1.479
NP_001330424.1,False,97.394,1.0453,False,antimicrobial,99.16,1.1647,True,antimicrobial,98.86,1.1929,False,antimicrobial,NP_001330424.1 regulatory-associated protein of TOR 2 (RAPTOR2) [Arabidopsis thaliana],1.766,1.466
NP_001190004.1,False,91.263,0.7767,False,defense_signaling,95.057,0.8444,False,defense_signaling,92.717,0.7995,False,defense_signaling,NP_001190004.1 Transducin family protein / WD-40 repeat family protein [Arabidopsis thaliana],3.794,1.454
NP_195797.3,False,97.963,1.0371,False,antimicrobial,99.566,1.1611,True,antimicrobial,99.415,1.193,True,antimicrobial,NP_195797.3 regulatory-associated protein of TOR 2 (RAPTOR2) [Arabidopsis thaliana],1.603,1.452
NP_001330427.1,False,97.863,1.0412,False,antimicrobial,99.469,1.1668,True,antimicrobial,99.299,1.2001,True,antimicrobial,NP_001330427.1 regulatory-associated protein of TOR 2 (RAPTOR2) [Arabidopsis thaliana],1.606,1.436
NP_192654.1,False,88.108,0.7319,False,defense_signaling,89.112,0.7473,False,defense_signaling,89.543,0.7528,False,defense_signaling,NP_192654.1 T-complex protein 11 [Arabidopsis thaliana],1.004,1.435
NP_001322539.1,False,94.159,1.1343,False,NBS_LRR,95.181,1.1641,False,cell_death_HR,95.548,1.1826,False,cell_death_HR,NP_001322539.1 glycosyl hydrolase family 10 protein / carbohydrate-binding domain-containing protein [Arabidopsis thaliana],1.022,1.389
NP_566869.1,False,95.266,1.1666,False,cell_death_HR,96.156,1.2101,False,cell_death_HR,96.635,1.2341,False,cell_death_HR,NP_566869.1 uncharacterized protein AT3G44340 [Arabidopsis thaliana],0.89,1.369
NP_001326943.1,False,95.266,1.1666,False,cell_death_HR,96.156,1.2101,False,cell_death_HR,96.635,1.2341,False,cell_death_HR,NP_001326943.1 uncharacterized protein AT3G44340 [Arabidopsis thaliana],0.89,1.369
NP_001326945.1,False,95.266,1.1666,False,cell_death_HR,96.156,1.2101,False,cell_death_HR,96.635,1.2341,False,cell_death_HR,NP_001326945.1 uncharacterized protein AT3G44340 [Arabidopsis thaliana],0.89,1.369
NP_001329262.1,False,95.173,0.9023,False,antimicrobial,97.824,0.9079,False,defense_signaling,96.541,0.8936,False,antimicrobial,NP_001329262.1 transducin family protein / WD-40 repeat family protein [Arabidopsis thaliana],2.651,1.368
NP_193747.2,False,98.218,1.4319,False,RLK_defense,98.928,1.5738,False,RLK_defense,99.571,1.6878,True,RLK_defense,NP_193747.2 Leucine-rich repeat transmembrane protein kinase [Arabidopsis thaliana],0.71,1.353
NP_199283.1,False,98.204,1.4285,False,RLK_defense,98.913,1.5723,False,RLK_defense,99.556,1.6839,True,RLK_defense,NP_199283.1 Leucine-rich repeat transmembrane protein kinase [Arabidopsis thaliana],0.709,1.352
NP_001190067.1,False,98.527,0.9331,False,defense_signaling,99.73,1.0091,True,defense_signaling,99.878,1.0244,True,defense_signaling,NP_001190067.1 tetratricopeptide repeat (TPR)-containing protein [Arabidopsis thaliana],1.203,1.351
NP_178674.7,False,92.615,1.0408,False,antimicrobial,93.58,1.0114,False,antimicrobial,93.961,1.0322,False,antimicrobial,NP_178674.7 binding protein [Arabidopsis thaliana],0.965,1.346
NP_175498.2,False,84.998,0.878,False,cell_death_HR,85.902,0.8975,False,cell_death_HR,86.338,0.9043,False,cell_death_HR,NP_175498.2 polymerase gamma 2 [Arabidopsis thaliana],0.904,1.34
NP_194326.2,False,87.444,0.8846,False,antimicrobial,89.836,0.9941,False,antimicrobial,88.784,0.9718,False,antimicrobial,NP_194326.2 P-glycoprotein 2 [Arabidopsis thaliana],2.392,1.34
NP_001326422.1,True,95.907,1.2627,False,NBS_LRR,96.235,1.2728,False,NBS_LRR,97.247,1.3764,False,NBS_LRR,NP_001326422.1 Disease resistance protein (TIR-NBS-LRR class) family [Arabidopsis thaliana],0.328,1.34
NP_176289.7,False,98.237,0.9208,False,defense_signaling,99.34,0.981,True,defense_signaling,99.569,0.9912,True,defense_signaling,NP_176289.7 RECQ helicase L4B [Arabidopsis thaliana],1.103,1.332
NP_196176.1,False,73.991,0.5693,False,NBS_LRR,76.294,0.5999,False,NBS_LRR,75.315,0.6107,False,antimicrobial,NP_196176.1 transducin family protein / WD-40 repeat family protein [Arabidopsis thaliana],2.303,1.324
NP_191866.3,False,23.335,-0.2923,False,defense_signaling,25.015,-0.2344,False,defense_signaling,24.633,-0.245,False,defense_signaling,NP_191866.3 Tudor/PWWP/MBT domain-containing protein [Arabidopsis thaliana],1.68,1.298
NP_001190236.1,False,87.149,0.9266,False,cell_death_HR,87.927,0.9445,False,cell_death_HR,88.403,0.9532,False,cell_death_HR,NP_001190236.1 ARM repeat superfamily protein [Arabidopsis thaliana],0.778,1.254
NP_001330881.1,False,87.149,0.9266,False,cell_death_HR,87.927,0.9445,False,cell_death_HR,88.403,0.9532,False,cell_death_HR,NP_001330881.1 ARM repeat superfamily protein [Arabidopsis thaliana],0.778,1.254
NP_001318488.1,False,87.149,0.9266,False,cell_death_HR,87.927,0.9445,False,cell_death_HR,88.403,0.9532,False,cell_death_HR,NP_001318488.1 ARM repeat superfamily protein [Arabidopsis thaliana],0.778,1.254
NP_189177.1,False,57.933,0.3363,False,cell_death_HR,58.732,0.3466,False,cell_death_HR,59.155,0.3498,False,cell_death_HR,NP_189177.1 formin homology 1 [Arabidopsis thaliana],0.799,1.222
NP_001318485.1,False,95.159,0.8452,False,defense_signaling,95.154,1.0508,False,antimicrobial,96.374,1.1875,False,antimicrobial,NP_001318485.1 E3 ubiquitin ligase [Arabidopsis thaliana],-0.005,1.215
NP_177189.1,False,98.114,0.9163,False,defense_signaling,97.459,0.8966,False,defense_signaling,99.328,1.4782,True,cell_death_HR,NP_177189.1 ubiquitin-protein ligase 2 [Arabidopsis thaliana],-0.655,1.214
NP_001330426.1,False,97.659,1.0411,False,antimicrobial,99.201,1.1626,True,antimicrobial,98.86,1.1929,False,antimicrobial,NP_001330426.1 regulatory-associated protein of TOR 2 (RAPTOR2) [Arabidopsis thaliana],1.542,1.201
NP_001324211.1,False,91.016,1.021,False,cell_death_HR,95.275,1.1696,False,cell_death_HR,92.215,1.0126,False,cell_death_HR,NP_001324211.1 myosin XI D [Arabidopsis thaliana],4.259,1.199
NP_200155.2,False,74.112,0.5623,False,defense_signaling,75.004,0.575,False,NBS_LRR,75.311,0.5801,False,cell_death_HR,NP_200155.2 SET domain group 29 [Arabidopsis thaliana],0.892,1.199
NP_187466.4,False,88.033,0.9574,False,antimicrobial,90.439,1.0084,False,antimicrobial,89.219,0.981,False,antimicrobial,"NP_187466.4 Clathrin, heavy chain [Arabidopsis thaliana]",2.406,1.186
NP_568507.3,False,97.627,0.9254,False,antimicrobial,98.32,0.9279,False,defense_signaling,98.803,0.9456,False,defense_signaling,"NP_568507.3 Quinoprotein amine dehydrogenase, beta chain-like; RIC1-like guanyl-nucleotide exchange factor [Arabidopsis thaliana]",0.693,1.176
NP_001323398.1,False,77.494,0.6004,False,defense_signaling,80.492,0.6329,False,defense_signaling,78.667,0.6113,False,defense_signaling,NP_001323398.1 SIN3-like 3 [Arabidopsis thaliana],2.998,1.173
NP_001322632.1,False,97.604,0.9006,False,defense_signaling,99.315,0.9794,True,defense_signaling,98.776,0.9623,False,antimicrobial,NP_001322632.1 binding protein [Arabidopsis thaliana],1.711,1.172
NP_001326098.1,False,91.25,0.7766,False,defense_signaling,93.428,0.8131,False,defense_signaling,92.42,0.7947,False,defense_signaling,NP_001326098.1 Transducin/WD40 repeat-like superfamily protein [Arabidopsis thaliana],2.178,1.17
NP_001190068.1,False,98.704,0.9401,False,defense_signaling,99.77,1.0127,True,defense_signaling,99.873,1.0226,True,defense_signaling,NP_001190068.1 tetratricopeptide repeat (TPR)-containing protein [Arabidopsis thaliana],1.066,1.169
NP_001326817.1,False,97.488,0.9314,False,antimicrobial,98.228,0.9232,False,defense_signaling,98.65,0.9399,False,defense_signaling,"NP_001326817.1 Quinoprotein amine dehydrogenase, beta chain-like; RIC1-like guanyl-nucleotide exchange factor [Arabidopsis thaliana]",0.74,1.162
NP_189916.4,True,95.82,1.1693,False,antimicrobial,95.258,1.1686,False,cell_death_HR,96.978,1.2526,False,cell_death_HR,NP_189916.4 HOPM interactor 7 [Arabidopsis thaliana],-0.562,1.158
NP_181756.1,False,98.66,1.3135,False,antimicrobial,99.876,1.6648,True,cell_death_HR,99.813,1.611,True,cell_death_HR,NP_181756.1 U5 small nuclear ribonucleoprotein helicase [Arabidopsis thaliana],1.216,1.153
NP_566372.1,False,53.676,0.3238,False,defense_signaling,54.459,0.3325,False,defense_signaling,54.824,0.3377,False,defense_signaling,NP_566372.1 subunit of exocyst complex 8 [Arabidopsis thaliana],0.783,1.148
NP_001190066.1,False,98.706,0.9401,False,defense_signaling,99.753,1.0114,True,defense_signaling,99.853,1.0188,True,defense_signaling,NP_001190066.1 tetratricopeptide repeat (TPR)-containing protein [Arabidopsis thaliana],1.047,1.147
NP_190782.3,False,98.716,0.9407,False,defense_signaling,99.749,1.0107,True,defense_signaling,99.842,1.017,True,defense_signaling,NP_190782.3 tetratricopeptide repeat (TPR)-containing protein [Arabidopsis thaliana],1.033,1.126
NP_200669.1,False,92.602,0.8275,False,NBS_LRR,93.395,0.8448,False,NBS_LRR,93.717,0.8773,False,NBS_LRR,NP_200669.1 PHD finger transcription factor [Arabidopsis thaliana],0.793,1.115
NP_001331731.1,False,88.677,0.9696,False,antimicrobial,89.587,0.9851,False,cell_death_HR,89.79,0.9888,False,cell_death_HR,NP_001331731.1 cleavage and polyadenylation specificity factor 160 [Arabidopsis thaliana],0.91,1.113
NP_001185245.1,False,97.984,0.9127,False,defense_signaling,96.111,0.867,False,defense_signaling,99.096,1.4351,True,cell_death_HR,NP_001185245.1 LOW protein: E3 ubiquitin ligase-like protein [Arabidopsis thaliana],-1.873,1.112
NP_188621.2,False,95.745,0.8581,False,defense_signaling,96.772,0.8821,False,defense_signaling,96.855,0.8828,False,defense_signaling,NP_188621.2 AP-5 complex subunit beta-like protein [Arabidopsis thaliana],1.027,1.11
NP_196345.1,False,98.455,1.4799,False,RLK_defense,99.069,1.5963,True,RLK_defense,99.564,1.6862,True,RLK_defense,NP_196345.1 Leucine-rich repeat transmembrane protein kinase [Arabidopsis thaliana],0.614,1.109
NP_001328254.1,False,39.15,0.1057,False,defense_signaling,38.291,0.0895,False,defense_signaling,40.257,0.0991,False,defense_signaling,NP_001328254.1 MUTL protein homolog 3 [Arabidopsis thaliana],-0.859,1.107
NP_001328256.1,False,39.15,0.1057,False,defense_signaling,35.804,0.0304,False,defense_signaling,40.257,0.0991,False,defense_signaling,NP_001328256.1 MUTL protein homolog 3 [Arabidopsis thaliana],-3.346,1.107
NP_001190388.1,False,93.829,1.1017,False,antimicrobial,94.474,1.1203,False,antimicrobial,94.932,1.1343,False,antimicrobial,NP_001190388.1 ABC1 family protein [Arabidopsis thaliana],0.645,1.103
NP_180882.2,False,91.016,1.021,False,cell_death_HR,94.401,1.134,False,cell_death_HR,92.112,1.0126,False,cell_death_HR,NP_180882.2 myosin XI D [Arabidopsis thaliana],3.385,1.096
NP_190280.5,False,98.392,0.9259,False,defense_signaling,99.784,1.1238,True,antimicrobial,99.483,1.3904,True,antimicrobial,"NP_190280.5 RNA helicase, ATP-dependent, SK12/DOB1 protein [Arabidopsis thaliana]",1.392,1.091
NP_001332447.1,False,90.601,0.768,False,defense_signaling,92.126,0.7917,False,defense_signaling,91.692,0.7848,False,defense_signaling,NP_001332447.1 nuclear pore complex protein (DUF3414) [Arabidopsis thaliana],1.525,1.091
NP_001327101.1,False,93.523,0.813,False,defense_signaling,94.092,0.8271,False,defense_signaling,94.609,0.8355,False,defense_signaling,NP_001327101.1 Kinesin motor family protein [Arabidopsis thaliana],0.569,1.086
NP_563877.1,False,96.793,1.1873,False,antimicrobial,98.562,1.3014,False,antimicrobial,97.878,1.317,False,cell_death_HR,"NP_563877.1 Pyruvate phosphate dikinase, PEP/pyruvate binding domain-containing protein [Arabidopsis thaliana]",1.769,1.085
NP_001320611.1,False,96.793,1.1873,False,antimicrobial,98.562,1.3014,False,antimicrobial,97.878,1.317,False,cell_death_HR,"NP_001320611.1 Pyruvate phosphate dikinase, PEP/pyruvate binding domain-containing protein [Arabidopsis thaliana]",1.769,1.085
NP_001318975.1,False,96.793,1.1873,False,antimicrobial,98.562,1.3014,False,antimicrobial,97.878,1.317,False,cell_death_HR,"NP_001318975.1 Pyruvate phosphate dikinase, PEP/pyruvate binding domain-containing protein [Arabidopsis thaliana]",1.769,1.085
NP_192095.2,False,80.311,0.6965,False,NBS_LRR,74.229,0.5604,False,NBS_LRR,81.394,0.7016,False,NBS_LRR,NP_192095.2 Transducin family protein / WD-40 repeat family protein [Arabidopsis thaliana],-6.082,1.083
NP_849536.1,False,80.311,0.6965,False,NBS_LRR,74.229,0.5604,False,NBS_LRR,81.394,0.7016,False,NBS_LRR,NP_849536.1 Transducin family protein / WD-40 repeat family protein [Arabidopsis thaliana],-6.082,1.083
NP_001117220.2,False,98.83,0.946,False,defense_signaling,99.861,1.0303,True,defense_signaling,99.89,1.0337,True,defense_signaling,NP_001117220.2 AAA-type ATPase family protein [Arabidopsis thaliana],1.031,1.06
NP_001321058.1,False,85.015,0.8782,False,cell_death_HR,85.828,0.8963,False,cell_death_HR,86.066,0.8999,False,cell_death_HR,NP_001321058.1 polymerase gamma 2 [Arabidopsis thaliana],0.813,1.051
NP_001322184.1,False,68.629,0.5011,False,defense_signaling,74.309,0.5629,False,defense_signaling,69.67,0.5105,False,defense_signaling,NP_001322184.1 P-loop containing nucleoside triphosphate hydrolases superfamily protein [Arabidopsis thaliana],5.68,1.041
NP_001331729.1,False,88.677,0.9696,False,antimicrobial,89.555,0.9842,False,cell_death_HR,89.715,0.9868,False,cell_death_HR,NP_001331729.1 cleavage and polyadenylation specificity factor 160 [Arabidopsis thaliana],0.878,1.038
NP_001328739.1,False,94.988,0.8426,False,defense_signaling,95.772,0.86,False,defense_signaling,96.023,0.8649,False,defense_signaling,NP_001328739.1 BREAST CANCER 2 like 2A [Arabidopsis thaliana],0.784,1.035
NP_199580.3,False,93.698,1.097,False,antimicrobial,98.274,0.9255,False,defense_signaling,94.725,1.0884,False,antimicrobial,NP_199580.3 binding protein [Arabidopsis thaliana],4.576,1.027
NP_173193.2,False,97.545,1.2896,False,cell_death_HR,98.696,1.3825,False,cell_death_HR,98.57,1.3693,False,cell_death_HR,NP_173193.2 ATPase E1-E2 type family protein / haloacid dehalogenase-like hydrolase family protein [Arabidopsis thaliana],1.151,1.025
NP_001319028.1,False,97.545,1.2896,False,cell_death_HR,98.696,1.3825,False,cell_death_HR,98.57,1.3693,False,cell_death_HR,NP_001319028.1 ATPase E1-E2 type family protein / haloacid dehalogenase-like hydrolase family protein [Arabidopsis thaliana],1.151,1.025
NP_001321765.1,False,86.641,0.7109,False,defense_signaling,87.815,0.7273,False,defense_signaling,87.659,0.7248,False,defense_signaling,NP_001321765.1 paired amphipathic helix Sin3-like protein [Arabidopsis thaliana],1.174,1.018
NP_001318955.1,False,89.827,0.757,False,defense_signaling,91.603,0.7829,False,defense_signaling,90.841,0.7707,False,defense_signaling,NP_001318955.1 Transcription factor jumonji (jmj) family protein / zinc finger (C5HC2 type) family protein [Arabidopsis thaliana],1.776,1.014
NP_001320435.1,False,89.827,0.757,False,defense_signaling,91.603,0.7829,False,defense_signaling,90.841,0.7707,False,defense_signaling,NP_001320435.1 Transcription factor jumonji (jmj) family protein / zinc finger (C5HC2 type) family protein [Arabidopsis thaliana],1.776,1.014
NP_001184940.1,False,89.827,0.757,False,defense_signaling,91.603,0.7829,False,defense_signaling,90.841,0.7707,False,defense_signaling,NP_001184940.1 Transcription factor jumonji (jmj) family protein / zinc finger (C5HC2 type) family protein [Arabidopsis thaliana],1.776,1.014
NP_001320143.1,False,37.38,0.0739,False,defense_signaling,35.951,0.0436,False,defense_signaling,38.393,0.0673,False,defense_signaling,NP_001320143.1 MUTL protein homolog 3 [Arabidopsis thaliana],-1.429,1.013
NP_187189.2,False,81.774,0.6493,False,defense_signaling,82.453,0.6559,False,defense_signaling,82.778,0.6592,False,defense_signaling,NP_187189.2 ALWAYS EARLY 2 [Arabidopsis thaliana],0.679,1.004
NP_187344.5,False,91.25,0.7766,False,defense_signaling,93.652,0.8175,False,defense_signaling,92.252,0.7924,False,defense_signaling,NP_187344.5 Transducin/WD40 repeat-like superfamily protein [Arabidopsis thaliana],2.402,1.002
NP_193360.1,False,97.027,1.2109,False,antimicrobial,97.938,1.2607,False,antimicrobial,98.029,1.265,False,antimicrobial,NP_193360.1 phytochrome D [Arabidopsis thaliana],0.911,1.002
NP_001185050.1,False,98.377,1.3112,False,cell_death_HR,99.926,1.6944,True,cell_death_HR,99.377,1.4827,True,cell_death_HR,NP_001185050.1 U5 small nuclear ribonucleoprotein helicase [Arabidopsis thaliana],1.549,1.0
NP_173520.1,False,98.377,1.3112,False,cell_death_HR,99.926,1.6944,True,cell_death_HR,99.377,1.4827,True,cell_death_HR,NP_173520.1 U5 small nuclear ribonucleoprotein helicase [Arabidopsis thaliana],1.549,1.0
NP_172428.1,False,97.039,1.2188,False,antimicrobial,97.798,1.2527,False,antimicrobial,98.036,1.2652,False,antimicrobial,NP_172428.1 phytochrome A [Arabidopsis thaliana],0.759,0.997
NP_001322909.1,False,97.039,1.2188,False,antimicrobial,97.798,1.2527,False,antimicrobial,98.036,1.2652,False,antimicrobial,NP_001322909.1 phytochrome A [Arabidopsis thaliana],0.759,0.997
NP_001322908.1,False,97.039,1.2188,False,antimicrobial,97.798,1.2527,False,antimicrobial,98.036,1.2652,False,antimicrobial,NP_001322908.1 phytochrome A [Arabidopsis thaliana],0.759,0.997
NP_001322907.1,False,97.039,1.2188,False,antimicrobial,97.798,1.2527,False,antimicrobial,98.036,1.2652,False,antimicrobial,NP_001322907.1 phytochrome A [Arabidopsis thaliana],0.759,0.997
NP_001322906.1,False,97.069,1.2201,False,antimicrobial,97.834,1.2545,False,antimicrobial,98.036,1.2652,False,antimicrobial,NP_001322906.1 phytochrome A [Arabidopsis thaliana],0.765,0.967
NP_001324142.1,False,98.608,0.9362,False,defense_signaling,99.235,0.9754,True,defense_signaling,99.554,0.9901,True,defense_signaling,NP_001324142.1 chromatin remodeling 8 [Arabidopsis thaliana],0.627,0.946
NP_189475.1,False,89.985,0.9682,False,antimicrobial,91.242,1.0284,False,antimicrobial,90.931,1.0203,False,antimicrobial,NP_189475.1 ABC transporter family protein [Arabidopsis thaliana],1.257,0.946
NP_001331419.1,False,95.159,0.8452,False,defense_signaling,94.714,1.0721,False,antimicrobial,96.103,1.1749,False,antimicrobial,NP_001331419.1 E3 ubiquitin ligase [Arabidopsis thaliana],-0.445,0.944
NP_175453.2,False,13.6,-1.0002,False,cell_death_HR,14.535,-0.9429,False,cell_death_HR,14.539,-0.9406,False,cell_death_HR,NP_175453.2 P-loop containing nucleoside triphosphate hydrolases superfamily protein [Arabidopsis thaliana],0.935,0.939
NP_189077.1,False,96.382,0.8734,False,defense_signaling,97.444,0.9262,False,NBS_LRR,97.32,0.9584,False,NBS_LRR,NP_189077.1 chromatin remodeling 40 [Arabidopsis thaliana],1.062,0.938
NP_188006.4,False,98.233,1.3418,False,cell_death_HR,99.232,1.4616,True,cell_death_HR,99.139,1.4414,True,cell_death_HR,NP_188006.4 ATPase E1-E2 type family protein / haloacid dehalogenase-like hydrolase family protein [Arabidopsis thaliana],0.999,0.906
NP_191913.3,False,94.988,0.8426,False,defense_signaling,95.718,0.8588,False,defense_signaling,95.893,0.8624,False,defense_signaling,NP_191913.3 BREAST CANCER 2 like 2A [Arabidopsis thaliana],0.73,0.905
NP_196383.1,False,78.493,0.7685,False,antimicrobial,79.084,0.7806,False,antimicrobial,79.395,0.7869,False,antimicrobial,NP_196383.1 structural maintenance of chromosomes 6A [Arabidopsis thaliana],0.591,0.902
NP_001326627.1,False,91.664,1.0397,False,antimicrobial,92.266,1.0555,False,antimicrobial,92.564,1.0629,False,antimicrobial,NP_001326627.1 multidrug resistance-associated protein 6 [Arabidopsis thaliana],0.602,0.9
NP_001326628.1,False,91.664,1.0397,False,antimicrobial,92.266,1.0555,False,antimicrobial,92.564,1.0629,False,antimicrobial,NP_001326628.1 multidrug resistance-associated protein 6 [Arabidopsis thaliana],0.602,0.9
NP_001078101.1,False,92.837,1.0717,False,antimicrobial,94.264,1.104,False,antimicrobial,93.718,1.0834,False,NBS_LRR,NP_001078101.1 dicer-like 2 [Arabidopsis thaliana],1.427,0.881
NP_001118940.1,False,96.708,1.2041,False,antimicrobial,97.216,1.2257,False,antimicrobial,97.577,1.2383,False,antimicrobial,NP_001118940.1 damaged DNA binding protein 1A [Arabidopsis thaliana],0.508,0.869
NP_001329653.1,True,98.801,1.4054,False,NBS_LRR,99.523,1.9738,True,NBS_LRR,99.667,2.1016,True,NBS_LRR,NP_001329653.1 protein kinase family protein [Arabidopsis thaliana],0.722,0.866
NP_001324214.1,False,91.016,1.021,False,cell_death_HR,94.379,1.1336,False,cell_death_HR,91.878,1.0126,False,cell_death_HR,NP_001324214.1 myosin XI D [Arabidopsis thaliana],3.363,0.862
NP_001324209.1,False,91.016,1.021,False,cell_death_HR,94.379,1.1336,False,cell_death_HR,91.878,1.0126,False,cell_death_HR,NP_001324209.1 myosin XI D [Arabidopsis thaliana],3.363,0.862
NP_001323492.1,False,95.801,1.0311,False,antimicrobial,97.003,1.2171,False,antimicrobial,96.648,1.199,False,antimicrobial,NP_001323492.1 ARM repeat superfamily protein [Arabidopsis thaliana],1.202,0.847
NP_001322427.1,False,88.128,0.9592,False,antimicrobial,88.695,0.9689,False,antimicrobial,88.969,0.9759,False,antimicrobial,NP_001322427.1 P-glycoprotein 13 [Arabidopsis thaliana],0.567,0.841
NP_001331420.1,False,95.804,0.86,False,defense_signaling,94.347,1.1175,False,antimicrobial,96.644,1.2347,False,cell_death_HR,NP_001331420.1 E3 ubiquitin ligase [Arabidopsis thaliana],-1.457,0.84
NP_001190804.1,False,84.792,0.6857,False,defense_signaling,90.715,0.7693,False,defense_signaling,85.629,0.7755,False,NBS_LRR,NP_001190804.1 separase [Arabidopsis thaliana],5.923,0.837
NP_001030643.1,False,81.175,0.6421,False,defense_signaling,81.723,0.6479,False,defense_signaling,82.009,0.6504,False,defense_signaling,NP_001030643.1 ALWAYS EARLY 2 [Arabidopsis thaliana],0.548,0.834
NP_001189813.1,False,81.175,0.6421,False,defense_signaling,81.723,0.6479,False,defense_signaling,82.009,0.6504,False,defense_signaling,NP_001189813.1 ALWAYS EARLY 2 [Arabidopsis thaliana],0.548,0.834
NP_001189812.1,False,81.175,0.6421,False,defense_signaling,81.723,0.6479,False,defense_signaling,82.009,0.6504,False,defense_signaling,NP_001189812.1 ALWAYS EARLY 2 [Arabidopsis thaliana],0.548,0.834
NP_563924.1,False,53.285,0.319,False,defense_signaling,54.171,0.3288,False,defense_signaling,54.115,0.3282,False,defense_signaling,NP_563924.1 nuclear matrix constituent protein-like protein [Arabidopsis thaliana],0.886,0.83
NP_001330009.1,True,98.819,1.5538,False,RLK_defense,99.258,1.6301,True,RLK_defense,99.638,1.7023,True,RLK_defense,NP_001330009.1 Leucine-rich receptor-like protein kinase family protein [Arabidopsis thaliana],0.439,0.819
NP_199445.1,True,98.819,1.5538,False,RLK_defense,99.258,1.6301,True,RLK_defense,99.638,1.7023,True,RLK_defense,NP_199445.1 Leucine-rich receptor-like protein kinase family protein [Arabidopsis thaliana],0.439,0.819
NP_001326097.1,False,91.25,0.7766,False,defense_signaling,93.327,0.8109,False,defense_signaling,92.063,0.7901,False,defense_signaling,NP_001326097.1 Transducin/WD40 repeat-like superfamily protein [Arabidopsis thaliana],2.077,0.813
NP_974804.4,True,94.611,0.8354,False,defense_signaling,96.048,0.866,False,defense_signaling,95.418,0.8512,False,defense_signaling,NP_974804.4 protein serine/threonine kinase [Arabidopsis thaliana],1.437,0.807
NP_001330877.1,False,88.173,0.9502,False,cell_death_HR,88.741,0.963,False,cell_death_HR,88.975,0.9671,False,cell_death_HR,NP_001330877.1 ARM repeat superfamily protein [Arabidopsis thaliana],0.568,0.802
NP_001330882.1,False,88.173,0.9502,False,cell_death_HR,88.741,0.963,False,cell_death_HR,88.975,0.9671,False,cell_death_HR,NP_001330882.1 ARM repeat superfamily protein [Arabidopsis thaliana],0.568,0.802
NP_001330880.1,False,88.173,0.9502,False,cell_death_HR,88.741,0.963,False,cell_death_HR,88.975,0.9671,False,cell_death_HR,NP_001330880.1 ARM repeat superfamily protein [Arabidopsis thaliana],0.568,0.802
NP_001330878.1,False,88.173,0.9502,False,cell_death_HR,88.741,0.963,False,cell_death_HR,88.975,0.9671,False,cell_death_HR,NP_001330878.1 ARM repeat superfamily protein [Arabidopsis thaliana],0.568,0.802
NP_194520.3,False,73.614,0.5568,False,defense_signaling,74.29,0.5615,False,NBS_LRR,74.402,0.5644,False,NBS_LRR,NP_194520.3 SET domain protein 16 [Arabidopsis thaliana],0.676,0.788
NP_001322307.1,True,93.171,1.02,False,PR_proteins,94.561,1.0547,False,PR_proteins,93.95,1.0349,False,PR_proteins,NP_001322307.1 ARGONAUTE 3 [Arabidopsis thaliana],1.39,0.779
NP_001321109.1,False,63.868,0.448,False,defense_signaling,66.461,0.4744,False,defense_signaling,64.64,0.4536,False,defense_signaling,NP_001321109.1 PHD finger family protein [Arabidopsis thaliana],2.593,0.772
NP_001324210.1,False,91.457,1.0323,False,cell_death_HR,95.351,1.1726,False,cell_death_HR,92.215,1.0239,False,cell_death_HR,NP_001324210.1 myosin XI D [Arabidopsis thaliana],3.894,0.758
NP_001329710.1,False,57.948,0.3799,False,defense_signaling,57.819,0.3763,False,defense_signaling,58.699,0.3877,False,defense_signaling,NP_001329710.1 Urb2/Npa2 family protein [Arabidopsis thaliana],-0.129,0.751
NP_172562.2,False,98.894,0.9492,False,defense_signaling,99.579,0.9962,True,defense_signaling,99.643,0.9987,True,defense_signaling,NP_172562.2 DNA helicase (RECQl4A) [Arabidopsis thaliana],0.685,0.749
NP_193539.6,False,88.738,0.963,False,cell_death_HR,90.3,1.0034,False,cell_death_HR,89.478,0.9863,False,antimicrobial,NP_193539.6 P-glycoprotein 9 [Arabidopsis thaliana],1.562,0.74
NP_001154799.1,False,29.39,-0.2145,False,defense_signaling,28.799,-0.2432,False,NBS_LRR,30.126,-0.2106,False,NBS_LRR,NP_001154799.1 little nuclei4 [Arabidopsis thaliana],-0.591,0.736
NP_001330078.1,False,91.435,1.0318,False,cell_death_HR,91.628,1.0318,False,cell_death_HR,92.159,1.0234,False,cell_death_HR,NP_001330078.1 dicer-like 4 [Arabidopsis thaliana],0.193,0.724
NP_177043.2,False,98.809,1.3266,False,antimicrobial,99.23,1.3648,True,antimicrobial,99.527,1.3947,True,antimicrobial,NP_177043.2 phosphoenolpyruvate carboxylase 4 [Arabidopsis thaliana],0.421,0.718
NP_180333.2,False,85.915,0.7014,False,defense_signaling,87.043,0.7161,False,defense_signaling,86.626,0.7096,False,defense_signaling,NP_180333.2 Ubiquitin carboxyl-terminal hydrolase-related protein [Arabidopsis thaliana],1.128,0.711
NP_200365.1,False,98.836,0.9677,False,antimicrobial,99.687,1.0067,True,defense_signaling,99.542,0.9896,True,defense_signaling,NP_200365.1 tornado 1 [Arabidopsis thaliana],0.851,0.706
NP_201047.1,False,75.389,0.7071,False,antimicrobial,76.935,0.7372,False,antimicrobial,76.091,0.7219,False,antimicrobial,NP_201047.1 structural maintenance of chromosomes 2 [Arabidopsis thaliana],1.546,0.702
NP_001327611.1,False,96.516,1.1966,False,antimicrobial,97.068,1.2188,False,antimicrobial,97.217,1.2217,False,antimicrobial,NP_001327611.1 Cleavage and polyadenylation specificity factor (CPSF) A subunit protein [Arabidopsis thaliana],0.552,0.701
NP_001319757.1,False,96.516,1.1966,False,antimicrobial,97.068,1.2188,False,antimicrobial,97.217,1.2217,False,antimicrobial,NP_001319757.1 Cleavage and polyadenylation specificity factor (CPSF) A subunit protein [Arabidopsis thaliana],0.552,0.701
NP_567015.1,False,96.516,1.1966,False,antimicrobial,97.068,1.2188,False,antimicrobial,97.217,1.2217,False,antimicrobial,NP_567015.1 Cleavage and polyadenylation specificity factor (CPSF) A subunit protein [Arabidopsis thaliana],0.552,0.701
NP_567016.1,False,96.516,1.1966,False,antimicrobial,97.068,1.2188,False,antimicrobial,97.217,1.2217,False,antimicrobial,NP_567016.1 Cleavage and polyadenylation specificity factor (CPSF) A subunit protein [Arabidopsis thaliana],0.552,0.701
NP_001154192.1,False,94.835,0.8392,False,defense_signaling,95.575,0.8551,False,defense_signaling,95.534,0.8542,False,defense_signaling,NP_001154192.1 BREAST CANCER 2 like 2A [Arabidopsis thaliana],0.74,0.699
NP_001326062.1,False,98.183,1.2808,False,antimicrobial,97.315,1.2302,False,antimicrobial,98.881,1.2722,False,antimicrobial,NP_001326062.1 DNA helicase ROCK-N-ROLLERS [Arabidopsis thaliana],-0.868,0.698
NP_001326064.1,False,98.183,1.2808,False,antimicrobial,97.315,1.2302,False,antimicrobial,98.881,1.2722,False,antimicrobial,NP_001326064.1 DNA helicase ROCK-N-ROLLERS [Arabidopsis thaliana],-0.868,0.698
NP_001326065.1,False,98.183,1.2808,False,antimicrobial,97.315,1.2302,False,antimicrobial,98.881,1.2722,False,antimicrobial,NP_001326065.1 DNA helicase ROCK-N-ROLLERS [Arabidopsis thaliana],-0.868,0.698
NP_001326061.1,False,98.183,1.2808,False,antimicrobial,97.315,1.2302,False,antimicrobial,98.881,1.2722,False,antimicrobial,NP_001326061.1 DNA helicase ROCK-N-ROLLERS [Arabidopsis thaliana],-0.868,0.698
NP_189404.2,True,87.195,0.7177,False,defense_signaling,88.964,0.7447,False,defense_signaling,87.89,0.7288,False,defense_signaling,NP_189404.2 ARM repeat superfamily protein [Arabidopsis thaliana],1.769,0.695
NP_177694.1,False,98.718,1.5317,False,RLK_defense,99.091,1.6,True,RLK_defense,99.403,1.6622,True,RLK_defense,NP_177694.1 Leucine-rich receptor-like protein kinase family protein [Arabidopsis thaliana],0.373,0.685
NP_001320074.1,False,79.19,0.6196,False,defense_signaling,73.823,0.5578,False,defense_signaling,79.866,0.6245,False,defense_signaling,NP_001320074.1 ribosome 60S biogenesis amino-terminal protein [Arabidopsis thaliana],-5.367,0.676
NP_176690.1,False,91.752,0.7842,False,defense_signaling,92.36,0.7949,False,defense_signaling,92.428,0.7949,False,defense_signaling,NP_176690.1 Ubiquitin carboxyl-terminal hydrolase-related protein [Arabidopsis thaliana],0.608,0.676
NP_192175.3,False,96.81,0.8834,False,defense_signaling,99.524,0.9919,True,defense_signaling,97.483,1.0887,False,antimicrobial,NP_192175.3 Beige/BEACH and WD40 domain-containing protein [Arabidopsis thaliana],2.714,0.673
NP_001319850.1,False,96.81,0.8834,False,defense_signaling,99.524,0.9919,True,defense_signaling,97.483,1.0887,False,antimicrobial,NP_001319850.1 Beige/BEACH and WD40 domain-containing protein [Arabidopsis thaliana],2.714,0.673
NP_001322526.1,False,90.721,1.0141,False,cell_death_HR,91.126,1.0228,False,cell_death_HR,91.384,1.0279,False,cell_death_HR,NP_001322526.1 Regulator of chromosome condensation (RCC1) family with FYVE zinc finger domain-containing protein [Arabidopsis thaliana],0.405,0.663
NP_001330366.1,False,98.459,0.9291,False,defense_signaling,99.274,0.9785,True,defense_signaling,99.118,0.9627,True,defense_signaling,NP_001330366.1 tornado 1 [Arabidopsis thaliana],0.815,0.659
NP_177556.3,False,46.51,0.2281,False,defense_signaling,46.852,0.2325,False,defense_signaling,47.169,0.237,False,defense_signaling,NP_177556.3 LONGIFOLIA protein [Arabidopsis thaliana],0.342,0.659
NP_172054.3,False,93.76,1.1099,False,cell_death_HR,94.37,1.1332,False,cell_death_HR,94.418,1.1336,False,cell_death_HR,NP_172054.3 Endonuclease/exonuclease/phosphatase family protein [Arabidopsis thaliana],0.61,0.658
NP_173356.1,False,83.009,0.664,False,defense_signaling,83.552,0.6701,False,defense_signaling,83.666,0.6714,False,defense_signaling,NP_173356.1 auxin response factor 19 [Arabidopsis thaliana],0.543,0.657
NP_179284.1,False,98.053,0.9142,False,defense_signaling,98.439,0.9323,False,defense_signaling,98.709,0.9421,False,defense_signaling,NP_179284.1 ubiquitin-conjugating enzyme 23 [Arabidopsis thaliana],0.386,0.656
NP_001324377.1,False,98.053,0.9142,False,defense_signaling,98.439,0.9323,False,defense_signaling,98.709,0.9421,False,defense_signaling,NP_001324377.1 ubiquitin-conjugating enzyme 23 [Arabidopsis thaliana],0.386,0.656
NP_193547.4,False,96.403,1.1908,False,antimicrobial,96.818,1.2091,False,antimicrobial,97.059,1.2145,False,antimicrobial,NP_193547.4 phytochrome E [Arabidopsis thaliana],0.415,0.656
NP_974846.2,False,98.112,0.9163,False,antimicrobial,98.436,0.9322,False,defense_signaling,98.766,0.9441,False,defense_signaling,"NP_974846.2 Quinoprotein amine dehydrogenase, beta chain-like; RIC1-like guanyl-nucleotide exchange factor [Arabidopsis thaliana]",0.324,0.654
NP_001327198.1,True,96.07,1.1772,False,antimicrobial,95.322,1.1715,False,cell_death_HR,96.72,1.2384,False,cell_death_HR,NP_001327198.1 HOPM interactor 7 [Arabidopsis thaliana],-0.748,0.65
NP_001119390.1,False,93.698,1.097,False,antimicrobial,98.264,0.9254,False,defense_signaling,94.314,1.0884,False,antimicrobial,NP_001119390.1 binding protein [Arabidopsis thaliana],4.566,0.616
NP_001324208.1,False,91.016,1.021,False,cell_death_HR,95.387,1.175,False,cell_death_HR,91.607,1.0126,False,cell_death_HR,NP_001324208.1 myosin XI D [Arabidopsis thaliana],4.371,0.591
NP_001119389.1,False,93.698,1.097,False,antimicrobial,98.239,0.924,False,defense_signaling,94.285,1.0884,False,antimicrobial,NP_001119389.1 binding protein [Arabidopsis thaliana],4.541,0.587
NP_001320531.1,False,91.856,0.7861,False,defense_signaling,92.418,0.7958,False,defense_signaling,92.439,0.7951,False,defense_signaling,NP_001320531.1 Ubiquitin carboxyl-terminal hydrolase-related protein [Arabidopsis thaliana],0.562,0.583
NP_179279.1,False,98.874,1.6268,False,NBS_LRR,99.344,1.78,True,NBS_LRR,99.44,1.9352,True,NBS_LRR,NP_179279.1 Disease resistance protein (TIR-NBS-LRR class) family [Arabidopsis thaliana],0.47,0.566
NP_001324146.1,False,98.756,0.9424,False,defense_signaling,99.109,0.9682,True,defense_signaling,99.321,0.976,True,defense_signaling,NP_001324146.1 chromatin remodeling 8 [Arabidopsis thaliana],0.353,0.565
NP_001324145.1,False,98.756,0.9424,False,defense_signaling,99.109,0.9682,True,defense_signaling,99.321,0.976,True,defense_signaling,NP_001324145.1 chromatin remodeling 8 [Arabidopsis thaliana],0.353,0.565
NP_001324144.1,False,98.756,0.9424,False,defense_signaling,99.109,0.9682,True,defense_signaling,99.321,0.976,True,defense_signaling,NP_001324144.1 chromatin remodeling 8 [Arabidopsis thaliana],0.353,0.565
NP_001324143.1,False,98.756,0.9424,False,defense_signaling,99.109,0.9682,True,defense_signaling,99.321,0.976,True,defense_signaling,NP_001324143.1 chromatin remodeling 8 [Arabidopsis thaliana],0.353,0.565
NP_001318246.1,False,98.756,0.9424,False,defense_signaling,99.109,0.9682,True,defense_signaling,99.321,0.976,True,defense_signaling,NP_001318246.1 chromatin remodeling 8 [Arabidopsis thaliana],0.353,0.565
NP_179466.1,False,98.756,0.9424,False,defense_signaling,99.109,0.9682,True,defense_signaling,99.321,0.976,True,defense_signaling,NP_179466.1 chromatin remodeling 8 [Arabidopsis thaliana],0.353,0.565
NP_201347.2,False,92.908,0.8027,False,defense_signaling,93.244,0.8094,False,defense_signaling,93.47,0.8138,False,defense_signaling,NP_201347.2 uncharacterized protein AT5G65440 [Arabidopsis thaliana],0.336,0.562
NP_568146.1,False,92.346,1.023,False,antimicrobial,92.914,1.047,False,antimicrobial,92.908,1.0564,False,antimicrobial,NP_568146.1 aminophospholipid ATPase 1 [Arabidopsis thaliana],0.568,0.562
NP_001332297.1,False,92.908,0.8027,False,defense_signaling,93.244,0.8094,False,defense_signaling,93.47,0.8138,False,defense_signaling,NP_001332297.1 uncharacterized protein AT5G65440 [Arabidopsis thaliana],0.336,0.562
NP_001332294.1,False,92.908,0.8027,False,defense_signaling,93.244,0.8094,False,defense_signaling,93.47,0.8138,False,defense_signaling,NP_001332294.1 uncharacterized protein AT5G65440 [Arabidopsis thaliana],0.336,0.562
NP_001319814.1,False,98.033,0.914,False,antimicrobial,98.303,0.927,False,defense_signaling,98.581,0.9367,False,defense_signaling,"NP_001319814.1 Quinoprotein amine dehydrogenase, beta chain-like; RIC1-like guanyl-nucleotide exchange factor [Arabidopsis thaliana]",0.27,0.548
NP_001030954.1,False,95.177,1.1451,False,antimicrobial,95.667,1.1644,False,antimicrobial,95.722,1.1625,False,antimicrobial,NP_001030954.1 cullin-associated and neddylation dissociated [Arabidopsis thaliana],0.49,0.545
NP_195650.1,False,99.367,1.6531,True,RLK_defense,99.797,1.7441,True,RLK_defense,99.9,1.7991,True,RLK_defense,NP_195650.1 Leucine-rich receptor-like protein kinase family protein [Arabidopsis thaliana],0.43,0.533
NP_564728.3,False,98.243,0.921,False,defense_signaling,99.78,1.0142,True,defense_signaling,98.776,0.9623,False,antimicrobial,NP_564728.3 binding protein [Arabidopsis thaliana],1.537,0.533
NP_680446.1,False,94.97,0.943,False,RLK_defense,95.555,0.9618,False,RLK_defense,95.501,0.9596,False,RLK_defense,NP_680446.1 Protein kinase superfamily protein [Arabidopsis thaliana],0.585,0.531
NP_186862.3,False,99.282,1.6339,True,RLK_defense,99.602,1.696,True,RLK_defense,99.808,1.748,True,RLK_defense,NP_186862.3 receptor-like protein kinase 2 [Arabidopsis thaliana],0.32,0.526
NP_001190884.1,False,98.959,0.952,False,defense_signaling,99.301,0.9789,True,defense_signaling,99.485,0.9862,True,defense_signaling,NP_001190884.1 chromatin remodeling factor [Arabidopsis thaliana],0.342,0.526
NP_001320526.1,False,96.932,0.8858,False,defense_signaling,98.019,0.9154,False,defense_signaling,97.453,0.8968,False,defense_signaling,NP_001320526.1 apoptosis inhibitory protein [Arabidopsis thaliana],1.087,0.521
NP_001077679.1,False,77.924,0.6058,False,defense_signaling,78.352,0.6087,False,defense_signaling,78.441,0.6086,False,defense_signaling,NP_001077679.1 Protein kinase superfamily protein [Arabidopsis thaliana],0.428,0.517
NP_001185080.1,False,77.494,0.6004,False,defense_signaling,80.412,0.6317,False,defense_signaling,78.007,0.604,False,defense_signaling,NP_001185080.1 SIN3-like 3 [Arabidopsis thaliana],2.918,0.513
NP_195341.2,False,98.872,1.5621,False,RLK_defense,99.137,1.6091,True,RLK_defense,99.371,1.6544,True,RLK_defense,NP_195341.2 Leucine-rich receptor-like protein kinase family protein [Arabidopsis thaliana],0.265,0.499
NP_001190545.1,True,94.042,1.1269,False,NBS_LRR,91.306,0.9764,False,NBS_LRR,94.54,1.1312,False,NBS_LRR,NP_001190545.1 ENHANCED DOWNY MILDEW 2 [Arabidopsis thaliana],-2.736,0.498
NP_001332152.1,True,94.042,1.1269,False,NBS_LRR,91.306,0.9764,False,NBS_LRR,94.54,1.1312,False,NBS_LRR,NP_001332152.1 ENHANCED DOWNY MILDEW 2 [Arabidopsis thaliana],-2.736,0.498
NP_200350.2,True,94.042,1.1269,False,NBS_LRR,91.306,0.9764,False,NBS_LRR,94.54,1.1312,False,NBS_LRR,NP_200350.2 ENHANCED DOWNY MILDEW 2 [Arabidopsis thaliana],-2.736,0.498
NP_001328203.1,False,88.981,0.9689,False,cell_death_HR,90.362,1.005,False,cell_death_HR,89.478,0.9863,False,antimicrobial,NP_001328203.1 P-glycoprotein 9 [Arabidopsis thaliana],1.381,0.497
NP_001322799.1,False,98.108,1.3328,False,cell_death_HR,99.033,1.4264,True,cell_death_HR,98.604,1.3728,False,cell_death_HR,NP_001322799.1 ATPase E1-E2 type family protein / haloacid dehalogenase-like hydrolase family protein [Arabidopsis thaliana],0.925,0.496
NP_001322800.1,False,98.108,1.3328,False,cell_death_HR,99.033,1.4264,True,cell_death_HR,98.604,1.3728,False,cell_death_HR,NP_001322800.1 ATPase E1-E2 type family protein / haloacid dehalogenase-like hydrolase family protein [Arabidopsis thaliana],0.925,0.496
NP_177414.1,False,98.108,1.3328,False,cell_death_HR,99.033,1.4264,True,cell_death_HR,98.604,1.3728,False,cell_death_HR,NP_177414.1 ATPase E1-E2 type family protein / haloacid dehalogenase-like hydrolase family protein [Arabidopsis thaliana],0.925,0.496
NP_563753.1,False,98.697,0.9399,False,defense_signaling,99.048,0.9645,True,defense_signaling,99.189,0.9671,True,defense_signaling,NP_563753.1 cell division cycle protein 48-related / CDC48-like protein [Arabidopsis thaliana],0.351,0.492
NP_001328112.1,False,84.664,0.6842,False,defense_signaling,90.248,0.7633,False,defense_signaling,85.155,0.7714,False,NBS_LRR,NP_001328112.1 separase [Arabidopsis thaliana],5.584,0.491
NP_187155.2,False,78.021,0.7438,False,cell_death_HR,79.233,0.764,False,cell_death_HR,78.511,0.7492,False,cell_death_HR,NP_187155.2 ARM repeat superfamily protein [Arabidopsis thaliana],1.212,0.49
NP_197607.5,False,95.953,0.8639,False,defense_signaling,96.191,0.8696,False,defense_signaling,96.44,0.8751,False,defense_signaling,NP_197607.5 Uncharacterized protein AT5G21080 [Arabidopsis thaliana],0.238,0.487
NP_001322631.1,False,98.291,0.9221,False,defense_signaling,99.782,1.0143,True,defense_signaling,98.776,0.9623,False,antimicrobial,NP_001322631.1 binding protein [Arabidopsis thaliana],1.491,0.485
NP_189066.1,False,99.313,1.6396,True,RLK_defense,99.647,1.7049,True,RLK_defense,99.79,1.7454,True,RLK_defense,NP_189066.1 Leucine-rich repeat receptor-like protein kinase family protein [Arabidopsis thaliana],0.334,0.477
NP_171788.3,False,98.975,0.9527,False,defense_signaling,99.799,1.0173,True,defense_signaling,99.444,0.9836,True,defense_signaling,NP_171788.3 AAA-type ATPase family protein [Arabidopsis thaliana],0.824,0.469
NP_179469.1,True,97.105,1.2215,False,antimicrobial,97.714,1.2492,False,antimicrobial,97.573,1.2382,False,antimicrobial,NP_179469.1 phytochrome B [Arabidopsis thaliana],0.609,0.468
NP_198970.1,True,98.82,1.6187,False,NBS_LRR,98.967,1.6302,False,NBS_LRR,99.282,1.7415,True,NBS_LRR,NP_198970.1 Disease resistance protein (TIR-NBS-LRR class) family [Arabidopsis thaliana],0.147,0.462
NP_001320527.1,False,96.886,0.8851,False,defense_signaling,97.957,0.9131,False,defense_signaling,97.345,0.8937,False,defense_signaling,NP_001320527.1 apoptosis inhibitory protein [Arabidopsis thaliana],1.071,0.459
NP_196805.2,True,96.187,0.8686,False,defense_signaling,97.799,0.9069,False,defense_signaling,96.646,0.9379,False,antimicrobial,NP_196805.2 RNA helicase family protein [Arabidopsis thaliana],1.612,0.459
NP_197432.2,False,96.48,0.8756,False,defense_signaling,96.83,0.8832,False,defense_signaling,96.924,0.8848,False,defense_signaling,NP_197432.2 homeotic protein regulator [Arabidopsis thaliana],0.35,0.444
NP_001190267.1,False,99.131,0.9619,True,defense_signaling,99.264,0.9779,True,defense_signaling,99.564,0.991,True,defense_signaling,NP_001190267.1 ethylene induced calmodulin binding protein [Arabidopsis thaliana],0.133,0.433
NP_001321107.1,False,63.868,0.448,False,defense_signaling,66.32,0.4727,False,defense_signaling,64.279,0.4504,False,defense_signaling,NP_001321107.1 PHD finger family protein [Arabidopsis thaliana],2.452,0.411
NP_001189833.1,False,91.25,0.7766,False,defense_signaling,93.447,0.8133,False,defense_signaling,91.655,0.7843,False,defense_signaling,NP_001189833.1 Transducin/WD40 repeat-like superfamily protein [Arabidopsis thaliana],2.197,0.405
NP_192575.3,False,93.455,1.0274,False,PR_proteins,93.764,1.0316,False,PR_proteins,93.854,1.0325,False,PR_proteins,NP_192575.3 global transcription factor group A2 [Arabidopsis thaliana],0.309,0.399
NP_001327243.1,False,99.411,1.6633,True,RLK_defense,99.658,1.7074,True,RLK_defense,99.808,1.748,True,RLK_defense,NP_001327243.1 receptor-like protein kinase 2 [Arabidopsis thaliana],0.247,0.397
NP_174329.1,False,96.607,1.2005,False,antimicrobial,97.686,1.2472,False,antimicrobial,96.999,1.2125,False,antimicrobial,NP_174329.1 multidrug resistance-associated protein 1 [Arabidopsis thaliana],1.079,0.392
NP_001031116.1,False,96.607,1.2005,False,antimicrobial,97.686,1.2472,False,antimicrobial,96.999,1.2125,False,antimicrobial,NP_001031116.1 multidrug resistance-associated protein 1 [Arabidopsis thaliana],1.079,0.392
NP_199727.1,False,96.519,0.8762,False,defense_signaling,99.824,1.0203,True,defense_signaling,96.895,1.2085,False,antimicrobial,NP_199727.1 methyltransferase 1 [Arabidopsis thaliana],3.305,0.376
NP_178360.2,False,95.353,1.1501,False,antimicrobial,95.694,1.1651,False,antimicrobial,95.722,1.1625,False,antimicrobial,NP_178360.2 cullin-associated and neddylation dissociated [Arabidopsis thaliana],0.341,0.369
NP_199705.2,False,99.371,1.6543,True,RLK_defense,99.62,1.7001,True,RLK_defense,99.737,1.7238,True,RLK_defense,NP_199705.2 Leucine-rich repeat transmembrane protein kinase family protein [Arabidopsis thaliana],0.249,0.366
NP_194028.2,False,84.792,0.6857,False,defense_signaling,90.387,0.7654,False,defense_signaling,85.155,0.7714,False,NBS_LRR,NP_194028.2 separase [Arabidopsis thaliana],5.595,0.363
NP_172637.2,False,96.911,1.1952,False,antimicrobial,97.2,1.2008,False,antimicrobial,97.269,1.1986,False,antimicrobial,NP_172637.2 starch synthase 3 [Arabidopsis thaliana],0.289,0.358
NP_187291.2,False,95.94,1.0319,False,antimicrobial,96.169,1.0345,False,antimicrobial,96.293,1.0324,False,antimicrobial,NP_187291.2 chromatin-remodeling protein 11 [Arabidopsis thaliana],0.229,0.353
NP_193558.3,False,96.32,0.9995,False,antimicrobial,96.534,1.0218,False,antimicrobial,96.671,1.039,False,antimicrobial,NP_193558.3 starch synthase 4 [Arabidopsis thaliana],0.214,0.351
NP_193640.4,True,99.046,1.6718,True,NBS_LRR,99.353,1.7977,True,NBS_LRR,99.394,1.8559,True,NBS_LRR,NP_193640.4 NB-ARC domain-containing disease resistance protein [Arabidopsis thaliana],0.307,0.348
NP_567206.1,False,98.504,1.0131,False,antimicrobial,99.56,0.9944,True,defense_signaling,98.851,1.0502,False,antimicrobial,NP_567206.1 helicase domain-containing protein / IBR domain-containing protein / zinc finger protein-like protein [Arabidopsis thaliana],1.056,0.347
NP_200823.1,False,15.0,-0.6809,False,defense_signaling,15.404,-0.6472,False,defense_signaling,15.346,-0.6494,False,defense_signaling,NP_200823.1 uncharacterized protein AT5G60150 [Arabidopsis thaliana],0.404,0.346
NP_001329034.1,False,98.873,1.3976,False,cell_death_HR,99.08,1.4343,True,cell_death_HR,99.213,1.4551,True,cell_death_HR,NP_001329034.1 global transcription factor C [Arabidopsis thaliana],0.207,0.34
NP_192809.1,False,98.873,1.3976,False,cell_death_HR,99.08,1.4343,True,cell_death_HR,99.213,1.4551,True,cell_death_HR,NP_192809.1 global transcription factor C [Arabidopsis thaliana],0.207,0.34
NP_177451.1,True,99.369,1.6541,True,RLK_defense,99.556,1.6852,True,RLK_defense,99.708,1.7177,True,RLK_defense,NP_177451.1 PEP1 receptor 1 [Arabidopsis thaliana],0.187,0.339
NP_001030888.1,False,89.056,0.9709,False,cell_death_HR,89.329,0.9776,False,cell_death_HR,89.39,0.9779,False,cell_death_HR,NP_001030888.1 ARM repeat superfamily protein [Arabidopsis thaliana],0.273,0.334
NP_001324748.1,False,71.357,0.5318,False,defense_signaling,79.516,0.6214,False,defense_signaling,71.678,0.5325,False,defense_signaling,NP_001324748.1 alpha/beta-Hydrolases superfamily protein [Arabidopsis thaliana],8.159,0.321
NP_001324740.1,False,71.357,0.5318,False,defense_signaling,79.516,0.6214,False,defense_signaling,71.678,0.5325,False,defense_signaling,NP_001324740.1 alpha/beta-Hydrolases superfamily protein [Arabidopsis thaliana],8.159,0.321
NP_001324741.1,False,71.357,0.5318,False,defense_signaling,79.516,0.6214,False,defense_signaling,71.678,0.5325,False,defense_signaling,NP_001324741.1 alpha/beta-Hydrolases superfamily protein [Arabidopsis thaliana],8.159,0.321
NP_001324742.1,False,71.357,0.5318,False,defense_signaling,79.516,0.6214,False,defense_signaling,71.678,0.5325,False,defense_signaling,NP_001324742.1 alpha/beta-Hydrolases superfamily protein [Arabidopsis thaliana],8.159,0.321
NP_001324744.1,False,71.357,0.5318,False,defense_signaling,79.516,0.6214,False,defense_signaling,71.678,0.5325,False,defense_signaling,NP_001324744.1 alpha/beta-Hydrolases superfamily protein [Arabidopsis thaliana],8.159,0.321
NP_001318189.1,False,71.357,0.5318,False,defense_signaling,79.516,0.6214,False,defense_signaling,71.678,0.5325,False,defense_signaling,NP_001318189.1 alpha/beta-Hydrolases superfamily protein [Arabidopsis thaliana],8.159,0.321
NP_001324745.1,False,71.357,0.5318,False,defense_signaling,79.516,0.6214,False,defense_signaling,71.678,0.5325,False,defense_signaling,NP_001324745.1 alpha/beta-Hydrolases superfamily protein [Arabidopsis thaliana],8.159,0.321
NP_178413.2,False,71.357,0.5318,False,defense_signaling,79.516,0.6214,False,defense_signaling,71.678,0.5325,False,defense_signaling,NP_178413.2 alpha/beta-Hydrolases superfamily protein [Arabidopsis thaliana],8.159,0.321
NP_001326670.1,False,96.401,1.1908,False,antimicrobial,96.644,1.201,False,antimicrobial,96.72,1.2015,False,antimicrobial,NP_001326670.1 DegP protease 7 [Arabidopsis thaliana],0.243,0.319
NP_190053.3,True,99.153,1.7077,True,NBS_LRR,99.383,1.8258,True,NBS_LRR,99.47,1.9458,True,NBS_LRR,NP_190053.3 Disease resistance protein (TIR-NBS-LRR class) family [Arabidopsis thaliana],0.23,0.317
NP_001078237.1,True,99.153,1.7077,True,NBS_LRR,99.383,1.8258,True,NBS_LRR,99.47,1.9458,True,NBS_LRR,NP_001078237.1 Disease resistance protein (TIR-NBS-LRR class) family [Arabidopsis thaliana],0.23,0.317
NP_191469.3,False,93.642,1.0932,False,antimicrobial,94.694,1.1281,False,antimicrobial,93.959,1.102,False,antimicrobial,NP_191469.3 glucan synthase-like 11 [Arabidopsis thaliana],1.052,0.317
NP_192030.4,False,88.604,0.7396,False,defense_signaling,88.751,0.7416,False,defense_signaling,88.919,0.7433,False,defense_signaling,NP_192030.4 glycosyl transferase family 1 protein [Arabidopsis thaliana],0.147,0.315
NP_001321704.1,False,0.487,-3.6897,False,cell_death_HR,0.539,-3.5249,False,cell_death_HR,0.801,-3.3678,False,cell_death_HR,NP_001321704.1 uncharacterized protein AT1G39070 [Arabidopsis thaliana],0.052,0.314
NP_001328560.1,False,99.141,1.0084,True,NBS_LRR,99.342,1.0849,True,NBS_LRR,99.452,1.1202,True,NBS_LRR,NP_001328560.1 P-loop containing nucleoside triphosphate hydrolases superfamily protein [Arabidopsis thaliana],0.201,0.311
NP_180875.1,False,99.016,1.5868,True,RLK_defense,99.175,1.6138,True,RLK_defense,99.325,1.643,True,RLK_defense,NP_180875.1 Leucine-rich repeat receptor-like protein kinase family protein [Arabidopsis thaliana],0.159,0.309
NP_001323641.1,False,99.016,1.5868,True,RLK_defense,99.175,1.6138,True,RLK_defense,99.325,1.643,True,RLK_defense,NP_001323641.1 Leucine-rich repeat receptor-like protein kinase family protein [Arabidopsis thaliana],0.159,0.309
NP_001117501.1,False,99.592,1.6927,True,RLK_defense,99.804,1.7478,True,RLK_defense,99.897,1.7967,True,RLK_defense,NP_001117501.1 BRI1 like [Arabidopsis thaliana],0.212,0.305
NP_175274.1,True,97.799,1.2007,False,PR_proteins,97.992,1.2094,False,PR_proteins,98.104,1.2136,False,PR_proteins,NP_175274.1 Stabilizer of iron transporter SufD / Polynucleotidyl transferase [Arabidopsis thaliana],0.193,0.305
NP_175957.1,False,99.592,1.6927,True,RLK_defense,99.804,1.7478,True,RLK_defense,99.897,1.7967,True,RLK_defense,NP_175957.1 BRI1 like [Arabidopsis thaliana],0.212,0.305
NP_001327050.1,False,93.414,1.0766,False,antimicrobial,93.505,1.0774,False,NBS_LRR,93.718,1.0834,False,NBS_LRR,NP_001327050.1 dicer-like 2 [Arabidopsis thaliana],0.091,0.304
NP_001185169.1,True,97.813,1.2022,False,PR_proteins,98.014,1.2103,False,PR_proteins,98.115,1.2142,False,PR_proteins,NP_001185169.1 Stabilizer of iron transporter SufD / Polynucleotidyl transferase [Arabidopsis thaliana],0.201,0.302
NP_849784.1,True,97.813,1.2022,False,PR_proteins,98.014,1.2103,False,PR_proteins,98.115,1.2142,False,PR_proteins,NP_849784.1 Stabilizer of iron transporter SufD / Polynucleotidyl transferase [Arabidopsis thaliana],0.201,0.302
NP_176047.1,False,99.55,2.0677,True,NBS_LRR,99.672,2.1131,True,NBS_LRR,99.851,2.1916,True,NBS_LRR,NP_176047.1 Disease resistance protein (TIR-NBS-LRR class) family [Arabidopsis thaliana],0.122,0.301
NP_001319071.1,False,95.65,0.8553,False,defense_signaling,97.152,0.8901,False,defense_signaling,95.951,0.8637,False,defense_signaling,NP_001319071.1 apoptosis inhibitory protein [Arabidopsis thaliana],1.502,0.301
NP_198907.1,True,99.111,1.6907,True,NBS_LRR,99.314,1.7585,True,NBS_LRR,99.406,1.8748,True,NBS_LRR,NP_198907.1 Disease resistance protein (TIR-NBS-LRR class) family [Arabidopsis thaliana],0.203,0.295
NP_001318718.1,True,99.111,1.6907,True,NBS_LRR,99.314,1.7585,True,NBS_LRR,99.406,1.8748,True,NBS_LRR,NP_001318718.1 Disease resistance protein (TIR-NBS-LRR class) family [Arabidopsis thaliana],0.203,0.295
NP_199459.2,True,99.214,1.7278,True,NBS_LRR,99.396,1.8431,True,NBS_LRR,99.508,1.9856,True,NBS_LRR,NP_199459.2 disease resistance protein (TIR-NBS-LRR class) family [Arabidopsis thaliana],0.182,0.294
NP_851172.1,False,99.629,2.1289,True,NBS_LRR,99.857,2.2002,True,NBS_LRR,99.919,2.2261,True,NBS_LRR,NP_851172.1 Disease resistance protein (TIR-NBS-LRR class) family [Arabidopsis thaliana],0.228,0.29
NP_180724.2,False,87.701,0.9397,False,cell_death_HR,87.987,0.9459,False,cell_death_HR,87.991,0.9441,False,cell_death_HR,NP_180724.2 ARM repeat superfamily protein [Arabidopsis thaliana],0.286,0.29
NP_566119.1,False,94.032,0.8825,False,antimicrobial,94.273,0.8923,False,antimicrobial,94.318,0.895,False,antimicrobial,NP_566119.1 sister-chromatid cohesion protein 3 [Arabidopsis thaliana],0.241,0.286
NP_001329712.1,False,95.313,1.1488,False,antimicrobial,95.533,1.158,False,antimicrobial,95.597,1.158,False,antimicrobial,NP_001329712.1 ER-type Ca2+-ATPase 2 [Arabidopsis thaliana],0.22,0.284
NP_191999.1,False,95.313,1.1488,False,antimicrobial,95.533,1.158,False,antimicrobial,95.597,1.158,False,antimicrobial,NP_191999.1 ER-type Ca2+-ATPase 2 [Arabidopsis thaliana],0.22,0.284
NP_001190725.1,False,97.967,0.9121,False,defense_signaling,99.761,1.0123,True,defense_signaling,98.247,1.0066,False,antimicrobial,NP_001190725.1 DNA methyltransferase 2 [Arabidopsis thaliana],1.794,0.28
NP_001185317.1,False,96.171,1.2104,False,cell_death_HR,98.955,1.4186,False,cell_death_HR,96.447,1.2238,False,cell_death_HR,NP_001185317.1 global transcription factor group B1 [Arabidopsis thaliana],2.784,0.276
NP_195616.2,False,97.745,0.9055,False,defense_signaling,98.253,0.9573,False,RLK_defense,98.021,1.0128,False,RLK_defense,NP_195616.2 Kinesin motor family protein [Arabidopsis thaliana],0.508,0.276
NP_001154663.2,False,95.935,1.2631,False,NBS_LRR,96.484,1.2964,False,NBS_LRR,96.209,1.2685,False,NBS_LRR,NP_001154663.2 dicer-like 3 [Arabidopsis thaliana],0.549,0.274
NP_001325811.1,False,95.935,1.2631,False,NBS_LRR,96.467,1.2951,False,NBS_LRR,96.209,1.2685,False,NBS_LRR,NP_001325811.1 dicer-like 3 [Arabidopsis thaliana],0.532,0.274
NP_001319082.1,False,98.687,1.3789,False,cell_death_HR,98.965,1.4199,False,cell_death_HR,98.955,1.414,False,cell_death_HR,NP_001319082.1 ATPase E1-E2 type family protein / haloacid dehalogenase-like hydrolase family protein [Arabidopsis thaliana],0.278,0.268
NP_001332198.1,False,92.818,0.8013,False,defense_signaling,93.65,0.8175,False,defense_signaling,93.082,0.8059,False,defense_signaling,NP_001332198.1 Ubiquitin carboxyl-terminal hydrolase-related protein [Arabidopsis thaliana],0.832,0.264
NP_001330140.1,True,99.563,2.0797,True,NBS_LRR,99.676,2.1135,True,NBS_LRR,99.823,2.18,True,NBS_LRR,NP_001330140.1 Disease resistance protein (TIR-NBS-LRR class) family [Arabidopsis thaliana],0.113,0.26
NP_001327760.1,False,94.692,1.1273,False,cell_death_HR,94.725,1.1463,False,cell_death_HR,94.951,1.1542,False,cell_death_HR,NP_001327760.1 SNF2 domain-containing protein / helicase domain-containing protein / zinc finger protein-like protein [Arabidopsis thaliana],0.033,0.259
NP_189410.2,False,98.183,1.2808,False,antimicrobial,97.422,1.2331,False,antimicrobial,98.442,1.2722,False,antimicrobial,NP_189410.2 DNA helicase ROCK-N-ROLLERS [Arabidopsis thaliana],-0.761,0.259
NP_001326063.1,False,98.183,1.2808,False,antimicrobial,97.422,1.2331,False,antimicrobial,98.442,1.2722,False,antimicrobial,NP_001326063.1 DNA helicase ROCK-N-ROLLERS [Arabidopsis thaliana],-0.761,0.259
NP_001326060.1,False,98.183,1.2808,False,antimicrobial,97.422,1.2331,False,antimicrobial,98.442,1.2722,False,antimicrobial,NP_001326060.1 DNA helicase ROCK-N-ROLLERS [Arabidopsis thaliana],-0.761,0.259
NP_001319598.1,False,94.692,1.1273,False,cell_death_HR,94.725,1.1463,False,cell_death_HR,94.951,1.1542,False,cell_death_HR,NP_001319598.1 SNF2 domain-containing protein / helicase domain-containing protein / zinc finger protein-like protein [Arabidopsis thaliana],0.033,0.259
NP_188635.1,False,94.692,1.1273,False,cell_death_HR,94.725,1.1463,False,cell_death_HR,94.951,1.1542,False,cell_death_HR,NP_188635.1 SNF2 domain-containing protein / helicase domain-containing protein / zinc finger protein-like protein [Arabidopsis thaliana],0.033,0.259
NP_001324608.1,False,96.178,0.8686,False,defense_signaling,98.384,0.9305,False,defense_signaling,96.432,0.8749,False,defense_signaling,NP_001324608.1 TRAF-like family protein [Arabidopsis thaliana],2.206,0.254
NP_001330138.1,True,99.569,2.082,True,NBS_LRR,99.685,2.1156,True,NBS_LRR,99.823,2.18,True,NBS_LRR,NP_001330138.1 Disease resistance protein (TIR-NBS-LRR class) family [Arabidopsis thaliana],0.116,0.254
NP_001327303.1,False,78.021,0.7438,False,cell_death_HR,79.163,0.7621,False,cell_death_HR,78.275,0.7449,False,cell_death_HR,NP_001327303.1 ARM repeat superfamily protein [Arabidopsis thaliana],1.142,0.254
NP_193685.6,True,99.513,2.0362,True,NBS_LRR,99.66,2.103,True,NBS_LRR,99.766,2.1626,True,NBS_LRR,NP_193685.6 nucleoside-triphosphatase/transmembrane receptor/nucleotide binding/ATP binding protein [Arabidopsis thaliana],0.147,0.253
NP_001189688.1,False,83.724,0.6734,False,defense_signaling,83.948,0.6749,False,defense_signaling,83.973,0.6747,False,defense_signaling,NP_001189688.1 P-loop containing nucleoside triphosphate hydrolases superfamily protein [Arabidopsis thaliana],0.224,0.249
NP_001327882.1,False,96.824,1.244,False,cell_death_HR,97.075,1.2576,False,cell_death_HR,97.071,1.2577,False,cell_death_HR,NP_001327882.1 Regulator of chromosome condensation (RCC1) family with FYVE zinc finger domain-containing protein [Arabidopsis thaliana],0.251,0.247
NP_001326944.1,False,95.266,1.1666,False,cell_death_HR,95.495,1.1791,False,cell_death_HR,95.51,1.1807,False,cell_death_HR,NP_001326944.1 uncharacterized protein AT3G44340 [Arabidopsis thaliana],0.229,0.244
NP_001030808.1,False,95.266,1.1666,False,cell_death_HR,95.495,1.1791,False,cell_death_HR,95.51,1.1807,False,cell_death_HR,NP_001030808.1 uncharacterized protein AT3G44340 [Arabidopsis thaliana],0.229,0.244
NP_568365.2,False,94.931,1.0472,False,antimicrobial,95.136,1.0437,False,antimicrobial,95.173,1.0386,False,antimicrobial,NP_568365.2 chromatin remodeling factor17 [Arabidopsis thaliana],0.205,0.242
NP_001330139.1,True,99.563,2.0797,True,NBS_LRR,99.666,2.1117,True,NBS_LRR,99.803,2.1778,True,NBS_LRR,NP_001330139.1 Disease resistance protein (TIR-NBS-LRR class) family [Arabidopsis thaliana],0.103,0.24
NP_189978.1,True,96.127,1.2774,False,NBS_LRR,96.864,1.337,False,NBS_LRR,96.364,1.2834,False,NBS_LRR,NP_189978.1 dicer-like 3 [Arabidopsis thaliana],0.737,0.237
NP_187946.1,False,99.674,1.7122,True,RLK_defense,99.861,1.7681,True,RLK_defense,99.909,1.812,True,RLK_defense,NP_187946.1 BRI1-like 3 [Arabidopsis thaliana],0.187,0.235
NP_001323706.1,False,98.919,1.6354,False,NBS_LRR,98.905,1.6101,False,NBS_LRR,99.153,1.6873,True,NBS_LRR,NP_001323706.1 Disease resistance protein (TIR-NBS-LRR class) family [Arabidopsis thaliana],-0.014,0.234
NP_199439.5,True,99.569,2.082,True,NBS_LRR,99.68,2.1138,True,NBS_LRR,99.803,2.1778,True,NBS_LRR,NP_199439.5 Disease resistance protein (TIR-NBS-LRR class) family [Arabidopsis thaliana],0.111,0.234
NP_001330137.1,True,99.569,2.082,True,NBS_LRR,99.68,2.1138,True,NBS_LRR,99.803,2.1778,True,NBS_LRR,NP_001330137.1 Disease resistance protein (TIR-NBS-LRR class) family [Arabidopsis thaliana],0.111,0.234
NP_001322898.1,False,99.163,1.6087,True,RLK_defense,99.311,1.6374,True,RLK_defense,99.394,1.6597,True,RLK_defense,NP_001322898.1 Leucine-rich receptor-like protein kinase family protein [Arabidopsis thaliana],0.148,0.231
NP_176404.3,False,99.629,0.998,True,defense_signaling,99.745,1.0228,True,NBS_LRR,99.857,1.0197,True,defense_signaling,NP_176404.3 AAA-type ATPase family protein [Arabidopsis thaliana],0.116,0.228
NP_188968.1,False,96.785,1.2416,False,cell_death_HR,96.967,1.2523,False,cell_death_HR,97.013,1.2547,False,cell_death_HR,NP_188968.1 Regulator of chromosome condensation (RCC1) family with FYVE zinc finger domain-containing protein [Arabidopsis thaliana],0.182,0.228
NP_187214.2,False,96.293,1.1867,False,antimicrobial,96.459,1.1933,False,antimicrobial,96.519,1.1934,False,antimicrobial,NP_187214.2 phospholipase D P2 [Arabidopsis thaliana],0.166,0.226
NP_198990.3,True,99.082,1.6812,True,NBS_LRR,99.101,1.6619,True,NBS_LRR,99.308,1.7581,True,NBS_LRR,NP_198990.3 Disease resistance protein (TIR-NBS-LRR class) family [Arabidopsis thaliana],0.019,0.226
NP_851117.2,True,99.082,1.6812,True,NBS_LRR,99.101,1.6619,True,NBS_LRR,99.308,1.7581,True,NBS_LRR,NP_851117.2 Disease resistance protein (TIR-NBS-LRR class) family [Arabidopsis thaliana],0.019,0.226
NP_001322420.1,False,98.778,1.3876,False,cell_death_HR,99.027,1.4262,True,cell_death_HR,99.002,1.4176,True,cell_death_HR,NP_001322420.1 ATPase E1-E2 type family protein / haloacid dehalogenase-like hydrolase family protein [Arabidopsis thaliana],0.249,0.224
NP_001185096.1,False,98.778,1.3876,False,cell_death_HR,99.027,1.4262,True,cell_death_HR,99.002,1.4176,True,cell_death_HR,NP_001185096.1 ATPase E1-E2 type family protein / haloacid dehalogenase-like hydrolase family protein [Arabidopsis thaliana],0.249,0.224
NP_001322419.1,False,98.778,1.3876,False,cell_death_HR,99.027,1.4262,True,cell_death_HR,99.002,1.4176,True,cell_death_HR,NP_001322419.1 ATPase E1-E2 type family protein / haloacid dehalogenase-like hydrolase family protein [Arabidopsis thaliana],0.249,0.224
NP_001190611.1,False,99.276,1.3995,True,cell_death_HR,99.481,1.423,True,cell_death_HR,99.5,1.4256,True,cell_death_HR,NP_001190611.1 DNA polymerase delta subunit 1 [Arabidopsis thaliana],0.205,0.224
NP_199438.1,True,99.51,2.0232,True,NBS_LRR,99.683,2.1141,True,NBS_LRR,99.734,2.1382,True,NBS_LRR,NP_199438.1 disease resistance protein (TIR-NBS-LRR class) family [Arabidopsis thaliana],0.173,0.224
NP_001325812.1,False,96.177,1.2835,False,NBS_LRR,96.557,1.303,False,NBS_LRR,96.397,1.2863,False,NBS_LRR,NP_001325812.1 dicer-like 3 [Arabidopsis thaliana],0.38,0.22
NP_178304.1,False,99.645,1.7054,True,RLK_defense,99.788,1.743,True,RLK_defense,99.863,1.7752,True,RLK_defense,NP_178304.1 BRI1-like 2 [Arabidopsis thaliana],0.143,0.218
NP_197336.4,True,99.649,2.1419,True,NBS_LRR,99.826,2.1837,True,NBS_LRR,99.867,2.2049,True,NBS_LRR,NP_197336.4 Disease resistance protein (TIR-NBS-LRR class) family [Arabidopsis thaliana],0.177,0.218
NP_001330914.1,True,99.537,2.0592,True,NBS_LRR,99.658,2.1019,True,NBS_LRR,99.748,2.1423,True,NBS_LRR,NP_001330914.1 Disease resistance protein (TIR-NBS-LRR class) family [Arabidopsis thaliana],0.121,0.211
NP_199457.1,False,99.272,1.7606,True,NBS_LRR,99.388,1.8296,True,NBS_LRR,99.483,1.9615,True,NBS_LRR,NP_199457.1 Disease resistance protein (TIR-NBS-LRR class) family [Arabidopsis thaliana],0.116,0.211
NP_001318395.1,False,99.349,0.9764,True,defense_signaling,99.807,1.0183,True,defense_signaling,99.558,0.9905,True,defense_signaling,"NP_001318395.1 RING-finger, DEAD-like helicase, PHD and SNF2 domain-containing protein [Arabidopsis thaliana]",0.458,0.209
NP_001325178.1,False,99.349,0.9764,True,defense_signaling,99.807,1.0183,True,defense_signaling,99.558,0.9905,True,defense_signaling,"NP_001325178.1 RING-finger, DEAD-like helicase, PHD and SNF2 domain-containing protein [Arabidopsis thaliana]",0.458,0.209
NP_181609.4,False,99.349,0.9764,True,defense_signaling,99.807,1.0183,True,defense_signaling,99.558,0.9905,True,defense_signaling,"NP_181609.4 RING-finger, DEAD-like helicase, PHD and SNF2 domain-containing protein [Arabidopsis thaliana]",0.458,0.209
NP_187366.2,False,94.362,1.1307,False,cell_death_HR,94.528,1.1375,False,cell_death_HR,94.569,1.1392,False,cell_death_HR,NP_187366.2 Sec23/Sec24 protein transport family protein [Arabidopsis thaliana],0.166,0.207
NP_001320199.1,False,94.666,1.1261,False,antimicrobial,94.956,1.138,False,antimicrobial,94.861,1.1313,False,antimicrobial,NP_001320199.1 nucleolar protein [Arabidopsis thaliana],0.29,0.195
NP_176566.3,False,94.666,1.1261,False,antimicrobial,94.956,1.138,False,antimicrobial,94.861,1.1313,False,antimicrobial,NP_176566.3 nucleolar protein [Arabidopsis thaliana],0.29,0.195
NP_173829.3,False,77.974,0.6064,False,defense_signaling,80.681,0.635,False,defense_signaling,78.167,0.6058,False,defense_signaling,NP_173829.3 SIN3-like 3 [Arabidopsis thaliana],2.707,0.193
NP_001321782.1,False,92.207,1.0139,False,antimicrobial,97.05,0.8882,False,defense_signaling,92.397,1.0053,False,antimicrobial,NP_001321782.1 THO2 [Arabidopsis thaliana],4.843,0.19
NP_001325813.1,False,95.824,1.2555,False,NBS_LRR,96.351,1.2845,False,NBS_LRR,96.013,1.2475,False,NBS_LRR,NP_001325813.1 dicer-like 3 [Arabidopsis thaliana],0.527,0.189
NP_187149.1,False,78.503,0.6119,False,defense_signaling,79.712,0.6237,False,defense_signaling,78.69,0.6115,False,defense_signaling,NP_187149.1 DNAJ heat shock N-terminal domain-containing protein [Arabidopsis thaliana],1.209,0.187
NP_199264.1,True,99.406,1.9003,True,NBS_LRR,99.527,1.9745,True,NBS_LRR,99.591,2.0647,True,NBS_LRR,NP_199264.1 target of AVRB operation1 [Arabidopsis thaliana],0.121,0.185
NP_192849.4,False,80.797,0.6378,False,defense_signaling,80.511,0.6825,False,NBS_LRR,80.98,0.6928,False,NBS_LRR,NP_192849.4 SPA1-related 2 [Arabidopsis thaliana],-0.286,0.183
NP_001318593.1,True,99.593,2.0921,True,NBS_LRR,99.691,2.1191,True,NBS_LRR,99.776,2.1637,True,NBS_LRR,NP_001318593.1 disease resistance protein (TIR-NBS-LRR class) family protein [Arabidopsis thaliana],0.098,0.183
NP_001330713.1,True,99.406,1.9003,True,NBS_LRR,99.515,1.9605,True,NBS_LRR,99.587,2.053,True,NBS_LRR,NP_001330713.1 target of AVRB operation1 [Arabidopsis thaliana],0.109,0.181
NP_001330714.1,True,99.406,1.9003,True,NBS_LRR,99.51,1.9602,True,NBS_LRR,99.583,2.0508,True,NBS_LRR,NP_001330714.1 target of AVRB operation1 [Arabidopsis thaliana],0.104,0.177
NP_194085.4,False,90.589,0.9748,False,NBS_LRR,90.495,0.9468,False,NBS_LRR,90.763,0.9547,False,NBS_LRR,NP_194085.4 ARM repeat superfamily protein [Arabidopsis thaliana],-0.094,0.174
NP_001322194.1,False,98.005,0.9132,False,defense_signaling,98.138,0.9192,False,defense_signaling,98.175,0.9193,False,defense_signaling,NP_001322194.1 P-loop nucleoside triphosphate hydrolases superfamily protein with CH (Calponin Homology) domain-containing protein [Arabidopsis thaliana],0.133,0.17
NP_176551.3,False,98.005,0.9132,False,defense_signaling,98.138,0.9192,False,defense_signaling,98.175,0.9193,False,defense_signaling,NP_176551.3 P-loop nucleoside triphosphate hydrolases superfamily protein with CH (Calponin Homology) domain-containing protein [Arabidopsis thaliana],0.133,0.17
NP_001117396.1,False,99.622,2.1262,True,NBS_LRR,99.766,2.1416,True,NBS_LRR,99.79,2.1685,True,NBS_LRR,NP_001117396.1 Disease resistance protein (TIR-NBS-LRR class) family [Arabidopsis thaliana],0.144,0.168
NP_001190516.1,False,99.774,2.2044,True,NBS_LRR,99.9,2.228,True,NBS_LRR,99.929,2.2321,True,NBS_LRR,NP_001190516.1 Disease resistance protein (TIR-NBS-LRR class) family [Arabidopsis thaliana],0.126,0.155
NP_174673.3,False,99.138,1.6055,True,RLK_defense,99.181,1.6147,True,RLK_defense,99.293,1.6355,True,RLK_defense,NP_174673.3 Leucine-rich receptor-like protein kinase family protein [Arabidopsis thaliana],0.043,0.155
NP_001330481.1,False,99.764,2.1968,True,NBS_LRR,99.883,2.2127,True,NBS_LRR,99.919,2.2261,True,NBS_LRR,NP_001330481.1 Disease resistance protein (TIR-NBS-LRR class) family [Arabidopsis thaliana],0.119,0.155
NP_001330479.1,False,99.764,2.1968,True,NBS_LRR,99.883,2.2127,True,NBS_LRR,99.919,2.2261,True,NBS_LRR,NP_001330479.1 Disease resistance protein (TIR-NBS-LRR class) family [Arabidopsis thaliana],0.119,0.155
NP_001321786.1,False,92.207,1.0139,False,antimicrobial,96.971,0.8864,False,defense_signaling,92.359,1.0053,False,antimicrobial,NP_001321786.1 THO2 [Arabidopsis thaliana],4.764,0.152
NP_001321784.1,False,92.207,1.0139,False,antimicrobial,97.029,0.8879,False,defense_signaling,92.359,1.0053,False,antimicrobial,NP_001321784.1 THO2 [Arabidopsis thaliana],4.822,0.152
NP_001321785.1,False,92.207,1.0139,False,antimicrobial,97.029,0.8879,False,defense_signaling,92.359,1.0053,False,antimicrobial,NP_001321785.1 THO2 [Arabidopsis thaliana],4.822,0.152
NP_001321783.1,False,92.207,1.0139,False,antimicrobial,97.029,0.8879,False,defense_signaling,92.359,1.0053,False,antimicrobial,NP_001321783.1 THO2 [Arabidopsis thaliana],4.822,0.152
NP_199976.2,True,99.764,2.1968,True,NBS_LRR,99.896,2.2218,True,NBS_LRR,99.915,2.2256,True,NBS_LRR,NP_199976.2 Disease resistance protein (TIR-NBS-LRR class) family [Arabidopsis thaliana],0.132,0.151
NP_001320718.1,False,97.697,1.3028,False,cell_death_HR,98.699,1.3826,False,cell_death_HR,97.847,1.3152,False,cell_death_HR,NP_001320718.1 ATPase E1-E2 type family protein / haloacid dehalogenase-like hydrolase family protein [Arabidopsis thaliana],1.002,0.15
NP_189991.2,False,94.351,0.9196,False,RLK_defense,90.209,0.7987,False,RLK_defense,94.495,0.9188,False,RLK_defense,NP_189991.2 P-loop containing nucleoside triphosphate hydrolases superfamily protein [Arabidopsis thaliana],-4.142,0.144
NP_199464.2,True,99.606,2.1077,True,NBS_LRR,99.708,2.1217,True,NBS_LRR,99.748,2.1423,True,NBS_LRR,NP_199464.2 Disease resistance protein (TIR-NBS-LRR class) family [Arabidopsis thaliana],0.102,0.142
NP_001326049.1,False,91.831,0.8427,False,RLK_defense,64.391,0.451,False,defense_signaling,91.972,0.8411,False,RLK_defense,NP_001326049.1 phragmoplast orienting kinesin 1 [Arabidopsis thaliana],-27.44,0.141
NP_192180.1,False,59.668,0.4019,False,defense_signaling,60.414,0.4071,False,defense_signaling,59.803,0.4004,False,defense_signaling,NP_192180.1 Kinase interacting (KIP1-like) family protein [Arabidopsis thaliana],0.746,0.135
NP_189479.1,False,88.749,0.9071,False,antimicrobial,89.336,0.9696,False,antimicrobial,88.881,0.9737,False,antimicrobial,NP_189479.1 P-glycoprotein 17 [Arabidopsis thaliana],0.587,0.132
NP_189425.2,False,98.423,1.3566,False,cell_death_HR,98.737,1.3847,False,cell_death_HR,98.554,1.368,False,cell_death_HR,NP_189425.2 ATPase E1-E2 type family protein / haloacid dehalogenase-like hydrolase family protein [Arabidopsis thaliana],0.314,0.131
NP_001320719.1,False,99.138,1.6055,True,RLK_defense,99.154,1.6115,True,RLK_defense,99.268,1.6305,True,RLK_defense,NP_001320719.1 Leucine-rich receptor-like protein kinase family protein [Arabidopsis thaliana],0.016,0.13
NP_198579.2,False,99.318,0.9734,True,defense_signaling,99.43,0.9865,True,defense_signaling,99.448,0.9971,True,antimicrobial,NP_198579.2 ARM repeat superfamily protein [Arabidopsis thaliana],0.112,0.13
NP_001332185.1,False,99.421,1.9363,True,NBS_LRR,99.463,1.9384,True,NBS_LRR,99.55,2.0132,True,NBS_LRR,NP_001332185.1 Disease resistance protein (TIR-NBS-LRR class) family [Arabidopsis thaliana],0.042,0.129
NP_001328523.1,False,93.643,0.8154,False,defense_signaling,96.208,0.8699,False,defense_signaling,93.769,0.8202,False,defense_signaling,NP_001328523.1 fanconi anemia group D2 protein [Arabidopsis thaliana],2.565,0.126
NP_567748.5,False,99.666,1.7106,True,RLK_defense,99.757,1.7284,True,RLK_defense,99.788,1.7439,True,RLK_defense,NP_567748.5 Leucine-rich repeat receptor-like protein kinase family protein [Arabidopsis thaliana],0.091,0.122
NP_001032080.1,False,99.701,1.7164,True,RLK_defense,99.778,1.7362,True,RLK_defense,99.82,1.7509,True,RLK_defense,NP_001032080.1 Leucine-rich receptor-like protein kinase family protein [Arabidopsis thaliana],0.077,0.119
NP_001326096.1,False,91.25,0.7766,False,defense_signaling,93.335,0.8112,False,defense_signaling,91.368,0.7787,False,defense_signaling,NP_001326096.1 Transducin/WD40 repeat-like superfamily protein [Arabidopsis thaliana],2.085,0.118
NP_001325510.1,False,89.064,0.7792,False,RLK_defense,86.336,0.7069,False,defense_signaling,89.18,0.7753,False,RLK_defense,NP_001325510.1 P-loop containing nucleoside triphosphate hydrolases superfamily protein [Arabidopsis thaliana],-2.728,0.116
NP_192585.1,False,99.412,1.907,True,NBS_LRR,99.535,1.9879,True,NBS_LRR,99.527,2.0055,True,NBS_LRR,NP_192585.1 Disease resistance protein (TIR-NBS-LRR class) family [Arabidopsis thaliana],0.123,0.115
NP_001321289.1,False,8.34,-1.1432,False,defense_signaling,5.21,-1.6153,False,defense_signaling,8.454,-1.1505,False,defense_signaling,NP_001321289.1 HSP20-like chaperones superfamily protein [Arabidopsis thaliana],-3.13,0.114
NP_001321288.1,False,8.34,-1.1432,False,defense_signaling,5.21,-1.6153,False,defense_signaling,8.454,-1.1505,False,defense_signaling,NP_001321288.1 HSP20-like chaperones superfamily protein [Arabidopsis thaliana],-3.13,0.114
NP_001190529.1,False,98.551,0.9334,False,defense_signaling,98.477,1.2953,False,antimicrobial,98.664,1.3088,False,antimicrobial,NP_001190529.1 NADH-dependent glutamate synthase 1 [Arabidopsis thaliana],-0.074,0.113
NP_200158.2,False,98.551,0.9334,False,defense_signaling,98.477,1.2953,False,antimicrobial,98.664,1.3088,False,antimicrobial,NP_200158.2 NADH-dependent glutamate synthase 1 [Arabidopsis thaliana],-0.074,0.113
NP_001190530.1,False,98.551,0.9334,False,defense_signaling,98.477,1.2953,False,antimicrobial,98.664,1.3088,False,antimicrobial,NP_001190530.1 NADH-dependent glutamate synthase 1 [Arabidopsis thaliana],-0.074,0.113
NP_201201.2,False,99.266,1.4483,True,cell_death_HR,99.374,1.4552,True,cell_death_HR,99.374,1.4475,True,cell_death_HR,NP_201201.2 DNA polymerase delta subunit 1 [Arabidopsis thaliana],0.108,0.108
NP_001328701.1,False,97.246,1.0954,False,NBS_LRR,97.271,1.084,False,RLK_defense,97.352,1.0929,False,RLK_defense,NP_001328701.1 cysteine-rich RECEPTOR-like kinase [Arabidopsis thaliana],0.025,0.106
NP_001328700.1,False,97.246,1.0954,False,NBS_LRR,97.271,1.084,False,RLK_defense,97.352,1.0929,False,RLK_defense,NP_001328700.1 cysteine-rich RECEPTOR-like kinase [Arabidopsis thaliana],0.025,0.106
NP_565424.1,False,99.778,1.0112,True,defense_signaling,99.89,1.0426,True,defense_signaling,99.884,1.0514,True,RLK_defense,NP_565424.1 histidine kinase 1 [Arabidopsis thaliana],0.112,0.106
NP_001329387.1,False,96.81,0.8834,False,defense_signaling,99.527,0.9922,True,defense_signaling,96.913,1.0887,False,antimicrobial,NP_001329387.1 Beige/BEACH and WD40 domain-containing protein [Arabidopsis thaliana],2.717,0.103
NP_001326050.1,False,92.404,0.8585,False,RLK_defense,65.488,0.4638,False,defense_signaling,92.507,0.8566,False,RLK_defense,NP_001326050.1 phragmoplast orienting kinesin 1 [Arabidopsis thaliana],-26.916,0.103
NP_201198.1,False,99.141,1.6067,True,RLK_defense,99.187,1.6154,True,RLK_defense,99.244,1.6278,True,RLK_defense,NP_201198.1 Leucine-rich repeat protein kinase family protein [Arabidopsis thaliana],0.046,0.103
NP_001325878.1,False,99.382,0.9786,True,defense_signaling,99.72,1.165,True,antimicrobial,99.483,1.3904,True,antimicrobial,"NP_001325878.1 RNA helicase, ATP-dependent, SK12/DOB1 protein [Arabidopsis thaliana]",0.338,0.101
NP_001332468.1,False,99.143,1.6067,True,RLK_defense,99.152,1.6114,True,RLK_defense,99.244,1.6278,True,RLK_defense,NP_001332468.1 Leucine-rich repeat protein kinase family protein [Arabidopsis thaliana],0.009,0.101
NP_199722.2,False,95.52,0.8529,False,defense_signaling,98.158,0.9202,False,defense_signaling,95.619,0.8564,False,defense_signaling,NP_199722.2 fanconi anemia group I-like protein [Arabidopsis thaliana],2.638,0.099
NP_001328314.1,False,99.411,0.9806,True,defense_signaling,99.569,0.9953,True,defense_signaling,99.508,0.988,True,defense_signaling,NP_001328314.1 chromatin remodeling factor [Arabidopsis thaliana],0.158,0.097
NP_001185252.1,False,99.842,2.2499,True,NBS_LRR,99.932,2.2417,True,NBS_LRR,99.932,2.2327,True,NBS_LRR,NP_001185252.1 Disease resistance protein (TIR-NBS-LRR class) family [Arabidopsis thaliana],0.09,0.09
NP_850581.1,False,88.338,0.7358,False,defense_signaling,88.614,0.7399,False,defense_signaling,88.425,0.7366,False,defense_signaling,NP_850581.1 nuclear pore complex protein [Arabidopsis thaliana],0.276,0.087
NP_001329216.1,False,99.412,1.907,True,NBS_LRR,99.498,1.9486,True,NBS_LRR,99.498,1.973,True,NBS_LRR,NP_001329216.1 Disease resistance protein (TIR-NBS-LRR class) family [Arabidopsis thaliana],0.086,0.086
NP_001154461.2,False,98.986,0.9763,False,NBS_LRR,98.992,0.9725,False,NBS_LRR,99.071,1.0128,True,NBS_LRR,NP_001154461.2 Armadillo/beta-catenin-like repeat family protein [Arabidopsis thaliana],0.006,0.085
NP_564276.1,True,97.005,1.0538,False,RLK_defense,97.073,1.0589,False,RLK_defense,97.09,1.0589,False,RLK_defense,NP_564276.1 histidine kinase 3 [Arabidopsis thaliana],0.068,0.085
NP_001190303.1,True,95.353,1.0261,False,antimicrobial,94.179,1.1121,False,antimicrobial,95.438,1.0175,False,antimicrobial,NP_001190303.1 protein kinases;ubiquitin-protein ligase [Arabidopsis thaliana],-1.174,0.085
NP_001077769.1,False,99.772,2.2001,True,NBS_LRR,99.859,2.2009,True,NBS_LRR,99.857,2.1954,True,NBS_LRR,NP_001077769.1 Disease resistance protein (TIR-NBS-LRR class) family [Arabidopsis thaliana],0.087,0.085
NP_194918.2,False,99.401,0.9803,True,defense_signaling,99.546,0.9932,True,defense_signaling,99.485,0.9862,True,defense_signaling,NP_194918.2 chromatin remodeling factor [Arabidopsis thaliana],0.145,0.084
NP_194217.2,False,97.702,0.904,False,defense_signaling,98.102,0.9186,False,defense_signaling,97.785,0.9287,False,NBS_LRR,NP_194217.2 P-loop containing nucleoside triphosphate hydrolases superfamily protein [Arabidopsis thaliana],0.4,0.083
NP_974079.1,False,98.141,0.9171,False,defense_signaling,98.189,0.9218,False,defense_signaling,98.224,0.9213,False,defense_signaling,NP_974079.1 P-loop nucleoside triphosphate hydrolases superfamily protein with CH (Calponin Homology) domain-containing protein [Arabidopsis thaliana],0.048,0.083
NP_171773.1,False,97.529,0.899,False,defense_signaling,98.067,0.9173,False,defense_signaling,97.61,0.9013,False,defense_signaling,NP_171773.1 cellulose synthase-like D5 [Arabidopsis thaliana],0.538,0.081
NP_196857.2,True,95.47,1.0246,False,antimicrobial,94.161,1.1109,False,antimicrobial,95.548,1.0159,False,antimicrobial,NP_196857.2 protein kinases;ubiquitin-protein ligase [Arabidopsis thaliana],-1.309,0.078
NP_001319033.1,False,97.185,0.8922,False,defense_signaling,97.664,0.9034,False,defense_signaling,97.262,0.8922,False,defense_signaling,NP_001319033.1 P-loop containing nucleoside triphosphate hydrolases superfamily protein [Arabidopsis thaliana],0.479,0.077
NP_001318971.1,False,99.567,1.4115,True,antimicrobial,99.632,1.4155,True,antimicrobial,99.644,1.4168,True,antimicrobial,NP_001318971.1 GNAT acetyltransferase (DUF699) [Arabidopsis thaliana],0.065,0.077
NP_192855.1,False,99.62,2.124,True,NBS_LRR,99.647,2.0869,True,NBS_LRR,99.697,2.1164,True,NBS_LRR,NP_192855.1 Disease resistance protein (TIR-NBS-LRR class) family [Arabidopsis thaliana],0.027,0.077
NP_001190114.1,False,97.475,1.0792,False,antimicrobial,98.753,1.085,False,antimicrobial,97.552,1.0705,False,antimicrobial,NP_001190114.1 binding protein [Arabidopsis thaliana],1.278,0.077
NP_172519.1,False,99.567,1.4115,True,antimicrobial,99.632,1.4155,True,antimicrobial,99.644,1.4168,True,antimicrobial,NP_172519.1 GNAT acetyltransferase (DUF699) [Arabidopsis thaliana],0.065,0.077
NP_851049.1,False,99.628,1.4205,True,antimicrobial,99.821,1.4629,True,antimicrobial,99.704,1.4315,True,antimicrobial,NP_851049.1 aldehyde oxidase 1 [Arabidopsis thaliana],0.193,0.076
NP_568407.2,False,99.628,1.4205,True,antimicrobial,99.821,1.4629,True,antimicrobial,99.704,1.4315,True,antimicrobial,NP_568407.2 aldehyde oxidase 1 [Arabidopsis thaliana],0.193,0.076
NP_001190317.1,False,99.475,0.9853,True,defense_signaling,99.776,1.0136,True,defense_signaling,99.549,1.0491,True,antimicrobial,NP_001190317.1 PHD finger family protein [Arabidopsis thaliana],0.301,0.074
NP_177536.2,False,96.335,1.2178,False,cell_death_HR,93.055,1.0839,False,cell_death_HR,96.408,1.2098,False,cell_death_HR,NP_177536.2 TBP-associated factor 2 [Arabidopsis thaliana],-3.28,0.073
NP_001320541.1,False,98.123,0.9779,False,RLK_defense,98.608,0.9865,False,RLK_defense,98.196,0.9755,False,RLK_defense,NP_001320541.1 Di-glucose binding protein with Kinesin motor domain-containing protein [Arabidopsis thaliana],0.485,0.073
NP_001330712.1,True,99.406,1.9003,True,NBS_LRR,99.427,1.8877,True,NBS_LRR,99.479,1.9556,True,NBS_LRR,NP_001330712.1 target of AVRB operation1 [Arabidopsis thaliana],0.021,0.073
NP_001332184.1,False,99.365,1.8267,True,NBS_LRR,99.365,1.8228,True,NBS_LRR,99.436,1.9208,True,NBS_LRR,NP_001332184.1 Disease resistance protein (TIR-NBS-LRR class) family [Arabidopsis thaliana],0.0,0.071
NP_568171.1,False,95.704,1.1638,False,antimicrobial,96.019,1.1744,False,antimicrobial,95.769,1.164,False,antimicrobial,NP_568171.1 ubiquitin-specific protease 12 [Arabidopsis thaliana],0.315,0.065
NP_001327429.1,False,0.624,-3.6338,False,cell_death_HR,0.662,-3.5563,False,cell_death_HR,0.689,-3.4869,False,cell_death_HR,NP_001327429.1 uncharacterized protein AT3G22125 [Arabidopsis thaliana],0.038,0.065
NP_191897.1,False,94.331,1.1298,False,cell_death_HR,94.383,1.1336,False,cell_death_HR,94.395,1.1319,False,cell_death_HR,NP_191897.1 ATPase E1-E2 type family protein / haloacid dehalogenase-like hydrolase family protein [Arabidopsis thaliana],0.052,0.064
NP_001329655.1,True,99.796,1.1335,True,NBS_LRR,99.5,1.952,True,NBS_LRR,99.859,2.1956,True,NBS_LRR,NP_001329655.1 protein kinase family protein [Arabidopsis thaliana],-0.296,0.063
NP_001322740.1,False,97.824,1.4623,False,NBS_LRR,97.909,1.4594,False,NBS_LRR,97.886,1.4546,False,NBS_LRR,NP_001322740.1 receptor like protein 1 [Arabidopsis thaliana],0.085,0.062
NP_187724.2,False,88.759,0.971,False,antimicrobial,90.398,1.0076,False,antimicrobial,88.819,0.9726,False,antimicrobial,"NP_187724.2 Clathrin, heavy chain [Arabidopsis thaliana]",1.639,0.06
NP_001332491.1,True,99.666,2.1529,True,NBS_LRR,99.531,1.9846,True,NBS_LRR,99.722,2.1315,True,NBS_LRR,NP_001332491.1 Disease resistance protein (TIR-NBS-LRR class) [Arabidopsis thaliana],-0.135,0.056
NP_001185260.1,False,98.079,1.504,False,NBS_LRR,98.141,1.489,False,NBS_LRR,98.135,1.485,False,NBS_LRR,NP_001185260.1 receptor like protein 9 [Arabidopsis thaliana],0.062,0.056
NP_001329654.1,True,99.796,1.1335,True,NBS_LRR,99.495,1.9482,True,NBS_LRR,99.848,2.1896,True,NBS_LRR,NP_001329654.1 protein kinase family protein [Arabidopsis thaliana],-0.301,0.052
NP_173217.1,True,99.409,1.6626,True,RLK_defense,99.407,1.6625,True,RLK_defense,99.461,1.6719,True,RLK_defense,NP_173217.1 PEP1 receptor 2 [Arabidopsis thaliana],-0.002,0.052
NP_001329656.1,True,99.796,1.1335,True,NBS_LRR,99.495,1.9482,True,NBS_LRR,99.848,2.1896,True,NBS_LRR,NP_001329656.1 protein kinase family protein [Arabidopsis thaliana],-0.301,0.052
NP_199828.1,False,93.627,1.1028,False,NBS_LRR,93.557,1.0792,False,NBS_LRR,93.679,1.0822,False,NBS_LRR,NP_199828.1 C2 calcium/lipid-binding and GRAM domain containing protein [Arabidopsis thaliana],-0.07,0.052
NP_001331309.1,True,99.588,2.0913,True,NBS_LRR,99.797,2.1652,True,NBS_LRR,99.639,2.0795,True,NBS_LRR,NP_001331309.1 Disease resistance protein (TIR-NBS-LRR class) family [Arabidopsis thaliana],0.209,0.051
NP_001320540.1,False,98.145,0.9735,False,RLK_defense,98.596,0.9835,False,RLK_defense,98.196,0.9712,False,RLK_defense,NP_001320540.1 Di-glucose binding protein with Kinesin motor domain-containing protein [Arabidopsis thaliana],0.451,0.051
NP_194808.1,False,95.08,0.8439,False,defense_signaling,95.486,0.8526,False,defense_signaling,95.131,0.8449,False,defense_signaling,NP_194808.1 autophagy-like protein [Arabidopsis thaliana],0.406,0.051
NP_565084.1,False,99.732,1.7267,True,RLK_defense,99.77,1.7334,True,RLK_defense,99.782,1.7432,True,RLK_defense,NP_565084.1 Leucine-rich repeat protein kinase family protein [Arabidopsis thaliana],0.038,0.05
NP_177038.1,False,98.275,1.3441,False,cell_death_HR,98.777,1.3884,False,cell_death_HR,98.323,1.3498,False,cell_death_HR,NP_177038.1 ATPase E1-E2 type family protein / haloacid dehalogenase-like hydrolase family protein [Arabidopsis thaliana],0.502,0.048
NP_001320717.1,False,98.275,1.3441,False,cell_death_HR,98.777,1.3884,False,cell_death_HR,98.323,1.3498,False,cell_death_HR,NP_001320717.1 ATPase E1-E2 type family protein / haloacid dehalogenase-like hydrolase family protein [Arabidopsis thaliana],0.502,0.048
NP_177429.2,True,99.656,2.1485,True,NBS_LRR,99.649,2.0937,True,NBS_LRR,99.703,2.122,True,NBS_LRR,NP_177429.2 Disease resistance protein (TIR-NBS-LRR class) family [Arabidopsis thaliana],-0.007,0.047
NP_001324491.1,False,99.613,2.1157,True,NBS_LRR,99.593,2.0249,True,NBS_LRR,99.659,2.0978,True,NBS_LRR,NP_001324491.1 disease resistance protein (TIR-NBS-LRR class) [Arabidopsis thaliana],-0.02,0.046
NP_001324492.1,False,99.613,2.1157,True,NBS_LRR,99.641,2.0776,True,NBS_LRR,99.659,2.0978,True,NBS_LRR,NP_001324492.1 disease resistance protein (TIR-NBS-LRR class) [Arabidopsis thaliana],0.028,0.046
NP_001318742.1,True,99.714,2.178,True,NBS_LRR,99.787,2.1628,True,NBS_LRR,99.76,2.1535,True,NBS_LRR,NP_001318742.1 Disease resistance protein (TIR-NBS-LRR class) [Arabidopsis thaliana],0.073,0.046
NP_001154757.1,True,99.516,2.0403,True,NBS_LRR,99.595,2.0261,True,NBS_LRR,99.562,2.0209,True,NBS_LRR,NP_001154757.1 Disease resistance protein (TIR-NBS-LRR class) family [Arabidopsis thaliana],0.079,0.046
NP_001078715.1,True,99.714,2.178,True,NBS_LRR,99.787,2.1628,True,NBS_LRR,99.76,2.1535,True,NBS_LRR,NP_001078715.1 Disease resistance protein (TIR-NBS-LRR class) [Arabidopsis thaliana],0.073,0.046
NP_179297.2,True,99.591,2.0916,True,NBS_LRR,99.537,1.9885,True,NBS_LRR,99.637,2.0774,True,NBS_LRR,NP_179297.2 disease resistance protein (TIR-NBS-LRR class) [Arabidopsis thaliana],-0.054,0.046
NP_199318.2,True,99.625,2.1276,True,NBS_LRR,99.55,1.9943,True,NBS_LRR,99.67,2.1025,True,NBS_LRR,NP_199318.2 Disease resistance protein (TIR-NBS-LRR class) [Arabidopsis thaliana],-0.075,0.045
NP_001329614.1,True,99.327,1.7913,True,NBS_LRR,99.308,1.7568,True,NBS_LRR,99.372,1.836,True,NBS_LRR,NP_001329614.1 Disease resistance protein (TIR-NBS-LRR class) family [Arabidopsis thaliana],-0.019,0.045
NP_200620.1,False,99.212,1.7273,True,NBS_LRR,99.104,1.6623,True,NBS_LRR,99.257,1.7229,True,NBS_LRR,NP_200620.1 Disease resistance protein (TIR-NBS-LRR class) family [Arabidopsis thaliana],-0.108,0.045
NP_193173.5,True,99.327,1.7913,True,NBS_LRR,99.308,1.7568,True,NBS_LRR,99.372,1.836,True,NBS_LRR,NP_193173.5 Disease resistance protein (TIR-NBS-LRR class) family [Arabidopsis thaliana],-0.019,0.045
NP_190724.1,True,99.9,2.2929,True,NBS_LRR,99.876,2.2089,True,NBS_LRR,99.944,2.2426,True,NBS_LRR,NP_190724.1 Disease resistance protein (TIR-NBS-LRR class) family [Arabidopsis thaliana],-0.024,0.044
NP_192939.2,True,99.796,1.1335,True,NBS_LRR,99.478,1.9431,True,NBS_LRR,99.839,2.1872,True,NBS_LRR,NP_192939.2 protein kinase family protein [Arabidopsis thaliana],-0.318,0.043
NP_001329657.1,True,99.796,1.1335,True,NBS_LRR,99.478,1.9431,True,NBS_LRR,99.839,2.1872,True,NBS_LRR,NP_001329657.1 protein kinase family protein [Arabidopsis thaliana],-0.318,0.043
NP_001332492.1,True,99.669,2.153,True,NBS_LRR,99.652,2.0959,True,NBS_LRR,99.711,2.1241,True,NBS_LRR,NP_001332492.1 Disease resistance protein (TIR-NBS-LRR class) [Arabidopsis thaliana],-0.017,0.042
NP_851133.1,True,99.669,2.153,True,NBS_LRR,99.544,1.9921,True,NBS_LRR,99.711,2.1241,True,NBS_LRR,NP_851133.1 Disease resistance protein (TIR-NBS-LRR class) [Arabidopsis thaliana],-0.125,0.042
NP_683441.1,True,99.675,2.1575,True,NBS_LRR,99.736,2.1318,True,NBS_LRR,99.717,2.127,True,NBS_LRR,NP_683441.1 LRR and NB-ARC domains-containing disease resistance protein [Arabidopsis thaliana],0.061,0.042
NP_001077742.1,True,99.675,2.1575,True,NBS_LRR,99.736,2.1318,True,NBS_LRR,99.717,2.127,True,NBS_LRR,NP_001077742.1 LRR and NB-ARC domains-containing disease resistance protein [Arabidopsis thaliana],0.061,0.042
NP_173203.2,True,99.867,2.2713,True,NBS_LRR,99.869,2.2076,True,NBS_LRR,99.909,2.2185,True,NBS_LRR,NP_173203.2 Disease resistance protein (TIR-NBS-LRR class) family [Arabidopsis thaliana],0.002,0.042
NP_001329720.1,True,99.803,2.2268,True,NBS_LRR,99.873,2.2085,True,NBS_LRR,99.844,2.1887,True,NBS_LRR,NP_001329720.1 TIR-NBS-LRR class disease resistance protein [Arabidopsis thaliana],0.07,0.041
NP_199339.2,True,99.714,2.178,True,NBS_LRR,99.724,2.1305,True,NBS_LRR,99.751,2.1494,True,NBS_LRR,NP_199339.2 Disease resistance protein (TIR-NBS-LRR class) [Arabidopsis thaliana],0.01,0.037
NP_001327430.1,False,0.728,-3.6093,False,cell_death_HR,0.741,-3.5433,False,cell_death_HR,0.765,-3.4817,False,cell_death_HR,NP_001327430.1 uncharacterized protein AT3G22125 [Arabidopsis thaliana],0.013,0.037
NP_197291.2,True,99.616,2.118,True,NBS_LRR,99.413,1.8595,True,NBS_LRR,99.652,2.0936,True,NBS_LRR,NP_197291.2 DA1-related protein 4 [Arabidopsis thaliana],-0.203,0.036
NP_001185086.1,False,92.207,1.0139,False,antimicrobial,96.932,0.8854,False,defense_signaling,92.243,1.0053,False,antimicrobial,NP_001185086.1 THO2 [Arabidopsis thaliana],4.725,0.036
NP_173871.6,False,92.207,1.0139,False,antimicrobial,96.982,0.8867,False,defense_signaling,92.243,1.0053,False,antimicrobial,NP_173871.6 THO2 [Arabidopsis thaliana],4.775,0.036
NP_172152.1,False,96.126,1.1276,False,antimicrobial,98.95,0.9574,False,defense_signaling,96.161,1.119,False,antimicrobial,NP_172152.1 nuclear DEIH-boxhelicase [Arabidopsis thaliana],2.824,0.035
NP_001321998.1,False,96.126,1.1276,False,antimicrobial,99.228,0.9751,True,defense_signaling,96.161,1.119,False,antimicrobial,NP_001321998.1 nuclear DEIH-boxhelicase [Arabidopsis thaliana],3.102,0.035
NP_173166.2,False,99.163,1.6087,True,RLK_defense,99.15,1.611,True,RLK_defense,99.197,1.6208,True,RLK_defense,NP_173166.2 Leucine-rich receptor-like protein kinase family protein [Arabidopsis thaliana],-0.013,0.034
NP_200255.5,False,98.434,0.9283,False,defense_signaling,98.882,0.9541,False,defense_signaling,98.467,0.9315,False,defense_signaling,NP_200255.5 CLUB [Arabidopsis thaliana],0.448,0.033
NP_001322281.1,False,99.886,1.0282,True,defense_signaling,99.878,1.0385,True,defense_signaling,99.919,1.0468,True,defense_signaling,NP_001322281.1 AAA-type ATPase family protein [Arabidopsis thaliana],-0.008,0.033
NP_001322432.1,False,98.195,1.5175,False,NBS_LRR,98.195,1.4958,False,NBS_LRR,98.226,1.4966,False,NBS_LRR,NP_001322432.1 receptor like protein 13 [Arabidopsis thaliana],0.0,0.031
NP_177374.1,False,99.876,1.7877,True,RLK_defense,99.903,1.7977,True,RLK_defense,99.907,1.8081,True,RLK_defense,NP_177374.1 Leucine-rich receptor-like protein kinase family protein [Arabidopsis thaliana],0.027,0.031
NP_001330114.1,False,92.602,0.8275,False,NBS_LRR,92.713,0.8621,False,NBS_LRR,92.632,0.8773,False,NBS_LRR,NP_001330114.1 PHD finger transcription factor [Arabidopsis thaliana],0.111,0.03
NP_001322143.1,False,99.727,2.1854,True,NBS_LRR,99.71,2.1222,True,NBS_LRR,99.756,2.1505,True,NBS_LRR,NP_001322143.1 Disease resistance protein (TIR-NBS-LRR class) family [Arabidopsis thaliana],-0.017,0.029
NP_001322142.1,False,99.727,2.1854,True,NBS_LRR,99.614,2.0684,True,NBS_LRR,99.756,2.1505,True,NBS_LRR,NP_001322142.1 Disease resistance protein (TIR-NBS-LRR class) family [Arabidopsis thaliana],-0.113,0.029
NP_195337.1,False,99.77,2.1988,True,NBS_LRR,99.871,2.2081,True,NBS_LRR,99.799,2.1776,True,NBS_LRR,NP_195337.1 disease resistance protein (TIR-NBS-LRR class) [Arabidopsis thaliana],0.101,0.029
NP_193684.4,False,94.921,0.8408,False,defense_signaling,94.948,0.8419,False,defense_signaling,94.948,0.842,False,defense_signaling,NP_193684.4 VPS54 [Arabidopsis thaliana],0.027,0.027
NP_849409.2,False,94.921,0.8408,False,defense_signaling,94.948,0.8419,False,defense_signaling,94.948,0.842,False,defense_signaling,NP_849409.2 VPS54 [Arabidopsis thaliana],0.027,0.027
NP_178113.3,False,99.355,1.4836,True,cell_death_HR,99.357,1.4865,True,cell_death_HR,99.374,1.4824,True,cell_death_HR,NP_178113.3 RAD3-like DNA-binding helicase protein [Arabidopsis thaliana],0.002,0.019
NP_001327431.1,False,0.716,-3.5451,False,cell_death_HR,0.726,-3.4802,False,cell_death_HR,0.734,-3.4202,False,cell_death_HR,NP_001327431.1 uncharacterized protein AT3G22125 [Arabidopsis thaliana],0.01,0.018
NP_197131.2,False,57.824,0.3779,False,defense_signaling,57.931,0.3778,False,defense_signaling,57.842,0.3768,False,defense_signaling,NP_197131.2 sister chromatid cohesion 1 protein 4 [Arabidopsis thaliana],0.107,0.018
NP_197667.1,False,97.511,1.1233,False,RLK_defense,97.444,1.111,False,RLK_defense,97.529,1.1206,False,RLK_defense,NP_197667.1 DNA/RNA helicase protein [Arabidopsis thaliana],-0.067,0.018
NP_001329722.1,True,99.861,2.2607,True,NBS_LRR,99.863,2.2049,True,NBS_LRR,99.878,2.208,True,NBS_LRR,NP_001329722.1 TIR-NBS-LRR class disease resistance protein [Arabidopsis thaliana],0.002,0.017
NP_199688.1,False,99.925,2.3079,True,NBS_LRR,99.923,2.2377,True,NBS_LRR,99.94,2.2406,True,NBS_LRR,NP_199688.1 Disease resistance protein (TIR-NBS-LRR class) family [Arabidopsis thaliana],-0.002,0.015
NP_179298.2,True,99.974,2.3693,True,NBS_LRR,99.977,2.3017,True,NBS_LRR,99.987,2.3078,True,NBS_LRR,NP_179298.2 Disease resistance protein (TIR-NBS-LRR class) family [Arabidopsis thaliana],0.003,0.013
NP_001323796.1,False,99.974,2.3693,True,NBS_LRR,99.994,2.3186,True,NBS_LRR,99.987,2.3078,True,NBS_LRR,NP_001323796.1 Disease resistance protein (TIR-NBS-LRR class) family [Arabidopsis thaliana],0.02,0.013
NP_001329719.1,True,99.552,2.0691,True,NBS_LRR,99.689,2.1175,True,NBS_LRR,99.564,2.0351,True,NBS_LRR,NP_001329719.1 TIR-NBS-LRR class disease resistance protein [Arabidopsis thaliana],0.137,0.012
NP_001325249.1,False,97.105,1.2215,False,antimicrobial,97.463,1.2353,False,antimicrobial,97.117,1.2171,False,antimicrobial,NP_001325249.1 phytochrome B [Arabidopsis thaliana],0.358,0.012
NP_001030858.1,False,95.008,1.1394,False,antimicrobial,94.758,1.1299,False,antimicrobial,95.019,1.1308,False,antimicrobial,NP_001030858.1 glycoside hydrolase family 2 protein [Arabidopsis thaliana],-0.25,0.011
NP_849410.1,False,99.936,2.3142,True,NBS_LRR,99.934,2.2431,True,NBS_LRR,99.946,2.2465,True,NBS_LRR,NP_849410.1 Disease resistance protein (TIR-NBS-LRR class) [Arabidopsis thaliana],-0.002,0.01
NP_001185386.1,False,99.944,2.3318,True,NBS_LRR,99.928,2.2404,True,NBS_LRR,99.954,2.2646,True,NBS_LRR,NP_001185386.1 Disease resistance protein (TIR-NBS-LRR class) [Arabidopsis thaliana],-0.016,0.01
NP_177427.2,False,99.944,2.3318,True,NBS_LRR,99.952,2.2634,True,NBS_LRR,99.954,2.2646,True,NBS_LRR,NP_177427.2 Disease resistance protein (TIR-NBS-LRR class) [Arabidopsis thaliana],0.008,0.01
NP_001322025.1,False,99.944,2.3318,True,NBS_LRR,99.928,2.2404,True,NBS_LRR,99.954,2.2646,True,NBS_LRR,NP_001322025.1 Disease resistance protein (TIR-NBS-LRR class) [Arabidopsis thaliana],-0.016,0.01
NP_001321027.1,False,94.475,1.1212,False,antimicrobial,94.599,1.125,False,antimicrobial,94.485,1.1172,False,antimicrobial,NP_001321027.1 endomembrane-type CA-ATPase 4 [Arabidopsis thaliana],0.124,0.01
NP_172246.3,False,94.475,1.1212,False,antimicrobial,94.599,1.125,False,antimicrobial,94.485,1.1172,False,antimicrobial,NP_172246.3 endomembrane-type CA-ATPase 4 [Arabidopsis thaliana],0.124,0.01
NP_001119400.1,False,95.601,0.8545,False,defense_signaling,98.179,0.9212,False,defense_signaling,95.609,0.8562,False,defense_signaling,NP_001119400.1 fanconi anemia group I-like protein [Arabidopsis thaliana],2.578,0.008
NP_001329411.1,False,99.88,2.2798,True,NBS_LRR,99.878,2.2103,True,NBS_LRR,99.888,2.2121,True,NBS_LRR,NP_001329411.1 disease resistance protein (TIR-NBS-LRR class) [Arabidopsis thaliana],-0.002,0.008
NP_200113.3,False,95.001,1.0631,False,NBS_LRR,94.909,1.058,False,NBS_LRR,95.009,1.0649,False,NBS_LRR,NP_200113.3 calcium-transporting ATPase [Arabidopsis thaliana],-0.092,0.008
NP_001328450.1,False,99.959,2.3445,True,NBS_LRR,99.959,2.2735,True,NBS_LRR,99.965,2.2706,True,NBS_LRR,NP_001328450.1 Disease resistance protein (TIR-NBS-LRR class) [Arabidopsis thaliana],0.0,0.006
NP_199300.1,True,99.969,2.3546,True,NBS_LRR,99.973,2.29,True,NBS_LRR,99.975,2.2966,True,NBS_LRR,NP_199300.1 Disease resistance protein (TIR-NBS-LRR class) family [Arabidopsis thaliana],0.004,0.006
NP_196258.1,False,93.352,0.9461,False,NBS_LRR,93.472,0.9546,False,NBS_LRR,93.358,0.9571,False,NBS_LRR,NP_196258.1 Pentatricopeptide repeat (PPR) superfamily protein [Arabidopsis thaliana],0.12,0.006
NP_001325879.1,False,99.479,0.9855,True,defense_signaling,99.672,1.17,True,antimicrobial,99.483,1.3904,True,antimicrobial,"NP_001325879.1 RNA helicase, ATP-dependent, SK12/DOB1 protein [Arabidopsis thaliana]",0.193,0.004
NP_199319.1,True,99.989,2.392,True,NBS_LRR,99.987,2.3104,True,NBS_LRR,99.991,2.317,True,NBS_LRR,NP_199319.1 Disease resistance protein (TIR-NBS-LRR class) family [Arabidopsis thaliana],-0.002,0.002
NP_001330960.1,True,99.989,2.392,True,NBS_LRR,99.987,2.3104,True,NBS_LRR,99.991,2.317,True,NBS_LRR,NP_001330960.1 Disease resistance protein (TIR-NBS-LRR class) family [Arabidopsis thaliana],-0.002,0.002
NP_199336.1,False,99.994,2.4078,True,NBS_LRR,99.998,2.3351,True,NBS_LRR,99.996,2.3357,True,NBS_LRR,NP_199336.1 Disease resistance protein (TIR-NBS-LRR class) family [Arabidopsis thaliana],0.004,0.002
NP_199338.1,True,99.992,2.4056,True,NBS_LRR,99.992,2.3178,True,NBS_LRR,99.994,2.3214,True,NBS_LRR,NP_199338.1 Disease resistance protein (TIR-NBS-LRR class) family [Arabidopsis thaliana],0.0,0.002
NP_193688.1,False,99.971,2.3573,True,NBS_LRR,99.961,2.2746,True,NBS_LRR,99.973,2.294,True,NBS_LRR,NP_193688.1 disease resistance protein (TIR-NBS-LRR class) family [Arabidopsis thaliana],-0.01,0.002
NP_850847.1,False,94.931,1.0472,False,antimicrobial,95.051,1.046,False,antimicrobial,94.932,1.0386,False,antimicrobial,NP_850847.1 chromatin remodeling factor17 [Arabidopsis thaliana],0.12,0.001
NP_174850.4,False,99.84,1.4801,True,antimicrobial,99.488,1.0562,True,antimicrobial,99.84,1.4716,True,antimicrobial,NP_174850.4 acetyl-CoA carboxylase 2 [Arabidopsis thaliana],-0.352,0.0
NP_001331191.1,False,1.201,-3.713,False,defense_signaling,1.072,-3.9525,False,defense_signaling,1.201,-3.722,False,defense_signaling,NP_001331191.1 glycine/proline-rich protein [Arabidopsis thaliana],-0.129,0.0
NP_174849.2,False,99.818,1.4722,True,antimicrobial,98.808,1.071,False,antimicrobial,99.818,1.4637,True,antimicrobial,NP_174849.2 acetyl-CoA carboxylase 1 [Arabidopsis thaliana],-1.01,0.0
NP_176102.1,False,99.971,1.0734,True,defense_signaling,99.985,1.088,True,defense_signaling,99.971,1.1505,True,antimicrobial,NP_176102.1 RNA helicase family protein [Arabidopsis thaliana],0.014,0.0
NP_001332004.1,False,99.564,1.4093,True,PR_proteins,99.481,1.3836,True,PR_proteins,99.564,1.4025,True,PR_proteins,NP_001332004.1 Glycosyl hydrolase family 38 protein [Arabidopsis thaliana],-0.083,0.0
NP_001331192.1,False,1.128,-3.8283,False,defense_signaling,0.998,-4.0641,False,defense_signaling,1.128,-3.8373,False,defense_signaling,NP_001331192.1 glycine/proline-rich protein [Arabidopsis thaliana],-0.13,0.0
NP_176870.2,True,99.332,1.3447,True,PR_proteins,99.195,1.3649,True,RLK_defense,99.332,1.3963,True,RLK_defense,NP_176870.2 suppressor of npr1-1 constitutive 4 [Arabidopsis thaliana],-0.137,0.0
NP_849486.1,False,99.801,1.4673,True,antimicrobial,99.811,1.4614,True,antimicrobial,99.801,1.4588,True,antimicrobial,NP_849486.1 lysine-ketoglutarate reductase/saccharopine dehydrogenase bifunctional enzyme [Arabidopsis thaliana],0.01,0.0
NP_001322878.1,False,99.827,1.4776,True,antimicrobial,99.697,1.4309,True,antimicrobial,99.827,1.4691,True,antimicrobial,NP_001322878.1 ketose-bisphosphate aldolase class-II family protein [Arabidopsis thaliana],-0.13,0.0
NP_173263.2,False,99.827,1.4776,True,antimicrobial,99.554,1.4038,True,antimicrobial,99.827,1.4691,True,antimicrobial,NP_173263.2 ketose-bisphosphate aldolase class-II family protein [Arabidopsis thaliana],-0.273,0.0
NP_176103.2,False,99.969,1.071,True,defense_signaling,99.996,1.1172,True,defense_signaling,99.969,1.2297,True,antimicrobial,NP_176103.2 RNA helicase family protein [Arabidopsis thaliana],0.027,0.0
NP_001328161.1,False,99.801,1.4673,True,antimicrobial,99.811,1.4614,True,antimicrobial,99.801,1.4588,True,antimicrobial,NP_001328161.1 lysine-ketoglutarate reductase/saccharopine dehydrogenase bifunctional enzyme [Arabidopsis thaliana],0.01,0.0
NP_193687.3,True,99.811,2.2315,True,NBS_LRR,99.633,2.0764,True,NBS_LRR,99.811,2.1788,True,NBS_LRR,NP_193687.3 disease resistance protein (TIR-NBS-LRR class) family [Arabidopsis thaliana],-0.178,0.0
NP_001117303.1,False,99.859,1.488,True,antimicrobial,99.587,1.4094,True,antimicrobial,99.859,1.4795,True,antimicrobial,NP_001117303.1 ketose-bisphosphate aldolase class-II family protein [Arabidopsis thaliana],-0.272,0.0
NP_001329583.1,False,99.811,2.2315,True,NBS_LRR,99.699,2.1207,True,NBS_LRR,99.811,2.1788,True,NBS_LRR,NP_001329583.1 disease resistance protein (TIR-NBS-LRR class) family [Arabidopsis thaliana],-0.112,0.0
NP_001329582.1,False,99.811,2.2315,True,NBS_LRR,99.687,2.1174,True,NBS_LRR,99.811,2.1788,True,NBS_LRR,NP_001329582.1 disease resistance protein (TIR-NBS-LRR class) family [Arabidopsis thaliana],-0.124,0.0
NP_001329581.1,False,99.811,2.2315,True,NBS_LRR,99.655,2.0962,True,NBS_LRR,99.811,2.1788,True,NBS_LRR,NP_001329581.1 disease resistance protein (TIR-NBS-LRR class) family [Arabidopsis thaliana],-0.156,0.0
NP_001329580.1,False,99.811,2.2315,True,NBS_LRR,99.655,2.0962,True,NBS_LRR,99.811,2.1788,True,NBS_LRR,NP_001329580.1 disease resistance protein (TIR-NBS-LRR class) family [Arabidopsis thaliana],-0.156,0.0
NP_001118686.1,False,99.796,1.467,True,antimicrobial,99.678,1.4266,True,antimicrobial,99.796,1.4585,True,antimicrobial,NP_001118686.1 topoisomerase II [Arabidopsis thaliana],-0.118,0.0
NP_001326042.1,False,99.956,1.066,True,defense_signaling,99.967,1.0787,True,defense_signaling,99.956,1.06,True,defense_signaling,NP_001326042.1 protein kinase family protein [Arabidopsis thaliana],0.011,0.0
NP_193817.2,False,99.975,1.8066,True,cell_death_HR,99.979,1.8101,True,cell_death_HR,99.975,1.7997,True,cell_death_HR,NP_193817.2 tripeptidyl peptidase ii [Arabidopsis thaliana],0.004,0.0
NP_195215.2,False,99.896,1.5125,True,antimicrobial,99.863,1.484,True,antimicrobial,99.896,1.5041,True,antimicrobial,NP_195215.2 xanthine dehydrogenase 1 [Arabidopsis thaliana],-0.033,0.0
NP_195216.2,False,99.887,1.5025,True,antimicrobial,99.805,1.4591,True,antimicrobial,99.887,1.4941,True,antimicrobial,NP_195216.2 xanthine dehydrogenase 2 [Arabidopsis thaliana],-0.082,0.0
NP_001326041.1,False,99.961,1.066,True,defense_signaling,99.972,1.0798,True,defense_signaling,99.961,1.06,True,defense_signaling,NP_001326041.1 protein kinase family protein [Arabidopsis thaliana],0.011,0.0
NP_196314.2,False,98.936,0.9504,False,defense_signaling,98.899,0.9545,False,defense_signaling,98.936,0.9525,False,defense_signaling,NP_196314.2 plant/protein (DUF810) [Arabidopsis thaliana],-0.037,0.0
NP_196374.1,False,1.131,-3.8182,False,defense_signaling,1.025,-4.0236,False,defense_signaling,1.131,-3.8272,False,defense_signaling,NP_196374.1 glycine/proline-rich protein [Arabidopsis thaliana],-0.106,0.0
NP_001326040.1,False,99.961,1.066,True,defense_signaling,99.959,1.0706,True,defense_signaling,99.961,1.06,True,defense_signaling,NP_001326040.1 protein kinase family protein [Arabidopsis thaliana],-0.002,0.0
NP_564338.1,False,99.807,1.4696,True,antimicrobial,99.724,1.4396,True,antimicrobial,99.807,1.4611,True,antimicrobial,NP_564338.1 carbamoyl phosphate synthetase B [Arabidopsis thaliana],-0.083,0.0
NP_001329029.1,False,99.786,1.4621,True,antimicrobial,99.643,1.4188,True,antimicrobial,99.786,1.4537,True,antimicrobial,NP_001329029.1 xanthine dehydrogenase 2 [Arabidopsis thaliana],-0.143,0.0
NP_001329028.1,False,99.887,1.5025,True,antimicrobial,99.89,1.4992,True,antimicrobial,99.887,1.4941,True,antimicrobial,NP_001329028.1 xanthine dehydrogenase 2 [Arabidopsis thaliana],0.003,0.0
NP_001185143.1,False,99.818,1.4722,True,antimicrobial,98.808,1.071,False,antimicrobial,99.818,1.4637,True,antimicrobial,NP_001185143.1 acetyl-CoA carboxylase 1 [Arabidopsis thaliana],-1.01,0.0
NP_201416.1,False,99.569,1.4104,True,PR_proteins,99.486,1.3847,True,PR_proteins,99.569,1.4036,True,PR_proteins,NP_201416.1 Glycosyl hydrolase family 38 protein [Arabidopsis thaliana],-0.083,0.0
NP_201376.1,False,99.909,1.5197,True,antimicrobial,99.905,1.5153,True,antimicrobial,99.909,1.5112,True,antimicrobial,"NP_201376.1 2-oxoglutarate dehydrogenase, E1 component [Arabidopsis thaliana]",-0.004,0.0
NP_199333.1,False,100.0,2.4217,True,NBS_LRR,99.996,2.3304,True,NBS_LRR,100.0,2.3458,True,NBS_LRR,NP_199333.1 Disease resistance protein (TIR-NBS-LRR class) family [Arabidopsis thaliana],-0.004,0.0
NP_001328514.1,False,99.981,2.3706,True,NBS_LRR,99.971,2.2888,True,NBS_LRR,99.981,2.3038,True,NBS_LRR,NP_001328514.1 disease resistance protein (TIR-NBS-LRR class) family [Arabidopsis thaliana],-0.01,0.0
NP_001185028.1,False,99.853,1.4843,True,antimicrobial,99.807,1.4605,True,antimicrobial,99.853,1.4759,True,antimicrobial,NP_001185028.1 ketose-bisphosphate aldolase class-II family protein [Arabidopsis thaliana],-0.046,0.0
NP_200922.2,False,99.949,1.0939,True,antimicrobial,99.575,1.4079,True,antimicrobial,99.949,1.3397,True,antimicrobial,NP_200922.2 U5 small nuclear ribonucleoprotein helicase [Arabidopsis thaliana],-0.374,0.0
NP_191500.2,False,99.961,1.066,True,defense_signaling,99.972,1.0798,True,defense_signaling,99.961,1.06,True,defense_signaling,NP_191500.2 protein kinase family protein [Arabidopsis thaliana],0.011,0.0
NP_001190584.1,False,99.949,1.0939,True,antimicrobial,99.562,1.405,True,antimicrobial,99.949,1.317,True,antimicrobial,NP_001190584.1 U5 small nuclear ribonucleoprotein helicase [Arabidopsis thaliana],-0.387,0.0
NP_001323204.1,False,99.336,1.3452,True,PR_proteins,99.139,1.3926,True,RLK_defense,99.336,1.4397,True,RLK_defense,NP_001323204.1 suppressor of npr1-1 constitutive 4 [Arabidopsis thaliana],-0.197,0.0
NP_680128.1,False,95.008,1.1394,False,antimicrobial,94.754,1.1302,False,antimicrobial,95.008,1.1308,False,antimicrobial,NP_680128.1 glycoside hydrolase family 2 protein [Arabidopsis thaliana],-0.254,0.0
NP_001319159.1,False,98.853,1.2773,False,PR_proteins,98.309,1.2489,False,antimicrobial,98.853,1.2703,False,PR_proteins,NP_001319159.1 Patched family protein [Arabidopsis thaliana],-0.544,0.0
NP_189031.1,False,99.796,1.467,True,antimicrobial,99.689,1.43,True,antimicrobial,99.796,1.4585,True,antimicrobial,NP_189031.1 topoisomerase II [Arabidopsis thaliana],-0.107,0.0
NP_567914.1,False,99.801,1.4673,True,antimicrobial,99.811,1.4614,True,antimicrobial,99.801,1.4588,True,antimicrobial,NP_567914.1 lysine-ketoglutarate reductase/saccharopine dehydrogenase bifunctional enzyme [Arabidopsis thaliana],0.01,0.0
NP_001323206.1,False,99.282,1.339,True,RLK_defense,99.04,1.4046,True,RLK_defense,99.282,1.4526,True,RLK_defense,NP_001323206.1 suppressor of npr1-1 constitutive 4 [Arabidopsis thaliana],-0.242,0.0
NP_001323205.1,False,99.089,1.339,True,RLK_defense,99.002,1.3714,True,RLK_defense,99.087,1.3963,True,RLK_defense,NP_001323205.1 suppressor of npr1-1 constitutive 4 [Arabidopsis thaliana],-0.087,-0.002
NP_001322741.1,True,97.77,1.4525,False,NBS_LRR,97.774,1.4445,False,NBS_LRR,97.768,1.4413,False,NBS_LRR,NP_001322741.1 receptor like protein 1 [Arabidopsis thaliana],0.004,-0.002
NP_001326426.1,False,89.609,0.9854,False,cell_death_HR,89.757,0.9894,False,cell_death_HR,89.607,0.9839,False,cell_death_HR,NP_001326426.1 Armadillo/beta-catenin repeat family protein / kinesin motor family protein [Arabidopsis thaliana],0.148,-0.002
NP_001190121.1,False,99.606,1.4163,True,antimicrobial,99.608,1.4121,True,antimicrobial,99.602,1.4078,True,antimicrobial,NP_001190121.1 GNAT acetyltransferase (DUF699) [Arabidopsis thaliana],0.002,-0.004
NP_001328449.1,True,99.965,2.3515,True,NBS_LRR,99.967,2.281,True,NBS_LRR,99.961,2.2697,True,NBS_LRR,NP_001328449.1 Disease resistance protein (TIR-NBS-LRR class) [Arabidopsis thaliana],0.002,-0.004
NP_563711.1,False,99.678,1.4317,True,antimicrobial,99.681,1.4267,True,antimicrobial,99.674,1.4232,True,antimicrobial,NP_563711.1 aldehyde oxidase 4 [Arabidopsis thaliana],0.003,-0.004
NP_001324271.1,False,99.672,1.4282,True,antimicrobial,99.573,1.4075,True,antimicrobial,99.668,1.4197,True,antimicrobial,NP_001324271.1 abscisic aldehyde oxidase 3 [Arabidopsis thaliana],-0.099,-0.004
NP_001328448.1,True,99.965,2.3515,True,NBS_LRR,99.967,2.281,True,NBS_LRR,99.961,2.2697,True,NBS_LRR,NP_001328448.1 Disease resistance protein (TIR-NBS-LRR class) [Arabidopsis thaliana],0.002,-0.004
NP_001328447.1,True,99.965,2.3515,True,NBS_LRR,99.967,2.281,True,NBS_LRR,99.961,2.2697,True,NBS_LRR,NP_001328447.1 Disease resistance protein (TIR-NBS-LRR class) [Arabidopsis thaliana],0.002,-0.004
NP_001324269.1,False,99.672,1.4282,True,antimicrobial,99.694,1.4308,True,antimicrobial,99.668,1.4197,True,antimicrobial,NP_001324269.1 abscisic aldehyde oxidase 3 [Arabidopsis thaliana],0.022,-0.004
NP_001324268.1,False,99.672,1.4282,True,antimicrobial,99.694,1.4308,True,antimicrobial,99.668,1.4197,True,antimicrobial,NP_001324268.1 abscisic aldehyde oxidase 3 [Arabidopsis thaliana],0.022,-0.004
NP_189946.1,False,99.558,1.4094,True,antimicrobial,99.666,1.4229,True,antimicrobial,99.554,1.4009,True,antimicrobial,NP_189946.1 aldehyde oxidase 2 [Arabidopsis thaliana],0.108,-0.004
NP_190725.1,True,99.983,2.3773,True,NBS_LRR,99.975,2.2901,True,NBS_LRR,99.979,2.2993,True,NBS_LRR,NP_190725.1 Disease resistance protein (TIR-NBS-LRR class) family [Arabidopsis thaliana],-0.008,-0.004
NP_191645.1,False,99.836,1.6348,True,cell_death_HR,96.76,1.2405,False,cell_death_HR,99.832,1.6276,True,cell_death_HR,NP_191645.1 SEC7-like guanine nucleotide exchange family protein [Arabidopsis thaliana],-3.076,-0.004
NP_191353.2,False,99.625,1.42,True,antimicrobial,99.637,1.4161,True,antimicrobial,99.62,1.4115,True,antimicrobial,NP_191353.2 GNAT acetyltransferase (DUF699) [Arabidopsis thaliana],0.012,-0.005
NP_196902.2,False,98.323,1.234,False,PR_proteins,98.294,1.2292,False,PR_proteins,98.317,1.2269,False,PR_proteins,NP_196902.2 Glycosyl hydrolase family 38 protein [Arabidopsis thaliana],-0.029,-0.006
NP_195533.2,False,99.809,1.6151,True,cell_death_HR,98.65,1.3771,False,cell_death_HR,99.803,1.6079,True,cell_death_HR,NP_195533.2 SEC7-like guanine nucleotide exchange family protein [Arabidopsis thaliana],-1.159,-0.006
NP_851037.2,False,98.323,1.234,False,PR_proteins,98.294,1.2292,False,PR_proteins,98.317,1.2269,False,PR_proteins,NP_851037.2 Glycosyl hydrolase family 38 protein [Arabidopsis thaliana],-0.029,-0.006
NP_193686.5,True,99.955,2.3405,True,NBS_LRR,99.955,2.2645,True,NBS_LRR,99.949,2.2642,True,NBS_LRR,NP_193686.5 Disease resistance protein (TIR-NBS-LRR class) [Arabidopsis thaliana],0.0,-0.006
NP_196999.1,False,98.309,1.2332,False,PR_proteins,98.45,1.2392,False,PR_proteins,98.303,1.2262,False,PR_proteins,NP_196999.1 golgi alpha-mannosidase II [Arabidopsis thaliana],0.141,-0.006
NP_001328446.1,True,99.955,2.3405,True,NBS_LRR,99.955,2.2645,True,NBS_LRR,99.949,2.2642,True,NBS_LRR,NP_001328446.1 Disease resistance protein (TIR-NBS-LRR class) [Arabidopsis thaliana],0.0,-0.006
NP_001190135.1,False,99.938,1.0562,True,defense_signaling,99.975,1.0807,True,defense_signaling,99.932,1.0502,True,defense_signaling,NP_001190135.1 protein kinase family protein [Arabidopsis thaliana],0.037,-0.006
NP_176009.1,False,99.846,1.7717,True,RLK_defense,99.834,1.756,True,RLK_defense,99.84,1.7592,True,RLK_defense,NP_176009.1 Leucine-rich repeat transmembrane protein kinase [Arabidopsis thaliana],-0.012,-0.006
NP_195548.6,False,98.511,1.2475,False,PR_proteins,97.861,1.2017,False,PR_proteins,98.504,1.2404,False,PR_proteins,NP_195548.6 Patched family protein [Arabidopsis thaliana],-0.65,-0.007
NP_001077966.1,False,99.643,1.4243,True,antimicrobial,99.731,1.4399,True,antimicrobial,99.635,1.4158,True,antimicrobial,NP_001077966.1 abscisic aldehyde oxidase 3 [Arabidopsis thaliana],0.088,-0.008
NP_001078199.1,False,1.589,-3.0721,False,cell_death_HR,1.765,-3.0392,False,cell_death_HR,1.581,-3.0886,False,cell_death_HR,NP_001078199.1 Bifunctional inhibitor/lipid-transfer protein/seed storage 2S albumin superfamily protein [Arabidopsis thaliana],0.176,-0.008
NP_197290.1,True,99.978,2.37,True,NBS_LRR,99.981,2.3034,True,NBS_LRR,99.97,2.2893,True,NBS_LRR,NP_197290.1 disease resistance protein (TIR-NBS-LRR class) [Arabidopsis thaliana],0.003,-0.008
NP_568168.1,False,99.498,1.399,True,antimicrobial,99.344,1.377,True,antimicrobial,99.49,1.3905,True,antimicrobial,NP_568168.1 ubiquitin activating enzyme 2 [Arabidopsis thaliana],-0.154,-0.008
NP_001324270.1,False,99.643,1.4243,True,antimicrobial,99.639,1.417,True,antimicrobial,99.635,1.4158,True,antimicrobial,NP_001324270.1 abscisic aldehyde oxidase 3 [Arabidopsis thaliana],-0.004,-0.008
NP_001327255.1,False,99.985,2.383,True,NBS_LRR,99.983,2.3034,True,NBS_LRR,99.977,2.2985,True,NBS_LRR,NP_001327255.1 Disease resistance protein (TIR-NBS-LRR class) family [Arabidopsis thaliana],-0.002,-0.008
NP_188708.4,False,80.316,0.6323,False,defense_signaling,81.181,0.6409,False,defense_signaling,80.308,0.6297,False,defense_signaling,NP_188708.4 amino-terminal region of chorein [Arabidopsis thaliana],0.865,-0.008
NP_180283.1,False,99.643,1.4243,True,antimicrobial,99.731,1.4399,True,antimicrobial,99.635,1.4158,True,antimicrobial,NP_180283.1 abscisic aldehyde oxidase 3 [Arabidopsis thaliana],0.088,-0.008
NP_001184881.1,False,99.921,1.049,True,defense_signaling,99.243,1.1075,True,antimicrobial,99.913,1.0755,True,cell_death_HR,NP_001184881.1 dicer-like 1 [Arabidopsis thaliana],-0.678,-0.008
NP_171612.1,True,99.919,1.0489,True,defense_signaling,99.23,1.1076,True,antimicrobial,99.911,1.0857,True,cell_death_HR,NP_171612.1 dicer-like 1 [Arabidopsis thaliana],-0.689,-0.008
NP_001331999.1,True,99.978,2.37,True,NBS_LRR,99.979,2.3032,True,NBS_LRR,99.97,2.2893,True,NBS_LRR,NP_001331999.1 disease resistance protein (TIR-NBS-LRR class) [Arabidopsis thaliana],0.001,-0.008
NP_565693.1,False,99.633,1.4222,True,antimicrobial,99.564,1.405,True,antimicrobial,99.625,1.4137,True,antimicrobial,NP_565693.1 ubiquitin-activating enzyme 1 [Arabidopsis thaliana],-0.069,-0.008
NP_001321966.1,False,99.867,1.7862,True,RLK_defense,99.867,1.7742,True,RLK_defense,99.857,1.7733,True,RLK_defense,NP_001321966.1 Leucine-rich repeat transmembrane protein kinase [Arabidopsis thaliana],0.0,-0.01
NP_001319642.1,True,99.387,1.8849,True,NBS_LRR,99.379,1.8257,True,NBS_LRR,99.377,1.8398,True,NBS_LRR,NP_001319642.1 disease resistance protein (TIR-NBS-LRR class) family protein [Arabidopsis thaliana],-0.008,-0.01
NP_001326498.1,True,99.387,1.8849,True,NBS_LRR,99.379,1.8257,True,NBS_LRR,99.377,1.8398,True,NBS_LRR,NP_001326498.1 disease resistance protein (TIR-NBS-LRR class) family protein [Arabidopsis thaliana],-0.008,-0.01
NP_197058.2,False,99.56,0.9914,True,defense_signaling,99.778,1.0136,True,defense_signaling,99.549,1.0475,True,antimicrobial,NP_197058.2 PHD finger family protein [Arabidopsis thaliana],0.218,-0.011
NP_200956.1,False,99.88,1.7907,True,RLK_defense,99.871,1.7775,True,RLK_defense,99.869,1.7764,True,RLK_defense,NP_200956.1 Leucine-rich repeat protein kinase family protein [Arabidopsis thaliana],-0.009,-0.011
NP_172335.1,False,99.9,1.8109,True,RLK_defense,99.896,1.7944,True,RLK_defense,99.888,1.7915,True,RLK_defense,NP_172335.1 Leucine-rich receptor-like protein kinase family protein [Arabidopsis thaliana],-0.004,-0.012
NP_001331467.1,True,99.903,2.2934,True,NBS_LRR,99.948,2.2574,True,NBS_LRR,99.891,2.2122,True,NBS_LRR,NP_001331467.1 disease resistance protein (TIR-NBS-LRR class) [Arabidopsis thaliana],0.045,-0.012
NP_001322557.1,False,99.66,2.1494,True,NBS_LRR,99.703,2.1208,True,NBS_LRR,99.647,2.087,True,NBS_LRR,NP_001322557.1 disease resistance protein (TIR-NBS-LRR class) [Arabidopsis thaliana],0.043,-0.013
NP_001322556.1,False,99.66,2.1494,True,NBS_LRR,99.703,2.1208,True,NBS_LRR,99.647,2.087,True,NBS_LRR,NP_001322556.1 disease resistance protein (TIR-NBS-LRR class) [Arabidopsis thaliana],0.043,-0.013
NP_001322558.1,False,99.66,2.1494,True,NBS_LRR,99.703,2.1208,True,NBS_LRR,99.647,2.087,True,NBS_LRR,NP_001322558.1 disease resistance protein (TIR-NBS-LRR class) [Arabidopsis thaliana],0.043,-0.013
NP_850655.1,True,99.339,1.7997,True,NBS_LRR,99.322,1.761,True,NBS_LRR,99.326,1.7733,True,NBS_LRR,NP_850655.1 Disease resistance protein (TIR-NBS-LRR class) family [Arabidopsis thaliana],-0.017,-0.013
NP_192938.1,True,99.996,2.4081,True,NBS_LRR,99.99,2.3169,True,NBS_LRR,99.983,2.3061,True,NBS_LRR,NP_192938.1 Disease resistance protein (TIR-NBS-LRR class) family [Arabidopsis thaliana],-0.006,-0.013
NP_974443.4,False,99.836,1.0168,True,defense_signaling,99.826,1.0204,True,defense_signaling,99.822,1.0133,True,defense_signaling,NP_974443.4 protein affected trafficking 2 [Arabidopsis thaliana],-0.01,-0.014
NP_850023.1,True,99.874,1.0258,True,defense_signaling,99.831,1.0216,True,defense_signaling,99.86,1.0197,True,defense_signaling,NP_850023.1 signal responsive 1 [Arabidopsis thaliana],-0.043,-0.014
NP_001118361.1,True,99.874,1.0258,True,defense_signaling,99.831,1.0216,True,defense_signaling,99.86,1.0197,True,defense_signaling,NP_001118361.1 signal responsive 1 [Arabidopsis thaliana],-0.043,-0.014
NP_195338.1,False,99.95,2.3325,True,NBS_LRR,99.946,2.2563,True,NBS_LRR,99.936,2.2339,True,NBS_LRR,NP_195338.1 Disease resistance protein (TIR-NBS-LRR class) family [Arabidopsis thaliana],-0.004,-0.014
NP_175749.1,False,99.766,1.7388,True,RLK_defense,99.705,1.7181,True,RLK_defense,99.751,1.7284,True,RLK_defense,NP_175749.1 Leucine-rich repeat transmembrane protein kinase [Arabidopsis thaliana],-0.061,-0.015
NP_563620.1,False,99.343,1.381,True,antimicrobial,99.29,1.3702,True,antimicrobial,99.327,1.3725,True,antimicrobial,NP_563620.1 L-fucokinase/GDP-L-fucose pyrophosphorylase [Arabidopsis thaliana],-0.053,-0.016
NP_198989.2,True,99.516,2.0403,True,NBS_LRR,99.508,1.9589,True,NBS_LRR,99.5,1.974,True,NBS_LRR,NP_198989.2 Disease resistance protein (TIR-NBS-LRR class) family [Arabidopsis thaliana],-0.008,-0.016
NP_849946.2,False,2.628,-2.8133,False,cell_death_HR,1.72,-3.0484,False,cell_death_HR,2.612,-2.8293,False,cell_death_HR,NP_849946.2 uncharacterized protein AT2G08986 [Arabidopsis thaliana],-0.908,-0.016
NP_001320982.1,False,99.343,1.381,True,antimicrobial,99.29,1.3702,True,antimicrobial,99.327,1.3725,True,antimicrobial,NP_001320982.1 L-fucokinase/GDP-L-fucose pyrophosphorylase [Arabidopsis thaliana],-0.053,-0.016
NP_181480.1,False,96.687,1.0293,False,RLK_defense,96.774,1.0381,False,antimicrobial,96.671,1.0337,False,antimicrobial,NP_181480.1 P-glycoprotein 6 [Arabidopsis thaliana],0.087,-0.016
NP_189496.2,False,3.006,-2.6981,False,cell_death_HR,2.985,-2.7112,False,cell_death_HR,2.989,-2.7139,False,cell_death_HR,NP_189496.2 Proline-rich extensin-like family protein [Arabidopsis thaliana],-0.021,-0.017
NP_001189864.1,False,96.076,1.1611,False,antimicrobial,95.939,1.1702,False,antimicrobial,96.058,1.1596,False,antimicrobial,NP_001189864.1 ubiquitin-specific protease 13 [Arabidopsis thaliana],-0.137,-0.018
NP_197270.1,True,99.909,2.2976,True,NBS_LRR,99.95,2.2589,True,NBS_LRR,99.891,2.2122,True,NBS_LRR,NP_197270.1 disease resistance protein (TIR-NBS-LRR class) [Arabidopsis thaliana],0.041,-0.018
NP_001319526.1,False,96.076,1.1611,False,antimicrobial,95.939,1.1702,False,antimicrobial,96.058,1.1596,False,antimicrobial,NP_001319526.1 ubiquitin-specific protease 13 [Arabidopsis thaliana],-0.137,-0.018
NP_187797.3,False,95.993,1.1545,False,antimicrobial,95.925,1.1677,False,antimicrobial,95.975,1.1596,False,antimicrobial,NP_187797.3 ubiquitin-specific protease 13 [Arabidopsis thaliana],-0.068,-0.018
NP_001326292.1,False,95.993,1.1545,False,antimicrobial,95.925,1.1677,False,antimicrobial,95.975,1.1596,False,antimicrobial,NP_001326292.1 ubiquitin-specific protease 13 [Arabidopsis thaliana],-0.068,-0.018
NP_001154292.1,False,97.218,1.1683,False,PR_proteins,96.982,1.1539,False,PR_proteins,97.2,1.1611,False,PR_proteins,NP_001154292.1 beta-galactosidase 14 [Arabidopsis thaliana],-0.236,-0.018
NP_568313.2,False,97.21,1.2132,False,antimicrobial,97.003,1.2027,False,antimicrobial,97.191,1.2046,False,antimicrobial,NP_568313.2 U-box domain-containing protein [Arabidopsis thaliana],-0.207,-0.019
NP_001319214.1,False,99.749,1.7314,True,RLK_defense,99.668,1.7097,True,RLK_defense,99.73,1.7205,True,RLK_defense,NP_001319214.1 Leucine-rich repeat transmembrane protein kinase [Arabidopsis thaliana],-0.081,-0.019
NP_186780.3,False,99.062,1.3514,True,antimicrobial,98.782,1.32,False,antimicrobial,99.042,1.3429,True,antimicrobial,NP_186780.3 Phosphoglycerate mutase-like family protein [Arabidopsis thaliana],-0.28,-0.02
NP_850783.1,False,95.789,1.1682,False,antimicrobial,96.073,1.176,False,antimicrobial,95.769,1.164,False,antimicrobial,NP_850783.1 ubiquitin-specific protease 12 [Arabidopsis thaliana],0.284,-0.02
NP_850297.1,False,99.869,1.0245,True,defense_signaling,99.741,1.2939,True,antimicrobial,99.849,1.3458,True,antimicrobial,NP_850297.1 P-loop containing nucleoside triphosphate hydrolases superfamily protein [Arabidopsis thaliana],-0.128,-0.02
NP_193427.4,True,99.906,2.2969,True,NBS_LRR,99.911,2.2331,True,NBS_LRR,99.885,2.212,True,NBS_LRR,NP_193427.4 Disease resistance protein (TIR-NBS-LRR class) family [Arabidopsis thaliana],0.005,-0.021
NP_564709.2,False,99.778,1.7415,True,RLK_defense,99.72,1.7199,True,RLK_defense,99.757,1.7298,True,RLK_defense,NP_564709.2 Leucine-rich repeat transmembrane protein kinase [Arabidopsis thaliana],-0.058,-0.021
NP_001328968.1,True,99.906,2.2969,True,NBS_LRR,99.917,2.2347,True,NBS_LRR,99.885,2.212,True,NBS_LRR,NP_001328968.1 Disease resistance protein (TIR-NBS-LRR class) family [Arabidopsis thaliana],0.011,-0.021
NP_172219.5,False,97.774,1.4452,False,NBS_LRR,97.739,1.4344,False,NBS_LRR,97.752,1.4317,False,NBS_LRR,NP_172219.5 receptor like protein 1 [Arabidopsis thaliana],-0.035,-0.022
NP_200200.1,False,99.79,1.7484,True,RLK_defense,99.78,1.7362,True,RLK_defense,99.768,1.735,True,RLK_defense,NP_200200.1 phytosylfokine-alpha receptor 2 [Arabidopsis thaliana],-0.01,-0.022
NP_001030614.1,True,99.006,1.3453,True,antimicrobial,98.735,1.316,False,antimicrobial,98.984,1.3368,False,antimicrobial,NP_001030614.1 Phosphoglycerate mutase-like family protein [Arabidopsis thaliana],-0.271,-0.022
NP_191092.1,False,96.716,1.0307,False,RLK_defense,96.577,1.0567,False,antimicrobial,96.693,1.0448,False,antimicrobial,NP_191092.1 P-glycoprotein 20 [Arabidopsis thaliana],-0.139,-0.023
NP_568308.1,False,99.016,1.346,True,antimicrobial,98.794,1.3208,False,antimicrobial,98.993,1.3375,False,antimicrobial,NP_568308.1 Phosphoglycerate mutase-like family protein [Arabidopsis thaliana],-0.222,-0.023
NP_176008.4,False,99.764,1.7384,True,RLK_defense,99.724,1.7206,True,RLK_defense,99.741,1.7252,True,RLK_defense,NP_176008.4 Leucine-rich repeat transmembrane protein kinase [Arabidopsis thaliana],-0.04,-0.023
NP_001331961.1,False,99.856,1.0215,True,defense_signaling,99.894,1.0447,True,defense_signaling,99.833,1.0154,True,defense_signaling,NP_001331961.1 ubiquitin-protein ligase 4 [Arabidopsis thaliana],0.038,-0.023
NP_001330695.1,False,99.016,1.346,True,antimicrobial,98.794,1.3208,False,antimicrobial,98.993,1.3375,False,antimicrobial,NP_001330695.1 Phosphoglycerate mutase-like family protein [Arabidopsis thaliana],-0.222,-0.023
NP_171698.1,False,99.745,1.5798,True,cell_death_HR,98.28,1.3453,False,cell_death_HR,99.722,1.5725,True,cell_death_HR,NP_171698.1 SEC7-like guanine nucleotide exchange family protein [Arabidopsis thaliana],-1.465,-0.023
NP_001190953.1,False,97.998,1.2123,False,PR_proteins,97.54,1.1884,False,antimicrobial,97.975,1.2052,False,PR_proteins,NP_001190953.1 Patched family protein [Arabidopsis thaliana],-0.458,-0.023
NP_174267.4,False,99.809,1.7561,True,RLK_defense,99.618,1.6999,True,RLK_defense,99.786,1.7436,True,RLK_defense,NP_174267.4 Leucine-rich repeat transmembrane protein kinase [Arabidopsis thaliana],-0.191,-0.023
NP_001330694.1,False,99.027,1.3466,True,antimicrobial,98.811,1.3215,False,antimicrobial,99.004,1.3381,True,antimicrobial,NP_001330694.1 Phosphoglycerate mutase-like family protein [Arabidopsis thaliana],-0.216,-0.023
NP_850959.1,False,99.86,1.0216,True,defense_signaling,99.722,1.0089,True,defense_signaling,99.837,1.0155,True,defense_signaling,NP_850959.1 stomatal cytokinesis defective / SCD1 protein (SCD1) [Arabidopsis thaliana],-0.138,-0.023
NP_001185177.1,False,99.86,1.0216,True,defense_signaling,99.817,1.0198,True,defense_signaling,99.837,1.0155,True,defense_signaling,NP_001185177.1 stomatal cytokinesis defective / SCD1 protein (SCD1) [Arabidopsis thaliana],-0.043,-0.023
NP_195908.1,False,99.856,1.0215,True,defense_signaling,99.929,1.0536,True,defense_signaling,99.833,1.0154,True,defense_signaling,NP_195908.1 ubiquitin-protein ligase 4 [Arabidopsis thaliana],0.073,-0.023
NP_001190313.1,False,98.842,1.3289,False,antimicrobial,98.405,1.2908,False,antimicrobial,98.818,1.3204,False,antimicrobial,NP_001190313.1 Phosphoglycerate mutase-like family protein [Arabidopsis thaliana],-0.437,-0.024
NP_001322193.1,False,98.199,0.919,False,defense_signaling,98.181,0.9213,False,defense_signaling,98.175,0.9193,False,defense_signaling,NP_001322193.1 P-loop nucleoside triphosphate hydrolases superfamily protein with CH (Calponin Homology) domain-containing protein [Arabidopsis thaliana],-0.018,-0.024
NP_001325068.1,False,95.99,1.1642,False,antimicrobial,96.623,1.2,False,antimicrobial,95.965,1.1556,False,antimicrobial,NP_001325068.1 pleiotropic drug resistance 5 [Arabidopsis thaliana],0.633,-0.025
NP_189288.1,False,97.274,1.171,False,PR_proteins,96.992,1.1612,False,antimicrobial,97.249,1.1639,False,PR_proteins,NP_189288.1 ATP-dependent RNA helicase [Arabidopsis thaliana],-0.282,-0.025
NP_001185247.1,False,99.774,1.7404,True,RLK_defense,99.734,1.7215,True,RLK_defense,99.749,1.7282,True,RLK_defense,NP_001185247.1 Leucine-rich repeat transmembrane protein kinase [Arabidopsis thaliana],-0.04,-0.025
NP_172913.1,False,98.857,1.3301,False,antimicrobial,98.928,1.3322,False,antimicrobial,98.832,1.3216,False,antimicrobial,NP_172913.1 valyl-tRNA synthetase / valine-tRNA ligase (VALRS) [Arabidopsis thaliana],0.071,-0.025
NP_849953.2,False,97.245,1.1689,False,PR_proteins,95.774,1.1677,False,antimicrobial,97.22,1.1618,False,PR_proteins,NP_849953.2 callose synthase 5 [Arabidopsis thaliana],-1.471,-0.025
NP_177610.1,False,99.697,1.5597,True,cell_death_HR,99.678,1.5588,True,cell_death_HR,99.672,1.5523,True,cell_death_HR,NP_177610.1 C2 calcium/lipid-binding plant phosphoribosyltransferase family protein [Arabidopsis thaliana],-0.019,-0.025
NP_198509.2,True,99.929,2.3087,True,NBS_LRR,99.914,2.2345,True,NBS_LRR,99.903,2.2158,True,NBS_LRR,NP_198509.2 Disease resistance protein (TIR-NBS-LRR class) family [Arabidopsis thaliana],-0.015,-0.026
NP_001330641.1,True,99.929,2.3087,True,NBS_LRR,99.903,2.2286,True,NBS_LRR,99.903,2.2158,True,NBS_LRR,NP_001330641.1 Disease resistance protein (TIR-NBS-LRR class) family [Arabidopsis thaliana],-0.026,-0.026
NP_001330640.1,True,99.929,2.3087,True,NBS_LRR,99.914,2.2345,True,NBS_LRR,99.903,2.2158,True,NBS_LRR,NP_001330640.1 Disease resistance protein (TIR-NBS-LRR class) family [Arabidopsis thaliana],-0.015,-0.026
NP_001119319.1,True,99.938,2.3145,True,NBS_LRR,99.921,2.2373,True,NBS_LRR,99.911,2.2218,True,NBS_LRR,NP_001119319.1 Disease resistance protein (TIR-NBS-LRR class) family [Arabidopsis thaliana],-0.017,-0.027
NP_199617.1,False,99.649,1.5412,True,cell_death_HR,99.581,1.5315,True,cell_death_HR,99.62,1.5339,True,cell_death_HR,NP_199617.1 C2 calcium/lipid-binding plant phosphoribosyltransferase family protein [Arabidopsis thaliana],-0.068,-0.029
NP_001185419.1,False,94.193,0.9134,False,RLK_defense,94.346,0.9139,False,RLK_defense,94.164,0.9062,False,RLK_defense,NP_001185419.1 CELLULOSE SYNTHASE INTERACTIVE 3 [Arabidopsis thaliana],0.153,-0.029
NP_177870.2,False,94.193,0.9134,False,RLK_defense,94.346,0.9139,False,RLK_defense,94.164,0.9062,False,RLK_defense,NP_177870.2 CELLULOSE SYNTHASE INTERACTIVE 3 [Arabidopsis thaliana],0.153,-0.029
NP_001319395.1,False,94.193,0.9134,False,RLK_defense,94.346,0.9139,False,RLK_defense,94.164,0.9062,False,RLK_defense,NP_001319395.1 CELLULOSE SYNTHASE INTERACTIVE 3 [Arabidopsis thaliana],0.153,-0.029
NP_173675.1,False,99.529,1.5169,True,cell_death_HR,99.486,1.5091,True,cell_death_HR,99.5,1.5095,True,cell_death_HR,NP_173675.1 C2 calcium/lipid-binding plant phosphoribosyltransferase family protein [Arabidopsis thaliana],-0.043,-0.029
NP_001322685.1,False,94.193,0.9134,False,RLK_defense,94.346,0.9139,False,RLK_defense,94.164,0.9062,False,RLK_defense,NP_001322685.1 CELLULOSE SYNTHASE INTERACTIVE 3 [Arabidopsis thaliana],0.153,-0.029
NP_001154318.1,False,97.733,1.3723,False,NBS_LRR,97.7,1.3594,False,NBS_LRR,97.702,1.3682,False,NBS_LRR,NP_001154318.1 receptor like protein 1 [Arabidopsis thaliana],-0.033,-0.031
NP_001322077.1,False,96.967,1.0965,False,antimicrobial,96.565,1.1982,False,antimicrobial,96.936,1.0879,False,antimicrobial,NP_001322077.1 multidrug resistance-associated protein 5 [Arabidopsis thaliana],-0.402,-0.031
NP_001324300.1,False,98.539,0.9333,False,defense_signaling,98.717,0.9459,False,defense_signaling,98.507,0.9383,False,RLK_defense,NP_001324300.1 Kinesin motor family protein [Arabidopsis thaliana],0.178,-0.032
NP_565510.1,False,98.539,0.9333,False,defense_signaling,98.717,0.9459,False,defense_signaling,98.507,0.9383,False,RLK_defense,NP_565510.1 Kinesin motor family protein [Arabidopsis thaliana],0.178,-0.032
NP_190394.3,False,98.701,1.3175,False,antimicrobial,98.009,1.2643,False,antimicrobial,98.668,1.3089,False,antimicrobial,NP_190394.3 glycine-tRNA ligase [Arabidopsis thaliana],-0.692,-0.033
NP_193424.2,True,99.689,2.1683,True,NBS_LRR,99.643,2.0824,True,NBS_LRR,99.656,2.0971,True,NBS_LRR,NP_193424.2 Disease resistance protein (TIR-NBS-LRR class) family [Arabidopsis thaliana],-0.046,-0.033
NP_188306.2,False,99.838,1.0605,True,antimicrobial,99.79,1.0152,True,defense_signaling,99.805,1.0518,True,antimicrobial,NP_188306.2 TOPLESS-related 2 [Arabidopsis thaliana],-0.048,-0.033
NP_188065.1,True,99.897,2.2923,True,NBS_LRR,99.848,2.1943,True,NBS_LRR,99.864,2.2042,True,NBS_LRR,NP_188065.1 NB-ARC domain-containing disease resistance protein [Arabidopsis thaliana],-0.049,-0.033
NP_850271.5,False,95.409,1.1189,False,antimicrobial,94.571,1.1235,False,antimicrobial,95.376,1.1103,False,antimicrobial,NP_850271.5 glucan synthase-like 8 [Arabidopsis thaliana],-0.838,-0.033
NP_001319549.1,True,99.897,2.2923,True,NBS_LRR,99.848,2.1943,True,NBS_LRR,99.864,2.2042,True,NBS_LRR,NP_001319549.1 NB-ARC domain-containing disease resistance protein [Arabidopsis thaliana],-0.049,-0.033
NP_566193.2,False,99.448,1.4976,True,cell_death_HR,99.398,1.4927,True,cell_death_HR,99.413,1.4902,True,cell_death_HR,NP_566193.2 exportin 1B [Arabidopsis thaliana],-0.05,-0.035
NP_001321524.1,False,93.761,0.8981,False,RLK_defense,91.541,0.8308,False,RLK_defense,93.726,0.8909,False,RLK_defense,NP_001321524.1 CELLULOSE SYNTHASE INTERACTIVE 2 [Arabidopsis thaliana],-2.22,-0.035
NP_001318959.1,False,99.834,1.0162,True,defense_signaling,99.378,1.1703,True,antimicrobial,99.799,1.3312,True,antimicrobial,NP_001318959.1 DNA replication helicase [Arabidopsis thaliana],-0.456,-0.035
NP_001321523.1,False,93.761,0.8981,False,RLK_defense,90.904,0.815,False,RLK_defense,93.726,0.8909,False,RLK_defense,NP_001321523.1 CELLULOSE SYNTHASE INTERACTIVE 2 [Arabidopsis thaliana],-2.857,-0.035
NP_566335.1,False,97.251,1.2054,False,cell_death_HR,98.34,1.2752,False,cell_death_HR,97.216,1.2664,False,cell_death_HR,NP_566335.1 Regulatory-associated protein of TOR 1 [Arabidopsis thaliana],1.089,-0.035
NP_175078.1,False,94.217,0.9145,False,RLK_defense,91.601,0.8324,False,RLK_defense,94.181,0.9074,False,RLK_defense,NP_175078.1 CELLULOSE SYNTHASE INTERACTIVE 2 [Arabidopsis thaliana],-2.616,-0.036
NP_195264.2,False,99.459,1.5008,True,cell_death_HR,98.206,1.3407,False,cell_death_HR,99.423,1.4933,True,cell_death_HR,NP_195264.2 SEC7-like guanine nucleotide exchange family protein [Arabidopsis thaliana],-1.253,-0.036
NP_198079.1,False,95.355,0.9575,False,RLK_defense,95.227,0.9487,False,RLK_defense,95.318,0.9515,False,RLK_defense,NP_198079.1 Tetratricopeptide repeat (TPR)-like superfamily protein [Arabidopsis thaliana],-0.128,-0.037
NP_199714.2,False,98.488,1.3147,False,cell_death_HR,98.419,1.2923,False,antimicrobial,98.448,1.3069,False,cell_death_HR,"NP_199714.2 tRNA synthetase class I (I, L, M and V) family protein [Arabidopsis thaliana]",-0.069,-0.04
NP_193420.2,True,99.755,2.194,True,NBS_LRR,99.753,2.1369,True,NBS_LRR,99.714,2.1262,True,NBS_LRR,NP_193420.2 Disease resistance protein (TIR-NBS-LRR class) family [Arabidopsis thaliana],-0.002,-0.041
NP_001328969.1,True,99.914,2.2982,True,NBS_LRR,99.942,2.2482,True,NBS_LRR,99.872,2.2052,True,NBS_LRR,NP_001328969.1 Disease resistance protein (TIR-NBS-LRR class) family [Arabidopsis thaliana],0.028,-0.042
NP_001328967.1,True,99.914,2.2982,True,NBS_LRR,99.942,2.2482,True,NBS_LRR,99.872,2.2052,True,NBS_LRR,NP_001328967.1 Disease resistance protein (TIR-NBS-LRR class) family [Arabidopsis thaliana],0.028,-0.042
NP_001328966.1,True,99.914,2.2982,True,NBS_LRR,99.938,2.247,True,NBS_LRR,99.872,2.2052,True,NBS_LRR,NP_001328966.1 Disease resistance protein (TIR-NBS-LRR class) family [Arabidopsis thaliana],0.024,-0.042
NP_001322890.1,False,99.378,1.8638,True,NBS_LRR,99.328,1.7656,True,NBS_LRR,99.336,1.7817,True,NBS_LRR,NP_001322890.1 Disease resistance protein (TIR-NBS-LRR class) family [Arabidopsis thaliana],-0.05,-0.042
NP_198599.1,False,98.264,1.2858,False,antimicrobial,98.515,1.298,False,antimicrobial,98.222,1.2773,False,antimicrobial,NP_198599.1 oxoprolinase 1 [Arabidopsis thaliana],0.251,-0.042
NP_001328970.1,True,99.914,2.2982,True,NBS_LRR,99.942,2.2482,True,NBS_LRR,99.872,2.2052,True,NBS_LRR,NP_001328970.1 Disease resistance protein (TIR-NBS-LRR class) family [Arabidopsis thaliana],0.028,-0.042
NP_001323213.1,True,99.641,2.1396,True,NBS_LRR,99.62,2.0715,True,NBS_LRR,99.598,2.0656,True,NBS_LRR,NP_001323213.1 Disease resistance protein (CC-NBS-LRR class) family [Arabidopsis thaliana],-0.021,-0.043
NP_001031207.1,True,99.641,2.1396,True,NBS_LRR,99.62,2.0715,True,NBS_LRR,99.598,2.0656,True,NBS_LRR,NP_001031207.1 Disease resistance protein (CC-NBS-LRR class) family [Arabidopsis thaliana],-0.021,-0.043
NP_001185265.1,True,99.641,2.1396,True,NBS_LRR,99.62,2.0715,True,NBS_LRR,99.598,2.0656,True,NBS_LRR,NP_001185265.1 Disease resistance protein (CC-NBS-LRR class) family [Arabidopsis thaliana],-0.021,-0.043
NP_683447.2,True,99.641,2.1396,True,NBS_LRR,99.62,2.0715,True,NBS_LRR,99.598,2.0656,True,NBS_LRR,NP_683447.2 Disease resistance protein (CC-NBS-LRR class) family [Arabidopsis thaliana],-0.021,-0.043
NP_176153.1,True,99.641,2.1396,True,NBS_LRR,99.62,2.0715,True,NBS_LRR,99.598,2.0656,True,NBS_LRR,NP_176153.1 Disease resistance protein (CC-NBS-LRR class) family [Arabidopsis thaliana],-0.021,-0.043
NP_001319223.1,False,98.826,1.3905,False,cell_death_HR,99.201,1.4559,True,cell_death_HR,98.782,1.3869,False,cell_death_HR,NP_001319223.1 ATPase E1-E2 type family protein / haloacid dehalogenase-like hydrolase family protein [Arabidopsis thaliana],0.375,-0.044
NP_175830.1,False,98.826,1.3905,False,cell_death_HR,99.201,1.4559,True,cell_death_HR,98.782,1.3869,False,cell_death_HR,NP_175830.1 ATPase E1-E2 type family protein / haloacid dehalogenase-like hydrolase family protein [Arabidopsis thaliana],0.375,-0.044
NP_001322413.1,False,98.826,1.3905,False,cell_death_HR,99.201,1.4559,True,cell_death_HR,98.782,1.3869,False,cell_death_HR,NP_001322413.1 ATPase E1-E2 type family protein / haloacid dehalogenase-like hydrolase family protein [Arabidopsis thaliana],0.375,-0.044
NP_179513.4,False,98.99,1.5806,False,RLK_defense,98.892,1.5703,False,RLK_defense,98.946,1.5742,False,RLK_defense,NP_179513.4 Leucine-rich repeat transmembrane protein kinase protein [Arabidopsis thaliana],-0.098,-0.044
NP_001184943.1,False,99.733,1.0087,True,defense_signaling,98.701,1.2304,False,antimicrobial,99.688,1.3551,True,antimicrobial,NP_001184943.1 DNA replication helicase [Arabidopsis thaliana],-1.032,-0.045
NP_001320087.1,False,99.702,1.0063,True,defense_signaling,99.904,1.0464,True,defense_signaling,99.657,1.0003,True,defense_signaling,NP_001320087.1 P-loop containing nucleoside triphosphate hydrolases superfamily protein [Arabidopsis thaliana],0.202,-0.045
NP_194739.1,False,99.702,1.0063,True,defense_signaling,99.904,1.0464,True,defense_signaling,99.657,1.0003,True,defense_signaling,NP_194739.1 P-loop containing nucleoside triphosphate hydrolases superfamily protein [Arabidopsis thaliana],0.202,-0.045
NP_001328800.1,False,96.38,1.1661,False,antimicrobial,95.38,1.1509,False,antimicrobial,96.335,1.1576,False,antimicrobial,NP_001328800.1 pleiotropic drug resistance 2 [Arabidopsis thaliana],-1.0,-0.045
NP_193258.3,False,96.38,1.1661,False,antimicrobial,96.145,1.179,False,antimicrobial,96.335,1.1576,False,antimicrobial,NP_193258.3 pleiotropic drug resistance 2 [Arabidopsis thaliana],-0.235,-0.045
NP_001319944.1,False,96.38,1.1661,False,antimicrobial,96.145,1.179,False,antimicrobial,96.335,1.1576,False,antimicrobial,NP_001319944.1 pleiotropic drug resistance 2 [Arabidopsis thaliana],-0.235,-0.045
NP_001322071.1,False,99.733,1.0087,True,defense_signaling,99.612,0.999,True,defense_signaling,99.688,1.0027,True,defense_signaling,NP_001322071.1 DNA replication helicase [Arabidopsis thaliana],-0.121,-0.045
NP_001328737.1,False,94.988,0.8426,False,defense_signaling,95.086,0.8451,False,defense_signaling,94.943,0.8419,False,defense_signaling,NP_001328737.1 BREAST CANCER 2 like 2A [Arabidopsis thaliana],0.098,-0.045
NP_001154222.1,True,99.796,1.1335,True,NBS_LRR,99.444,1.9138,True,NBS_LRR,99.75,2.1086,True,NBS_LRR,NP_001154222.1 protein kinase family protein [Arabidopsis thaliana],-0.352,-0.046
NP_001321563.1,False,99.713,1.0073,True,defense_signaling,99.597,0.9974,True,defense_signaling,99.667,1.0012,True,defense_signaling,NP_001321563.1 trithorax-like protein 2 [Arabidopsis thaliana],-0.116,-0.046
NP_001318575.1,False,98.102,0.9161,False,defense_signaling,98.289,0.9265,False,defense_signaling,98.056,0.9207,False,antimicrobial,NP_001318575.1 cellulose-synthase like D2 [Arabidopsis thaliana],0.187,-0.046
NP_001321564.1,False,99.713,1.0073,True,defense_signaling,99.597,0.9974,True,defense_signaling,99.667,1.0012,True,defense_signaling,NP_001321564.1 trithorax-like protein 2 [Arabidopsis thaliana],-0.116,-0.046
NP_001329658.1,True,99.796,1.1335,True,NBS_LRR,99.459,1.9327,True,NBS_LRR,99.75,2.1419,True,NBS_LRR,NP_001329658.1 protein kinase family protein [Arabidopsis thaliana],-0.337,-0.046
NP_001077464.4,False,99.713,1.0073,True,defense_signaling,99.597,0.9974,True,defense_signaling,99.667,1.0012,True,defense_signaling,NP_001077464.4 trithorax-like protein 2 [Arabidopsis thaliana],-0.116,-0.046
NP_194667.1,False,99.691,1.0051,True,defense_signaling,99.876,1.0362,True,defense_signaling,99.645,0.9991,True,defense_signaling,NP_194667.1 protein kinase family protein / WD-40 repeat family protein [Arabidopsis thaliana],0.185,-0.046
NP_172074.6,False,99.713,1.0073,True,defense_signaling,99.597,0.9974,True,defense_signaling,99.667,1.0012,True,defense_signaling,NP_172074.6 trithorax-like protein 2 [Arabidopsis thaliana],-0.116,-0.046
NP_001329659.1,True,99.796,1.1335,True,NBS_LRR,99.116,1.5249,True,NBS_LRR,99.75,1.7846,True,NBS_LRR,NP_001329659.1 protein kinase family protein [Arabidopsis thaliana],-0.68,-0.046
NP_001329652.1,True,99.796,1.1335,True,NBS_LRR,99.452,1.9187,True,NBS_LRR,99.75,2.1016,True,NBS_LRR,NP_001329652.1 protein kinase family protein [Arabidopsis thaliana],-0.344,-0.046
NP_001118968.1,True,99.796,1.1335,True,NBS_LRR,99.442,1.913,True,NBS_LRR,99.75,2.0989,True,NBS_LRR,NP_001118968.1 protein kinase family protein [Arabidopsis thaliana],-0.354,-0.046
NP_177388.2,False,86.188,0.9199,False,antimicrobial,86.417,0.9237,False,antimicrobial,86.141,0.9197,False,antimicrobial,NP_177388.2 CCAAT-binding factor [Arabidopsis thaliana],0.229,-0.047
NP_177804.1,False,5.684,-1.5197,False,defense_signaling,4.73,-1.7073,False,defense_signaling,5.636,-1.5273,False,defense_signaling,NP_177804.1 HSP20-like chaperones superfamily protein [Arabidopsis thaliana],-0.954,-0.048
NP_001320016.1,False,98.116,1.3981,False,RLK_defense,98.067,1.3767,False,RLK_defense,98.067,1.3779,False,RLK_defense,NP_001320016.1 Leucine-rich receptor-like protein kinase family protein [Arabidopsis thaliana],-0.049,-0.049
NP_190039.2,False,99.602,0.9945,True,defense_signaling,99.585,0.997,True,defense_signaling,99.552,0.99,True,defense_signaling,NP_190039.2 histone chaperone HIRA-like protein [Arabidopsis thaliana],-0.017,-0.05
NP_001322562.1,False,99.723,2.1838,True,NBS_LRR,99.792,2.1635,True,NBS_LRR,99.673,2.1051,True,NBS_LRR,NP_001322562.1 disease resistance protein (TIR-NBS-LRR class) [Arabidopsis thaliana],0.069,-0.05
NP_174037.3,True,99.685,2.1663,True,NBS_LRR,99.755,2.1381,True,NBS_LRR,99.635,2.0745,True,NBS_LRR,NP_174037.3 transmembrane receptors / ATP binding protein [Arabidopsis thaliana],0.07,-0.05
NP_001322559.1,False,99.723,2.1838,True,NBS_LRR,99.792,2.1635,True,NBS_LRR,99.673,2.1051,True,NBS_LRR,NP_001322559.1 disease resistance protein (TIR-NBS-LRR class) [Arabidopsis thaliana],0.069,-0.05
NP_190049.1,True,99.339,1.7997,True,NBS_LRR,99.293,1.7414,True,NBS_LRR,99.288,1.7445,True,NBS_LRR,NP_190049.1 Disease resistance protein (TIR-NBS-LRR class) family [Arabidopsis thaliana],-0.046,-0.051
NP_001327594.1,True,99.339,1.7997,True,NBS_LRR,99.293,1.7414,True,NBS_LRR,99.288,1.7445,True,NBS_LRR,NP_001327594.1 Disease resistance protein (TIR-NBS-LRR class) family [Arabidopsis thaliana],-0.046,-0.051
NP_850654.1,True,99.339,1.7997,True,NBS_LRR,99.293,1.7414,True,NBS_LRR,99.288,1.7445,True,NBS_LRR,NP_850654.1 Disease resistance protein (TIR-NBS-LRR class) family [Arabidopsis thaliana],-0.046,-0.051
NP_201227.3,False,99.648,0.9996,True,defense_signaling,99.491,0.9905,True,defense_signaling,99.597,0.9936,True,defense_signaling,NP_201227.3 Calmodulin-binding transcription activator protein with CG-1 and Ankyrin domain [Arabidopsis thaliana],-0.157,-0.051
NP_001032135.1,False,99.648,0.9996,True,defense_signaling,99.491,0.9905,True,defense_signaling,99.597,0.9936,True,defense_signaling,NP_001032135.1 Calmodulin-binding transcription activator protein with CG-1 and Ankyrin domain [Arabidopsis thaliana],-0.157,-0.051
NP_176845.2,False,94.669,0.9315,False,RLK_defense,96.123,1.0508,False,antimicrobial,94.617,1.0096,False,antimicrobial,NP_176845.2 DNA LIGASE 6 [Arabidopsis thaliana],1.454,-0.052
NP_171917.1,False,98.347,0.9244,False,defense_signaling,98.43,0.9318,False,defense_signaling,98.295,0.9238,False,defense_signaling,NP_171917.1 Leucine-rich repeat protein kinase family protein [Arabidopsis thaliana],0.083,-0.052
NP_191829.1,False,97.488,1.118,False,RLK_defense,96.963,1.2153,False,antimicrobial,97.434,1.1068,False,RLK_defense,NP_191829.1 multidrug resistance-associated protein 10 [Arabidopsis thaliana],-0.525,-0.054
NP_001328879.1,False,98.845,1.1805,False,antimicrobial,98.482,1.286,False,antimicrobial,98.791,1.3192,False,antimicrobial,"NP_001328879.1 phosphoglucan, water dikinase [Arabidopsis thaliana]",-0.363,-0.054
NP_187372.5,False,94.824,1.1301,False,antimicrobial,94.746,1.1305,False,antimicrobial,94.77,1.1215,False,antimicrobial,NP_187372.5 glucan synthase-like 10 [Arabidopsis thaliana],-0.078,-0.054
NP_001328878.1,False,98.845,1.1805,False,antimicrobial,98.482,1.286,False,antimicrobial,98.791,1.3192,False,antimicrobial,"NP_001328878.1 phosphoglucan, water dikinase [Arabidopsis thaliana]",-0.363,-0.054
NP_001154372.1,False,99.718,2.1824,True,NBS_LRR,99.761,2.1401,True,NBS_LRR,99.664,2.0996,True,NBS_LRR,NP_001154372.1 transmembrane receptors / ATP binding protein [Arabidopsis thaliana],0.043,-0.054
NP_194176.3,False,98.845,1.1805,False,antimicrobial,98.482,1.286,False,antimicrobial,98.791,1.3192,False,antimicrobial,"NP_194176.3 phosphoglucan, water dikinase [Arabidopsis thaliana]",-0.363,-0.054
NP_001328020.1,True,99.709,2.1776,True,NBS_LRR,99.861,2.2046,True,NBS_LRR,99.654,2.0942,True,NBS_LRR,NP_001328020.1 Disease resistance protein (TIR-NBS-LRR class) family [Arabidopsis thaliana],0.152,-0.055
NP_001319681.1,False,99.631,0.9984,True,defense_signaling,99.533,0.9926,True,defense_signaling,99.575,0.9924,True,defense_signaling,NP_001319681.1 histone chaperone HIRA-like protein [Arabidopsis thaliana],-0.098,-0.056
NP_001329182.1,False,99.643,0.9994,True,defense_signaling,99.616,0.9994,True,defense_signaling,99.587,0.9934,True,defense_signaling,NP_001329182.1 protein kinase family protein / WD-40 repeat family protein [Arabidopsis thaliana],-0.027,-0.056
NP_001322560.1,False,99.827,2.2372,True,NBS_LRR,99.828,2.1837,True,NBS_LRR,99.771,2.1636,True,NBS_LRR,NP_001322560.1 disease resistance protein (TIR-NBS-LRR class) [Arabidopsis thaliana],0.001,-0.056
NP_001322561.1,False,99.827,2.2372,True,NBS_LRR,99.78,2.1569,True,NBS_LRR,99.771,2.1636,True,NBS_LRR,NP_001322561.1 disease resistance protein (TIR-NBS-LRR class) [Arabidopsis thaliana],-0.047,-0.056
NP_174809.1,False,97.888,1.37,False,NBS_LRR,97.855,1.3548,False,NBS_LRR,97.832,1.358,False,NBS_LRR,NP_174809.1 kinase family with leucine-rich repeat domain-containing protein [Arabidopsis thaliana],-0.033,-0.056
NP_001322073.1,False,99.641,0.9994,True,defense_signaling,98.836,1.2143,False,antimicrobial,99.585,1.3551,True,antimicrobial,NP_001322073.1 DNA replication helicase [Arabidopsis thaliana],-0.805,-0.056
NP_001322002.1,False,94.954,1.0952,False,antimicrobial,94.654,1.1271,False,antimicrobial,94.896,1.1073,False,antimicrobial,NP_001322002.1 glucan synthase-like 7 [Arabidopsis thaliana],-0.3,-0.058
NP_191292.1,True,98.017,1.2683,False,antimicrobial,97.853,1.2558,False,antimicrobial,97.959,1.2598,False,antimicrobial,NP_191292.1 autoinhibited Ca2+-ATPase 11 [Arabidopsis thaliana],-0.164,-0.058
NP_172136.2,False,94.954,1.0952,False,antimicrobial,94.495,1.1205,False,antimicrobial,94.896,1.1073,False,antimicrobial,NP_172136.2 glucan synthase-like 7 [Arabidopsis thaliana],-0.459,-0.058
NP_196599.2,False,98.764,1.0242,False,antimicrobial,99.513,0.9915,True,defense_signaling,98.706,1.0272,False,antimicrobial,NP_196599.2 helicase domain-containing protein / IBR domain-containing protein / zinc finger protein-like protein [Arabidopsis thaliana],0.749,-0.058
NP_178183.2,True,99.622,0.9967,True,defense_signaling,99.496,0.9909,True,defense_signaling,99.562,0.9906,True,defense_signaling,NP_178183.2 SUPPRESSOR OF AUXIN RESISTANCE 3 [Arabidopsis thaliana],-0.126,-0.06
NP_190295.1,False,98.077,1.3825,False,NBS_LRR,98.013,1.3543,False,RLK_defense,98.017,1.3534,False,RLK_defense,NP_190295.1 Leucine-rich repeat protein kinase family protein [Arabidopsis thaliana],-0.064,-0.06
NP_680694.3,False,96.519,1.1744,False,antimicrobial,96.362,1.1889,False,antimicrobial,96.459,1.1658,False,antimicrobial,NP_680694.3 ABC-2 and Plant PDR ABC-type transporter family protein [Arabidopsis thaliana],-0.157,-0.06
NP_001326713.1,False,94.828,1.1306,False,antimicrobial,94.757,1.131,False,antimicrobial,94.767,1.122,False,antimicrobial,NP_001326713.1 glucan synthase-like 10 [Arabidopsis thaliana],-0.071,-0.061
NP_001326712.1,False,94.828,1.1306,False,antimicrobial,94.757,1.131,False,antimicrobial,94.767,1.122,False,antimicrobial,NP_001326712.1 glucan synthase-like 10 [Arabidopsis thaliana],-0.071,-0.061
NP_197752.1,False,99.085,1.4287,True,cell_death_HR,99.073,1.4331,True,cell_death_HR,99.023,1.4211,True,cell_death_HR,NP_197752.1 phosphate deficiency response 2 [Arabidopsis thaliana],-0.012,-0.062
NP_001185127.1,False,97.834,1.2578,False,antimicrobial,97.473,1.2354,False,antimicrobial,97.772,1.2493,False,antimicrobial,NP_001185127.1 RNA helicase family protein [Arabidopsis thaliana],-0.361,-0.062
NP_181687.1,True,97.838,1.258,False,antimicrobial,97.656,1.2452,False,antimicrobial,97.776,1.2494,False,antimicrobial,"NP_181687.1 autoinhibited Ca(2+)-ATPase, isoform 4 [Arabidopsis thaliana]",-0.182,-0.062
NP_188755.2,False,97.502,1.2385,False,antimicrobial,97.668,1.246,False,antimicrobial,97.44,1.2316,False,antimicrobial,NP_188755.2 autoinhibited Ca(2+)-ATPase 9 [Arabidopsis thaliana],0.166,-0.062
NP_001189911.1,False,97.83,1.2576,False,antimicrobial,97.563,1.2403,False,antimicrobial,97.768,1.2491,False,antimicrobial,NP_001189911.1 pleiotropic drug resistance 1 [Arabidopsis thaliana],-0.267,-0.062
NP_174527.2,False,97.847,1.2584,False,antimicrobial,97.131,1.221,False,antimicrobial,97.785,1.2498,False,antimicrobial,NP_174527.2 RNA helicase family protein [Arabidopsis thaliana],-0.716,-0.062
NP_001319352.1,False,98.814,1.0471,False,NBS_LRR,98.786,1.0648,False,NBS_LRR,98.749,1.0787,False,NBS_LRR,NP_001319352.1 Armadillo/beta-catenin-like repeat family protein [Arabidopsis thaliana],-0.028,-0.065
NP_001328021.1,True,99.709,2.1776,True,NBS_LRR,99.867,2.2067,True,NBS_LRR,99.643,2.0834,True,NBS_LRR,NP_001328021.1 Disease resistance protein (TIR-NBS-LRR class) family [Arabidopsis thaliana],0.158,-0.066
NP_188064.1,True,99.834,2.2419,True,NBS_LRR,99.834,2.186,True,NBS_LRR,99.768,2.1627,True,NBS_LRR,NP_188064.1 LRR and NB-ARC domains-containing disease resistance protein [Arabidopsis thaliana],0.0,-0.066
NP_196672.3,False,97.76,0.9062,False,defense_signaling,97.77,0.9059,False,defense_signaling,97.693,0.9033,False,defense_signaling,NP_196672.3 sucrose phosphate synthase 2F [Arabidopsis thaliana],0.01,-0.067
NP_172780.1,False,99.031,1.4234,True,cell_death_HR,99.147,1.4446,True,cell_death_HR,98.963,1.4158,False,cell_death_HR,NP_172780.1 autoinhibited Ca2+/ATPase II [Arabidopsis thaliana],0.116,-0.068
NP_001322306.1,True,94.318,1.0504,False,PR_proteins,94.623,1.0567,False,PR_proteins,94.25,1.0431,False,PR_proteins,NP_001322306.1 ARGONAUTE 3 [Arabidopsis thaliana],0.305,-0.068
NP_001327770.1,False,96.753,1.086,False,antimicrobial,94.026,1.107,False,antimicrobial,96.684,1.0774,False,antimicrobial,NP_001327770.1 multidrug resistance-associated protein 9 [Arabidopsis thaliana],-2.727,-0.069
NP_191575.2,False,96.753,1.086,False,antimicrobial,96.092,1.1679,False,antimicrobial,96.684,1.0774,False,antimicrobial,NP_191575.2 multidrug resistance-associated protein 9 [Arabidopsis thaliana],-0.661,-0.069
NP_189189.1,False,99.002,1.4185,True,cell_death_HR,99.127,1.4424,True,cell_death_HR,98.932,1.4109,False,cell_death_HR,NP_189189.1 ATPase E1-E2 type family protein / haloacid dehalogenase-like hydrolase family protein [Arabidopsis thaliana],0.125,-0.07
NP_200954.1,False,78.287,0.7642,False,antimicrobial,78.393,0.7668,False,antimicrobial,78.217,0.7643,False,antimicrobial,NP_200954.1 P-loop containing nucleoside triphosphate hydrolases superfamily protein [Arabidopsis thaliana],0.106,-0.07
NP_174038.1,False,99.759,2.1958,True,NBS_LRR,99.855,2.1999,True,NBS_LRR,99.689,2.115,True,NBS_LRR,NP_174038.1 disease resistance protein (TIR-NBS-LRR class) [Arabidopsis thaliana],0.096,-0.07
NP_001154712.2,False,98.783,1.3882,False,cell_death_HR,93.785,1.101,False,antimicrobial,98.709,1.3805,False,cell_death_HR,NP_001154712.2 glucan synthase-like 12 [Arabidopsis thaliana],-4.998,-0.074
NP_196804.6,False,98.783,1.3882,False,cell_death_HR,93.897,1.1041,False,antimicrobial,98.709,1.3805,False,cell_death_HR,NP_196804.6 glucan synthase-like 12 [Arabidopsis thaliana],-4.886,-0.074
NP_850178.2,False,98.792,1.3889,False,cell_death_HR,94.884,1.1353,False,antimicrobial,98.717,1.3812,False,cell_death_HR,NP_850178.2 glucan synthase-like 3 [Arabidopsis thaliana],-3.908,-0.075
NP_001318331.1,False,98.792,1.3889,False,cell_death_HR,94.884,1.1353,False,antimicrobial,98.717,1.3812,False,cell_death_HR,NP_001318331.1 glucan synthase-like 3 [Arabidopsis thaliana],-3.908,-0.075
NP_001189653.1,False,98.792,1.3889,False,cell_death_HR,94.884,1.1353,False,antimicrobial,98.717,1.3812,False,cell_death_HR,NP_001189653.1 glucan synthase-like 3 [Arabidopsis thaliana],-3.908,-0.075
NP_001323731.1,False,98.792,1.3889,False,cell_death_HR,94.884,1.1353,False,antimicrobial,98.717,1.3812,False,cell_death_HR,NP_001323731.1 glucan synthase-like 3 [Arabidopsis thaliana],-3.908,-0.075
NP_001190497.1,False,98.969,1.4118,False,cell_death_HR,98.809,1.3747,False,cell_death_HR,98.894,1.4042,False,cell_death_HR,"NP_001190497.1 tRNA synthetase class I (I, L, M and V) family protein [Arabidopsis thaliana]",-0.16,-0.075
NP_001190324.1,False,98.986,1.4146,False,cell_death_HR,98.423,1.3597,False,cell_death_HR,98.911,1.407,False,cell_death_HR,NP_001190324.1 exportin 1A [Arabidopsis thaliana],-0.563,-0.075
NP_001190926.1,False,98.809,0.9457,False,defense_signaling,98.712,0.9457,False,defense_signaling,98.73,0.9432,False,defense_signaling,NP_001190926.1 Transducin/WD40 repeat-like superfamily protein [Arabidopsis thaliana],-0.097,-0.079
NP_001329435.1,False,95.268,1.0816,False,antimicrobial,95.094,1.1424,False,antimicrobial,95.189,1.073,False,antimicrobial,NP_001329435.1 ABC-2 and Plant PDR ABC-type transporter family protein [Arabidopsis thaliana],-0.174,-0.079
NP_566543.1,False,97.517,1.2398,False,antimicrobial,97.301,1.2296,False,antimicrobial,97.436,1.2313,False,antimicrobial,NP_566543.1 pleiotropic drug resistance 1 [Arabidopsis thaliana],-0.216,-0.081
NP_200521.3,False,97.49,1.2381,False,antimicrobial,97.612,1.243,False,antimicrobial,97.409,1.2295,False,antimicrobial,"NP_200521.3 autoinhibited Ca2+ -ATPase, isoform 8 [Arabidopsis thaliana]",0.122,-0.081
NP_851200.1,False,97.49,1.2381,False,antimicrobial,97.612,1.243,False,antimicrobial,97.409,1.2295,False,antimicrobial,"NP_851200.1 autoinhibited Ca2+ -ATPase, isoform 8 [Arabidopsis thaliana]",0.122,-0.081
NP_177507.1,False,99.575,0.9922,True,defense_signaling,99.471,0.9897,True,defense_signaling,99.494,0.9872,True,defense_signaling,NP_177507.1 protein tyrosine kinase family protein [Arabidopsis thaliana],-0.104,-0.081
NP_001318610.1,True,98.742,1.538,False,RLK_defense,98.624,1.5269,False,RLK_defense,98.661,1.5306,False,RLK_defense,NP_001318610.1 EF-TU receptor [Arabidopsis thaliana],-0.118,-0.081
NP_197548.1,True,98.742,1.538,False,RLK_defense,98.624,1.5269,False,RLK_defense,98.661,1.5306,False,RLK_defense,NP_197548.1 EF-TU receptor [Arabidopsis thaliana],-0.118,-0.081
NP_001331281.1,False,97.49,1.2381,False,antimicrobial,97.612,1.243,False,antimicrobial,97.409,1.2295,False,antimicrobial,"NP_001331281.1 autoinhibited Ca2+ -ATPase, isoform 8 [Arabidopsis thaliana]",0.122,-0.081
NP_181077.3,False,97.332,1.2312,False,antimicrobial,96.436,1.1924,False,antimicrobial,97.249,1.2226,False,antimicrobial,NP_181077.3 helicase domain-containing protein [Arabidopsis thaliana],-0.896,-0.083
NP_178307.2,False,97.328,1.2308,False,antimicrobial,95.86,1.1706,False,antimicrobial,97.245,1.2223,False,antimicrobial,"NP_178307.2 sodium proton exchanger, putative (NHX7) (SOS1) [Arabidopsis thaliana]",-1.468,-0.083
NP_563743.2,False,98.693,1.3812,False,cell_death_HR,94.41,1.119,False,antimicrobial,98.61,1.3735,False,cell_death_HR,NP_563743.2 callose synthase 1 [Arabidopsis thaliana],-4.283,-0.083
NP_182301.1,False,97.297,1.1165,False,antimicrobial,96.967,1.2155,False,antimicrobial,97.214,1.1079,False,antimicrobial,NP_182301.1 multidrug resistance-associated protein 4 [Arabidopsis thaliana],-0.33,-0.083
NP_001322483.1,False,98.693,1.3812,False,cell_death_HR,94.41,1.119,False,antimicrobial,98.61,1.3735,False,cell_death_HR,NP_001322483.1 callose synthase 1 [Arabidopsis thaliana],-4.283,-0.083
NP_001322482.1,False,98.693,1.3812,False,cell_death_HR,94.41,1.119,False,antimicrobial,98.61,1.3735,False,cell_death_HR,NP_001322482.1 callose synthase 1 [Arabidopsis thaliana],-4.283,-0.083
NP_001329721.1,True,99.544,2.0628,True,NBS_LRR,99.602,2.0469,True,NBS_LRR,99.461,1.9421,True,NBS_LRR,NP_001329721.1 TIR-NBS-LRR class disease resistance protein [Arabidopsis thaliana],0.058,-0.083
NP_001326630.1,False,96.463,1.095,False,antimicrobial,96.127,1.1786,False,antimicrobial,96.38,1.0864,False,antimicrobial,NP_001326630.1 multidrug resistance-associated protein 6 [Arabidopsis thaliana],-0.336,-0.083
NP_199463.1,True,99.588,2.0913,True,NBS_LRR,99.795,2.1647,True,NBS_LRR,99.504,1.9831,True,NBS_LRR,NP_199463.1 Disease resistance protein (TIR-NBS-LRR class) family [Arabidopsis thaliana],0.207,-0.084
NP_179501.1,False,91.263,0.9889,False,antimicrobial,87.724,0.8721,False,antimicrobial,91.178,0.9803,False,antimicrobial,NP_179501.1 heavy metal atpase 4 [Arabidopsis thaliana],-3.539,-0.085
NP_001318247.1,False,91.263,0.9889,False,antimicrobial,87.724,0.8721,False,antimicrobial,91.178,0.9803,False,antimicrobial,NP_001318247.1 heavy metal atpase 4 [Arabidopsis thaliana],-3.539,-0.085
NP_001324425.1,False,91.263,0.9889,False,antimicrobial,87.724,0.8721,False,antimicrobial,91.178,0.9803,False,antimicrobial,NP_001324425.1 heavy metal atpase 4 [Arabidopsis thaliana],-3.539,-0.085
NP_191461.2,False,88.782,0.964,False,cell_death_HR,88.844,0.9653,False,cell_death_HR,88.695,0.96,False,cell_death_HR,NP_191461.2 ARM repeat superfamily protein [Arabidopsis thaliana],0.062,-0.087
NP_001322072.1,False,99.616,0.9956,True,defense_signaling,98.813,1.2126,False,antimicrobial,99.529,1.3551,True,antimicrobial,NP_001322072.1 DNA replication helicase [Arabidopsis thaliana],-0.803,-0.087
NP_001329430.1,False,95.534,1.1258,False,antimicrobial,95.331,1.149,False,antimicrobial,95.445,1.1172,False,antimicrobial,NP_001329430.1 ABC-2 and Plant PDR ABC-type transporter family protein [Arabidopsis thaliana],-0.203,-0.089
NP_187917.3,False,96.173,1.0782,False,antimicrobial,96.028,1.175,False,antimicrobial,96.084,1.0696,False,antimicrobial,NP_187917.3 multidrug resistance-associated protein 7 [Arabidopsis thaliana],-0.145,-0.089
NP_001319365.1,False,98.361,0.933,False,RLK_defense,98.652,0.9439,False,RLK_defense,98.272,0.9314,False,RLK_defense,NP_001319365.1 Di-glucose binding protein with Kinesin motor domain-containing protein [Arabidopsis thaliana],0.291,-0.089
NP_001189944.1,False,96.544,1.1244,False,antimicrobial,96.264,1.185,False,antimicrobial,96.453,1.1158,False,antimicrobial,NP_001189944.1 multidrug resistance-associated protein 6 [Arabidopsis thaliana],-0.28,-0.091
NP_001319970.1,True,99.579,2.0846,True,NBS_LRR,99.608,2.0563,True,NBS_LRR,99.488,1.9663,True,NBS_LRR,NP_001319970.1 TIR-NBS-LRR class disease resistance protein [Arabidopsis thaliana],0.029,-0.091
NP_187629.3,False,88.365,0.7895,False,antimicrobial,85.751,0.6987,False,defense_signaling,88.273,0.7808,False,antimicrobial,NP_187629.3 P-loop containing nucleoside triphosphate hydrolases superfamily protein [Arabidopsis thaliana],-2.614,-0.092
NP_181265.1,False,96.966,1.2162,False,antimicrobial,96.824,1.2094,False,antimicrobial,96.873,1.2076,False,antimicrobial,NP_181265.1 pleiotropic drug resistance 5 [Arabidopsis thaliana],-0.142,-0.093
NP_001325069.1,False,96.966,1.2162,False,antimicrobial,96.455,1.1931,False,antimicrobial,96.873,1.2076,False,antimicrobial,NP_001325069.1 pleiotropic drug resistance 5 [Arabidopsis thaliana],-0.511,-0.093
NP_179803.4,False,92.233,0.853,False,RLK_defense,89.906,0.8643,False,antimicrobial,92.138,0.9073,False,antimicrobial,NP_179803.4 binding protein [Arabidopsis thaliana],-2.327,-0.095
NP_195027.1,False,97.22,1.2266,False,antimicrobial,97.034,1.2181,False,antimicrobial,97.125,1.218,False,antimicrobial,NP_195027.1 glycine decarboxylase P-protein 1 [Arabidopsis thaliana],-0.186,-0.095
NP_176191.1,True,98.562,1.3689,False,cell_death_HR,98.314,1.348,False,cell_death_HR,98.467,1.3612,False,cell_death_HR,NP_176191.1 aminophospholipid ATPase 3 [Arabidopsis thaliana],-0.248,-0.095
NP_001325687.1,False,97.475,1.0792,False,antimicrobial,98.685,1.0888,False,antimicrobial,97.38,1.0705,False,antimicrobial,NP_001325687.1 binding protein [Arabidopsis thaliana],1.21,-0.095
NP_001330633.1,False,18.572,-0.487,False,defense_signaling,18.535,-0.4851,False,defense_signaling,18.477,-0.4854,False,defense_signaling,NP_001330633.1 SCAR family protein 4 [Arabidopsis thaliana],-0.037,-0.095
NP_001330636.1,False,18.572,-0.487,False,defense_signaling,18.535,-0.4851,False,defense_signaling,18.477,-0.4854,False,defense_signaling,NP_001330636.1 SCAR family protein 4 [Arabidopsis thaliana],-0.037,-0.095
NP_001330637.1,False,18.572,-0.487,False,defense_signaling,18.535,-0.4851,False,defense_signaling,18.477,-0.4854,False,defense_signaling,NP_001330637.1 SCAR family protein 4 [Arabidopsis thaliana],-0.037,-0.095
NP_181013.1,False,96.952,1.2155,False,antimicrobial,97.632,1.2438,False,antimicrobial,96.856,1.207,False,antimicrobial,NP_181013.1 multidrug resistance-associated protein 2 [Arabidopsis thaliana],0.68,-0.096
NP_001189675.1,False,96.952,1.2155,False,antimicrobial,97.632,1.2438,False,antimicrobial,96.856,1.207,False,antimicrobial,NP_001189675.1 multidrug resistance-associated protein 2 [Arabidopsis thaliana],0.68,-0.096
NP_001322538.1,False,95.645,1.186,False,cell_death_HR,95.715,1.1915,False,cell_death_HR,95.548,1.1826,False,cell_death_HR,NP_001322538.1 glycosyl hydrolase family 10 protein / carbohydrate-binding domain-containing protein [Arabidopsis thaliana],0.07,-0.097
NP_194845.4,False,97.216,0.8928,False,defense_signaling,99.183,0.972,True,defense_signaling,97.119,0.8895,False,defense_signaling,NP_194845.4 DDB1-CUL4 associated factor 1 [Arabidopsis thaliana],1.967,-0.097
NP_001327662.1,False,11.573,-0.8818,False,defense_signaling,11.575,-0.879,False,defense_signaling,11.476,-0.8846,False,defense_signaling,NP_001327662.1 uncharacterized protein AT3G44690 [Arabidopsis thaliana],0.002,-0.097
NP_172476.1,False,95.645,1.186,False,cell_death_HR,95.715,1.1915,False,cell_death_HR,95.548,1.1826,False,cell_death_HR,NP_172476.1 glycosyl hydrolase family 10 protein / carbohydrate-binding domain-containing protein [Arabidopsis thaliana],0.07,-0.097
NP_564718.2,False,96.92,1.2134,False,antimicrobial,97.287,1.2289,False,antimicrobial,96.822,1.2049,False,antimicrobial,NP_564718.2 haloacid dehalogenase-like hydrolase family protein [Arabidopsis thaliana],0.367,-0.098
NP_680692.1,False,97.123,1.222,False,antimicrobial,97.206,1.2249,False,antimicrobial,97.025,1.2134,False,antimicrobial,NP_680692.1 pleiotropic drug resistance 13 [Arabidopsis thaliana],0.083,-0.098
NP_001185288.2,False,99.541,0.9895,True,defense_signaling,99.564,0.9948,True,defense_signaling,99.441,0.9835,True,defense_signaling,NP_001185288.2 phospholipase A I-like protein [Arabidopsis thaliana],0.023,-0.1
NP_001319289.1,False,99.541,0.9895,True,defense_signaling,99.531,0.9925,True,defense_signaling,99.441,0.9835,True,defense_signaling,NP_001319289.1 phospholipase A I-like protein [Arabidopsis thaliana],-0.01,-0.1
NP_188362.2,False,91.846,0.8376,False,RLK_defense,65.352,0.4623,False,defense_signaling,91.746,0.8356,False,RLK_defense,NP_188362.2 phragmoplast orienting kinesin 1 [Arabidopsis thaliana],-26.494,-0.1
NP_001322192.1,False,98.083,0.9153,False,defense_signaling,98.075,0.9176,False,defense_signaling,97.982,0.9132,False,defense_signaling,NP_001322192.1 P-loop nucleoside triphosphate hydrolases superfamily protein with CH (Calponin Homology) domain-containing protein [Arabidopsis thaliana],-0.008,-0.101
NP_001326372.1,False,91.729,0.784,False,defense_signaling,96.598,0.879,False,defense_signaling,91.628,0.8154,False,antimicrobial,NP_001326372.1 ARM repeat superfamily protein [Arabidopsis thaliana],4.869,-0.101
NP_001190320.1,False,94.076,0.8248,False,defense_signaling,93.995,0.8252,False,defense_signaling,93.974,0.8246,False,defense_signaling,NP_001190320.1 Vps51/Vps67 family (components of vesicular transport) protein [Arabidopsis thaliana],-0.081,-0.102
NP_001326629.1,False,96.59,1.1283,False,antimicrobial,96.374,1.1895,False,antimicrobial,96.488,1.1197,False,antimicrobial,NP_001326629.1 multidrug resistance-associated protein 6 [Arabidopsis thaliana],-0.216,-0.102
NP_190916.1,False,96.89,1.2124,False,antimicrobial,97.274,1.2274,False,antimicrobial,96.787,1.2038,False,antimicrobial,NP_190916.1 pleiotropic drug resistance 9 [Arabidopsis thaliana],0.384,-0.103
NP_197204.1,False,98.442,1.3587,False,cell_death_HR,97.907,1.32,False,cell_death_HR,98.338,1.351,False,cell_death_HR,NP_197204.1 exportin 1A [Arabidopsis thaliana],-0.535,-0.104
NP_001184913.1,False,98.148,1.3363,False,cell_death_HR,94.239,1.1145,False,antimicrobial,98.044,1.3285,False,cell_death_HR,NP_001184913.1 callose synthase 1 [Arabidopsis thaliana],-3.909,-0.104
NP_001329362.1,False,96.862,1.2112,False,antimicrobial,97.082,1.2192,False,antimicrobial,96.757,1.2027,False,antimicrobial,NP_001329362.1 pleiotropic drug resistance 13 [Arabidopsis thaliana],0.22,-0.105
NP_001329358.1,False,96.862,1.2112,False,antimicrobial,97.082,1.2192,False,antimicrobial,96.757,1.2027,False,antimicrobial,NP_001329358.1 pleiotropic drug resistance 13 [Arabidopsis thaliana],0.22,-0.105
NP_001329366.1,False,96.862,1.2112,False,antimicrobial,97.082,1.2192,False,antimicrobial,96.757,1.2027,False,antimicrobial,NP_001329366.1 pleiotropic drug resistance 13 [Arabidopsis thaliana],0.22,-0.105
NP_001329361.1,False,96.862,1.2112,False,antimicrobial,97.082,1.2192,False,antimicrobial,96.757,1.2027,False,antimicrobial,NP_001329361.1 pleiotropic drug resistance 13 [Arabidopsis thaliana],0.22,-0.105
NP_174461.3,False,98.076,1.332,False,cell_death_HR,97.02,1.254,False,cell_death_HR,97.97,1.3242,False,cell_death_HR,NP_174461.3 Formin Homology 14 [Arabidopsis thaliana],-1.056,-0.106
NP_197032.1,False,87.375,0.7611,False,NBS_LRR,85.459,0.7733,False,NBS_LRR,87.269,0.7914,False,NBS_LRR,NP_197032.1 Pentatricopeptide repeat (PPR) superfamily protein [Arabidopsis thaliana],-1.916,-0.106
NP_001321171.1,False,98.076,1.332,False,cell_death_HR,97.02,1.254,False,cell_death_HR,97.97,1.3242,False,cell_death_HR,NP_001321171.1 Formin Homology 14 [Arabidopsis thaliana],-1.056,-0.106
NP_001329003.1,False,99.39,0.9794,True,defense_signaling,99.278,0.9785,True,defense_signaling,99.284,0.9745,True,defense_signaling,NP_001329003.1 Sucrose-phosphate synthase family protein [Arabidopsis thaliana],-0.112,-0.106
NP_192750.2,False,99.39,0.9794,True,defense_signaling,99.278,0.9785,True,defense_signaling,99.284,0.9745,True,defense_signaling,NP_192750.2 Sucrose-phosphate synthase family protein [Arabidopsis thaliana],-0.112,-0.106
NP_001031609.1,False,99.39,0.9794,True,defense_signaling,99.278,0.9785,True,defense_signaling,99.284,0.9745,True,defense_signaling,NP_001031609.1 Sucrose-phosphate synthase family protein [Arabidopsis thaliana],-0.112,-0.106
NP_001319945.1,False,95.442,1.1291,False,antimicrobial,95.494,1.1562,False,antimicrobial,95.334,1.1205,False,antimicrobial,NP_001319945.1 ABC-2 and Plant PDR ABC-type transporter family protein [Arabidopsis thaliana],0.052,-0.108
NP_001190737.1,False,95.442,1.1291,False,antimicrobial,95.455,1.1544,False,antimicrobial,95.334,1.1205,False,antimicrobial,NP_001190737.1 ABC-2 and Plant PDR ABC-type transporter family protein [Arabidopsis thaliana],0.013,-0.108
NP_001326373.1,False,91.75,0.7842,False,defense_signaling,96.54,0.8775,False,defense_signaling,91.642,0.8154,False,antimicrobial,NP_001326373.1 ARM repeat superfamily protein [Arabidopsis thaliana],4.79,-0.108
NP_178053.4,False,99.513,1.0839,True,antimicrobial,99.268,0.9917,True,antimicrobial,99.403,1.0753,True,antimicrobial,NP_178053.4 RING/FYVE/PHD zinc finger superfamily protein [Arabidopsis thaliana],-0.245,-0.11
NP_001327988.1,False,96.825,1.2097,False,antimicrobial,96.999,1.2168,False,antimicrobial,96.715,1.2012,False,antimicrobial,NP_001327988.1 autoinhibited Ca(2+)-ATPase 10 [Arabidopsis thaliana],0.174,-0.11
NP_001323730.1,False,98.291,1.3455,False,cell_death_HR,94.54,1.1224,False,antimicrobial,98.181,1.3378,False,cell_death_HR,NP_001323730.1 glucan synthase-like 3 [Arabidopsis thaliana],-3.751,-0.11
NP_171908.1,False,94.637,1.0974,False,antimicrobial,97.063,1.2188,False,antimicrobial,94.527,1.0888,False,antimicrobial,NP_171908.1 multidrug resistance-associated protein 5 [Arabidopsis thaliana],2.426,-0.11
NP_001184906.1,False,94.637,1.0974,False,antimicrobial,96.868,1.2116,False,antimicrobial,94.527,1.0888,False,antimicrobial,NP_001184906.1 multidrug resistance-associated protein 5 [Arabidopsis thaliana],2.231,-0.11
NP_194719.1,False,96.825,1.2097,False,antimicrobial,96.999,1.2168,False,antimicrobial,96.715,1.2012,False,antimicrobial,NP_194719.1 autoinhibited Ca(2+)-ATPase 10 [Arabidopsis thaliana],0.174,-0.11
NP_565963.2,True,98.353,1.3489,False,cell_death_HR,98.409,1.3582,False,cell_death_HR,98.243,1.3411,False,cell_death_HR,NP_565963.2 phospholipase D beta 1 [Arabidopsis thaliana],0.056,-0.11
NP_172932.1,True,98.365,1.3497,False,cell_death_HR,97.793,1.3107,False,cell_death_HR,98.255,1.3419,False,cell_death_HR,NP_172932.1 RNA-dependent RNA polymerase 1 [Arabidopsis thaliana],-0.572,-0.11
NP_188302.2,False,97.469,1.2827,False,cell_death_HR,97.069,1.2572,False,cell_death_HR,97.357,1.2748,False,cell_death_HR,NP_188302.2 phospholipase D P1 [Arabidopsis thaliana],-0.4,-0.112
NP_197299.1,False,97.542,1.2896,False,cell_death_HR,97.063,1.257,False,cell_death_HR,97.43,1.2817,False,cell_death_HR,NP_197299.1 C2 calcium/lipid-binding plant phosphoribosyltransferase family protein [Arabidopsis thaliana],-0.479,-0.112
NP_001329357.1,False,96.776,1.2082,False,antimicrobial,96.965,1.2154,False,antimicrobial,96.664,1.1996,False,antimicrobial,NP_001329357.1 pleiotropic drug resistance 13 [Arabidopsis thaliana],0.189,-0.112
NP_001330119.1,False,92.566,0.92,False,NBS_LRR,92.767,0.9147,False,NBS_LRR,92.451,0.9634,False,NBS_LRR,NP_001330119.1 PHD finger transcription factor [Arabidopsis thaliana],0.201,-0.115
NP_001324696.1,False,97.675,1.2998,False,cell_death_HR,97.973,1.3245,False,cell_death_HR,97.558,1.292,False,cell_death_HR,NP_001324696.1 phospholipase D beta 1 [Arabidopsis thaliana],0.298,-0.117
NP_001322805.1,False,97.767,1.308,False,cell_death_HR,89.734,0.989,False,cell_death_HR,97.649,1.3001,False,cell_death_HR,NP_001322805.1 RAD3-like DNA-binding helicase protein [Arabidopsis thaliana],-8.033,-0.118
NP_173495.5,False,97.767,1.308,False,cell_death_HR,93.555,1.1023,False,cell_death_HR,97.649,1.3001,False,cell_death_HR,NP_173495.5 RAD3-like DNA-binding helicase protein [Arabidopsis thaliana],-4.212,-0.118
NP_001328019.1,True,99.698,2.1759,True,NBS_LRR,99.741,2.1334,True,NBS_LRR,99.578,2.0484,True,NBS_LRR,NP_001328019.1 Disease resistance protein (TIR-NBS-LRR class) family [Arabidopsis thaliana],0.043,-0.12
NP_193428.2,True,99.698,2.1759,True,NBS_LRR,99.778,2.1549,True,NBS_LRR,99.578,2.0484,True,NBS_LRR,NP_193428.2 Disease resistance protein (TIR-NBS-LRR class) family [Arabidopsis thaliana],0.08,-0.12
NP_001328022.1,True,99.698,2.1759,True,NBS_LRR,99.782,2.157,True,NBS_LRR,99.578,2.0484,True,NBS_LRR,NP_001328022.1 Disease resistance protein (TIR-NBS-LRR class) family [Arabidopsis thaliana],0.084,-0.12
NP_849398.1,True,99.698,2.1759,True,NBS_LRR,99.784,2.1597,True,NBS_LRR,99.578,2.0484,True,NBS_LRR,NP_849398.1 Disease resistance protein (TIR-NBS-LRR class) family [Arabidopsis thaliana],0.086,-0.12
NP_180555.2,False,96.347,1.189,False,antimicrobial,97.11,1.2201,False,antimicrobial,96.227,1.1804,False,antimicrobial,NP_180555.2 pleiotropic drug resistance 3 [Arabidopsis thaliana],0.763,-0.12
NP_195281.2,False,98.917,0.9498,False,defense_signaling,98.784,0.9487,False,defense_signaling,98.797,0.9453,False,defense_signaling,NP_195281.2 Transducin/WD40 repeat-like superfamily protein [Arabidopsis thaliana],-0.133,-0.12
NP_193348.1,False,98.26,1.2181,False,antimicrobial,98.208,1.24,False,antimicrobial,98.139,1.256,False,antimicrobial,NP_193348.1 arabinose kinase [Arabidopsis thaliana],-0.052,-0.121
NP_179595.5,False,97.384,1.2761,False,cell_death_HR,97.21,1.2658,False,cell_death_HR,97.262,1.2682,False,cell_death_HR,NP_179595.5 protein phosphatase 2C and cyclic nucleotide-binding/kinase domain-containing protein [Arabidopsis thaliana],-0.174,-0.122
NP_001189557.1,False,97.446,1.2805,False,cell_death_HR,97.278,1.2701,False,cell_death_HR,97.324,1.2726,False,cell_death_HR,NP_001189557.1 protein phosphatase 2C and cyclic nucleotide-binding/kinase domain-containing protein [Arabidopsis thaliana],-0.168,-0.122
NP_851003.2,False,99.295,1.0651,True,antimicrobial,99.323,1.0085,True,antimicrobial,99.172,1.0565,True,antimicrobial,NP_851003.2 WUS-interacting protein 2 [Arabidopsis thaliana],0.028,-0.123
NP_198969.1,True,99.324,1.7907,True,NBS_LRR,99.154,1.6831,True,NBS_LRR,99.201,1.7037,True,NBS_LRR,NP_198969.1 Disease resistance protein (TIR-NBS-LRR class) family [Arabidopsis thaliana],-0.17,-0.123
NP_850576.1,False,79.811,0.6262,False,defense_signaling,82.299,0.6544,False,defense_signaling,79.688,0.6862,False,cell_death_HR,NP_850576.1 Transducin/WD40 repeat-like superfamily protein [Arabidopsis thaliana],2.488,-0.123
NP_001327911.1,False,99.268,0.971,True,defense_signaling,99.494,0.9908,True,defense_signaling,99.145,0.9649,True,defense_signaling,NP_001327911.1 chromatin remodeling 38 [Arabidopsis thaliana],0.226,-0.123
NP_001325883.1,False,99.295,1.0651,True,antimicrobial,99.323,1.0085,True,antimicrobial,99.172,1.0565,True,antimicrobial,NP_001325883.1 WUS-interacting protein 2 [Arabidopsis thaliana],0.028,-0.123
NP_001189905.1,False,99.27,1.0564,True,antimicrobial,99.336,0.9996,True,antimicrobial,99.147,1.0478,True,antimicrobial,NP_001189905.1 WUS-interacting protein 2 [Arabidopsis thaliana],0.066,-0.123
NP_188209.3,False,99.295,1.0651,True,antimicrobial,99.328,1.0046,True,antimicrobial,99.172,1.0565,True,antimicrobial,NP_188209.3 WUS-interacting protein 2 [Arabidopsis thaliana],0.033,-0.123
NP_180178.1,False,96.71,1.2044,False,antimicrobial,96.449,1.1928,False,antimicrobial,96.586,1.1958,False,antimicrobial,NP_180178.1 glycine decarboxylase P-protein 2 [Arabidopsis thaliana],-0.261,-0.124
NP_188762.3,False,96.218,1.0959,False,antimicrobial,96.067,1.1758,False,antimicrobial,96.094,1.0873,False,antimicrobial,NP_188762.3 multidrug resistance-associated protein 6 [Arabidopsis thaliana],-0.151,-0.124
NP_001326709.1,False,97.303,1.2722,False,cell_death_HR,95.814,1.1955,False,cell_death_HR,97.179,1.2643,False,cell_death_HR,NP_001326709.1 phospholipase D P1 [Arabidopsis thaliana],-1.489,-0.124
NP_001327769.1,False,96.245,1.069,False,antimicrobial,95.196,1.1369,False,antimicrobial,96.121,1.0604,False,antimicrobial,NP_001327769.1 multidrug resistance-associated protein 9 [Arabidopsis thaliana],-1.049,-0.124
NP_194913.1,False,92.904,0.9652,False,NBS_LRR,91.939,0.9081,False,NBS_LRR,92.779,0.941,False,NBS_LRR,NP_194913.1 proton gradient regulation 3 [Arabidopsis thaliana],-0.965,-0.125
NP_001319111.1,False,96.243,1.1837,False,antimicrobial,95.407,1.1517,False,antimicrobial,96.117,1.1751,False,antimicrobial,NP_001319111.1 multidrug resistance-associated protein 13 [Arabidopsis thaliana],-0.836,-0.126
NP_001325070.1,False,96.268,1.1851,False,antimicrobial,95.625,1.1623,False,antimicrobial,96.142,1.1766,False,antimicrobial,NP_001325070.1 pleiotropic drug resistance 5 [Arabidopsis thaliana],-0.643,-0.126
NP_180259.1,False,96.272,1.1854,False,antimicrobial,96.469,1.1939,False,antimicrobial,96.146,1.1769,False,antimicrobial,NP_180259.1 pleiotropic drug resistance 4 [Arabidopsis thaliana],0.197,-0.126
NP_176867.2,False,96.295,1.1867,False,antimicrobial,96.901,1.2128,False,antimicrobial,96.169,1.1781,False,antimicrobial,NP_176867.2 pleiotropic drug resistance 11 [Arabidopsis thaliana],0.606,-0.126
NP_001325246.1,False,96.434,1.1923,False,antimicrobial,96.401,1.1907,False,antimicrobial,96.308,1.1838,False,antimicrobial,NP_001325246.1 DEA(D/H)-box RNA helicase family protein [Arabidopsis thaliana],-0.033,-0.126
NP_849913.2,False,99.124,1.1224,True,antimicrobial,99.358,1.0311,True,antimicrobial,98.997,1.1139,False,antimicrobial,NP_849913.2 TOPLESS-related 1 [Arabidopsis thaliana],0.234,-0.127
NP_198055.3,False,99.241,1.112,True,antimicrobial,99.216,1.0587,True,antimicrobial,99.114,1.1034,True,antimicrobial,NP_198055.3 TOPLESS-related 3 [Arabidopsis thaliana],-0.025,-0.127
NP_001319429.1,False,99.124,1.1224,True,antimicrobial,99.358,1.0311,True,antimicrobial,98.997,1.1139,False,antimicrobial,NP_001319429.1 TOPLESS-related 1 [Arabidopsis thaliana],0.234,-0.127
NP_001329036.1,True,99.739,2.1867,True,NBS_LRR,99.743,2.1345,True,NBS_LRR,99.612,2.0684,True,NBS_LRR,NP_001329036.1 Disease resistance protein (TIR-NBS-LRR class) family [Arabidopsis thaliana],0.004,-0.127
NP_001329039.1,True,99.739,2.1867,True,NBS_LRR,99.721,2.1278,True,NBS_LRR,99.612,2.0684,True,NBS_LRR,NP_001329039.1 Disease resistance protein (TIR-NBS-LRR class) family [Arabidopsis thaliana],-0.018,-0.127
NP_001329037.1,True,99.739,2.1867,True,NBS_LRR,99.729,2.1308,True,NBS_LRR,99.612,2.0684,True,NBS_LRR,NP_001329037.1 Disease resistance protein (TIR-NBS-LRR class) family [Arabidopsis thaliana],-0.01,-0.127
NP_001329038.1,True,99.739,2.1867,True,NBS_LRR,99.746,2.1355,True,NBS_LRR,99.612,2.0684,True,NBS_LRR,NP_001329038.1 Disease resistance protein (TIR-NBS-LRR class) family [Arabidopsis thaliana],0.007,-0.127
NP_001329040.1,True,99.739,2.1867,True,NBS_LRR,99.721,2.1278,True,NBS_LRR,99.612,2.0684,True,NBS_LRR,NP_001329040.1 Disease resistance protein (TIR-NBS-LRR class) family [Arabidopsis thaliana],-0.018,-0.127
NP_001329041.1,True,99.739,2.1867,True,NBS_LRR,99.726,2.1306,True,NBS_LRR,99.612,2.0684,True,NBS_LRR,NP_001329041.1 Disease resistance protein (TIR-NBS-LRR class) family [Arabidopsis thaliana],-0.013,-0.127
NP_001329042.1,True,99.739,2.1867,True,NBS_LRR,99.746,2.1355,True,NBS_LRR,99.612,2.0684,True,NBS_LRR,NP_001329042.1 Disease resistance protein (TIR-NBS-LRR class) family [Arabidopsis thaliana],0.007,-0.127
NP_001329043.1,True,99.739,2.1867,True,NBS_LRR,99.729,2.1308,True,NBS_LRR,99.612,2.0684,True,NBS_LRR,NP_001329043.1 Disease resistance protein (TIR-NBS-LRR class) family [Arabidopsis thaliana],-0.01,-0.127
NP_193425.1,True,99.739,2.1867,True,NBS_LRR,99.732,2.1316,True,NBS_LRR,99.612,2.0684,True,NBS_LRR,NP_193425.1 Disease resistance protein (TIR-NBS-LRR class) family [Arabidopsis thaliana],-0.007,-0.127
NP_197542.1,False,99.415,0.9807,True,defense_signaling,99.699,1.0074,True,defense_signaling,99.288,0.9746,True,defense_signaling,NP_197542.1 chromatin remodeling 42 [Arabidopsis thaliana],0.284,-0.127
NP_179502.1,False,99.226,0.9674,True,defense_signaling,99.033,0.9638,True,defense_signaling,99.098,0.9613,True,defense_signaling,NP_179502.1 P-loop containing nucleoside triphosphate hydrolases superfamily protein [Arabidopsis thaliana],-0.193,-0.128
NP_189853.1,False,99.365,0.977,True,defense_signaling,99.542,0.9929,True,defense_signaling,99.237,0.9709,True,defense_signaling,NP_189853.1 chromatin remodeling 38 [Arabidopsis thaliana],0.177,-0.128
NP_001327912.1,False,99.365,0.977,True,defense_signaling,99.542,0.9929,True,defense_signaling,99.237,0.9709,True,defense_signaling,NP_001327912.1 chromatin remodeling 38 [Arabidopsis thaliana],0.177,-0.128
NP_001327910.1,False,99.365,0.977,True,defense_signaling,99.542,0.9929,True,defense_signaling,99.237,0.9709,True,defense_signaling,NP_001327910.1 chromatin remodeling 38 [Arabidopsis thaliana],0.177,-0.128
NP_001329365.1,False,96.542,1.1983,False,antimicrobial,96.855,1.2108,False,antimicrobial,96.413,1.1897,False,antimicrobial,NP_001329365.1 pleiotropic drug resistance 13 [Arabidopsis thaliana],0.313,-0.129
NP_001329360.1,False,96.542,1.1983,False,antimicrobial,96.855,1.2108,False,antimicrobial,96.413,1.1897,False,antimicrobial,NP_001329360.1 pleiotropic drug resistance 13 [Arabidopsis thaliana],0.313,-0.129
NP_001329364.1,False,96.542,1.1983,False,antimicrobial,96.855,1.2108,False,antimicrobial,96.413,1.1897,False,antimicrobial,NP_001329364.1 pleiotropic drug resistance 13 [Arabidopsis thaliana],0.313,-0.129
NP_001320899.1,False,99.216,0.9671,True,defense_signaling,99.434,0.9871,True,defense_signaling,99.087,0.961,True,defense_signaling,NP_001320899.1 transcription factor jumonji (jmjC) domain-containing protein [Arabidopsis thaliana],0.218,-0.129
NP_001329363.1,False,96.542,1.1983,False,antimicrobial,96.855,1.2108,False,antimicrobial,96.413,1.1897,False,antimicrobial,NP_001329363.1 pleiotropic drug resistance 13 [Arabidopsis thaliana],0.313,-0.129
NP_194494.2,False,85.635,0.8919,False,cell_death_HR,85.755,0.8945,False,cell_death_HR,85.506,0.8871,False,cell_death_HR,NP_194494.2 ARM repeat superfamily protein [Arabidopsis thaliana],0.12,-0.129
NP_001190409.1,False,99.22,1.0561,True,antimicrobial,99.096,1.0064,True,antimicrobial,99.091,1.0475,True,antimicrobial,NP_001190409.1 TOPLESS-related 3 [Arabidopsis thaliana],-0.124,-0.129
NP_001329359.1,False,96.542,1.1983,False,antimicrobial,96.855,1.2108,False,antimicrobial,96.413,1.1897,False,antimicrobial,NP_001329359.1 pleiotropic drug resistance 13 [Arabidopsis thaliana],0.313,-0.129
NP_001031050.1,False,99.169,1.1001,True,antimicrobial,98.887,1.043,False,antimicrobial,99.039,1.0915,True,antimicrobial,NP_001031050.1 Transducin family protein / WD-40 repeat family protein [Arabidopsis thaliana],-0.282,-0.13
NP_001320901.1,False,99.145,0.9631,True,defense_signaling,99.376,0.9832,True,defense_signaling,99.015,0.957,True,defense_signaling,NP_001320901.1 transcription factor jumonji (jmjC) domain-containing protein [Arabidopsis thaliana],0.231,-0.13
NP_001031051.1,False,99.169,1.1001,True,antimicrobial,98.887,1.043,False,antimicrobial,99.039,1.0915,True,antimicrobial,NP_001031051.1 Transducin family protein / WD-40 repeat family protein [Arabidopsis thaliana],-0.282,-0.13
NP_849672.1,False,99.169,1.1001,True,antimicrobial,98.887,1.043,False,antimicrobial,99.039,1.0915,True,antimicrobial,NP_849672.1 Transducin family protein / WD-40 repeat family protein [Arabidopsis thaliana],-0.282,-0.13
NP_563981.1,False,99.169,1.1001,True,antimicrobial,98.887,1.043,False,antimicrobial,99.039,1.0915,True,antimicrobial,NP_563981.1 Transducin family protein / WD-40 repeat family protein [Arabidopsis thaliana],-0.282,-0.13
NP_195462.3,True,99.152,0.9636,True,defense_signaling,98.751,0.9471,False,defense_signaling,99.021,0.9575,True,defense_signaling,NP_195462.3 Tetratricopeptide repeat (TPR)-like superfamily protein [Arabidopsis thaliana],-0.401,-0.131
NP_178164.3,False,99.164,1.1282,True,antimicrobial,99.344,1.0417,True,antimicrobial,99.033,1.1196,True,antimicrobial,NP_178164.3 TOPLESS-related 1 [Arabidopsis thaliana],0.18,-0.131
NP_001318662.1,False,79.94,0.6277,False,defense_signaling,80.422,0.6318,False,defense_signaling,79.808,0.6238,False,defense_signaling,NP_001318662.1 DNAJ heat shock N-terminal domain-containing protein [Arabidopsis thaliana],0.482,-0.132
NP_001332746.1,False,79.94,0.6277,False,defense_signaling,80.422,0.6318,False,defense_signaling,79.808,0.6238,False,defense_signaling,NP_001332746.1 DNAJ heat shock N-terminal domain-containing protein [Arabidopsis thaliana],0.482,-0.132
NP_201396.4,False,99.093,0.9596,True,defense_signaling,99.077,0.9656,True,defense_signaling,98.961,0.9535,False,defense_signaling,NP_201396.4 trafficking protein particle complex subunit-like protein [Arabidopsis thaliana],-0.016,-0.132
NP_198076.1,False,79.94,0.6277,False,defense_signaling,80.422,0.6318,False,defense_signaling,79.808,0.6238,False,defense_signaling,NP_198076.1 DNAJ heat shock N-terminal domain-containing protein [Arabidopsis thaliana],0.482,-0.132
NP_001189826.1,False,96.151,1.0358,False,antimicrobial,96.14,1.0374,False,antimicrobial,96.019,1.0344,False,antimicrobial,NP_001189826.1 chromatin-remodeling protein 11 [Arabidopsis thaliana],-0.011,-0.132
NP_197371.2,False,99.089,0.9594,True,defense_signaling,96.834,0.8835,False,defense_signaling,98.957,0.9533,False,defense_signaling,NP_197371.2 kinase family with ARM repeat domain-containing protein [Arabidopsis thaliana],-2.255,-0.132
NP_001322748.1,False,99.113,0.9608,True,defense_signaling,96.154,0.8685,False,defense_signaling,98.98,1.2048,False,antimicrobial,NP_001322748.1 midasin-like protein [Arabidopsis thaliana],-2.959,-0.133
NP_176883.5,False,99.113,0.9608,True,defense_signaling,96.065,0.8666,False,defense_signaling,98.98,1.2048,False,antimicrobial,NP_176883.5 midasin-like protein [Arabidopsis thaliana],-3.048,-0.133
NP_196564.1,False,98.399,1.4672,False,RLK_defense,98.191,1.4364,False,RLK_defense,98.264,1.4486,False,RLK_defense,NP_196564.1 Leucine-rich receptor-like protein kinase family protein [Arabidopsis thaliana],-0.208,-0.135
NP_568532.1,False,96.306,0.8713,False,defense_signaling,95.577,0.9633,False,RLK_defense,96.171,1.0595,False,antimicrobial,NP_568532.1 histidine kinase 2 [Arabidopsis thaliana],-0.729,-0.135
NP_193097.1,False,99.056,0.9577,True,defense_signaling,99.689,1.0068,True,defense_signaling,98.919,1.1389,False,antimicrobial,NP_193097.1 DNA (cytosine-5-)-methyltransferase family protein [Arabidopsis thaliana],0.633,-0.137
NP_201200.2,False,99.071,0.9585,True,defense_signaling,98.83,0.9511,False,defense_signaling,98.934,0.9525,False,defense_signaling,NP_201200.2 chromatin remodeling 24 [Arabidopsis thaliana],-0.241,-0.137
NP_001327617.1,True,96.009,1.1753,False,antimicrobial,96.055,1.1756,False,antimicrobial,95.87,1.1668,False,antimicrobial,NP_001327617.1 RNA-dependent RNA polymerase 6 [Arabidopsis thaliana],0.046,-0.139
NP_001327618.1,True,96.009,1.1753,False,antimicrobial,96.055,1.1756,False,antimicrobial,95.87,1.1668,False,antimicrobial,NP_001327618.1 RNA-dependent RNA polymerase 6 [Arabidopsis thaliana],0.046,-0.139
NP_190519.1,True,96.009,1.1753,False,antimicrobial,96.055,1.1756,False,antimicrobial,95.87,1.1668,False,antimicrobial,NP_190519.1 RNA-dependent RNA polymerase 6 [Arabidopsis thaliana],0.046,-0.139
NP_001328558.1,False,98.193,0.9188,False,defense_signaling,98.382,0.9305,False,defense_signaling,98.054,0.9156,False,defense_signaling,NP_001328558.1 P-loop containing nucleoside triphosphate hydrolases superfamily protein [Arabidopsis thaliana],0.189,-0.139
NP_198433.1,False,95.918,1.1728,False,antimicrobial,95.723,1.1666,False,antimicrobial,95.779,1.1642,False,antimicrobial,NP_198433.1 phytochrome C [Arabidopsis thaliana],-0.195,-0.139
NP_001327619.1,True,96.009,1.1753,False,antimicrobial,96.055,1.1756,False,antimicrobial,95.87,1.1668,False,antimicrobial,NP_001327619.1 RNA-dependent RNA polymerase 6 [Arabidopsis thaliana],0.046,-0.139
NP_001327620.1,True,96.009,1.1753,False,antimicrobial,96.055,1.1756,False,antimicrobial,95.87,1.1668,False,antimicrobial,NP_001327620.1 RNA-dependent RNA polymerase 6 [Arabidopsis thaliana],0.046,-0.139
NP_001190006.1,True,96.07,1.1772,False,antimicrobial,94.609,1.1416,False,cell_death_HR,95.931,1.1802,False,cell_death_HR,NP_001190006.1 HOPM interactor 7 [Arabidopsis thaliana],-1.461,-0.139
NP_001031526.1,False,99.044,1.003,True,RLK_defense,98.235,0.9335,False,antimicrobial,98.903,0.9942,False,RLK_defense,NP_001031526.1 ATP-binding cassette A1 [Arabidopsis thaliana],-0.809,-0.141
NP_001328406.1,False,96.978,1.2526,False,cell_death_HR,95.934,1.2011,False,cell_death_HR,96.834,1.2446,False,cell_death_HR,NP_001328406.1 SEC7-like guanine nucleotide exchange family protein [Arabidopsis thaliana],-1.044,-0.144
NP_001328521.1,False,96.287,0.8705,False,defense_signaling,98.085,0.918,False,defense_signaling,96.14,0.8683,False,defense_signaling,NP_001328521.1 fanconi anemia group D2 protein [Arabidopsis thaliana],1.798,-0.147
NP_001332133.1,False,99.017,0.9557,True,defense_signaling,98.774,0.9479,False,defense_signaling,98.867,0.9497,False,defense_signaling,NP_001332133.1 chromatin remodeling 24 [Arabidopsis thaliana],-0.243,-0.15
NP_001332566.1,False,89.265,0.7776,False,RLK_defense,87.701,0.7252,False,defense_signaling,89.114,0.7739,False,RLK_defense,NP_001332566.1 ARM repeat superfamily protein [Arabidopsis thaliana],-1.564,-0.151
NP_191473.2,False,96.069,1.0316,False,antimicrobial,93.866,1.0929,False,antimicrobial,95.918,1.023,False,antimicrobial,NP_191473.2 multidrug resistance-associated protein 14 [Arabidopsis thaliana],-2.203,-0.151
NP_001190450.1,False,98.969,0.9525,False,defense_signaling,98.733,0.9464,False,defense_signaling,98.818,0.9464,False,defense_signaling,NP_001190450.1 exoribonuclease 2 [Arabidopsis thaliana],-0.236,-0.151
NP_181179.2,False,95.785,1.1679,False,antimicrobial,96.26,1.1849,False,antimicrobial,95.633,1.1593,False,antimicrobial,NP_181179.2 pleiotropic drug resistance 6 [Arabidopsis thaliana],0.475,-0.152
NP_001326710.1,False,96.638,1.234,False,cell_death_HR,96.031,1.2052,False,cell_death_HR,96.485,1.226,False,cell_death_HR,NP_001326710.1 phospholipase D P1 [Arabidopsis thaliana],-0.607,-0.153
NP_172973.1,False,95.656,1.1622,False,antimicrobial,96.293,1.1861,False,antimicrobial,95.503,1.1536,False,antimicrobial,NP_172973.1 pleiotropic drug resistance 7 [Arabidopsis thaliana],0.637,-0.153
NP_001326711.1,False,96.638,1.234,False,cell_death_HR,96.031,1.2052,False,cell_death_HR,96.485,1.226,False,cell_death_HR,NP_001326711.1 phospholipase D P1 [Arabidopsis thaliana],-0.607,-0.153
NP_175298.2,False,98.983,1.1357,False,antimicrobial,98.266,1.1857,False,antimicrobial,98.829,1.2075,False,antimicrobial,NP_175298.2 DEA(D/H)-box RNA helicase family protein [Arabidopsis thaliana],-0.717,-0.154
NP_001154411.1,False,98.983,1.1357,False,antimicrobial,98.199,1.185,False,antimicrobial,98.829,1.2023,False,antimicrobial,NP_001154411.1 DEA(D/H)-box RNA helicase family protein [Arabidopsis thaliana],-0.784,-0.154
NP_001185337.1,False,90.367,0.8487,False,antimicrobial,94.453,0.8333,False,defense_signaling,90.213,0.8401,False,antimicrobial,NP_001185337.1 HEAT repeat-containing protein [Arabidopsis thaliana],4.086,-0.154
NP_001328559.1,False,99.011,0.955,True,defense_signaling,99.075,0.9911,True,NBS_LRR,98.857,1.0278,False,NBS_LRR,NP_001328559.1 P-loop containing nucleoside triphosphate hydrolases superfamily protein [Arabidopsis thaliana],0.064,-0.154
NP_001189798.1,False,95.607,1.1602,False,antimicrobial,95.035,1.1406,False,antimicrobial,95.452,1.1517,False,antimicrobial,NP_001189798.1 dicer-like 2 [Arabidopsis thaliana],-0.572,-0.155
NP_566199.4,False,95.607,1.1602,False,antimicrobial,95.035,1.1406,False,antimicrobial,95.452,1.1517,False,antimicrobial,NP_566199.4 dicer-like 2 [Arabidopsis thaliana],-0.572,-0.155
NP_001323124.1,False,95.734,1.1656,False,antimicrobial,94.839,1.1338,False,antimicrobial,95.578,1.1571,False,antimicrobial,NP_001323124.1 multidrug resistance-associated protein 13 [Arabidopsis thaliana],-0.895,-0.156
NP_850763.1,False,98.994,0.9538,False,defense_signaling,94.194,1.107,False,antimicrobial,98.838,1.1688,False,antimicrobial,NP_850763.1 glutamate synthase 1 [Arabidopsis thaliana],-4.8,-0.156
NP_001323126.1,False,95.734,1.1656,False,antimicrobial,94.839,1.1338,False,antimicrobial,95.578,1.1571,False,antimicrobial,NP_001323126.1 multidrug resistance-associated protein 13 [Arabidopsis thaliana],-0.895,-0.156
NP_001323127.1,False,95.734,1.1656,False,antimicrobial,93.013,1.0769,False,antimicrobial,95.578,1.1571,False,antimicrobial,NP_001323127.1 multidrug resistance-associated protein 13 [Arabidopsis thaliana],-2.721,-0.156
NP_001323123.1,False,95.734,1.1656,False,antimicrobial,94.839,1.1338,False,antimicrobial,95.578,1.1571,False,antimicrobial,NP_001323123.1 multidrug resistance-associated protein 13 [Arabidopsis thaliana],-0.895,-0.156
NP_196549.1,False,98.952,0.9514,False,defense_signaling,98.515,0.955,False,antimicrobial,98.795,0.9525,False,antimicrobial,NP_196549.1 cellulose synthase 5 [Arabidopsis thaliana],-0.437,-0.157
NP_001321245.1,False,95.709,1.164,False,antimicrobial,94.555,1.1228,False,antimicrobial,95.551,1.1554,False,antimicrobial,NP_001321245.1 multidrug resistance-associated protein 12 [Arabidopsis thaliana],-1.154,-0.158
NP_850575.1,False,95.669,0.9886,False,NBS_LRR,95.978,1.11,False,antimicrobial,95.511,0.99,False,antimicrobial,NP_850575.1 multidrug resistance-associated protein 3 [Arabidopsis thaliana],0.309,-0.158
NP_001319112.1,False,95.709,1.164,False,antimicrobial,94.961,1.1381,False,antimicrobial,95.551,1.1554,False,antimicrobial,NP_001319112.1 multidrug resistance-associated protein 12 [Arabidopsis thaliana],-0.748,-0.158
NP_974300.1,False,95.669,0.9886,False,NBS_LRR,94.715,0.9967,False,antimicrobial,95.511,1.0,False,antimicrobial,NP_974300.1 multidrug resistance-associated protein 3 [Arabidopsis thaliana],-0.954,-0.158
NP_187915.1,False,95.669,0.9886,False,NBS_LRR,95.913,1.1024,False,antimicrobial,95.511,0.9598,False,RLK_defense,NP_187915.1 multidrug resistance-associated protein 3 [Arabidopsis thaliana],0.244,-0.158
NP_001327928.1,False,95.669,0.9886,False,NBS_LRR,95.847,1.0894,False,antimicrobial,95.511,0.9598,False,RLK_defense,NP_001327928.1 multidrug resistance-associated protein 3 [Arabidopsis thaliana],0.178,-0.158
NP_974299.1,False,95.669,0.9886,False,NBS_LRR,94.715,0.9967,False,antimicrobial,95.511,1.0,False,antimicrobial,NP_974299.1 multidrug resistance-associated protein 3 [Arabidopsis thaliana],-0.954,-0.158
NP_568851.2,False,96.471,1.2248,False,cell_death_HR,94.719,1.1462,False,cell_death_HR,96.312,1.2168,False,cell_death_HR,NP_568851.2 DNA ligase IV [Arabidopsis thaliana],-1.752,-0.159
NP_190055.2,False,11.175,-0.9112,False,defense_signaling,10.886,-0.9294,False,defense_signaling,11.013,-0.9184,False,defense_signaling,NP_190055.2 uncharacterized protein AT3G44690 [Arabidopsis thaliana],-0.289,-0.162
NP_197132.2,False,95.557,1.1578,False,antimicrobial,93.822,1.0839,False,antimicrobial,95.395,1.1492,False,antimicrobial,NP_197132.2 Tetratricopeptide repeat (TPR)-like superfamily protein [Arabidopsis thaliana],-1.735,-0.162
NP_187916.3,False,95.696,1.053,False,NBS_LRR,94.797,1.114,False,antimicrobial,95.534,1.0045,False,NBS_LRR,NP_187916.3 multidrug resistance-associated protein 8 [Arabidopsis thaliana],-0.899,-0.162
NP_001328801.1,False,95.426,1.1521,False,antimicrobial,95.351,1.1499,False,antimicrobial,95.264,1.1435,False,antimicrobial,NP_001328801.1 pleiotropic drug resistance 2 [Arabidopsis thaliana],-0.075,-0.162
NP_001318572.1,False,95.565,1.1583,False,antimicrobial,93.831,1.083,False,antimicrobial,95.403,1.1497,False,antimicrobial,NP_001318572.1 Tetratricopeptide repeat (TPR)-like superfamily protein [Arabidopsis thaliana],-1.734,-0.162
NP_001327908.1,False,11.548,-0.8839,False,defense_signaling,9.277,-1.0554,False,defense_signaling,11.386,-0.8912,False,defense_signaling,"NP_001327908.1 transmembrane protein, putative (DUF1216) [Arabidopsis thaliana]",-2.271,-0.162
NP_173005.1,True,95.271,1.1481,False,antimicrobial,95.986,1.1737,False,antimicrobial,95.108,1.1395,False,antimicrobial,NP_173005.1 pleiotropic drug resistance 12 [Arabidopsis thaliana],0.715,-0.163
NP_001323077.1,False,95.271,1.1481,False,antimicrobial,95.922,1.1722,False,antimicrobial,95.108,1.1395,False,antimicrobial,NP_001323077.1 pleiotropic drug resistance 12 [Arabidopsis thaliana],0.651,-0.163
NP_198766.1,False,98.91,1.0086,False,antimicrobial,97.315,1.065,False,antimicrobial,98.746,1.0456,False,antimicrobial,NP_198766.1 GNOM-like 1 [Arabidopsis thaliana],-1.595,-0.164
NP_001318705.1,False,98.91,1.0086,False,antimicrobial,97.315,1.065,False,antimicrobial,98.746,1.0456,False,antimicrobial,NP_001318705.1 GNOM-like 1 [Arabidopsis thaliana],-1.595,-0.164
NP_849538.2,True,99.006,1.5855,True,RLK_defense,98.803,1.5563,False,RLK_defense,98.842,1.5595,False,RLK_defense,NP_849538.2 Leucine-rich repeat receptor-like protein kinase family protein [Arabidopsis thaliana],-0.203,-0.164
NP_001329431.1,False,95.525,1.1557,False,antimicrobial,95.448,1.1541,False,antimicrobial,95.359,1.1471,False,antimicrobial,NP_001329431.1 ABC-2 and Plant PDR ABC-type transporter family protein [Arabidopsis thaliana],-0.077,-0.166
NP_001329434.1,False,95.525,1.1557,False,antimicrobial,95.448,1.1541,False,antimicrobial,95.359,1.1471,False,antimicrobial,NP_001329434.1 ABC-2 and Plant PDR ABC-type transporter family protein [Arabidopsis thaliana],-0.077,-0.166
NP_001078578.1,False,95.12,1.1435,False,antimicrobial,95.82,1.1694,False,antimicrobial,94.954,1.1349,False,antimicrobial,"NP_001078578.1 magnesium-chelatase subunit chlH, chloroplast, putative / Mg-protoporphyrin IX chelatase, putative (CHLH) [Arabidopsis thaliana]",0.7,-0.166
NP_196867.1,False,95.12,1.1435,False,antimicrobial,95.866,1.1706,False,antimicrobial,94.954,1.1349,False,antimicrobial,"NP_196867.1 magnesium-chelatase subunit chlH, chloroplast, putative / Mg-protoporphyrin IX chelatase, putative (CHLH) [Arabidopsis thaliana]",0.746,-0.166
NP_175745.4,False,98.693,0.9394,False,defense_signaling,98.343,0.9292,False,defense_signaling,98.525,0.9479,False,antimicrobial,NP_175745.4 P-loop containing nucleoside triphosphate hydrolases superfamily protein [Arabidopsis thaliana],-0.35,-0.168
NP_199804.1,False,95.08,1.1422,False,antimicrobial,94.575,1.1238,False,antimicrobial,94.912,1.1336,False,antimicrobial,NP_199804.1 zinc knuckle (CCHC-type) family protein [Arabidopsis thaliana],-0.505,-0.168
NP_001327307.1,False,98.183,0.9182,False,defense_signaling,98.378,0.9305,False,defense_signaling,98.015,0.9146,False,defense_signaling,NP_001327307.1 AP-5 complex subunit beta-like protein [Arabidopsis thaliana],0.195,-0.168
NP_001327764.1,False,86.506,0.9118,False,cell_death_HR,87.453,0.9337,False,cell_death_HR,86.337,0.9032,False,cell_death_HR,NP_001327764.1 P-loop containing nucleoside triphosphate hydrolases superfamily protein [Arabidopsis thaliana],0.947,-0.169
NP_001327762.1,False,86.506,0.9118,False,cell_death_HR,87.453,0.9337,False,cell_death_HR,86.337,0.9032,False,cell_death_HR,NP_001327762.1 P-loop containing nucleoside triphosphate hydrolases superfamily protein [Arabidopsis thaliana],0.947,-0.169
NP_001189915.1,False,96.514,0.9881,False,antimicrobial,96.429,0.992,False,antimicrobial,96.344,0.9938,False,antimicrobial,NP_001189915.1 ubiquitin protein ligase 6 [Arabidopsis thaliana],-0.085,-0.17
NP_188346.2,False,96.514,0.9881,False,antimicrobial,96.429,0.992,False,antimicrobial,96.344,0.9938,False,antimicrobial,NP_188346.2 ubiquitin protein ligase 6 [Arabidopsis thaliana],-0.085,-0.17
NP_001329433.1,False,94.753,1.1297,False,antimicrobial,93.722,1.099,False,antimicrobial,94.579,1.1211,False,antimicrobial,NP_001329433.1 ABC-2 and Plant PDR ABC-type transporter family protein [Arabidopsis thaliana],-1.031,-0.174
NP_001329432.1,False,94.753,1.1297,False,antimicrobial,93.722,1.099,False,antimicrobial,94.579,1.1211,False,antimicrobial,NP_001329432.1 ABC-2 and Plant PDR ABC-type transporter family protein [Arabidopsis thaliana],-1.031,-0.174
NP_200395.2,False,91.092,0.9573,False,NBS_LRR,89.057,0.887,False,NBS_LRR,90.917,0.9316,False,NBS_LRR,NP_200395.2 PPR superfamily protein [Arabidopsis thaliana],-2.035,-0.175
NP_196136.1,True,98.737,0.9419,False,defense_signaling,98.448,0.9326,False,defense_signaling,98.562,0.9358,False,defense_signaling,NP_196136.1 Cellulose synthase family protein [Arabidopsis thaliana],-0.289,-0.175
NP_001331238.1,False,91.092,0.9573,False,NBS_LRR,89.057,0.887,False,NBS_LRR,90.917,0.9316,False,NBS_LRR,NP_001331238.1 PPR superfamily protein [Arabidopsis thaliana],-2.035,-0.175
NP_001190318.1,False,94.349,1.1173,False,antimicrobial,93.731,1.0992,False,antimicrobial,94.173,1.1087,False,antimicrobial,NP_001190318.1 DNA/RNA polymerases superfamily protein [Arabidopsis thaliana],-0.618,-0.176
NP_195557.2,False,98.892,0.949,False,defense_signaling,95.822,0.8611,False,defense_signaling,98.716,0.9429,False,defense_signaling,"NP_195557.2 RPAP1-like, carboxy-terminal protein [Arabidopsis thaliana]",-3.07,-0.176
NP_172259.1,False,94.414,1.1202,False,antimicrobial,94.493,1.1205,False,antimicrobial,94.237,1.1116,False,antimicrobial,NP_172259.1 ER-type Ca2+-ATPase 1 [Arabidopsis thaliana],0.079,-0.177
NP_001327227.1,False,94.389,1.1195,False,antimicrobial,94.428,1.1193,False,antimicrobial,94.212,1.1109,False,antimicrobial,NP_001327227.1 ARM repeat superfamily protein [Arabidopsis thaliana],0.039,-0.177
NP_198994.2,False,27.472,-0.2969,False,NBS_LRR,23.122,-0.3483,False,defense_signaling,27.294,-0.2669,False,defense_signaling,NP_198994.2 COP1-interactive protein 1 [Arabidopsis thaliana],-4.35,-0.178
NP_001330520.1,False,27.472,-0.2969,False,NBS_LRR,23.122,-0.3483,False,defense_signaling,27.294,-0.2669,False,defense_signaling,NP_001330520.1 COP1-interactive protein 1 [Arabidopsis thaliana],-4.35,-0.178
NP_191536.2,False,98.488,0.9313,False,defense_signaling,92.165,0.7923,False,defense_signaling,98.309,0.9252,False,defense_signaling,NP_191536.2 sacI homology domain-containing protein / WW domain-containing protein [Arabidopsis thaliana],-6.323,-0.179
NP_001323636.1,False,98.82,1.2695,False,antimicrobial,98.554,1.2686,False,antimicrobial,98.641,1.2649,False,antimicrobial,NP_001323636.1 RNA helicase family protein [Arabidopsis thaliana],-0.266,-0.179
NP_001319353.1,False,98.814,1.0471,False,NBS_LRR,98.641,1.0583,False,NBS_LRR,98.635,1.0787,False,NBS_LRR,NP_001319353.1 Armadillo/beta-catenin-like repeat family protein [Arabidopsis thaliana],-0.173,-0.179
NP_181655.1,False,98.652,0.9635,False,antimicrobial,95.345,1.1497,False,antimicrobial,98.473,1.1747,False,antimicrobial,NP_181655.1 glutamate synthase 2 [Arabidopsis thaliana],-3.307,-0.179
NP_568134.1,False,98.455,0.9489,False,antimicrobial,95.202,1.1454,False,antimicrobial,98.276,1.1688,False,antimicrobial,NP_568134.1 glutamate synthase 1 [Arabidopsis thaliana],-3.253,-0.179
NP_187418.1,False,98.471,0.9296,False,defense_signaling,98.297,0.9267,False,defense_signaling,98.291,0.9236,False,defense_signaling,NP_187418.1 Transcription factor jumonji (jmjC) domain-containing protein [Arabidopsis thaliana],-0.174,-0.18
NP_849925.1,True,98.643,1.07,False,RLK_defense,97.907,1.1001,False,RLK_defense,98.463,1.1173,False,RLK_defense,NP_849925.1 CHASE domain containing histidine kinase protein [Arabidopsis thaliana],-0.736,-0.18
NP_186955.1,False,98.444,0.9285,False,defense_signaling,98.475,0.9337,False,defense_signaling,98.264,0.9224,False,defense_signaling,NP_186955.1 cellulose synthase-like D3 [Arabidopsis thaliana],0.031,-0.18
NP_001190380.1,False,98.515,0.9328,False,defense_signaling,93.553,0.8153,False,defense_signaling,98.334,0.9267,False,defense_signaling,NP_001190380.1 neuroblastoma-amplified sequence protein [Arabidopsis thaliana],-4.962,-0.181
NP_001324292.1,False,98.461,1.0154,False,antimicrobial,99.272,0.9783,True,defense_signaling,98.28,1.0068,False,antimicrobial,NP_001324292.1 chromatin remodeling factor CHD3 (PICKLE) [Arabidopsis thaliana],0.811,-0.181
NP_001319673.1,False,94.304,1.116,False,antimicrobial,95.264,1.1475,False,antimicrobial,94.123,1.1075,False,antimicrobial,NP_001319673.1 pleiotropic drug resistance 10 [Arabidopsis thaliana],0.96,-0.181
NP_001324427.1,False,98.521,1.1035,False,RLK_defense,97.832,1.1162,False,RLK_defense,98.34,1.1173,False,RLK_defense,NP_001324427.1 CHASE domain containing histidine kinase protein [Arabidopsis thaliana],-0.689,-0.181
NP_199166.1,False,98.859,0.947,False,defense_signaling,99.716,1.0084,True,defense_signaling,98.677,1.0354,False,antimicrobial,NP_199166.1 Helicase protein with RING/U-box domain-containing protein [Arabidopsis thaliana],0.857,-0.182
NP_001319189.1,False,98.785,0.9443,False,defense_signaling,98.445,0.9324,False,defense_signaling,98.603,0.9383,False,defense_signaling,NP_001319189.1 kinase family with ARM repeat domain-containing protein [Arabidopsis thaliana],-0.34,-0.182
NP_001321239.1,False,98.785,0.9443,False,defense_signaling,98.445,0.9324,False,defense_signaling,98.603,0.9383,False,defense_signaling,NP_001321239.1 kinase family with ARM repeat domain-containing protein [Arabidopsis thaliana],-0.34,-0.182
NP_171710.4,False,98.587,0.9346,False,defense_signaling,91.451,1.0321,False,cell_death_HR,98.405,1.3002,False,cell_death_HR,NP_171710.4 transcription regulator [Arabidopsis thaliana],-7.136,-0.182
NP_199754.2,False,98.879,0.9477,False,defense_signaling,94.433,0.8331,False,defense_signaling,98.696,0.9416,False,defense_signaling,NP_199754.2 WD40/YVTN repeat and Bromo-WDR9-I-like domain-containing protein [Arabidopsis thaliana],-4.446,-0.183
NP_001318636.1,False,98.885,0.9478,False,defense_signaling,93.575,0.8157,False,defense_signaling,98.702,0.9417,False,defense_signaling,NP_001318636.1 neuroblastoma-amplified sequence protein [Arabidopsis thaliana],-5.31,-0.183
NP_001318768.1,False,98.879,0.9477,False,defense_signaling,94.433,0.8331,False,defense_signaling,98.696,0.9416,False,defense_signaling,NP_001318768.1 WD40/YVTN repeat and Bromo-WDR9-I-like domain-containing protein [Arabidopsis thaliana],-4.446,-0.183
NP_197823.1,False,98.885,0.9478,False,defense_signaling,93.575,0.8157,False,defense_signaling,98.702,0.9417,False,defense_signaling,NP_197823.1 neuroblastoma-amplified sequence protein [Arabidopsis thaliana],-5.31,-0.183
NP_001331319.1,False,98.434,0.9283,False,defense_signaling,98.293,0.9266,False,defense_signaling,98.25,0.9222,False,defense_signaling,NP_001331319.1 CLUB [Arabidopsis thaliana],-0.141,-0.184
NP_001331320.1,False,98.434,0.9283,False,defense_signaling,98.56,0.938,False,defense_signaling,98.25,0.9222,False,defense_signaling,NP_001331320.1 CLUB [Arabidopsis thaliana],0.126,-0.184
NP_201511.2,False,98.532,0.9332,False,defense_signaling,98.167,1.1453,False,antimicrobial,98.348,1.237,False,antimicrobial,NP_201511.2 DNA-directed DNA polymerase [Arabidopsis thaliana],-0.365,-0.184
NP_001331725.1,False,98.532,0.9332,False,defense_signaling,98.167,1.1453,False,antimicrobial,98.348,1.237,False,antimicrobial,NP_001331725.1 DNA-directed DNA polymerase [Arabidopsis thaliana],-0.365,-0.184
NP_177370.1,False,98.585,0.9345,False,defense_signaling,98.76,0.9472,False,defense_signaling,98.401,0.9284,False,defense_signaling,NP_177370.1 Di-glucose binding protein with Kinesin motor domain-containing protein [Arabidopsis thaliana],0.175,-0.184
NP_001318288.1,False,98.768,0.9428,False,defense_signaling,98.403,0.931,False,defense_signaling,98.583,0.9367,False,defense_signaling,NP_001318288.1 cellulose synthase A catalytic subunit 3 UDP-forming-like protein [Arabidopsis thaliana],-0.365,-0.185
NP_182265.1,False,98.438,1.2775,False,NBS_LRR,97.712,1.355,False,NBS_LRR,98.253,1.4019,False,NBS_LRR,NP_182265.1 Signal transduction histidine kinase [Arabidopsis thaliana],-0.726,-0.185
NP_179768.1,False,98.606,0.9356,False,defense_signaling,98.465,0.9334,False,defense_signaling,98.421,0.9295,False,defense_signaling,NP_179768.1 cellulose synthase A9 [Arabidopsis thaliana],-0.141,-0.185
NP_001184965.1,False,98.612,1.1342,False,PR_proteins,97.314,1.1837,False,antimicrobial,98.426,1.1986,False,antimicrobial,NP_001184965.1 starch synthase 3 [Arabidopsis thaliana],-1.298,-0.186
NP_196665.1,False,98.422,0.9276,False,defense_signaling,98.432,0.9318,False,defense_signaling,98.235,0.9215,False,defense_signaling,NP_196665.1 TRS120 [Arabidopsis thaliana],0.01,-0.187
NP_197467.1,False,98.419,1.2244,False,antimicrobial,98.243,1.2311,False,antimicrobial,98.231,1.2321,False,antimicrobial,NP_197467.1 SITE-1 protease [Arabidopsis thaliana],-0.176,-0.188
NP_201279.1,False,98.422,0.9276,False,defense_signaling,98.104,0.9186,False,defense_signaling,98.233,0.9215,False,defense_signaling,NP_201279.1 cellulose synthase 6 [Arabidopsis thaliana],-0.318,-0.189
NP_973396.1,True,97.952,1.1028,False,RLK_defense,97.46,1.1142,False,RLK_defense,97.761,1.1173,False,RLK_defense,NP_973396.1 CHASE domain containing histidine kinase protein [Arabidopsis thaliana],-0.492,-0.191
NP_001190171.1,False,97.934,0.9642,False,antimicrobial,97.359,0.9918,False,antimicrobial,97.743,1.0107,False,PR_proteins,NP_001190171.1 transducin family protein / WD-40 repeat family protein [Arabidopsis thaliana],-0.575,-0.191
NP_001190628.1,False,97.94,0.9111,False,defense_signaling,95.911,1.0057,False,antimicrobial,97.749,1.0598,False,antimicrobial,NP_001190628.1 kinesin-like calmodulin-binding protein (ZWICHEL) [Arabidopsis thaliana],-2.029,-0.191
NP_001324428.1,True,97.952,1.1028,False,RLK_defense,97.46,1.1142,False,RLK_defense,97.761,1.1173,False,RLK_defense,NP_001324428.1 CHASE domain containing histidine kinase protein [Arabidopsis thaliana],-0.492,-0.191
NP_001324429.1,True,97.952,1.1028,False,RLK_defense,97.46,1.1142,False,RLK_defense,97.761,1.1173,False,RLK_defense,NP_001324429.1 CHASE domain containing histidine kinase protein [Arabidopsis thaliana],-0.492,-0.191
NP_188503.2,False,97.917,0.9102,False,defense_signaling,96.223,0.8702,False,defense_signaling,97.726,0.9041,False,defense_signaling,NP_188503.2 tetratricopeptide repeat (TPR)-containing protein [Arabidopsis thaliana],-1.694,-0.191
NP_565277.1,True,97.952,1.1028,False,RLK_defense,97.46,1.1142,False,RLK_defense,97.761,1.1173,False,RLK_defense,NP_565277.1 CHASE domain containing histidine kinase protein [Arabidopsis thaliana],-0.492,-0.191
NP_001329079.1,False,97.995,0.913,False,defense_signaling,97.009,0.8875,False,defense_signaling,97.802,0.9069,False,defense_signaling,NP_001329079.1 DNA topoisomerase 4 subunit B (DUF810) [Arabidopsis thaliana],-0.986,-0.193
NP_001329077.1,False,97.995,0.913,False,defense_signaling,97.158,0.8904,False,defense_signaling,97.802,0.9069,False,defense_signaling,NP_001329077.1 DNA topoisomerase 4 subunit B (DUF810) [Arabidopsis thaliana],-0.837,-0.193
NP_193150.1,False,97.967,0.9121,False,defense_signaling,99.856,1.0282,True,defense_signaling,97.773,1.1434,False,antimicrobial,NP_193150.1 DNA methyltransferase 2 [Arabidopsis thaliana],1.889,-0.194
NP_173522.1,False,98.396,0.9261,False,defense_signaling,98.143,0.9193,False,defense_signaling,98.202,0.92,False,defense_signaling,NP_173522.1 squamosa promoter binding protein-like 14 [Arabidopsis thaliana],-0.253,-0.194
NP_001319931.1,False,97.967,0.9121,False,defense_signaling,99.856,1.0282,True,defense_signaling,97.773,1.1434,False,antimicrobial,NP_001319931.1 DNA methyltransferase 2 [Arabidopsis thaliana],1.889,-0.194
NP_200653.2,False,97.899,0.9096,False,defense_signaling,97.457,0.8966,False,defense_signaling,97.702,0.9035,False,defense_signaling,NP_200653.2 Tetratricopeptide repeat (TPR)-like superfamily protein [Arabidopsis thaliana],-0.442,-0.197
NP_001190653.1,False,97.901,1.0002,False,antimicrobial,97.349,0.9906,False,antimicrobial,97.704,0.9916,False,antimicrobial,NP_001190653.1 Albino or Glassy Yellow 1 [Arabidopsis thaliana],-0.552,-0.197
NP_001324313.1,False,98.015,0.9135,False,defense_signaling,98.674,0.9437,False,defense_signaling,97.818,0.9074,False,defense_signaling,NP_001324313.1 WD40 domain-containing protein [Arabidopsis thaliana],0.659,-0.197
NP_001325762.1,False,97.881,0.9089,False,defense_signaling,97.257,0.893,False,defense_signaling,97.682,0.9028,False,defense_signaling,"NP_001325762.1 hydrolases, acting on ester bond [Arabidopsis thaliana]",-0.624,-0.199
NP_680142.2,False,98.39,1.1992,False,antimicrobial,97.28,1.2016,False,antimicrobial,98.191,1.1907,False,antimicrobial,NP_680142.2 DEA(D/H)-box RNA helicase family protein [Arabidopsis thaliana],-1.11,-0.199
NP_001332727.1,False,98.38,0.9255,False,defense_signaling,97.691,0.9037,False,defense_signaling,98.181,0.9194,False,defense_signaling,NP_001332727.1 cellulose synthase A4 [Arabidopsis thaliana],-0.689,-0.199
NP_001190348.1,False,97.89,1.0561,False,NBS_LRR,94.337,1.1216,False,NBS_LRR,97.691,1.0576,False,NBS_LRR,NP_001190348.1 dicer-like 4 [Arabidopsis thaliana],-3.553,-0.199
NP_001189986.1,False,97.881,0.9089,False,defense_signaling,97.257,0.893,False,defense_signaling,97.682,0.9028,False,defense_signaling,"NP_001189986.1 hydrolases, acting on ester bond [Arabidopsis thaliana]",-0.624,-0.199
NP_001321780.1,False,94.142,1.1102,False,antimicrobial,95.596,0.8558,False,defense_signaling,93.943,1.1016,False,antimicrobial,NP_001321780.1 THO2 [Arabidopsis thaliana],1.454,-0.199
NP_001189838.1,False,98.382,0.9255,False,defense_signaling,98.172,0.9207,False,defense_signaling,98.183,0.9195,False,defense_signaling,NP_001189838.1 Transcription factor jumonji (jmjC) domain-containing protein [Arabidopsis thaliana],-0.21,-0.199
NP_193308.2,False,30.29,-0.0876,False,defense_signaling,30.211,-0.0889,False,defense_signaling,30.091,-0.0919,False,defense_signaling,NP_193308.2 CW-type Zinc Finger [Arabidopsis thaliana],-0.079,-0.199
NP_001322245.1,False,97.857,0.9085,False,defense_signaling,97.774,0.906,False,defense_signaling,97.656,0.9024,False,defense_signaling,NP_001322245.1 P-loop nucleoside triphosphate hydrolases superfamily protein with CH (Calponin Homology) domain-containing protein [Arabidopsis thaliana],-0.083,-0.201
NP_569022.2,False,97.366,0.9133,False,antimicrobial,95.459,1.0133,False,antimicrobial,97.164,1.0598,False,antimicrobial,NP_569022.2 kinesin-like calmodulin-binding protein (ZWICHEL) [Arabidopsis thaliana],-1.907,-0.202
NP_001320693.1,False,98.352,0.9245,False,defense_signaling,98.418,0.9317,False,defense_signaling,98.149,0.9184,False,defense_signaling,NP_001320693.1 RNA helicase family protein [Arabidopsis thaliana],0.066,-0.203
NP_174605.1,False,98.352,0.9245,False,defense_signaling,98.418,0.9317,False,defense_signaling,98.149,0.9184,False,defense_signaling,NP_174605.1 RNA helicase family protein [Arabidopsis thaliana],0.066,-0.203
NP_189009.2,False,97.177,0.8918,False,defense_signaling,97.585,0.9004,False,defense_signaling,96.973,0.8857,False,defense_signaling,NP_189009.2 phragmoplast-associated kinesin-related protein [Arabidopsis thaliana],0.408,-0.204
NP_171984.2,False,97.141,0.8912,False,defense_signaling,97.013,0.8876,False,defense_signaling,96.936,0.885,False,defense_signaling,NP_171984.2 sucrose phosphate synthase 3F [Arabidopsis thaliana],-0.128,-0.205
NP_187252.2,False,97.175,0.8917,False,defense_signaling,96.789,0.8824,False,defense_signaling,96.969,0.8856,False,defense_signaling,NP_187252.2 SNF2/Brahma-type chromatin-remodeling protein CHR12 [Arabidopsis thaliana],-0.386,-0.206
NP_851024.1,False,97.202,0.9828,False,antimicrobial,96.903,1.0006,False,antimicrobial,96.996,1.0041,False,PR_proteins,NP_851024.1 transducin family protein / WD-40 repeat family protein [Arabidopsis thaliana],-0.299,-0.206
NP_001326481.1,False,97.2,0.8924,False,defense_signaling,92.657,0.7996,False,defense_signaling,96.994,0.8863,False,defense_signaling,NP_001326481.1 sacI homology domain-containing protein / WW domain-containing protein [Arabidopsis thaliana],-4.543,-0.206
NP_176571.1,False,99.357,1.8235,True,NBS_LRR,99.15,1.6816,True,NBS_LRR,99.15,1.6856,True,NBS_LRR,NP_176571.1 Disease resistance protein (TIR-NBS-LRR class) family [Arabidopsis thaliana],-0.207,-0.207
NP_001190049.1,False,97.15,0.8912,False,defense_signaling,97.081,0.8889,False,defense_signaling,96.942,0.8851,False,defense_signaling,NP_001190049.1 ATP binding microtubule motor family protein [Arabidopsis thaliana],-0.069,-0.208
NP_001324293.1,False,98.343,0.9847,False,antimicrobial,99.191,0.9727,True,defense_signaling,98.135,0.9761,False,antimicrobial,NP_001324293.1 chromatin remodeling factor CHD3 (PICKLE) [Arabidopsis thaliana],0.848,-0.208
NP_001326056.1,False,97.15,0.8912,False,defense_signaling,97.081,0.8889,False,defense_signaling,96.942,0.8851,False,defense_signaling,NP_001326056.1 ATP binding microtubule motor family protein [Arabidopsis thaliana],-0.069,-0.208
NP_001326055.1,False,97.15,0.8912,False,defense_signaling,97.081,0.8889,False,defense_signaling,96.942,0.8851,False,defense_signaling,NP_001326055.1 ATP binding microtubule motor family protein [Arabidopsis thaliana],-0.069,-0.208
NP_192851.1,True,94.103,1.1093,False,antimicrobial,93.642,1.0971,False,antimicrobial,93.895,1.1007,False,antimicrobial,NP_192851.1 RNA-dependent RNA polymerase 2 [Arabidopsis thaliana],-0.461,-0.208
NP_195532.1,False,97.104,0.8899,False,defense_signaling,96.92,0.8851,False,defense_signaling,96.895,0.8837,False,defense_signaling,NP_195532.1 cellulose synthase like D4 [Arabidopsis thaliana],-0.184,-0.209
NP_001327609.1,False,98.329,0.9232,False,defense_signaling,98.134,0.9192,False,defense_signaling,98.12,0.9171,False,defense_signaling,NP_001327609.1 kinesin-like protein 1 [Arabidopsis thaliana],-0.195,-0.209
NP_190059.3,False,98.333,0.9234,False,defense_signaling,97.991,0.9143,False,defense_signaling,98.124,0.9173,False,defense_signaling,NP_190059.3 kinesin-like protein 1 [Arabidopsis thaliana],-0.342,-0.209
NP_001327610.1,False,98.329,0.9232,False,defense_signaling,98.134,0.9192,False,defense_signaling,98.12,0.9171,False,defense_signaling,NP_001327610.1 kinesin-like protein 1 [Arabidopsis thaliana],-0.195,-0.209
NP_001319684.1,False,98.333,0.9234,False,defense_signaling,97.991,0.9143,False,defense_signaling,98.124,0.9173,False,defense_signaling,NP_001319684.1 kinesin-like protein 1 [Arabidopsis thaliana],-0.342,-0.209
NP_201432.2,False,97.729,0.905,False,defense_signaling,97.571,0.9002,False,defense_signaling,97.519,0.8989,False,defense_signaling,NP_201432.2 ATP binding microtubule motor family protein [Arabidopsis thaliana],-0.158,-0.21
NP_192638.1,False,98.326,0.9232,False,defense_signaling,99.853,1.0275,True,defense_signaling,98.116,1.1694,False,antimicrobial,NP_192638.1 DNA (cytosine-5-)-methyltransferase family protein [Arabidopsis thaliana],1.527,-0.21
NP_001320059.1,False,97.741,0.9054,False,defense_signaling,97.195,0.8914,False,defense_signaling,97.531,0.8993,False,defense_signaling,NP_001320059.1 P-loop containing nucleoside triphosphate hydrolases superfamily protein [Arabidopsis thaliana],-0.546,-0.21
NP_001330675.1,False,97.729,0.905,False,defense_signaling,97.571,0.9002,False,defense_signaling,97.519,0.8989,False,defense_signaling,NP_001330675.1 ATP binding microtubule motor family protein [Arabidopsis thaliana],-0.158,-0.21
NP_001318888.1,False,97.729,0.905,False,defense_signaling,97.571,0.9002,False,defense_signaling,97.519,0.8989,False,defense_signaling,NP_001318888.1 ATP binding microtubule motor family protein [Arabidopsis thaliana],-0.158,-0.21
NP_001319905.1,False,97.735,0.9051,False,defense_signaling,96.716,0.8811,False,defense_signaling,97.525,0.8989,False,defense_signaling,NP_001319905.1 DNA topoisomerase 4 subunit B (DUF810) [Arabidopsis thaliana],-1.019,-0.21
NP_176196.1,True,94.032,1.1078,False,antimicrobial,95.536,1.1582,False,antimicrobial,93.822,1.0992,False,antimicrobial,NP_176196.1 ABC-2 and Plant PDR ABC-type transporter family protein [Arabidopsis thaliana],1.504,-0.21
NP_001330425.1,False,97.394,1.0453,False,antimicrobial,98.036,1.1524,False,antimicrobial,97.183,1.2083,False,antimicrobial,NP_001330425.1 regulatory-associated protein of TOR 2 (RAPTOR2) [Arabidopsis thaliana],0.642,-0.211
NP_194967.1,False,97.272,0.8939,False,defense_signaling,97.085,0.8937,False,antimicrobial,97.061,0.8922,False,antimicrobial,NP_194967.1 cellulose synthase 1 [Arabidopsis thaliana],-0.187,-0.211
NP_001189802.1,False,97.082,0.8891,False,defense_signaling,96.515,0.8769,False,defense_signaling,96.871,0.8829,False,defense_signaling,NP_001189802.1 ankyrin repeat family protein / regulator of chromosome condensation (RCC1) family protein [Arabidopsis thaliana],-0.567,-0.211
NP_001319304.1,False,97.363,0.8963,False,defense_signaling,97.809,0.9074,False,defense_signaling,97.152,0.8902,False,defense_signaling,NP_001319304.1 transcription factor jumonji (jmjC) domain-containing protein [Arabidopsis thaliana],0.446,-0.211
NP_191265.2,False,97.475,1.0792,False,antimicrobial,98.291,1.0975,False,antimicrobial,97.264,1.0705,False,antimicrobial,NP_191265.2 binding protein [Arabidopsis thaliana],0.816,-0.211
NP_001322886.1,False,97.415,0.897,False,defense_signaling,97.65,0.9031,False,defense_signaling,97.204,0.8909,False,defense_signaling,NP_001322886.1 P-loop containing nucleoside triphosphate hydrolases superfamily protein [Arabidopsis thaliana],0.235,-0.211
NP_851276.1,False,97.44,0.8976,False,defense_signaling,95.743,0.9978,False,antimicrobial,97.229,1.0476,False,antimicrobial,NP_851276.1 kinesin-like calmodulin-binding protein (ZWICHEL) [Arabidopsis thaliana],-1.697,-0.211
NP_001326105.1,False,97.689,0.9036,False,defense_signaling,97.357,0.8949,False,defense_signaling,97.478,0.8975,False,defense_signaling,NP_001326105.1 SNF2 domain-containing protein / helicase domain-containing protein / F-box family protein [Arabidopsis thaliana],-0.332,-0.211
NP_974213.1,False,97.082,0.8891,False,defense_signaling,96.561,0.8782,False,defense_signaling,96.871,0.8829,False,defense_signaling,NP_974213.1 ankyrin repeat family protein / regulator of chromosome condensation (RCC1) family protein [Arabidopsis thaliana],-0.521,-0.211
NP_178223.2,False,97.405,1.1101,False,antimicrobial,96.961,1.1542,False,antimicrobial,97.193,1.183,False,antimicrobial,NP_178223.2 DEA(D/H)-box RNA helicase family protein [Arabidopsis thaliana],-0.444,-0.212
NP_001319527.1,False,98.078,0.9153,False,defense_signaling,97.864,0.9098,False,defense_signaling,97.866,0.9092,False,defense_signaling,NP_001319527.1 P-loop containing nucleoside triphosphate hydrolases superfamily protein [Arabidopsis thaliana],-0.214,-0.212
NP_172851.1,False,97.46,1.0898,False,antimicrobial,94.446,1.1072,False,antimicrobial,97.248,1.0812,False,antimicrobial,NP_172851.1 sec7 domain-containing protein [Arabidopsis thaliana],-3.014,-0.212
NP_001323430.1,False,97.464,0.8982,False,defense_signaling,96.742,0.8817,False,defense_signaling,97.252,0.8921,False,defense_signaling,NP_001323430.1 non-intrinsic ABC protein 12 [Arabidopsis thaliana],-0.722,-0.212
NP_001190138.1,False,97.675,0.9032,False,defense_signaling,90.916,0.7721,False,defense_signaling,97.463,0.8971,False,defense_signaling,NP_001190138.1 sacI homology domain-containing protein / WW domain-containing protein [Arabidopsis thaliana],-6.759,-0.212
NP_181238.4,False,97.464,0.8982,False,defense_signaling,96.742,0.8817,False,defense_signaling,97.252,0.8921,False,defense_signaling,NP_181238.4 non-intrinsic ABC protein 12 [Arabidopsis thaliana],-0.722,-0.212
NP_001184991.1,False,97.46,1.0898,False,antimicrobial,94.446,1.1072,False,antimicrobial,97.248,1.0812,False,antimicrobial,NP_001184991.1 sec7 domain-containing protein [Arabidopsis thaliana],-3.014,-0.212
NP_001189866.1,False,98.078,0.9153,False,defense_signaling,97.864,0.9098,False,defense_signaling,97.866,0.9092,False,defense_signaling,NP_001189866.1 P-loop containing nucleoside triphosphate hydrolases superfamily protein [Arabidopsis thaliana],-0.214,-0.212
NP_001331134.1,False,97.527,0.899,False,defense_signaling,99.728,1.0091,True,defense_signaling,97.314,1.2045,False,antimicrobial,NP_001331134.1 methyltransferase 1 [Arabidopsis thaliana],2.201,-0.213
NP_190684.3,False,97.056,0.8886,False,defense_signaling,96.884,0.8845,False,defense_signaling,96.843,0.8825,False,defense_signaling,NP_190684.3 ATP binding microtubule motor family protein [Arabidopsis thaliana],-0.172,-0.213
NP_001328302.1,False,97.264,1.0957,False,antimicrobial,96.959,1.0913,False,antimicrobial,97.05,1.0871,False,antimicrobial,NP_001328302.1 Albino or Glassy Yellow 1 [Arabidopsis thaliana],-0.305,-0.214
NP_001318457.1,True,97.062,0.8887,False,defense_signaling,94.151,0.8283,False,defense_signaling,96.848,0.8826,False,defense_signaling,NP_001318457.1 proteolysis 6 [Arabidopsis thaliana],-2.911,-0.214
NP_001319859.1,False,93.862,1.1023,False,antimicrobial,93.686,1.0982,False,antimicrobial,93.648,1.0937,False,antimicrobial,NP_001319859.1 pre-mRNA splicing factor-like protein [Arabidopsis thaliana],-0.176,-0.214
NP_195851.2,True,97.062,0.8887,False,defense_signaling,94.151,0.8283,False,defense_signaling,96.848,0.8826,False,defense_signaling,NP_195851.2 proteolysis 6 [Arabidopsis thaliana],-2.911,-0.214
NP_192252.1,False,93.862,1.1023,False,antimicrobial,93.686,1.0982,False,antimicrobial,93.648,1.0937,False,antimicrobial,NP_192252.1 pre-mRNA splicing factor-like protein [Arabidopsis thaliana],-0.176,-0.214
NP_001329764.1,False,93.862,1.1023,False,antimicrobial,93.686,1.0982,False,antimicrobial,93.648,1.0937,False,antimicrobial,NP_001329764.1 pre-mRNA splicing factor-like protein [Arabidopsis thaliana],-0.176,-0.214
NP_199512.2,True,98.284,0.9397,False,cell_death_HR,98.295,0.9266,False,defense_signaling,98.069,0.9311,False,cell_death_HR,NP_199512.2 RNA helicase [Arabidopsis thaliana],0.011,-0.215
NP_191905.3,False,97.569,0.9809,False,antimicrobial,97.187,1.0001,False,antimicrobial,97.353,1.0045,False,antimicrobial,NP_191905.3 transducin family protein / WD-40 repeat family protein [Arabidopsis thaliana],-0.382,-0.216
NP_565587.1,False,98.109,1.0139,False,antimicrobial,99.138,0.9692,True,defense_signaling,97.893,1.0052,False,antimicrobial,NP_565587.1 chromatin remodeling factor CHD3 (PICKLE) [Arabidopsis thaliana],1.029,-0.216
NP_199216.2,True,97.571,0.922,False,antimicrobial,96.94,0.9163,False,antimicrobial,97.355,0.9134,False,antimicrobial,NP_199216.2 cellulose synthase A4 [Arabidopsis thaliana],-0.631,-0.216
NP_001324291.1,False,98.109,1.0139,False,antimicrobial,99.138,0.9692,True,defense_signaling,97.893,1.0052,False,antimicrobial,NP_001324291.1 chromatin remodeling factor CHD3 (PICKLE) [Arabidopsis thaliana],1.029,-0.216
NP_190446.1,False,98.31,0.9226,False,defense_signaling,93.523,0.8146,False,defense_signaling,98.093,0.9165,False,defense_signaling,NP_190446.1 ATP/DNA binding protein [Arabidopsis thaliana],-4.787,-0.217
NP_001319711.1,False,98.31,0.9226,False,defense_signaling,93.523,0.8146,False,defense_signaling,98.093,0.9165,False,defense_signaling,NP_001319711.1 ATP/DNA binding protein [Arabidopsis thaliana],-4.787,-0.217
NP_680117.3,False,98.139,0.9171,False,defense_signaling,97.94,0.9125,False,defense_signaling,97.921,0.911,False,defense_signaling,NP_680117.3 embryo defective 2423 [Arabidopsis thaliana],-0.199,-0.218
NP_001326636.1,False,97.013,0.8877,False,defense_signaling,94.943,0.8418,False,defense_signaling,96.795,0.8816,False,defense_signaling,NP_001326636.1 exportin-4 protein [Arabidopsis thaliana],-2.07,-0.218
NP_850474.3,False,98.32,0.9228,False,defense_signaling,98.631,0.9421,False,defense_signaling,98.102,0.9167,False,defense_signaling,NP_850474.3 WD40 domain-containing protein [Arabidopsis thaliana],0.311,-0.218
NP_198009.3,False,98.266,1.0594,False,antimicrobial,96.235,1.1719,False,antimicrobial,98.046,1.1959,False,antimicrobial,"NP_198009.3 chloroplastidic phosphoglucan, water dikinase (ATGWD3) [Arabidopsis thaliana]",-2.031,-0.22
NP_195645.1,False,98.168,0.9177,False,defense_signaling,97.917,0.9116,False,defense_signaling,97.948,0.9116,False,defense_signaling,NP_195645.1 cellulose synthase A2 [Arabidopsis thaliana],-0.251,-0.22
NP_001184889.1,False,98.256,0.9214,False,defense_signaling,91.256,1.0263,False,cell_death_HR,98.035,1.1739,False,cell_death_HR,NP_001184889.1 transcription regulator [Arabidopsis thaliana],-7.0,-0.221
NP_001321578.1,False,98.256,0.9214,False,defense_signaling,91.225,1.0253,False,cell_death_HR,98.035,1.1797,False,cell_death_HR,NP_001321578.1 transcription regulator [Arabidopsis thaliana],-7.031,-0.221
NP_001030850.1,False,98.186,0.9183,False,defense_signaling,98.31,0.9274,False,defense_signaling,97.964,0.9122,False,defense_signaling,NP_001030850.1 ubiquitin-protein ligase 7 [Arabidopsis thaliana],0.124,-0.222
NP_850170.1,False,98.249,0.9212,False,defense_signaling,97.849,0.9092,False,defense_signaling,98.027,0.9151,False,defense_signaling,NP_850170.1 homologue of trithorax [Arabidopsis thaliana],-0.4,-0.222
NP_190877.1,False,98.186,0.9183,False,defense_signaling,98.31,0.9274,False,defense_signaling,97.964,0.9122,False,defense_signaling,NP_190877.1 ubiquitin-protein ligase 7 [Arabidopsis thaliana],0.124,-0.222
NP_001189770.1,False,98.178,0.9182,False,defense_signaling,98.618,0.9414,False,defense_signaling,97.955,0.9121,False,defense_signaling,NP_001189770.1 WD40 domain-containing protein [Arabidopsis thaliana],0.44,-0.223
NP_181459.4,True,93.547,1.1023,False,cell_death_HR,92.045,1.0495,False,cell_death_HR,93.323,1.094,False,cell_death_HR,NP_181459.4 regulator of nonsense transcripts UPF2 [Arabidopsis thaliana],-1.502,-0.224
NP_001331466.1,False,93.578,1.0939,False,antimicrobial,98.598,0.9399,False,defense_signaling,93.347,1.0853,False,antimicrobial,NP_001331466.1 binding protein [Arabidopsis thaliana],5.02,-0.231
NP_176736.2,False,92.057,1.049,False,cell_death_HR,92.225,1.0569,False,cell_death_HR,91.825,1.0406,False,cell_death_HR,NP_176736.2 Endonuclease/exonuclease/phosphatase family protein [Arabidopsis thaliana],0.168,-0.232
NP_001326907.1,False,89.318,0.8567,False,NBS_LRR,88.631,0.7917,False,NBS_LRR,89.086,0.7888,False,NBS_LRR,NP_001326907.1 Pentatricopeptide repeat (PPR) superfamily protein [Arabidopsis thaliana],-0.687,-0.232
NP_001326908.1,False,89.318,0.8567,False,NBS_LRR,88.631,0.7917,False,NBS_LRR,89.086,0.7888,False,NBS_LRR,NP_001326908.1 Pentatricopeptide repeat (PPR) superfamily protein [Arabidopsis thaliana],-0.687,-0.232
NP_189368.5,False,96.924,0.8857,False,defense_signaling,96.642,0.8795,False,defense_signaling,96.691,0.8796,False,defense_signaling,"NP_189368.5 hydrolases, acting on ester bond [Arabidopsis thaliana]",-0.282,-0.233
NP_001319941.1,False,93.643,0.8154,False,defense_signaling,96.922,0.8851,False,defense_signaling,93.41,0.8122,False,defense_signaling,NP_001319941.1 fanconi anemia group D2 protein [Arabidopsis thaliana],3.279,-0.233
NP_176754.1,False,98.063,1.5011,False,NBS_LRR,97.809,1.4475,False,NBS_LRR,97.83,1.4468,False,NBS_LRR,NP_176754.1 P-loop containing nucleoside triphosphate hydrolases superfamily protein [Arabidopsis thaliana],-0.254,-0.233
NP_197096.1,False,92.215,1.0546,False,cell_death_HR,91.929,1.0454,False,cell_death_HR,91.982,1.0462,False,cell_death_HR,NP_197096.1 structural maintenance of chromosomes 5 [Arabidopsis thaliana],-0.286,-0.233
NP_001327915.1,False,94.412,1.1332,False,cell_death_HR,91.041,1.0208,False,cell_death_HR,94.177,1.125,False,cell_death_HR,NP_001327915.1 heteroglycan glucosidase 1 [Arabidopsis thaliana],-3.371,-0.235
NP_850086.2,False,96.913,1.0051,False,antimicrobial,97.044,1.2182,False,antimicrobial,96.677,1.1884,False,antimicrobial,NP_850086.2 ARM repeat superfamily protein [Arabidopsis thaliana],0.131,-0.236
NP_001328525.1,False,96.942,0.8859,False,defense_signaling,98.175,0.9211,False,defense_signaling,96.706,0.8798,False,defense_signaling,NP_001328525.1 fanconi anemia group D2 protein [Arabidopsis thaliana],1.233,-0.236
NP_200103.1,False,95.897,0.8624,False,defense_signaling,96.467,0.8756,False,defense_signaling,95.66,0.8573,False,defense_signaling,NP_200103.1 timeless family protein [Arabidopsis thaliana],0.57,-0.237
NP_850962.1,False,92.715,1.0728,False,cell_death_HR,89.79,0.9903,False,cell_death_HR,92.478,1.0645,False,cell_death_HR,NP_850962.1 presequence protease 2 [Arabidopsis thaliana],-2.925,-0.237
NP_175386.2,False,92.715,1.0728,False,cell_death_HR,89.79,0.9903,False,cell_death_HR,92.478,1.0645,False,cell_death_HR,NP_175386.2 presequence protease 2 [Arabidopsis thaliana],-2.925,-0.237
NP_850961.1,False,92.715,1.0728,False,cell_death_HR,89.79,0.9903,False,cell_death_HR,92.478,1.0645,False,cell_death_HR,NP_850961.1 presequence protease 2 [Arabidopsis thaliana],-2.925,-0.237
NP_198117.2,False,69.347,0.5091,False,defense_signaling,69.571,0.5095,False,defense_signaling,69.11,0.5043,False,defense_signaling,NP_198117.2 Tudor/PWWP/MBT superfamily protein [Arabidopsis thaliana],0.224,-0.237
NP_001331239.1,False,89.024,0.921,False,NBS_LRR,87.89,0.8604,False,NBS_LRR,88.786,0.8861,False,NBS_LRR,NP_001331239.1 PPR superfamily protein [Arabidopsis thaliana],-1.134,-0.238
NP_001327489.1,False,88.0,0.8282,False,antimicrobial,88.332,0.8457,False,antimicrobial,87.761,0.8442,False,antimicrobial,NP_001327489.1 Carbohydrate-binding-like fold [Arabidopsis thaliana],0.332,-0.239
NP_195948.1,True,96.857,0.8845,False,defense_signaling,93.072,0.8059,False,defense_signaling,96.617,0.8784,False,defense_signaling,NP_195948.1 NRAMP metal ion transporter family protein [Arabidopsis thaliana],-3.785,-0.24
NP_001321990.1,False,43.195,0.178,False,defense_signaling,43.118,0.1756,False,defense_signaling,42.954,0.173,False,defense_signaling,NP_001321990.1 kinase superfamily with octicosapeptide/Phox/Bem1p domain-containing protein [Arabidopsis thaliana],-0.077,-0.241
NP_001328469.1,False,26.303,-0.1953,False,defense_signaling,12.911,-0.7914,False,defense_signaling,26.061,-0.2021,False,defense_signaling,NP_001328469.1 SCAR family protein [Arabidopsis thaliana],-13.392,-0.242
NP_001189932.1,False,91.644,1.0369,False,cell_death_HR,90.113,0.9996,False,cell_death_HR,91.402,1.0285,False,cell_death_HR,NP_001189932.1 presequence protease 1 [Arabidopsis thaliana],-1.531,-0.242
NP_193101.2,False,92.76,1.0438,False,NBS_LRR,91.547,0.9717,False,NBS_LRR,92.516,0.9852,False,NBS_LRR,NP_193101.2 Pentatricopeptide repeat (PPR) superfamily protein [Arabidopsis thaliana],-1.213,-0.244
NP_193595.3,False,26.594,-0.1887,False,defense_signaling,13.011,-0.7847,False,defense_signaling,26.349,-0.1955,False,defense_signaling,NP_193595.3 SCAR family protein [Arabidopsis thaliana],-13.583,-0.245
NP_001328467.1,False,26.594,-0.1887,False,defense_signaling,12.977,-0.7881,False,defense_signaling,26.349,-0.1955,False,defense_signaling,NP_001328467.1 SCAR family protein [Arabidopsis thaliana],-13.617,-0.245
NP_001328466.1,False,26.594,-0.1887,False,defense_signaling,13.077,-0.7811,False,defense_signaling,26.349,-0.1955,False,defense_signaling,NP_001328466.1 SCAR family protein [Arabidopsis thaliana],-13.517,-0.245
NP_197244.1,False,96.708,0.9728,False,antimicrobial,96.409,0.9663,False,antimicrobial,96.463,0.9641,False,antimicrobial,NP_197244.1 Cellulose synthase family protein [Arabidopsis thaliana],-0.299,-0.245
NP_173584.5,False,96.768,0.9081,False,antimicrobial,94.625,0.8735,False,antimicrobial,96.523,0.8995,False,antimicrobial,NP_173584.5 Preprotein translocase SecA family protein [Arabidopsis thaliana],-2.143,-0.245
NP_001330664.1,False,28.443,-0.1351,False,defense_signaling,29.42,-0.1109,False,defense_signaling,28.194,-0.1418,False,defense_signaling,NP_001330664.1 SET domain protein 25 [Arabidopsis thaliana],0.977,-0.249
NP_001330665.1,False,28.443,-0.1351,False,defense_signaling,29.42,-0.1109,False,defense_signaling,28.194,-0.1418,False,defense_signaling,NP_001330665.1 SET domain protein 25 [Arabidopsis thaliana],0.977,-0.249
NP_001330666.1,False,28.443,-0.1351,False,defense_signaling,29.42,-0.1109,False,defense_signaling,28.194,-0.1418,False,defense_signaling,NP_001330666.1 SET domain protein 25 [Arabidopsis thaliana],0.977,-0.249
NP_001330667.1,False,28.443,-0.1351,False,defense_signaling,29.42,-0.1109,False,defense_signaling,28.194,-0.1418,False,defense_signaling,NP_001330667.1 SET domain protein 25 [Arabidopsis thaliana],0.977,-0.249
NP_001318731.1,False,28.443,-0.1351,False,defense_signaling,29.42,-0.1109,False,defense_signaling,28.194,-0.1418,False,defense_signaling,NP_001318731.1 SET domain protein 25 [Arabidopsis thaliana],0.977,-0.249
NP_001330668.1,False,28.443,-0.1351,False,defense_signaling,29.42,-0.1109,False,defense_signaling,28.194,-0.1418,False,defense_signaling,NP_001330668.1 SET domain protein 25 [Arabidopsis thaliana],0.977,-0.249
NP_001330669.1,False,28.443,-0.1351,False,defense_signaling,29.42,-0.1109,False,defense_signaling,28.194,-0.1418,False,defense_signaling,NP_001330669.1 SET domain protein 25 [Arabidopsis thaliana],0.977,-0.249
NP_001330670.1,False,28.443,-0.1351,False,defense_signaling,29.42,-0.1109,False,defense_signaling,28.194,-0.1418,False,defense_signaling,NP_001330670.1 SET domain protein 25 [Arabidopsis thaliana],0.977,-0.249
NP_199642.1,False,96.676,0.8809,False,defense_signaling,96.426,0.8747,False,defense_signaling,96.426,0.8747,False,defense_signaling,NP_199642.1 portal protein [Arabidopsis thaliana],-0.25,-0.25
NP_001323940.1,False,90.65,1.0125,False,cell_death_HR,92.514,1.0668,False,cell_death_HR,90.399,1.0041,False,cell_death_HR,NP_001323940.1 multidrug resistance-associated protein 11 [Arabidopsis thaliana],1.864,-0.251
NP_001323939.1,False,90.65,1.0125,False,cell_death_HR,90.806,1.0158,False,cell_death_HR,90.399,1.0041,False,cell_death_HR,NP_001323939.1 multidrug resistance-associated protein 11 [Arabidopsis thaliana],0.156,-0.251
NP_850709.1,False,28.936,-0.123,False,defense_signaling,23.204,-0.2963,False,defense_signaling,28.685,-0.1297,False,defense_signaling,NP_850709.1 hypothetical protein (DUF3133) [Arabidopsis thaliana],-5.732,-0.251
NP_001318287.1,False,90.64,1.0122,False,cell_death_HR,88.348,0.9538,False,cell_death_HR,90.389,1.0038,False,cell_death_HR,NP_001318287.1 actin-binding FH2 (formin 2) family protein [Arabidopsis thaliana],-2.292,-0.251
NP_187676.1,False,18.498,-0.4905,False,defense_signaling,17.884,-0.5164,False,defense_signaling,18.245,-0.4974,False,defense_signaling,NP_187676.1 nuclear pore complex protein [Arabidopsis thaliana],-0.614,-0.253
NP_001330192.1,False,16.917,-0.5692,False,defense_signaling,16.883,-0.5654,False,defense_signaling,16.664,-0.5762,False,defense_signaling,NP_001330192.1 uncharacterized protein AT5G60150 [Arabidopsis thaliana],-0.034,-0.253
NP_001327263.1,False,18.498,-0.4905,False,defense_signaling,17.884,-0.5164,False,defense_signaling,18.245,-0.4974,False,defense_signaling,NP_001327263.1 nuclear pore complex protein [Arabidopsis thaliana],-0.614,-0.253
NP_181378.2,False,27.861,-0.1516,False,defense_signaling,24.449,-0.2526,False,defense_signaling,27.606,-0.1583,False,defense_signaling,NP_181378.2 SCAR homolog 2 [Arabidopsis thaliana],-3.412,-0.255
NP_180742.1,False,96.649,1.0994,False,cell_death_HR,94.088,1.1165,False,cell_death_HR,96.394,1.1086,False,cell_death_HR,NP_180742.1 endonuclease/exonuclease/phosphatase family protein [Arabidopsis thaliana],-2.561,-0.255
NP_001189651.1,False,96.649,1.0994,False,cell_death_HR,94.474,1.071,False,cell_death_HR,96.394,1.0912,False,cell_death_HR,NP_001189651.1 endonuclease/exonuclease/phosphatase family protein [Arabidopsis thaliana],-2.175,-0.255
NP_187029.2,False,96.631,0.8793,False,defense_signaling,96.318,0.8724,False,defense_signaling,96.376,0.8731,False,defense_signaling,NP_187029.2 ankyrin repeat family protein / regulator of chromosome condensation (RCC1) family protein [Arabidopsis thaliana],-0.313,-0.255
NP_001330634.1,False,18.572,-0.487,False,defense_signaling,17.832,-0.5185,False,defense_signaling,18.316,-0.494,False,defense_signaling,NP_001330634.1 SCAR family protein 4 [Arabidopsis thaliana],-0.74,-0.256
NP_188548.2,False,91.149,1.0243,False,cell_death_HR,88.369,0.954,False,cell_death_HR,90.893,1.0159,False,cell_death_HR,NP_188548.2 presequence protease 1 [Arabidopsis thaliana],-2.78,-0.256
NP_001330639.1,False,18.572,-0.487,False,defense_signaling,17.832,-0.5185,False,defense_signaling,18.316,-0.494,False,defense_signaling,NP_001330639.1 SCAR family protein 4 [Arabidopsis thaliana],-0.74,-0.256
NP_178811.7,False,89.441,0.9808,False,cell_death_HR,92.016,1.0488,False,cell_death_HR,89.184,0.9724,False,cell_death_HR,NP_178811.7 multidrug resistance-associated protein 11 [Arabidopsis thaliana],2.575,-0.257
NP_196863.5,False,19.637,-0.4382,False,defense_signaling,19.635,-0.4371,False,defense_signaling,19.378,-0.4447,False,defense_signaling,NP_196863.5 uncharacterized protein AT5G13590 [Arabidopsis thaliana],-0.002,-0.259
NP_001331743.1,False,19.637,-0.4382,False,defense_signaling,19.635,-0.4371,False,defense_signaling,19.378,-0.4447,False,defense_signaling,NP_001331743.1 uncharacterized protein AT5G13590 [Arabidopsis thaliana],-0.002,-0.259
NP_001331742.1,False,19.637,-0.4382,False,defense_signaling,19.635,-0.4371,False,defense_signaling,19.378,-0.4447,False,defense_signaling,NP_001331742.1 uncharacterized protein AT5G13590 [Arabidopsis thaliana],-0.002,-0.259
NP_001331741.1,False,19.637,-0.4382,False,defense_signaling,19.635,-0.4371,False,defense_signaling,19.378,-0.4447,False,defense_signaling,NP_001331741.1 uncharacterized protein AT5G13590 [Arabidopsis thaliana],-0.002,-0.259
NP_181714.3,False,93.291,0.8089,False,defense_signaling,93.115,0.8068,False,defense_signaling,93.03,0.8049,False,defense_signaling,NP_181714.3 Uncharacterized protein AT2G41830 [Arabidopsis thaliana],-0.176,-0.261
NP_001319331.1,False,90.367,0.8487,False,antimicrobial,94.416,0.8327,False,defense_signaling,90.105,0.8401,False,antimicrobial,NP_001319331.1 HEAT repeat-containing protein [Arabidopsis thaliana],4.049,-0.262
NP_191795.1,False,89.524,0.8364,False,antimicrobial,89.539,0.8545,False,antimicrobial,89.261,0.8512,False,antimicrobial,NP_191795.1 Carbohydrate-binding-like fold [Arabidopsis thaliana],0.015,-0.263
NP_973597.1,False,92.823,1.0713,False,antimicrobial,93.24,1.0835,False,antimicrobial,92.559,1.0627,False,antimicrobial,NP_973597.1 ARM repeat superfamily protein [Arabidopsis thaliana],0.417,-0.264
NP_177800.1,False,19.626,-0.4385,False,defense_signaling,17.07,-0.5567,False,defense_signaling,19.362,-0.4455,False,defense_signaling,NP_177800.1 uncharacterized protein AT1G76740 [Arabidopsis thaliana],-2.556,-0.264
NP_001323937.1,False,89.047,0.9707,False,cell_death_HR,92.012,1.0485,False,cell_death_HR,88.778,0.9622,False,cell_death_HR,NP_001323937.1 multidrug resistance-associated protein 11 [Arabidopsis thaliana],2.965,-0.269
NP_176692.3,False,87.655,0.7248,False,defense_signaling,87.908,0.729,False,defense_signaling,87.386,0.72,False,defense_signaling,NP_176692.3 Ubiquitin carboxyl-terminal hydrolase-related protein [Arabidopsis thaliana],0.253,-0.269
NP_051117.1,False,19.759,-0.4333,False,defense_signaling,12.459,-0.8241,False,defense_signaling,19.489,-0.4402,False,defense_signaling,NP_051117.1 Ycf1 (chloroplast) [Arabidopsis thaliana],-7.3,-0.27
NP_176393.1,False,96.594,0.9192,False,antimicrobial,96.486,0.876,False,defense_signaling,96.324,0.9105,False,antimicrobial,"NP_176393.1 Coatomer, alpha subunit [Arabidopsis thaliana]",-0.108,-0.27
NP_001330242.1,False,29.915,-0.0977,False,defense_signaling,27.901,-0.1496,False,defense_signaling,29.643,-0.1044,False,defense_signaling,NP_001330242.1 embryonic flower 1 (EMF1) [Arabidopsis thaliana],-2.014,-0.272
NP_001323936.1,False,88.962,0.9685,False,cell_death_HR,91.862,1.0437,False,cell_death_HR,88.69,0.96,False,cell_death_HR,NP_001323936.1 multidrug resistance-associated protein 11 [Arabidopsis thaliana],2.9,-0.272
NP_001325603.1,False,24.698,-0.2454,False,defense_signaling,20.947,-0.3804,False,defense_signaling,24.426,-0.2522,False,defense_signaling,NP_001325603.1 hypothetical protein (DUF3133) [Arabidopsis thaliana],-3.751,-0.272
NP_001330243.1,False,29.915,-0.0977,False,defense_signaling,27.901,-0.1496,False,defense_signaling,29.643,-0.1044,False,defense_signaling,NP_001330243.1 embryonic flower 1 (EMF1) [Arabidopsis thaliana],-2.014,-0.272
NP_196714.1,False,29.915,-0.0977,False,defense_signaling,27.901,-0.1496,False,defense_signaling,29.643,-0.1044,False,defense_signaling,NP_196714.1 embryonic flower 1 (EMF1) [Arabidopsis thaliana],-2.014,-0.272
NP_194284.2,False,87.352,0.9314,False,cell_death_HR,87.45,0.9337,False,cell_death_HR,87.079,0.9228,False,cell_death_HR,NP_194284.2 homolog of DNA mismatch repair protein MSH3 [Arabidopsis thaliana],0.098,-0.273
NP_001329938.1,False,24.424,-0.2556,False,defense_signaling,22.659,-0.3135,False,defense_signaling,24.148,-0.2624,False,defense_signaling,NP_001329938.1 COP1-interacting protein 4.1 [Arabidopsis thaliana],-1.765,-0.276
NP_001322600.1,False,20.57,-0.3985,False,defense_signaling,20.832,-0.3854,False,defense_signaling,20.294,-0.4054,False,defense_signaling,NP_001322600.1 Zinc finger C-x8-C-x5-C-x3-H type family protein [Arabidopsis thaliana],0.262,-0.276
NP_001322599.1,False,20.57,-0.3985,False,defense_signaling,19.982,-0.4226,False,defense_signaling,20.294,-0.4054,False,defense_signaling,NP_001322599.1 Zinc finger C-x8-C-x5-C-x3-H type family protein [Arabidopsis thaliana],-0.588,-0.276
NP_001322598.1,False,20.57,-0.3985,False,defense_signaling,20.696,-0.3905,False,defense_signaling,20.294,-0.4054,False,defense_signaling,NP_001322598.1 Zinc finger C-x8-C-x5-C-x3-H type family protein [Arabidopsis thaliana],0.126,-0.276
NP_001322597.1,False,20.57,-0.3985,False,defense_signaling,20.832,-0.3854,False,defense_signaling,20.294,-0.4054,False,defense_signaling,NP_001322597.1 Zinc finger C-x8-C-x5-C-x3-H type family protein [Arabidopsis thaliana],0.262,-0.276
NP_001322596.1,False,20.57,-0.3985,False,defense_signaling,19.982,-0.4226,False,defense_signaling,20.294,-0.4054,False,defense_signaling,NP_001322596.1 Zinc finger C-x8-C-x5-C-x3-H type family protein [Arabidopsis thaliana],-0.588,-0.276
NP_001323075.1,False,85.459,0.8879,False,cell_death_HR,85.201,0.8808,False,cell_death_HR,85.183,0.8793,False,cell_death_HR,NP_001323075.1 NF-X-like 1 [Arabidopsis thaliana],-0.258,-0.276
NP_567201.5,False,24.424,-0.2556,False,defense_signaling,22.914,-0.3052,False,defense_signaling,24.148,-0.2624,False,defense_signaling,NP_567201.5 COP1-interacting protein 4.1 [Arabidopsis thaliana],-1.51,-0.276
NP_001329937.1,False,24.424,-0.2556,False,defense_signaling,22.667,-0.3133,False,defense_signaling,24.148,-0.2624,False,defense_signaling,NP_001329937.1 COP1-interacting protein 4.1 [Arabidopsis thaliana],-1.757,-0.276
NP_192120.4,False,33.223,-0.0157,False,defense_signaling,32.377,-0.0371,False,defense_signaling,32.947,-0.0224,False,defense_signaling,NP_192120.4 transcription coactivator [Arabidopsis thaliana],-0.846,-0.276
NP_001322603.1,False,20.57,-0.3985,False,defense_signaling,15.035,-0.6717,False,defense_signaling,20.294,-0.4054,False,defense_signaling,NP_001322603.1 Zinc finger C-x8-C-x5-C-x3-H type family protein [Arabidopsis thaliana],-5.535,-0.276
NP_001322601.1,False,20.57,-0.3985,False,defense_signaling,21.031,-0.3777,False,defense_signaling,20.294,-0.4054,False,defense_signaling,NP_001322601.1 Zinc finger C-x8-C-x5-C-x3-H type family protein [Arabidopsis thaliana],0.461,-0.276
NP_001322602.1,False,20.57,-0.3985,False,defense_signaling,21.031,-0.3777,False,defense_signaling,20.294,-0.4054,False,defense_signaling,NP_001322602.1 Zinc finger C-x8-C-x5-C-x3-H type family protein [Arabidopsis thaliana],0.461,-0.276
NP_173577.2,False,20.57,-0.3985,False,defense_signaling,21.82,-0.3443,False,defense_signaling,20.294,-0.4054,False,defense_signaling,NP_173577.2 Zinc finger C-x8-C-x5-C-x3-H type family protein [Arabidopsis thaliana],1.25,-0.276
NP_001322900.1,False,96.482,0.8756,False,defense_signaling,95.513,0.8538,False,defense_signaling,96.204,0.8695,False,defense_signaling,NP_001322900.1 P-loop containing nucleoside triphosphate hydrolases superfamily protein [Arabidopsis thaliana],-0.969,-0.278
NP_200882.4,False,96.451,0.8749,False,defense_signaling,94.81,0.8497,False,antimicrobial,96.173,0.8776,False,antimicrobial,NP_200882.4 ABC transporter family protein [Arabidopsis thaliana],-1.641,-0.278
NP_172157.1,False,96.299,0.871,False,defense_signaling,95.913,0.8629,False,defense_signaling,96.021,0.8649,False,defense_signaling,NP_172157.1 P-loop containing nucleoside triphosphate hydrolases superfamily protein [Arabidopsis thaliana],-0.386,-0.278
NP_001324398.1,False,96.121,0.907,False,antimicrobial,95.349,0.9273,False,antimicrobial,95.843,0.9371,False,antimicrobial,NP_001324398.1 Di-glucose binding protein with Kinesin motor domain-containing protein [Arabidopsis thaliana],-0.772,-0.278
NP_001189577.1,False,96.459,0.9011,False,antimicrobial,95.862,0.9097,False,antimicrobial,96.181,0.9121,False,antimicrobial,NP_001189577.1 Di-glucose binding protein with Kinesin motor domain-containing protein [Arabidopsis thaliana],-0.597,-0.278
NP_001320096.1,False,96.144,0.8679,False,defense_signaling,96.98,0.8867,False,defense_signaling,95.866,0.9511,False,antimicrobial,NP_001320096.1 ARM repeat superfamily protein [Arabidopsis thaliana],0.836,-0.278
NP_001329807.1,False,30.055,-0.094,False,defense_signaling,29.869,-0.0984,False,defense_signaling,29.776,-0.1007,False,defense_signaling,NP_001329807.1 CW-type Zinc Finger [Arabidopsis thaliana],-0.186,-0.279
NP_180104.3,False,96.37,0.8732,False,defense_signaling,98.046,0.9166,False,defense_signaling,96.09,0.8671,False,defense_signaling,NP_180104.3 TRAF-like family protein [Arabidopsis thaliana],1.676,-0.28
NP_001185058.1,False,96.426,0.8745,False,defense_signaling,99.226,1.1105,True,antimicrobial,96.146,1.1303,False,antimicrobial,NP_001185058.1 Preprotein translocase SecA family protein [Arabidopsis thaliana],2.8,-0.28
NP_001030896.1,False,96.233,0.8698,False,defense_signaling,91.738,0.7852,False,defense_signaling,95.953,0.8637,False,defense_signaling,NP_001030896.1 sacI homology domain-containing protein / WW domain-containing protein [Arabidopsis thaliana],-4.495,-0.28
NP_001190489.1,False,96.368,0.8732,False,defense_signaling,96.22,0.8702,False,defense_signaling,96.088,0.8671,False,defense_signaling,NP_001190489.1 portal protein [Arabidopsis thaliana],-0.148,-0.28
NP_181219.4,False,96.297,0.8824,False,antimicrobial,95.571,0.8551,False,defense_signaling,96.017,0.8737,False,antimicrobial,NP_181219.4 ARM repeat superfamily protein [Arabidopsis thaliana],-0.726,-0.28
NP_194828.7,False,96.228,0.8695,False,defense_signaling,96.484,0.876,False,defense_signaling,95.946,0.9606,False,antimicrobial,NP_194828.7 ARM repeat superfamily protein [Arabidopsis thaliana],0.256,-0.282
NP_001328345.1,False,96.228,0.8695,False,defense_signaling,96.198,0.8914,False,antimicrobial,95.946,0.9796,False,antimicrobial,NP_001328345.1 ARM repeat superfamily protein [Arabidopsis thaliana],-0.03,-0.282
NP_179846.3,False,96.069,0.903,False,antimicrobial,95.31,0.9235,False,antimicrobial,95.787,0.9332,False,antimicrobial,NP_179846.3 Di-glucose binding protein with Kinesin motor domain-containing protein [Arabidopsis thaliana],-0.759,-0.282
NP_001189827.1,False,96.063,1.0323,False,antimicrobial,95.949,1.0313,False,antimicrobial,95.781,1.0254,False,antimicrobial,NP_001189827.1 chromatin-remodeling protein 11 [Arabidopsis thaliana],-0.114,-0.282
NP_001324607.1,False,96.178,0.8686,False,defense_signaling,98.033,0.9163,False,defense_signaling,95.895,0.8625,False,defense_signaling,NP_001324607.1 TRAF-like family protein [Arabidopsis thaliana],1.855,-0.283
NP_001154232.2,False,88.751,0.9633,False,cell_death_HR,88.493,0.9566,False,cell_death_HR,88.468,0.9548,False,cell_death_HR,NP_001154232.2 Regulator of chromosome condensation (RCC1) family protein [Arabidopsis thaliana],-0.258,-0.283
NP_187887.3,False,96.017,0.8652,False,defense_signaling,94.229,0.8296,False,defense_signaling,95.733,0.8591,False,defense_signaling,NP_187887.3 SNF2 domain-containing protein / helicase domain-containing protein [Arabidopsis thaliana],-1.788,-0.284
NP_196440.1,False,32.875,-0.0243,False,defense_signaling,32.647,-0.0309,False,defense_signaling,32.591,-0.031,False,defense_signaling,NP_196440.1 tudor/PWWP/MBT domain protein [Arabidopsis thaliana],-0.228,-0.284
NP_001185099.1,False,33.074,-0.0196,False,defense_signaling,31.931,-0.0473,False,defense_signaling,32.79,-0.0262,False,defense_signaling,NP_001185099.1 DNA binding protein [Arabidopsis thaliana],-1.143,-0.284
NP_001185059.1,False,96.165,0.9026,False,antimicrobial,93.918,0.8669,False,antimicrobial,95.88,0.8939,False,antimicrobial,NP_001185059.1 Preprotein translocase SecA family protein [Arabidopsis thaliana],-2.247,-0.285
NP_194537.7,False,81.119,0.7992,False,cell_death_HR,85.629,0.6972,False,defense_signaling,80.833,0.7903,False,cell_death_HR,NP_194537.7 Tetratricopeptide repeat (TPR)-like superfamily protein [Arabidopsis thaliana],4.51,-0.286
NP_001329078.1,False,95.889,0.8621,False,defense_signaling,95.787,0.8604,False,defense_signaling,95.602,0.856,False,defense_signaling,NP_001329078.1 DNA topoisomerase 4 subunit B (DUF810) [Arabidopsis thaliana],-0.102,-0.287
NP_191200.1,False,31.587,-0.0555,False,defense_signaling,21.362,-0.3637,False,defense_signaling,31.298,-0.0622,False,defense_signaling,NP_191200.1 hypothetical protein (DUF3133) [Arabidopsis thaliana],-10.225,-0.289
NP_001330631.1,False,34.287,0.0082,False,defense_signaling,24.235,-0.2613,False,defense_signaling,33.996,0.0015,False,defense_signaling,NP_001330631.1 SCAR family protein 4 [Arabidopsis thaliana],-10.052,-0.291
NP_001318456.1,False,34.287,0.0082,False,defense_signaling,25.752,-0.2123,False,defense_signaling,33.996,0.0015,False,defense_signaling,NP_001318456.1 SCAR family protein 4 [Arabidopsis thaliana],-8.535,-0.291
NP_195793.3,False,34.287,0.0082,False,defense_signaling,25.752,-0.2123,False,defense_signaling,33.996,0.0015,False,defense_signaling,NP_195793.3 SCAR family protein 4 [Arabidopsis thaliana],-8.535,-0.291
NP_001323938.1,False,88.666,0.9613,False,cell_death_HR,90.105,0.9995,False,cell_death_HR,88.375,0.9527,False,cell_death_HR,NP_001323938.1 multidrug resistance-associated protein 11 [Arabidopsis thaliana],1.439,-0.291
NP_001330638.1,False,34.287,0.0082,False,defense_signaling,24.747,-0.2428,False,defense_signaling,33.996,0.0015,False,defense_signaling,NP_001330638.1 SCAR family protein 4 [Arabidopsis thaliana],-9.54,-0.291
NP_173957.2,False,32.24,-0.0396,False,defense_signaling,31.5,-0.0571,False,defense_signaling,31.948,-0.0463,False,defense_signaling,NP_173957.2 DNA binding protein [Arabidopsis thaliana],-0.74,-0.292
NP_001329346.1,False,84.225,0.8612,False,cell_death_HR,78.591,0.7658,False,antimicrobial,83.933,0.8525,False,cell_death_HR,NP_001329346.1 RNA polymerase II large subunit [Arabidopsis thaliana],-5.634,-0.292
NP_172938.2,False,95.772,0.9572,False,antimicrobial,97.517,0.8983,False,defense_signaling,95.48,0.9485,False,antimicrobial,NP_172938.2 nucleoporin 155 [Arabidopsis thaliana],1.745,-0.292
NP_195305.2,False,84.225,0.8612,False,cell_death_HR,78.591,0.7658,False,antimicrobial,83.933,0.8525,False,cell_death_HR,NP_195305.2 RNA polymerase II large subunit [Arabidopsis thaliana],-5.634,-0.292
NP_001321781.1,False,92.441,1.0605,False,antimicrobial,96.366,0.8731,False,defense_signaling,92.148,1.0519,False,antimicrobial,NP_001321781.1 THO2 [Arabidopsis thaliana],3.925,-0.293
NP_176885.7,False,90.367,0.8487,False,antimicrobial,94.378,0.8319,False,defense_signaling,90.074,0.8401,False,antimicrobial,NP_176885.7 HEAT repeat-containing protein [Arabidopsis thaliana],4.011,-0.293
NP_191633.3,False,95.507,1.0989,False,antimicrobial,94.646,1.1105,False,antimicrobial,95.213,1.1077,False,antimicrobial,NP_191633.3 ARM repeat superfamily protein [Arabidopsis thaliana],-0.861,-0.294
NP_001327226.1,False,95.507,1.0989,False,antimicrobial,93.893,1.104,False,antimicrobial,95.213,1.0998,False,antimicrobial,NP_001327226.1 ARM repeat superfamily protein [Arabidopsis thaliana],-1.614,-0.294
NP_179734.1,False,95.534,0.909,False,antimicrobial,95.532,0.8541,False,defense_signaling,95.239,0.9004,False,antimicrobial,"NP_179734.1 Coatomer, alpha subunit [Arabidopsis thaliana]",-0.002,-0.295
NP_001326839.1,False,95.592,0.8544,False,defense_signaling,94.219,0.8294,False,defense_signaling,95.297,0.8483,False,defense_signaling,NP_001326839.1 SNF2 domain-containing protein / helicase domain-containing protein [Arabidopsis thaliana],-1.373,-0.295
NP_001329936.1,False,23.754,-0.2773,False,defense_signaling,22.098,-0.3337,False,defense_signaling,23.457,-0.2841,False,defense_signaling,NP_001329936.1 COP1-interacting protein 4.1 [Arabidopsis thaliana],-1.656,-0.297
NP_568806.3,False,80.169,0.7814,False,cell_death_HR,80.078,0.7776,False,cell_death_HR,79.872,0.7725,False,cell_death_HR,NP_568806.3 myosin 2 [Arabidopsis thaliana],-0.091,-0.297
NP_001324935.1,False,95.624,0.8549,False,defense_signaling,95.307,0.8491,False,defense_signaling,95.327,0.8487,False,defense_signaling,NP_001324935.1 cellulose synthase-like D1 [Arabidopsis thaliana],-0.317,-0.297
NP_180869.1,False,95.624,0.8549,False,defense_signaling,95.307,0.8491,False,defense_signaling,95.327,0.8487,False,defense_signaling,NP_180869.1 cellulose synthase-like D1 [Arabidopsis thaliana],-0.317,-0.297
NP_001324922.1,False,23.832,-0.2752,False,defense_signaling,24.546,-0.2496,False,defense_signaling,23.533,-0.282,False,defense_signaling,NP_001324922.1 Tudor/PWWP/MBT domain-containing protein [Arabidopsis thaliana],0.714,-0.299
NP_850485.2,False,23.832,-0.2752,False,defense_signaling,24.461,-0.2522,False,defense_signaling,23.533,-0.282,False,defense_signaling,NP_850485.2 Tudor/PWWP/MBT domain-containing protein [Arabidopsis thaliana],0.629,-0.299
NP_197528.1,False,95.438,0.8511,False,defense_signaling,94.932,0.8417,False,defense_signaling,95.138,0.845,False,defense_signaling,NP_197528.1 sucrose phosphate synthase 1F [Arabidopsis thaliana],-0.506,-0.3
NP_187962.1,False,95.467,0.8518,False,defense_signaling,95.536,0.8544,False,defense_signaling,95.167,0.8457,False,defense_signaling,NP_187962.1 mitogen-activated protein kinase kinase kinase 7 [Arabidopsis thaliana],0.069,-0.3
NP_197462.1,False,95.459,1.0904,False,antimicrobial,94.862,1.0433,False,antimicrobial,95.158,1.0818,False,antimicrobial,NP_197462.1 GNOM-like 2 [Arabidopsis thaliana],-0.597,-0.301
NP_001332116.1,False,34.695,0.019,False,defense_signaling,32.833,-0.0259,False,defense_signaling,34.392,0.0123,False,defense_signaling,NP_001332116.1 FIP1[V]-like protein [Arabidopsis thaliana],-1.862,-0.303
NP_001321495.1,False,83.578,0.8482,False,cell_death_HR,93.391,0.8123,False,defense_signaling,83.275,0.8394,False,cell_death_HR,NP_001321495.1 Tetratricopeptide repeat (TPR)-like superfamily protein [Arabidopsis thaliana],9.813,-0.303
NP_200612.2,False,34.695,0.019,False,defense_signaling,33.452,-0.0107,False,defense_signaling,34.392,0.0123,False,defense_signaling,NP_200612.2 FIP1[V]-like protein [Arabidopsis thaliana],-1.243,-0.303
NP_001184884.1,False,83.578,0.8482,False,cell_death_HR,93.403,0.8125,False,defense_signaling,83.275,0.8394,False,cell_death_HR,NP_001184884.1 Tetratricopeptide repeat (TPR)-like superfamily protein [Arabidopsis thaliana],9.825,-0.303
NP_001318825.1,False,77.63,0.7354,False,cell_death_HR,70.832,0.6164,False,cell_death_HR,77.321,0.7264,False,cell_death_HR,NP_001318825.1 actin binding protein [Arabidopsis thaliana],-6.798,-0.309
NP_001319506.1,False,88.351,0.8655,False,NBS_LRR,88.042,0.7914,False,NBS_LRR,88.04,0.792,False,NBS_LRR,NP_001319506.1 Pentatricopeptide repeat (PPR) superfamily protein [Arabidopsis thaliana],-0.309,-0.311
NP_187516.1,False,88.351,0.8655,False,NBS_LRR,88.042,0.7914,False,NBS_LRR,88.04,0.792,False,NBS_LRR,NP_187516.1 Pentatricopeptide repeat (PPR) superfamily protein [Arabidopsis thaliana],-0.309,-0.311
NP_188028.2,False,88.093,0.7316,False,defense_signaling,88.276,0.735,False,defense_signaling,87.78,0.7267,False,defense_signaling,NP_188028.2 nuclear pore complex protein [Arabidopsis thaliana],0.183,-0.313
NP_189020.2,True,92.029,1.0481,False,antimicrobial,91.71,1.0403,False,antimicrobial,91.716,1.0395,False,antimicrobial,NP_189020.2 nuclear RNA polymerase D2A [Arabidopsis thaliana],-0.319,-0.313
NP_001189957.1,True,92.029,1.0481,False,antimicrobial,91.71,1.0403,False,antimicrobial,91.716,1.0395,False,antimicrobial,NP_001189957.1 nuclear RNA polymerase D2A [Arabidopsis thaliana],-0.319,-0.313
NP_001077646.1,False,36.704,0.0599,False,defense_signaling,34.541,0.0155,False,defense_signaling,36.383,0.0533,False,defense_signaling,NP_001077646.1 RING/FYVE/PHD zinc finger superfamily protein [Arabidopsis thaliana],-2.163,-0.321
NP_189075.2,False,95.268,0.8532,False,antimicrobial,93.704,0.9299,False,antimicrobial,94.945,0.9595,False,antimicrobial,NP_189075.2 MUTL protein homolog 1 [Arabidopsis thaliana],-1.564,-0.323
NP_197706.1,False,36.053,0.0463,False,defense_signaling,33.967,0.0003,False,defense_signaling,35.729,0.0397,False,defense_signaling,NP_197706.1 Tudor/PWWP/MBT domain-containing protein [Arabidopsis thaliana],-2.086,-0.324
NP_001330849.1,False,36.053,0.0463,False,defense_signaling,33.725,-0.0049,False,defense_signaling,35.729,0.0397,False,defense_signaling,NP_001330849.1 Tudor/PWWP/MBT domain-containing protein [Arabidopsis thaliana],-2.328,-0.324
NP_199419.2,False,84.274,0.8515,False,antimicrobial,82.984,0.8419,False,antimicrobial,83.95,0.8428,False,antimicrobial,NP_199419.2 Guanylate-binding family protein [Arabidopsis thaliana],-1.29,-0.324
NP_001330848.1,False,36.053,0.0463,False,defense_signaling,33.967,0.0003,False,defense_signaling,35.729,0.0397,False,defense_signaling,NP_001330848.1 Tudor/PWWP/MBT domain-containing protein [Arabidopsis thaliana],-2.086,-0.324
NP_173498.3,False,95.26,0.8479,False,defense_signaling,95.407,0.8511,False,defense_signaling,94.934,0.8417,False,defense_signaling,NP_173498.3 RAD3-like DNA-binding helicase protein [Arabidopsis thaliana],0.147,-0.326
NP_196497.1,False,94.959,0.842,False,defense_signaling,91.364,0.7785,False,defense_signaling,94.631,0.8359,False,defense_signaling,NP_196497.1 phosphatidylinositol 4-OH kinase beta2 [Arabidopsis thaliana],-3.595,-0.328
NP_566931.1,False,95.068,0.8437,False,defense_signaling,94.366,0.8316,False,defense_signaling,94.739,0.8376,False,defense_signaling,NP_566931.1 ATP binding microtubule motor family protein [Arabidopsis thaliana],-0.702,-0.329
NP_175130.2,False,79.181,0.6195,False,defense_signaling,76.812,0.5919,False,defense_signaling,78.852,0.6132,False,defense_signaling,NP_175130.2 Protein kinase superfamily protein [Arabidopsis thaliana],-2.369,-0.329
NP_001322107.1,False,95.084,0.8439,False,defense_signaling,93.661,0.8178,False,defense_signaling,94.754,0.8377,False,defense_signaling,NP_001322107.1 Acyl-CoA N-acyltransferase with RING/FYVE/PHD-type zinc finger protein [Arabidopsis thaliana],-1.423,-0.33
NP_563736.3,False,95.084,0.8439,False,defense_signaling,93.661,0.8178,False,defense_signaling,94.754,0.8377,False,defense_signaling,NP_563736.3 Acyl-CoA N-acyltransferase with RING/FYVE/PHD-type zinc finger protein [Arabidopsis thaliana],-1.423,-0.33
NP_197134.1,False,93.92,0.8216,False,defense_signaling,93.999,0.8253,False,defense_signaling,93.59,0.8165,False,defense_signaling,NP_197134.1 Vps51/Vps67 family (components of vesicular transport) protein [Arabidopsis thaliana],0.079,-0.33
NP_001117233.1,False,95.084,0.8439,False,defense_signaling,93.661,0.8178,False,defense_signaling,94.754,0.8377,False,defense_signaling,NP_001117233.1 Acyl-CoA N-acyltransferase with RING/FYVE/PHD-type zinc finger protein [Arabidopsis thaliana],-1.423,-0.33
NP_001324706.1,False,79.122,0.6188,False,defense_signaling,73.795,0.5573,False,defense_signaling,78.79,0.6125,False,defense_signaling,NP_001324706.1 AAA-type ATPase family protein [Arabidopsis thaliana],-5.327,-0.332
NP_001078527.1,False,37.87,0.0832,False,defense_signaling,37.445,0.0738,False,defense_signaling,37.538,0.0766,False,defense_signaling,NP_001078527.1 HhH-GPD base excision DNA repair family protein [Arabidopsis thaliana],-0.425,-0.332
NP_001118676.1,False,37.554,0.077,False,defense_signaling,38.013,0.0849,False,defense_signaling,37.222,0.0704,False,defense_signaling,NP_001118676.1 time for coffee [Arabidopsis thaliana],0.459,-0.332
NP_566705.1,False,37.554,0.077,False,defense_signaling,37.87,0.0826,False,defense_signaling,37.222,0.0704,False,defense_signaling,NP_566705.1 time for coffee [Arabidopsis thaliana],0.316,-0.332
NP_191316.5,False,79.045,0.618,False,defense_signaling,78.949,0.6155,False,defense_signaling,78.713,0.6117,False,defense_signaling,NP_191316.5 ARM repeat superfamily protein [Arabidopsis thaliana],-0.096,-0.332
NP_001326717.1,False,37.495,0.0757,False,defense_signaling,37.725,0.0794,False,defense_signaling,37.163,0.0691,False,defense_signaling,NP_001326717.1 time for coffee [Arabidopsis thaliana],0.23,-0.332
NP_001326508.1,False,95.019,0.8428,False,defense_signaling,94.391,0.8321,False,defense_signaling,94.687,0.8367,False,defense_signaling,NP_001326508.1 ATP binding microtubule motor family protein [Arabidopsis thaliana],-0.628,-0.332
NP_565285.1,False,79.122,0.6188,False,defense_signaling,73.795,0.5573,False,defense_signaling,78.79,0.6125,False,defense_signaling,NP_565285.1 AAA-type ATPase family protein [Arabidopsis thaliana],-5.327,-0.332
NP_196686.1,True,98.289,1.5314,False,NBS_LRR,97.795,1.446,False,NBS_LRR,97.955,1.4625,False,NBS_LRR,NP_196686.1 Disease resistance protein (TIR-NBS-LRR class) [Arabidopsis thaliana],-0.494,-0.334
NP_001319705.1,False,79.471,0.6223,False,defense_signaling,73.306,0.552,False,defense_signaling,79.137,0.6161,False,defense_signaling,NP_001319705.1 Ubiquitin carboxyl-terminal hydrolase-related protein [Arabidopsis thaliana],-6.165,-0.334
NP_001331232.1,False,78.823,0.6154,False,defense_signaling,75.12,0.573,False,defense_signaling,78.489,0.6091,False,defense_signaling,NP_001331232.1 no exine formation 1 [Arabidopsis thaliana],-3.703,-0.334
NP_174804.4,False,79.528,0.623,False,defense_signaling,81.034,0.6395,False,defense_signaling,79.194,0.6168,False,defense_signaling,NP_174804.4 erythroid differentiation factor-like protein [Arabidopsis thaliana],1.506,-0.334
NP_001319788.1,False,80.185,0.6306,False,defense_signaling,78.908,0.615,False,defense_signaling,79.851,0.6244,False,defense_signaling,NP_001319788.1 uncharacterized protein AT3G58050 [Arabidopsis thaliana],-1.277,-0.334
NP_177527.3,False,92.723,0.7998,False,defense_signaling,92.511,0.7971,False,defense_signaling,92.389,0.7942,False,defense_signaling,NP_177527.3 P-loop containing nucleoside triphosphate hydrolases superfamily protein [Arabidopsis thaliana],-0.212,-0.334
NP_190372.3,False,79.471,0.6223,False,defense_signaling,73.306,0.552,False,defense_signaling,79.137,0.6161,False,defense_signaling,NP_190372.3 Ubiquitin carboxyl-terminal hydrolase-related protein [Arabidopsis thaliana],-6.165,-0.334
NP_001319152.1,False,80.322,0.6324,False,defense_signaling,81.71,0.6478,False,defense_signaling,79.986,0.6261,False,defense_signaling,NP_001319152.1 DEAD/DEAH box RNA helicase family protein [Arabidopsis thaliana],1.388,-0.336
NP_188437.2,False,91.348,1.0311,False,antimicrobial,90.978,1.0217,False,antimicrobial,91.012,1.0224,False,antimicrobial,NP_188437.2 nuclear RNA polymerase D2B [Arabidopsis thaliana],-0.37,-0.336
NP_187937.2,False,86.556,0.7098,False,defense_signaling,89.58,0.7533,False,defense_signaling,86.22,0.7047,False,defense_signaling,NP_187937.2 varicose-like protein [Arabidopsis thaliana],3.024,-0.336
NP_001322652.1,False,79.889,0.6272,False,defense_signaling,75.182,0.5736,False,defense_signaling,79.551,0.621,False,defense_signaling,NP_001322652.1 Exocyst complex component SEC5 [Arabidopsis thaliana],-4.707,-0.338
NP_188401.1,False,79.903,0.6275,False,defense_signaling,75.491,0.6796,False,antimicrobial,79.565,0.7373,False,antimicrobial,NP_188401.1 uncharacterized protein AT3G17740 [Arabidopsis thaliana],-4.412,-0.338
NP_191325.1,False,94.924,0.8411,False,defense_signaling,94.644,0.8364,False,defense_signaling,94.584,0.8349,False,defense_signaling,NP_191325.1 nuclear RNA polymerase A1 [Arabidopsis thaliana],-0.28,-0.34
NP_174106.1,False,38.254,0.0904,False,defense_signaling,36.536,0.0556,False,defense_signaling,37.914,0.0838,False,defense_signaling,NP_174106.1 RUN/FYVE domain protein [Arabidopsis thaliana],-1.718,-0.34
NP_001326462.1,False,79.678,0.6246,False,defense_signaling,80.384,0.6314,False,defense_signaling,79.338,0.6184,False,defense_signaling,NP_001326462.1 DNAJ heat shock N-terminal domain-containing protein [Arabidopsis thaliana],0.706,-0.34
NP_001189943.1,False,78.733,0.6143,False,defense_signaling,78.167,0.6066,False,defense_signaling,78.393,0.608,False,defense_signaling,NP_001189943.1 amino-terminal region of chorein [Arabidopsis thaliana],-0.566,-0.34
NP_001326461.1,False,79.678,0.6246,False,defense_signaling,80.384,0.6314,False,defense_signaling,79.338,0.6184,False,defense_signaling,NP_001326461.1 DNAJ heat shock N-terminal domain-containing protein [Arabidopsis thaliana],0.706,-0.34
NP_187520.1,False,94.802,0.8385,False,defense_signaling,94.279,0.8302,False,defense_signaling,94.461,0.8323,False,defense_signaling,NP_187520.1 Transducin/WD40 repeat-like superfamily protein [Arabidopsis thaliana],-0.523,-0.341
NP_001117250.1,False,57.391,0.3723,False,defense_signaling,56.194,0.3556,False,defense_signaling,57.049,0.3658,False,defense_signaling,"NP_001117250.1 myosin-binding protein (Protein of unknown function, DUF593) [Arabidopsis thaliana]",-1.197,-0.342
NP_001318957.1,False,57.391,0.3723,False,defense_signaling,56.194,0.3556,False,defense_signaling,57.049,0.3658,False,defense_signaling,"NP_001318957.1 myosin-binding protein (Protein of unknown function, DUF593) [Arabidopsis thaliana]",-1.197,-0.342
NP_001321772.1,False,57.391,0.3723,False,defense_signaling,56.194,0.3556,False,defense_signaling,57.049,0.3658,False,defense_signaling,"NP_001321772.1 myosin-binding protein (Protein of unknown function, DUF593) [Arabidopsis thaliana]",-1.197,-0.342
NP_172357.2,False,57.391,0.3723,False,defense_signaling,56.194,0.3556,False,defense_signaling,57.049,0.3658,False,defense_signaling,"NP_172357.2 myosin-binding protein (Protein of unknown function, DUF593) [Arabidopsis thaliana]",-1.197,-0.342
NP_001332296.1,False,94.773,0.8381,False,defense_signaling,94.777,0.8393,False,defense_signaling,94.43,0.8319,False,defense_signaling,NP_001332296.1 uncharacterized protein AT5G65440 [Arabidopsis thaliana],0.004,-0.343
NP_001326589.1,False,91.431,1.0333,False,antimicrobial,93.833,0.9968,False,antimicrobial,91.088,1.0247,False,antimicrobial,NP_001326589.1 glucan synthase-like 11 [Arabidopsis thaliana],2.402,-0.343
NP_001332295.1,False,94.773,0.8381,False,defense_signaling,94.777,0.8393,False,defense_signaling,94.43,0.8319,False,defense_signaling,NP_001332295.1 uncharacterized protein AT5G65440 [Arabidopsis thaliana],0.004,-0.343
NP_001332293.1,False,94.773,0.8381,False,defense_signaling,94.777,0.8393,False,defense_signaling,94.43,0.8319,False,defense_signaling,NP_001332293.1 uncharacterized protein AT5G65440 [Arabidopsis thaliana],0.004,-0.343
NP_001329706.1,False,80.903,0.6388,False,defense_signaling,70.737,0.5233,False,defense_signaling,80.557,0.6325,False,defense_signaling,NP_001329706.1 DNA-binding HORMA family protein [Arabidopsis thaliana],-10.166,-0.346
NP_194744.2,False,59.296,0.3972,False,defense_signaling,57.442,0.3709,False,defense_signaling,58.95,0.3908,False,defense_signaling,NP_194744.2 Urb2/Npa2 family protein [Arabidopsis thaliana],-1.854,-0.346
NP_199966.1,False,81.005,0.6399,False,defense_signaling,81.93,0.6505,False,defense_signaling,80.658,0.6336,False,defense_signaling,NP_199966.1 Ubiquitin carboxyl-terminal hydrolase-related protein [Arabidopsis thaliana],0.925,-0.347
NP_176362.3,False,59.008,0.3936,False,defense_signaling,55.289,0.3437,False,defense_signaling,58.66,0.3872,False,defense_signaling,NP_176362.3 phosphoinositide binding protein [Arabidopsis thaliana],-3.719,-0.348
NP_173541.1,False,78.327,0.6101,False,defense_signaling,75.244,0.5742,False,defense_signaling,77.978,0.6039,False,defense_signaling,NP_173541.1 Exocyst complex component SEC5 [Arabidopsis thaliana],-3.083,-0.349
NP_197561.1,False,78.168,0.6086,False,defense_signaling,70.658,0.5223,False,defense_signaling,77.819,0.6023,False,defense_signaling,NP_197561.1 EEIG1/EHBP1 protein amino-terminal domain protein [Arabidopsis thaliana],-7.51,-0.349
NP_001328522.1,False,94.572,0.8347,False,defense_signaling,96.38,0.8735,False,defense_signaling,94.222,0.8285,False,defense_signaling,NP_001328522.1 fanconi anemia group D2 protein [Arabidopsis thaliana],1.808,-0.35
NP_001328524.1,False,94.572,0.8347,False,defense_signaling,96.832,0.8834,False,defense_signaling,94.222,0.8285,False,defense_signaling,NP_001328524.1 fanconi anemia group D2 protein [Arabidopsis thaliana],2.26,-0.35
NP_001118623.1,False,58.564,0.3878,False,defense_signaling,49.377,0.2699,False,defense_signaling,58.214,0.3814,False,defense_signaling,NP_001118623.1 GPI-anchored adhesin-like protein [Arabidopsis thaliana],-9.187,-0.35
NP_178124.2,False,77.422,0.5998,False,defense_signaling,66.532,0.4753,False,defense_signaling,77.072,0.5935,False,defense_signaling,NP_178124.2 Pre-mRNA-processing-splicing factor [Arabidopsis thaliana],-10.89,-0.35
NP_181190.3,True,58.477,0.3869,False,defense_signaling,60.56,0.4085,False,defense_signaling,58.126,0.3805,False,defense_signaling,NP_181190.3 demeter-like 1 [Arabidopsis thaliana],2.083,-0.351
NP_195589.2,False,76.852,0.5944,False,defense_signaling,64.619,0.4539,False,defense_signaling,76.501,0.5881,False,defense_signaling,NP_195589.2 pre-mRNA-processing-splicing factor-like protein [Arabidopsis thaliana],-12.233,-0.351
NP_001332279.1,False,58.012,0.3808,False,defense_signaling,59.054,0.3921,False,defense_signaling,57.66,0.3743,False,defense_signaling,NP_001332279.1 PHD finger family protein [Arabidopsis thaliana],1.042,-0.352
NP_001321108.1,False,63.868,0.448,False,defense_signaling,66.638,0.4765,False,defense_signaling,63.516,0.4416,False,defense_signaling,NP_001321108.1 PHD finger family protein [Arabidopsis thaliana],2.77,-0.352
NP_001185262.1,False,59.546,0.4004,False,defense_signaling,50.445,0.282,False,defense_signaling,59.194,0.394,False,defense_signaling,NP_001185262.1 HYPERSENSITIVE TO PI STARVATION 4 [Arabidopsis thaliana],-9.101,-0.352
NP_176121.3,False,59.546,0.4004,False,defense_signaling,44.674,0.1836,False,defense_signaling,59.194,0.394,False,defense_signaling,NP_176121.3 HYPERSENSITIVE TO PI STARVATION 4 [Arabidopsis thaliana],-14.872,-0.352
NP_177383.5,False,62.32,0.431,False,defense_signaling,47.202,0.2372,False,defense_signaling,61.967,0.4246,False,defense_signaling,NP_177383.5 nuclear receptor coactivator [Arabidopsis thaliana],-15.118,-0.353
NP_566125.4,False,62.489,0.4329,False,defense_signaling,51.41,0.2933,False,defense_signaling,62.136,0.4265,False,defense_signaling,NP_566125.4 reduced epidermal fluorescence 4 [Arabidopsis thaliana],-11.079,-0.353
NP_001332292.1,False,94.555,0.8345,False,defense_signaling,94.007,0.8255,False,defense_signaling,94.202,0.8284,False,defense_signaling,NP_001332292.1 uncharacterized protein AT5G65440 [Arabidopsis thaliana],-0.548,-0.353
NP_001321648.1,False,62.32,0.431,False,defense_signaling,47.202,0.2372,False,defense_signaling,61.967,0.4246,False,defense_signaling,NP_001321648.1 nuclear receptor coactivator [Arabidopsis thaliana],-15.118,-0.353
NP_001325040.1,False,94.621,0.9133,False,antimicrobial,95.287,0.8486,False,defense_signaling,94.268,0.9046,False,antimicrobial,NP_001325040.1 ARM repeat superfamily protein [Arabidopsis thaliana],0.666,-0.353
NP_001325750.1,False,78.213,0.6088,False,defense_signaling,75.25,0.5742,False,defense_signaling,77.86,0.6025,False,defense_signaling,NP_001325750.1 5'-3' exonuclease family protein [Arabidopsis thaliana],-2.963,-0.353
NP_177046.1,False,61.937,0.4262,False,defense_signaling,58.299,0.3827,False,defense_signaling,61.584,0.4198,False,defense_signaling,NP_177046.1 little nuclei3 [Arabidopsis thaliana],-3.638,-0.353
NP_182157.2,False,82.024,0.6536,False,NBS_LRR,81.595,0.7055,False,NBS_LRR,81.67,0.7076,False,NBS_LRR,NP_182157.2 SPA (suppressor of phyA-105) protein family [Arabidopsis thaliana],-0.429,-0.354
NP_001189890.1,False,57.765,0.3773,False,defense_signaling,48.916,0.2637,False,defense_signaling,57.411,0.3709,False,defense_signaling,NP_001189890.1 GPI-anchored adhesin-like protein [Arabidopsis thaliana],-8.849,-0.354
NP_001327753.1,False,64.455,0.4544,False,defense_signaling,36.704,0.0589,False,defense_signaling,64.101,0.448,False,defense_signaling,NP_001327753.1 BAH and TFIIS domain-containing protein [Arabidopsis thaliana],-27.751,-0.354
NP_001325255.1,False,82.024,0.6536,False,NBS_LRR,81.595,0.7055,False,NBS_LRR,81.67,0.7076,False,NBS_LRR,NP_001325255.1 SPA (suppressor of phyA-105) protein family [Arabidopsis thaliana],-0.429,-0.354
NP_851047.1,False,70.97,0.5277,False,defense_signaling,71.701,0.534,False,defense_signaling,70.616,0.5215,False,defense_signaling,NP_851047.1 Transcriptional factor B3 family protein / auxin-responsive factor AUX/IAA-like protein [Arabidopsis thaliana],0.731,-0.354
NP_197668.2,False,65.079,0.4607,False,defense_signaling,63.205,0.4382,False,defense_signaling,64.724,0.4544,False,defense_signaling,NP_197668.2 PHD finger family protein [Arabidopsis thaliana],-1.874,-0.355
NP_176638.1,False,57.967,0.3802,False,defense_signaling,57.23,0.368,False,defense_signaling,57.612,0.3738,False,defense_signaling,NP_176638.1 Homeodomain-like superfamily protein [Arabidopsis thaliana],-0.737,-0.355
NP_001331954.1,False,94.42,0.8321,False,defense_signaling,94.289,0.8304,False,defense_signaling,94.065,0.8259,False,defense_signaling,NP_001331954.1 proteolysis 6 [Arabidopsis thaliana],-0.131,-0.355
NP_001332280.1,False,65.079,0.4607,False,defense_signaling,62.481,0.4304,False,defense_signaling,64.724,0.4544,False,defense_signaling,NP_001332280.1 PHD finger family protein [Arabidopsis thaliana],-2.598,-0.355
NP_196044.2,False,75.684,0.5809,False,defense_signaling,79.659,0.6231,False,defense_signaling,75.329,0.5746,False,defense_signaling,NP_196044.2 Zinc finger (C2H2 type) family protein / transcription factor jumonji (jmj) family protein [Arabidopsis thaliana],3.975,-0.355
NP_001322783.1,False,55.631,0.3507,False,defense_signaling,55.426,0.3456,False,defense_signaling,55.276,0.3442,False,defense_signaling,NP_001322783.1 nuclear matrix constituent protein-like protein [Arabidopsis thaliana],-0.205,-0.355
NP_197532.3,True,94.44,1.0933,False,NBS_LRR,94.219,1.1133,False,NBS_LRR,94.084,1.0872,False,NBS_LRR,NP_197532.3 dicer-like 4 [Arabidopsis thaliana],-0.221,-0.356
NP_001326246.1,False,65.342,0.4646,False,defense_signaling,64.511,0.4526,False,defense_signaling,64.986,0.4582,False,defense_signaling,NP_001326246.1 Acyl-CoA N-acyltransferase with RING/FYVE/PHD-type zinc finger protein [Arabidopsis thaliana],-0.831,-0.356
NP_001327687.1,False,64.518,0.4552,False,defense_signaling,53.39,0.3181,False,defense_signaling,64.161,0.4488,False,defense_signaling,NP_001327687.1 nucleotidyltransferase [Arabidopsis thaliana],-11.128,-0.357
NP_190389.1,False,64.533,0.4554,False,defense_signaling,36.674,0.0582,False,defense_signaling,64.176,0.449,False,defense_signaling,NP_190389.1 BAH and TFIIS domain-containing protein [Arabidopsis thaliana],-27.859,-0.357
NP_001324599.1,False,94.199,0.828,False,defense_signaling,93.863,0.8215,False,defense_signaling,93.842,0.8218,False,defense_signaling,NP_001324599.1 DENN (AEX-3) domain-containing protein [Arabidopsis thaliana],-0.336,-0.357
NP_974788.1,False,94.223,0.8287,False,defense_signaling,93.924,0.8237,False,defense_signaling,93.866,0.8226,False,defense_signaling,NP_974788.1 Vps51/Vps67 family (components of vesicular transport) protein [Arabidopsis thaliana],-0.299,-0.357
NP_001327686.1,False,64.518,0.4552,False,defense_signaling,56.965,0.3647,False,defense_signaling,64.161,0.4488,False,defense_signaling,NP_001327686.1 nucleotidyltransferase [Arabidopsis thaliana],-7.553,-0.357
NP_179622.5,False,94.199,0.828,False,defense_signaling,93.863,0.8215,False,defense_signaling,93.842,0.8218,False,defense_signaling,NP_179622.5 DENN (AEX-3) domain-containing protein [Arabidopsis thaliana],-0.336,-0.357
NP_191728.2,False,64.518,0.4552,False,defense_signaling,53.39,0.3181,False,defense_signaling,64.161,0.4488,False,defense_signaling,NP_191728.2 nucleotidyltransferase [Arabidopsis thaliana],-11.128,-0.357
NP_001327754.1,False,64.533,0.4554,False,defense_signaling,36.674,0.0582,False,defense_signaling,64.176,0.449,False,defense_signaling,NP_001327754.1 BAH and TFIIS domain-containing protein [Arabidopsis thaliana],-27.859,-0.357
NP_172898.2,False,81.245,0.643,False,defense_signaling,77.427,0.5981,False,defense_signaling,80.887,0.6367,False,defense_signaling,NP_172898.2 AAA-type ATPase family protein [Arabidopsis thaliana],-3.818,-0.358
NP_001324697.1,False,94.185,0.8276,False,defense_signaling,83.536,0.8656,False,antimicrobial,93.827,0.8499,False,antimicrobial,NP_001324697.1 Outer arm dynein light chain 1 protein [Arabidopsis thaliana],-10.649,-0.358
NP_001078738.1,False,74.595,0.5677,False,defense_signaling,72.035,0.5374,False,defense_signaling,74.236,0.5614,False,defense_signaling,NP_001078738.1 SABRE-like protein [Arabidopsis thaliana],-2.56,-0.359
NP_199593.2,False,94.162,0.8271,False,defense_signaling,93.757,0.8199,False,defense_signaling,93.803,0.821,False,defense_signaling,NP_199593.2 P-loop containing nucleoside triphosphate hydrolases superfamily protein [Arabidopsis thaliana],-0.405,-0.359
NP_193902.1,False,90.257,1.0048,False,antimicrobial,89.95,0.9965,False,antimicrobial,89.898,0.9961,False,antimicrobial,NP_193902.1 DNA-directed RNA polymerase family protein [Arabidopsis thaliana],-0.307,-0.359
NP_001319832.1,False,81.202,0.6424,False,defense_signaling,64.959,0.4568,False,defense_signaling,80.843,0.6361,False,defense_signaling,NP_001319832.1 RNA polymerase II transcription mediator [Arabidopsis thaliana],-16.243,-0.359
NP_173855.5,False,57.455,0.373,False,defense_signaling,56.687,0.3612,False,defense_signaling,57.096,0.3665,False,defense_signaling,"NP_173855.5 TGN-related, localized SYP41 interacting protein [Arabidopsis thaliana]",-0.768,-0.359
NP_001185085.1,False,57.455,0.373,False,defense_signaling,57.127,0.3664,False,defense_signaling,57.096,0.3665,False,defense_signaling,"NP_001185085.1 TGN-related, localized SYP41 interacting protein [Arabidopsis thaliana]",-0.328,-0.359
NP_851151.1,False,94.162,0.8271,False,defense_signaling,93.757,0.8199,False,defense_signaling,93.803,0.821,False,defense_signaling,NP_851151.1 P-loop containing nucleoside triphosphate hydrolases superfamily protein [Arabidopsis thaliana],-0.405,-0.359
NP_177257.3,False,94.188,0.8276,False,defense_signaling,93.81,0.8205,False,defense_signaling,93.829,0.8215,False,defense_signaling,NP_177257.3 FORMS APLOID AND BINUCLEATE CELLS 1C [Arabidopsis thaliana],-0.378,-0.359
NP_001330120.1,False,94.177,0.985,False,NBS_LRR,93.179,0.9628,False,NBS_LRR,93.818,1.0256,False,NBS_LRR,NP_001330120.1 PHD finger transcription factor [Arabidopsis thaliana],-0.998,-0.359
NP_001325828.1,False,94.123,0.8503,False,antimicrobial,94.468,0.8337,False,defense_signaling,93.764,0.8416,False,antimicrobial,NP_001325828.1 nuclear RNA polymerase A1 [Arabidopsis thaliana],0.345,-0.359
NP_001329124.1,False,81.202,0.6424,False,defense_signaling,64.959,0.4568,False,defense_signaling,80.843,0.6361,False,defense_signaling,NP_001329124.1 RNA polymerase II transcription mediator [Arabidopsis thaliana],-16.243,-0.359
NP_001329123.1,False,81.202,0.6424,False,defense_signaling,64.959,0.4568,False,defense_signaling,80.843,0.6361,False,defense_signaling,NP_001329123.1 RNA polymerase II transcription mediator [Arabidopsis thaliana],-16.243,-0.359
NP_201137.5,False,65.723,0.4687,False,defense_signaling,63.812,0.4447,False,defense_signaling,65.364,0.4624,False,defense_signaling,NP_201137.5 nuclear protein X1 [Arabidopsis thaliana],-1.911,-0.359
NP_001326091.1,False,60.753,0.4128,False,defense_signaling,61.916,0.4238,False,defense_signaling,60.394,0.4064,False,defense_signaling,NP_001326091.1 kinase superfamily with octicosapeptide/Phox/Bem1p domain-containing protein [Arabidopsis thaliana],1.163,-0.359
NP_177885.1,False,70.081,0.5173,False,defense_signaling,65.578,0.4646,False,defense_signaling,69.72,0.511,False,defense_signaling,NP_177885.1 P-loop containing nucleoside triphosphate hydrolases superfamily protein [Arabidopsis thaliana],-4.503,-0.361
NP_001319699.1,False,65.8,0.4697,False,defense_signaling,63.536,0.442,False,defense_signaling,65.439,0.4633,False,defense_signaling,NP_001319699.1 kinase superfamily with octicosapeptide/Phox/Bem1p domain-containing protein [Arabidopsis thaliana],-2.264,-0.361
NP_001325749.1,False,81.417,0.645,False,defense_signaling,77.866,0.6035,False,defense_signaling,81.056,0.6388,False,defense_signaling,NP_001325749.1 5'-3' exonuclease family protein [Arabidopsis thaliana],-3.551,-0.361
NP_187299.1,False,73.761,0.5735,False,PR_proteins,73.666,0.556,False,defense_signaling,73.4,0.5656,False,PR_proteins,NP_187299.1 DEAD box RNA helicase family protein [Arabidopsis thaliana],-0.095,-0.361
NP_001330360.1,False,82.965,0.6636,False,defense_signaling,83.193,0.6653,False,defense_signaling,82.604,0.6573,False,defense_signaling,NP_001330360.1 Ubiquitin carboxyl-terminal hydrolase-related protein [Arabidopsis thaliana],0.228,-0.361
NP_001319661.1,False,81.417,0.645,False,defense_signaling,74.452,0.5648,False,defense_signaling,81.056,0.6388,False,defense_signaling,NP_001319661.1 5'-3' exonuclease family protein [Arabidopsis thaliana],-6.965,-0.361
NP_196843.1,False,78.041,0.6072,False,defense_signaling,73.84,0.5579,False,defense_signaling,77.68,0.6009,False,defense_signaling,NP_196843.1 no exine formation 1 [Arabidopsis thaliana],-4.201,-0.361
NP_001323125.1,False,90.344,1.0062,False,antimicrobial,90.871,1.017,False,cell_death_HR,89.983,0.9975,False,antimicrobial,NP_001323125.1 multidrug resistance-associated protein 13 [Arabidopsis thaliana],0.527,-0.361
NP_680116.2,True,74.157,0.5626,False,defense_signaling,60.643,0.4093,False,defense_signaling,73.796,0.5563,False,defense_signaling,NP_680116.2 relative of early flowering 6 [Arabidopsis thaliana],-13.514,-0.361
NP_187938.2,False,81.78,0.6493,False,defense_signaling,84.753,0.6846,False,defense_signaling,81.419,0.6862,False,cell_death_HR,NP_187938.2 Transducin/WD40 repeat-like superfamily protein [Arabidopsis thaliana],2.973,-0.361
NP_001327264.1,False,81.78,0.6493,False,defense_signaling,80.714,0.6353,False,defense_signaling,81.419,0.6431,False,defense_signaling,NP_001327264.1 Transducin/WD40 repeat-like superfamily protein [Arabidopsis thaliana],-1.066,-0.361
NP_182147.1,True,40.295,0.1267,False,defense_signaling,40.164,0.1238,False,defense_signaling,39.934,0.1202,False,defense_signaling,NP_182147.1 BCL-2-associated athanogene 6 [Arabidopsis thaliana],-0.131,-0.361
NP_001332386.1,False,93.866,0.8205,False,defense_signaling,95.706,0.8585,False,defense_signaling,93.503,0.8143,False,defense_signaling,NP_001332386.1 P-loop containing nucleoside triphosphate hydrolases superfamily protein [Arabidopsis thaliana],1.84,-0.363
NP_190388.2,False,64.844,0.4586,False,defense_signaling,35.311,0.031,False,defense_signaling,64.481,0.4522,False,defense_signaling,NP_190388.2 protein SUO [Arabidopsis thaliana],-29.533,-0.363
NP_001325748.1,False,73.298,0.5529,False,defense_signaling,69.643,0.51,False,defense_signaling,72.935,0.5466,False,defense_signaling,NP_001325748.1 5'-3' exonuclease family protein [Arabidopsis thaliana],-3.655,-0.363
NP_001332385.1,False,93.866,0.8205,False,defense_signaling,95.681,0.8581,False,defense_signaling,93.503,0.8143,False,defense_signaling,NP_001332385.1 P-loop containing nucleoside triphosphate hydrolases superfamily protein [Arabidopsis thaliana],1.815,-0.363
NP_850669.2,False,64.844,0.4586,False,defense_signaling,35.311,0.031,False,defense_signaling,64.481,0.4522,False,defense_signaling,NP_850669.2 protein SUO [Arabidopsis thaliana],-29.533,-0.363
NP_001118788.1,False,82.806,0.6616,False,defense_signaling,77.634,0.6005,False,defense_signaling,82.443,0.6554,False,defense_signaling,NP_001118788.1 Ubiquitin carboxyl-terminal hydrolase-related protein [Arabidopsis thaliana],-5.172,-0.363
NP_200901.2,False,93.866,0.8205,False,defense_signaling,95.704,0.8585,False,defense_signaling,93.503,0.8143,False,defense_signaling,NP_200901.2 P-loop containing nucleoside triphosphate hydrolases superfamily protein [Arabidopsis thaliana],1.838,-0.363
NP_190374.4,False,82.806,0.6616,False,defense_signaling,77.192,0.5956,False,defense_signaling,82.443,0.6554,False,defense_signaling,NP_190374.4 Ubiquitin carboxyl-terminal hydrolase-related protein [Arabidopsis thaliana],-5.614,-0.363
NP_187455.1,False,93.951,0.8226,False,defense_signaling,93.099,0.8064,False,defense_signaling,93.588,0.8165,False,defense_signaling,NP_187455.1 mitogen-activated protein kinase kinase kinase 6 [Arabidopsis thaliana],-0.852,-0.363
NP_180900.1,False,78.148,0.6083,False,defense_signaling,76.539,0.5888,False,defense_signaling,77.785,0.602,False,defense_signaling,NP_180900.1 hypothetical protein (DUF810) [Arabidopsis thaliana],-1.609,-0.363
NP_001328251.1,False,39.783,0.1174,False,defense_signaling,40.316,0.1267,False,defense_signaling,39.418,0.1108,False,defense_signaling,NP_001328251.1 MUTL protein homolog 3 [Arabidopsis thaliana],0.533,-0.365
NP_001185071.1,False,71.222,0.5304,False,defense_signaling,63.862,0.4453,False,defense_signaling,70.857,0.5241,False,defense_signaling,NP_001185071.1 mediator of RNA polymerase II transcription subunit [Arabidopsis thaliana],-7.36,-0.365
NP_568273.2,False,72.508,0.5442,False,defense_signaling,67.175,0.4828,False,defense_signaling,72.143,0.5379,False,defense_signaling,NP_568273.2 PHD-finger and DNA binding domain-containing protein [Arabidopsis thaliana],-5.333,-0.365
NP_001077455.1,True,70.598,0.5236,False,defense_signaling,70.454,0.5199,False,defense_signaling,70.233,0.5172,False,defense_signaling,NP_001077455.1 TRAF-like superfamily protein [Arabidopsis thaliana],-0.144,-0.365
NP_177811.2,False,70.861,0.5264,False,defense_signaling,68.386,0.4961,False,defense_signaling,70.494,0.52,False,defense_signaling,NP_177811.2 exocyst complex component sec5 [Arabidopsis thaliana],-2.475,-0.367
NP_001329062.1,False,41.158,0.1427,False,defense_signaling,34.864,0.0213,False,defense_signaling,40.791,0.1361,False,defense_signaling,NP_001329062.1 modifier of snc1 [Arabidopsis thaliana],-6.294,-0.367
NP_001190311.1,False,83.267,0.667,False,defense_signaling,83.173,0.665,False,defense_signaling,82.9,0.6607,False,defense_signaling,NP_001190311.1 SIN3-like 2 [Arabidopsis thaliana],-0.094,-0.367
NP_001318590.1,False,40.067,0.1222,False,defense_signaling,37.793,0.0809,False,defense_signaling,39.7,0.1156,False,defense_signaling,NP_001318590.1 cardiomyopathy-associated protein [Arabidopsis thaliana],-2.274,-0.367
NP_197006.2,False,83.267,0.667,False,defense_signaling,82.106,0.6523,False,defense_signaling,82.9,0.6607,False,defense_signaling,NP_197006.2 SIN3-like 2 [Arabidopsis thaliana],-1.161,-0.367
NP_176699.1,False,83.222,0.6664,False,defense_signaling,81.299,0.6425,False,defense_signaling,82.855,0.6601,False,defense_signaling,NP_176699.1 Ubiquitin carboxyl-terminal hydrolase-related protein [Arabidopsis thaliana],-1.923,-0.367
NP_001326234.1,False,93.457,0.8122,False,defense_signaling,92.773,0.801,False,defense_signaling,93.09,0.806,False,defense_signaling,NP_001326234.1 Transducin/WD40 repeat-like superfamily protein [Arabidopsis thaliana],-0.684,-0.367
NP_198371.3,False,72.565,0.5449,False,defense_signaling,63.184,0.4379,False,defense_signaling,72.198,0.5386,False,defense_signaling,NP_198371.3 PHD type transcription factor with transmembrane domain protein (PTM) [Arabidopsis thaliana],-9.381,-0.367
NP_001185268.1,False,83.316,0.6679,False,defense_signaling,80.905,0.6379,False,defense_signaling,82.949,0.6617,False,defense_signaling,NP_001185268.1 SIN3-like 5 [Arabidopsis thaliana],-2.411,-0.367
NP_001326459.1,False,93.505,0.8128,False,defense_signaling,92.439,0.7959,False,defense_signaling,93.138,0.8066,False,defense_signaling,NP_001326459.1 mitogen-activated protein kinase kinase kinase 6 [Arabidopsis thaliana],-1.066,-0.367
NP_195370.5,False,39.917,0.1194,False,defense_signaling,41.633,0.1492,False,defense_signaling,39.55,0.1128,False,defense_signaling,NP_195370.5 Chaperone DnaJ-domain superfamily protein [Arabidopsis thaliana],1.716,-0.367
NP_001190328.1,False,40.067,0.1222,False,defense_signaling,37.793,0.0809,False,defense_signaling,39.7,0.1156,False,defense_signaling,NP_001190328.1 cardiomyopathy-associated protein [Arabidopsis thaliana],-2.274,-0.367
NP_001325039.1,False,94.318,0.8303,False,defense_signaling,94.717,0.8379,False,defense_signaling,93.951,0.8241,False,defense_signaling,NP_001325039.1 ARM repeat superfamily protein [Arabidopsis thaliana],0.399,-0.367
NP_001318674.1,False,72.565,0.5449,False,defense_signaling,70.836,0.5246,False,defense_signaling,72.198,0.5386,False,defense_signaling,NP_001318674.1 PHD type transcription factor with transmembrane domain protein (PTM) [Arabidopsis thaliana],-1.729,-0.367
NP_001326647.1,False,68.898,0.504,False,defense_signaling,67.524,0.4863,False,defense_signaling,68.531,0.4977,False,defense_signaling,NP_001326647.1 demeter-like 2 [Arabidopsis thaliana],-1.374,-0.367
NP_197293.1,False,40.067,0.1222,False,defense_signaling,37.793,0.0809,False,defense_signaling,39.7,0.1156,False,defense_signaling,NP_197293.1 cardiomyopathy-associated protein [Arabidopsis thaliana],-2.274,-0.367
NP_187612.5,False,68.898,0.504,False,defense_signaling,67.524,0.4863,False,defense_signaling,68.531,0.4977,False,defense_signaling,NP_187612.5 demeter-like 2 [Arabidopsis thaliana],-1.374,-0.367
NP_001190459.1,False,69.065,0.5056,False,defense_signaling,62.753,0.4336,False,defense_signaling,68.697,0.4993,False,defense_signaling,NP_001190459.1 COP1-interacting protein-like protein [Arabidopsis thaliana],-6.312,-0.368
NP_001190460.1,False,69.065,0.5056,False,defense_signaling,62.753,0.4336,False,defense_signaling,68.697,0.4993,False,defense_signaling,NP_001190460.1 COP1-interacting protein-like protein [Arabidopsis thaliana],-6.312,-0.368
NP_001190461.1,False,69.065,0.5056,False,defense_signaling,61.806,0.4224,False,defense_signaling,68.697,0.4993,False,defense_signaling,NP_001190461.1 COP1-interacting protein-like protein [Arabidopsis thaliana],-7.259,-0.368
NP_194199.4,False,41.104,0.1414,False,defense_signaling,34.81,0.0201,False,defense_signaling,40.735,0.1349,False,defense_signaling,NP_194199.4 modifier of snc1 [Arabidopsis thaliana],-6.294,-0.369
NP_001329059.1,False,41.333,0.1456,False,defense_signaling,34.909,0.0224,False,defense_signaling,40.964,0.139,False,defense_signaling,NP_001329059.1 modifier of snc1 [Arabidopsis thaliana],-6.424,-0.369
NP_200569.1,False,70.72,0.5248,False,defense_signaling,70.224,0.5173,False,defense_signaling,70.351,0.5185,False,defense_signaling,NP_200569.1 kinase superfamily with octicosapeptide/Phox/Bem1p domain-containing protein [Arabidopsis thaliana],-0.496,-0.369
NP_001329060.1,False,41.562,0.1489,False,defense_signaling,34.835,0.0205,False,defense_signaling,41.193,0.1423,False,defense_signaling,NP_001329060.1 modifier of snc1 [Arabidopsis thaliana],-6.727,-0.369
NP_001325475.1,False,81.961,0.6517,False,defense_signaling,79.897,0.6263,False,defense_signaling,81.592,0.6454,False,defense_signaling,NP_001325475.1 uncharacterized protein AT3G58050 [Arabidopsis thaliana],-2.064,-0.369
NP_001329061.1,False,41.333,0.1456,False,defense_signaling,34.909,0.0224,False,defense_signaling,40.964,0.139,False,defense_signaling,NP_001329061.1 modifier of snc1 [Arabidopsis thaliana],-6.424,-0.369
NP_001331953.1,False,68.374,0.4981,False,defense_signaling,67.017,0.4806,False,defense_signaling,68.005,0.4918,False,defense_signaling,NP_001331953.1 COP1-interacting protein-like protein [Arabidopsis thaliana],-1.357,-0.369
NP_189001.1,False,72.463,0.5433,False,defense_signaling,61.9,0.4235,False,defense_signaling,72.093,0.537,False,defense_signaling,NP_189001.1 REF4-related 1 [Arabidopsis thaliana],-10.563,-0.37
NP_851046.1,False,70.982,0.5278,False,defense_signaling,71.631,0.5332,False,defense_signaling,70.612,0.5215,False,defense_signaling,NP_851046.1 Transcriptional factor B3 family protein / auxin-responsive factor AUX/IAA-like protein [Arabidopsis thaliana],0.649,-0.37
NP_001190622.1,False,93.547,0.8133,False,defense_signaling,93.397,0.8124,False,defense_signaling,93.177,0.8071,False,defense_signaling,NP_001190622.1 uncharacterized protein AT5G65440 [Arabidopsis thaliana],-0.15,-0.37
NP_177385.2,False,66.937,0.4822,False,defense_signaling,56.708,0.3614,False,defense_signaling,66.566,0.4758,False,defense_signaling,NP_177385.2 COP1-interacting protein-like protein [Arabidopsis thaliana],-10.229,-0.371
NP_051051.1,False,67.82,0.5219,False,antimicrobial,67.223,0.5101,False,antimicrobial,67.449,0.5131,False,antimicrobial,NP_051051.1 RNA polymerase beta subunit (chloroplast) [Arabidopsis thaliana],-0.597,-0.371
NP_001321987.1,False,42.864,0.1716,False,defense_signaling,44.963,0.2042,False,defense_signaling,42.493,0.165,False,defense_signaling,NP_001321987.1 kinase superfamily with octicosapeptide/Phox/Bem1p domain-containing protein [Arabidopsis thaliana],2.099,-0.371
NP_001321989.1,False,42.864,0.1716,False,defense_signaling,44.963,0.2042,False,defense_signaling,42.493,0.165,False,defense_signaling,NP_001321989.1 kinase superfamily with octicosapeptide/Phox/Bem1p domain-containing protein [Arabidopsis thaliana],2.099,-0.371
NP_199169.1,True,67.875,0.4932,False,defense_signaling,67.35,0.4845,False,defense_signaling,67.504,0.4868,False,defense_signaling,NP_199169.1 TRAF-like superfamily protein [Arabidopsis thaliana],-0.525,-0.371
NP_194473.1,False,66.981,0.4827,False,defense_signaling,64.037,0.4474,False,defense_signaling,66.61,0.4763,False,defense_signaling,NP_194473.1 COP1-interacting protein 7 [Arabidopsis thaliana],-2.944,-0.371
NP_001119068.1,False,66.981,0.4827,False,defense_signaling,64.037,0.4474,False,defense_signaling,66.61,0.4763,False,defense_signaling,NP_001119068.1 COP1-interacting protein 7 [Arabidopsis thaliana],-2.944,-0.371
NP_851125.1,True,67.875,0.4932,False,defense_signaling,67.35,0.4845,False,defense_signaling,67.504,0.4868,False,defense_signaling,NP_851125.1 TRAF-like superfamily protein [Arabidopsis thaliana],-0.525,-0.371
NP_001319367.1,False,66.937,0.4822,False,defense_signaling,57.475,0.3715,False,defense_signaling,66.566,0.4758,False,defense_signaling,NP_001319367.1 COP1-interacting protein-like protein [Arabidopsis thaliana],-9.462,-0.371
NP_171926.3,False,67.133,0.4841,False,defense_signaling,67.001,0.4805,False,defense_signaling,66.76,0.4778,False,defense_signaling,NP_171926.3 TRAF-like superfamily protein [Arabidopsis thaliana],-0.132,-0.373
NP_001331383.1,False,93.623,0.8148,False,defense_signaling,88.56,0.7392,False,defense_signaling,93.25,0.8086,False,defense_signaling,NP_001331383.1 kinesin like protein for actin based chloroplast movement 2 [Arabidopsis thaliana],-5.063,-0.373
NP_173737.1,False,67.148,0.4844,False,defense_signaling,64.26,0.4497,False,defense_signaling,66.775,0.478,False,defense_signaling,NP_173737.1 mediator of RNA polymerase II transcription subunit [Arabidopsis thaliana],-2.888,-0.373
NP_001185267.1,False,83.368,0.6686,False,defense_signaling,82.054,0.6518,False,defense_signaling,82.994,0.6624,False,defense_signaling,NP_001185267.1 SIN3-like 5 [Arabidopsis thaliana],-1.314,-0.374
NP_001320963.1,False,93.576,0.8189,False,cell_death_HR,92.935,0.8044,False,defense_signaling,93.202,0.8101,False,cell_death_HR,NP_001320963.1 DEAD/DEAH box RNA helicase family protein [Arabidopsis thaliana],-0.641,-0.374
NP_001331380.1,False,93.605,0.8146,False,defense_signaling,92.177,0.7923,False,defense_signaling,93.231,0.8084,False,defense_signaling,NP_001331380.1 kinesin like protein for actin based chloroplast movement 2 [Arabidopsis thaliana],-1.428,-0.374
NP_001329589.1,False,83.376,0.6687,False,defense_signaling,81.893,0.6499,False,defense_signaling,83.002,0.6624,False,defense_signaling,NP_001329589.1 putative recombination initiation defect 1 [Arabidopsis thaliana],-1.483,-0.374
NP_001331384.1,False,93.605,0.8146,False,defense_signaling,88.578,0.7396,False,defense_signaling,93.231,0.8084,False,defense_signaling,NP_001331384.1 kinesin like protein for actin based chloroplast movement 2 [Arabidopsis thaliana],-5.027,-0.374
NP_001331381.1,False,93.605,0.8146,False,defense_signaling,92.372,0.7952,False,defense_signaling,93.231,0.8084,False,defense_signaling,NP_001331381.1 kinesin like protein for actin based chloroplast movement 2 [Arabidopsis thaliana],-1.233,-0.374
NP_565733.1,False,69.838,0.5143,False,defense_signaling,70.073,0.5153,False,defense_signaling,69.463,0.508,False,defense_signaling,NP_565733.1 DNA repair-recombination protein (RAD50) [Arabidopsis thaliana],0.235,-0.375
NP_201349.3,False,93.123,0.8062,False,defense_signaling,88.054,0.7317,False,defense_signaling,92.748,0.8,False,defense_signaling,NP_201349.3 kinesin like protein for actin based chloroplast movement 2 [Arabidopsis thaliana],-5.069,-0.375
NP_001330152.1,False,83.519,0.6708,False,defense_signaling,83.104,0.664,False,defense_signaling,83.144,0.6645,False,defense_signaling,NP_001330152.1 RGPR-like protein [Arabidopsis thaliana],-0.415,-0.375
NP_001322591.1,False,69.832,0.5143,False,defense_signaling,64.14,0.4483,False,defense_signaling,69.457,0.508,False,defense_signaling,NP_001322591.1 mediator of RNA polymerase II transcription subunit [Arabidopsis thaliana],-5.692,-0.375
NP_001321566.1,False,68.509,0.4998,False,defense_signaling,68.378,0.496,False,defense_signaling,68.133,0.4935,False,defense_signaling,NP_001321566.1 TRAF-like superfamily protein [Arabidopsis thaliana],-0.131,-0.376
NP_001185141.1,False,93.437,0.8118,False,defense_signaling,89.875,0.7581,False,defense_signaling,93.061,0.8057,False,defense_signaling,NP_001185141.1 DEAD/DEAH box RNA helicase family protein [Arabidopsis thaliana],-3.562,-0.376
NP_188535.4,False,93.445,0.812,False,defense_signaling,62.01,0.4248,False,defense_signaling,93.069,0.806,False,RLK_defense,NP_188535.4 phragmoplast orienting kinesin 2 [Arabidopsis thaliana],-31.435,-0.376
NP_187125.1,True,93.366,0.8104,False,defense_signaling,81.542,0.6453,False,defense_signaling,92.989,0.8043,False,defense_signaling,NP_187125.1 RNA polymerase II transcription mediator [Arabidopsis thaliana],-11.824,-0.377
NP_001327644.1,False,53.676,0.3238,False,defense_signaling,53.374,0.3179,False,defense_signaling,53.299,0.3174,False,defense_signaling,NP_001327644.1 subunit of exocyst complex 8 [Arabidopsis thaliana],-0.302,-0.377
NP_173179.4,False,68.556,0.5003,False,defense_signaling,65.186,0.46,False,defense_signaling,68.179,0.494,False,defense_signaling,NP_173179.4 LOW protein: protein phosphatase 1 regulatory subunit-like protein [Arabidopsis thaliana],-3.37,-0.377
NP_001331519.1,False,83.584,0.6718,False,defense_signaling,83.195,0.6653,False,defense_signaling,83.206,0.6656,False,defense_signaling,NP_001331519.1 RGPR-like protein [Arabidopsis thaliana],-0.389,-0.378
NP_567423.1,False,93.831,0.8194,False,defense_signaling,94.501,0.8341,False,defense_signaling,93.453,0.8133,False,defense_signaling,NP_567423.1 phragmoplast-associated kinesin-related protein 1 [Arabidopsis thaliana],0.67,-0.378
NP_175246.2,False,93.833,0.832,False,antimicrobial,98.558,0.9379,False,defense_signaling,93.455,0.8233,False,antimicrobial,NP_175246.2 serine/threonine-protein phosphatase 7 long form-like protein [Arabidopsis thaliana],4.725,-0.378
NP_194673.2,False,53.598,0.3229,False,defense_signaling,48.126,0.2514,False,defense_signaling,53.22,0.3164,False,defense_signaling,NP_194673.2 Regulator of Vps4 activity in the MVB pathway protein [Arabidopsis thaliana],-5.472,-0.378
NP_191651.3,False,82.283,0.6555,False,defense_signaling,94.509,0.8343,False,defense_signaling,81.905,0.6492,False,defense_signaling,NP_191651.3 beige/BEACH domain protein [Arabidopsis thaliana],12.226,-0.378
NP_187099.6,False,92.85,0.8529,False,antimicrobial,92.211,0.8424,False,antimicrobial,92.472,0.8443,False,antimicrobial,NP_187099.6 exportin-4 protein [Arabidopsis thaliana],-0.639,-0.378
NP_849997.2,False,83.534,0.7057,False,cell_death_HR,85.548,0.6964,False,defense_signaling,83.156,0.6966,False,cell_death_HR,NP_849997.2 CLIP-associated protein [Arabidopsis thaliana],2.014,-0.378
NP_001184907.1,False,67.646,0.49,False,defense_signaling,67.445,0.4854,False,defense_signaling,67.268,0.4837,False,defense_signaling,NP_001184907.1 TRAF-like superfamily protein [Arabidopsis thaliana],-0.201,-0.378
NP_001320965.1,False,92.782,0.8354,False,cell_death_HR,90.331,0.7645,False,defense_signaling,92.403,0.8266,False,cell_death_HR,NP_001320965.1 DEAD/DEAH box RNA helicase family protein [Arabidopsis thaliana],-2.451,-0.379
NP_001320964.1,False,92.782,0.8354,False,cell_death_HR,92.785,0.8012,False,defense_signaling,92.403,0.8266,False,cell_death_HR,NP_001320964.1 DEAD/DEAH box RNA helicase family protein [Arabidopsis thaliana],0.003,-0.379
NP_001319755.1,False,92.789,0.8006,False,defense_signaling,92.466,0.7965,False,defense_signaling,92.41,0.7968,False,antimicrobial,NP_001319755.1 thyroid adenoma-associated-like protein [Arabidopsis thaliana],-0.323,-0.379
NP_001326116.1,False,92.789,0.8006,False,defense_signaling,92.466,0.7965,False,defense_signaling,92.41,0.7968,False,antimicrobial,NP_001326116.1 thyroid adenoma-associated-like protein [Arabidopsis thaliana],-0.323,-0.379
NP_001326117.1,False,92.789,0.8006,False,defense_signaling,92.466,0.7965,False,defense_signaling,92.41,0.7968,False,antimicrobial,NP_001326117.1 thyroid adenoma-associated-like protein [Arabidopsis thaliana],-0.323,-0.379
NP_001323772.1,False,88.611,0.7396,False,defense_signaling,87.486,0.7225,False,defense_signaling,88.231,0.7334,False,defense_signaling,NP_001323772.1 P-loop containing nucleoside triphosphate hydrolases superfamily protein [Arabidopsis thaliana],-1.125,-0.38
NP_001189789.1,False,88.589,0.7394,False,defense_signaling,86.224,0.7053,False,defense_signaling,88.209,0.7332,False,defense_signaling,NP_001189789.1 SIN3-like 1 [Arabidopsis thaliana],-2.365,-0.38
NP_001323773.1,False,88.611,0.7396,False,defense_signaling,87.486,0.7225,False,defense_signaling,88.231,0.7334,False,defense_signaling,NP_001323773.1 P-loop containing nucleoside triphosphate hydrolases superfamily protein [Arabidopsis thaliana],-1.125,-0.38
NP_001318502.1,False,88.516,0.7386,False,defense_signaling,89.574,0.7531,False,defense_signaling,88.135,0.7324,False,defense_signaling,NP_001318502.1 SNF2 domain-containing protein / helicase domain-containing protein / HNH endonuclease domain-containing protein [Arabidopsis thaliana],1.058,-0.381
NP_199623.2,False,92.754,0.8002,False,defense_signaling,92.447,0.796,False,defense_signaling,92.372,0.794,False,defense_signaling,NP_199623.2 ARM repeat superfamily protein [Arabidopsis thaliana],-0.307,-0.382
NP_171639.3,False,88.164,0.7855,False,antimicrobial,94.93,0.8417,False,defense_signaling,87.782,0.7768,False,antimicrobial,NP_171639.3 Tetratricopeptide repeat (TPR)-like superfamily protein [Arabidopsis thaliana],6.766,-0.382
NP_001078565.1,False,92.8,0.8009,False,defense_signaling,87.149,0.7176,False,defense_signaling,92.418,0.7947,False,defense_signaling,NP_001078565.1 kinesin like protein for actin based chloroplast movement 1 [Arabidopsis thaliana],-5.651,-0.382
NP_001189573.1,False,92.776,0.8004,False,defense_signaling,93.559,0.8154,False,defense_signaling,92.394,0.7942,False,defense_signaling,NP_001189573.1 uncharacterized protein AT2G22010 [Arabidopsis thaliana],0.783,-0.382
NP_181015.7,False,88.562,0.8376,False,antimicrobial,85.081,0.8969,False,antimicrobial,88.18,0.8499,False,antimicrobial,NP_181015.7 Outer arm dynein light chain 1 protein [Arabidopsis thaliana],-3.481,-0.382
NP_001031890.1,False,93.752,0.8175,False,defense_signaling,93.333,0.8112,False,defense_signaling,93.37,0.8113,False,defense_signaling,NP_001031890.1 Vps51/Vps67 family (components of vesicular transport) protein [Arabidopsis thaliana],-0.419,-0.382
NP_001330951.1,False,92.754,0.8002,False,defense_signaling,92.447,0.796,False,defense_signaling,92.372,0.794,False,defense_signaling,NP_001330951.1 ARM repeat superfamily protein [Arabidopsis thaliana],-0.307,-0.382
NP_176892.1,False,42.641,0.1673,False,defense_signaling,42.149,0.1579,False,defense_signaling,42.259,0.1607,False,defense_signaling,NP_176892.1 little nuclei1 [Arabidopsis thaliana],-0.492,-0.382
NP_001318759.1,False,92.754,0.8002,False,defense_signaling,92.447,0.796,False,defense_signaling,92.372,0.794,False,defense_signaling,NP_001318759.1 ARM repeat superfamily protein [Arabidopsis thaliana],-0.307,-0.382
NP_196609.1,False,92.796,0.8006,False,defense_signaling,87.278,0.7193,False,defense_signaling,92.414,0.7945,False,defense_signaling,NP_196609.1 kinesin like protein for actin based chloroplast movement 1 [Arabidopsis thaliana],-5.518,-0.382
NP_001324743.1,False,71.357,0.5318,False,defense_signaling,68.281,0.4947,False,defense_signaling,70.975,0.5255,False,defense_signaling,NP_001324743.1 alpha/beta-Hydrolases superfamily protein [Arabidopsis thaliana],-3.076,-0.382
NP_850020.1,False,92.776,0.8004,False,defense_signaling,93.596,0.8162,False,defense_signaling,92.394,0.7942,False,defense_signaling,NP_850020.1 uncharacterized protein AT2G22010 [Arabidopsis thaliana],0.82,-0.382
NP_001332123.1,False,87.877,0.7277,False,defense_signaling,87.62,0.7237,False,defense_signaling,87.494,0.7215,False,defense_signaling,NP_001332123.1 RING/FYVE/PHD zinc finger superfamily protein [Arabidopsis thaliana],-0.257,-0.383
NP_001190336.1,True,87.85,0.7274,False,defense_signaling,85.998,0.7021,False,defense_signaling,87.467,0.7212,False,defense_signaling,NP_001190336.1 Telomerase activating protein Est1 [Arabidopsis thaliana],-1.852,-0.383
NP_001190337.1,True,87.85,0.7274,False,defense_signaling,85.998,0.7021,False,defense_signaling,87.467,0.7212,False,defense_signaling,NP_001190337.1 Telomerase activating protein Est1 [Arabidopsis thaliana],-1.852,-0.383
NP_001190017.2,False,87.963,0.7293,False,defense_signaling,87.6,0.7234,False,defense_signaling,87.58,0.7231,False,defense_signaling,NP_001190017.2 P-loop containing nucleoside triphosphate hydrolases superfamily protein [Arabidopsis thaliana],-0.363,-0.383
NP_001330179.1,False,88.188,0.7334,False,defense_signaling,87.404,0.721,False,defense_signaling,87.805,0.7272,False,defense_signaling,NP_001330179.1 Acyl-CoA N-acyltransferase with RING/FYVE/PHD-type zinc finger protein [Arabidopsis thaliana],-0.784,-0.383
NP_197441.3,True,87.85,0.7274,False,defense_signaling,85.998,0.7021,False,defense_signaling,87.467,0.7212,False,defense_signaling,NP_197441.3 Telomerase activating protein Est1 [Arabidopsis thaliana],-1.852,-0.383
NP_190171.2,False,87.963,0.7293,False,defense_signaling,87.6,0.7234,False,defense_signaling,87.58,0.7231,False,defense_signaling,NP_190171.2 P-loop containing nucleoside triphosphate hydrolases superfamily protein [Arabidopsis thaliana],-0.363,-0.383
NP_174164.2,False,88.128,0.7324,False,defense_signaling,83.058,0.6632,False,defense_signaling,87.745,0.7262,False,defense_signaling,NP_174164.2 homeobox-1 [Arabidopsis thaliana],-5.07,-0.383
NP_186781.4,False,87.973,0.7295,False,defense_signaling,85.873,0.7003,False,defense_signaling,87.589,0.7233,False,defense_signaling,NP_186781.4 SIN3-like 1 [Arabidopsis thaliana],-2.1,-0.384
NP_199064.1,False,88.205,0.7338,False,defense_signaling,87.464,0.7221,False,defense_signaling,87.821,0.7276,False,defense_signaling,NP_199064.1 ATP binding microtubule motor family protein [Arabidopsis thaliana],-0.741,-0.384
NP_001190573.1,False,87.983,0.7298,False,defense_signaling,85.309,0.6924,False,defense_signaling,87.597,0.7236,False,defense_signaling,NP_001190573.1 nuclear RNA polymerase C1 [Arabidopsis thaliana],-2.674,-0.386
NP_199054.1,False,73.032,0.6547,False,cell_death_HR,73.935,0.669,False,cell_death_HR,72.646,0.6456,False,cell_death_HR,NP_199054.1 Insulinase (Peptidase family M16) family protein [Arabidopsis thaliana],0.903,-0.386
NP_174063.4,False,44.419,0.1957,False,defense_signaling,36.854,0.0621,False,defense_signaling,44.033,0.1892,False,defense_signaling,NP_174063.4 GYF domain-containing protein [Arabidopsis thaliana],-7.565,-0.386
NP_001331624.1,False,73.032,0.6547,False,cell_death_HR,73.083,0.6526,False,cell_death_HR,72.646,0.6456,False,cell_death_HR,NP_001331624.1 Insulinase (Peptidase family M16) family protein [Arabidopsis thaliana],0.051,-0.386
NP_001319721.1,False,88.222,0.7342,False,defense_signaling,85.84,0.7001,False,defense_signaling,87.836,0.728,False,defense_signaling,NP_001319721.1 zinc finger CCCH domain-containing protein 44 [Arabidopsis thaliana],-2.382,-0.386
NP_001322662.1,False,44.419,0.1957,False,defense_signaling,33.713,-0.0052,False,defense_signaling,44.033,0.1892,False,defense_signaling,NP_001322662.1 GYF domain-containing protein [Arabidopsis thaliana],-10.706,-0.386
NP_188130.1,False,87.996,0.73,False,defense_signaling,83.339,0.6674,False,defense_signaling,87.61,0.7238,False,defense_signaling,NP_188130.1 P-loop containing nucleoside triphosphate hydrolases superfamily protein [Arabidopsis thaliana],-4.657,-0.386
NP_568537.1,False,88.317,0.7356,False,defense_signaling,88.533,0.7389,False,defense_signaling,87.931,0.7294,False,defense_signaling,NP_568537.1 RING/FYVE/PHD zinc finger superfamily protein [Arabidopsis thaliana],0.216,-0.386
NP_001322661.1,False,44.419,0.1957,False,defense_signaling,33.779,-0.0035,False,defense_signaling,44.033,0.1892,False,defense_signaling,NP_001322661.1 GYF domain-containing protein [Arabidopsis thaliana],-10.64,-0.386
NP_001328570.1,False,43.657,0.1846,False,defense_signaling,39.824,0.1168,False,defense_signaling,43.27,0.178,False,defense_signaling,NP_001328570.1 Nucleotidyltransferase family protein [Arabidopsis thaliana],-3.833,-0.387
NP_001329819.1,False,88.849,0.7432,False,defense_signaling,87.91,0.729,False,defense_signaling,88.462,0.737,False,defense_signaling,NP_001329819.1 pesticidal crystal cry8Ba protein [Arabidopsis thaliana],-0.939,-0.387
NP_001326460.1,False,87.836,0.7272,False,defense_signaling,88.056,0.7318,False,defense_signaling,87.448,0.7209,False,defense_signaling,NP_001326460.1 mitogen-activated protein kinase kinase kinase 6 [Arabidopsis thaliana],0.22,-0.388
NP_001321547.1,False,87.653,0.7247,False,defense_signaling,87.263,0.7191,False,defense_signaling,87.265,0.7185,False,defense_signaling,NP_001321547.1 Ubiquitin carboxyl-terminal hydrolase-related protein [Arabidopsis thaliana],-0.39,-0.388
NP_001320710.1,False,88.359,0.7363,False,defense_signaling,87.303,0.7196,False,defense_signaling,87.969,0.7301,False,defense_signaling,NP_001320710.1 nuclear RNA polymerase D1A [Arabidopsis thaliana],-1.056,-0.39
NP_001321764.1,False,89.316,0.7496,False,defense_signaling,88.882,0.7434,False,defense_signaling,88.926,0.7434,False,defense_signaling,NP_001321764.1 paired amphipathic helix Sin3-like protein [Arabidopsis thaliana],-0.434,-0.39
NP_194192.2,False,88.989,0.745,False,defense_signaling,87.927,0.7293,False,defense_signaling,88.599,0.7388,False,defense_signaling,NP_194192.2 pesticidal crystal cry8Ba protein [Arabidopsis thaliana],-1.062,-0.39
NP_001332452.1,False,88.73,0.7415,False,defense_signaling,88.052,0.7316,False,defense_signaling,88.34,0.7353,False,defense_signaling,NP_001332452.1 ATP binding microtubule motor family protein [Arabidopsis thaliana],-0.678,-0.39
NP_172515.2,False,89.316,0.7496,False,defense_signaling,88.882,0.7434,False,defense_signaling,88.926,0.7434,False,defense_signaling,NP_172515.2 paired amphipathic helix Sin3-like protein [Arabidopsis thaliana],-0.434,-0.39
NP_172269.2,False,87.52,0.7227,False,defense_signaling,84.903,0.6868,False,defense_signaling,87.13,0.7286,False,antimicrobial,NP_172269.2 RNAligase [Arabidopsis thaliana],-2.617,-0.39
NP_001332568.1,False,89.326,0.767,False,RLK_defense,87.483,0.7225,False,defense_signaling,88.934,0.7634,False,RLK_defense,NP_001332568.1 ARM repeat superfamily protein [Arabidopsis thaliana],-1.843,-0.392
NP_001189679.1,False,44.722,0.2005,False,defense_signaling,40.948,0.1379,False,defense_signaling,44.33,0.1939,False,defense_signaling,NP_001189679.1 maternal effect embryo arrest 22 [Arabidopsis thaliana],-3.774,-0.392
NP_180430.2,False,88.78,0.7423,False,defense_signaling,87.691,0.7251,False,defense_signaling,88.388,0.7361,False,defense_signaling,NP_180430.2 P-loop containing nucleoside triphosphate hydrolases superfamily protein [Arabidopsis thaliana],-1.089,-0.392
NP_974091.1,False,89.54,0.7527,False,defense_signaling,90.246,0.7633,False,defense_signaling,89.148,0.7465,False,defense_signaling,NP_974091.1 Ubiquitin carboxyl-terminal hydrolase-related protein [Arabidopsis thaliana],0.706,-0.392
NP_176691.2,False,89.54,0.7527,False,defense_signaling,88.854,0.743,False,defense_signaling,89.148,0.7465,False,defense_signaling,NP_176691.2 Ubiquitin carboxyl-terminal hydrolase-related protein [Arabidopsis thaliana],-0.686,-0.392
NP_175652.1,False,89.066,0.7459,False,defense_signaling,89.622,0.7541,False,defense_signaling,88.674,0.7396,False,defense_signaling,NP_175652.1 Ubiquitin carboxyl-terminal hydrolase-related protein [Arabidopsis thaliana],0.556,-0.392
NP_001189889.1,False,88.807,0.7427,False,defense_signaling,88.935,0.7443,False,defense_signaling,88.415,0.7364,False,defense_signaling,NP_001189889.1 nuclear pore complex protein [Arabidopsis thaliana],0.128,-0.392
NP_001332567.1,False,89.326,0.767,False,RLK_defense,87.803,0.7271,False,defense_signaling,88.934,0.7634,False,RLK_defense,NP_001332567.1 ARM repeat superfamily protein [Arabidopsis thaliana],-1.523,-0.392
NP_001324226.1,False,44.722,0.2005,False,defense_signaling,40.948,0.1379,False,defense_signaling,44.33,0.1939,False,defense_signaling,NP_001324226.1 maternal effect embryo arrest 22 [Arabidopsis thaliana],-3.774,-0.392
NP_001324225.1,False,44.722,0.2005,False,defense_signaling,40.948,0.1379,False,defense_signaling,44.33,0.1939,False,defense_signaling,NP_001324225.1 maternal effect embryo arrest 22 [Arabidopsis thaliana],-3.774,-0.392
NP_001190825.1,False,89.244,0.7487,False,defense_signaling,88.153,0.7333,False,defense_signaling,88.852,0.7425,False,defense_signaling,NP_001190825.1 pesticidal crystal cry8Ba protein [Arabidopsis thaliana],-1.091,-0.392
NP_177891.1,False,89.076,0.867,False,antimicrobial,86.871,0.8445,False,antimicrobial,88.684,0.8583,False,antimicrobial,NP_177891.1 Ribonuclease II/R family protein [Arabidopsis thaliana],-2.205,-0.392
NP_568624.1,False,71.76,0.5358,False,defense_signaling,64.681,0.4545,False,defense_signaling,71.367,0.5295,False,defense_signaling,NP_568624.1 COP1-interacting protein-like protein [Arabidopsis thaliana],-7.079,-0.393
NP_190628.6,False,88.805,0.7426,False,defense_signaling,87.89,0.7285,False,defense_signaling,88.412,0.7364,False,defense_signaling,NP_190628.6 Transducin/WD40 repeat-like superfamily protein [Arabidopsis thaliana],-0.915,-0.393
NP_001190226.1,False,89.52,0.7525,False,defense_signaling,88.444,0.7374,False,defense_signaling,89.126,0.7463,False,defense_signaling,NP_001190226.1 UDP-Glycosyltransferase superfamily protein [Arabidopsis thaliana],-1.076,-0.394
NP_001320519.1,False,89.771,0.7558,False,defense_signaling,90.151,0.7619,False,defense_signaling,89.375,0.7496,False,defense_signaling,NP_001320519.1 Ubiquitin carboxyl-terminal hydrolase-related protein [Arabidopsis thaliana],0.38,-0.396
NP_001320847.1,False,89.572,0.7529,False,defense_signaling,89.879,0.7582,False,defense_signaling,89.176,0.7467,False,defense_signaling,NP_001320847.1 Ubiquitin carboxyl-terminal hydrolase-related protein [Arabidopsis thaliana],0.307,-0.396
NP_175654.1,False,88.873,0.7434,False,defense_signaling,89.315,0.7496,False,defense_signaling,88.477,0.7372,False,defense_signaling,NP_175654.1 Ubiquitin carboxyl-terminal hydrolase-related protein [Arabidopsis thaliana],0.442,-0.396
NP_001327597.1,False,89.711,0.7551,False,defense_signaling,85.905,0.7009,False,defense_signaling,89.315,0.7489,False,defense_signaling,NP_001327597.1 P-loop containing nucleoside triphosphate hydrolases superfamily protein [Arabidopsis thaliana],-3.806,-0.396
NP_001329820.1,False,89.38,0.7508,False,defense_signaling,88.23,0.7344,False,defense_signaling,88.983,0.7445,False,defense_signaling,NP_001329820.1 pesticidal crystal cry8Ba protein [Arabidopsis thaliana],-1.15,-0.397
NP_173077.1,False,52.34,0.3075,False,defense_signaling,51.474,0.294,False,defense_signaling,51.943,0.301,False,defense_signaling,NP_173077.1 kinase superfamily with octicosapeptide/Phox/Bem1p domain-containing protein [Arabidopsis thaliana],-0.866,-0.397
NP_001185010.1,False,52.34,0.3075,False,defense_signaling,51.474,0.294,False,defense_signaling,51.943,0.301,False,defense_signaling,NP_001185010.1 kinase superfamily with octicosapeptide/Phox/Bem1p domain-containing protein [Arabidopsis thaliana],-0.866,-0.397
NP_001321701.1,False,52.34,0.3075,False,defense_signaling,51.474,0.294,False,defense_signaling,51.943,0.301,False,defense_signaling,NP_001321701.1 kinase superfamily with octicosapeptide/Phox/Bem1p domain-containing protein [Arabidopsis thaliana],-0.866,-0.397
NP_001324205.1,False,45.054,0.2061,False,defense_signaling,47.139,0.2366,False,defense_signaling,44.656,0.1996,False,defense_signaling,NP_001324205.1 histone-lysine N-methyltransferase SUVR5 [Arabidopsis thaliana],2.085,-0.398
NP_001324206.1,False,45.054,0.2061,False,defense_signaling,47.139,0.2366,False,defense_signaling,44.656,0.1996,False,defense_signaling,NP_001324206.1 histone-lysine N-methyltransferase SUVR5 [Arabidopsis thaliana],2.085,-0.398
NP_001321332.1,False,45.096,0.2067,False,defense_signaling,34.752,0.0187,False,defense_signaling,44.698,0.2001,False,defense_signaling,NP_001321332.1 GYF domain-containing protein [Arabidopsis thaliana],-10.344,-0.398
NP_001185083.1,False,45.096,0.2067,False,defense_signaling,37.764,0.0801,False,defense_signaling,44.698,0.2001,False,defense_signaling,NP_001185083.1 GYF domain-containing protein [Arabidopsis thaliana],-7.332,-0.398
NP_197187.1,False,87.282,0.719,False,defense_signaling,85.579,0.6967,False,defense_signaling,86.884,0.7128,False,defense_signaling,NP_197187.1 telomerase reverse transcriptase [Arabidopsis thaliana],-1.703,-0.398
NP_001330113.1,False,92.566,0.92,False,NBS_LRR,92.163,0.9309,False,NBS_LRR,92.167,0.9634,False,NBS_LRR,NP_001330113.1 PHD finger transcription factor [Arabidopsis thaliana],-0.403,-0.399
NP_001319691.1,False,49.366,0.271,False,defense_signaling,54.065,0.3274,False,defense_signaling,48.966,0.2645,False,defense_signaling,NP_001319691.1 nuclear factor kappa-B-binding-like protein [Arabidopsis thaliana],4.699,-0.4
NP_201212.1,False,92.57,0.7976,False,defense_signaling,86.857,0.7133,False,defense_signaling,92.169,0.7914,False,defense_signaling,NP_201212.1 phosphatidylinositol 4-OH kinase beta1 [Arabidopsis thaliana],-5.713,-0.401
NP_001330671.1,False,49.397,0.2714,False,defense_signaling,48.526,0.2576,False,defense_signaling,48.993,0.2648,False,defense_signaling,"NP_001330671.1 spectrin beta chain, brain [Arabidopsis thaliana]",-0.871,-0.404
NP_197637.2,False,49.397,0.2714,False,defense_signaling,48.526,0.2576,False,defense_signaling,48.993,0.2648,False,defense_signaling,"NP_197637.2 spectrin beta chain, brain [Arabidopsis thaliana]",-0.871,-0.404
NP_001330672.1,False,49.397,0.2714,False,defense_signaling,48.526,0.2576,False,defense_signaling,48.993,0.2648,False,defense_signaling,"NP_001330672.1 spectrin beta chain, brain [Arabidopsis thaliana]",-0.871,-0.404
NP_198650.1,True,99.231,1.733,True,NBS_LRR,98.657,1.558,False,NBS_LRR,98.827,1.5814,False,NBS_LRR,NP_198650.1 Disease resistance protein (TIR-NBS-LRR class) family [Arabidopsis thaliana],-0.574,-0.404
NP_001318694.1,True,99.231,1.733,True,NBS_LRR,98.657,1.558,False,NBS_LRR,98.827,1.5814,False,NBS_LRR,NP_001318694.1 Disease resistance protein (TIR-NBS-LRR class) family [Arabidopsis thaliana],-0.574,-0.404
NP_173840.4,False,45.394,0.2112,False,defense_signaling,37.687,0.0787,False,defense_signaling,44.989,0.2046,False,defense_signaling,NP_173840.4 GYF domain-containing protein [Arabidopsis thaliana],-7.707,-0.405
NP_001327369.1,False,50.003,0.2778,False,defense_signaling,45.373,0.2103,False,defense_signaling,49.597,0.2713,False,defense_signaling,NP_001327369.1 GPI-anchored adhesin-like protein [Arabidopsis thaliana],-4.63,-0.406
NP_001318834.1,False,49.028,0.2663,False,defense_signaling,45.157,0.2071,False,defense_signaling,48.622,0.2598,False,defense_signaling,NP_001318834.1 LRR protein [Arabidopsis thaliana],-3.871,-0.406
NP_190793.2,False,50.205,0.2801,False,defense_signaling,45.138,0.2067,False,defense_signaling,49.799,0.2736,False,defense_signaling,NP_190793.2 Duplicated homeodomain-like superfamily protein [Arabidopsis thaliana],-5.067,-0.406
NP_001327905.1,False,50.205,0.2801,False,defense_signaling,45.138,0.2067,False,defense_signaling,49.799,0.2736,False,defense_signaling,NP_001327905.1 Duplicated homeodomain-like superfamily protein [Arabidopsis thaliana],-5.067,-0.406
NP_001119113.1,False,84.776,0.6854,False,defense_signaling,83.11,0.664,False,defense_signaling,84.369,0.6792,False,defense_signaling,NP_001119113.1 RING/U-box superfamily protein [Arabidopsis thaliana],-1.666,-0.407
NP_001319933.1,False,84.046,0.6771,False,defense_signaling,84.78,0.6849,False,defense_signaling,83.639,0.6708,False,defense_signaling,NP_001319933.1 putative recombination initiation defect 1 [Arabidopsis thaliana],0.734,-0.407
NP_197859.4,False,70.878,0.6192,False,cell_death_HR,69.511,0.5928,False,cell_death_HR,70.471,0.61,False,cell_death_HR,NP_197859.4 Transducin/WD40 repeat-like superfamily protein [Arabidopsis thaliana],-1.367,-0.407
NP_176197.3,False,84.25,0.6794,False,defense_signaling,82.463,0.6561,False,defense_signaling,83.842,0.6732,False,defense_signaling,NP_176197.3 SIN3-like 5 [Arabidopsis thaliana],-1.787,-0.408
NP_001185269.1,False,84.25,0.6794,False,defense_signaling,83.017,0.6629,False,defense_signaling,83.842,0.6732,False,defense_signaling,NP_001185269.1 SIN3-like 5 [Arabidopsis thaliana],-1.233,-0.408
NP_564180.1,False,51.644,0.2977,False,defense_signaling,49.984,0.2761,False,defense_signaling,51.235,0.2912,False,defense_signaling,NP_564180.1 gigantea protein (GI) [Arabidopsis thaliana],-1.66,-0.409
NP_001324482.1,False,51.452,0.2957,False,defense_signaling,48.293,0.254,False,defense_signaling,51.043,0.2892,False,defense_signaling,NP_001324482.1 serine/arginine repetitive matrix protein [Arabidopsis thaliana],-3.159,-0.409
NP_565452.1,False,51.452,0.2957,False,defense_signaling,48.293,0.254,False,defense_signaling,51.043,0.2892,False,defense_signaling,NP_565452.1 serine/arginine repetitive matrix protein [Arabidopsis thaliana],-3.159,-0.409
NP_564694.2,False,84.981,0.6881,False,defense_signaling,61.174,0.415,False,defense_signaling,84.571,0.6819,False,defense_signaling,NP_564694.2 Nuclear pore complex protein [Arabidopsis thaliana],-23.807,-0.41
NP_001320338.1,False,90.301,0.8298,False,NBS_LRR,89.076,0.7466,False,defense_signaling,89.89,0.8615,False,NBS_LRR,NP_001320338.1 B-block binding subunit of TFIIIC [Arabidopsis thaliana],-1.225,-0.411
NP_001185022.1,False,90.301,0.8298,False,NBS_LRR,87.749,0.726,False,defense_signaling,89.89,0.8615,False,NBS_LRR,NP_001185022.1 B-block binding subunit of TFIIIC [Arabidopsis thaliana],-2.552,-0.411
NP_193913.4,False,91.19,0.7759,False,defense_signaling,92.25,0.8007,False,antimicrobial,90.779,0.9163,False,antimicrobial,NP_193913.4 binding / calmodulin binding protein [Arabidopsis thaliana],1.06,-0.411
NP_568137.1,False,90.281,0.7634,False,defense_signaling,88.921,0.7441,False,defense_signaling,89.869,0.7572,False,defense_signaling,NP_568137.1 UDP-Glycosyltransferase superfamily protein [Arabidopsis thaliana],-1.36,-0.412
NP_195136.3,False,84.807,0.6858,False,defense_signaling,83.121,0.6642,False,defense_signaling,84.394,0.6795,False,defense_signaling,NP_195136.3 RING/U-box superfamily protein [Arabidopsis thaliana],-1.686,-0.413
NP_199288.4,False,91.163,0.7754,False,defense_signaling,89.771,0.7568,False,defense_signaling,90.75,0.7692,False,defense_signaling,NP_199288.4 DNA-directed DNA polymerase [Arabidopsis thaliana],-1.392,-0.413
NP_567278.1,False,90.831,0.7708,False,defense_signaling,95.163,0.8463,False,defense_signaling,90.418,0.9354,False,antimicrobial,NP_567278.1 glucan synthase-like 1 [Arabidopsis thaliana],4.332,-0.413
NP_001325702.1,False,84.419,0.6814,False,defense_signaling,96.258,0.8709,False,defense_signaling,84.006,0.6751,False,defense_signaling,NP_001325702.1 beige/BEACH domain protein [Arabidopsis thaliana],11.839,-0.413
NP_171941.2,False,84.822,0.6859,False,defense_signaling,83.492,0.6693,False,defense_signaling,84.409,0.6796,False,defense_signaling,NP_171941.2 hypothetical protein (DUF810) [Arabidopsis thaliana],-1.33,-0.413
NP_001185129.1,True,91.061,0.774,False,defense_signaling,91.617,0.783,False,defense_signaling,90.647,0.7679,False,defense_signaling,NP_001185129.1 SUPPRESSOR OF AUXIN RESISTANCE1 [Arabidopsis thaliana],0.556,-0.414
NP_192401.5,False,85.064,0.6894,False,defense_signaling,83.778,0.6729,False,defense_signaling,84.65,0.6831,False,defense_signaling,NP_192401.5 sensitive to freezing 6 [Arabidopsis thaliana],-1.286,-0.414
NP_001190676.1,False,84.846,0.6862,False,defense_signaling,83.708,0.672,False,defense_signaling,84.432,0.6799,False,defense_signaling,NP_001190676.1 sensitive to freezing 6 [Arabidopsis thaliana],-1.138,-0.414
NP_001318738.1,False,91.03,0.7738,False,defense_signaling,91.905,0.7882,False,defense_signaling,90.615,0.7676,False,defense_signaling,NP_001318738.1 Homeodomain-like transcriptional regulator [Arabidopsis thaliana],0.875,-0.415
NP_001323985.1,False,84.866,0.6866,False,defense_signaling,82.994,0.6625,False,defense_signaling,84.451,0.6804,False,defense_signaling,NP_001323985.1 nuclear RNA polymerase D1B [Arabidopsis thaliana],-1.872,-0.415
NP_200812.2,False,84.316,0.7636,False,antimicrobial,83.119,0.7225,False,antimicrobial,83.901,0.7549,False,antimicrobial,NP_200812.2 nuclear RNA polymerase C1 [Arabidopsis thaliana],-1.197,-0.415
NP_188360.3,False,92.404,0.7951,False,defense_signaling,90.995,0.7732,False,defense_signaling,91.989,0.7889,False,defense_signaling,NP_188360.3 ARM repeat superfamily protein [Arabidopsis thaliana],-1.409,-0.415
NP_001189916.1,False,92.306,0.7935,False,defense_signaling,90.887,0.7718,False,defense_signaling,91.891,0.7873,False,defense_signaling,NP_001189916.1 ARM repeat superfamily protein [Arabidopsis thaliana],-1.419,-0.415
NP_001190470.1,False,91.03,0.7738,False,defense_signaling,91.806,0.7866,False,defense_signaling,90.615,0.7676,False,defense_signaling,NP_001190470.1 Homeodomain-like transcriptional regulator [Arabidopsis thaliana],0.776,-0.415
NP_181532.2,True,84.866,0.6866,False,defense_signaling,91.476,0.7805,False,defense_signaling,84.451,0.6804,False,defense_signaling,NP_181532.2 nuclear RNA polymerase D1B [Arabidopsis thaliana],6.61,-0.415
NP_192264.1,False,90.244,0.7629,False,defense_signaling,95.144,0.8724,False,antimicrobial,89.829,0.969,False,antimicrobial,NP_192264.1 glucan synthase-like 5 [Arabidopsis thaliana],4.9,-0.415
NP_172981.3,False,90.737,0.9269,False,cell_death_HR,96.142,0.8682,False,defense_signaling,90.322,0.9183,False,cell_death_HR,NP_172981.3 Tetratricopeptide repeat (TPR)-like superfamily protein [Arabidopsis thaliana],5.405,-0.415
NP_001329057.1,False,84.849,0.6862,False,defense_signaling,83.984,0.6755,False,defense_signaling,84.434,0.6799,False,defense_signaling,NP_001329057.1 sensitive to freezing 6 [Arabidopsis thaliana],-0.865,-0.415
NP_199231.1,False,91.03,0.7738,False,defense_signaling,91.905,0.7882,False,defense_signaling,90.615,0.7676,False,defense_signaling,NP_199231.1 Homeodomain-like transcriptional regulator [Arabidopsis thaliana],0.875,-0.415
NP_177164.1,False,90.632,0.7686,False,defense_signaling,92.314,0.9372,False,antimicrobial,90.217,0.9329,False,antimicrobial,NP_177164.1 DEAD/DEAH box helicase [Arabidopsis thaliana],1.682,-0.415
NP_001322392.1,False,90.737,0.9269,False,cell_death_HR,90.425,0.9326,False,cell_death_HR,90.322,0.9183,False,cell_death_HR,NP_001322392.1 Tetratricopeptide repeat (TPR)-like superfamily protein [Arabidopsis thaliana],-0.312,-0.415
NP_201247.1,False,91.997,0.789,False,defense_signaling,93.128,0.8072,False,defense_signaling,91.58,0.7828,False,defense_signaling,NP_201247.1 DNA polymerase V family [Arabidopsis thaliana],1.131,-0.417
NP_001031748.1,False,47.557,0.2428,False,defense_signaling,45.238,0.2082,False,defense_signaling,47.14,0.2363,False,defense_signaling,NP_001031748.1 Regulator of Vps4 activity in the MVB pathway protein [Arabidopsis thaliana],-2.319,-0.417
NP_194708.1,False,47.423,0.2411,False,defense_signaling,44.691,0.1995,False,defense_signaling,47.006,0.2345,False,defense_signaling,NP_194708.1 serine/arginine repetitive matrix protein [Arabidopsis thaliana],-2.732,-0.417
NP_001326638.1,False,91.823,0.9018,False,antimicrobial,91.505,0.8651,False,antimicrobial,91.406,0.8932,False,antimicrobial,NP_001326638.1 exportin-4 protein [Arabidopsis thaliana],-0.318,-0.417
NP_176757.1,False,97.853,1.4723,False,NBS_LRR,97.44,1.3994,False,NBS_LRR,97.436,1.3969,False,NBS_LRR,NP_176757.1 P-loop containing nucleoside triphosphate hydrolases superfamily protein [Arabidopsis thaliana],-0.413,-0.417
NP_001326767.1,False,47.394,0.2406,False,defense_signaling,44.205,0.1917,False,defense_signaling,46.975,0.234,False,defense_signaling,NP_001326767.1 kinase superfamily with octicosapeptide/Phox/Bem1p domain-containing protein [Arabidopsis thaliana],-3.189,-0.419
NP_189115.3,False,47.394,0.2406,False,defense_signaling,44.205,0.1917,False,defense_signaling,46.975,0.234,False,defense_signaling,NP_189115.3 kinase superfamily with octicosapeptide/Phox/Bem1p domain-containing protein [Arabidopsis thaliana],-3.189,-0.419
NP_850237.1,False,47.228,0.2381,False,defense_signaling,42.481,0.1637,False,defense_signaling,46.809,0.2316,False,defense_signaling,NP_850237.1 maternal effect embryo arrest 22 [Arabidopsis thaliana],-4.747,-0.419
NP_001318950.1,False,91.725,0.7839,False,defense_signaling,88.937,0.7444,False,defense_signaling,91.306,0.7778,False,defense_signaling,NP_001318950.1 RNAligase [Arabidopsis thaliana],-2.788,-0.419
NP_001320709.1,False,90.461,0.7662,False,defense_signaling,89.263,0.7492,False,defense_signaling,90.042,0.76,False,defense_signaling,NP_001320709.1 nuclear RNA polymerase D1A [Arabidopsis thaliana],-1.198,-0.419
NP_001319636.1,False,47.394,0.2406,False,defense_signaling,44.205,0.1917,False,defense_signaling,46.975,0.234,False,defense_signaling,NP_001319636.1 kinase superfamily with octicosapeptide/Phox/Bem1p domain-containing protein [Arabidopsis thaliana],-3.189,-0.419
NP_176490.2,False,90.461,0.7662,False,defense_signaling,89.351,0.7502,False,defense_signaling,90.042,0.76,False,defense_signaling,NP_176490.2 nuclear RNA polymerase D1A [Arabidopsis thaliana],-1.11,-0.419
NP_001320708.1,False,90.461,0.7662,False,defense_signaling,89.103,0.747,False,defense_signaling,90.042,0.76,False,defense_signaling,NP_001320708.1 nuclear RNA polymerase D1A [Arabidopsis thaliana],-1.358,-0.419
NP_001189828.1,False,91.717,0.7838,False,defense_signaling,95.963,0.864,False,defense_signaling,91.298,0.8154,False,antimicrobial,NP_001189828.1 ARM repeat superfamily protein [Arabidopsis thaliana],4.246,-0.419
NP_001185298.1,False,90.461,0.7662,False,defense_signaling,89.351,0.7502,False,defense_signaling,90.042,0.76,False,defense_signaling,NP_001185298.1 nuclear RNA polymerase D1A [Arabidopsis thaliana],-1.11,-0.419
NP_001325634.1,False,89.945,0.7588,False,defense_signaling,88.184,0.7336,False,defense_signaling,89.526,0.7526,False,defense_signaling,NP_001325634.1 ubiquitin-specific protease 26 [Arabidopsis thaliana],-1.761,-0.419
NP_001329378.1,False,91.804,0.7852,False,defense_signaling,90.647,0.7684,False,defense_signaling,91.385,0.779,False,defense_signaling,NP_001329378.1 Acyl-CoA N-acyltransferase with RING/FYVE/PHD-type zinc finger protein [Arabidopsis thaliana],-1.157,-0.419
NP_001327466.1,False,90.439,0.8356,False,NBS_LRR,90.381,0.8567,False,NBS_LRR,90.02,0.8581,False,NBS_LRR,NP_001327466.1 Transducin/WD40 repeat-like superfamily protein [Arabidopsis thaliana],-0.058,-0.419
NP_001190414.1,False,90.472,0.7663,False,defense_signaling,88.12,0.7326,False,defense_signaling,90.053,0.7601,False,defense_signaling,NP_001190414.1 ARM repeat superfamily protein [Arabidopsis thaliana],-2.352,-0.419
NP_198149.2,False,90.394,0.7652,False,defense_signaling,87.848,0.7278,False,defense_signaling,89.974,0.759,False,defense_signaling,NP_198149.2 ARM repeat superfamily protein [Arabidopsis thaliana],-2.546,-0.42
NP_001119248.1,False,91.629,0.7825,False,defense_signaling,91.229,0.7766,False,defense_signaling,91.208,0.7763,False,defense_signaling,NP_001119248.1 transcription activator [Arabidopsis thaliana],-0.4,-0.421
NP_187305.5,False,91.875,0.7865,False,defense_signaling,97.065,0.8883,False,defense_signaling,91.454,0.8154,False,antimicrobial,NP_187305.5 ARM repeat superfamily protein [Arabidopsis thaliana],5.19,-0.421
NP_001323679.1,False,86.891,0.7135,False,defense_signaling,86.59,0.7096,False,defense_signaling,86.47,0.7073,False,defense_signaling,NP_001323679.1 ATP binding microtubule motor family protein [Arabidopsis thaliana],-0.301,-0.421
NP_197342.3,False,91.629,0.7825,False,defense_signaling,91.559,0.782,False,defense_signaling,91.208,0.7763,False,defense_signaling,NP_197342.3 transcription activator [Arabidopsis thaliana],-0.07,-0.421
NP_001332120.1,False,86.858,0.7131,False,defense_signaling,87.254,0.7188,False,defense_signaling,86.437,0.7303,False,NBS_LRR,NP_001332120.1 RING/FYVE/PHD zinc finger superfamily protein [Arabidopsis thaliana],0.396,-0.421
NP_001332121.1,False,86.858,0.7131,False,defense_signaling,87.254,0.7188,False,defense_signaling,86.437,0.7303,False,NBS_LRR,NP_001332121.1 RING/FYVE/PHD zinc finger superfamily protein [Arabidopsis thaliana],0.396,-0.421
NP_186827.2,False,87.122,0.7171,False,defense_signaling,86.624,0.7098,False,defense_signaling,86.701,0.7109,False,defense_signaling,NP_186827.2 ARM repeat superfamily protein [Arabidopsis thaliana],-0.498,-0.421
NP_850281.1,False,86.891,0.7135,False,defense_signaling,86.59,0.7096,False,defense_signaling,86.47,0.7073,False,defense_signaling,NP_850281.1 ATP binding microtubule motor family protein [Arabidopsis thaliana],-0.301,-0.421
NP_201232.1,False,91.883,0.7866,False,defense_signaling,83.322,0.8459,False,antimicrobial,91.462,0.9537,False,cell_death_HR,NP_201232.1 splicing factor [Arabidopsis thaliana],-8.561,-0.421
NP_001325635.1,False,86.683,0.7408,False,antimicrobial,84.87,0.7121,False,antimicrobial,86.26,0.7321,False,antimicrobial,NP_001325635.1 ubiquitin-specific protease 26 [Arabidopsis thaliana],-1.813,-0.423
NP_001119373.1,False,91.785,0.7847,False,defense_signaling,90.852,0.7713,False,defense_signaling,91.362,0.7785,False,defense_signaling,NP_001119373.1 DNA-directed DNA polymerase [Arabidopsis thaliana],-0.933,-0.423
NP_001321284.1,False,97.762,1.4607,False,NBS_LRR,97.285,1.3812,False,NBS_LRR,97.339,1.3853,False,NBS_LRR,NP_001321284.1 P-loop containing nucleoside triphosphate hydrolases superfamily protein [Arabidopsis thaliana],-0.477,-0.423
NP_566922.1,False,86.683,0.7408,False,antimicrobial,84.87,0.7121,False,antimicrobial,86.26,0.7321,False,antimicrobial,NP_566922.1 ubiquitin-specific protease 26 [Arabidopsis thaliana],-1.813,-0.423
NP_564341.2,False,87.048,0.9068,False,antimicrobial,84.89,0.8931,False,antimicrobial,86.624,0.8981,False,antimicrobial,NP_564341.2 nuclear RNA polymerase A2 [Arabidopsis thaliana],-2.158,-0.424
NP_193228.6,False,91.762,0.7844,False,defense_signaling,90.654,0.7684,False,defense_signaling,91.338,0.7782,False,defense_signaling,NP_193228.6 Acyl-CoA N-acyltransferase with RING/FYVE/PHD-type zinc finger protein [Arabidopsis thaliana],-1.108,-0.424
NP_001329379.1,False,91.762,0.7844,False,defense_signaling,90.654,0.7684,False,defense_signaling,91.338,0.7782,False,defense_signaling,NP_001329379.1 Acyl-CoA N-acyltransferase with RING/FYVE/PHD-type zinc finger protein [Arabidopsis thaliana],-1.108,-0.424
NP_001117499.2,False,86.338,0.707,False,defense_signaling,62.688,0.4328,False,defense_signaling,85.913,0.7008,False,defense_signaling,NP_001117499.2 Nuclear pore complex protein [Arabidopsis thaliana],-23.65,-0.425
NP_187219.5,False,86.41,0.7081,False,defense_signaling,78.098,0.6059,False,defense_signaling,85.984,0.7019,False,defense_signaling,NP_187219.5 embryo defective 2016 [Arabidopsis thaliana],-8.312,-0.426
NP_001319481.1,False,86.41,0.7081,False,defense_signaling,78.098,0.6059,False,defense_signaling,85.984,0.7019,False,defense_signaling,NP_001319481.1 embryo defective 2016 [Arabidopsis thaliana],-8.312,-0.426
NP_051049.1,False,46.923,0.2339,False,defense_signaling,38.007,0.0847,False,defense_signaling,46.495,0.2274,False,defense_signaling,NP_051049.1 RNA polymerase beta'' subunit (chloroplast) [Arabidopsis thaliana],-8.916,-0.428
NP_974801.2,False,91.609,0.7817,False,defense_signaling,91.526,0.7813,False,defense_signaling,91.18,0.7755,False,defense_signaling,NP_974801.2 transcription activator [Arabidopsis thaliana],-0.083,-0.429
NP_001319133.1,False,91.522,0.7805,False,defense_signaling,91.754,0.7858,False,defense_signaling,91.091,0.7743,False,defense_signaling,NP_001319133.1 SUPPRESSOR OF AUXIN RESISTANCE1 [Arabidopsis thaliana],0.232,-0.431
NP_173188.5,False,85.952,0.7016,False,defense_signaling,82.517,0.6568,False,defense_signaling,85.521,0.6954,False,defense_signaling,NP_173188.5 B-block binding subunit of TFIIIC [Arabidopsis thaliana],-3.435,-0.431
NP_193739.1,False,85.734,0.6988,False,defense_signaling,85.755,0.6987,False,defense_signaling,85.303,0.6925,False,defense_signaling,NP_193739.1 ARM repeat superfamily protein [Arabidopsis thaliana],0.021,-0.431
NP_194947.2,False,85.492,0.6952,False,defense_signaling,73.705,0.5566,False,defense_signaling,85.06,0.689,False,defense_signaling,NP_194947.2 DNA-binding HORMA family protein [Arabidopsis thaliana],-11.787,-0.432
NP_001189511.1,False,91.336,0.7777,False,defense_signaling,91.298,0.7779,False,defense_signaling,90.904,0.7715,False,defense_signaling,"NP_001189511.1 Nucleoporin, Nup133/Nup155-like protein [Arabidopsis thaliana]",-0.038,-0.432
NP_565039.5,False,85.99,0.7023,False,defense_signaling,76.196,0.5854,False,defense_signaling,85.558,0.6961,False,defense_signaling,NP_565039.5 nucleolar pre-ribosomal-associated protein [Arabidopsis thaliana],-9.794,-0.432
NP_001327678.1,False,86.423,0.7082,False,defense_signaling,86.546,0.7093,False,defense_signaling,85.99,0.702,False,defense_signaling,NP_001327678.1 DNA helicase INO80-like protein [Arabidopsis thaliana],0.123,-0.433
NP_001189829.1,False,91.478,0.7799,False,defense_signaling,96.596,0.879,False,defense_signaling,91.045,0.8154,False,antimicrobial,NP_001189829.1 ARM repeat superfamily protein [Arabidopsis thaliana],5.118,-0.433
NP_001326637.1,False,91.422,0.8939,False,antimicrobial,91.182,0.8602,False,antimicrobial,90.989,0.8852,False,antimicrobial,NP_001326637.1 exportin-4 protein [Arabidopsis thaliana],-0.24,-0.433
NP_195587.5,False,85.743,0.699,False,defense_signaling,88.076,0.732,False,defense_signaling,85.309,0.6927,False,defense_signaling,NP_195587.5 nucleoporin (DUF3414) [Arabidopsis thaliana],2.333,-0.434
NP_181727.1,False,85.427,0.6942,False,defense_signaling,81.708,0.6477,False,defense_signaling,84.992,0.688,False,defense_signaling,NP_181727.1 uncharacterized protein AT2G41960 [Arabidopsis thaliana],-3.719,-0.435
NP_001330789.1,False,86.449,0.7085,False,defense_signaling,85.789,0.6993,False,defense_signaling,86.013,0.7023,False,defense_signaling,NP_001330789.1 Telomerase activating protein Est1 [Arabidopsis thaliana],-0.66,-0.436
NP_173165.1,False,85.357,0.6934,False,defense_signaling,84.587,0.6822,False,defense_signaling,84.921,0.6871,False,defense_signaling,"NP_173165.1 Translation initiation factor 2, small GTP-binding protein [Arabidopsis thaliana]",-0.77,-0.436
NP_001330788.1,False,86.449,0.7085,False,defense_signaling,85.789,0.6993,False,defense_signaling,86.013,0.7023,False,defense_signaling,NP_001330788.1 Telomerase activating protein Est1 [Arabidopsis thaliana],-0.66,-0.436
NP_172173.2,False,85.16,0.8987,False,antimicrobial,84.658,0.8886,False,antimicrobial,84.699,0.89,False,antimicrobial,NP_172173.2 Insulinase (Peptidase family M16) family protein [Arabidopsis thaliana],-0.502,-0.461
NP_198442.2,False,56.506,0.2848,False,cell_death_HR,54.747,0.3011,False,cell_death_HR,56.033,0.311,False,cell_death_HR,NP_198442.2 AMP-dependent synthetase and ligase family protein [Arabidopsis thaliana],-1.759,-0.473
NP_001332060.1,False,86.592,0.9279,False,antimicrobial,86.401,0.9232,False,antimicrobial,86.117,0.9193,False,antimicrobial,NP_001332060.1 nuclear RNA polymerase C2 [Arabidopsis thaliana],-0.191,-0.475
NP_199327.4,False,86.592,0.9279,False,antimicrobial,86.401,0.9232,False,antimicrobial,86.117,0.9193,False,antimicrobial,NP_199327.4 nuclear RNA polymerase C2 [Arabidopsis thaliana],-0.191,-0.475
NP_567079.1,False,62.891,0.4764,False,cell_death_HR,62.402,0.467,False,cell_death_HR,62.402,0.4669,False,cell_death_HR,NP_567079.1 ENTH/VHS family protein [Arabidopsis thaliana],-0.489,-0.489
NP_001324367.1,False,62.589,0.4717,False,cell_death_HR,61.075,0.4451,False,cell_death_HR,62.096,0.4622,False,cell_death_HR,NP_001324367.1 Structural maintenance of chromosomes (SMC) family protein [Arabidopsis thaliana],-1.514,-0.493
NP_001324368.1,False,62.589,0.4717,False,cell_death_HR,61.075,0.4451,False,cell_death_HR,62.096,0.4622,False,cell_death_HR,NP_001324368.1 Structural maintenance of chromosomes (SMC) family protein [Arabidopsis thaliana],-1.514,-0.493
NP_199792.1,False,80.291,0.8032,False,antimicrobial,78.684,0.7723,False,antimicrobial,79.791,0.7945,False,antimicrobial,NP_199792.1 methionine S-methyltransferase [Arabidopsis thaliana],-1.607,-0.5
NP_001190492.1,False,71.965,0.6385,False,antimicrobial,73.101,0.661,False,antimicrobial,71.436,0.6297,False,antimicrobial,NP_001190492.1 structural maintenance of chromosome 3 [Arabidopsis thaliana],1.136,-0.529
NP_199671.1,False,72.533,0.6493,False,antimicrobial,73.218,0.6626,False,antimicrobial,72.002,0.6406,False,antimicrobial,NP_199671.1 structural maintenance of chromosome 3 [Arabidopsis thaliana],0.685,-0.531
NP_177789.2,False,83.811,0.6982,False,antimicrobial,83.453,0.6799,False,antimicrobial,83.241,0.6894,False,antimicrobial,NP_177789.2 Tetratricopeptide repeat (TPR)-like superfamily protein [Arabidopsis thaliana],-0.358,-0.57
NP_001185412.1,False,83.164,0.7175,False,antimicrobial,82.772,0.698,False,antimicrobial,82.592,0.7088,False,antimicrobial,NP_001185412.1 Tetratricopeptide repeat (TPR)-like superfamily protein [Arabidopsis thaliana],-0.392,-0.572
NP_001190893.1,False,79.053,0.6174,False,RLK_defense,75.551,0.5777,False,defense_signaling,78.464,0.6064,False,RLK_defense,NP_001190893.1 glycine-rich protein [Arabidopsis thaliana],-3.502,-0.589
NP_001190894.1,False,79.053,0.6174,False,RLK_defense,75.551,0.5777,False,defense_signaling,78.464,0.6064,False,RLK_defense,NP_001190894.1 glycine-rich protein [Arabidopsis thaliana],-3.502,-0.589
NP_567910.1,False,79.053,0.6174,False,RLK_defense,75.551,0.5777,False,defense_signaling,78.464,0.6064,False,RLK_defense,NP_567910.1 glycine-rich protein [Arabidopsis thaliana],-3.502,-0.589
NP_199513.2,False,76.472,0.5861,False,defense_signaling,81.31,0.6426,False,defense_signaling,75.867,0.5798,False,defense_signaling,NP_199513.2 MraZ [Arabidopsis thaliana],4.838,-0.605
NP_001190645.1,False,81.723,0.6558,False,RLK_defense,84.681,0.6965,False,RLK_defense,81.094,0.6792,False,cell_death_HR,NP_001190645.1 K+ efflux antiporter 2 [Arabidopsis thaliana],2.958,-0.629
NP_191972.6,False,81.996,0.66,False,RLK_defense,85.235,0.7062,False,RLK_defense,81.364,0.7382,False,cell_death_HR,NP_191972.6 K+ efflux antiporter 2 [Arabidopsis thaliana],3.239,-0.632
NP_001318544.1,False,82.475,0.6666,False,RLK_defense,81.965,0.6508,False,defense_signaling,81.784,0.6541,False,RLK_defense,NP_001318544.1 ephrin type-B receptor [Arabidopsis thaliana],-0.51,-0.691
NP_196731.2,False,82.475,0.6666,False,RLK_defense,81.2,0.6412,False,defense_signaling,81.784,0.6541,False,RLK_defense,NP_196731.2 ephrin type-B receptor [Arabidopsis thaliana],-1.275,-0.691
NP_001330860.1,False,65.148,0.4134,False,NBS_LRR,59.993,0.3269,False,NBS_LRR,64.447,0.3965,False,NBS_LRR,NP_001330860.1 gamete expressed 2 [Arabidopsis thaliana],-5.155,-0.701
NP_564971.2,False,98.583,1.5747,False,NBS_LRR,95.889,1.2364,False,NBS_LRR,97.868,1.4525,False,NBS_LRR,NP_564971.2 disease resistance protein (TIR-NBS-LRR class) [Arabidopsis thaliana],-2.694,-0.715
NP_001320631.1,False,77.876,0.6002,False,RLK_defense,78.863,0.6128,False,RLK_defense,77.05,0.6633,False,cell_death_HR,NP_001320631.1 K+ efflux antiporter 1 [Arabidopsis thaliana],0.987,-0.826
NP_171684.2,False,77.876,0.6002,False,RLK_defense,78.863,0.6128,False,RLK_defense,77.05,0.6633,False,cell_death_HR,NP_171684.2 K+ efflux antiporter 1 [Arabidopsis thaliana],0.987,-0.826
NP_001330859.1,False,64.313,0.3992,False,NBS_LRR,59.852,0.3247,False,NBS_LRR,63.481,0.381,False,NBS_LRR,NP_001330859.1 gamete expressed 2 [Arabidopsis thaliana],-4.461,-0.832
NP_001330856.1,False,64.313,0.3992,False,NBS_LRR,60.114,0.3292,False,NBS_LRR,63.481,0.381,False,NBS_LRR,NP_001330856.1 gamete expressed 2 [Arabidopsis thaliana],-4.199,-0.832
NP_001185325.1,False,97.444,1.4242,False,NBS_LRR,95.633,1.2137,False,NBS_LRR,96.216,1.2694,False,NBS_LRR,NP_001185325.1 Disease resistance protein (TIR-NBS-LRR class) family [Arabidopsis thaliana],-1.811,-1.228
NP_176760.2,True,97.135,1.3907,False,NBS_LRR,95.239,1.1829,False,NBS_LRR,95.849,1.2311,False,NBS_LRR,NP_176760.2 Disease resistance protein (TIR-NBS-LRR class) family [Arabidopsis thaliana],-1.896,-1.286
NP_001330867.1,False,66.723,0.439,False,NBS_LRR,61.333,0.3482,False,NBS_LRR,63.918,0.3879,False,NBS_LRR,NP_001330867.1 AMP-dependent synthetase and ligase family protein [Arabidopsis thaliana],-5.39,-2.805
