protein_id,is_curated_GO,pctl_truncated,z_truncated,moderate_truncated,category_truncated,pctl_windowed_mean,z_windowed_mean,moderate_windowed_mean,category_windowed_mean,pctl_windowed_max,z_windowed_max,moderate_windowed_max,category_windowed_max,description,pctl_delta_mean,pctl_delta_max
XP_015625429.1,False,11.122,-0.8989,False,defense_signaling,52.738,0.2795,False,defense_signaling,84.597,0.721,False,defense_signaling,XP_015625429.1 uncharacterized protein LOC4329647 [Oryza sativa Japonica Group],41.616,73.475
XP_015650670.1,False,27.165,-0.2117,False,defense_signaling,97.225,0.9682,False,defense_signaling,97.798,1.3255,False,antimicrobial,"XP_015650670.1 starch synthase 3, chloroplastic/amyloplastic [Oryza sativa Japonica Group]",70.06,70.633
XP_015650668.1,False,27.165,-0.2117,False,defense_signaling,97.225,0.9682,False,defense_signaling,97.798,1.3255,False,antimicrobial,"XP_015650668.1 starch synthase 3, chloroplastic/amyloplastic [Oryza sativa Japonica Group]",70.06,70.633
XP_015650669.1,False,27.165,-0.2117,False,defense_signaling,97.225,0.9682,False,defense_signaling,97.798,1.3255,False,antimicrobial,"XP_015650669.1 starch synthase 3, chloroplastic/amyloplastic [Oryza sativa Japonica Group]",70.06,70.633
XP_015650671.1,False,27.165,-0.2117,False,defense_signaling,97.225,0.9682,False,defense_signaling,97.798,1.3255,False,antimicrobial,"XP_015650671.1 starch synthase 3, chloroplastic/amyloplastic [Oryza sativa Japonica Group]",70.06,70.633
XP_015646815.1,False,29.024,-0.1613,False,defense_signaling,91.65,0.8399,False,defense_signaling,98.452,1.4315,False,cell_death_HR,XP_015646815.1 DNA polymerase zeta catalytic subunit isoform X2 [Oryza sativa Japonica Group],62.626,69.428
XP_015646816.1,False,29.473,-0.1515,False,defense_signaling,93.144,0.8682,False,defense_signaling,98.069,1.4016,False,cell_death_HR,XP_015646816.1 DNA polymerase zeta catalytic subunit isoform X3 [Oryza sativa Japonica Group],63.671,68.596
XP_015646814.1,False,29.496,-0.1512,False,defense_signaling,92.045,0.8474,False,defense_signaling,98.069,1.4016,False,cell_death_HR,XP_015646814.1 DNA polymerase zeta catalytic subunit isoform X1 [Oryza sativa Japonica Group],62.549,68.573
XP_015622419.1,False,7.27,-1.2754,False,defense_signaling,7.211,-1.3182,False,NBS_LRR,75.669,0.5959,False,defense_signaling,XP_015622419.1 uncharacterized protein LOC4326289 [Oryza sativa Japonica Group],-0.059,68.399
XP_015630428.1,False,24.282,-0.2959,False,defense_signaling,60.019,0.38,False,defense_signaling,84.486,0.8897,False,cell_death_HR,XP_015630428.1 LOW QUALITY PROTEIN: nuclear pore complex protein NUP1-like [Oryza sativa Japonica Group],35.737,60.204
XP_015611300.2,False,40.914,0.0882,False,defense_signaling,95.918,0.9312,False,defense_signaling,99.406,1.0741,True,defense_signaling,XP_015611300.2 auxin transport protein BIG [Oryza sativa Japonica Group],55.004,58.492
XP_015619908.1,False,25.991,-0.2432,False,defense_signaling,64.942,0.4456,False,defense_signaling,82.566,0.6914,False,defense_signaling,XP_015619908.1 uncharacterized protein LOC4352551 isoform X1 [Oryza sativa Japonica Group],38.951,56.575
XP_015619909.1,False,27.577,-0.2001,False,defense_signaling,66.245,0.4645,False,defense_signaling,82.566,0.6914,False,defense_signaling,XP_015619909.1 uncharacterized protein LOC4352551 isoform X2 [Oryza sativa Japonica Group],38.668,54.989
XP_015650039.1,False,28.101,-0.1867,False,defense_signaling,55.565,0.32,False,defense_signaling,79.138,0.6438,False,defense_signaling,XP_015650039.1 uncharacterized protein LOC4346022 [Oryza sativa Japonica Group],27.464,51.037
XP_015642455.1,False,46.189,0.1832,False,defense_signaling,49.884,0.2382,False,defense_signaling,97.076,0.9625,False,defense_signaling,XP_015642455.1 chromatin structure-remodeling complex protein SYD isoform X1 [Oryza sativa Japonica Group],3.695,50.887
XP_015642454.1,False,46.189,0.1832,False,defense_signaling,49.884,0.2382,False,defense_signaling,97.076,0.9625,False,defense_signaling,XP_015642454.1 chromatin structure-remodeling complex protein SYD isoform X1 [Oryza sativa Japonica Group],3.695,50.887
XP_015642456.1,False,46.189,0.1832,False,defense_signaling,49.884,0.2382,False,defense_signaling,97.076,0.9625,False,defense_signaling,XP_015642456.1 chromatin structure-remodeling complex protein SYD isoform X1 [Oryza sativa Japonica Group],3.695,50.887
XP_015622781.1,False,46.137,0.1823,False,defense_signaling,92.061,0.8479,False,defense_signaling,96.338,0.9424,False,defense_signaling,XP_015622781.1 protein BREAST CANCER SUSCEPTIBILITY 2 homolog B isoform X6 [Oryza sativa Japonica Group],45.924,50.201
XP_015642458.1,False,47.563,0.2031,False,defense_signaling,49.445,0.2314,False,defense_signaling,97.111,0.964,False,defense_signaling,XP_015642458.1 chromatin structure-remodeling complex protein SYD isoform X2 [Oryza sativa Japonica Group],1.882,49.548
XP_015622774.1,False,47.533,0.2026,False,defense_signaling,91.641,0.8398,False,defense_signaling,96.338,0.9424,False,defense_signaling,XP_015622774.1 protein BREAST CANCER SUSCEPTIBILITY 2 homolog B isoform X4 [Oryza sativa Japonica Group],44.108,48.805
XP_025878753.1,False,47.594,0.2037,False,defense_signaling,91.692,0.8408,False,defense_signaling,96.338,0.9424,False,defense_signaling,XP_025878753.1 protein BREAST CANCER SUSCEPTIBILITY 2 homolog B isoform X5 [Oryza sativa Japonica Group],44.098,48.744
XP_015622733.1,False,47.634,0.2041,False,defense_signaling,91.536,0.8384,False,defense_signaling,96.338,0.9424,False,defense_signaling,XP_015622733.1 protein BREAST CANCER SUSCEPTIBILITY 2 homolog B isoform X1 [Oryza sativa Japonica Group],43.902,48.704
XP_015622741.1,False,47.634,0.2041,False,defense_signaling,91.536,0.8384,False,defense_signaling,96.338,0.9424,False,defense_signaling,XP_015622741.1 protein BREAST CANCER SUSCEPTIBILITY 2 homolog B isoform X1 [Oryza sativa Japonica Group],43.902,48.704
XP_015622757.1,False,48.223,0.2137,False,defense_signaling,91.697,0.8408,False,defense_signaling,96.338,0.9424,False,defense_signaling,XP_015622757.1 protein BREAST CANCER SUSCEPTIBILITY 2 homolog B isoform X2 [Oryza sativa Japonica Group],43.474,48.115
XP_015622765.1,False,48.583,0.2191,False,defense_signaling,91.711,0.8413,False,defense_signaling,96.338,0.9424,False,defense_signaling,XP_015622765.1 protein BREAST CANCER SUSCEPTIBILITY 2 homolog B isoform X3 [Oryza sativa Japonica Group],43.128,47.755
XP_025876464.1,False,51.092,0.257,False,defense_signaling,92.431,0.8541,False,defense_signaling,98.465,1.0139,False,defense_signaling,XP_025876464.1 lysine-specific histone demethylase 1 homolog 3 [Oryza sativa Japonica Group],41.339,47.373
XP_015614418.1,False,51.092,0.257,False,defense_signaling,92.431,0.8541,False,defense_signaling,98.465,1.0139,False,defense_signaling,XP_015614418.1 lysine-specific histone demethylase 1 homolog 3 [Oryza sativa Japonica Group],41.339,47.373
XP_015630448.1,False,30.822,-0.1186,False,defense_signaling,57.401,0.3448,False,defense_signaling,77.669,0.6221,False,defense_signaling,XP_015630448.1 protein OBERON 4 [Oryza sativa Japonica Group],26.579,46.847
XP_015630446.1,False,30.822,-0.1186,False,defense_signaling,57.401,0.3448,False,defense_signaling,77.669,0.6221,False,defense_signaling,XP_015630446.1 protein OBERON 4 [Oryza sativa Japonica Group],26.579,46.847
XP_015646817.1,False,54.203,0.3011,False,defense_signaling,93.567,0.8769,False,defense_signaling,98.069,1.4016,False,cell_death_HR,XP_015646817.1 DNA polymerase zeta catalytic subunit isoform X4 [Oryza sativa Japonica Group],39.364,43.866
XP_015617116.1,False,41.3,0.0953,False,defense_signaling,65.058,0.4464,False,defense_signaling,84.373,0.7178,False,defense_signaling,XP_015617116.1 phosphatidate phosphatase PAH2 isoform X1 [Oryza sativa Japonica Group],23.758,43.073
XP_015617117.1,False,41.3,0.0953,False,defense_signaling,65.058,0.4464,False,defense_signaling,84.373,0.7178,False,defense_signaling,XP_015617117.1 phosphatidate phosphatase PAH2 isoform X1 [Oryza sativa Japonica Group],23.758,43.073
XP_015617118.1,False,41.346,0.0963,False,defense_signaling,65.038,0.4461,False,defense_signaling,84.373,0.7178,False,defense_signaling,XP_015617118.1 phosphatidate phosphatase PAH2 isoform X2 [Oryza sativa Japonica Group],23.692,43.027
XP_025878519.1,False,41.508,0.0997,False,defense_signaling,72.517,0.5516,False,defense_signaling,84.334,0.7172,False,defense_signaling,XP_025878519.1 protein SHORTAGE IN CHIASMATA 1 isoform X2 [Oryza sativa Japonica Group],31.009,42.826
XP_015617120.1,False,42.011,0.1093,False,defense_signaling,65.802,0.4579,False,defense_signaling,84.754,0.7233,False,defense_signaling,XP_015617120.1 phosphatidate phosphatase PAH2 isoform X4 [Oryza sativa Japonica Group],23.791,42.743
XP_015617119.1,False,42.4,0.1175,False,defense_signaling,65.98,0.4615,False,defense_signaling,84.834,0.7249,False,defense_signaling,XP_015617119.1 phosphatidate phosphatase PAH2 isoform X3 [Oryza sativa Japonica Group],23.58,42.434
XP_015622788.1,False,47.634,0.2041,False,defense_signaling,75.462,0.5924,False,defense_signaling,90.006,0.8114,False,defense_signaling,XP_015622788.1 protein BREAST CANCER SUSCEPTIBILITY 2 homolog B isoform X7 [Oryza sativa Japonica Group],27.828,42.372
XP_015623583.1,False,40.93,0.0883,False,defense_signaling,71.178,0.53,False,defense_signaling,82.746,0.6943,False,defense_signaling,XP_015623583.1 protein SHORTAGE IN CHIASMATA 1 isoform X1 [Oryza sativa Japonica Group],30.248,41.816
XP_015639680.1,False,48.119,0.212,False,defense_signaling,74.935,0.5852,False,defense_signaling,86.533,0.7533,False,defense_signaling,XP_015639680.1 mediator of RNA polymerase II transcription subunit 13 [Oryza sativa Japonica Group],26.816,38.414
XP_015639683.1,False,48.119,0.212,False,defense_signaling,74.935,0.5852,False,defense_signaling,86.533,0.7533,False,defense_signaling,XP_015639683.1 mediator of RNA polymerase II transcription subunit 13 [Oryza sativa Japonica Group],26.816,38.414
XP_015639682.1,False,48.119,0.212,False,defense_signaling,74.935,0.5852,False,defense_signaling,86.533,0.7533,False,defense_signaling,XP_015639682.1 mediator of RNA polymerase II transcription subunit 13 [Oryza sativa Japonica Group],26.816,38.414
XP_015639681.1,False,48.119,0.212,False,defense_signaling,74.935,0.5852,False,defense_signaling,86.533,0.7533,False,defense_signaling,XP_015639681.1 mediator of RNA polymerase II transcription subunit 13 [Oryza sativa Japonica Group],26.816,38.414
XP_015631368.1,False,51.497,0.263,False,defense_signaling,74.847,0.5842,False,defense_signaling,89.635,0.8045,False,defense_signaling,XP_015631368.1 uncharacterized protein LOC4334099 [Oryza sativa Japonica Group],23.35,38.138
XP_015617121.1,False,40.543,0.0801,False,defense_signaling,61.142,0.3937,False,defense_signaling,78.365,0.6324,False,defense_signaling,XP_015617121.1 phosphatidate phosphatase PAH2 isoform X5 [Oryza sativa Japonica Group],20.599,37.822
XP_015647122.1,False,55.728,0.3228,False,defense_signaling,87.096,0.7615,False,defense_signaling,92.685,0.8593,False,defense_signaling,XP_015647122.1 SAC3 family protein B isoform X4 [Oryza sativa Japonica Group],31.368,36.957
XP_015639139.1,False,45.459,0.1715,False,defense_signaling,74.598,0.581,False,defense_signaling,82.382,0.6902,False,defense_signaling,XP_015639139.1 uncharacterized protein LOC4338607 [Oryza sativa Japonica Group],29.139,36.923
XP_015649735.1,False,38.079,0.034,False,defense_signaling,62.224,0.4084,False,defense_signaling,74.826,0.5845,False,defense_signaling,XP_015649735.1 chromatin modification-related protein EAF1 B isoform X2 [Oryza sativa Japonica Group],24.145,36.747
XP_015649923.1,False,58.945,0.3657,False,defense_signaling,86.572,0.7534,False,defense_signaling,94.91,0.9062,False,defense_signaling,XP_015649923.1 histone-lysine N-methyltransferase ATXR3 [Oryza sativa Japonica Group],27.627,35.965
XP_025877668.1,False,33.877,-0.1798,False,NBS_LRR,49.297,0.1162,False,NBS_LRR,69.691,0.4576,False,NBS_LRR,XP_025877668.1 uncharacterized protein LOC4351546 [Oryza sativa Japonica Group],15.42,35.814
XP_015616525.1,False,26.651,-0.2256,False,defense_signaling,50.687,0.2511,False,defense_signaling,62.37,0.4113,False,defense_signaling,XP_015616525.1 uncharacterized protein LOC4323879 [Oryza sativa Japonica Group],24.036,35.719
XP_015637140.1,False,45.037,0.1647,False,defense_signaling,65.172,0.4481,False,defense_signaling,80.169,0.6587,False,defense_signaling,XP_015637140.1 uncharacterized protein LOC107275971 isoform X1 [Oryza sativa Japonica Group],20.135,35.132
XP_015625488.1,False,64.775,0.4447,False,defense_signaling,99.375,1.0761,True,defense_signaling,99.847,1.1348,True,defense_signaling,XP_015625488.1 probable histone acetyltransferase HAC-like 1 [Oryza sativa Japonica Group],34.6,35.072
XP_015649734.1,False,38.419,0.0403,False,defense_signaling,61.137,0.3936,False,defense_signaling,73.423,0.5666,False,defense_signaling,XP_015649734.1 chromatin modification-related protein EAF1 B isoform X1 [Oryza sativa Japonica Group],22.718,35.004
XP_015647230.1,False,53.379,0.2584,False,cell_death_HR,72.423,0.63,False,cell_death_HR,87.619,0.9661,False,cell_death_HR,XP_015647230.1 rRNA biogenesis protein RRP5 [Oryza sativa Japonica Group],19.044,34.24
XP_025883407.1,False,54.358,0.3033,False,defense_signaling,75.706,0.5952,False,defense_signaling,87.225,0.764,False,defense_signaling,XP_025883407.1 uncharacterized protein LOC4345509 [Oryza sativa Japonica Group],21.348,32.867
XP_015648096.1,False,54.358,0.3033,False,defense_signaling,75.706,0.5952,False,defense_signaling,87.225,0.764,False,defense_signaling,XP_015648096.1 uncharacterized protein LOC4345509 [Oryza sativa Japonica Group],21.348,32.867
XP_015648097.1,False,54.358,0.3033,False,defense_signaling,75.706,0.5952,False,defense_signaling,87.225,0.764,False,defense_signaling,XP_015648097.1 uncharacterized protein LOC4345509 [Oryza sativa Japonica Group],21.348,32.867
XP_015639228.1,False,33.273,-0.0649,False,defense_signaling,52.378,0.2742,False,defense_signaling,65.806,0.4596,False,defense_signaling,XP_015639228.1 chromatin modification-related protein EAF1 B isoform X3 [Oryza sativa Japonica Group],19.105,32.533
XP_015619406.1,False,59.878,0.3812,False,cell_death_HR,95.709,1.2481,False,cell_death_HR,92.225,1.1041,False,cell_death_HR,XP_015619406.1 helicase and polymerase-containing protein TEBICHI [Oryza sativa Japonica Group],35.831,32.347
XP_025877669.1,False,59.878,0.3812,False,cell_death_HR,95.709,1.2481,False,cell_death_HR,92.225,1.1041,False,cell_death_HR,XP_025877669.1 helicase and polymerase-containing protein TEBICHI [Oryza sativa Japonica Group],35.831,32.347
XP_015619407.1,False,59.878,0.3812,False,cell_death_HR,95.709,1.2481,False,cell_death_HR,92.225,1.1041,False,cell_death_HR,XP_015619407.1 helicase and polymerase-containing protein TEBICHI [Oryza sativa Japonica Group],35.831,32.347
XP_015625354.1,False,65.499,0.4934,False,cell_death_HR,99.119,1.0549,True,defense_signaling,97.6,0.9802,False,defense_signaling,XP_015625354.1 uncharacterized protein LOC4329342 isoform X2 [Oryza sativa Japonica Group],33.62,32.101
XP_015639227.1,False,33.379,-0.0626,False,defense_signaling,52.15,0.27,False,defense_signaling,65.217,0.45,False,defense_signaling,XP_015639227.1 chromatin modification-related protein EAF1 B isoform X2 [Oryza sativa Japonica Group],18.771,31.838
XP_015615410.1,False,66.856,0.4749,False,defense_signaling,98.412,1.0139,False,defense_signaling,98.687,1.4061,False,cell_death_HR,XP_015615410.1 serine/threonine-protein kinase ATM isoform X1 [Oryza sativa Japonica Group],31.556,31.831
XP_025883058.1,False,60.909,0.3918,False,defense_signaling,89.449,0.8013,False,defense_signaling,92.685,0.8593,False,defense_signaling,XP_025883058.1 SAC3 family protein B isoform X3 [Oryza sativa Japonica Group],28.54,31.776
XP_015639222.1,False,33.273,-0.0649,False,defense_signaling,51.987,0.2679,False,defense_signaling,65.025,0.447,False,defense_signaling,XP_015639222.1 chromatin modification-related protein EAF1 B isoform X1 [Oryza sativa Japonica Group],18.714,31.752
XP_015639223.1,False,33.273,-0.0649,False,defense_signaling,51.987,0.2679,False,defense_signaling,65.025,0.447,False,defense_signaling,XP_015639223.1 chromatin modification-related protein EAF1 B isoform X1 [Oryza sativa Japonica Group],18.714,31.752
XP_015639225.1,False,33.273,-0.0649,False,defense_signaling,51.987,0.2679,False,defense_signaling,65.025,0.447,False,defense_signaling,XP_015639225.1 chromatin modification-related protein EAF1 B isoform X1 [Oryza sativa Japonica Group],18.714,31.752
XP_015639226.1,False,33.273,-0.0649,False,defense_signaling,51.987,0.2679,False,defense_signaling,65.025,0.447,False,defense_signaling,XP_015639226.1 chromatin modification-related protein EAF1 B isoform X1 [Oryza sativa Japonica Group],18.714,31.752
XP_015615417.1,False,66.856,0.4749,False,defense_signaling,98.166,1.003,False,defense_signaling,98.504,1.3514,False,antimicrobial,XP_015615417.1 serine/threonine-protein kinase ATM isoform X2 [Oryza sativa Japonica Group],31.31,31.648
XP_025876325.1,False,66.856,0.4749,False,defense_signaling,97.306,0.9702,False,defense_signaling,98.504,1.1358,False,antimicrobial,XP_025876325.1 serine/threonine-protein kinase ATM isoform X4 [Oryza sativa Japonica Group],30.45,31.648
XP_025878634.1,False,64.883,0.4457,False,defense_signaling,94.577,0.8989,False,defense_signaling,96.171,0.9387,False,defense_signaling,XP_025878634.1 calpain-type cysteine protease ADL1 [Oryza sativa Japonica Group],29.694,31.288
XP_015625426.1,False,64.883,0.4457,False,defense_signaling,94.577,0.8989,False,defense_signaling,96.171,0.9387,False,defense_signaling,XP_015625426.1 calpain-type cysteine protease ADL1 [Oryza sativa Japonica Group],29.694,31.288
XP_015625425.1,False,64.883,0.4457,False,defense_signaling,94.577,0.8989,False,defense_signaling,96.171,0.9387,False,defense_signaling,XP_015625425.1 calpain-type cysteine protease ADL1 [Oryza sativa Japonica Group],29.694,31.288
XP_015646496.1,False,36.519,0.0017,False,defense_signaling,63.039,0.4206,False,defense_signaling,66.889,0.5187,False,cell_death_HR,XP_015646496.1 eukaryotic translation initiation factor 4G [Oryza sativa Japonica Group],26.52,30.37
XP_015625835.1,False,47.575,0.2033,False,defense_signaling,70.664,0.5232,False,defense_signaling,77.913,0.6256,False,defense_signaling,XP_015625835.1 histone-lysine N-methyltransferase SUVR5 isoform X1 [Oryza sativa Japonica Group],23.089,30.338
XP_025876314.1,False,68.566,0.4975,False,defense_signaling,98.523,1.0199,False,defense_signaling,98.687,1.4061,False,cell_death_HR,XP_025876314.1 serine/threonine-protein kinase ATM isoform X3 [Oryza sativa Japonica Group],29.957,30.121
XP_015620388.1,False,57.796,0.3499,False,defense_signaling,78.383,0.6312,False,defense_signaling,87.624,0.7698,False,defense_signaling,XP_015620388.1 uncharacterized protein LOC4352601 isoform X1 [Oryza sativa Japonica Group],20.587,29.828
XP_015620389.1,False,57.796,0.3499,False,defense_signaling,78.383,0.6312,False,defense_signaling,87.624,0.7698,False,defense_signaling,XP_015620389.1 uncharacterized protein LOC4352601 isoform X1 [Oryza sativa Japonica Group],20.587,29.828
XP_015615432.1,False,69.445,0.5094,False,defense_signaling,99.472,1.0846,True,defense_signaling,98.687,1.4061,False,cell_death_HR,XP_015615432.1 serine/threonine-protein kinase ATM isoform X5 [Oryza sativa Japonica Group],30.027,29.242
XP_015647121.1,False,63.681,0.4307,False,defense_signaling,88.012,0.776,False,defense_signaling,92.685,0.8593,False,defense_signaling,XP_015647121.1 SAC3 family protein B isoform X2 [Oryza sativa Japonica Group],24.331,29.004
XP_015637141.1,False,45.037,0.1647,False,defense_signaling,61.865,0.4045,False,defense_signaling,73.996,0.5742,False,defense_signaling,XP_015637141.1 uncharacterized protein LOC107275971 isoform X2 [Oryza sativa Japonica Group],16.828,28.959
XP_015625274.1,False,69.099,0.5049,False,defense_signaling,96.43,0.9444,False,defense_signaling,97.546,0.9781,False,defense_signaling,XP_015625274.1 ATP-dependent helicase BRM [Oryza sativa Japonica Group],27.331,28.447
XP_015623862.2,False,72.23,0.5494,False,defense_signaling,97.184,0.967,False,defense_signaling,99.824,1.1276,True,defense_signaling,XP_015623862.2 SNF2 domain-containing protein CLASSY 4 [Oryza sativa Japonica Group],24.954,27.594
XP_015623860.2,False,72.23,0.5494,False,defense_signaling,97.184,0.967,False,defense_signaling,99.824,1.1276,True,defense_signaling,XP_015623860.2 SNF2 domain-containing protein CLASSY 4 [Oryza sativa Japonica Group],24.954,27.594
XP_015623861.2,False,72.23,0.5494,False,defense_signaling,97.184,0.967,False,defense_signaling,99.824,1.1276,True,defense_signaling,XP_015623861.2 SNF2 domain-containing protein CLASSY 4 [Oryza sativa Japonica Group],24.954,27.594
XP_015626295.1,False,69.079,0.5167,False,cell_death_HR,94.83,1.2098,False,cell_death_HR,96.305,1.2834,False,cell_death_HR,"XP_015626295.1 protein PHYLLO, chloroplastic isoform X5 [Oryza sativa Japonica Group]",25.751,27.226
XP_015614105.1,False,14.693,-0.6752,False,defense_signaling,30.375,-0.1271,False,defense_signaling,41.792,0.1047,False,defense_signaling,XP_015614105.1 uncharacterized protein LOC4349371 isoform X2 [Oryza sativa Japonica Group],15.682,27.099
XP_015647120.1,False,65.776,0.4587,False,defense_signaling,88.2,0.7795,False,defense_signaling,92.685,0.8593,False,defense_signaling,XP_015647120.1 SAC3 family protein B isoform X1 [Oryza sativa Japonica Group],22.424,26.909
XP_015610673.1,False,71.76,0.5415,False,defense_signaling,96.023,0.9345,False,defense_signaling,98.483,1.015,False,defense_signaling,XP_015610673.1 piezo-type mechanosensitive ion channel homolog isoform X5 [Oryza sativa Japonica Group],24.263,26.723
XP_015614104.1,False,14.693,-0.6752,False,defense_signaling,30.187,-0.1318,False,defense_signaling,41.241,0.0946,False,defense_signaling,XP_015614104.1 uncharacterized protein LOC4349371 isoform X1 [Oryza sativa Japonica Group],15.494,26.548
XP_015614106.1,False,15.321,-0.646,False,defense_signaling,30.833,-0.1177,False,defense_signaling,41.241,0.0946,False,defense_signaling,XP_015614106.1 uncharacterized protein LOC4349371 isoform X3 [Oryza sativa Japonica Group],15.512,25.92
XP_015626292.1,False,69.079,0.5167,False,cell_death_HR,93.165,1.1409,False,cell_death_HR,94.588,1.1991,False,cell_death_HR,"XP_015626292.1 protein PHYLLO, chloroplastic isoform X4 [Oryza sativa Japonica Group]",24.086,25.509
XP_015626291.1,False,69.079,0.5167,False,cell_death_HR,93.17,1.141,False,cell_death_HR,94.525,1.196,False,cell_death_HR,"XP_015626291.1 protein PHYLLO, chloroplastic isoform X2 [Oryza sativa Japonica Group]",24.091,25.446
XP_025878395.1,False,69.079,0.5167,False,cell_death_HR,93.151,1.1405,False,cell_death_HR,94.454,1.1932,False,cell_death_HR,"XP_025878395.1 protein PHYLLO, chloroplastic isoform X1 [Oryza sativa Japonica Group]",24.072,25.375
XP_015635442.1,False,73.736,0.6579,False,cell_death_HR,99.464,1.0833,True,defense_signaling,99.03,1.1599,True,antimicrobial,XP_015635442.1 BEACH domain-containing protein C2 [Oryza sativa Japonica Group],25.728,25.294
XP_025882605.1,False,69.394,0.5088,False,defense_signaling,89.513,0.8031,False,defense_signaling,94.539,0.8977,False,defense_signaling,XP_025882605.1 uncharacterized protein LOC4326379 isoform X3 [Oryza sativa Japonica Group],20.119,25.145
XP_015615977.1,False,69.394,0.5088,False,defense_signaling,89.769,0.807,False,defense_signaling,94.426,0.8952,False,defense_signaling,XP_015615977.1 uncharacterized protein LOC4326379 isoform X4 [Oryza sativa Japonica Group],20.375,25.032
XP_015639221.1,False,74.929,0.5871,False,defense_signaling,95.918,1.2585,False,cell_death_HR,99.796,1.714,True,cell_death_HR,"XP_015639221.1 translocase of chloroplast 159, chloroplastic [Oryza sativa Japonica Group]",20.989,24.867
XP_015615969.1,False,69.394,0.5088,False,defense_signaling,89.4,0.8002,False,defense_signaling,94.076,0.8873,False,defense_signaling,XP_015615969.1 uncharacterized protein LOC4326379 isoform X2 [Oryza sativa Japonica Group],20.006,24.682
XP_015643572.1,False,39.113,0.0518,False,defense_signaling,55.89,0.3242,False,defense_signaling,63.652,0.4299,False,defense_signaling,"XP_015643572.1 tRNA(adenine(34)) deaminase, chloroplastic isoform X1 [Oryza sativa Japonica Group]",16.777,24.539
XP_025876572.1,False,69.743,0.5127,False,defense_signaling,89.98,0.8109,False,defense_signaling,94.267,1.102,False,antimicrobial,XP_025876572.1 uncharacterized protein LOC4349418 isoform X2 [Oryza sativa Japonica Group],20.237,24.524
XP_025878398.1,False,69.982,0.5812,False,cell_death_HR,91.617,1.0852,False,cell_death_HR,94.454,1.1932,False,cell_death_HR,"XP_025878398.1 protein PHYLLO, chloroplastic isoform X7 [Oryza sativa Japonica Group]",21.635,24.472
XP_015625836.1,False,53.886,0.297,False,defense_signaling,75.981,0.5991,False,defense_signaling,77.913,0.6256,False,defense_signaling,XP_015625836.1 histone-lysine N-methyltransferase SUVR5 isoform X2 [Oryza sativa Japonica Group],22.095,24.027
XP_025882603.1,False,69.394,0.5088,False,defense_signaling,88.839,0.7909,False,defense_signaling,92.916,0.8631,False,defense_signaling,XP_025882603.1 uncharacterized protein LOC4326379 isoform X1 [Oryza sativa Japonica Group],19.445,23.522
XP_015614081.1,False,34.877,-0.0336,False,defense_signaling,43.368,0.1353,False,defense_signaling,57.82,0.3495,False,defense_signaling,XP_015614081.1 protein NETWORKED 1D [Oryza sativa Japonica Group],8.491,22.943
XP_015646538.1,False,37.989,-0.0541,False,cell_death_HR,52.176,0.2329,False,cell_death_HR,60.853,0.4005,False,cell_death_HR,XP_015646538.1 myosin-1 isoform X2 [Oryza sativa Japonica Group],14.187,22.864
XP_015621713.1,False,72.639,0.5551,False,defense_signaling,90.924,0.8273,False,defense_signaling,95.187,1.0278,False,RLK_defense,XP_015621713.1 putative E3 ubiquitin-protein ligase LIN [Oryza sativa Japonica Group],18.285,22.548
XP_015646537.1,False,37.564,-0.0638,False,cell_death_HR,51.591,0.221,False,cell_death_HR,60.075,0.386,False,cell_death_HR,XP_015646537.1 myosin-1 isoform X1 [Oryza sativa Japonica Group],14.027,22.511
XP_015639386.1,False,27.247,-0.209,False,defense_signaling,42.452,0.1187,False,defense_signaling,49.223,0.227,False,defense_signaling,XP_015639386.1 uncharacterized protein LOC4338944 isoform X2 [Oryza sativa Japonica Group],15.205,21.976
XP_015649820.1,False,24.646,-0.2827,False,defense_signaling,35.697,-0.0143,False,defense_signaling,46.487,0.185,False,defense_signaling,XP_015649820.1 mediator of RNA polymerase II transcription subunit 15a [Oryza sativa Japonica Group],11.051,21.841
XP_015610666.1,False,76.202,0.6042,False,defense_signaling,95.883,0.9299,False,defense_signaling,97.888,0.9952,False,antimicrobial,XP_015610666.1 piezo-type mechanosensitive ion channel homolog isoform X4 [Oryza sativa Japonica Group],19.681,21.686
XP_015639385.1,False,27.54,-0.2008,False,defense_signaling,42.454,0.1188,False,defense_signaling,49.223,0.227,False,defense_signaling,XP_015639385.1 uncharacterized protein LOC4338944 isoform X1 [Oryza sativa Japonica Group],14.914,21.683
XP_015632113.2,False,77.409,0.62,False,defense_signaling,95.643,0.924,False,defense_signaling,98.856,1.0358,False,defense_signaling,XP_015632113.2 uncharacterized protein LOC4331865 [Oryza sativa Japonica Group],18.234,21.447
XP_015643573.1,False,39.113,0.0518,False,defense_signaling,55.951,0.3252,False,defense_signaling,60.554,0.3862,False,defense_signaling,"XP_015643573.1 tRNA(adenine(34)) deaminase, chloroplastic isoform X2 [Oryza sativa Japonica Group]",16.838,21.441
XP_015611607.1,False,68.703,0.5562,False,cell_death_HR,82.189,0.8438,False,antimicrobial,89.996,1.0328,False,antimicrobial,XP_015611607.1 nuclear pore complex protein GP210 isoform X1 [Oryza sativa Japonica Group],13.486,21.293
XP_015611608.1,False,68.703,0.5562,False,cell_death_HR,82.229,0.8452,False,antimicrobial,89.98,1.0354,False,antimicrobial,XP_015611608.1 nuclear pore complex protein GP210 isoform X2 [Oryza sativa Japonica Group],13.526,21.277
XP_015616777.1,False,75.376,0.6851,False,antimicrobial,92.561,1.1133,False,antimicrobial,96.597,1.1064,False,antimicrobial,XP_015616777.1 protein MOR1 isoform X1 [Oryza sativa Japonica Group],17.185,21.221
XP_015622645.1,False,77.216,0.6174,False,defense_signaling,99.54,1.0927,True,defense_signaling,98.43,1.0124,False,defense_signaling,XP_015622645.1 BEACH domain-containing protein C2 isoform X1 [Oryza sativa Japonica Group],22.324,21.214
XP_015622646.1,False,77.216,0.6174,False,defense_signaling,99.537,1.0926,True,defense_signaling,98.43,1.0124,False,defense_signaling,XP_015622646.1 BEACH domain-containing protein C2 isoform X2 [Oryza sativa Japonica Group],22.321,21.214
XP_015616781.1,False,75.376,0.6851,False,antimicrobial,92.559,1.1131,False,antimicrobial,96.489,1.112,False,antimicrobial,XP_015616781.1 protein MOR1 isoform X2 [Oryza sativa Japonica Group],17.183,21.113
XP_015620390.1,False,66.595,0.4715,False,defense_signaling,81.076,0.6707,False,defense_signaling,87.624,0.7698,False,defense_signaling,XP_015620390.1 uncharacterized protein LOC4352601 isoform X2 [Oryza sativa Japonica Group],14.481,21.029
XP_015611264.1,False,68.272,0.5479,False,cell_death_HR,80.815,0.8073,False,cell_death_HR,89.297,1.0114,False,cell_death_HR,"XP_015611264.1 PH, RCC1 and FYVE domains-containing protein 1 [Oryza sativa Japonica Group]",12.543,21.025
XP_015651375.1,False,18.135,-0.5232,False,defense_signaling,27.462,-0.2029,False,defense_signaling,39.004,0.0502,False,defense_signaling,XP_015651375.1 uncharacterized protein LOC4347822 isoform X3 [Oryza sativa Japonica Group],9.327,20.869
XP_025881977.1,False,78.252,0.6315,False,defense_signaling,99.857,1.1883,True,antimicrobial,98.958,1.4278,False,antimicrobial,XP_025881977.1 serine/threonine-protein kinase ATR isoform X2 [Oryza sativa Japonica Group],21.605,20.706
XP_025878396.1,False,74.069,0.5815,False,cell_death_HR,92.824,1.1286,False,cell_death_HR,94.633,1.2004,False,cell_death_HR,"XP_025878396.1 protein PHYLLO, chloroplastic isoform X3 [Oryza sativa Japonica Group]",18.755,20.564
XP_025882610.1,False,72.706,0.5558,False,defense_signaling,88.994,0.7935,False,defense_signaling,92.916,0.8631,False,defense_signaling,XP_025882610.1 protein DDB_G0276689 isoform X5 [Oryza sativa Japonica Group],16.288,20.21
XP_015650029.1,False,67.001,0.4767,False,defense_signaling,80.074,0.6569,False,defense_signaling,87.193,0.7637,False,defense_signaling,XP_015650029.1 uncharacterized protein LOC4325331 isoform X1 [Oryza sativa Japonica Group],13.073,20.192
XP_015650020.1,False,67.001,0.4767,False,defense_signaling,80.074,0.6569,False,defense_signaling,87.193,0.7637,False,defense_signaling,XP_015650020.1 uncharacterized protein LOC4325331 isoform X1 [Oryza sativa Japonica Group],13.073,20.192
XP_015643715.1,False,78.855,0.6405,False,defense_signaling,99.871,1.1496,True,defense_signaling,98.958,1.4278,False,antimicrobial,XP_015643715.1 serine/threonine-protein kinase ATR isoform X1 [Oryza sativa Japonica Group],21.016,20.103
XP_015616458.1,False,70.119,0.5844,False,cell_death_HR,82.788,0.8503,False,cell_death_HR,89.989,1.0317,False,cell_death_HR,XP_015616458.1 zinc finger protein BRUTUS [Oryza sativa Japonica Group],12.669,19.87
XP_015643716.1,False,78.855,0.6405,False,defense_signaling,99.392,1.0778,True,defense_signaling,98.648,1.1198,False,antimicrobial,XP_015643716.1 serine/threonine-protein kinase ATR isoform X3 [Oryza sativa Japonica Group],20.537,19.793
XP_015650052.1,False,67.737,0.4858,False,defense_signaling,80.305,0.6597,False,defense_signaling,87.293,0.7647,False,defense_signaling,XP_015650052.1 uncharacterized protein LOC4325331 isoform X4 [Oryza sativa Japonica Group],12.568,19.556
XP_015650038.1,False,67.744,0.486,False,defense_signaling,80.164,0.6579,False,defense_signaling,87.193,0.7637,False,defense_signaling,XP_015650038.1 uncharacterized protein LOC4325331 isoform X2 [Oryza sativa Japonica Group],12.42,19.449
XP_015650045.1,False,67.915,0.4875,False,defense_signaling,80.275,0.6593,False,defense_signaling,87.193,0.7637,False,defense_signaling,XP_015650045.1 uncharacterized protein LOC4325331 isoform X3 [Oryza sativa Japonica Group],12.36,19.278
XP_025881504.1,False,78.584,0.6364,False,defense_signaling,95.843,0.929,False,defense_signaling,97.644,0.9952,False,antimicrobial,XP_025881504.1 piezo-type mechanosensitive ion channel homolog isoform X1 [Oryza sativa Japonica Group],17.259,19.06
XP_015639716.1,False,68.186,0.5459,False,cell_death_HR,79.032,0.769,False,cell_death_HR,86.922,0.9498,False,cell_death_HR,"XP_015639716.1 PH, RCC1 and FYVE domains-containing protein 1 [Oryza sativa Japonica Group]",10.846,18.736
XP_015610677.1,False,17.813,-0.5336,False,defense_signaling,30.252,-0.1299,False,defense_signaling,36.355,-0.001,False,defense_signaling,XP_015610677.1 uncharacterized protein LOC4347367 [Oryza sativa Japonica Group],12.439,18.542
XP_015625576.1,False,60.433,0.3852,False,defense_signaling,79.133,0.6426,False,defense_signaling,78.558,0.6352,False,defense_signaling,XP_015625576.1 nuclear-pore anchor isoform X1 [Oryza sativa Japonica Group],18.7,18.125
XP_015614068.1,False,76.658,0.6103,False,defense_signaling,91.211,0.8321,False,defense_signaling,94.762,1.102,False,antimicrobial,XP_015614068.1 uncharacterized protein LOC4349418 isoform X3 [Oryza sativa Japonica Group],14.553,18.104
XP_015625577.1,False,60.433,0.3852,False,defense_signaling,78.924,0.6391,False,defense_signaling,78.243,0.6303,False,defense_signaling,XP_015625577.1 nuclear-pore anchor isoform X2 [Oryza sativa Japonica Group],18.491,17.81
XP_015647858.1,False,78.882,0.6221,False,RLK_defense,92.907,0.9241,False,RLK_defense,96.613,1.1806,False,RLK_defense,XP_015647858.1 LRR receptor-like serine/threonine-protein kinase GSO1 [Oryza sativa Japonica Group],14.025,17.731
XP_015630982.1,False,24.33,-0.2939,False,defense_signaling,35.857,-0.0105,False,defense_signaling,41.905,0.1074,False,defense_signaling,XP_015630982.1 protein HUA2-LIKE 2 isoform X1 [Oryza sativa Japonica Group],11.527,17.575
XP_015624718.1,False,52.237,0.2719,False,defense_signaling,62.938,0.4194,False,defense_signaling,69.769,0.5126,False,defense_signaling,XP_015624718.1 golgin subfamily A member 4 [Oryza sativa Japonica Group],10.701,17.532
XP_025875929.1,False,73.416,0.566,False,defense_signaling,85.026,0.7275,False,defense_signaling,90.931,0.8268,False,defense_signaling,XP_025875929.1 uncharacterized protein LOC4347915 [Oryza sativa Japonica Group],11.61,17.515
XP_015629804.1,False,79.652,0.6528,False,defense_signaling,85.103,0.7289,False,defense_signaling,96.911,0.9588,False,defense_signaling,XP_015629804.1 serine/threonine-protein kinase SMG1 isoform X1 [Oryza sativa Japonica Group],5.451,17.259
XP_015629806.1,False,79.652,0.6528,False,defense_signaling,85.103,0.7289,False,defense_signaling,96.911,0.9588,False,defense_signaling,XP_015629806.1 serine/threonine-protein kinase SMG1 isoform X1 [Oryza sativa Japonica Group],5.451,17.259
XP_015629808.1,False,79.652,0.6528,False,defense_signaling,85.103,0.7289,False,defense_signaling,96.911,0.9588,False,defense_signaling,XP_015629808.1 serine/threonine-protein kinase SMG1 isoform X1 [Oryza sativa Japonica Group],5.451,17.259
XP_015629805.1,False,79.652,0.6528,False,defense_signaling,85.103,0.7289,False,defense_signaling,96.911,0.9588,False,defense_signaling,XP_015629805.1 serine/threonine-protein kinase SMG1 isoform X1 [Oryza sativa Japonica Group],5.451,17.259
XP_025879595.1,False,79.652,0.6528,False,defense_signaling,89.717,0.8062,False,defense_signaling,96.911,0.9588,False,defense_signaling,XP_025879595.1 serine/threonine-protein kinase SMG1 isoform X2 [Oryza sativa Japonica Group],10.065,17.259
XP_015617137.1,False,24.637,-0.4256,False,NBS_LRR,39.138,-0.053,False,defense_signaling,41.675,0.1023,False,defense_signaling,XP_015617137.1 myosin-13 [Oryza sativa Japonica Group],14.501,17.038
XP_025881089.1,False,80.437,0.6636,False,defense_signaling,93.238,0.8704,False,defense_signaling,97.123,0.9642,False,defense_signaling,XP_025881089.1 eukaryotic translation initiation factor 5B isoform X1 [Oryza sativa Japonica Group],12.801,16.686
XP_015650069.1,False,21.073,-0.404,False,defense_signaling,29.109,-0.1585,False,defense_signaling,37.405,0.0198,False,defense_signaling,XP_015650069.1 uncharacterized protein LOC4345906 isoform X3 [Oryza sativa Japonica Group],8.036,16.332
XP_015643880.1,False,45.513,0.1723,False,defense_signaling,65.071,0.4465,False,defense_signaling,61.796,0.4031,False,defense_signaling,XP_015643880.1 uncharacterized protein LOC9268159 isoform X2 [Oryza sativa Japonica Group],19.558,16.283
XP_015643879.1,False,45.54,0.1725,False,defense_signaling,64.93,0.4453,False,defense_signaling,61.796,0.4031,False,defense_signaling,XP_015643879.1 uncharacterized protein LOC9268159 isoform X1 [Oryza sativa Japonica Group],19.39,16.256
XP_015643043.1,False,29.735,-0.1452,False,defense_signaling,41.823,0.1054,False,defense_signaling,45.94,0.1778,False,defense_signaling,XP_015643043.1 uncharacterized protein LOC4341610 isoform X2 [Oryza sativa Japonica Group],12.088,16.205
XP_015631168.1,False,82.076,0.6869,False,defense_signaling,99.612,1.1007,True,defense_signaling,98.14,1.4066,False,cell_death_HR,XP_015631168.1 phosphatidylinositol 4-kinase alpha 1 [Oryza sativa Japonica Group],17.536,16.064
XP_015635613.1,False,16.175,-0.6057,False,defense_signaling,21.524,-0.3888,False,defense_signaling,32.101,-0.0872,False,defense_signaling,XP_015635613.1 myosin-10 isoform X1 [Oryza sativa Japonica Group],5.349,15.926
XP_015635614.1,False,16.175,-0.6057,False,defense_signaling,21.524,-0.3888,False,defense_signaling,32.101,-0.0872,False,defense_signaling,XP_015635614.1 myosin-10 isoform X1 [Oryza sativa Japonica Group],5.349,15.926
XP_015635615.1,False,16.175,-0.6057,False,defense_signaling,21.524,-0.3888,False,defense_signaling,32.101,-0.0872,False,defense_signaling,XP_015635615.1 myosin-10 isoform X1 [Oryza sativa Japonica Group],5.349,15.926
XP_015639685.1,False,80.639,0.6671,False,defense_signaling,92.536,0.8561,False,defense_signaling,96.491,1.006,False,antimicrobial,XP_015639685.1 eukaryotic translation initiation factor 5B isoform X2 [Oryza sativa Japonica Group],11.897,15.852
XP_015640012.1,False,28.824,-0.1668,False,defense_signaling,38.527,0.041,False,defense_signaling,44.665,0.1569,False,defense_signaling,XP_015640012.1 auxilin-related protein 1 [Oryza sativa Japonica Group],9.703,15.841
XP_025877549.1,False,57.693,0.3488,False,defense_signaling,67.234,0.4776,False,defense_signaling,73.491,0.567,False,defense_signaling,XP_025877549.1 histone-lysine N-methyltransferase ATXR7 isoform X1 [Oryza sativa Japonica Group],9.541,15.798
XP_025877548.1,False,57.693,0.3488,False,defense_signaling,67.234,0.4776,False,defense_signaling,73.491,0.567,False,defense_signaling,XP_025877548.1 histone-lysine N-methyltransferase ATXR7 isoform X1 [Oryza sativa Japonica Group],9.541,15.798
XP_025877547.1,False,57.693,0.3488,False,defense_signaling,67.234,0.4776,False,defense_signaling,73.491,0.567,False,defense_signaling,XP_025877547.1 histone-lysine N-methyltransferase ATXR7 isoform X1 [Oryza sativa Japonica Group],9.541,15.798
XP_025877546.1,False,57.693,0.3488,False,defense_signaling,67.234,0.4776,False,defense_signaling,73.491,0.567,False,defense_signaling,XP_025877546.1 histone-lysine N-methyltransferase ATXR7 isoform X1 [Oryza sativa Japonica Group],9.541,15.798
XP_025877554.1,False,57.693,0.3488,False,defense_signaling,67.234,0.4776,False,defense_signaling,73.491,0.567,False,defense_signaling,XP_025877554.1 histone-lysine N-methyltransferase ATXR7 isoform X1 [Oryza sativa Japonica Group],9.541,15.798
XP_025877550.1,False,57.693,0.3488,False,defense_signaling,67.234,0.4776,False,defense_signaling,73.491,0.567,False,defense_signaling,XP_025877550.1 histone-lysine N-methyltransferase ATXR7 isoform X1 [Oryza sativa Japonica Group],9.541,15.798
XP_025877551.1,False,57.693,0.3488,False,defense_signaling,67.234,0.4776,False,defense_signaling,73.491,0.567,False,defense_signaling,XP_025877551.1 histone-lysine N-methyltransferase ATXR7 isoform X1 [Oryza sativa Japonica Group],9.541,15.798
XP_025877552.1,False,57.693,0.3488,False,defense_signaling,67.234,0.4776,False,defense_signaling,73.491,0.567,False,defense_signaling,XP_025877552.1 histone-lysine N-methyltransferase ATXR7 isoform X1 [Oryza sativa Japonica Group],9.541,15.798
XP_025877553.1,False,57.693,0.3488,False,defense_signaling,67.234,0.4776,False,defense_signaling,73.491,0.567,False,defense_signaling,XP_025877553.1 histone-lysine N-methyltransferase ATXR7 isoform X1 [Oryza sativa Japonica Group],9.541,15.798
XP_015630767.1,False,80.063,0.6578,False,defense_signaling,90.485,0.8198,False,defense_signaling,95.814,0.9299,False,defense_signaling,XP_015630767.1 uncharacterized protein LOC4331280 [Oryza sativa Japonica Group],10.422,15.751
XP_015612569.1,False,75.145,0.5897,False,defense_signaling,85.856,0.741,False,defense_signaling,90.891,0.8261,False,defense_signaling,XP_015612569.1 uncharacterized protein LOC4346857 [Oryza sativa Japonica Group],10.711,15.746
XP_015635616.1,False,16.175,-0.6057,False,defense_signaling,21.447,-0.3912,False,defense_signaling,31.913,-0.0912,False,defense_signaling,XP_015635616.1 myosin-10 isoform X2 [Oryza sativa Japonica Group],5.272,15.738
XP_015625353.1,False,81.668,0.8247,False,cell_death_HR,99.056,1.0508,True,defense_signaling,96.994,0.9602,False,defense_signaling,XP_015625353.1 uncharacterized protein LOC4329342 isoform X1 [Oryza sativa Japonica Group],17.388,15.326
XP_015643042.1,False,29.735,-0.1452,False,defense_signaling,41.703,0.1036,False,defense_signaling,45.05,0.1632,False,defense_signaling,XP_015643042.1 uncharacterized protein LOC4341610 isoform X1 [Oryza sativa Japonica Group],11.968,15.315
XP_025876141.1,False,23.805,-0.3111,False,defense_signaling,28.319,-0.1792,False,defense_signaling,39.004,0.0502,False,defense_signaling,XP_025876141.1 uncharacterized protein LOC4347822 isoform X1 [Oryza sativa Japonica Group],4.514,15.199
XP_015614169.1,False,51.015,0.1442,False,NBS_LRR,61.886,0.3202,False,NBS_LRR,66.173,0.3907,False,NBS_LRR,XP_015614169.1 uncharacterized protein LOC4348940 isoform X2 [Oryza sativa Japonica Group],10.871,15.158
XP_015640367.1,False,29.358,-0.1538,False,defense_signaling,40.932,0.0882,False,defense_signaling,44.45,0.1533,False,defense_signaling,XP_015640367.1 protein ROS1 isoform X1 [Oryza sativa Japonica Group],11.574,15.092
XP_015640368.1,False,29.369,-0.1533,False,defense_signaling,40.681,0.0835,False,defense_signaling,44.45,0.1533,False,defense_signaling,XP_015640368.1 protein ROS1 isoform X2 [Oryza sativa Japonica Group],11.312,15.081
XP_015610642.1,False,82.678,0.6952,False,defense_signaling,93.696,0.8796,False,defense_signaling,97.644,0.9952,False,antimicrobial,XP_015610642.1 piezo-type mechanosensitive ion channel homolog isoform X2 [Oryza sativa Japonica Group],11.018,14.966
XP_015639096.1,False,72.016,0.6218,False,cell_death_HR,81.456,0.8209,False,cell_death_HR,86.868,0.9491,False,cell_death_HR,XP_015639096.1 zinc finger protein BRUTUS isoform X1 [Oryza sativa Japonica Group],9.44,14.852
XP_025878397.1,False,79.709,0.7843,False,cell_death_HR,92.437,1.1135,False,cell_death_HR,94.454,1.1932,False,cell_death_HR,"XP_025878397.1 protein PHYLLO, chloroplastic isoform X6 [Oryza sativa Japonica Group]",12.728,14.745
XP_015631636.1,False,79.925,0.6561,False,defense_signaling,90.981,0.8277,False,defense_signaling,94.598,0.8991,False,defense_signaling,XP_015631636.1 probable serine/threonine protein kinase IREH1 [Oryza sativa Japonica Group],11.056,14.673
XP_015643194.1,False,79.006,0.6425,False,defense_signaling,87.251,0.7641,False,defense_signaling,93.651,0.879,False,defense_signaling,XP_015643194.1 autophagy-related protein 2 [Oryza sativa Japonica Group],8.245,14.645
XP_015651374.1,False,24.362,-0.2929,False,defense_signaling,28.547,-0.1719,False,defense_signaling,39.004,0.0502,False,defense_signaling,XP_015651374.1 uncharacterized protein LOC4347822 isoform X2 [Oryza sativa Japonica Group],4.185,14.642
XP_025881505.1,False,83.006,0.6993,False,defense_signaling,94.898,0.9056,False,defense_signaling,97.644,0.9952,False,antimicrobial,XP_025881505.1 piezo-type mechanosensitive ion channel homolog isoform X3 [Oryza sativa Japonica Group],11.892,14.638
XP_015640540.1,False,85.385,0.7341,False,defense_signaling,99.336,1.074,True,defense_signaling,99.879,1.1452,True,defense_signaling,XP_015640540.1 SNF2 domain-containing protein CLASSY 4 [Oryza sativa Japonica Group],13.951,14.494
XP_015640539.1,False,85.385,0.7341,False,defense_signaling,99.336,1.074,True,defense_signaling,99.879,1.1452,True,defense_signaling,XP_015640539.1 SNF2 domain-containing protein CLASSY 4 [Oryza sativa Japonica Group],13.951,14.494
XP_015640542.1,False,85.385,0.7341,False,defense_signaling,99.336,1.074,True,defense_signaling,99.879,1.1452,True,defense_signaling,XP_015640542.1 SNF2 domain-containing protein CLASSY 4 [Oryza sativa Japonica Group],13.951,14.494
XP_015640543.1,False,85.385,0.7341,False,defense_signaling,99.336,1.074,True,defense_signaling,99.879,1.1452,True,defense_signaling,XP_015640543.1 SNF2 domain-containing protein CLASSY 4 [Oryza sativa Japonica Group],13.951,14.494
XP_015614168.1,False,51.015,0.1442,False,NBS_LRR,61.891,0.3202,False,NBS_LRR,65.482,0.4007,False,defense_signaling,XP_015614168.1 uncharacterized protein LOC4348940 isoform X1 [Oryza sativa Japonica Group],10.876,14.467
XP_015625495.1,False,83.267,0.8401,False,antimicrobial,94.344,1.1828,False,cell_death_HR,97.724,1.3732,False,cell_death_HR,XP_015625495.1 UDP-glucose:glycoprotein glucosyltransferase [Oryza sativa Japonica Group],11.077,14.457
XP_015626529.1,False,29.219,-0.1572,False,defense_signaling,38.659,0.0427,False,defense_signaling,43.601,0.1382,False,defense_signaling,XP_015626529.1 uncharacterized protein LOC4330994 [Oryza sativa Japonica Group],9.44,14.382
XP_015626527.1,False,29.219,-0.1572,False,defense_signaling,38.659,0.0427,False,defense_signaling,43.601,0.1382,False,defense_signaling,XP_015626527.1 uncharacterized protein LOC4330994 [Oryza sativa Japonica Group],9.44,14.382
XP_025878738.1,False,29.219,-0.1572,False,defense_signaling,38.659,0.0427,False,defense_signaling,43.601,0.1382,False,defense_signaling,XP_025878738.1 uncharacterized protein LOC4330994 [Oryza sativa Japonica Group],9.44,14.382
XP_015626519.1,False,29.219,-0.1572,False,defense_signaling,38.659,0.0427,False,defense_signaling,43.601,0.1382,False,defense_signaling,XP_015626519.1 uncharacterized protein LOC4330994 [Oryza sativa Japonica Group],9.44,14.382
XP_025878737.1,False,29.219,-0.1572,False,defense_signaling,38.659,0.0427,False,defense_signaling,43.601,0.1382,False,defense_signaling,XP_025878737.1 uncharacterized protein LOC4330994 [Oryza sativa Japonica Group],9.44,14.382
XP_015626530.1,False,29.219,-0.1572,False,defense_signaling,38.659,0.0427,False,defense_signaling,43.601,0.1382,False,defense_signaling,XP_015626530.1 uncharacterized protein LOC4330994 [Oryza sativa Japonica Group],9.44,14.382
XP_015626520.1,False,29.219,-0.1572,False,defense_signaling,38.659,0.0427,False,defense_signaling,43.601,0.1382,False,defense_signaling,XP_015626520.1 uncharacterized protein LOC4330994 [Oryza sativa Japonica Group],9.44,14.382
XP_015643243.1,False,62.476,0.4124,False,defense_signaling,74.656,0.5816,False,defense_signaling,76.599,0.6073,False,defense_signaling,XP_015643243.1 uncharacterized protein LOC4341311 [Oryza sativa Japonica Group],12.18,14.123
XP_015639097.1,False,72.944,0.64,False,cell_death_HR,81.797,0.8279,False,cell_death_HR,86.856,0.9489,False,cell_death_HR,XP_015639097.1 zinc finger protein BRUTUS isoform X2 [Oryza sativa Japonica Group],8.853,13.912
XP_025878733.1,False,38.851,0.0461,False,defense_signaling,50.626,0.2501,False,defense_signaling,52.505,0.2752,False,defense_signaling,XP_025878733.1 LOW QUALITY PROTEIN: transcriptional activator DEMETER-like [Oryza sativa Japonica Group],11.775,13.654
XP_015630636.2,False,57.846,0.3505,False,defense_signaling,68.47,0.4941,False,defense_signaling,71.392,0.5363,False,defense_signaling,XP_015630636.2 protein SABRE isoform X2 [Oryza sativa Japonica Group],10.624,13.546
XP_015612126.1,False,73.971,0.5741,False,defense_signaling,91.009,0.8282,False,defense_signaling,87.333,0.7653,False,defense_signaling,XP_015612126.1 uncharacterized protein LOC4347152 [Oryza sativa Japonica Group],17.038,13.362
XP_015650068.1,False,21.073,-0.404,False,defense_signaling,27.892,-0.1913,False,defense_signaling,34.384,-0.0436,False,defense_signaling,XP_015650068.1 uncharacterized protein LOC4345906 isoform X2 [Oryza sativa Japonica Group],6.819,13.311
XP_015619951.1,False,63.941,0.4344,False,defense_signaling,76.54,0.6063,False,defense_signaling,77.153,0.6149,False,defense_signaling,XP_015619951.1 protein NETWORKED 1A [Oryza sativa Japonica Group],12.599,13.212
XP_015621669.1,False,83.591,0.8672,False,cell_death_HR,91.216,0.8812,False,antimicrobial,96.477,0.9456,False,defense_signaling,XP_015621669.1 lisH domain and HEAT repeat-containing protein KIAA1468 homolog [Oryza sativa Japonica Group],7.625,12.886
XP_015630633.1,False,60.78,0.3903,False,defense_signaling,68.97,0.5011,False,defense_signaling,73.658,0.5695,False,defense_signaling,XP_015630633.1 protein SABRE isoform X1 [Oryza sativa Japonica Group],8.19,12.878
XP_015646510.1,False,46.802,0.1911,False,defense_signaling,55.002,0.3117,False,defense_signaling,59.625,0.3739,False,defense_signaling,XP_015646510.1 uncharacterized protein LOC4342361 isoform X2 [Oryza sativa Japonica Group],8.2,12.823
XP_025882613.1,False,80.15,0.6595,False,defense_signaling,90.445,0.8192,False,defense_signaling,92.916,0.8631,False,defense_signaling,XP_025882613.1 protein DDB_G0276689 isoform X6 [Oryza sativa Japonica Group],10.295,12.766
XP_015639387.1,False,27.54,-0.2008,False,defense_signaling,34.408,-0.0421,False,defense_signaling,40.132,0.072,False,defense_signaling,XP_015639387.1 uncharacterized protein LOC4338944 isoform X3 [Oryza sativa Japonica Group],6.868,12.592
XP_015613597.1,False,83.533,0.8387,False,PR_proteins,94.386,1.1913,False,cell_death_HR,96.106,1.27,False,cell_death_HR,XP_015613597.1 uncharacterized protein LOC4348239 [Oryza sativa Japonica Group],10.853,12.573
XP_015613561.1,False,84.066,0.8483,False,PR_proteins,94.967,1.2152,False,cell_death_HR,96.54,1.2955,False,cell_death_HR,XP_015613561.1 uncharacterized protein LOC107279059 [Oryza sativa Japonica Group],10.901,12.474
XP_015615164.1,False,85.631,0.7376,False,defense_signaling,95.873,0.9296,False,defense_signaling,97.913,0.9932,False,defense_signaling,XP_015615164.1 uncharacterized protein LOC4325848 isoform X2 [Oryza sativa Japonica Group],10.242,12.282
XP_015615157.1,False,85.631,0.7376,False,defense_signaling,96.341,0.9421,False,defense_signaling,97.913,0.9932,False,defense_signaling,XP_015615157.1 uncharacterized protein LOC4325848 isoform X1 [Oryza sativa Japonica Group],10.71,12.282
XP_025883229.1,False,21.073,-0.404,False,defense_signaling,27.49,-0.2022,False,defense_signaling,33.003,-0.0697,False,defense_signaling,XP_025883229.1 uncharacterized protein LOC4345906 isoform X1 [Oryza sativa Japonica Group],6.417,11.93
XP_015614067.1,False,84.031,0.8773,False,cell_death_HR,92.275,0.8516,False,defense_signaling,95.767,1.102,False,antimicrobial,XP_015614067.1 uncharacterized protein LOC4349418 isoform X1 [Oryza sativa Japonica Group],8.244,11.736
XP_015628111.2,False,76.916,0.6445,False,PR_proteins,82.231,0.8114,False,PR_proteins,88.5,0.948,False,PR_proteins,XP_015628111.2 uncharacterized protein LOC4332468 [Oryza sativa Japonica Group],5.315,11.584
XP_015646509.1,False,48.042,0.2111,False,defense_signaling,55.791,0.3233,False,defense_signaling,59.625,0.3739,False,defense_signaling,XP_015646509.1 uncharacterized protein LOC4342361 isoform X1 [Oryza sativa Japonica Group],7.749,11.583
XP_015637337.2,False,25.67,-0.2522,False,defense_signaling,32.117,-0.0871,False,defense_signaling,37.235,0.0164,False,defense_signaling,XP_015637337.2 uncharacterized protein LOC4338585 [Oryza sativa Japonica Group],6.447,11.565
XP_015639388.1,False,27.54,-0.2008,False,defense_signaling,33.893,-0.0518,False,defense_signaling,39.103,0.0521,False,defense_signaling,XP_015639388.1 uncharacterized protein LOC4338944 isoform X4 [Oryza sativa Japonica Group],6.353,11.563
XP_015631927.1,False,67.138,0.4781,False,defense_signaling,74.072,0.5741,False,defense_signaling,78.656,0.6364,False,defense_signaling,XP_015631927.1 protein ALWAYS EARLY 2 isoform X2 [Oryza sativa Japonica Group],6.934,11.518
XP_015625332.1,False,56.435,0.3319,False,defense_signaling,66.539,0.4692,False,defense_signaling,67.879,0.4869,False,defense_signaling,XP_015625332.1 methyl-CpG-binding domain-containing protein 9 isoform X1 [Oryza sativa Japonica Group],10.104,11.444
XP_015632960.1,False,88.043,0.9788,False,cell_death_HR,99.617,1.6329,True,cell_death_HR,99.479,1.5893,True,cell_death_HR,XP_015632960.1 myosin-12 isoform X2 [Oryza sativa Japonica Group],11.574,11.436
XP_015631928.1,False,68.688,0.4992,False,defense_signaling,75.756,0.5959,False,defense_signaling,80.08,0.6574,False,defense_signaling,XP_015631928.1 protein ALWAYS EARLY 2 isoform X3 [Oryza sativa Japonica Group],7.068,11.392
XP_015625333.1,False,56.564,0.3337,False,defense_signaling,66.337,0.4659,False,defense_signaling,67.879,0.4869,False,defense_signaling,XP_015625333.1 methyl-CpG-binding domain-containing protein 9 isoform X2 [Oryza sativa Japonica Group],9.773,11.315
XP_015631516.1,False,59.829,0.3774,False,defense_signaling,61.003,0.3919,False,defense_signaling,71.131,0.5315,False,defense_signaling,XP_015631516.1 uncharacterized protein LOC4331982 [Oryza sativa Japonica Group],1.174,11.302
XP_015632959.1,False,88.043,0.9788,False,cell_death_HR,99.556,1.613,True,cell_death_HR,99.279,1.5419,True,cell_death_HR,XP_015632959.1 myosin-12 isoform X1 [Oryza sativa Japonica Group],11.513,11.236
XP_015640369.1,False,29.358,-0.1538,False,defense_signaling,38.595,0.0419,False,defense_signaling,40.587,0.0815,False,defense_signaling,XP_015640369.1 protein ROS1 isoform X3 [Oryza sativa Japonica Group],9.237,11.229
XP_025882078.1,False,45.54,0.1725,False,defense_signaling,59.904,0.3781,False,defense_signaling,56.629,0.3331,False,defense_signaling,XP_025882078.1 uncharacterized protein LOC9268159 isoform X3 [Oryza sativa Japonica Group],14.364,11.089
XP_015629944.1,False,14.16,-0.7068,False,defense_signaling,21.764,-0.3822,False,defense_signaling,25.217,-0.2647,False,defense_signaling,XP_015629944.1 hornerin isoform X1 [Oryza sativa Japonica Group],7.604,11.057
XP_015631926.1,False,64.89,0.4458,False,defense_signaling,71.641,0.5381,False,defense_signaling,75.892,0.5986,False,defense_signaling,XP_015631926.1 protein ALWAYS EARLY 2 isoform X1 [Oryza sativa Japonica Group],6.751,11.002
XP_015611529.1,False,70.058,0.5168,False,defense_signaling,83.448,0.7032,False,defense_signaling,81.038,0.671,False,defense_signaling,XP_015611529.1 zinc finger CCCH domain-containing protein 19 [Oryza sativa Japonica Group],13.39,10.98
XP_015626058.1,False,83.819,0.7096,False,defense_signaling,92.552,0.8563,False,defense_signaling,94.774,0.9027,False,defense_signaling,XP_015626058.1 protein transport protein SEC16B homolog [Oryza sativa Japonica Group],8.733,10.955
XP_025882908.1,False,30.664,-0.1223,False,defense_signaling,36.24,-0.0033,False,defense_signaling,41.509,0.0996,False,defense_signaling,XP_025882908.1 uncharacterized protein LOC4344236 isoform X2 [Oryza sativa Japonica Group],5.576,10.845
XP_015630618.1,False,25.433,-0.2608,False,defense_signaling,33.376,-0.0615,False,defense_signaling,36.223,-0.0034,False,defense_signaling,XP_015630618.1 uncharacterized protein LOC4332823 [Oryza sativa Japonica Group],7.943,10.79
XP_015619929.1,False,80.301,0.6617,False,defense_signaling,92.977,0.8648,False,defense_signaling,91.063,0.8302,False,defense_signaling,XP_015619929.1 uncharacterized protein LOC4352686 [Oryza sativa Japonica Group],12.676,10.762
XP_015625233.1,False,88.81,0.7915,False,defense_signaling,99.674,1.1059,True,defense_signaling,99.523,1.0853,True,defense_signaling,XP_015625233.1 BEACH domain-containing protein B isoform X4 [Oryza sativa Japonica Group],10.864,10.713
XP_015646825.1,False,30.861,-0.118,False,defense_signaling,36.136,-0.005,False,defense_signaling,41.509,0.0996,False,defense_signaling,XP_015646825.1 uncharacterized protein LOC4344236 isoform X1 [Oryza sativa Japonica Group],5.275,10.648
XP_015646827.1,False,30.861,-0.118,False,defense_signaling,36.136,-0.005,False,defense_signaling,41.509,0.0996,False,defense_signaling,XP_015646827.1 uncharacterized protein LOC4344236 isoform X1 [Oryza sativa Japonica Group],5.275,10.648
XP_015646826.1,False,30.861,-0.118,False,defense_signaling,36.136,-0.005,False,defense_signaling,41.509,0.0996,False,defense_signaling,XP_015646826.1 uncharacterized protein LOC4344236 isoform X1 [Oryza sativa Japonica Group],5.275,10.648
XP_015625232.1,False,88.985,0.7943,False,defense_signaling,99.692,1.1101,True,defense_signaling,99.393,1.0772,True,antimicrobial,XP_015625232.1 BEACH domain-containing protein B isoform X3 [Oryza sativa Japonica Group],10.707,10.408
XP_015625230.1,False,88.985,0.7943,False,defense_signaling,99.676,1.1062,True,defense_signaling,99.393,1.0772,True,antimicrobial,XP_015625230.1 BEACH domain-containing protein B isoform X1 [Oryza sativa Japonica Group],10.691,10.408
XP_015629946.1,False,14.16,-0.7068,False,defense_signaling,19.486,-0.4647,False,defense_signaling,24.364,-0.2899,False,defense_signaling,XP_015629946.1 hornerin isoform X2 [Oryza sativa Japonica Group],5.326,10.204
XP_025879733.1,False,70.847,0.5279,False,defense_signaling,77.254,0.6156,False,defense_signaling,80.977,0.67,False,defense_signaling,XP_025879733.1 protein ALWAYS EARLY 2 isoform X4 [Oryza sativa Japonica Group],6.407,10.13
XP_015625231.1,False,89.618,0.8066,False,defense_signaling,99.669,1.1053,True,defense_signaling,99.393,1.0772,True,antimicrobial,XP_015625231.1 BEACH domain-containing protein B isoform X2 [Oryza sativa Japonica Group],10.051,9.775
XP_015619692.1,False,26.631,-0.2262,False,defense_signaling,31.535,-0.1014,False,defense_signaling,36.24,-0.0032,False,defense_signaling,XP_015619692.1 uncharacterized protein At4g10930 isoform X2 [Oryza sativa Japonica Group],4.904,9.609
XP_015637824.1,False,36.867,0.0097,False,defense_signaling,44.923,0.1635,False,defense_signaling,46.454,0.1845,False,defense_signaling,XP_015637824.1 uncharacterized protein LOC107276126 [Oryza sativa Japonica Group],8.056,9.587
XP_015625971.1,False,90.482,1.0495,False,cell_death_HR,99.737,1.6835,True,cell_death_HR,99.866,1.7818,True,cell_death_HR,XP_015625971.1 myosin-6 [Oryza sativa Japonica Group],9.255,9.384
XP_015625880.1,False,81.419,0.6775,False,defense_signaling,87.838,0.7726,False,defense_signaling,90.8,0.8247,False,defense_signaling,XP_015625880.1 uncharacterized protein LOC4329667 [Oryza sativa Japonica Group],6.419,9.381
XP_015639449.1,False,89.907,0.8104,False,defense_signaling,98.602,1.0249,False,defense_signaling,99.286,1.0629,True,defense_signaling,XP_015639449.1 DNA (cytosine-5)-methyltransferase CMT2-like isoform X1 [Oryza sativa Japonica Group],8.695,9.379
XP_015625112.1,False,8.55,-1.1197,False,defense_signaling,12.773,-0.7874,False,defense_signaling,17.806,-0.5326,False,defense_signaling,XP_015625112.1 titin homolog [Oryza sativa Japonica Group],4.223,9.256
XP_015642510.1,False,34.382,-0.0418,False,defense_signaling,39.291,0.0559,False,defense_signaling,43.53,0.1369,False,defense_signaling,XP_015642510.1 uncharacterized protein LOC4342140 isoform X2 [Oryza sativa Japonica Group],4.909,9.148
XP_015633378.1,False,63.342,0.4263,False,defense_signaling,69.245,0.5053,False,defense_signaling,72.474,0.5519,False,defense_signaling,XP_015633378.1 protein PRD1 isoform X1 [Oryza sativa Japonica Group],5.903,9.132
XP_015643577.1,False,76.552,0.6081,False,defense_signaling,82.774,0.7699,False,cell_death_HR,85.609,0.9173,False,cell_death_HR,XP_015643577.1 enhancer of mRNA-decapping protein 4 isoform X1 [Oryza sativa Japonica Group],6.222,9.057
XP_015641513.2,False,84.867,0.8906,False,antimicrobial,92.733,1.1192,False,antimicrobial,93.921,1.1597,False,antimicrobial,XP_015641513.2 LOW QUALITY PROTEIN: ABC transporter C family member 8-like [Oryza sativa Japonica Group],7.866,9.054
XP_015630850.1,False,78.694,0.6384,False,defense_signaling,95.887,0.9301,False,defense_signaling,87.695,0.8793,False,cell_death_HR,XP_015630850.1 uncharacterized protein LOC4334479 [Oryza sativa Japonica Group],17.193,9.001
XP_015614014.1,False,90.142,0.8147,False,defense_signaling,97.971,0.9961,False,defense_signaling,99.138,1.0524,True,defense_signaling,XP_015614014.1 dnaJ homolog subfamily C GRV2 [Oryza sativa Japonica Group],7.829,8.996
XP_015622085.1,False,83.92,0.8746,False,cell_death_HR,89.315,1.0193,False,antimicrobial,92.909,1.1234,False,antimicrobial,XP_015622085.1 ABC transporter B family member 11 isoform X2 [Oryza sativa Japonica Group],5.395,8.989
XP_015616228.1,False,87.119,0.7625,False,defense_signaling,95.634,0.9239,False,defense_signaling,96.068,1.2679,False,cell_death_HR,XP_015616228.1 helicase-like transcription factor CHR28 isoform X1 [Oryza sativa Japonica Group],8.515,8.949
XP_015630609.1,False,73.355,0.5382,False,NBS_LRR,77.954,0.6251,False,defense_signaling,82.276,0.688,False,defense_signaling,XP_015630609.1 uncharacterized protein LOC4331871 [Oryza sativa Japonica Group],4.599,8.921
XP_015646895.1,False,22.61,-0.3537,False,defense_signaling,29.149,-0.1566,False,defense_signaling,31.486,-0.1021,False,defense_signaling,XP_015646895.1 protein HUA2-LIKE 3 [Oryza sativa Japonica Group],6.539,8.876
XP_015639260.1,False,82.719,0.747,False,NBS_LRR,87.353,0.854,False,NBS_LRR,91.557,1.0242,False,NBS_LRR,XP_015639260.1 disease resistance protein RGA5-like [Oryza sativa Japonica Group],4.634,8.838
XP_015639261.1,False,82.719,0.747,False,NBS_LRR,87.353,0.854,False,NBS_LRR,91.557,1.0242,False,NBS_LRR,XP_015639261.1 disease resistance protein RGA5-like [Oryza sativa Japonica Group],4.634,8.838
XP_015636699.1,False,89.59,0.8056,False,defense_signaling,97.245,0.9685,False,defense_signaling,98.344,1.0091,False,defense_signaling,XP_015636699.1 uncharacterized protein LOC4326215 [Oryza sativa Japonica Group],7.655,8.754
XP_015642509.1,False,34.382,-0.0418,False,defense_signaling,39.069,0.0507,False,defense_signaling,43.118,0.1295,False,defense_signaling,XP_015642509.1 uncharacterized protein LOC4342140 isoform X1 [Oryza sativa Japonica Group],4.687,8.736
XP_025882278.1,False,34.382,-0.0418,False,defense_signaling,39.069,0.0507,False,defense_signaling,43.118,0.1295,False,defense_signaling,XP_025882278.1 uncharacterized protein LOC4342140 isoform X1 [Oryza sativa Japonica Group],4.687,8.736
XP_015640385.1,False,91.347,1.0285,False,NBS_LRR,99.988,1.1995,True,defense_signaling,99.965,1.1711,True,antimicrobial,XP_015640385.1 cyclin-dependent kinase C-2 [Oryza sativa Japonica Group],8.641,8.618
XP_025876047.1,False,82.445,0.8426,False,cell_death_HR,86.894,0.9586,False,antimicrobial,91.005,1.0645,False,antimicrobial,XP_025876047.1 ABC transporter B family member 4 isoform X2 [Oryza sativa Japonica Group],4.449,8.56
XP_025879798.1,False,49.086,0.1666,False,defense_signaling,46.437,0.1767,False,defense_signaling,57.645,0.3471,False,defense_signaling,XP_025879798.1 protein NETWORKED 1A [Oryza sativa Japonica Group],-2.649,8.559
XP_015630890.1,False,49.086,0.1666,False,defense_signaling,46.437,0.1767,False,defense_signaling,57.645,0.3471,False,defense_signaling,XP_015630890.1 protein NETWORKED 1A [Oryza sativa Japonica Group],-2.649,8.559
XP_025876035.1,False,86.685,0.9451,False,cell_death_HR,93.508,1.1435,False,antimicrobial,95.133,1.2088,False,antimicrobial,XP_025876035.1 ABC transporter B family member 5 isoform X1 [Oryza sativa Japonica Group],6.823,8.448
XP_015650286.1,False,27.354,-0.2062,False,defense_signaling,31.887,-0.0922,False,defense_signaling,35.725,-0.0139,False,defense_signaling,XP_015650286.1 uncharacterized protein LOC4344932 isoform X1 [Oryza sativa Japonica Group],4.533,8.371
XP_015629622.1,False,50.088,0.2419,False,defense_signaling,54.992,0.3087,False,defense_signaling,58.379,0.3566,False,defense_signaling,XP_015629622.1 uncharacterized protein At4g38062 [Oryza sativa Japonica Group],4.904,8.291
XP_015637815.1,False,84.975,0.9098,False,antimicrobial,91.699,1.085,False,antimicrobial,93.207,1.133,False,antimicrobial,XP_015637815.1 ABC transporter B family member 5 isoform X2 [Oryza sativa Japonica Group],6.724,8.232
XP_015616232.1,False,87.965,0.7758,False,defense_signaling,95.76,0.9267,False,defense_signaling,96.068,1.2679,False,cell_death_HR,XP_015616232.1 helicase-like transcription factor CHR28 isoform X2 [Oryza sativa Japonica Group],7.795,8.103
XP_015631475.1,False,85.776,0.74,False,defense_signaling,92.388,0.8532,False,defense_signaling,93.726,0.8796,False,defense_signaling,XP_015631475.1 chromatin-remodeling ATPase INO80 [Oryza sativa Japonica Group],6.612,7.95
XP_015636205.1,False,64.91,0.4462,False,defense_signaling,73.974,0.5728,False,defense_signaling,72.821,0.5568,False,defense_signaling,XP_015636205.1 increased DNA methylation 1 [Oryza sativa Japonica Group],9.064,7.911
XP_015636206.1,False,64.91,0.4462,False,defense_signaling,73.974,0.5728,False,defense_signaling,72.821,0.5568,False,defense_signaling,XP_015636206.1 increased DNA methylation 1 [Oryza sativa Japonica Group],9.064,7.911
XP_025879581.1,False,70.694,0.5965,False,cell_death_HR,75.112,0.6841,False,cell_death_HR,78.501,0.7567,False,cell_death_HR,XP_025879581.1 exportin-7-A isoform X2 [Oryza sativa Japonica Group],4.418,7.807
XP_015650728.1,False,80.211,0.6606,False,defense_signaling,85.804,0.7403,False,defense_signaling,87.946,0.7759,False,defense_signaling,XP_015650728.1 HEAT repeat-containing protein 6 [Oryza sativa Japonica Group],5.593,7.735
XP_015643544.1,False,85.426,0.7346,False,defense_signaling,92.383,0.8532,False,defense_signaling,93.07,0.8664,False,defense_signaling,XP_015643544.1 protein transport protein SEC16B homolog isoform X1 [Oryza sativa Japonica Group],6.957,7.644
XP_015631473.1,False,69.541,0.5728,False,cell_death_HR,73.698,0.6565,False,cell_death_HR,77.16,0.7258,False,cell_death_HR,XP_015631473.1 exportin-7-A isoform X1 [Oryza sativa Japonica Group],4.157,7.619
XP_025879580.1,False,69.541,0.5728,False,cell_death_HR,73.698,0.6565,False,cell_death_HR,77.16,0.7258,False,cell_death_HR,XP_025879580.1 exportin-7-A isoform X1 [Oryza sativa Japonica Group],4.157,7.619
XP_015631472.1,False,69.541,0.5728,False,cell_death_HR,73.698,0.6565,False,cell_death_HR,77.16,0.7258,False,cell_death_HR,XP_015631472.1 exportin-7-A isoform X1 [Oryza sativa Japonica Group],4.157,7.619
XP_015631467.1,False,69.541,0.5728,False,cell_death_HR,73.698,0.6565,False,cell_death_HR,77.16,0.7258,False,cell_death_HR,XP_015631467.1 exportin-7-A isoform X1 [Oryza sativa Japonica Group],4.157,7.619
XP_015631468.1,False,69.541,0.5728,False,cell_death_HR,73.698,0.6565,False,cell_death_HR,77.16,0.7258,False,cell_death_HR,XP_015631468.1 exportin-7-A isoform X1 [Oryza sativa Japonica Group],4.157,7.619
XP_015643261.1,False,62.175,0.3315,False,NBS_LRR,68.794,0.4387,False,NBS_LRR,69.766,0.5126,False,defense_signaling,XP_015643261.1 uncharacterized protein LOC4340450 isoform X1 [Oryza sativa Japonica Group],6.619,7.591
XP_015640977.1,False,91.749,1.0892,False,cell_death_HR,99.772,1.6983,True,cell_death_HR,99.272,1.5405,True,cell_death_HR,XP_015640977.1 myosin-11 [Oryza sativa Japonica Group],8.023,7.523
XP_015618850.1,False,81.6,0.6799,False,defense_signaling,86.499,0.7522,False,defense_signaling,89.076,0.7955,False,defense_signaling,XP_015618850.1 uncharacterized protein LOC4326897 [Oryza sativa Japonica Group],4.899,7.476
XP_025878772.1,False,90.685,0.99,False,NBS_LRR,98.431,1.7592,False,NBS_LRR,98.119,1.6848,False,NBS_LRR,XP_025878772.1 LOW QUALITY PROTEIN: uncharacterized protein LOC4328943 [Oryza sativa Japonica Group],7.746,7.434
XP_015631672.1,False,56.674,0.2865,False,defense_signaling,61.332,0.3668,False,defense_signaling,64.103,0.4353,False,defense_signaling,XP_015631672.1 uncharacterized protein LOC9270565 [Oryza sativa Japonica Group],4.658,7.429
XP_015639196.1,False,78.464,0.6348,False,defense_signaling,85.132,0.7291,False,defense_signaling,85.867,0.7419,False,defense_signaling,XP_015639196.1 uncharacterized protein LOC9268967 [Oryza sativa Japonica Group],6.668,7.403
XP_015616236.1,False,88.695,0.7893,False,defense_signaling,95.911,0.9307,False,defense_signaling,96.068,1.2679,False,cell_death_HR,XP_015616236.1 helicase-like transcription factor CHR28 isoform X3 [Oryza sativa Japonica Group],7.216,7.373
XP_025880200.1,False,92.026,1.0983,False,cell_death_HR,99.063,1.506,True,cell_death_HR,99.373,1.5645,True,cell_death_HR,XP_025880200.1 myosin-6 [Oryza sativa Japonica Group],7.037,7.347
XP_015639597.1,False,58.097,0.3539,False,defense_signaling,65.74,0.4564,False,defense_signaling,65.376,0.4525,False,defense_signaling,XP_015639597.1 uncharacterized protein LOC4327594 [Oryza sativa Japonica Group],7.643,7.279
XP_015626440.1,False,55.737,0.3038,False,cell_death_HR,61.284,0.4093,False,cell_death_HR,62.994,0.4419,False,cell_death_HR,XP_015626440.1 structural maintenance of chromosomes protein 3 isoform X1 [Oryza sativa Japonica Group],5.547,7.257
XP_025878937.1,False,55.737,0.3038,False,cell_death_HR,61.284,0.4093,False,cell_death_HR,62.994,0.4419,False,cell_death_HR,XP_025878937.1 structural maintenance of chromosomes protein 3 isoform X1 [Oryza sativa Japonica Group],5.547,7.257
XP_025882816.1,False,49.32,0.23,False,defense_signaling,53.358,0.2891,False,defense_signaling,56.525,0.3321,False,defense_signaling,XP_025882816.1 protein LONGIFOLIA 1 isoform X2 [Oryza sativa Japonica Group],4.038,7.205
XP_015643664.1,False,92.026,0.8485,False,defense_signaling,99.469,1.0838,True,defense_signaling,99.218,1.0573,True,defense_signaling,XP_015643664.1 BEACH domain-containing protein B isoform X3 [Oryza sativa Japonica Group],7.443,7.192
XP_025881944.1,False,92.026,0.8485,False,defense_signaling,99.521,1.0917,True,defense_signaling,99.178,1.0914,True,antimicrobial,XP_025881944.1 BEACH domain-containing protein B isoform X1 [Oryza sativa Japonica Group],7.495,7.152
XP_025881945.1,False,92.218,0.8516,False,defense_signaling,99.523,1.0921,True,defense_signaling,99.225,1.0914,True,antimicrobial,XP_025881945.1 BEACH domain-containing protein B isoform X2 [Oryza sativa Japonica Group],7.305,7.007
XP_025880706.1,False,88.82,0.8074,False,RLK_defense,95.821,1.2413,False,antimicrobial,95.791,1.2366,False,antimicrobial,XP_025880706.1 ABC transporter C family member 14 isoform X1 [Oryza sativa Japonica Group],7.001,6.971
XP_015633379.1,False,65.247,0.4505,False,defense_signaling,69.668,0.5101,False,defense_signaling,72.174,0.5481,False,defense_signaling,XP_015633379.1 protein PRD1 isoform X2 [Oryza sativa Japonica Group],4.421,6.927
XP_015611919.1,False,62.612,0.4148,False,defense_signaling,66.931,0.4743,False,defense_signaling,69.529,0.5092,False,defense_signaling,XP_015611919.1 uncharacterized protein LOC4347050 [Oryza sativa Japonica Group],4.319,6.917
XP_015611347.1,False,83.742,0.7785,False,antimicrobial,93.351,1.1379,False,antimicrobial,90.607,1.0529,False,antimicrobial,XP_015611347.1 ABC transporter C family member 4 [Oryza sativa Japonica Group],9.609,6.865
XP_015622128.1,False,86.127,0.9392,False,antimicrobial,92.399,1.1071,False,antimicrobial,92.941,1.1243,False,antimicrobial,XP_015622128.1 ABC transporter B family member 9 isoform X1 [Oryza sativa Japonica Group],6.272,6.814
XP_015643578.1,False,78.997,0.6423,False,defense_signaling,83.495,0.8403,False,cell_death_HR,85.806,0.9221,False,cell_death_HR,XP_015643578.1 enhancer of mRNA-decapping protein 4 isoform X2 [Oryza sativa Japonica Group],4.498,6.809
XP_015620949.1,False,91.213,0.9571,False,NBS_LRR,97.679,1.2663,False,NBS_LRR,98.012,1.3839,False,NBS_LRR,XP_015620949.1 BTB/POZ domain-containing protein FBL11 isoform X1 [Oryza sativa Japonica Group],6.466,6.799
XP_015649572.1,False,91.359,1.0287,False,NBS_LRR,95.429,1.3534,False,NBS_LRR,98.133,1.6868,False,NBS_LRR,XP_015649572.1 disease resistance protein Pik-2-like [Oryza sativa Japonica Group],4.07,6.774
XP_015646820.1,False,49.797,0.2374,False,defense_signaling,53.632,0.2928,False,defense_signaling,56.525,0.3321,False,defense_signaling,XP_015646820.1 protein LONGIFOLIA 1 isoform X1 [Oryza sativa Japonica Group],3.835,6.728
XP_015620864.1,False,76.007,0.7044,False,cell_death_HR,79.549,0.7809,False,cell_death_HR,82.511,0.8421,False,cell_death_HR,XP_015620864.1 exportin-7 isoform X2 [Oryza sativa Japonica Group],3.542,6.504
XP_015639451.1,False,92.482,0.8557,False,defense_signaling,97.966,0.9959,False,defense_signaling,98.894,1.0389,False,defense_signaling,XP_015639451.1 DNA (cytosine-5)-methyltransferase CMT2-like isoform X2 [Oryza sativa Japonica Group],5.484,6.412
XP_015614232.1,False,26.389,-0.2325,False,defense_signaling,31.053,-0.1125,False,defense_signaling,32.726,-0.0754,False,defense_signaling,XP_015614232.1 uncharacterized protein LOC4349466 isoform X4 [Oryza sativa Japonica Group],4.664,6.337
XP_015616238.1,False,89.74,0.8076,False,defense_signaling,95.93,0.9357,False,cell_death_HR,96.068,1.2679,False,cell_death_HR,XP_015616238.1 helicase-like transcription factor CHR28 isoform X4 [Oryza sativa Japonica Group],6.19,6.328
XP_015633381.1,False,65.198,0.4497,False,defense_signaling,68.951,0.5008,False,defense_signaling,71.479,0.5376,False,defense_signaling,XP_015633381.1 protein PRD1 isoform X3 [Oryza sativa Japonica Group],3.753,6.281
XP_015617089.1,False,84.813,0.8978,False,cell_death_HR,88.399,0.9887,False,cell_death_HR,91.005,1.0645,False,antimicrobial,XP_015617089.1 ABC transporter B family member 9 isoform X1 [Oryza sativa Japonica Group],3.586,6.192
XP_015620863.1,False,75.017,0.6828,False,cell_death_HR,78.356,0.7553,False,cell_death_HR,81.158,0.8132,False,cell_death_HR,XP_015620863.1 exportin-7 isoform X1 [Oryza sativa Japonica Group],3.339,6.141
XP_025879553.1,False,65.962,0.4619,False,defense_signaling,70.729,0.5241,False,defense_signaling,72.022,0.5459,False,defense_signaling,XP_025879553.1 uncharacterized protein LOC4333696 isoform X1 [Oryza sativa Japonica Group],4.767,6.06
XP_015631224.1,False,65.962,0.4619,False,defense_signaling,70.729,0.5241,False,defense_signaling,72.022,0.5459,False,defense_signaling,XP_015631224.1 uncharacterized protein LOC4333696 isoform X1 [Oryza sativa Japonica Group],4.767,6.06
XP_015631226.1,False,65.962,0.4619,False,defense_signaling,70.729,0.5241,False,defense_signaling,72.022,0.5459,False,defense_signaling,XP_015631226.1 uncharacterized protein LOC4333696 isoform X1 [Oryza sativa Japonica Group],4.767,6.06
XP_025879497.1,False,77.306,0.6032,False,NBS_LRR,82.424,0.7202,False,NBS_LRR,83.302,0.7409,False,NBS_LRR,"XP_025879497.1 pentatricopeptide repeat-containing protein At5g15280, mitochondrial isoform X2 [Oryza sativa Japonica Group]",5.118,5.996
XP_015626168.1,False,74.976,0.5878,False,defense_signaling,83.859,0.709,False,defense_signaling,80.935,0.8076,False,cell_death_HR,XP_015626168.1 enhancer of mRNA-decapping protein 4 [Oryza sativa Japonica Group],8.883,5.959
XP_015642864.2,False,67.716,0.4856,False,defense_signaling,70.814,0.5252,False,defense_signaling,73.628,0.5688,False,defense_signaling,XP_015642864.2 pre-mRNA-processing-splicing factor 8A [Oryza sativa Japonica Group],3.098,5.912
XP_015650573.1,False,78.861,0.7655,False,cell_death_HR,84.028,0.8785,False,cell_death_HR,84.77,0.8962,False,cell_death_HR,XP_015650573.1 peroxisome biogenesis protein 1 [Oryza sativa Japonica Group],5.167,5.909
XP_015640370.1,False,29.358,-0.1538,False,defense_signaling,33.607,-0.0567,False,defense_signaling,35.244,-0.0238,False,defense_signaling,XP_015640370.1 protein ROS1 isoform X4 [Oryza sativa Japonica Group],4.249,5.886
XP_025881950.1,False,92.026,0.8485,False,defense_signaling,97.725,0.9865,False,defense_signaling,97.877,0.9916,False,defense_signaling,XP_025881950.1 BEACH domain-containing protein B isoform X7 [Oryza sativa Japonica Group],5.699,5.851
XP_015643666.1,False,92.026,0.8485,False,defense_signaling,97.725,0.9865,False,defense_signaling,97.877,0.9916,False,defense_signaling,XP_015643666.1 BEACH domain-containing protein B isoform X7 [Oryza sativa Japonica Group],5.699,5.851
XP_025881946.1,False,92.026,0.8485,False,defense_signaling,98.049,0.9987,False,defense_signaling,97.877,0.9916,False,defense_signaling,XP_025881946.1 BEACH domain-containing protein B isoform X5 [Oryza sativa Japonica Group],6.023,5.851
XP_025881947.1,False,92.026,0.8485,False,defense_signaling,98.049,0.9987,False,defense_signaling,97.877,0.9916,False,defense_signaling,XP_025881947.1 BEACH domain-containing protein B isoform X5 [Oryza sativa Japonica Group],6.023,5.851
XP_025881948.1,False,92.026,0.8485,False,defense_signaling,97.737,0.9869,False,defense_signaling,97.877,0.9916,False,defense_signaling,XP_025881948.1 BEACH domain-containing protein B isoform X6 [Oryza sativa Japonica Group],5.711,5.851
XP_025881949.1,False,92.026,0.8485,False,defense_signaling,97.737,0.9869,False,defense_signaling,97.877,0.9916,False,defense_signaling,XP_025881949.1 BEACH domain-containing protein B isoform X6 [Oryza sativa Japonica Group],5.711,5.851
XP_015643665.1,False,92.026,0.8485,False,defense_signaling,98.264,1.0062,False,defense_signaling,97.877,0.9916,False,defense_signaling,XP_015643665.1 BEACH domain-containing protein B isoform X4 [Oryza sativa Japonica Group],6.238,5.851
XP_015639812.1,False,70.119,0.5179,False,defense_signaling,73.348,0.5632,False,defense_signaling,75.953,0.5992,False,defense_signaling,XP_015639812.1 proline-rich protein 36 isoform X1 [Oryza sativa Japonica Group],3.229,5.834
XP_015631406.1,False,86.985,0.9533,False,cell_death_HR,98.494,1.4408,False,cell_death_HR,92.77,1.1246,False,cell_death_HR,XP_015631406.1 myosin-17 [Oryza sativa Japonica Group],11.509,5.785
XP_015649857.1,False,90.952,0.8291,False,defense_signaling,94.438,0.8959,False,defense_signaling,96.611,1.0376,False,antimicrobial,XP_015649857.1 uncharacterized protein LOC4344518 [Oryza sativa Japonica Group],3.486,5.659
XP_015626250.1,False,93.898,1.1698,False,cell_death_HR,99.526,1.608,True,cell_death_HR,99.54,1.6031,True,cell_death_HR,XP_015626250.1 myosin-8 [Oryza sativa Japonica Group],5.628,5.642
XP_015614231.1,False,27.105,-0.2129,False,defense_signaling,31.518,-0.102,False,defense_signaling,32.726,-0.0754,False,defense_signaling,XP_015614231.1 uncharacterized protein LOC4349466 isoform X3 [Oryza sativa Japonica Group],4.413,5.621
XP_015625166.1,False,93.005,0.8655,False,defense_signaling,99.732,1.1144,True,defense_signaling,98.553,1.0187,False,defense_signaling,XP_015625166.1 E3 ubiquitin-protein ligase UPL3 [Oryza sativa Japonica Group],6.727,5.548
XP_015635451.1,False,92.216,1.0943,False,antimicrobial,98.351,1.0115,False,defense_signaling,97.75,1.1903,False,antimicrobial,XP_015635451.1 sacsin [Oryza sativa Japonica Group],6.135,5.534
XP_015624321.1,False,77.971,0.6392,False,NBS_LRR,81.724,0.7038,False,NBS_LRR,83.474,0.7462,False,NBS_LRR,XP_015624321.1 receptor-like protein 2 [Oryza sativa Japonica Group],3.753,5.503
XP_015620865.1,False,79.157,0.7721,False,cell_death_HR,82.323,0.84,False,cell_death_HR,84.651,0.8934,False,cell_death_HR,XP_015620865.1 exportin-7 isoform X3 [Oryza sativa Japonica Group],3.166,5.494
XP_015617011.1,False,29.187,-0.1576,False,defense_signaling,34.349,-0.0431,False,defense_signaling,34.647,-0.0372,False,defense_signaling,XP_015617011.1 uncharacterized protein LOC4324178 isoform X1 [Oryza sativa Japonica Group],5.162,5.46
XP_015618693.1,False,32.598,-0.0784,False,defense_signaling,38.61,0.0422,False,defense_signaling,37.954,0.0317,False,defense_signaling,XP_015618693.1 uncharacterized protein LOC4326602 isoform X3 [Oryza sativa Japonica Group],6.012,5.356
XP_015641697.1,False,88.637,1.0049,False,antimicrobial,92.777,1.1201,False,antimicrobial,93.988,1.1619,False,antimicrobial,XP_015641697.1 ABC transporter B family member 11 isoform X3 [Oryza sativa Japonica Group],4.14,5.351
XP_025877587.1,False,94.566,0.9998,False,RLK_defense,98.013,1.5131,False,RLK_defense,99.864,1.8417,True,RLK_defense,XP_025877587.1 uncharacterized protein LOC9268090 [Oryza sativa Japonica Group],3.447,5.298
XP_015626733.1,False,93.562,1.1569,False,cell_death_HR,99.173,1.5244,True,cell_death_HR,98.828,1.476,False,cell_death_HR,XP_015626733.1 protein OPAQUE1 [Oryza sativa Japonica Group],5.611,5.266
XP_015614069.1,False,93.355,1.1482,False,cell_death_HR,99.068,1.5085,True,cell_death_HR,98.619,1.4507,False,cell_death_HR,XP_015614069.1 protein OPAQUE1 [Oryza sativa Japonica Group],5.713,5.264
XP_015623657.1,False,74.94,0.6812,False,cell_death_HR,78.903,0.766,False,cell_death_HR,80.193,0.7941,False,cell_death_HR,XP_015623657.1 structural maintenance of chromosomes protein 3 [Oryza sativa Japonica Group],3.963,5.253
XP_015617020.1,False,29.187,-0.1576,False,defense_signaling,33.804,-0.0533,False,defense_signaling,34.365,-0.044,False,defense_signaling,XP_015617020.1 uncharacterized protein LOC4324178 isoform X2 [Oryza sativa Japonica Group],4.617,5.178
XP_015614230.1,False,29.367,-0.1534,False,defense_signaling,33.764,-0.0542,False,defense_signaling,34.429,-0.0429,False,defense_signaling,XP_015614230.1 uncharacterized protein LOC4349466 isoform X2 [Oryza sativa Japonica Group],4.397,5.062
XP_015620533.1,False,89.74,1.0297,False,antimicrobial,93.44,1.1412,False,antimicrobial,94.755,1.1935,False,antimicrobial,XP_015620533.1 nucleolar protein 6 [Oryza sativa Japonica Group],3.7,5.015
XP_025877692.1,False,66.978,0.4291,False,defense_signaling,67.033,0.4411,False,defense_signaling,71.973,0.5021,False,NBS_LRR,XP_025877692.1 putative 1-phosphatidylinositol-3-phosphate 5-kinase FAB1D isoform X1 [Oryza sativa Japonica Group],0.055,4.995
XP_015620016.1,False,66.978,0.4291,False,defense_signaling,67.033,0.4411,False,defense_signaling,71.973,0.5021,False,NBS_LRR,XP_015620016.1 putative 1-phosphatidylinositol-3-phosphate 5-kinase FAB1D isoform X1 [Oryza sativa Japonica Group],0.055,4.995
XP_025880505.1,False,86.053,0.8336,False,NBS_LRR,89.783,0.9401,False,NBS_LRR,91.009,0.9986,False,NBS_LRR,"XP_025880505.1 PH, RCC1 and FYVE domains-containing protein 1 isoform X1 [Oryza sativa Japonica Group]",3.73,4.956
XP_015636088.1,False,78.617,0.7136,False,cell_death_HR,81.799,0.6887,False,cell_death_HR,83.561,0.7057,False,cell_death_HR,XP_015636088.1 uncharacterized protein LOC4335922 [Oryza sativa Japonica Group],3.182,4.944
XP_015615802.1,False,82.809,0.85,False,cell_death_HR,86.525,0.9414,False,cell_death_HR,87.751,0.9693,False,cell_death_HR,XP_015615802.1 zinc protease PQQL-like isoform X1 [Oryza sativa Japonica Group],3.716,4.942
XP_015622131.1,False,88.133,0.9908,False,antimicrobial,91.614,1.0823,False,antimicrobial,92.941,1.1243,False,antimicrobial,XP_015622131.1 ABC transporter B family member 4 isoform X2 [Oryza sativa Japonica Group],3.481,4.808
XP_015622129.1,False,88.133,0.9908,False,antimicrobial,91.614,1.0823,False,antimicrobial,92.941,1.1243,False,antimicrobial,XP_015622129.1 ABC transporter B family member 4 isoform X2 [Oryza sativa Japonica Group],3.481,4.808
XP_025883093.1,False,32.598,-0.0784,False,defense_signaling,38.196,0.0363,False,defense_signaling,37.383,0.0195,False,defense_signaling,XP_025883093.1 uncharacterized protein LOC4326602 isoform X4 [Oryza sativa Japonica Group],5.598,4.785
XP_015643212.1,False,84.188,0.8378,False,antimicrobial,93.623,0.8784,False,defense_signaling,88.968,0.8285,False,antimicrobial,XP_015643212.1 protein SWEETIE isoform X2 [Oryza sativa Japonica Group],9.435,4.78
XP_025877693.1,False,66.978,0.4291,False,defense_signaling,66.882,0.4308,False,defense_signaling,71.732,0.4976,False,NBS_LRR,XP_025877693.1 putative 1-phosphatidylinositol-3-phosphate 5-kinase FAB1D isoform X2 [Oryza sativa Japonica Group],-0.096,4.754
XP_015614707.1,False,64.388,0.368,False,NBS_LRR,67.709,0.4511,False,defense_signaling,69.087,0.5039,False,defense_signaling,"XP_015614707.1 pentatricopeptide repeat-containing protein MRL1, chloroplastic isoform X1 [Oryza sativa Japonica Group]",3.321,4.699
XP_015639842.1,False,84.213,0.715,False,defense_signaling,88.245,0.7801,False,defense_signaling,88.812,0.7911,False,defense_signaling,XP_015639842.1 protein SUPPRESSOR OF PHYA-105 1 [Oryza sativa Japonica Group],4.032,4.599
XP_015639843.1,False,84.213,0.715,False,defense_signaling,88.245,0.7801,False,defense_signaling,88.812,0.7911,False,defense_signaling,XP_015639843.1 protein SUPPRESSOR OF PHYA-105 1 [Oryza sativa Japonica Group],4.032,4.599
XP_025880601.1,False,44.372,0.153,False,defense_signaling,47.517,0.2033,False,defense_signaling,48.969,0.2232,False,defense_signaling,XP_025880601.1 uncharacterized protein LOC4336942 [Oryza sativa Japonica Group],3.145,4.597
XP_015636407.1,False,44.372,0.153,False,defense_signaling,47.517,0.2033,False,defense_signaling,48.969,0.2232,False,defense_signaling,XP_015636407.1 uncharacterized protein LOC4336942 [Oryza sativa Japonica Group],3.145,4.597
XP_025878983.1,False,94.45,1.1974,False,NBS_LRR,97.799,1.542,False,NBS_LRR,99.023,1.6556,True,RLK_defense,XP_025878983.1 tyrosine-sulfated glycopeptide receptor 1 isoform X2 [Oryza sativa Japonica Group],3.349,4.573
XP_015646596.1,False,94.934,0.9061,False,defense_signaling,94.908,0.9057,False,defense_signaling,99.504,1.084,True,defense_signaling,XP_015646596.1 protein CHROMATIN REMODELING 4 [Oryza sativa Japonica Group],-0.026,4.57
XP_015646595.1,False,94.934,0.9061,False,defense_signaling,94.908,0.9057,False,defense_signaling,99.504,1.084,True,defense_signaling,XP_015646595.1 protein CHROMATIN REMODELING 4 [Oryza sativa Japonica Group],-0.026,4.57
XP_015646598.1,False,94.934,0.9061,False,defense_signaling,94.908,0.9057,False,defense_signaling,99.504,1.084,True,defense_signaling,XP_015646598.1 protein CHROMATIN REMODELING 4 [Oryza sativa Japonica Group],-0.026,4.57
XP_015646594.1,False,94.934,0.9061,False,defense_signaling,94.908,0.9057,False,defense_signaling,99.504,1.084,True,defense_signaling,XP_015646594.1 protein CHROMATIN REMODELING 4 [Oryza sativa Japonica Group],-0.026,4.57
XP_015646597.1,False,94.934,0.9061,False,defense_signaling,94.908,0.9057,False,defense_signaling,99.504,1.084,True,defense_signaling,XP_015646597.1 protein CHROMATIN REMODELING 4 [Oryza sativa Japonica Group],-0.026,4.57
XP_015633555.1,False,70.032,0.4744,False,NBS_LRR,73.769,0.5341,False,NBS_LRR,74.44,0.5493,False,NBS_LRR,"XP_015633555.1 CRM-domain containing factor CFM2, chloroplastic isoform X2 [Oryza sativa Japonica Group]",3.737,4.408
XP_015633382.1,False,70.248,0.5197,False,defense_signaling,72.89,0.5561,False,defense_signaling,74.647,0.5822,False,defense_signaling,XP_015633382.1 protein PRD1 isoform X4 [Oryza sativa Japonica Group],2.642,4.399
XP_025882043.1,False,89.623,1.0266,False,antimicrobial,93.118,1.1311,False,antimicrobial,93.988,1.1619,False,antimicrobial,XP_025882043.1 ABC transporter B family member 11 isoform X1 [Oryza sativa Japonica Group],3.495,4.365
XP_015631635.1,False,86.927,0.7599,False,defense_signaling,93.686,0.8795,False,defense_signaling,91.277,0.8341,False,defense_signaling,XP_015631635.1 calcineurin-binding protein 1 [Oryza sativa Japonica Group],6.759,4.35
XP_015633529.1,False,87.873,0.9748,False,cell_death_HR,92.11,1.0974,False,antimicrobial,92.197,1.1012,False,antimicrobial,XP_015633529.1 ABC transporter B family member 19 [Oryza sativa Japonica Group],4.237,4.324
XP_015618715.1,False,92.103,0.8497,False,defense_signaling,97.576,1.0151,False,antimicrobial,96.388,1.1686,False,antimicrobial,XP_015618715.1 condensin-2 complex subunit D3 [Oryza sativa Japonica Group],5.473,4.285
XP_015635835.1,False,89.462,1.0231,False,antimicrobial,92.541,1.1126,False,antimicrobial,93.74,1.1526,False,antimicrobial,XP_015635835.1 ABC transporter B family member 11 isoform X2 [Oryza sativa Japonica Group],3.079,4.278
XP_015635759.1,False,89.462,1.0231,False,antimicrobial,92.541,1.1126,False,antimicrobial,93.74,1.1526,False,antimicrobial,XP_015635759.1 ABC transporter B family member 11 isoform X2 [Oryza sativa Japonica Group],3.079,4.278
XP_015620953.1,False,93.752,1.1855,False,NBS_LRR,97.106,1.3354,False,NBS_LRR,98.012,1.3839,False,NBS_LRR,XP_015620953.1 BTB/POZ domain-containing protein FBL11 isoform X4 [Oryza sativa Japonica Group],3.354,4.26
XP_015614229.1,False,28.467,-0.1764,False,defense_signaling,32.925,-0.071,False,defense_signaling,32.726,-0.0754,False,defense_signaling,XP_015614229.1 uncharacterized protein LOC4349466 isoform X1 [Oryza sativa Japonica Group],4.458,4.259
XP_015641766.1,False,89.792,1.0308,False,antimicrobial,93.099,1.1304,False,antimicrobial,93.988,1.1619,False,antimicrobial,XP_015641766.1 ABC transporter B family member 11 isoform X4 [Oryza sativa Japonica Group],3.307,4.196
XP_025882554.1,False,68.164,0.4708,False,PR_proteins,73.649,0.5683,False,defense_signaling,72.357,0.5504,False,defense_signaling,XP_025882554.1 uncharacterized protein LOC107281536 [Oryza sativa Japonica Group],5.485,4.193
XP_015641844.1,False,88.352,0.9963,False,antimicrobial,91.129,1.0678,False,antimicrobial,92.524,1.1121,False,antimicrobial,XP_015641844.1 ABC transporter B family member 11 isoform X5 [Oryza sativa Japonica Group],2.777,4.172
XP_015647985.2,False,64.707,0.4438,False,defense_signaling,67.537,0.4812,False,defense_signaling,68.874,0.5012,False,defense_signaling,XP_015647985.2 uncharacterized protein LOC4324084 [Oryza sativa Japonica Group],2.83,4.167
XP_015639814.1,False,65.712,0.4578,False,defense_signaling,68.103,0.4882,False,defense_signaling,69.867,0.514,False,defense_signaling,XP_015639814.1 actin cytoskeleton-regulatory complex protein PAN1 isoform X2 [Oryza sativa Japonica Group],2.391,4.155
XP_015643213.1,False,84.188,0.8378,False,antimicrobial,93.726,0.8809,False,defense_signaling,88.337,0.8285,False,antimicrobial,XP_015643213.1 protein SWEETIE isoform X3 [Oryza sativa Japonica Group],9.538,4.149
XP_015643211.1,False,84.188,0.8378,False,antimicrobial,93.393,0.8736,False,defense_signaling,88.337,0.8285,False,antimicrobial,XP_015643211.1 protein SWEETIE isoform X1 [Oryza sativa Japonica Group],9.205,4.149
XP_015620247.1,False,62.233,0.3475,False,defense_signaling,66.174,0.3906,False,NBS_LRR,66.369,0.394,False,NBS_LRR,XP_015620247.1 filament-like plant protein 3 [Oryza sativa Japonica Group],3.941,4.136
XP_015620248.1,False,62.233,0.3475,False,defense_signaling,66.174,0.3906,False,NBS_LRR,66.369,0.394,False,NBS_LRR,XP_015620248.1 filament-like plant protein 3 [Oryza sativa Japonica Group],3.941,4.136
XP_015611213.1,False,76.124,0.5828,False,defense_signaling,80.31,0.6598,False,defense_signaling,80.258,0.6603,False,defense_signaling,XP_015611213.1 uncharacterized protein LOC4347199 [Oryza sativa Japonica Group],4.186,4.134
XP_015643668.1,False,76.958,0.6135,False,defense_signaling,85.184,0.7302,False,defense_signaling,81.062,0.6713,False,defense_signaling,XP_015643668.1 uncharacterized protein LOC4340596 [Oryza sativa Japonica Group],8.226,4.104
XP_015646473.1,False,95.211,0.9877,False,antimicrobial,99.152,1.0573,True,defense_signaling,99.248,1.1656,True,antimicrobial,XP_015646473.1 transformation/transcription domain-associated protein [Oryza sativa Japonica Group],3.941,4.037
XP_015630606.1,False,93.816,0.8815,False,defense_signaling,97.745,1.3381,False,antimicrobial,97.844,1.2094,False,cell_death_HR,XP_015630606.1 protein ILITYHIA [Oryza sativa Japonica Group],3.929,4.028
XP_015649247.1,False,95.429,1.2209,False,antimicrobial,98.894,1.4252,False,antimicrobial,99.452,1.4903,True,antimicrobial,"XP_015649247.1 glutamate synthase 1 [NADH], chloroplastic isoform X2 [Oryza sativa Japonica Group]",3.465,4.023
XP_015615537.1,False,64.009,0.4353,False,defense_signaling,67.716,0.4834,False,defense_signaling,68.023,0.4893,False,defense_signaling,XP_015615537.1 FHA domain-containing protein PS1 [Oryza sativa Japonica Group],3.707,4.014
XP_015617351.1,False,94.473,1.2594,False,NBS_LRR,97.966,1.6356,False,NBS_LRR,98.457,1.7782,False,NBS_LRR,XP_015617351.1 disease resistance protein Pik-2-like [Oryza sativa Japonica Group],3.493,3.984
XP_015617310.1,False,94.478,1.2605,False,NBS_LRR,97.987,1.6393,False,NBS_LRR,98.452,1.7772,False,NBS_LRR,XP_015617310.1 disease resistance protein Pik-2-like [Oryza sativa Japonica Group],3.509,3.974
XP_015636167.1,False,61.497,0.3827,False,defense_signaling,63.218,0.4235,False,defense_signaling,65.447,0.4532,False,defense_signaling,XP_015636167.1 protein SMAX1-LIKE 4 [Oryza sativa Japonica Group],1.721,3.95
XP_015639567.1,False,95.339,1.1154,False,antimicrobial,99.479,1.267,True,antimicrobial,99.279,1.2544,True,antimicrobial,XP_015639567.1 serine/threonine-protein kinase TOR [Oryza sativa Japonica Group],4.14,3.94
XP_025879498.1,False,79.023,0.6609,False,NBS_LRR,82.454,0.7215,False,NBS_LRR,82.961,0.7337,False,NBS_LRR,"XP_025879498.1 pentatricopeptide repeat-containing protein At5g15280, mitochondrial isoform X3 [Oryza sativa Japonica Group]",3.431,3.938
XP_015642898.1,False,72.371,0.5511,False,defense_signaling,76.047,0.6,False,defense_signaling,76.308,0.6045,False,defense_signaling,XP_015642898.1 actin cytoskeleton-regulatory complex protein pan1 [Oryza sativa Japonica Group],3.676,3.937
XP_015643574.1,False,83.349,0.7036,False,defense_signaling,90.142,0.8139,False,defense_signaling,87.206,0.7638,False,defense_signaling,XP_015643574.1 uncharacterized protein LOC4340922 [Oryza sativa Japonica Group],6.793,3.857
XP_015643576.1,False,83.349,0.7036,False,defense_signaling,90.142,0.8139,False,defense_signaling,87.206,0.7638,False,defense_signaling,XP_015643576.1 uncharacterized protein LOC4340922 [Oryza sativa Japonica Group],6.793,3.857
XP_015643575.1,False,83.349,0.7036,False,defense_signaling,90.142,0.8139,False,defense_signaling,87.206,0.7638,False,defense_signaling,XP_015643575.1 uncharacterized protein LOC4340922 [Oryza sativa Japonica Group],6.793,3.857
XP_015626960.1,False,92.15,1.0966,False,antimicrobial,96.733,1.2517,False,antimicrobial,95.995,1.2459,False,antimicrobial,XP_015626960.1 RRP12-like protein [Oryza sativa Japonica Group],4.583,3.845
XP_015636305.1,False,49.383,0.1833,False,cell_death_HR,51.671,0.2224,False,cell_death_HR,53.217,0.2543,False,cell_death_HR,XP_015636305.1 importin beta-like SAD2 isoform X2 [Oryza sativa Japonica Group],2.288,3.834
XP_015614071.1,False,90.527,0.8211,False,defense_signaling,93.938,0.8843,False,defense_signaling,94.346,0.8936,False,defense_signaling,XP_015614071.1 uncharacterized protein LOC4349490 [Oryza sativa Japonica Group],3.411,3.819
XP_015646417.1,False,95.814,0.9275,False,defense_signaling,99.176,1.0594,True,defense_signaling,99.584,1.0929,True,defense_signaling,XP_015646417.1 SNF2 domain-containing protein CLASSY 1 [Oryza sativa Japonica Group],3.362,3.77
XP_015614492.1,False,93.832,1.1943,False,NBS_LRR,97.191,1.5339,False,NBS_LRR,97.6,1.5821,False,NBS_LRR,XP_015614492.1 disease resistance protein RGA5-like [Oryza sativa Japonica Group],3.359,3.768
XP_015633554.1,False,70.187,0.4776,False,NBS_LRR,73.679,0.532,False,NBS_LRR,73.947,0.5393,False,NBS_LRR,"XP_015633554.1 CRM-domain containing factor CFM2, chloroplastic isoform X1 [Oryza sativa Japonica Group]",3.492,3.76
XP_015643266.1,False,94.665,0.9003,False,defense_signaling,99.025,1.0484,True,defense_signaling,98.417,1.012,False,defense_signaling,XP_015643266.1 transcription initiation factor TFIID subunit 1 isoform X3 [Oryza sativa Japonica Group],4.36,3.752
XP_015647571.1,False,94.384,1.0458,False,antimicrobial,97.212,1.0541,False,antimicrobial,98.114,1.0365,False,antimicrobial,XP_015647571.1 elongator complex protein 1 [Oryza sativa Japonica Group],2.828,3.73
XP_015636722.1,False,91.73,0.8864,False,RLK_defense,96.749,1.2879,False,antimicrobial,95.443,1.2214,False,antimicrobial,XP_015636722.1 ABC transporter C family member 14 isoform X2 [Oryza sativa Japonica Group],5.019,3.713
XP_015625512.1,False,93.515,0.8759,False,defense_signaling,95.927,0.9316,False,defense_signaling,97.219,0.9666,False,defense_signaling,XP_015625512.1 uncharacterized protein LOC4331238 [Oryza sativa Japonica Group],2.412,3.704
XP_015643264.1,False,94.665,0.9003,False,defense_signaling,98.997,1.047,False,defense_signaling,98.352,1.0095,False,defense_signaling,XP_015643264.1 transcription initiation factor TFIID subunit 1 isoform X1 [Oryza sativa Japonica Group],4.332,3.687
XP_025877497.1,False,94.729,1.2959,False,NBS_LRR,97.879,1.6193,False,NBS_LRR,98.412,1.7539,False,NBS_LRR,XP_025877497.1 uncharacterized protein LOC112937010 [Oryza sativa Japonica Group],3.15,3.683
XP_015632643.1,False,62.903,0.4198,False,defense_signaling,65.095,0.4471,False,defense_signaling,66.572,0.4702,False,defense_signaling,XP_015632643.1 uncharacterized protein LOC4332766 isoform X1 [Oryza sativa Japonica Group],2.192,3.669
XP_015637441.1,False,85.12,0.7296,False,defense_signaling,91.488,0.8374,False,defense_signaling,88.789,0.7906,False,defense_signaling,XP_015637441.1 protein timeless homolog [Oryza sativa Japonica Group],6.368,3.669
XP_015617180.1,False,76.599,0.6094,False,defense_signaling,85.6,0.7364,False,defense_signaling,80.265,0.6604,False,defense_signaling,XP_015617180.1 RNA polymerase II C-terminal domain phosphatase-like 3 [Oryza sativa Japonica Group],9.001,3.666
XP_015643265.1,False,94.713,0.9011,False,defense_signaling,99.004,1.0477,True,defense_signaling,98.352,1.0095,False,defense_signaling,XP_015643265.1 transcription initiation factor TFIID subunit 1 isoform X2 [Oryza sativa Japonica Group],4.291,3.639
XP_015613351.1,False,92.972,1.1322,False,cell_death_HR,97.886,1.3878,False,cell_death_HR,96.597,1.299,False,cell_death_HR,XP_015613351.1 protein OPAQUE1 [Oryza sativa Japonica Group],4.914,3.625
XP_015651487.1,False,87.345,0.771,False,RLK_defense,89.099,0.7956,False,defense_signaling,90.969,0.8273,False,defense_signaling,XP_015651487.1 protein GAMETE EXPRESSED 2 [Oryza sativa Japonica Group],1.754,3.624
XP_015626421.1,False,89.585,1.022,False,cell_death_HR,92.674,1.1236,False,cell_death_HR,93.205,1.1426,False,cell_death_HR,XP_015626421.1 regulator of nonsense transcripts UPF2 [Oryza sativa Japonica Group],3.089,3.62
XP_015617462.1,False,87.805,0.7732,False,defense_signaling,90.431,0.8624,False,NBS_LRR,91.401,0.9009,False,NBS_LRR,XP_015617462.1 protein DWARF 53 [Oryza sativa Japonica Group],2.626,3.596
XP_025882044.1,False,90.459,1.0467,False,antimicrobial,93.379,1.1396,False,antimicrobial,93.988,1.1619,False,antimicrobial,XP_025882044.1 ABC transporter B family member 11 isoform X2 [Oryza sativa Japonica Group],2.92,3.529
XP_015630342.1,False,70.941,0.5292,False,defense_signaling,74.29,0.5772,False,defense_signaling,74.457,0.5798,False,defense_signaling,XP_015630342.1 uncharacterized protein LOC4333928 [Oryza sativa Japonica Group],3.349,3.516
XP_015640039.1,False,93.109,1.1292,False,antimicrobial,95.666,1.2331,False,antimicrobial,96.601,1.2761,False,antimicrobial,XP_015640039.1 ABC transporter D family member 1 [Oryza sativa Japonica Group],2.557,3.492
XP_015646397.1,False,94.505,1.2635,False,NBS_LRR,96.94,1.5039,False,NBS_LRR,97.973,1.6347,False,NBS_LRR,XP_015646397.1 putative disease resistance RPP13-like protein 1 [Oryza sativa Japonica Group],2.435,3.468
XP_015636159.1,False,59.961,0.379,False,defense_signaling,63.057,0.3918,False,defense_signaling,63.414,0.4026,False,defense_signaling,XP_015636159.1 uncharacterized protein LOC4337365 isoform X1 [Oryza sativa Japonica Group],3.096,3.453
XP_015636160.1,False,59.961,0.379,False,defense_signaling,63.057,0.3918,False,defense_signaling,63.414,0.4026,False,defense_signaling,XP_015636160.1 uncharacterized protein LOC4337365 isoform X1 [Oryza sativa Japonica Group],3.096,3.453
XP_015638707.1,False,96.224,1.258,False,antimicrobial,99.558,1.6137,True,cell_death_HR,99.674,1.6439,True,cell_death_HR,XP_015638707.1 transcription elongation factor SPT6-like [Oryza sativa Japonica Group],3.334,3.45
XP_015624409.1,False,83.124,0.7009,False,defense_signaling,83.965,0.8497,False,antimicrobial,86.572,0.9344,False,antimicrobial,XP_015624409.1 uncharacterized protein LOC107279988 [Oryza sativa Japonica Group],0.841,3.448
XP_015611811.1,False,95.03,1.2042,False,antimicrobial,98.52,1.4439,False,cell_death_HR,98.471,1.4333,False,cell_death_HR,XP_015611811.1 DNA mismatch repair protein MSH6 [Oryza sativa Japonica Group],3.49,3.441
XP_015623163.1,False,91.45,1.0752,False,antimicrobial,98.02,0.998,False,defense_signaling,94.889,1.0659,False,antimicrobial,XP_015623163.1 DNA polymerase epsilon catalytic subunit A [Oryza sativa Japonica Group],6.57,3.439
XP_025879600.1,False,91.457,1.0654,False,antimicrobial,93.759,1.153,False,antimicrobial,94.884,1.1975,False,antimicrobial,XP_025879600.1 phospholipid-transporting ATPase 1 isoform X1 [Oryza sativa Japonica Group],2.302,3.427
XP_015649958.1,False,11.199,-0.8946,False,defense_signaling,13.954,-0.7171,False,defense_signaling,14.621,-0.6792,False,defense_signaling,XP_015649958.1 uncharacterized protein LOC4345630 [Oryza sativa Japonica Group],2.755,3.422
XP_015638148.1,False,90.482,1.0495,False,cell_death_HR,92.754,1.1266,False,cell_death_HR,93.82,1.156,False,antimicrobial,XP_015638148.1 ABC transporter B family member 4 [Oryza sativa Japonica Group],2.272,3.338
XP_015617464.1,False,78.206,0.6311,False,defense_signaling,80.066,0.6567,False,defense_signaling,81.531,0.6776,False,defense_signaling,XP_015617464.1 uncharacterized protein LOC4349840 [Oryza sativa Japonica Group],1.86,3.325
XP_015623186.1,False,92.662,1.1138,False,antimicrobial,94.76,1.1954,False,antimicrobial,95.927,1.2428,False,antimicrobial,"XP_015623186.1 LOW QUALITY PROTEIN: isoleucine--tRNA ligase, cytoplasmic-like [Oryza sativa Japonica Group]",2.098,3.265
XP_015636531.1,False,89.578,1.0258,False,antimicrobial,93.381,1.1397,False,antimicrobial,92.808,1.1199,False,antimicrobial,XP_015636531.1 ABC transporter B family member 19 [Oryza sativa Japonica Group],3.803,3.23
XP_015646387.1,False,94.505,1.2635,False,NBS_LRR,96.77,1.4806,False,NBS_LRR,97.693,1.5934,False,NBS_LRR,XP_015646387.1 putative disease resistance RPP13-like protein 1 [Oryza sativa Japonica Group],2.265,3.188
XP_015620371.1,False,86.769,0.7572,False,defense_signaling,89.254,0.8555,False,NBS_LRR,89.94,0.8914,False,NBS_LRR,XP_015620371.1 protein DWARF 53-LIKE [Oryza sativa Japonica Group],2.485,3.171
XP_015620379.1,False,89.912,0.8105,False,defense_signaling,92.442,0.8542,False,defense_signaling,93.076,0.8667,False,defense_signaling,XP_015620379.1 cellulose synthase-like protein D4 [Oryza sativa Japonica Group],2.53,3.164
XP_025879499.1,False,79.298,0.6666,False,NBS_LRR,82.177,0.714,False,NBS_LRR,82.462,0.7229,False,NBS_LRR,"XP_025879499.1 pentatricopeptide repeat-containing protein At5g15280, mitochondrial isoform X4 [Oryza sativa Japonica Group]",2.879,3.164
XP_015639806.1,False,33.153,-0.0675,False,defense_signaling,35.112,-0.0264,False,defense_signaling,36.301,-0.0021,False,defense_signaling,XP_015639806.1 calmodulin binding protein PICBP [Oryza sativa Japonica Group],1.959,3.148
XP_015649242.1,False,96.322,0.9986,False,antimicrobial,99.154,1.4524,True,antimicrobial,99.452,1.4903,True,antimicrobial,"XP_015649242.1 glutamate synthase 1 [NADH], chloroplastic isoform X1 [Oryza sativa Japonica Group]",2.832,3.13
XP_015611603.1,False,70.692,0.5253,False,defense_signaling,72.599,0.5525,False,defense_signaling,73.816,0.5715,False,defense_signaling,XP_015611603.1 polyadenylation and cleavage factor homolog 4 [Oryza sativa Japonica Group],1.907,3.124
XP_025876272.1,False,62.534,0.4134,False,defense_signaling,67.54,0.4813,False,defense_signaling,65.654,0.4422,False,defense_signaling,XP_025876272.1 CST complex subunit CTC1 [Oryza sativa Japonica Group],5.006,3.12
XP_025880804.1,False,91.54,0.8397,False,defense_signaling,97.719,0.9861,False,defense_signaling,94.645,1.1317,False,cell_death_HR,XP_025880804.1 uncharacterized protein LOC4327520 [Oryza sativa Japonica Group],6.179,3.105
XP_015635684.1,False,90.68,1.0557,False,cell_death_HR,93.191,1.1417,False,cell_death_HR,93.74,1.1526,False,antimicrobial,XP_015635684.1 ABC transporter B family member 9 isoform X1 [Oryza sativa Japonica Group],2.511,3.06
XP_015621615.1,False,93.398,1.1388,False,antimicrobial,95.568,1.2291,False,antimicrobial,96.458,1.2674,False,antimicrobial,XP_015621615.1 callose synthase 7 [Oryza sativa Japonica Group],2.17,3.06
XP_015627168.1,False,87.325,0.9626,False,cell_death_HR,90.224,1.0403,False,cell_death_HR,90.368,1.0443,False,cell_death_HR,XP_015627168.1 uncharacterized protein LOC4329352 isoform X2 [Oryza sativa Japonica Group],2.899,3.043
XP_015611120.1,False,94.889,1.313,False,NBS_LRR,97.233,1.5392,False,NBS_LRR,97.931,1.627,False,NBS_LRR,XP_015611120.1 disease resistance protein RGA2 isoform X1 [Oryza sativa Japonica Group],2.344,3.042
XP_015615702.2,False,59.392,0.3711,False,defense_signaling,61.069,0.3929,False,defense_signaling,62.4,0.4119,False,defense_signaling,XP_015615702.2 uncharacterized protein LOC4350713 isoform X1 [Oryza sativa Japonica Group],1.677,3.008
XP_015625016.1,False,88.975,1.0133,False,antimicrobial,92.115,1.0975,False,antimicrobial,91.979,1.0951,False,antimicrobial,XP_015625016.1 putative multidrug resistance protein [Oryza sativa Japonica Group],3.14,3.004
XP_025882080.1,False,45.54,0.1725,False,defense_signaling,51.046,0.2554,False,defense_signaling,48.531,0.2168,False,defense_signaling,XP_025882080.1 uncharacterized protein LOC9268159 isoform X5 [Oryza sativa Japonica Group],5.506,2.991
XP_015640804.1,False,82.584,0.744,False,NBS_LRR,85.287,0.7919,False,NBS_LRR,85.533,0.7982,False,NBS_LRR,XP_015640804.1 uncharacterized protein LOC4337909 isoform X1 [Oryza sativa Japonica Group],2.703,2.949
XP_015623777.1,False,91.359,1.0728,False,antimicrobial,94.403,1.1791,False,antimicrobial,94.288,1.1733,False,antimicrobial,XP_015623777.1 ABC transporter B family member 2 [Oryza sativa Japonica Group],3.044,2.929
XP_015649181.1,False,94.022,1.1637,False,antimicrobial,96.028,1.251,False,antimicrobial,96.937,1.2899,False,antimicrobial,XP_015649181.1 ABC transporter D family member 1 [Oryza sativa Japonica Group],2.006,2.915
XP_025881579.1,False,90.292,1.0431,False,antimicrobial,93.327,1.1368,False,antimicrobial,93.2,1.1328,False,antimicrobial,XP_025881579.1 ABC transporter B family member 11 isoform X1 [Oryza sativa Japonica Group],3.035,2.908
XP_015631609.1,False,96.763,0.9524,False,defense_signaling,99.615,1.1009,True,defense_signaling,99.652,1.1001,True,defense_signaling,XP_015631609.1 uncharacterized protein LOC4331602 [Oryza sativa Japonica Group],2.852,2.889
XP_025880126.1,False,34.866,-0.034,False,defense_signaling,37.329,0.0186,False,defense_signaling,37.733,0.0275,False,defense_signaling,XP_025880126.1 uncharacterized protein LOC112938316 isoform X1 [Oryza sativa Japonica Group],2.463,2.867
XP_015643842.1,False,93.08,1.1287,False,antimicrobial,95.096,1.2074,False,antimicrobial,95.934,1.2431,False,antimicrobial,"XP_015643842.1 isoleucine--tRNA ligase, cytoplasmic [Oryza sativa Japonica Group]",2.016,2.854
XP_015620954.1,False,69.832,0.5137,False,defense_signaling,70.952,0.4795,False,NBS_LRR,72.686,0.5153,False,NBS_LRR,XP_015620954.1 uncharacterized protein LOC4325176 [Oryza sativa Japonica Group],1.12,2.854
XP_015635467.2,False,75.098,0.5892,False,defense_signaling,77.684,0.621,False,defense_signaling,77.935,0.626,False,defense_signaling,XP_015635467.2 LOW QUALITY PROTEIN: uncharacterized protein LOC4335189 [Oryza sativa Japonica Group],2.586,2.837
XP_025877338.1,False,95.116,1.3393,False,NBS_LRR,97.161,1.5296,False,NBS_LRR,97.931,1.627,False,NBS_LRR,XP_025877338.1 disease resistance protein RGA2 isoform X3 [Oryza sativa Japonica Group],2.045,2.815
XP_025877342.1,False,95.116,1.3393,False,NBS_LRR,97.161,1.5296,False,NBS_LRR,97.931,1.627,False,NBS_LRR,XP_025877342.1 disease resistance protein RGA2 isoform X3 [Oryza sativa Japonica Group],2.045,2.815
XP_015636304.1,False,48.066,0.159,False,cell_death_HR,49.701,0.1869,False,cell_death_HR,50.88,0.2077,False,cell_death_HR,XP_015636304.1 importin beta-like SAD2 isoform X1 [Oryza sativa Japonica Group],1.635,2.814
XP_015626111.1,False,92.148,1.0965,False,antimicrobial,93.907,1.1604,False,antimicrobial,94.955,1.1999,False,antimicrobial,XP_015626111.1 protease Do-like 7 isoform X2 [Oryza sativa Japonica Group],1.759,2.807
XP_015620952.1,False,91.213,0.9571,False,NBS_LRR,93.163,1.1242,False,NBS_LRR,93.919,1.1868,False,NBS_LRR,XP_015620952.1 BTB/POZ domain-containing protein FBL11 isoform X3 [Oryza sativa Japonica Group],1.95,2.706
XP_025876031.1,False,90.238,1.0418,False,antimicrobial,92.019,1.0944,False,antimicrobial,92.941,1.1243,False,antimicrobial,XP_025876031.1 ABC transporter B family member 4 isoform X3 [Oryza sativa Japonica Group],1.781,2.703
XP_025877420.1,False,93.503,1.1622,False,NBS_LRR,94.969,1.3059,False,NBS_LRR,96.203,1.4172,False,NBS_LRR,XP_025877420.1 disease resistance protein RGA5-like isoform X5 [Oryza sativa Japonica Group],1.466,2.7
XP_015625723.1,False,94.776,0.9028,False,defense_signaling,97.4,0.9742,False,defense_signaling,97.445,0.9748,False,defense_signaling,XP_015625723.1 protein furry [Oryza sativa Japonica Group],2.624,2.669
XP_015620951.1,False,91.213,0.9571,False,NBS_LRR,93.729,1.1217,False,NBS_LRR,93.877,1.1822,False,NBS_LRR,XP_015620951.1 BTB/POZ domain-containing protein FBL11 isoform X2 [Oryza sativa Japonica Group],2.516,2.664
XP_025876552.1,False,20.749,-0.4151,False,defense_signaling,23.038,-0.3369,False,defense_signaling,23.383,-0.3243,False,defense_signaling,XP_025876552.1 uncharacterized protein LOC4348293 isoform X1 [Oryza sativa Japonica Group],2.289,2.634
XP_025876551.1,False,20.749,-0.4151,False,defense_signaling,23.038,-0.3369,False,defense_signaling,23.383,-0.3243,False,defense_signaling,XP_025876551.1 uncharacterized protein LOC4348293 isoform X1 [Oryza sativa Japonica Group],2.289,2.634
XP_025882297.1,False,87.002,0.8585,False,NBS_LRR,89.332,0.9223,False,NBS_LRR,89.635,0.9323,False,NBS_LRR,XP_025882297.1 uncharacterized protein LOC107281158 [Oryza sativa Japonica Group],2.33,2.633
XP_015614539.1,False,90.116,0.8723,False,antimicrobial,93.698,0.8797,False,defense_signaling,92.726,0.863,False,antimicrobial,XP_015614539.1 tetratricopeptide repeat protein SKI3 [Oryza sativa Japonica Group],3.582,2.61
XP_015649924.1,False,88.876,0.7926,False,defense_signaling,90.715,0.8242,False,defense_signaling,91.455,0.8369,False,defense_signaling,XP_015649924.1 probable protein NAP1 [Oryza sativa Japonica Group],1.839,2.579
XP_015615505.1,False,91.096,0.8687,False,RLK_defense,92.385,0.9045,False,RLK_defense,93.663,0.9512,False,RLK_defense,XP_015615505.1 leucine-rich repeat receptor-like serine/threonine-protein kinase BAM1 [Oryza sativa Japonica Group],1.289,2.567
XP_015631227.1,False,69.461,0.5097,False,defense_signaling,72.068,0.5452,False,defense_signaling,72.022,0.5459,False,defense_signaling,XP_015631227.1 uncharacterized protein LOC4333696 isoform X2 [Oryza sativa Japonica Group],2.607,2.561
XP_015631605.1,False,79.403,0.6695,False,NBS_LRR,81.884,0.7074,False,NBS_LRR,81.961,0.7093,False,NBS_LRR,XP_015631605.1 protein FAR1-RELATED SEQUENCE 5 isoform X1 [Oryza sativa Japonica Group],2.481,2.558
XP_025877426.1,False,59.699,0.3756,False,defense_signaling,61.116,0.3935,False,defense_signaling,62.252,0.409,False,defense_signaling,XP_025877426.1 uncharacterized protein LOC4350713 isoform X2 [Oryza sativa Japonica Group],1.417,2.553
XP_015626772.1,False,89.961,0.9626,False,NBS_LRR,91.725,1.0378,False,NBS_LRR,92.467,1.0754,False,NBS_LRR,"XP_015626772.1 PH, RCC1 and FYVE domains-containing protein 1 [Oryza sativa Japonica Group]",1.764,2.506
XP_015650824.1,False,70.025,0.5625,False,cell_death_HR,72.472,0.5715,False,cell_death_HR,72.521,0.5701,False,cell_death_HR,"XP_015650824.1 ribonuclease E/G-like protein, chloroplastic isoform X2 [Oryza sativa Japonica Group]",2.447,2.496
XP_015614484.1,False,20.749,-0.4151,False,defense_signaling,22.91,-0.3405,False,defense_signaling,23.213,-0.3295,False,defense_signaling,XP_015614484.1 uncharacterized protein LOC4348293 isoform X2 [Oryza sativa Japonica Group],2.161,2.464
XP_015612496.1,False,65.326,0.4518,False,defense_signaling,66.767,0.4721,False,defense_signaling,67.789,0.4856,False,defense_signaling,XP_015612496.1 ubiquitin carboxyl-terminal hydrolase 2 [Oryza sativa Japonica Group],1.441,2.463
XP_025877427.1,False,59.22,0.3688,False,defense_signaling,60.482,0.3863,False,defense_signaling,61.677,0.4015,False,defense_signaling,XP_025877427.1 uncharacterized protein LOC4350713 isoform X3 [Oryza sativa Japonica Group],1.262,2.457
XP_015624473.1,False,80.921,0.6706,False,defense_signaling,82.617,0.6995,False,NBS_LRR,83.366,0.702,False,defense_signaling,XP_015624473.1 uncharacterized protein LOC107277741 isoform X1 [Oryza sativa Japonica Group],1.696,2.445
XP_015640094.1,False,96.299,1.2628,False,antimicrobial,98.301,1.3758,False,antimicrobial,98.728,1.4084,False,antimicrobial,"XP_015640094.1 probable phosphoribosylformylglycinamidine synthase, chloroplastic/mitochondrial [Oryza sativa Japonica Group]",2.002,2.429
XP_015640096.1,False,96.299,1.2628,False,antimicrobial,98.301,1.3758,False,antimicrobial,98.728,1.4084,False,antimicrobial,"XP_015640096.1 probable phosphoribosylformylglycinamidine synthase, chloroplastic/mitochondrial [Oryza sativa Japonica Group]",2.002,2.429
XP_015640095.1,False,96.299,1.2628,False,antimicrobial,98.301,1.3758,False,antimicrobial,98.728,1.4084,False,antimicrobial,"XP_015640095.1 probable phosphoribosylformylglycinamidine synthase, chloroplastic/mitochondrial [Oryza sativa Japonica Group]",2.002,2.429
XP_025881423.1,False,96.299,1.2628,False,antimicrobial,98.301,1.3758,False,antimicrobial,98.728,1.4084,False,antimicrobial,"XP_025881423.1 probable phosphoribosylformylglycinamidine synthase, chloroplastic/mitochondrial [Oryza sativa Japonica Group]",2.002,2.429
XP_015625813.1,False,62.671,0.4154,False,defense_signaling,64.225,0.4369,False,defense_signaling,65.087,0.4479,False,defense_signaling,XP_015625813.1 golgin subfamily A member 4 [Oryza sativa Japonica Group],1.554,2.416
XP_025883091.1,False,32.598,-0.0784,False,defense_signaling,36.878,0.0109,False,defense_signaling,35.006,-0.029,False,defense_signaling,XP_025883091.1 uncharacterized protein LOC4326602 isoform X1 [Oryza sativa Japonica Group],4.28,2.408
XP_015617200.1,False,96.952,0.9585,False,defense_signaling,99.143,1.0563,True,defense_signaling,99.352,1.07,True,defense_signaling,XP_015617200.1 uncharacterized protein LOC4351066 isoform X2 [Oryza sativa Japonica Group],2.191,2.4
XP_015630506.1,False,96.885,0.9563,False,defense_signaling,99.948,1.1791,True,defense_signaling,99.284,1.2264,True,antimicrobial,XP_015630506.1 protein SPIRRIG [Oryza sativa Japonica Group],3.063,2.399
XP_025877037.1,False,94.978,0.9068,False,defense_signaling,96.545,0.9466,False,defense_signaling,97.369,0.9724,False,defense_signaling,XP_025877037.1 uncharacterized protein LOC4350799 isoform X1 [Oryza sativa Japonica Group],1.567,2.391
XP_015638336.1,False,87.631,0.9689,False,cell_death_HR,88.228,0.9323,False,antimicrobial,90.02,0.9616,False,cell_death_HR,XP_015638336.1 DNA-directed RNA polymerase II subunit 1 [Oryza sativa Japonica Group],0.597,2.389
XP_015621830.1,False,39.793,-0.0367,False,defense_signaling,42.511,-0.005,False,NBS_LRR,42.18,-0.0104,False,NBS_LRR,XP_015621830.1 protein STICHEL-like 3 isoform X1 [Oryza sativa Japonica Group],2.718,2.387
XP_015627825.1,False,28.397,-0.1785,False,defense_signaling,30.854,-0.1169,False,defense_signaling,30.781,-0.118,False,defense_signaling,XP_015627825.1 uncharacterized protein LOC4332589 [Oryza sativa Japonica Group],2.457,2.384
XP_025883092.1,False,32.598,-0.0784,False,defense_signaling,36.874,0.0109,False,defense_signaling,34.978,-0.0298,False,defense_signaling,XP_025883092.1 uncharacterized protein LOC4326602 isoform X2 [Oryza sativa Japonica Group],4.276,2.38
XP_015621831.1,False,40.113,-0.0501,False,defense_signaling,42.405,-0.0062,False,NBS_LRR,42.49,-0.0058,False,NBS_LRR,XP_015621831.1 protein STICHEL-like 4 isoform X2 [Oryza sativa Japonica Group],2.292,2.377
XP_025879490.1,False,81.405,0.714,False,NBS_LRR,84.282,0.7667,False,NBS_LRR,83.76,0.7532,False,NBS_LRR,"XP_025879490.1 pentatricopeptide repeat-containing protein At5g15280, mitochondrial isoform X1 [Oryza sativa Japonica Group]",2.877,2.355
XP_015631570.1,False,81.405,0.714,False,NBS_LRR,84.282,0.7667,False,NBS_LRR,83.76,0.7532,False,NBS_LRR,"XP_015631570.1 pentatricopeptide repeat-containing protein At5g15280, mitochondrial isoform X1 [Oryza sativa Japonica Group]",2.877,2.355
XP_025879491.1,False,81.405,0.714,False,NBS_LRR,84.282,0.7667,False,NBS_LRR,83.76,0.7532,False,NBS_LRR,"XP_025879491.1 pentatricopeptide repeat-containing protein At5g15280, mitochondrial isoform X1 [Oryza sativa Japonica Group]",2.877,2.355
XP_025879492.1,False,81.405,0.714,False,NBS_LRR,84.282,0.7667,False,NBS_LRR,83.76,0.7532,False,NBS_LRR,"XP_025879492.1 pentatricopeptide repeat-containing protein At5g15280, mitochondrial isoform X1 [Oryza sativa Japonica Group]",2.877,2.355
XP_025879489.1,False,81.405,0.714,False,NBS_LRR,84.282,0.7667,False,NBS_LRR,83.76,0.7532,False,NBS_LRR,"XP_025879489.1 pentatricopeptide repeat-containing protein At5g15280, mitochondrial isoform X1 [Oryza sativa Japonica Group]",2.877,2.355
XP_025879495.1,False,81.405,0.714,False,NBS_LRR,84.282,0.7667,False,NBS_LRR,83.76,0.7532,False,NBS_LRR,"XP_025879495.1 pentatricopeptide repeat-containing protein At5g15280, mitochondrial isoform X1 [Oryza sativa Japonica Group]",2.877,2.355
XP_015631571.1,False,81.405,0.714,False,NBS_LRR,84.282,0.7667,False,NBS_LRR,83.76,0.7532,False,NBS_LRR,"XP_015631571.1 pentatricopeptide repeat-containing protein At5g15280, mitochondrial isoform X1 [Oryza sativa Japonica Group]",2.877,2.355
XP_015631575.1,False,81.405,0.714,False,NBS_LRR,84.282,0.7667,False,NBS_LRR,83.76,0.7532,False,NBS_LRR,"XP_015631575.1 pentatricopeptide repeat-containing protein At5g15280, mitochondrial isoform X1 [Oryza sativa Japonica Group]",2.877,2.355
XP_015631576.1,False,81.405,0.714,False,NBS_LRR,84.282,0.7667,False,NBS_LRR,83.76,0.7532,False,NBS_LRR,"XP_015631576.1 pentatricopeptide repeat-containing protein At5g15280, mitochondrial isoform X1 [Oryza sativa Japonica Group]",2.877,2.355
XP_015631577.1,False,81.405,0.714,False,NBS_LRR,84.282,0.7667,False,NBS_LRR,83.76,0.7532,False,NBS_LRR,"XP_015631577.1 pentatricopeptide repeat-containing protein At5g15280, mitochondrial isoform X1 [Oryza sativa Japonica Group]",2.877,2.355
XP_015631578.1,False,81.405,0.714,False,NBS_LRR,84.282,0.7667,False,NBS_LRR,83.76,0.7532,False,NBS_LRR,"XP_015631578.1 pentatricopeptide repeat-containing protein At5g15280, mitochondrial isoform X1 [Oryza sativa Japonica Group]",2.877,2.355
XP_025879496.1,False,81.405,0.714,False,NBS_LRR,84.282,0.7667,False,NBS_LRR,83.76,0.7532,False,NBS_LRR,"XP_025879496.1 pentatricopeptide repeat-containing protein At5g15280, mitochondrial isoform X1 [Oryza sativa Japonica Group]",2.877,2.355
XP_025879494.1,False,81.405,0.714,False,NBS_LRR,84.282,0.7667,False,NBS_LRR,83.76,0.7532,False,NBS_LRR,"XP_025879494.1 pentatricopeptide repeat-containing protein At5g15280, mitochondrial isoform X1 [Oryza sativa Japonica Group]",2.877,2.355
XP_025877226.1,False,96.952,0.9585,False,defense_signaling,99.105,1.0544,True,defense_signaling,99.302,1.0652,True,defense_signaling,XP_025877226.1 uncharacterized protein LOC4351066 isoform X1 [Oryza sativa Japonica Group],2.153,2.35
XP_015617811.1,False,95.028,0.9074,False,defense_signaling,96.543,0.9466,False,defense_signaling,97.351,0.9715,False,defense_signaling,XP_015617811.1 uncharacterized protein LOC4350799 isoform X2 [Oryza sativa Japonica Group],1.515,2.323
XP_015616242.1,False,93.759,0.8801,False,defense_signaling,96.298,1.0341,False,cell_death_HR,96.068,1.2679,False,cell_death_HR,XP_015616242.1 helicase-like transcription factor CHR28 isoform X5 [Oryza sativa Japonica Group],2.539,2.309
XP_025876633.1,False,68.712,0.4996,False,defense_signaling,46.523,0.1662,False,defense_signaling,71.009,0.4934,False,defense_signaling,XP_025876633.1 myosin-11 [Oryza sativa Japonica Group],-22.189,2.297
XP_015622326.1,False,94.91,1.1999,False,antimicrobial,98.614,1.0254,False,defense_signaling,97.198,1.1906,False,antimicrobial,XP_015622326.1 sister chromatid cohesion protein PDS5 homolog A [Oryza sativa Japonica Group],3.704,2.288
XP_015617073.1,False,94.924,1.1816,False,antimicrobial,96.538,1.2768,False,antimicrobial,97.207,1.3342,False,cell_death_HR,XP_015617073.1 proteasome adapter and scaffold protein ECM29 [Oryza sativa Japonica Group],1.614,2.283
XP_015624190.1,False,38.453,0.0408,False,defense_signaling,39.778,0.0651,False,defense_signaling,40.72,0.0839,False,defense_signaling,XP_015624190.1 B3 domain-containing protein Os02g0598200 [Oryza sativa Japonica Group],1.325,2.267
XP_015624189.1,False,38.453,0.0408,False,defense_signaling,39.778,0.0651,False,defense_signaling,40.72,0.0839,False,defense_signaling,XP_015624189.1 B3 domain-containing protein Os02g0598200 [Oryza sativa Japonica Group],1.325,2.267
XP_015640805.1,False,83.268,0.7605,False,NBS_LRR,85.503,0.7974,False,NBS_LRR,85.533,0.7982,False,NBS_LRR,XP_015640805.1 uncharacterized protein LOC4337909 isoform X2 [Oryza sativa Japonica Group],2.235,2.265
XP_015621654.1,False,93.892,1.1483,False,antimicrobial,95.777,1.2382,False,antimicrobial,96.122,1.253,False,antimicrobial,XP_015621654.1 phospholipid-transporting ATPase 1 [Oryza sativa Japonica Group],1.885,2.23
XP_015621172.1,False,97.461,0.9736,False,defense_signaling,99.305,1.0713,True,defense_signaling,99.69,1.1069,True,defense_signaling,XP_015621172.1 probable histone acetyltransferase HAC-like 3 [Oryza sativa Japonica Group],1.844,2.229
XP_015631781.1,False,96.225,0.9385,False,defense_signaling,98.281,1.0072,False,defense_signaling,98.45,1.0132,False,defense_signaling,XP_015631781.1 kinesin-like protein KIN-12C [Oryza sativa Japonica Group],2.056,2.225
XP_015635745.1,False,92.425,1.0912,False,antimicrobial,94.241,1.1718,False,antimicrobial,94.631,1.1887,False,antimicrobial,XP_015635745.1 probable cleavage and polyadenylation specificity factor subunit 1 isoform X4 [Oryza sativa Japonica Group],1.816,2.206
XP_025876928.1,False,63.666,0.4102,False,defense_signaling,63.049,0.4207,False,defense_signaling,65.851,0.4069,False,defense_signaling,XP_025876928.1 uncharacterized protein LOC107279351 isoform X1 [Oryza sativa Japonica Group],-0.617,2.185
XP_015612606.1,False,97.696,1.4417,False,RLK_defense,99.178,1.676,True,RLK_defense,99.873,1.8461,True,RLK_defense,XP_015612606.1 brassinosteroid LRR receptor kinase BRL1 [Oryza sativa Japonica Group],1.482,2.177
XP_025883050.1,False,63.042,0.3905,False,defense_signaling,62.147,0.4053,False,defense_signaling,65.198,0.3962,False,defense_signaling,XP_025883050.1 uncharacterized protein LOC9270814 isoform X1 [Oryza sativa Japonica Group],-0.895,2.156
XP_015612048.1,False,89.992,1.0344,False,cell_death_HR,92.773,1.1272,False,cell_death_HR,92.132,1.0988,False,antimicrobial,XP_015612048.1 ABC transporter B family member 21 [Oryza sativa Japonica Group],2.781,2.14
XP_015612057.1,False,89.992,1.0344,False,cell_death_HR,92.773,1.1272,False,cell_death_HR,92.132,1.0988,False,antimicrobial,XP_015612057.1 ABC transporter B family member 21 [Oryza sativa Japonica Group],2.781,2.14
XP_015612066.1,False,89.992,1.0344,False,cell_death_HR,92.773,1.1272,False,cell_death_HR,92.132,1.0988,False,antimicrobial,XP_015612066.1 ABC transporter B family member 21 [Oryza sativa Japonica Group],2.781,2.14
XP_015616308.1,False,75.927,0.7023,False,cell_death_HR,69.982,0.4874,False,defense_signaling,78.066,0.6943,False,cell_death_HR,XP_015616308.1 myosin-17 isoform X10 [Oryza sativa Japonica Group],-5.945,2.139
XP_015617627.1,False,96.538,1.274,False,antimicrobial,98.332,1.3784,False,antimicrobial,98.675,1.4043,False,antimicrobial,"XP_015617627.1 probable phosphoribosylformylglycinamidine synthase, chloroplastic/mitochondrial [Oryza sativa Japonica Group]",1.794,2.137
XP_015643809.1,False,85.73,0.8225,False,NBS_LRR,87.891,0.8705,False,NBS_LRR,87.858,0.869,False,NBS_LRR,XP_015643809.1 uncharacterized protein LOC4340794 [Oryza sativa Japonica Group],2.161,2.128
XP_025882045.1,False,85.73,0.8225,False,NBS_LRR,87.891,0.8705,False,NBS_LRR,87.858,0.869,False,NBS_LRR,XP_025882045.1 uncharacterized protein LOC4340794 [Oryza sativa Japonica Group],2.161,2.128
XP_015628841.2,False,89.778,1.0287,False,cell_death_HR,91.333,1.0759,False,cell_death_HR,91.901,1.0931,False,cell_death_HR,XP_015628841.2 uncharacterized protein LOC4331658 [Oryza sativa Japonica Group],1.555,2.123
XP_015611831.1,False,95.81,1.2513,False,cell_death_HR,97.304,1.3427,False,cell_death_HR,97.931,1.3889,False,cell_death_HR,"XP_015611831.1 leucine--tRNA ligase, cytoplasmic [Oryza sativa Japonica Group]",1.494,2.121
XP_025879134.1,False,96.775,1.2863,False,antimicrobial,98.269,1.3732,False,antimicrobial,98.895,1.4225,False,antimicrobial,XP_025879134.1 DNA mismatch repair protein MSH7 isoform X2 [Oryza sativa Japonica Group],1.494,2.12
XP_025879500.1,False,80.864,0.7017,False,NBS_LRR,83.009,0.7342,False,NBS_LRR,82.961,0.7337,False,NBS_LRR,"XP_025879500.1 pentatricopeptide repeat-containing protein At5g15280, mitochondrial isoform X5 [Oryza sativa Japonica Group]",2.145,2.097
XP_015650719.1,False,91.139,0.8315,False,defense_signaling,96.804,1.0119,False,antimicrobial,93.216,1.1026,False,antimicrobial,XP_015650719.1 callose synthase 12 [Oryza sativa Japonica Group],5.665,2.077
XP_015650712.1,False,91.139,0.8315,False,defense_signaling,96.804,1.0119,False,antimicrobial,93.216,1.1026,False,antimicrobial,XP_015650712.1 callose synthase 12 [Oryza sativa Japonica Group],5.665,2.077
XP_015622427.1,False,97.776,1.456,False,RLK_defense,99.103,1.6665,True,RLK_defense,99.843,1.8323,True,RLK_defense,XP_015622427.1 leucine-rich repeat receptor protein kinase MSP1 [Oryza sativa Japonica Group],1.327,2.067
XP_015622428.1,False,97.776,1.456,False,RLK_defense,99.103,1.6665,True,RLK_defense,99.843,1.8323,True,RLK_defense,XP_015622428.1 leucine-rich repeat receptor protein kinase MSP1 [Oryza sativa Japonica Group],1.327,2.067
XP_025878220.1,False,97.776,1.456,False,RLK_defense,99.103,1.6665,True,RLK_defense,99.843,1.8323,True,RLK_defense,XP_025878220.1 leucine-rich repeat receptor protein kinase MSP1 [Oryza sativa Japonica Group],1.327,2.067
XP_015620201.1,False,81.415,0.6775,False,defense_signaling,83.47,0.7036,False,defense_signaling,83.463,0.7033,False,defense_signaling,XP_015620201.1 TNF receptor-associated factor homolog 1a [Oryza sativa Japonica Group],2.055,2.048
XP_015620202.1,False,81.415,0.6775,False,defense_signaling,83.47,0.7036,False,defense_signaling,83.463,0.7033,False,defense_signaling,XP_015620202.1 TNF receptor-associated factor homolog 1a [Oryza sativa Japonica Group],2.055,2.048
XP_015643545.1,False,91.042,0.8304,False,defense_signaling,94.304,0.8927,False,defense_signaling,93.07,0.8664,False,defense_signaling,XP_015643545.1 protein transport protein SEC16B homolog isoform X2 [Oryza sativa Japonica Group],3.262,2.028
XP_025877400.1,False,94.772,1.2993,False,NBS_LRR,96.505,1.4561,False,NBS_LRR,96.775,1.4769,False,NBS_LRR,XP_025877400.1 disease resistance protein PIK6-NP-like [Oryza sativa Japonica Group],1.733,2.003
XP_015639287.1,False,95.45,1.2216,False,antimicrobial,96.524,1.2767,False,antimicrobial,97.437,1.3167,False,antimicrobial,XP_015639287.1 DNA damage-binding protein 1 isoform X1 [Oryza sativa Japonica Group],1.074,1.987
XP_015640103.1,False,97.08,0.9624,False,defense_signaling,96.19,1.2759,False,cell_death_HR,99.065,1.5062,True,cell_death_HR,XP_015640103.1 anaphase-promoting complex subunit 1 [Oryza sativa Japonica Group],-0.89,1.985
XP_015639302.1,False,62.444,0.412,False,defense_signaling,60.766,0.3895,False,defense_signaling,64.429,0.4057,False,defense_signaling,XP_015639302.1 uncharacterized protein LOC4339033 isoform X2 [Oryza sativa Japonica Group],-1.678,1.985
XP_015639301.1,False,62.444,0.412,False,defense_signaling,59.22,0.3684,False,defense_signaling,64.429,0.4057,False,defense_signaling,XP_015639301.1 uncharacterized protein LOC4339033 isoform X1 [Oryza sativa Japonica Group],-3.224,1.985
XP_015647996.1,False,90.635,0.8233,False,defense_signaling,93.656,0.8793,False,defense_signaling,92.604,0.8577,False,defense_signaling,XP_015647996.1 protein RST1 [Oryza sativa Japonica Group],3.021,1.969
XP_015633556.1,False,72.864,0.528,False,NBS_LRR,74.945,0.5583,False,NBS_LRR,74.83,0.5573,False,NBS_LRR,"XP_015633556.1 CRM-domain containing factor CFM2, chloroplastic isoform X3 [Oryza sativa Japonica Group]",2.081,1.966
XP_015650120.1,False,88.606,0.9526,False,PR_proteins,89.841,0.9813,False,PR_proteins,90.572,1.0058,False,antimicrobial,XP_015650120.1 DEAD-box ATP-dependent RNA helicase 42 [Oryza sativa Japonica Group],1.235,1.966
XP_015622237.1,False,94.814,1.1947,False,antimicrobial,96.594,1.28,False,antimicrobial,96.775,1.2841,False,antimicrobial,XP_015622237.1 probable RNA-dependent RNA polymerase SHL2 [Oryza sativa Japonica Group],1.78,1.961
XP_015619968.1,False,95.169,1.1775,False,antimicrobial,96.754,1.2882,False,antimicrobial,97.123,1.3304,False,cell_death_HR,XP_015619968.1 proteasome adapter and scaffold protein ECM29 [Oryza sativa Japonica Group],1.585,1.954
XP_015625183.1,False,97.91,1.3884,False,cell_death_HR,99.941,1.8278,True,cell_death_HR,99.861,1.7788,True,cell_death_HR,XP_015625183.1 DExH-box ATP-dependent RNA helicase DExH12 [Oryza sativa Japonica Group],2.031,1.951
XP_015614138.1,False,97.304,1.3674,False,RLK_defense,98.384,1.5702,False,RLK_defense,99.255,1.6833,True,RLK_defense,XP_015614138.1 MDIS1-interacting receptor like kinase 2 [Oryza sativa Japonica Group],1.08,1.951
XP_015633193.1,False,96.324,1.4606,False,NBS_LRR,98.083,1.6684,False,NBS_LRR,98.269,1.7236,False,NBS_LRR,XP_015633193.1 putative disease resistance protein RGA3 [Oryza sativa Japonica Group],1.759,1.945
XP_015638230.1,False,34.793,-0.1259,False,defense_signaling,37.172,-0.1025,False,NBS_LRR,36.738,-0.1109,False,NBS_LRR,XP_015638230.1 protein STICHEL-like 4 [Oryza sativa Japonica Group],2.379,1.945
XP_025880618.1,False,52.211,0.2716,False,defense_signaling,54.715,0.3068,False,defense_signaling,54.119,0.2985,False,defense_signaling,XP_025880618.1 uncharacterized protein LOC4336693 isoform X2 [Oryza sativa Japonica Group],2.504,1.908
XP_015614386.1,False,83.436,0.7508,False,NBS_LRR,62.645,0.4151,False,defense_signaling,85.327,0.7926,False,NBS_LRR,XP_015614386.1 zinc finger CCCH domain-containing protein 19 isoform X1 [Oryza sativa Japonica Group],-20.791,1.891
XP_015644140.1,False,92.339,1.1082,False,cell_death_HR,93.952,1.1723,False,cell_death_HR,94.215,1.1835,False,cell_death_HR,XP_015644140.1 uncharacterized protein LOC9271035 isoform X1 [Oryza sativa Japonica Group],1.613,1.876
XP_015620286.1,False,79.723,0.6535,False,defense_signaling,83.72,0.707,False,defense_signaling,81.594,0.6784,False,defense_signaling,XP_015620286.1 telomerase reverse transcriptase isoform X2 [Oryza sativa Japonica Group],3.997,1.871
XP_015612513.1,False,38.725,0.0445,False,defense_signaling,40.552,0.0811,False,defense_signaling,40.583,0.066,False,defense_signaling,XP_015612513.1 DNA mismatch repair protein MLH3 isoform X2 [Oryza sativa Japonica Group],1.827,1.858
XP_015650823.1,False,71.908,0.5722,False,cell_death_HR,73.844,0.5811,False,cell_death_HR,73.74,0.5701,False,cell_death_HR,"XP_015650823.1 ribonuclease E/G-like protein, chloroplastic isoform X1 [Oryza sativa Japonica Group]",1.936,1.832
XP_025879022.1,False,97.592,0.9789,False,defense_signaling,99.507,1.0886,True,defense_signaling,99.393,1.0772,True,antimicrobial,XP_025879022.1 BEACH domain-containing protein B isoform X5 [Oryza sativa Japonica Group],1.915,1.801
XP_015650116.1,False,19.772,-0.4564,False,defense_signaling,20.82,-0.4127,False,defense_signaling,21.557,-0.388,False,defense_signaling,XP_015650116.1 uncharacterized protein LOC4346091 [Oryza sativa Japonica Group],1.048,1.785
XP_015626984.1,False,91.897,1.0941,False,cell_death_HR,93.696,1.162,False,cell_death_HR,93.675,1.1501,False,antimicrobial,XP_015626984.1 ABC transporter B family member 9 [Oryza sativa Japonica Group],1.799,1.778
XP_015641639.1,False,96.928,1.5283,False,NBS_LRR,98.577,1.8564,False,NBS_LRR,98.694,1.8937,False,NBS_LRR,XP_015641639.1 uncharacterized protein LOC4340753 [Oryza sativa Japonica Group],1.649,1.766
XP_015622786.1,False,92.914,0.8637,False,defense_signaling,95.584,0.9221,False,defense_signaling,94.668,0.9005,False,defense_signaling,XP_015622786.1 CLIP-associated protein isoform X4 [Oryza sativa Japonica Group],2.67,1.754
XP_015619205.1,False,86.311,0.7493,False,defense_signaling,89.019,0.7942,False,defense_signaling,88.042,0.7779,False,defense_signaling,XP_015619205.1 uncharacterized protein LOC4323885 isoform X1 [Oryza sativa Japonica Group],2.708,1.731
XP_025878573.1,False,80.921,0.6706,False,defense_signaling,82.083,0.7113,False,NBS_LRR,82.649,0.7256,False,NBS_LRR,XP_025878573.1 uncharacterized protein LOC107277741 isoform X2 [Oryza sativa Japonica Group],1.162,1.728
XP_015617486.1,False,91.612,1.0604,False,antimicrobial,97.402,1.3179,False,antimicrobial,93.336,1.1371,False,antimicrobial,XP_015617486.1 ABC transporter C family member 3 [Oryza sativa Japonica Group],5.79,1.724
XP_015637135.1,False,93.982,1.1725,False,cell_death_HR,95.014,1.2178,False,cell_death_HR,95.699,1.2468,False,cell_death_HR,"XP_015637135.1 PH, RCC1 and FYVE domains-containing protein 1 [Oryza sativa Japonica Group]",1.032,1.717
XP_015631639.1,False,81.701,0.6813,False,defense_signaling,83.345,0.7018,False,defense_signaling,83.392,0.7168,False,antimicrobial,XP_015631639.1 uncharacterized protein LOC4332351 [Oryza sativa Japonica Group],1.644,1.691
XP_015643649.1,False,95.88,1.2399,False,antimicrobial,98.948,1.0441,False,defense_signaling,97.571,1.2306,False,antimicrobial,XP_015643649.1 sister chromatid cohesion protein PDS5 homolog A isoform X2 [Oryza sativa Japonica Group],3.068,1.691
XP_015636153.1,False,82.107,0.6743,False,RLK_defense,85.933,0.7427,False,defense_signaling,83.793,0.7079,False,defense_signaling,XP_015636153.1 uncharacterized protein LOC4335101 [Oryza sativa Japonica Group],3.826,1.686
XP_015631739.1,False,96.482,1.2195,False,antimicrobial,97.816,1.1666,False,antimicrobial,98.159,1.2102,False,antimicrobial,XP_015631739.1 paladin [Oryza sativa Japonica Group],1.334,1.677
XP_015619206.1,False,86.262,0.7483,False,defense_signaling,88.918,0.792,False,defense_signaling,87.932,0.7756,False,defense_signaling,XP_015619206.1 uncharacterized protein LOC4323885 isoform X2 [Oryza sativa Japonica Group],2.656,1.67
XP_015633861.1,False,97.985,0.9932,False,defense_signaling,99.314,1.0726,True,defense_signaling,99.655,1.1002,True,defense_signaling,XP_015633861.1 ATP-dependent DNA helicase Q-like 4A [Oryza sativa Japonica Group],1.329,1.67
XP_015643466.1,False,96.833,0.9549,False,defense_signaling,98.915,1.3117,False,antimicrobial,98.469,1.4331,False,cell_death_HR,"XP_015643466.1 alpha-glucan water dikinase, chloroplastic isoform X1 [Oryza sativa Japonica Group]",2.082,1.636
XP_015612699.1,False,85.334,0.7335,False,defense_signaling,77.794,0.6227,False,defense_signaling,86.969,0.7602,False,defense_signaling,XP_015612699.1 E3 ubiquitin-protein ligase listerin [Oryza sativa Japonica Group],-7.54,1.635
XP_015612403.1,False,86.708,0.8425,False,NBS_LRR,85.423,0.7954,False,NBS_LRR,88.338,0.8852,False,NBS_LRR,XP_015612403.1 putative 1-phosphatidylinositol-3-phosphate 5-kinase FAB1C [Oryza sativa Japonica Group],-1.285,1.63
XP_015633466.1,False,96.263,1.28,False,cell_death_HR,97.743,1.3771,False,cell_death_HR,97.879,1.3842,False,cell_death_HR,XP_015633466.1 DNA mismatch repair protein MSH3 isoform X1 [Oryza sativa Japonica Group],1.48,1.616
XP_015625334.1,False,67.375,0.4811,False,defense_signaling,70.335,0.5184,False,defense_signaling,68.979,0.5025,False,defense_signaling,XP_015625334.1 methyl-CpG-binding domain-containing protein 9 isoform X3 [Oryza sativa Japonica Group],2.96,1.604
XP_015612987.2,False,94.309,1.1919,False,NBS_LRR,98.112,1.4083,False,cell_death_HR,95.908,1.2587,False,cell_death_HR,XP_015612987.2 endoribonuclease Dicer homolog 3b isoform X2 [Oryza sativa Japonica Group],3.803,1.599
XP_015625722.1,False,71.469,0.5366,False,defense_signaling,73.172,0.5606,False,defense_signaling,73.059,0.5607,False,defense_signaling,XP_015625722.1 protein CROWDED NUCLEI 1 [Oryza sativa Japonica Group],1.703,1.59
XP_015614509.1,False,98.236,1.0035,False,defense_signaling,99.883,1.153,True,defense_signaling,99.793,1.1224,True,defense_signaling,XP_015614509.1 protein CHROMATIN REMODELING 20 isoform X2 [Oryza sativa Japonica Group],1.647,1.557
XP_015614507.1,False,98.206,1.0031,False,defense_signaling,99.867,1.1491,True,defense_signaling,99.757,1.1165,True,defense_signaling,XP_015614507.1 protein CHROMATIN REMODELING 20 isoform X1 [Oryza sativa Japonica Group],1.661,1.551
XP_015614508.1,False,98.206,1.0031,False,defense_signaling,99.867,1.1491,True,defense_signaling,99.757,1.1165,True,defense_signaling,XP_015614508.1 protein CHROMATIN REMODELING 20 isoform X1 [Oryza sativa Japonica Group],1.661,1.551
XP_015614510.1,False,98.206,1.0031,False,defense_signaling,99.652,1.1033,True,defense_signaling,99.749,1.1151,True,defense_signaling,XP_015614510.1 protein CHROMATIN REMODELING 20 isoform X3 [Oryza sativa Japonica Group],1.446,1.543
XP_015612118.1,False,96.329,1.2843,False,cell_death_HR,97.463,1.3532,False,cell_death_HR,97.87,1.3836,False,cell_death_HR,"XP_015612118.1 leucine--tRNA ligase, cytoplasmic [Oryza sativa Japonica Group]",1.134,1.541
XP_025880789.1,False,92.062,1.0942,False,antimicrobial,94.109,1.1677,False,antimicrobial,93.587,1.1467,False,antimicrobial,XP_025880789.1 putative ABC transporter C family member 15 isoform X1 [Oryza sativa Japonica Group],2.047,1.525
XP_015617373.1,False,94.918,1.2003,False,antimicrobial,95.939,1.2471,False,antimicrobial,96.413,1.2651,False,antimicrobial,XP_015617373.1 phospholipid-transporting ATPase 2 isoform X1 [Oryza sativa Japonica Group],1.021,1.495
XP_015634566.1,False,87.211,0.966,False,antimicrobial,89.632,1.0268,False,antimicrobial,88.705,1.0063,False,antimicrobial,XP_015634566.1 ABC transporter B family member 15 [Oryza sativa Japonica Group],2.421,1.494
XP_015631246.1,False,94.84,1.1966,False,antimicrobial,95.749,1.2369,False,antimicrobial,96.319,1.2618,False,antimicrobial,XP_015631246.1 phospholipid-transporting ATPase 1 isoform X2 [Oryza sativa Japonica Group],0.909,1.479
XP_015651156.1,False,85.197,0.7312,False,defense_signaling,88.484,0.7847,False,defense_signaling,86.649,0.7552,False,defense_signaling,XP_015651156.1 uncharacterized protein LOC4324767 [Oryza sativa Japonica Group],3.287,1.452
XP_025881572.1,False,98.504,1.1159,False,cell_death_HR,99.941,1.1735,True,defense_signaling,99.955,1.1661,True,defense_signaling,XP_025881572.1 mitogen-activated protein kinase 9-like [Oryza sativa Japonica Group],1.437,1.451
XP_015611225.1,False,92.843,0.8627,False,defense_signaling,93.771,0.8819,False,defense_signaling,94.288,0.8924,False,defense_signaling,XP_015611225.1 pumilio homolog 1 [Oryza sativa Japonica Group],0.928,1.445
XP_025878676.1,False,96.984,0.9591,False,defense_signaling,98.793,1.0349,False,defense_signaling,98.42,1.0122,False,defense_signaling,XP_025878676.1 ATP-dependent RNA helicase DEAH13 isoform X1 [Oryza sativa Japonica Group],1.809,1.436
XP_015627510.1,False,89.419,0.9398,False,NBS_LRR,90.915,0.9953,False,NBS_LRR,90.842,0.9902,False,NBS_LRR,XP_015627510.1 protein FAR1-RELATED SEQUENCE 5 isoform X1 [Oryza sativa Japonica Group],1.496,1.423
XP_015636789.1,False,82.861,0.6966,False,defense_signaling,85.522,0.735,False,defense_signaling,84.271,0.7161,False,defense_signaling,XP_015636789.1 uncharacterized protein LOC4337084 isoform X1 [Oryza sativa Japonica Group],2.661,1.41
XP_015634296.1,False,96.516,1.4852,False,NBS_LRR,97.618,1.5866,False,NBS_LRR,97.924,1.6247,False,NBS_LRR,XP_015634296.1 uncharacterized protein LOC4335731 [Oryza sativa Japonica Group],1.102,1.408
XP_025879301.1,False,71.676,0.54,False,defense_signaling,72.637,0.553,False,defense_signaling,73.066,0.5607,False,defense_signaling,XP_025879301.1 uncharacterized protein LOC4326768 isoform X3 [Oryza sativa Japonica Group],0.961,1.39
XP_015616395.1,False,96.106,1.4235,False,NBS_LRR,96.632,1.4684,False,NBS_LRR,97.496,1.569,False,NBS_LRR,XP_015616395.1 disease resistance protein RGA5-like isoform X1 [Oryza sativa Japonica Group],0.526,1.39
XP_015615540.1,False,97.109,1.5529,False,NBS_LRR,98.419,1.757,False,NBS_LRR,98.494,1.8044,False,NBS_LRR,XP_015615540.1 disease resistance protein PIK6-NP-like [Oryza sativa Japonica Group],1.31,1.385
XP_015617810.1,False,97.076,1.5478,False,NBS_LRR,98.37,1.7348,False,NBS_LRR,98.44,1.7639,False,NBS_LRR,XP_015617810.1 disease resistance protein RGA5-like [Oryza sativa Japonica Group],1.294,1.364
XP_015644077.1,False,92.687,0.9187,False,RLK_defense,94.896,1.0155,False,RLK_defense,94.02,0.9697,False,RLK_defense,"XP_015644077.1 pentatricopeptide repeat-containing protein At3g18110, chloroplastic-like isoform X1 [Oryza sativa Japonica Group]",2.209,1.333
XP_015644075.1,False,92.687,0.9187,False,RLK_defense,94.896,1.0155,False,RLK_defense,94.02,0.9697,False,RLK_defense,"XP_015644075.1 pentatricopeptide repeat-containing protein At3g18110, chloroplastic-like isoform X1 [Oryza sativa Japonica Group]",2.209,1.333
XP_015644078.1,False,92.687,0.9187,False,RLK_defense,94.896,1.0155,False,RLK_defense,94.02,0.9697,False,RLK_defense,"XP_015644078.1 pentatricopeptide repeat-containing protein At3g18110, chloroplastic-like isoform X1 [Oryza sativa Japonica Group]",2.209,1.333
XP_015644074.1,False,92.687,0.9187,False,RLK_defense,94.896,1.0155,False,RLK_defense,94.02,0.9697,False,RLK_defense,"XP_015644074.1 pentatricopeptide repeat-containing protein At3g18110, chloroplastic-like isoform X1 [Oryza sativa Japonica Group]",2.209,1.333
XP_015644073.1,False,92.687,0.9187,False,RLK_defense,94.896,1.0155,False,RLK_defense,94.02,0.9697,False,RLK_defense,"XP_015644073.1 pentatricopeptide repeat-containing protein At3g18110, chloroplastic-like isoform X1 [Oryza sativa Japonica Group]",2.209,1.333
XP_015644072.1,False,92.687,0.9187,False,RLK_defense,94.896,1.0155,False,RLK_defense,94.02,0.9697,False,RLK_defense,"XP_015644072.1 pentatricopeptide repeat-containing protein At3g18110, chloroplastic-like isoform X1 [Oryza sativa Japonica Group]",2.209,1.333
XP_015644070.1,False,92.687,0.9187,False,RLK_defense,94.896,1.0155,False,RLK_defense,94.02,0.9697,False,RLK_defense,"XP_015644070.1 pentatricopeptide repeat-containing protein At3g18110, chloroplastic-like isoform X1 [Oryza sativa Japonica Group]",2.209,1.333
XP_015644069.1,False,92.687,0.9187,False,RLK_defense,94.896,1.0155,False,RLK_defense,94.02,0.9697,False,RLK_defense,"XP_015644069.1 pentatricopeptide repeat-containing protein At3g18110, chloroplastic-like isoform X1 [Oryza sativa Japonica Group]",2.209,1.333
XP_015644076.1,False,92.687,0.9187,False,RLK_defense,94.896,1.0155,False,RLK_defense,94.02,0.9697,False,RLK_defense,"XP_015644076.1 pentatricopeptide repeat-containing protein At3g18110, chloroplastic-like isoform X1 [Oryza sativa Japonica Group]",2.209,1.333
XP_015643844.1,False,85.073,0.9044,False,cell_death_HR,86.304,0.9364,False,cell_death_HR,86.391,0.9361,False,cell_death_HR,XP_015643844.1 NF-X1-type zinc finger protein NFXL1 [Oryza sativa Japonica Group],1.231,1.318
XP_015624438.1,False,95.955,1.4092,False,NBS_LRR,96.82,1.4861,False,NBS_LRR,97.268,1.5439,False,NBS_LRR,XP_015624438.1 uncharacterized protein LOC9269313 [Oryza sativa Japonica Group],0.865,1.313
XP_025878741.1,False,54.905,0.3101,False,defense_signaling,56.632,0.3342,False,defense_signaling,56.207,0.3277,False,defense_signaling,XP_025878741.1 formin-like protein 7 isoform X3 [Oryza sativa Japonica Group],1.727,1.302
XP_025876374.1,False,98.034,1.5089,False,RLK_defense,98.694,1.6223,False,RLK_defense,99.328,1.6919,True,RLK_defense,XP_025876374.1 LRR receptor-like serine/threonine-protein kinase GSO1 [Oryza sativa Japonica Group],0.66,1.294
XP_015650921.1,False,98.649,1.6066,False,RLK_defense,99.699,1.7828,True,RLK_defense,99.93,1.8809,True,RLK_defense,XP_015650921.1 brassinosteroid LRR receptor kinase BRL3 [Oryza sativa Japonica Group],1.05,1.281
XP_015620293.1,False,96.082,1.268,False,cell_death_HR,96.893,1.3204,False,cell_death_HR,97.36,1.3446,False,cell_death_HR,XP_015620293.1 protein transport protein Sec24-like At4g32640 [Oryza sativa Japonica Group],0.811,1.278
XP_015614387.1,False,83.981,0.749,False,NBS_LRR,63.133,0.4221,False,defense_signaling,85.254,0.7908,False,NBS_LRR,XP_015614387.1 zinc finger CCCH domain-containing protein 19 isoform X2 [Oryza sativa Japonica Group],-20.848,1.273
XP_015611231.2,False,66.661,0.4937,False,PR_proteins,65.841,0.4786,False,PR_proteins,67.92,0.4862,False,PR_proteins,XP_015611231.2 uncharacterized protein LOC107278870 [Oryza sativa Japonica Group],-0.82,1.259
XP_015650229.1,False,90.518,1.0503,False,cell_death_HR,91.526,1.0824,False,cell_death_HR,91.767,1.0892,False,cell_death_HR,"XP_015650229.1 DNA polymerase I B, mitochondrial isoform X1 [Oryza sativa Japonica Group]",1.008,1.249
XP_025882034.1,False,95.366,1.1986,False,antimicrobial,96.15,1.2302,False,antimicrobial,96.599,1.2498,False,antimicrobial,XP_025882034.1 protein argonaute PNH1 isoform X1 [Oryza sativa Japonica Group],0.784,1.233
XP_015635948.1,False,36.033,-0.0082,False,defense_signaling,37.621,0.0247,False,defense_signaling,37.259,0.0168,False,defense_signaling,XP_015635948.1 uncharacterized protein LOC4336125 [Oryza sativa Japonica Group],1.588,1.226
XP_015635949.1,False,36.033,-0.0082,False,defense_signaling,37.621,0.0247,False,defense_signaling,37.259,0.0168,False,defense_signaling,XP_015635949.1 uncharacterized protein LOC4336125 [Oryza sativa Japonica Group],1.588,1.226
XP_015635950.1,False,36.033,-0.0082,False,defense_signaling,37.621,0.0247,False,defense_signaling,37.259,0.0168,False,defense_signaling,XP_015635950.1 uncharacterized protein LOC4336125 [Oryza sativa Japonica Group],1.588,1.226
XP_015635953.1,False,36.033,-0.0082,False,defense_signaling,37.621,0.0247,False,defense_signaling,37.259,0.0168,False,defense_signaling,XP_015635953.1 uncharacterized protein LOC4336125 [Oryza sativa Japonica Group],1.588,1.226
XP_015635954.1,False,36.033,-0.0082,False,defense_signaling,37.621,0.0247,False,defense_signaling,37.259,0.0168,False,defense_signaling,XP_015635954.1 uncharacterized protein LOC4336125 [Oryza sativa Japonica Group],1.588,1.226
XP_025878644.1,False,98.613,1.0195,False,defense_signaling,99.686,1.1088,True,defense_signaling,99.833,1.1281,True,defense_signaling,XP_025878644.1 clustered mitochondria protein isoform X1 [Oryza sativa Japonica Group],1.073,1.22
XP_015625801.1,False,98.613,1.0195,False,defense_signaling,99.686,1.1088,True,defense_signaling,99.833,1.1281,True,defense_signaling,XP_015625801.1 clustered mitochondria protein isoform X1 [Oryza sativa Japonica Group],1.073,1.22
XP_015623859.1,False,97.522,1.3985,False,RLK_defense,98.422,1.5763,False,RLK_defense,98.732,1.6265,False,RLK_defense,XP_015623859.1 leucine-rich repeat receptor protein kinase MSL1 [Oryza sativa Japonica Group],0.9,1.21
XP_015644838.1,False,98.195,1.7196,False,NBS_LRR,99.018,2.0453,True,NBS_LRR,99.403,2.1711,True,NBS_LRR,XP_015644838.1 uncharacterized protein LOC4342906 isoform X2 [Oryza sativa Japonica Group],0.823,1.208
XP_015632399.1,False,92.228,1.105,False,cell_death_HR,93.6,1.1584,False,cell_death_HR,93.428,1.1513,False,cell_death_HR,XP_015632399.1 importin-5 [Oryza sativa Japonica Group],1.372,1.2
XP_025880306.1,False,94.765,0.9023,False,defense_signaling,98.8,1.0353,False,defense_signaling,95.965,1.119,False,antimicrobial,XP_025880306.1 uncharacterized protein At3g06530 isoform X2 [Oryza sativa Japonica Group],4.035,1.2
XP_015643467.1,False,96.833,0.9549,False,defense_signaling,99.619,1.1015,True,defense_signaling,98.025,1.3522,False,antimicrobial,"XP_015643467.1 alpha-glucan water dikinase, chloroplastic isoform X2 [Oryza sativa Japonica Group]",2.786,1.192
XP_015630903.1,False,98.109,0.9999,False,defense_signaling,99.46,1.0831,True,defense_signaling,99.3,1.0652,True,defense_signaling,"XP_015630903.1 translocase of chloroplast 159, chloroplastic [Oryza sativa Japonica Group]",1.351,1.191
XP_015632125.1,False,88.157,0.9913,False,antimicrobial,88.904,1.011,False,antimicrobial,89.348,1.0206,False,antimicrobial,XP_015632125.1 importin-4 isoform X1 [Oryza sativa Japonica Group],0.747,1.191
XP_015612899.1,False,98.159,1.5277,False,RLK_defense,98.755,1.6319,False,RLK_defense,99.34,1.6962,True,RLK_defense,XP_015612899.1 leucine-rich repeat receptor-like protein kinase PEPR2 [Oryza sativa Japonica Group],0.596,1.181
XP_025880127.1,False,36.665,0.0044,False,defense_signaling,37.332,0.0186,False,defense_signaling,37.834,0.0295,False,defense_signaling,XP_025880127.1 dentin sialophosphoprotein-like isoform X2 [Oryza sativa Japonica Group],0.667,1.169
XP_015625802.1,False,98.678,1.023,False,defense_signaling,99.681,1.1077,True,defense_signaling,99.833,1.1281,True,defense_signaling,XP_015625802.1 clustered mitochondria protein isoform X2 [Oryza sativa Japonica Group],1.003,1.155
XP_015620178.1,False,63.977,0.4349,False,defense_signaling,64.698,0.442,False,defense_signaling,65.109,0.4481,False,defense_signaling,XP_015620178.1 uncharacterized protein LOC4351640 [Oryza sativa Japonica Group],0.721,1.132
XP_015640407.1,False,98.088,1.022,False,antimicrobial,98.952,1.4299,False,antimicrobial,99.192,1.4537,True,antimicrobial,"XP_015640407.1 glutamate synthase 2 [NADH], chloroplastic [Oryza sativa Japonica Group]",0.864,1.104
XP_015631545.1,False,98.61,1.414,False,cell_death_HR,99.829,1.7553,True,cell_death_HR,99.706,1.6616,True,cell_death_HR,XP_015631545.1 LOW QUALITY PROTEIN: DExH-box ATP-dependent RNA helicase DExH12-like [Oryza sativa Japonica Group],1.219,1.096
XP_015649243.1,False,81.043,0.7078,False,antimicrobial,82.292,0.7206,False,antimicrobial,82.116,0.717,False,antimicrobial,XP_015649243.1 uncharacterized protein LOC107281919 [Oryza sativa Japonica Group],1.249,1.073
XP_025879961.1,False,51.664,0.2648,False,defense_signaling,52.691,0.2786,False,defense_signaling,52.735,0.2787,False,defense_signaling,XP_025879961.1 uncharacterized protein LOC4332440 isoform X1 [Oryza sativa Japonica Group],1.027,1.071
XP_015629712.1,False,94.57,1.184,False,antimicrobial,95.49,1.2256,False,antimicrobial,95.638,1.2284,False,antimicrobial,XP_015629712.1 phospholipid-transporting ATPase 1 isoform X1 [Oryza sativa Japonica Group],0.92,1.068
XP_015629710.1,False,94.57,1.184,False,antimicrobial,95.49,1.2256,False,antimicrobial,95.638,1.2284,False,antimicrobial,XP_015629710.1 phospholipid-transporting ATPase 1 isoform X1 [Oryza sativa Japonica Group],0.92,1.068
XP_025880208.1,False,94.57,1.184,False,antimicrobial,95.49,1.2256,False,antimicrobial,95.638,1.2284,False,antimicrobial,XP_025880208.1 phospholipid-transporting ATPase 1 isoform X1 [Oryza sativa Japonica Group],0.92,1.068
XP_015636291.1,False,96.881,1.2246,False,PR_proteins,97.656,1.2684,False,PR_proteins,97.948,1.285,False,PR_proteins,XP_015636291.1 protein argonaute 1B isoform X1 [Oryza sativa Japonica Group],0.775,1.067
XP_015639348.1,False,95.833,1.0859,False,RLK_defense,96.543,1.1716,False,RLK_defense,96.893,1.2459,False,RLK_defense,XP_015639348.1 LRR receptor-like serine/threonine-protein kinase [Oryza sativa Japonica Group],0.71,1.06
XP_015639350.1,False,95.833,1.0859,False,RLK_defense,96.543,1.1716,False,RLK_defense,96.893,1.2459,False,RLK_defense,XP_015639350.1 LRR receptor-like serine/threonine-protein kinase [Oryza sativa Japonica Group],0.71,1.06
XP_015639349.1,False,95.833,1.0859,False,RLK_defense,96.543,1.1716,False,RLK_defense,96.893,1.2459,False,RLK_defense,XP_015639349.1 LRR receptor-like serine/threonine-protein kinase [Oryza sativa Japonica Group],0.71,1.06
XP_025881603.1,False,95.833,1.0859,False,RLK_defense,96.543,1.1716,False,RLK_defense,96.893,1.2459,False,RLK_defense,XP_025881603.1 LRR receptor-like serine/threonine-protein kinase [Oryza sativa Japonica Group],0.71,1.06
XP_015639346.1,False,95.833,1.0859,False,RLK_defense,96.543,1.1716,False,RLK_defense,96.893,1.2459,False,RLK_defense,XP_015639346.1 LRR receptor-like serine/threonine-protein kinase [Oryza sativa Japonica Group],0.71,1.06
XP_015639347.1,False,95.833,1.0859,False,RLK_defense,96.543,1.1716,False,RLK_defense,96.893,1.2459,False,RLK_defense,XP_015639347.1 LRR receptor-like serine/threonine-protein kinase [Oryza sativa Japonica Group],0.71,1.06
XP_015639351.1,False,95.833,1.0859,False,RLK_defense,96.543,1.1716,False,RLK_defense,96.893,1.2459,False,RLK_defense,XP_015639351.1 LRR receptor-like serine/threonine-protein kinase [Oryza sativa Japonica Group],0.71,1.06
XP_015628878.1,False,91.765,0.8435,False,defense_signaling,93.705,0.88,False,defense_signaling,92.81,0.8609,False,defense_signaling,XP_015628878.1 uncharacterized protein LOC9270983 [Oryza sativa Japonica Group],1.94,1.045
XP_015625861.1,False,64.571,0.4419,False,defense_signaling,67.305,0.4787,False,defense_signaling,65.602,0.4563,False,defense_signaling,XP_015625861.1 uncharacterized protein LOC107277268 isoform X1 [Oryza sativa Japonica Group],2.734,1.031
XP_015644208.2,False,97.856,0.9997,False,antimicrobial,98.661,1.0737,False,antimicrobial,98.87,1.1157,False,antimicrobial,XP_015644208.2 condensin complex subunit 3 isoform X1 [Oryza sativa Japonica Group],0.805,1.014
XP_015647821.1,False,71.893,0.6194,False,cell_death_HR,72.629,0.6343,False,cell_death_HR,72.902,0.6382,False,cell_death_HR,XP_015647821.1 protein QUIRKY [Oryza sativa Japonica Group],0.736,1.009
XP_015644837.1,False,98.195,1.7196,False,NBS_LRR,98.842,1.985,False,NBS_LRR,99.199,2.1002,True,NBS_LRR,XP_015644837.1 uncharacterized protein LOC4342906 isoform X1 [Oryza sativa Japonica Group],0.647,1.004
XP_015650539.1,False,43.167,0.1313,False,defense_signaling,45.873,0.1783,False,defense_signaling,44.17,0.1485,False,defense_signaling,XP_015650539.1 protein ROS1 [Oryza sativa Japonica Group],2.706,1.003
XP_015650531.1,False,43.167,0.1313,False,defense_signaling,45.873,0.1783,False,defense_signaling,44.17,0.1485,False,defense_signaling,XP_015650531.1 protein ROS1 [Oryza sativa Japonica Group],2.706,1.003
XP_015636703.1,False,52.395,0.2742,False,defense_signaling,54.438,0.3034,False,defense_signaling,53.395,0.2888,False,defense_signaling,XP_015636703.1 uncharacterized protein LOC4336693 isoform X1 [Oryza sativa Japonica Group],2.043,1.0
XP_025882079.1,False,45.54,0.1725,False,defense_signaling,53.437,0.29,False,defense_signaling,46.525,0.1857,False,defense_signaling,XP_025882079.1 uncharacterized protein LOC9268159 isoform X4 [Oryza sativa Japonica Group],7.897,0.985
XP_015631766.1,False,96.336,1.2193,False,antimicrobial,97.437,1.3202,False,antimicrobial,97.315,1.3105,False,antimicrobial,"XP_015631766.1 protein SUPPRESSOR OF QUENCHING 1, chloroplastic isoform X8 [Oryza sativa Japonica Group]",1.101,0.979
XP_015643095.1,False,97.975,1.1017,False,antimicrobial,99.117,1.0546,True,defense_signaling,98.95,1.0924,False,antimicrobial,XP_015643095.1 CHD3-type chromatin-remodeling factor PICKLE [Oryza sativa Japonica Group],1.142,0.975
XP_025881570.1,False,91.981,0.8664,False,NBS_LRR,95.331,0.9154,False,defense_signaling,92.954,0.9087,False,NBS_LRR,XP_025881570.1 uncharacterized protein LOC4339658 [Oryza sativa Japonica Group],3.35,0.973
XP_015635746.1,False,91.385,1.0772,False,cell_death_HR,92.075,1.0963,False,antimicrobial,92.356,1.1059,False,antimicrobial,XP_015635746.1 probable cleavage and polyadenylation specificity factor subunit 1 isoform X5 [Oryza sativa Japonica Group],0.69,0.971
XP_025879020.1,False,96.31,0.9404,False,defense_signaling,99.659,1.1041,True,defense_signaling,97.278,1.2399,False,antimicrobial,XP_025879020.1 TATA-binding protein-associated factor BTAF1 [Oryza sativa Japonica Group],3.349,0.968
XP_015616445.1,False,53.381,0.2898,False,defense_signaling,54.17,0.3002,False,defense_signaling,54.339,0.3012,False,defense_signaling,XP_015616445.1 sister chromatid cohesion 1 protein 4 [Oryza sativa Japonica Group],0.789,0.958
XP_015632124.1,False,89.637,1.0268,False,antimicrobial,90.555,1.0507,False,antimicrobial,90.595,1.0526,False,antimicrobial,XP_015632124.1 nardilysin-like [Oryza sativa Japonica Group],0.918,0.958
XP_015646666.1,False,94.473,0.9896,False,antimicrobial,95.368,1.0174,False,PR_proteins,95.413,1.0415,False,PR_proteins,XP_015646666.1 protein transport protein SEC31 homolog B [Oryza sativa Japonica Group],0.895,0.94
XP_015614030.1,False,91.988,1.0427,False,PR_proteins,92.895,1.0689,False,PR_proteins,92.914,1.0668,False,PR_proteins,XP_015614030.1 uncharacterized protein LOC4348474 [Oryza sativa Japonica Group],0.907,0.926
XP_015625882.1,False,96.841,1.2893,False,antimicrobial,97.574,1.3279,False,antimicrobial,97.766,1.3353,False,antimicrobial,XP_015625882.1 spliceosome-associated protein 130 A [Oryza sativa Japonica Group],0.733,0.925
XP_015616250.1,False,97.926,1.6616,False,NBS_LRR,98.61,1.8645,False,NBS_LRR,98.849,1.9751,False,NBS_LRR,XP_015616250.1 disease resistance protein RGA2 [Oryza sativa Japonica Group],0.684,0.923
XP_015626110.1,False,91.42,1.0744,False,antimicrobial,92.242,1.102,False,antimicrobial,92.329,1.105,False,antimicrobial,XP_015626110.1 protease Do-like 7 isoform X1 [Oryza sativa Japonica Group],0.822,0.909
XP_015644209.2,False,97.832,0.9989,False,antimicrobial,98.4,1.0327,False,antimicrobial,98.739,1.0549,False,antimicrobial,XP_015644209.2 condensin complex subunit 3 isoform X2 [Oryza sativa Japonica Group],0.568,0.907
XP_015619228.1,False,30.509,-0.1254,False,defense_signaling,32.019,-0.0893,False,defense_signaling,31.399,-0.1042,False,defense_signaling,XP_015619228.1 nuclear pore complex protein NUP1 [Oryza sativa Japonica Group],1.51,0.89
XP_015625359.1,False,93.886,0.883,False,defense_signaling,96.181,0.9377,False,defense_signaling,94.769,0.9025,False,defense_signaling,XP_015625359.1 WD repeat-containing protein 11 [Oryza sativa Japonica Group],2.295,0.883
XP_015649905.1,False,66.943,0.4761,False,defense_signaling,67.671,0.4831,False,defense_signaling,67.817,0.4858,False,defense_signaling,XP_015649905.1 exocyst complex component SEC8 isoform X1 [Oryza sativa Japonica Group],0.728,0.874
XP_015648066.1,False,98.673,1.609,False,RLK_defense,99.129,1.6708,True,RLK_defense,99.542,1.7303,True,RLK_defense,XP_015648066.1 receptor-like protein kinase [Oryza sativa Japonica Group],0.456,0.869
XP_015627662.1,False,95.713,1.2471,False,cell_death_HR,96.258,1.2811,False,cell_death_HR,96.571,1.2974,False,cell_death_HR,XP_015627662.1 type II inositol polyphosphate 5-phosphatase 15 [Oryza sativa Japonica Group],0.545,0.858
XP_015636808.1,False,95.139,1.2079,False,antimicrobial,95.701,1.2344,False,antimicrobial,95.987,1.2457,False,antimicrobial,XP_015636808.1 phospholipid-transporting ATPase 2 isoform X1 [Oryza sativa Japonica Group],0.562,0.848
XP_015636805.1,False,95.139,1.2079,False,antimicrobial,95.701,1.2344,False,antimicrobial,95.987,1.2457,False,antimicrobial,XP_015636805.1 phospholipid-transporting ATPase 2 isoform X1 [Oryza sativa Japonica Group],0.562,0.848
XP_015625598.1,False,97.837,1.3436,False,antimicrobial,99.281,1.2681,True,antimicrobial,98.682,1.3343,False,antimicrobial,XP_015625598.1 ATP-dependent DNA helicase MER3 homolog [Oryza sativa Japonica Group],1.444,0.845
XP_025876358.1,False,91.803,1.0312,False,antimicrobial,92.583,0.9967,False,antimicrobial,92.646,1.0218,False,antimicrobial,XP_025876358.1 exportin-4 isoform X3 [Oryza sativa Japonica Group],0.78,0.843
XP_015639381.1,False,95.974,0.9313,False,defense_signaling,97.508,1.0034,False,antimicrobial,96.808,1.1164,False,antimicrobial,XP_015639381.1 probable chromatin-remodeling complex ATPase chain [Oryza sativa Japonica Group],1.534,0.834
XP_015614424.1,False,87.049,0.7619,False,defense_signaling,88.106,0.7782,False,defense_signaling,87.878,0.7747,False,defense_signaling,XP_015614424.1 syndetin isoform X1 [Oryza sativa Japonica Group],1.057,0.829
XP_015632056.1,False,95.805,0.9271,False,defense_signaling,96.644,0.9499,False,defense_signaling,96.627,0.9502,False,defense_signaling,XP_015632056.1 nuclear pore complex protein NUP133 [Oryza sativa Japonica Group],0.839,0.822
XP_015642894.2,False,83.798,0.8118,False,antimicrobial,84.716,0.8079,False,antimicrobial,84.611,0.8025,False,antimicrobial,XP_015642894.2 uncharacterized protein LOC107281397 [Oryza sativa Japonica Group],0.918,0.813
XP_015635453.1,False,96.819,1.2879,False,antimicrobial,98.026,1.3564,False,antimicrobial,97.629,1.3278,False,antimicrobial,XP_015635453.1 ABC transporter C family member 2 [Oryza sativa Japonica Group],1.207,0.81
XP_015635452.1,False,96.819,1.2879,False,antimicrobial,98.026,1.3564,False,antimicrobial,97.629,1.3278,False,antimicrobial,XP_015635452.1 ABC transporter C family member 2 [Oryza sativa Japonica Group],1.207,0.81
XP_015631281.1,False,98.088,1.3614,False,antimicrobial,98.807,1.4171,False,antimicrobial,98.889,1.4221,False,antimicrobial,XP_015631281.1 phytochrome B isoform X1 [Oryza sativa Japonica Group],0.719,0.801
XP_015630552.1,False,51.845,0.267,False,defense_signaling,52.688,0.2786,False,defense_signaling,52.646,0.2776,False,defense_signaling,XP_015630552.1 uncharacterized protein LOC4332440 isoform X2 [Oryza sativa Japonica Group],0.843,0.801
XP_015626633.1,False,44.519,0.0901,False,cell_death_HR,45.099,0.1003,False,cell_death_HR,45.311,0.1039,False,cell_death_HR,XP_015626633.1 importin beta-like SAD2 [Oryza sativa Japonica Group],0.58,0.792
XP_015643841.1,False,94.257,1.1144,False,PR_proteins,94.743,1.1323,False,PR_proteins,95.049,1.1397,False,PR_proteins,XP_015643841.1 putative transcription elongation factor SPT5 homolog 1 [Oryza sativa Japonica Group],0.486,0.792
XP_015615000.1,False,74.831,0.5859,False,defense_signaling,75.428,0.5918,False,defense_signaling,75.623,0.5953,False,defense_signaling,XP_015615000.1 filament-like plant protein 4 [Oryza sativa Japonica Group],0.597,0.792
XP_015614999.1,False,74.831,0.5859,False,defense_signaling,75.428,0.5918,False,defense_signaling,75.623,0.5953,False,defense_signaling,XP_015614999.1 filament-like plant protein 4 [Oryza sativa Japonica Group],0.597,0.792
XP_015614997.1,False,74.831,0.5859,False,defense_signaling,75.428,0.5918,False,defense_signaling,75.623,0.5953,False,defense_signaling,XP_015614997.1 filament-like plant protein 4 [Oryza sativa Japonica Group],0.597,0.792
XP_015614996.1,False,74.831,0.5859,False,defense_signaling,75.428,0.5918,False,defense_signaling,75.623,0.5953,False,defense_signaling,XP_015614996.1 filament-like plant protein 4 [Oryza sativa Japonica Group],0.597,0.792
XP_015615336.1,False,97.273,1.5728,False,NBS_LRR,97.751,1.6026,False,NBS_LRR,98.063,1.6623,False,NBS_LRR,XP_015615336.1 disease resistance protein RGA5-like isoform X1 [Oryza sativa Japonica Group],0.478,0.79
XP_015615335.1,False,97.273,1.5728,False,NBS_LRR,97.751,1.6026,False,NBS_LRR,98.063,1.6623,False,NBS_LRR,XP_015615335.1 disease resistance protein RGA5-like isoform X1 [Oryza sativa Japonica Group],0.478,0.79
XP_025881840.1,False,95.932,1.2434,False,antimicrobial,98.903,1.0419,False,defense_signaling,96.719,1.2341,False,antimicrobial,XP_025881840.1 sister chromatid cohesion protein PDS5 homolog A isoform X1 [Oryza sativa Japonica Group],2.971,0.787
XP_015621918.1,False,93.482,1.1537,False,cell_death_HR,95.798,1.2157,False,antimicrobial,94.267,1.1725,False,antimicrobial,XP_015621918.1 DNA ligase 6 [Oryza sativa Japonica Group],2.316,0.785
XP_015631764.1,False,96.272,1.2164,False,antimicrobial,97.348,1.3155,False,antimicrobial,97.057,1.297,False,antimicrobial,"XP_015631764.1 protein SUPPRESSOR OF QUENCHING 1, chloroplastic isoform X5 [Oryza sativa Japonica Group]",1.076,0.785
XP_015631282.1,False,98.173,1.3679,False,antimicrobial,98.873,1.4231,False,antimicrobial,98.95,1.4272,False,antimicrobial,XP_015631282.1 phytochrome B isoform X2 [Oryza sativa Japonica Group],0.7,0.777
XP_015614205.1,False,91.575,1.0787,False,antimicrobial,92.9,1.1235,False,antimicrobial,92.341,1.1055,False,antimicrobial,XP_015614205.1 putative ABC transporter B family member 8 [Oryza sativa Japonica Group],1.325,0.766
XP_015616901.1,False,91.49,1.0765,False,antimicrobial,92.911,1.1242,False,antimicrobial,92.251,1.1026,False,antimicrobial,XP_015616901.1 clathrin heavy chain 1-like [Oryza sativa Japonica Group],1.421,0.761
XP_015619821.1,False,91.558,1.0784,False,antimicrobial,92.956,1.1254,False,antimicrobial,92.303,1.1041,False,antimicrobial,XP_015619821.1 clathrin heavy chain 2-like [Oryza sativa Japonica Group],1.398,0.745
XP_015644141.1,False,92.339,1.1082,False,cell_death_HR,93.057,1.136,False,cell_death_HR,93.078,1.1359,False,cell_death_HR,XP_015644141.1 uncharacterized protein LOC9271035 isoform X2 [Oryza sativa Japonica Group],0.718,0.739
XP_015619708.1,False,84.132,0.8893,False,antimicrobial,85.08,0.9121,False,antimicrobial,84.869,0.9069,False,antimicrobial,XP_015619708.1 structural maintenance of chromosomes protein 1 [Oryza sativa Japonica Group],0.948,0.737
XP_015632595.1,False,77.026,0.6171,False,NBS_LRR,70.762,0.4901,False,defense_signaling,77.762,0.6195,False,NBS_LRR,XP_015632595.1 uncharacterized protein LOC4331367 isoform X3 [Oryza sativa Japonica Group],-6.264,0.736
XP_015632593.1,False,77.026,0.6171,False,NBS_LRR,72.066,0.5258,False,defense_signaling,77.762,0.6195,False,NBS_LRR,XP_015632593.1 uncharacterized protein LOC4331367 isoform X1 [Oryza sativa Japonica Group],-4.96,0.736
XP_015632594.1,False,77.026,0.6171,False,NBS_LRR,72.061,0.5129,False,defense_signaling,77.762,0.6195,False,NBS_LRR,XP_015632594.1 uncharacterized protein LOC4331367 isoform X2 [Oryza sativa Japonica Group],-4.965,0.736
XP_015611983.1,False,95.969,0.9313,False,defense_signaling,96.655,0.9504,False,defense_signaling,96.702,0.9525,False,defense_signaling,XP_015611983.1 GPI inositol-deacylase isoform X2 [Oryza sativa Japonica Group],0.686,0.733
XP_015622132.1,False,86.127,0.9392,False,antimicrobial,86.999,0.961,False,antimicrobial,86.849,0.9584,False,antimicrobial,XP_015622132.1 ABC transporter B family member 4 isoform X4 [Oryza sativa Japonica Group],0.872,0.722
XP_015611982.1,False,96.021,0.9322,False,defense_signaling,96.681,0.9511,False,defense_signaling,96.733,0.9533,False,defense_signaling,XP_015611982.1 GPI inositol-deacylase isoform X1 [Oryza sativa Japonica Group],0.66,0.712
XP_025878726.1,False,98.072,1.0765,False,antimicrobial,98.52,1.0642,False,antimicrobial,98.783,1.0671,False,antimicrobial,XP_025878726.1 RAB6A-GEF complex partner protein 1 [Oryza sativa Japonica Group],0.448,0.711
XP_025882741.1,False,96.445,1.2065,False,cell_death_HR,96.897,1.3208,False,cell_death_HR,97.153,1.3323,False,cell_death_HR,XP_025882741.1 uncharacterized protein LOC4343146 isoform X2 [Oryza sativa Japonica Group],0.452,0.708
XP_025878910.1,False,90.715,0.9913,False,NBS_LRR,73.921,0.5719,False,defense_signaling,91.422,1.0175,False,NBS_LRR,XP_025878910.1 uncharacterized protein LOC4328044 isoform X3 [Oryza sativa Japonica Group],-16.794,0.707
XP_015620140.1,False,97.339,0.9703,False,defense_signaling,97.743,0.9871,False,defense_signaling,98.043,0.9968,False,defense_signaling,XP_015620140.1 probable ubiquitin-conjugating enzyme E2 23 isoform X2 [Oryza sativa Japonica Group],0.404,0.704
XP_015646688.1,False,99.288,1.0617,True,defense_signaling,99.977,1.1919,True,defense_signaling,99.986,1.1929,True,antimicrobial,XP_015646688.1 protein CHROMATIN REMODELING 5 [Oryza sativa Japonica Group],0.689,0.698
XP_015643080.1,False,96.869,0.9559,False,defense_signaling,97.992,0.9972,False,defense_signaling,97.564,0.9788,False,defense_signaling,XP_015643080.1 proteasome activator subunit 4 [Oryza sativa Japonica Group],1.123,0.695
XP_015640274.1,False,95.739,1.059,False,antimicrobial,96.23,1.0384,False,antimicrobial,96.43,1.0497,False,antimicrobial,XP_015640274.1 sister-chromatid cohesion protein 3 [Oryza sativa Japonica Group],0.491,0.691
XP_025877363.1,False,11.432,-1.0239,False,NBS_LRR,11.969,-1.0314,False,RLK_defense,12.115,-1.0144,False,RLK_defense,XP_025877363.1 uncharacterized protein LOC4351086 isoform X1 [Oryza sativa Japonica Group],0.537,0.683
XP_015643493.1,False,85.2,0.7312,False,defense_signaling,86.229,0.7476,False,defense_signaling,85.87,0.7419,False,defense_signaling,XP_015643493.1 auxin response factor 19 [Oryza sativa Japonica Group],1.029,0.67
XP_015623455.1,False,91.883,1.0891,False,antimicrobial,93.494,1.1429,False,antimicrobial,92.543,1.1127,False,antimicrobial,XP_015623455.1 ABC transporter C family member 3 [Oryza sativa Japonica Group],1.611,0.66
XP_015644916.2,False,96.369,1.1968,False,PR_proteins,96.848,1.2212,False,PR_proteins,97.017,1.228,False,PR_proteins,XP_015644916.2 protein argonaute 18 [Oryza sativa Japonica Group],0.479,0.648
XP_015645044.1,False,98.936,1.6485,False,RLK_defense,99.38,1.7029,True,RLK_defense,99.582,1.7429,True,RLK_defense,XP_015645044.1 leucine-rich repeat receptor-like serine/threonine-protein kinase At1g17230 [Oryza sativa Japonica Group],0.444,0.646
XP_015636292.1,False,97.304,1.2475,False,PR_proteins,97.785,1.2762,False,PR_proteins,97.948,1.285,False,PR_proteins,XP_015636292.1 protein argonaute 1B isoform X2 [Oryza sativa Japonica Group],0.481,0.644
XP_015640399.1,False,90.985,0.8297,False,defense_signaling,91.831,0.8435,False,defense_signaling,91.627,0.8405,False,defense_signaling,XP_015640399.1 uncharacterized protein LOC4339743 [Oryza sativa Japonica Group],0.846,0.642
XP_025883227.1,False,98.76,1.9777,False,NBS_LRR,99.317,2.1352,True,NBS_LRR,99.399,2.1683,True,NBS_LRR,XP_025883227.1 disease resistance protein Pik-2-like [Oryza sativa Japonica Group],0.557,0.639
XP_015630683.1,False,98.56,1.0767,False,antimicrobial,99.286,1.0697,True,defense_signaling,99.197,1.0673,True,antimicrobial,XP_015630683.1 protein TORNADO 1-like isoform X2 [Oryza sativa Japonica Group],0.726,0.637
XP_025880305.1,False,97.035,0.9609,False,defense_signaling,98.86,1.0389,False,defense_signaling,97.671,1.1077,False,antimicrobial,XP_025880305.1 uncharacterized protein At3g06530 isoform X1 [Oryza sativa Japonica Group],1.825,0.636
XP_015636082.1,False,97.035,0.9609,False,defense_signaling,98.86,1.0389,False,defense_signaling,97.671,1.1077,False,antimicrobial,XP_015636082.1 uncharacterized protein At3g06530 isoform X1 [Oryza sativa Japonica Group],1.825,0.636
XP_015620807.2,False,86.725,0.7564,False,defense_signaling,88.831,0.7908,False,defense_signaling,87.359,0.7657,False,defense_signaling,XP_015620807.2 protein MON2 homolog isoform X2 [Oryza sativa Japonica Group],2.106,0.634
XP_015629565.1,False,99.079,2.1044,True,NBS_LRR,99.603,2.2199,True,NBS_LRR,99.704,2.2366,True,NBS_LRR,XP_015629565.1 disease resistance protein RGA2 [Oryza sativa Japonica Group],0.524,0.625
XP_025876995.1,False,98.076,1.6901,False,NBS_LRR,98.685,1.9094,False,NBS_LRR,98.701,1.9077,False,NBS_LRR,XP_025876995.1 uncharacterized protein LOC107276178 [Oryza sativa Japonica Group],0.609,0.625
XP_025877499.1,False,98.325,1.77,False,NBS_LRR,98.959,2.0154,False,NBS_LRR,98.95,2.0151,False,NBS_LRR,XP_025877499.1 LOW QUALITY PROTEIN: uncharacterized protein LOC107277616 [Oryza sativa Japonica Group],0.634,0.625
XP_015620285.1,False,80.992,0.6714,False,defense_signaling,84.467,0.7185,False,defense_signaling,81.594,0.6784,False,defense_signaling,XP_015620285.1 telomerase reverse transcriptase isoform X1 [Oryza sativa Japonica Group],3.475,0.602
XP_015618518.1,False,67.91,0.4875,False,defense_signaling,67.773,0.4339,False,defense_signaling,68.506,0.4813,False,defense_signaling,XP_015618518.1 protein STICHEL [Oryza sativa Japonica Group],-0.137,0.596
XP_015618517.1,False,67.91,0.4875,False,defense_signaling,67.773,0.4339,False,defense_signaling,68.506,0.4813,False,defense_signaling,XP_015618517.1 protein STICHEL [Oryza sativa Japonica Group],-0.137,0.596
XP_015636790.1,False,83.676,0.7075,False,defense_signaling,84.136,0.7127,False,defense_signaling,84.271,0.7161,False,defense_signaling,XP_015636790.1 uncharacterized protein LOC4337084 isoform X2 [Oryza sativa Japonica Group],0.46,0.595
XP_015616916.1,False,95.609,1.383,False,NBS_LRR,95.584,1.3688,False,NBS_LRR,96.203,1.4172,False,NBS_LRR,XP_015616916.1 disease resistance protein RGA5-like isoform X1 [Oryza sativa Japonica Group],-0.025,0.594
XP_015615812.1,False,84.415,0.8863,False,cell_death_HR,84.773,0.8978,False,cell_death_HR,85.008,0.9017,False,cell_death_HR,XP_015615812.1 zinc protease PQQL-like isoform X2 [Oryza sativa Japonica Group],0.358,0.593
XP_015611126.1,False,97.921,1.6601,False,NBS_LRR,98.459,1.7727,False,NBS_LRR,98.504,1.81,False,NBS_LRR,XP_015611126.1 disease resistance protein RGA2 isoform X2 [Oryza sativa Japonica Group],0.538,0.583
XP_015638760.2,False,98.346,1.7771,False,NBS_LRR,98.823,1.9759,False,NBS_LRR,98.927,2.0025,False,NBS_LRR,XP_015638760.2 disease resistance protein PIK6-NP-like [Oryza sativa Japonica Group],0.477,0.581
XP_015620122.1,False,97.495,0.9753,False,defense_signaling,97.847,0.9896,False,defense_signaling,98.066,0.9974,False,defense_signaling,XP_015620122.1 probable ubiquitin-conjugating enzyme E2 23 isoform X1 [Oryza sativa Japonica Group],0.352,0.571
XP_015620132.1,False,97.495,0.9753,False,defense_signaling,97.847,0.9896,False,defense_signaling,98.066,0.9974,False,defense_signaling,XP_015620132.1 probable ubiquitin-conjugating enzyme E2 23 isoform X1 [Oryza sativa Japonica Group],0.352,0.571
XP_025877344.1,False,97.954,1.6694,False,NBS_LRR,98.462,1.7743,False,NBS_LRR,98.523,1.8189,False,NBS_LRR,XP_025877344.1 LOW QUALITY PROTEIN: putative disease resistance RPP13-like protein 1 [Oryza sativa Japonica Group],0.508,0.569
XP_015643425.1,False,89.289,0.9349,False,NBS_LRR,96.146,0.9367,False,defense_signaling,89.851,0.9439,False,NBS_LRR,XP_015643425.1 uncharacterized protein LOC4339840 isoform X2 [Oryza sativa Japonica Group],6.857,0.562
XP_015633912.1,False,97.102,1.5522,False,NBS_LRR,97.625,1.5883,False,NBS_LRR,97.663,1.5899,False,NBS_LRR,XP_015633912.1 uncharacterized protein LOC4335408 [Oryza sativa Japonica Group],0.523,0.561
XP_015630340.1,False,97.89,1.3475,False,antimicrobial,98.35,1.3786,False,antimicrobial,98.444,1.386,False,antimicrobial,XP_015630340.1 phytochrome A [Oryza sativa Japonica Group],0.46,0.554
XP_015630341.1,False,97.89,1.3475,False,antimicrobial,98.35,1.3786,False,antimicrobial,98.444,1.386,False,antimicrobial,XP_015630341.1 phytochrome A [Oryza sativa Japonica Group],0.46,0.554
XP_015633740.2,False,96.932,1.2554,False,RLK_defense,97.116,1.3254,False,RLK_defense,97.484,1.3992,False,RLK_defense,XP_015633740.2 LOW QUALITY PROTEIN: probable inactive leucine-rich repeat receptor kinase XIAO [Oryza sativa Japonica Group],0.184,0.552
XP_015615048.1,False,97.661,1.431,False,RLK_defense,97.874,1.4894,False,RLK_defense,98.206,1.5416,False,RLK_defense,XP_015615048.1 brassinosteroid LRR receptor kinase BRL2 [Oryza sativa Japonica Group],0.213,0.545
XP_015650956.1,False,90.88,1.0607,False,cell_death_HR,91.38,1.0773,False,cell_death_HR,91.408,1.0773,False,cell_death_HR,"XP_015650956.1 DNA polymerase I A, chloroplastic [Oryza sativa Japonica Group]",0.5,0.528
XP_015642375.1,False,97.9,1.4862,False,RLK_defense,98.149,1.5329,False,RLK_defense,98.426,1.5773,False,RLK_defense,XP_015642375.1 receptor kinase-like protein Xa21 [Oryza sativa Japonica Group],0.249,0.526
XP_015623659.1,False,97.733,0.9884,False,RLK_defense,98.274,1.0069,False,defense_signaling,98.257,1.0054,False,defense_signaling,XP_015623659.1 kinesin-like protein KIN-12B [Oryza sativa Japonica Group],0.541,0.524
XP_015643423.1,False,92.095,1.069,False,NBS_LRR,96.1,0.9361,False,defense_signaling,92.612,1.0842,False,NBS_LRR,XP_015643423.1 uncharacterized protein LOC4339840 isoform X1 [Oryza sativa Japonica Group],4.005,0.517
XP_015643424.1,False,92.095,1.069,False,NBS_LRR,96.1,0.9361,False,defense_signaling,92.612,1.0842,False,NBS_LRR,XP_015643424.1 uncharacterized protein LOC4339840 isoform X1 [Oryza sativa Japonica Group],4.005,0.517
XP_015630523.1,False,97.844,1.3441,False,antimicrobial,98.318,1.3769,False,antimicrobial,98.353,1.3783,False,antimicrobial,XP_015630523.1 phytochrome C [Oryza sativa Japonica Group],0.474,0.509
XP_025880337.1,False,96.009,1.4137,False,NBS_LRR,96.547,1.4616,False,NBS_LRR,96.517,1.4583,False,NBS_LRR,XP_025880337.1 uncharacterized protein LOC9269285 isoform X1 [Oryza sativa Japonica Group],0.538,0.508
XP_015646123.1,False,63.011,0.4212,False,defense_signaling,62.92,0.4184,False,defense_signaling,63.514,0.4149,False,defense_signaling,XP_015646123.1 uncharacterized protein LOC4343720 [Oryza sativa Japonica Group],-0.091,0.503
XP_015626755.1,False,97.743,1.4488,False,RLK_defense,97.931,1.5006,False,RLK_defense,98.245,1.5459,False,RLK_defense,XP_015626755.1 receptor kinase-like protein Xa21 [Oryza sativa Japonica Group],0.188,0.502
XP_015633540.1,False,96.629,1.1779,False,RLK_defense,96.968,1.2684,False,RLK_defense,97.127,1.3283,False,RLK_defense,XP_015633540.1 LRR receptor-like serine/threonine-protein kinase RCH1 [Oryza sativa Japonica Group],0.339,0.498
XP_015623226.1,False,97.799,1.4629,False,RLK_defense,98.147,1.5324,False,RLK_defense,98.297,1.5553,False,RLK_defense,XP_015623226.1 receptor kinase-like protein Xa21 [Oryza sativa Japonica Group],0.348,0.498
XP_015647739.1,False,96.531,1.1601,False,RLK_defense,96.831,1.2323,False,RLK_defense,97.026,1.2948,False,RLK_defense,XP_015647739.1 LRR receptor-like serine/threonine-protein kinase [Oryza sativa Japonica Group],0.3,0.495
XP_015612015.1,False,99.328,2.2078,True,NBS_LRR,99.728,2.2555,True,NBS_LRR,99.819,2.2759,True,NBS_LRR,XP_015612015.1 putative disease resistance protein RGA3 [Oryza sativa Japonica Group],0.4,0.491
XP_015625026.1,False,90.086,1.038,False,antimicrobial,91.291,1.0722,False,antimicrobial,90.572,1.0521,False,antimicrobial,XP_015625026.1 putative multidrug resistance protein [Oryza sativa Japonica Group],1.205,0.486
XP_015617159.1,False,98.533,1.3466,False,cell_death_HR,99.371,1.3927,True,cell_death_HR,99.018,1.3467,True,cell_death_HR,XP_015617159.1 regulatory-associated protein of TOR 2-like isoform X2 [Oryza sativa Japonica Group],0.838,0.485
XP_015621784.1,False,98.097,0.9991,False,defense_signaling,98.598,1.0246,False,defense_signaling,98.577,1.0199,False,defense_signaling,XP_015621784.1 DNA excision repair protein CSB [Oryza sativa Japonica Group],0.501,0.48
XP_015649263.1,False,96.418,0.943,False,defense_signaling,97.038,0.9627,False,defense_signaling,96.893,0.9681,False,antimicrobial,XP_015649263.1 cellulose synthase-like protein D3 [Oryza sativa Japonica Group],0.62,0.475
XP_015622469.1,False,98.424,1.0119,False,defense_signaling,97.564,1.2572,False,antimicrobial,98.895,1.4225,False,antimicrobial,XP_015622469.1 DNA mismatch repair protein MSH7 isoform X1 [Oryza sativa Japonica Group],-0.86,0.471
XP_025876737.1,False,98.631,1.9176,False,NBS_LRR,99.039,2.0545,True,NBS_LRR,99.098,2.0611,True,NBS_LRR,XP_025876737.1 putative disease resistance protein RGA4 [Oryza sativa Japonica Group],0.408,0.467
XP_015650711.1,False,95.183,1.2241,False,cell_death_HR,95.803,1.2516,False,cell_death_HR,95.65,1.2439,False,cell_death_HR,XP_015650711.1 type I inositol polyphosphate 5-phosphatase 13 [Oryza sativa Japonica Group],0.62,0.467
XP_025876736.1,False,98.631,1.9176,False,NBS_LRR,99.039,2.0545,True,NBS_LRR,99.098,2.0611,True,NBS_LRR,XP_025876736.1 putative disease resistance protein RGA4 [Oryza sativa Japonica Group],0.408,0.467
XP_025876738.1,False,98.631,1.9176,False,NBS_LRR,99.039,2.0545,True,NBS_LRR,99.098,2.0611,True,NBS_LRR,XP_025876738.1 putative disease resistance protein RGA4 [Oryza sativa Japonica Group],0.408,0.467
XP_015611583.1,False,81.548,0.8304,False,antimicrobial,82.353,0.8477,False,antimicrobial,82.014,0.8408,False,antimicrobial,XP_015611583.1 protein HASTY 1 isoform X3 [Oryza sativa Japonica Group],0.805,0.466
XP_015647539.1,False,99.319,2.2048,True,NBS_LRR,99.758,2.2706,True,NBS_LRR,99.784,2.2624,True,NBS_LRR,XP_015647539.1 disease resistance protein RGA2 [Oryza sativa Japonica Group],0.439,0.465
XP_015643426.1,False,97.968,1.4969,False,RLK_defense,98.142,1.532,False,RLK_defense,98.431,1.578,False,RLK_defense,XP_015643426.1 probable LRR receptor-like serine/threonine-protein kinase At1g34110 [Oryza sativa Japonica Group],0.174,0.463
XP_015617158.1,False,98.533,1.3466,False,cell_death_HR,99.352,1.3902,True,cell_death_HR,98.992,1.3422,False,cell_death_HR,XP_015617158.1 regulatory-associated protein of TOR 2-like isoform X1 [Oryza sativa Japonica Group],0.819,0.459
XP_015651407.1,False,99.075,1.6601,True,RLK_defense,99.333,1.6947,True,RLK_defense,99.53,1.729,True,RLK_defense,XP_015651407.1 putative leucine-rich repeat receptor-like serine/threonine-protein kinase At2g24130 [Oryza sativa Japonica Group],0.258,0.455
XP_015651408.1,False,99.075,1.6601,True,RLK_defense,99.333,1.6947,True,RLK_defense,99.527,1.729,True,RLK_defense,XP_015651408.1 putative leucine-rich repeat receptor-like serine/threonine-protein kinase At2g24130 [Oryza sativa Japonica Group],0.258,0.452
XP_015651409.1,False,99.075,1.6601,True,RLK_defense,99.333,1.6947,True,RLK_defense,99.527,1.729,True,RLK_defense,XP_015651409.1 putative leucine-rich repeat receptor-like serine/threonine-protein kinase At2g24130 [Oryza sativa Japonica Group],0.258,0.452
XP_025879537.1,False,20.117,-0.4413,False,defense_signaling,20.716,-0.4163,False,defense_signaling,20.566,-0.4199,False,defense_signaling,XP_025879537.1 uncharacterized protein LOC4333281 [Oryza sativa Japonica Group],0.599,0.449
XP_025879851.1,False,98.459,1.5795,False,RLK_defense,98.696,1.6225,False,RLK_defense,98.908,1.6465,False,RLK_defense,XP_025879851.1 receptor kinase-like protein Xa21 [Oryza sativa Japonica Group],0.237,0.449
XP_025876436.1,False,99.446,1.0767,True,defense_signaling,99.998,1.3349,True,antimicrobial,99.887,1.4074,True,antimicrobial,XP_025876436.1 DExH-box ATP-dependent RNA helicase DExH1 [Oryza sativa Japonica Group],0.552,0.441
XP_025879029.1,False,96.716,1.2828,False,antimicrobial,97.139,1.3054,False,antimicrobial,97.151,1.3019,False,antimicrobial,"XP_025879029.1 calcium-transporting ATPase 5, plasma membrane-type-like [Oryza sativa Japonica Group]",0.423,0.435
XP_015626131.1,False,96.716,1.2828,False,antimicrobial,97.139,1.3054,False,antimicrobial,97.151,1.3019,False,antimicrobial,"XP_015626131.1 calcium-transporting ATPase 5, plasma membrane-type-like [Oryza sativa Japonica Group]",0.423,0.435
XP_015626130.1,False,96.716,1.2828,False,antimicrobial,97.139,1.3054,False,antimicrobial,97.151,1.3019,False,antimicrobial,"XP_015626130.1 calcium-transporting ATPase 5, plasma membrane-type-like [Oryza sativa Japonica Group]",0.423,0.435
XP_015642511.1,False,96.775,1.217,False,PR_proteins,97.055,1.2312,False,PR_proteins,97.21,1.2392,False,PR_proteins,XP_015642511.1 protein argonaute 1D [Oryza sativa Japonica Group],0.28,0.435
XP_015628809.2,False,98.84,2.0097,False,NBS_LRR,99.11,2.062,True,NBS_LRR,99.26,2.1167,True,NBS_LRR,XP_015628809.2 putative disease resistance protein RGA3 [Oryza sativa Japonica Group],0.27,0.42
XP_015646868.1,False,99.361,1.0676,True,defense_signaling,99.901,1.1562,True,defense_signaling,99.779,1.1198,True,defense_signaling,XP_015646868.1 E3 ubiquitin-protein ligase SHPRH isoform X2 [Oryza sativa Japonica Group],0.54,0.418
XP_015629597.1,False,97.4,1.1525,False,RLK_defense,98.49,1.1455,False,RLK_defense,97.818,1.1414,False,RLK_defense,XP_015629597.1 uncharacterized protein LOC4333602 [Oryza sativa Japonica Group],1.09,0.418
XP_015642987.1,False,98.83,1.6341,False,RLK_defense,99.021,1.6566,True,RLK_defense,99.246,1.6821,True,RLK_defense,XP_015642987.1 tyrosine-sulfated glycopeptide receptor 1 [Oryza sativa Japonica Group],0.191,0.416
XP_015631376.2,False,96.186,1.2563,False,antimicrobial,95.906,1.2246,False,antimicrobial,96.601,1.247,False,antimicrobial,XP_015631376.2 LOW QUALITY PROTEIN: protein argonaute 13-like [Oryza sativa Japonica Group],-0.28,0.415
XP_015615111.1,False,98.808,1.9922,False,NBS_LRR,99.193,2.0926,True,NBS_LRR,99.221,2.108,True,NBS_LRR,XP_015615111.1 putative disease resistance protein RGA4 [Oryza sativa Japonica Group],0.385,0.413
XP_015620147.1,False,97.818,0.9869,False,defense_signaling,98.004,0.9974,False,defense_signaling,98.231,1.0039,False,defense_signaling,XP_015620147.1 probable ubiquitin-conjugating enzyme E2 23 isoform X3 [Oryza sativa Japonica Group],0.186,0.413
XP_015615069.1,False,98.808,1.9922,False,NBS_LRR,99.193,2.0926,True,NBS_LRR,99.221,2.108,True,NBS_LRR,XP_015615069.1 putative disease resistance protein RGA4 [Oryza sativa Japonica Group],0.385,0.413
XP_015626044.1,False,98.823,2.0013,False,NBS_LRR,99.1,2.0597,True,NBS_LRR,99.234,2.1115,True,NBS_LRR,XP_015626044.1 putative disease resistance protein RGA1 [Oryza sativa Japonica Group],0.277,0.411
XP_025879172.1,False,98.823,2.0013,False,NBS_LRR,99.1,2.0597,True,NBS_LRR,99.234,2.1115,True,NBS_LRR,XP_025879172.1 putative disease resistance protein RGA1 [Oryza sativa Japonica Group],0.277,0.411
XP_015626048.1,False,98.823,2.0013,False,NBS_LRR,99.1,2.0597,True,NBS_LRR,99.234,2.1115,True,NBS_LRR,XP_015626048.1 putative disease resistance protein RGA1 [Oryza sativa Japonica Group],0.277,0.411
XP_025879170.1,False,98.823,2.0013,False,NBS_LRR,99.1,2.0597,True,NBS_LRR,99.234,2.1115,True,NBS_LRR,XP_025879170.1 putative disease resistance protein RGA1 [Oryza sativa Japonica Group],0.277,0.411
XP_025879171.1,False,98.823,2.0013,False,NBS_LRR,99.1,2.0597,True,NBS_LRR,99.234,2.1115,True,NBS_LRR,XP_025879171.1 putative disease resistance protein RGA1 [Oryza sativa Japonica Group],0.277,0.411
XP_015650886.1,False,98.986,2.0723,False,NBS_LRR,99.282,2.1265,True,NBS_LRR,99.395,2.1678,True,NBS_LRR,XP_015650886.1 disease resistance protein PIK6-NP-like [Oryza sativa Japonica Group],0.296,0.409
XP_025875626.1,False,98.986,2.0723,False,NBS_LRR,99.282,2.1265,True,NBS_LRR,99.395,2.1678,True,NBS_LRR,XP_025875626.1 disease resistance protein PIK6-NP-like [Oryza sativa Japonica Group],0.296,0.409
XP_015632596.1,False,72.378,0.5512,False,defense_signaling,72.916,0.5566,False,defense_signaling,72.783,0.5564,False,defense_signaling,XP_015632596.1 uncharacterized protein LOC4331367 isoform X4 [Oryza sativa Japonica Group],0.538,0.405
XP_015643846.1,False,56.688,0.3355,False,defense_signaling,63.899,0.4331,False,defense_signaling,57.092,0.3402,False,defense_signaling,XP_015643846.1 uncharacterized protein LOC4340309 [Oryza sativa Japonica Group],7.211,0.404
XP_015620154.1,False,97.726,0.983,False,defense_signaling,97.914,0.9935,False,defense_signaling,98.128,1.0,False,defense_signaling,XP_015620154.1 probable ubiquitin-conjugating enzyme E2 23 isoform X4 [Oryza sativa Japonica Group],0.188,0.402
XP_015647499.1,False,99.185,1.6765,True,RLK_defense,99.427,1.7096,True,RLK_defense,99.58,1.7424,True,RLK_defense,XP_015647499.1 LRR receptor-like serine/threonine-protein kinase RPK2 [Oryza sativa Japonica Group],0.242,0.395
XP_025877343.1,False,96.373,0.9419,False,defense_signaling,96.869,0.9574,False,defense_signaling,96.763,0.9799,False,antimicrobial,XP_025877343.1 ABC transporter G family member 28 isoform X2 [Oryza sativa Japonica Group],0.496,0.39
XP_025881016.1,False,94.217,1.1134,False,PR_proteins,94.936,1.1377,False,PR_proteins,94.605,1.1248,False,PR_proteins,XP_025881016.1 uncharacterized protein LOC4324925 [Oryza sativa Japonica Group],0.719,0.388
XP_015630284.1,False,52.019,0.2695,False,defense_signaling,52.317,0.2726,False,defense_signaling,52.399,0.274,False,defense_signaling,XP_015630284.1 uncharacterized protein LOC4332047 isoform X1 [Oryza sativa Japonica Group],0.298,0.38
XP_015631031.2,False,96.169,1.2498,False,antimicrobial,98.058,1.3577,False,antimicrobial,96.545,1.2726,False,antimicrobial,XP_015631031.2 ABC transporter G family member 38 [Oryza sativa Japonica Group],1.889,0.376
XP_015630920.1,False,90.902,1.0026,False,NBS_LRR,91.96,1.0511,False,NBS_LRR,91.272,1.0098,False,NBS_LRR,XP_015630920.1 protein FAR1-RELATED SEQUENCE 4 isoform X1 [Oryza sativa Japonica Group],1.058,0.37
XP_015626379.1,False,96.169,1.2554,False,antimicrobial,96.491,1.2742,False,antimicrobial,96.538,1.2724,False,antimicrobial,XP_015626379.1 cullin-associated NEDD8-dissociated protein 1 [Oryza sativa Japonica Group],0.322,0.369
XP_015622678.1,False,98.713,1.9511,False,NBS_LRR,98.855,1.99,False,NBS_LRR,99.069,2.0514,True,NBS_LRR,XP_015622678.1 disease resistance protein RGA2 isoform X2 [Oryza sativa Japonica Group],0.142,0.356
XP_025879169.1,False,98.713,1.9511,False,NBS_LRR,98.855,1.99,False,NBS_LRR,99.069,2.0514,True,NBS_LRR,XP_025879169.1 disease resistance protein RGA2 isoform X2 [Oryza sativa Japonica Group],0.142,0.356
XP_015620009.1,False,97.442,1.1168,False,antimicrobial,96.533,1.2767,False,antimicrobial,97.797,1.337,False,antimicrobial,"XP_015620009.1 phosphoglucan, water dikinase, chloroplastic [Oryza sativa Japonica Group]",-0.909,0.355
XP_015647367.1,False,95.267,1.1794,False,antimicrobial,95.568,1.1568,False,antimicrobial,95.619,1.1701,False,antimicrobial,XP_015647367.1 protein CTR9 homolog [Oryza sativa Japonica Group],0.301,0.352
XP_015640224.1,False,91.345,1.0758,False,cell_death_HR,92.986,1.134,False,cell_death_HR,91.697,1.0853,False,antimicrobial,XP_015640224.1 ABC transporter B family member 21 [Oryza sativa Japonica Group],1.641,0.352
XP_015616919.1,False,95.609,1.383,False,NBS_LRR,95.448,1.3554,False,NBS_LRR,95.96,1.3923,False,NBS_LRR,XP_015616919.1 disease resistance protein RGA5-like isoform X2 [Oryza sativa Japonica Group],-0.161,0.351
XP_015646867.1,False,99.421,1.0752,True,defense_signaling,99.899,1.1542,True,defense_signaling,99.76,1.1175,True,defense_signaling,XP_015646867.1 E3 ubiquitin-protein ligase SHPRH isoform X1 [Oryza sativa Japonica Group],0.478,0.339
XP_015631847.1,False,98.927,1.4308,False,antimicrobial,99.227,1.4593,True,antimicrobial,99.26,1.462,True,antimicrobial,XP_015631847.1 bifunctional fucokinase/fucose pyrophosphorylase isoform X1 [Oryza sativa Japonica Group],0.3,0.333
XP_015615753.1,False,98.982,2.0715,False,NBS_LRR,99.177,2.0876,True,NBS_LRR,99.313,2.1362,True,NBS_LRR,XP_015615753.1 putative disease resistance protein RGA3 [Oryza sativa Japonica Group],0.195,0.331
XP_015615755.1,False,98.982,2.0715,False,NBS_LRR,99.177,2.0876,True,NBS_LRR,99.313,2.1362,True,NBS_LRR,XP_015615755.1 putative disease resistance protein RGA3 [Oryza sativa Japonica Group],0.195,0.331
XP_015617677.1,False,29.307,-0.1557,False,defense_signaling,32.533,-0.0787,False,defense_signaling,29.637,-0.1449,False,defense_signaling,XP_015617677.1 uncharacterized protein LOC9270610 [Oryza sativa Japonica Group],3.226,0.33
XP_015630921.1,False,90.902,1.0026,False,NBS_LRR,91.953,1.0498,False,NBS_LRR,91.232,1.008,False,NBS_LRR,XP_015630921.1 protein FAR1-RELATED SEQUENCE 4 isoform X2 [Oryza sativa Japonica Group],1.051,0.33
XP_015636209.1,False,98.457,1.0138,False,defense_signaling,98.708,1.0304,False,defense_signaling,98.786,1.0314,False,defense_signaling,XP_015636209.1 trafficking protein particle complex II-specific subunit 120 homolog [Oryza sativa Japonica Group],0.251,0.329
XP_015620077.1,False,98.707,1.3239,False,cell_death_HR,99.427,1.3713,True,cell_death_HR,99.035,1.327,True,cell_death_HR,XP_015620077.1 regulatory-associated protein of TOR 1 isoform X2 [Oryza sativa Japonica Group],0.72,0.328
XP_015615242.1,False,98.295,1.5506,False,RLK_defense,98.436,1.5804,False,RLK_defense,98.621,1.6094,False,RLK_defense,XP_015615242.1 probable LRR receptor-like serine/threonine-protein kinase At3g47570 [Oryza sativa Japonica Group],0.141,0.326
XP_015644038.1,False,98.44,1.5747,False,RLK_defense,98.555,1.5992,False,RLK_defense,98.765,1.6306,False,RLK_defense,XP_015644038.1 tyrosine-sulfated glycopeptide receptor 1 [Oryza sativa Japonica Group],0.115,0.325
XP_015611517.1,False,94.311,1.2385,False,NBS_LRR,94.995,1.2965,False,NBS_LRR,94.633,1.2633,False,NBS_LRR,XP_015611517.1 endoribonuclease Dicer homolog 2b [Oryza sativa Japonica Group],0.684,0.322
XP_015614451.1,False,96.39,1.1408,False,RLK_defense,96.658,1.1892,False,RLK_defense,96.712,1.1999,False,RLK_defense,XP_015614451.1 probable leucine-rich repeat receptor-like protein kinase At1g35710 [Oryza sativa Japonica Group],0.268,0.322
XP_025879635.1,False,98.875,1.0356,False,defense_signaling,99.14,1.0561,True,defense_signaling,99.197,1.0563,True,defense_signaling,XP_025879635.1 protein TORNADO 1-like isoform X3 [Oryza sativa Japonica Group],0.265,0.322
XP_015632486.1,False,98.248,1.7409,False,NBS_LRR,98.598,1.8583,False,NBS_LRR,98.567,1.8464,False,NBS_LRR,XP_015632486.1 disease resistance protein RGA2-like isoform X1 [Oryza sativa Japonica Group],0.35,0.319
XP_015632485.1,False,98.248,1.7409,False,NBS_LRR,98.598,1.8583,False,NBS_LRR,98.567,1.8464,False,NBS_LRR,XP_015632485.1 disease resistance protein RGA2-like isoform X1 [Oryza sativa Japonica Group],0.35,0.319
XP_015632488.1,False,98.248,1.7409,False,NBS_LRR,98.598,1.8583,False,NBS_LRR,98.567,1.8464,False,NBS_LRR,XP_015632488.1 disease resistance protein RGA2-like isoform X1 [Oryza sativa Japonica Group],0.35,0.319
XP_015649941.1,False,93.811,1.1907,False,NBS_LRR,94.588,1.0361,False,NBS_LRR,94.126,1.207,False,NBS_LRR,XP_015649941.1 protein ENHANCED DOWNY MILDEW 2 [Oryza sativa Japonica Group],0.777,0.315
XP_015649942.1,False,93.811,1.1907,False,NBS_LRR,94.588,1.0361,False,NBS_LRR,94.126,1.207,False,NBS_LRR,XP_015649942.1 protein ENHANCED DOWNY MILDEW 2 [Oryza sativa Japonica Group],0.777,0.315
XP_015649940.1,False,93.811,1.1907,False,NBS_LRR,94.588,1.0361,False,NBS_LRR,94.126,1.207,False,NBS_LRR,XP_015649940.1 protein ENHANCED DOWNY MILDEW 2 [Oryza sativa Japonica Group],0.777,0.315
XP_015649755.1,False,86.005,0.7438,False,defense_signaling,86.628,0.7545,False,defense_signaling,86.309,0.7495,False,defense_signaling,XP_015649755.1 auxin response factor 21 [Oryza sativa Japonica Group],0.623,0.304
XP_015620088.1,False,99.255,2.1838,True,NBS_LRR,99.65,2.2278,True,NBS_LRR,99.556,2.2059,True,NBS_LRR,XP_015620088.1 disease resistance protein RGA2 [Oryza sativa Japonica Group],0.395,0.301
XP_015620087.1,False,99.255,2.1838,True,NBS_LRR,99.65,2.2278,True,NBS_LRR,99.556,2.2059,True,NBS_LRR,XP_015620087.1 disease resistance protein RGA2 [Oryza sativa Japonica Group],0.395,0.301
XP_015620089.1,False,99.255,2.1838,True,NBS_LRR,99.65,2.2278,True,NBS_LRR,99.556,2.2059,True,NBS_LRR,XP_015620089.1 disease resistance protein RGA2 [Oryza sativa Japonica Group],0.395,0.301
XP_015624357.1,False,97.717,1.4452,False,RLK_defense,97.877,1.4899,False,RLK_defense,98.015,1.5122,False,RLK_defense,XP_015624357.1 receptor kinase-like protein Xa21 [Oryza sativa Japonica Group],0.16,0.298
XP_015637087.1,False,93.553,0.9781,False,cell_death_HR,93.644,1.0431,False,cell_death_HR,93.849,1.0972,False,cell_death_HR,XP_015637087.1 helicase-like transcription factor CHR28 [Oryza sativa Japonica Group],0.091,0.296
XP_025877567.1,False,98.858,1.0348,False,defense_signaling,99.373,1.0755,True,defense_signaling,99.152,1.0729,True,antimicrobial,XP_025877567.1 uncharacterized protein LOC4351923 [Oryza sativa Japonica Group],0.515,0.294
XP_015615751.1,False,95.487,1.1785,False,antimicrobial,98.391,1.0129,False,defense_signaling,95.779,1.1692,False,antimicrobial,XP_015615751.1 THO complex subunit 2 isoform X1 [Oryza sativa Japonica Group],2.904,0.292
XP_015645641.1,False,99.009,1.0443,True,defense_signaling,99.171,1.0593,True,defense_signaling,99.298,1.065,True,defense_signaling,XP_015645641.1 uncharacterized protein LOC4342686 [Oryza sativa Japonica Group],0.162,0.289
XP_025882217.1,False,97.407,1.3807,False,RLK_defense,97.534,1.4099,False,RLK_defense,97.689,1.4393,False,RLK_defense,XP_025882217.1 LOW QUALITY PROTEIN: receptor kinase-like protein Xa21 [Oryza sativa Japonica Group],0.127,0.282
XP_015630302.1,False,94.069,1.1759,False,cell_death_HR,94.412,1.2429,False,NBS_LRR,94.35,1.2324,False,NBS_LRR,XP_015630302.1 endoribonuclease Dicer homolog 2a isoform X1 [Oryza sativa Japonica Group],0.343,0.281
XP_015616380.1,False,98.633,1.6048,False,RLK_defense,98.72,1.6269,False,RLK_defense,98.913,1.6474,False,RLK_defense,XP_015616380.1 probable LRR receptor-like serine/threonine-protein kinase At3g47570 [Oryza sativa Japonica Group],0.087,0.28
XP_025882529.1,False,98.854,1.6401,False,RLK_defense,99.018,1.6566,True,RLK_defense,99.133,1.6704,True,RLK_defense,XP_025882529.1 probable LRR receptor-like serine/threonine-protein kinase At3g47570 isoform X1 [Oryza sativa Japonica Group],0.164,0.279
XP_015626267.2,False,98.464,1.3914,False,antimicrobial,99.241,1.4614,True,antimicrobial,98.743,1.4092,False,antimicrobial,"XP_015626267.2 isoleucine--tRNA ligase, chloroplastic/mitochondrial [Oryza sativa Japonica Group]",0.777,0.279
XP_015614113.1,False,93.656,1.0273,False,antimicrobial,94.135,0.9903,False,antimicrobial,93.933,1.018,False,antimicrobial,XP_015614113.1 exportin-4 isoform X2 [Oryza sativa Japonica Group],0.479,0.277
XP_025881746.1,False,97.639,1.6168,False,NBS_LRR,97.926,1.6251,False,NBS_LRR,97.907,1.6213,False,NBS_LRR,XP_025881746.1 uncharacterized protein LOC107281203 isoform X1 [Oryza sativa Japonica Group],0.287,0.268
XP_015635740.1,False,92.183,1.0914,False,antimicrobial,93.36,1.1386,False,antimicrobial,92.449,1.1092,False,antimicrobial,XP_015635740.1 probable cleavage and polyadenylation specificity factor subunit 1 isoform X2 [Oryza sativa Japonica Group],1.177,0.266
XP_025879162.1,False,98.713,1.9511,False,NBS_LRR,98.812,1.9758,False,NBS_LRR,98.978,2.0252,False,NBS_LRR,XP_025879162.1 disease resistance protein RGA2 isoform X1 [Oryza sativa Japonica Group],0.099,0.265
XP_015637054.1,False,93.322,1.1369,False,antimicrobial,94.349,1.1763,False,antimicrobial,93.587,1.1467,False,antimicrobial,XP_015637054.1 putative ABC transporter C family member 15 isoform X2 [Oryza sativa Japonica Group],1.027,0.265
XP_025879168.1,False,98.713,1.9511,False,NBS_LRR,98.812,1.9758,False,NBS_LRR,98.978,2.0252,False,NBS_LRR,XP_025879168.1 disease resistance protein RGA2 isoform X1 [Oryza sativa Japonica Group],0.099,0.265
XP_015622671.1,False,98.713,1.9511,False,NBS_LRR,98.812,1.9758,False,NBS_LRR,98.978,2.0252,False,NBS_LRR,XP_015622671.1 disease resistance protein RGA2 isoform X1 [Oryza sativa Japonica Group],0.099,0.265
XP_025879164.1,False,98.713,1.9511,False,NBS_LRR,98.812,1.9758,False,NBS_LRR,98.978,2.0252,False,NBS_LRR,XP_025879164.1 disease resistance protein RGA2 isoform X1 [Oryza sativa Japonica Group],0.099,0.265
XP_025879166.1,False,98.713,1.9511,False,NBS_LRR,98.812,1.9758,False,NBS_LRR,98.978,2.0252,False,NBS_LRR,XP_025879166.1 disease resistance protein RGA2 isoform X1 [Oryza sativa Japonica Group],0.099,0.265
XP_015622672.1,False,98.713,1.9511,False,NBS_LRR,98.812,1.9758,False,NBS_LRR,98.978,2.0252,False,NBS_LRR,XP_015622672.1 disease resistance protein RGA2 isoform X1 [Oryza sativa Japonica Group],0.099,0.265
XP_015622677.1,False,98.713,1.9511,False,NBS_LRR,98.812,1.9758,False,NBS_LRR,98.978,2.0252,False,NBS_LRR,XP_015622677.1 disease resistance protein RGA2 isoform X1 [Oryza sativa Japonica Group],0.099,0.265
XP_025879163.1,False,98.713,1.9511,False,NBS_LRR,98.812,1.9758,False,NBS_LRR,98.978,2.0252,False,NBS_LRR,XP_025879163.1 disease resistance protein RGA2 isoform X1 [Oryza sativa Japonica Group],0.099,0.265
XP_025879167.1,False,98.713,1.9511,False,NBS_LRR,98.812,1.9758,False,NBS_LRR,98.978,2.0252,False,NBS_LRR,XP_025879167.1 disease resistance protein RGA2 isoform X1 [Oryza sativa Japonica Group],0.099,0.265
XP_015619919.1,False,73.463,0.5665,False,defense_signaling,76.538,0.6063,False,defense_signaling,73.726,0.5835,False,antimicrobial,XP_015619919.1 uncharacterized protein LOC4352441 [Oryza sativa Japonica Group],3.075,0.263
XP_015634951.1,False,97.055,1.2967,False,RLK_defense,97.165,1.339,False,RLK_defense,97.315,1.3766,False,RLK_defense,XP_015634951.1 LRR receptor-like serine/threonine-protein kinase FLS2 [Oryza sativa Japonica Group],0.11,0.26
XP_015639840.1,False,82.574,0.6934,False,defense_signaling,82.835,0.695,False,defense_signaling,82.833,0.6952,False,defense_signaling,XP_015639840.1 golgin candidate 5 [Oryza sativa Japonica Group],0.261,0.259
XP_015647294.1,False,96.728,1.2836,False,antimicrobial,97.085,1.3033,False,antimicrobial,96.983,1.2928,False,antimicrobial,XP_015647294.1 ubiquitin carboxyl-terminal hydrolase 12 isoform X2 [Oryza sativa Japonica Group],0.357,0.255
XP_015638473.2,False,99.356,1.0673,True,defense_signaling,99.772,1.1217,True,defense_signaling,99.61,1.095,True,defense_signaling,XP_015638473.2 E3 ubiquitin-protein ligase UPL4 [Oryza sativa Japonica Group],0.416,0.254
XP_015612995.1,False,97.82,1.6446,False,NBS_LRR,98.133,1.6887,False,NBS_LRR,98.074,1.6671,False,NBS_LRR,XP_015612995.1 disease resistance protein Pik-1-like [Oryza sativa Japonica Group],0.313,0.254
XP_015627442.1,False,97.975,1.4978,False,RLK_defense,98.079,1.5267,False,RLK_defense,98.229,1.5445,False,RLK_defense,XP_015627442.1 receptor kinase-like protein Xa21 [Oryza sativa Japonica Group],0.104,0.254
XP_015615561.1,False,98.396,1.5681,False,RLK_defense,98.52,1.5939,False,RLK_defense,98.649,1.6122,False,RLK_defense,XP_015615561.1 receptor kinase-like protein Xa21 [Oryza sativa Japonica Group],0.124,0.253
XP_015646654.1,False,94.187,1.1797,False,cell_death_HR,94.563,1.1986,False,cell_death_HR,94.438,1.1928,False,cell_death_HR,XP_015646654.1 tRNA wybutosine-synthesizing protein 2/3/4 [Oryza sativa Japonica Group],0.376,0.251
XP_015630383.1,False,79.876,0.6555,False,defense_signaling,80.369,0.6607,False,defense_signaling,80.127,0.6578,False,defense_signaling,XP_015630383.1 protein unc-13 homolog [Oryza sativa Japonica Group],0.493,0.251
XP_015620076.1,False,98.707,1.3239,False,cell_death_HR,99.406,1.3724,True,cell_death_HR,98.955,1.3293,False,cell_death_HR,XP_015620076.1 regulatory-associated protein of TOR 1 isoform X1 [Oryza sativa Japonica Group],0.699,0.248
XP_015647293.1,False,96.735,1.2841,False,antimicrobial,97.113,1.304,False,antimicrobial,96.983,1.2928,False,antimicrobial,XP_015647293.1 ubiquitin carboxyl-terminal hydrolase 12 isoform X1 [Oryza sativa Japonica Group],0.378,0.248
XP_015615675.1,False,97.454,1.3958,False,NBS_LRR,97.564,1.4148,False,RLK_defense,97.701,1.4663,False,NBS_LRR,XP_015615675.1 probable LRR receptor-like serine/threonine-protein kinase At3g47570 [Oryza sativa Japonica Group],0.11,0.247
XP_015647213.1,False,96.298,0.9401,False,defense_signaling,97.95,0.9954,False,defense_signaling,96.545,1.1407,False,antimicrobial,XP_015647213.1 pre-mRNA-splicing factor ATP-dependent RNA helicase DEAH7 [Oryza sativa Japonica Group],1.652,0.247
XP_015620039.1,False,94.485,1.2616,False,NBS_LRR,93.541,1.0043,False,NBS_LRR,94.732,1.2725,False,NBS_LRR,XP_015620039.1 protein ENHANCED DOWNY MILDEW 2 isoform X1 [Oryza sativa Japonica Group],-0.944,0.247
XP_015620114.1,False,98.494,1.0152,False,defense_signaling,98.866,1.0392,False,defense_signaling,98.736,1.0291,False,defense_signaling,XP_015620114.1 trafficking protein particle complex II-specific subunit 130 homolog isoform X1 [Oryza sativa Japonica Group],0.372,0.242
XP_015620100.1,False,96.566,1.2746,False,antimicrobial,96.991,1.2984,False,antimicrobial,96.806,1.2852,False,antimicrobial,XP_015620100.1 ubiquitin carboxyl-terminal hydrolase 12 isoform X1 [Oryza sativa Japonica Group],0.425,0.24
XP_015617674.1,False,93.876,0.8826,False,defense_signaling,94.264,0.8919,False,defense_signaling,94.114,0.8882,False,defense_signaling,XP_015617674.1 probable sucrose-phosphate synthase 5 isoform X1 [Oryza sativa Japonica Group],0.388,0.238
XP_015645204.1,False,99.453,2.2486,True,NBS_LRR,99.619,2.2229,True,NBS_LRR,99.688,2.2272,True,NBS_LRR,XP_015645204.1 putative disease resistance RPP13-like protein 1 [Oryza sativa Japonica Group],0.166,0.235
XP_015630285.1,False,51.321,0.2601,False,defense_signaling,51.453,0.2615,False,defense_signaling,51.551,0.2612,False,defense_signaling,XP_015630285.1 uncharacterized protein LOC4332047 isoform X2 [Oryza sativa Japonica Group],0.132,0.23
XP_015620102.1,False,96.683,1.2813,False,antimicrobial,97.099,1.3036,False,antimicrobial,96.913,1.289,False,antimicrobial,XP_015620102.1 ubiquitin carboxyl-terminal hydrolase 12 isoform X3 [Oryza sativa Japonica Group],0.416,0.23
XP_015634175.1,False,98.139,1.7073,False,NBS_LRR,98.376,1.7364,False,NBS_LRR,98.364,1.7322,False,NBS_LRR,XP_015634175.1 uncharacterized protein LOC9272060 isoform X1 [Oryza sativa Japonica Group],0.237,0.225
XP_015634174.1,False,98.139,1.7073,False,NBS_LRR,98.376,1.7364,False,NBS_LRR,98.364,1.7322,False,NBS_LRR,XP_015634174.1 uncharacterized protein LOC9272060 isoform X1 [Oryza sativa Japonica Group],0.237,0.225
XP_015617878.1,False,98.539,1.5886,False,RLK_defense,98.6,1.6081,False,RLK_defense,98.76,1.6302,False,RLK_defense,XP_015617878.1 probable LRR receptor-like serine/threonine-protein kinase At3g47570 [Oryza sativa Japonica Group],0.061,0.221
XP_015643357.1,False,98.371,1.0088,False,defense_signaling,98.686,1.0292,False,defense_signaling,98.592,1.0205,False,defense_signaling,XP_015643357.1 cellulose synthase-like protein D2 [Oryza sativa Japonica Group],0.315,0.221
XP_015643356.1,False,98.371,1.0088,False,defense_signaling,98.686,1.0292,False,defense_signaling,98.592,1.0205,False,defense_signaling,XP_015643356.1 cellulose synthase-like protein D2 [Oryza sativa Japonica Group],0.315,0.221
XP_015618956.1,False,99.274,2.1891,True,NBS_LRR,99.549,2.2096,True,NBS_LRR,99.493,2.1895,True,NBS_LRR,XP_015618956.1 putative disease resistance protein RGA4 [Oryza sativa Japonica Group],0.275,0.219
XP_015617423.1,False,98.659,1.9307,False,NBS_LRR,98.969,2.0242,False,NBS_LRR,98.877,1.9876,False,NBS_LRR,XP_015617423.1 disease resistance protein RGA2 isoform X4 [Oryza sativa Japonica Group],0.31,0.218
XP_015631009.1,False,88.662,0.7889,False,defense_signaling,89.05,0.7945,False,defense_signaling,88.878,0.7925,False,defense_signaling,XP_015631009.1 uncharacterized protein LOC4331594 isoform X2 [Oryza sativa Japonica Group],0.388,0.216
XP_015641486.1,False,98.283,1.5484,False,RLK_defense,98.393,1.5716,False,RLK_defense,98.499,1.5873,False,RLK_defense,XP_015641486.1 receptor kinase-like protein Xa21 [Oryza sativa Japonica Group],0.11,0.216
XP_015636780.1,False,99.594,2.2788,True,NBS_LRR,99.751,2.2671,True,NBS_LRR,99.81,2.2707,True,NBS_LRR,XP_015636780.1 putative disease resistance RPP13-like protein 1 [Oryza sativa Japonica Group],0.157,0.216
XP_015635455.1,False,98.962,2.0618,False,NBS_LRR,99.234,2.1034,True,NBS_LRR,99.176,2.0937,True,NBS_LRR,XP_015635455.1 putative disease resistance protein RGA1 [Oryza sativa Japonica Group],0.272,0.214
XP_015636089.1,False,99.42,2.243,True,NBS_LRR,99.565,2.2169,True,NBS_LRR,99.627,2.2188,True,NBS_LRR,XP_015636089.1 putative disease resistance protein RGA1 [Oryza sativa Japonica Group],0.145,0.207
XP_015611230.1,False,95.969,1.2605,False,cell_death_HR,96.458,1.2934,False,cell_death_HR,96.171,1.2753,False,cell_death_HR,XP_015611230.1 type I inositol polyphosphate 5-phosphatase 13 [Oryza sativa Japonica Group],0.489,0.202
XP_015636023.1,False,61.434,0.3982,False,defense_signaling,61.967,0.4055,False,defense_signaling,61.634,0.4012,False,defense_signaling,XP_015636023.1 protein ROS1 [Oryza sativa Japonica Group],0.533,0.2
XP_015636024.1,False,61.434,0.3982,False,defense_signaling,61.967,0.4055,False,defense_signaling,61.634,0.4012,False,defense_signaling,XP_015636024.1 protein ROS1 [Oryza sativa Japonica Group],0.533,0.2
XP_015617422.1,False,98.659,1.9307,False,NBS_LRR,98.962,2.0204,False,NBS_LRR,98.858,1.9801,False,NBS_LRR,XP_015617422.1 disease resistance protein RGA2 isoform X3 [Oryza sativa Japonica Group],0.303,0.199
XP_015647402.2,False,96.445,1.2065,False,cell_death_HR,96.59,1.2787,False,cell_death_HR,96.641,1.3019,False,cell_death_HR,XP_015647402.2 uncharacterized protein LOC4343146 isoform X1 [Oryza sativa Japonica Group],0.145,0.196
XP_015617843.1,False,98.75,1.973,False,NBS_LRR,98.905,2.001,False,NBS_LRR,98.945,2.0127,False,NBS_LRR,XP_015617843.1 putative disease resistance protein RGA4 [Oryza sativa Japonica Group],0.155,0.195
XP_015635636.1,False,98.938,1.4926,False,cell_death_HR,99.072,1.5096,True,cell_death_HR,99.129,1.5142,True,cell_death_HR,XP_015635636.1 FACT complex subunit SPT16 [Oryza sativa Japonica Group],0.134,0.191
XP_015621030.1,False,99.749,1.8066,True,RLK_defense,99.904,1.8594,True,RLK_defense,99.937,1.8978,True,RLK_defense,XP_015621030.1 brassinosteroid LRR receptor kinase BRI1 [Oryza sativa Japonica Group],0.155,0.188
XP_025877099.1,False,99.584,2.2778,True,NBS_LRR,99.739,2.2623,True,NBS_LRR,99.77,2.2521,True,NBS_LRR,XP_025877099.1 putative disease resistance protein RGA3 [Oryza sativa Japonica Group],0.155,0.186
XP_015630286.1,False,51.742,0.2655,False,defense_signaling,51.836,0.2663,False,defense_signaling,51.927,0.2658,False,defense_signaling,XP_015630286.1 uncharacterized protein LOC4332047 isoform X3 [Oryza sativa Japonica Group],0.094,0.185
XP_015626333.1,False,99.455,2.2498,True,NBS_LRR,99.627,2.2261,True,NBS_LRR,99.638,2.221,True,NBS_LRR,XP_015626333.1 putative disease resistance RPP13-like protein 1 [Oryza sativa Japonica Group],0.172,0.183
XP_015642844.1,False,97.52,1.3984,False,RLK_defense,97.592,1.4204,False,RLK_defense,97.703,1.4426,False,RLK_defense,XP_015642844.1 receptor kinase-like protein Xa21 isoform X1 [Oryza sativa Japonica Group],0.072,0.183
XP_015636115.1,False,99.427,2.2442,True,NBS_LRR,99.601,2.2199,True,NBS_LRR,99.61,2.2155,True,NBS_LRR,XP_015636115.1 putative disease resistance protein RGA1 isoform X2 [Oryza sativa Japonica Group],0.174,0.183
XP_015620101.1,False,96.625,1.2778,False,antimicrobial,97.015,1.2997,False,antimicrobial,96.806,1.2852,False,antimicrobial,XP_015620101.1 ubiquitin carboxyl-terminal hydrolase 12 isoform X2 [Oryza sativa Japonica Group],0.39,0.181
XP_015636333.1,False,99.746,1.1116,True,defense_signaling,99.922,1.164,True,defense_signaling,99.927,1.1569,True,defense_signaling,XP_015636333.1 eIF-2-alpha kinase GCN2 isoform X4 [Oryza sativa Japonica Group],0.176,0.181
XP_015637016.1,False,99.072,2.101,True,NBS_LRR,99.251,2.1126,True,NBS_LRR,99.251,2.1149,True,NBS_LRR,XP_015637016.1 disease resistance protein Pik-2-like [Oryza sativa Japonica Group],0.179,0.179
XP_015615773.1,False,89.614,1.0046,False,antimicrobial,89.611,1.0264,False,antimicrobial,89.787,1.0309,False,antimicrobial,XP_015615773.1 ubiquitin-like modifier-activating enzyme atg7 isoform X1 [Oryza sativa Japonica Group],-0.003,0.173
XP_015615781.1,False,89.658,1.003,False,antimicrobial,89.59,1.026,False,antimicrobial,89.83,1.0318,False,antimicrobial,XP_015615781.1 ubiquitin-like modifier-activating enzyme atg7 isoform X2 [Oryza sativa Japonica Group],-0.068,0.172
XP_015614346.1,False,97.367,1.5822,False,NBS_LRR,96.082,1.4069,False,NBS_LRR,97.538,1.5723,False,NBS_LRR,XP_015614346.1 uncharacterized protein LOC4349244 [Oryza sativa Japonica Group],-1.285,0.171
XP_015631507.1,False,96.883,1.2903,False,antimicrobial,96.961,1.2963,False,antimicrobial,97.052,1.2961,False,antimicrobial,XP_015631507.1 probable ubiquitin conjugation factor E4 [Oryza sativa Japonica Group],0.078,0.169
XP_015648437.1,False,97.595,1.4168,False,RLK_defense,97.649,1.4339,False,RLK_defense,97.764,1.453,False,RLK_defense,XP_015648437.1 LRR receptor-like serine/threonine-protein kinase [Oryza sativa Japonica Group],0.054,0.169
XP_015622260.1,False,99.396,2.2343,True,NBS_LRR,99.412,2.1769,True,NBS_LRR,99.563,2.2067,True,NBS_LRR,XP_015622260.1 putative disease resistance RPP13-like protein 1 isoform X1 [Oryza sativa Japonica Group],0.016,0.167
XP_015622262.1,False,99.396,2.2343,True,NBS_LRR,99.446,2.1798,True,NBS_LRR,99.563,2.2067,True,NBS_LRR,XP_015622262.1 putative disease resistance RPP13-like protein 1 isoform X2 [Oryza sativa Japonica Group],0.05,0.167
XP_015625862.1,False,64.578,0.4419,False,defense_signaling,66.769,0.4721,False,defense_signaling,64.745,0.4428,False,defense_signaling,XP_015625862.1 uncharacterized protein LOC107277268 isoform X2 [Oryza sativa Japonica Group],2.191,0.167
XP_015617784.2,False,98.271,1.5473,False,RLK_defense,98.342,1.5634,False,RLK_defense,98.438,1.5784,False,RLK_defense,XP_015617784.2 LOW QUALITY PROTEIN: LRR receptor-like serine/threonine-protein kinase EFR [Oryza sativa Japonica Group],0.071,0.167
XP_015622261.1,False,99.396,2.2343,True,NBS_LRR,99.412,2.1769,True,NBS_LRR,99.563,2.2067,True,NBS_LRR,XP_015622261.1 putative disease resistance RPP13-like protein 1 isoform X1 [Oryza sativa Japonica Group],0.016,0.167
XP_015649819.1,False,83.479,0.8645,False,cell_death_HR,83.584,0.875,False,antimicrobial,83.645,0.8569,False,cell_death_HR,XP_015649819.1 DNA-directed RNA polymerase II subunit 1 [Oryza sativa Japonica Group],0.105,0.166
XP_015636114.1,False,99.408,2.2388,True,NBS_LRR,99.558,2.2152,True,NBS_LRR,99.573,2.2108,True,NBS_LRR,XP_015636114.1 putative disease resistance protein RGA1 isoform X1 [Oryza sativa Japonica Group],0.15,0.165
XP_015614893.1,False,99.472,2.2526,True,NBS_LRR,99.61,2.2208,True,NBS_LRR,99.636,2.2202,True,NBS_LRR,XP_015614893.1 disease resistance protein Pik-2-like isoform X1 [Oryza sativa Japonica Group],0.138,0.164
XP_025879272.1,False,97.764,1.4541,False,RLK_defense,97.809,1.4764,False,RLK_defense,97.919,1.4966,False,RLK_defense,XP_025879272.1 probable LRR receptor-like serine/threonine-protein kinase At3g47570 [Oryza sativa Japonica Group],0.045,0.155
XP_015614501.1,False,97.729,1.3729,False,cell_death_HR,97.794,1.3817,False,cell_death_HR,97.879,1.3667,False,cell_death_HR,XP_015614501.1 phospholipid-transporting ATPase 3 isoform X2 [Oryza sativa Japonica Group],0.065,0.15
XP_015615300.1,False,96.237,0.9386,False,defense_signaling,96.66,0.9601,False,antimicrobial,96.385,1.0196,False,antimicrobial,XP_015615300.1 ABC transporter G family member 28 isoform X1 [Oryza sativa Japonica Group],0.423,0.148
XP_015617844.1,False,98.992,2.074,False,NBS_LRR,99.147,2.0772,True,NBS_LRR,99.138,2.0733,True,NBS_LRR,XP_015617844.1 putative disease resistance protein RGA3 [Oryza sativa Japonica Group],0.155,0.146
XP_015636003.1,False,99.601,2.2862,True,NBS_LRR,99.262,2.1178,True,NBS_LRR,99.746,2.2472,True,NBS_LRR,XP_015636003.1 uncharacterized protein LOC4337041 [Oryza sativa Japonica Group],-0.339,0.145
XP_025881902.1,False,99.385,2.2276,True,NBS_LRR,99.49,2.1898,True,NBS_LRR,99.526,2.203,True,NBS_LRR,XP_025881902.1 disease resistance protein RGA2 isoform X3 [Oryza sativa Japonica Group],0.105,0.141
XP_015617420.1,False,98.659,1.9307,False,NBS_LRR,98.936,2.0087,False,NBS_LRR,98.8,1.95,False,NBS_LRR,XP_015617420.1 disease resistance protein RGA2 isoform X2 [Oryza sativa Japonica Group],0.277,0.141
XP_015615796.1,False,97.597,1.4185,False,RLK_defense,97.647,1.4338,False,RLK_defense,97.736,1.4627,False,NBS_LRR,XP_015615796.1 probable LRR receptor-like serine/threonine-protein kinase At3g47570 [Oryza sativa Japonica Group],0.05,0.139
XP_015626258.1,False,98.004,1.5021,False,RLK_defense,98.034,1.5187,False,RLK_defense,98.142,1.5324,False,RLK_defense,XP_015626258.1 probable LRR receptor-like serine/threonine-protein kinase At3g47570 [Oryza sativa Japonica Group],0.03,0.138
XP_015640727.1,True,99.481,2.2575,True,NBS_LRR,99.509,2.1977,True,NBS_LRR,99.617,2.2171,True,NBS_LRR,XP_015640727.1 putative disease resistance protein RGA4 [Oryza sativa Japonica Group],0.028,0.136
XP_025878574.1,False,99.312,2.2016,True,NBS_LRR,99.598,2.2197,True,NBS_LRR,99.448,2.1796,True,NBS_LRR,XP_025878574.1 putative disease resistance protein RGA3 [Oryza sativa Japonica Group],0.286,0.136
XP_015642988.1,False,99.582,1.7407,True,RLK_defense,99.657,1.7642,True,RLK_defense,99.716,1.7912,True,RLK_defense,XP_015642988.1 tyrosine-sulfated glycopeptide receptor 1 [Oryza sativa Japonica Group],0.075,0.134
XP_015626109.1,False,90.365,1.0447,False,cell_death_HR,94.703,0.9015,False,defense_signaling,90.497,1.0376,False,cell_death_HR,XP_015626109.1 protein TSS [Oryza sativa Japonica Group],4.338,0.132
XP_015635403.1,False,97.412,1.5844,False,NBS_LRR,99.852,1.145,True,defense_signaling,97.543,1.5243,False,NBS_LRR,XP_015635403.1 LOW QUALITY PROTEIN: uncharacterized protein LOC9266263 [Oryza sativa Japonica Group],2.44,0.131
XP_015650355.1,False,96.056,1.226,False,cell_death_HR,95.845,1.2546,False,cell_death_HR,96.186,1.2759,False,cell_death_HR,XP_015650355.1 helicase-like transcription factor CHR28 [Oryza sativa Japonica Group],-0.211,0.13
XP_015624609.1,False,96.402,1.2488,False,NBS_LRR,96.453,1.2544,False,NBS_LRR,96.531,1.246,False,NBS_LRR,XP_015624609.1 receptor-like protein 3 [Oryza sativa Japonica Group],0.051,0.129
XP_025876331.1,False,99.627,2.2899,True,NBS_LRR,99.718,2.2525,True,NBS_LRR,99.756,2.2479,True,NBS_LRR,XP_025876331.1 putative disease resistance RPP13-like protein 1 [Oryza sativa Japonica Group],0.091,0.129
XP_015612169.1,False,98.91,2.0455,False,NBS_LRR,98.981,2.0359,False,NBS_LRR,99.037,2.0421,True,NBS_LRR,XP_015612169.1 putative disease resistance protein RGA1 isoform X1 [Oryza sativa Japonica Group],0.071,0.127
XP_015616479.1,False,98.757,1.9765,False,NBS_LRR,98.882,1.991,False,NBS_LRR,98.884,1.9924,False,NBS_LRR,XP_015616479.1 disease resistance protein Pikm1-TS-like isoform X1 [Oryza sativa Japonica Group],0.125,0.127
XP_025878856.1,False,97.555,1.5792,False,NBS_LRR,97.743,1.6011,False,NBS_LRR,97.682,1.5918,False,NBS_LRR,XP_025878856.1 probable leucine-rich repeat receptor-like protein kinase At1g35710 [Oryza sativa Japonica Group],0.188,0.127
XP_015631008.1,False,88.827,0.7917,False,defense_signaling,89.097,0.7956,False,defense_signaling,88.954,0.7933,False,defense_signaling,XP_015631008.1 uncharacterized protein LOC4331594 isoform X1 [Oryza sativa Japonica Group],0.27,0.127
XP_015643215.1,False,98.574,1.8806,False,NBS_LRR,98.161,1.6937,False,NBS_LRR,98.699,1.9026,False,NBS_LRR,XP_015643215.1 uncharacterized protein LOC4341646 isoform X2 [Oryza sativa Japonica Group],-0.413,0.125
XP_015630439.1,False,99.758,1.5763,True,antimicrobial,99.901,1.6497,True,antimicrobial,99.883,1.6294,True,antimicrobial,XP_015630439.1 probable aldehyde oxidase 2 [Oryza sativa Japonica Group],0.143,0.125
XP_015616322.1,False,62.015,0.3602,False,RLK_defense,62.95,0.3726,False,RLK_defense,62.137,0.36,False,RLK_defense,XP_015616322.1 uncharacterized protein LOC107279392 [Oryza sativa Japonica Group],0.935,0.122
XP_015644099.1,False,99.622,2.2888,True,NBS_LRR,99.81,2.2807,True,NBS_LRR,99.742,2.2462,True,NBS_LRR,XP_015644099.1 putative disease resistance protein RGA3 isoform X2 [Oryza sativa Japonica Group],0.188,0.12
XP_015644707.1,False,99.356,2.2191,True,NBS_LRR,99.208,2.0943,True,NBS_LRR,99.476,2.1846,True,NBS_LRR,XP_015644707.1 disease resistance protein RGA2 [Oryza sativa Japonica Group],-0.148,0.12
XP_015644098.1,False,99.622,2.2888,True,NBS_LRR,99.743,2.2656,True,NBS_LRR,99.742,2.2462,True,NBS_LRR,XP_015644098.1 putative disease resistance protein RGA3 isoform X1 [Oryza sativa Japonica Group],0.121,0.12
XP_025882112.1,False,99.622,2.2888,True,NBS_LRR,99.743,2.2656,True,NBS_LRR,99.742,2.2462,True,NBS_LRR,XP_025882112.1 putative disease resistance protein RGA3 isoform X1 [Oryza sativa Japonica Group],0.121,0.12
XP_015612581.1,False,99.605,1.2004,True,antimicrobial,99.953,1.1812,True,defense_signaling,99.718,1.1911,True,antimicrobial,"XP_015612581.1 tRNase Z TRZ3, mitochondrial isoform X2 [Oryza sativa Japonica Group]",0.348,0.113
XP_015626249.1,False,96.58,1.2063,False,PR_proteins,97.25,1.2455,False,antimicrobial,96.691,1.2608,False,antimicrobial,XP_015626249.1 probable pre-mRNA-splicing factor ATP-dependent RNA helicase DEAH5 [Oryza sativa Japonica Group],0.67,0.111
XP_015650904.1,False,99.241,2.1812,True,NBS_LRR,99.27,2.1196,True,NBS_LRR,99.352,2.1541,True,NBS_LRR,XP_015650904.1 putative disease resistance protein RGA3 [Oryza sativa Japonica Group],0.029,0.111
XP_015642966.1,False,98.786,1.284,False,PR_proteins,98.884,1.3079,False,PR_proteins,98.896,1.3343,False,antimicrobial,XP_015642966.1 subtilisin-like protease SBT6.1 [Oryza sativa Japonica Group],0.098,0.11
XP_015649233.1,False,73.935,0.5422,False,RLK_defense,74.417,0.5482,False,RLK_defense,74.043,0.5422,False,RLK_defense,XP_015649233.1 uncharacterized protein LOC107281912 [Oryza sativa Japonica Group],0.482,0.108
XP_015615734.1,False,99.389,2.2327,True,NBS_LRR,99.335,2.1463,True,NBS_LRR,99.497,2.1919,True,NBS_LRR,XP_015615734.1 disease resistance protein RGA4-like [Oryza sativa Japonica Group],-0.054,0.108
XP_015643214.1,False,99.443,2.2452,True,NBS_LRR,98.487,1.7959,False,NBS_LRR,99.551,2.2053,True,NBS_LRR,XP_015643214.1 uncharacterized protein LOC4341646 isoform X1 [Oryza sativa Japonica Group],-0.956,0.108
XP_015614946.1,False,99.744,1.5712,True,antimicrobial,99.892,1.6403,True,antimicrobial,99.85,1.6134,True,antimicrobial,XP_015614946.1 probable aldehyde oxidase 1 [Oryza sativa Japonica Group],0.148,0.106
XP_015617416.1,False,98.659,1.9307,False,NBS_LRR,98.921,2.0047,False,NBS_LRR,98.763,1.9408,False,NBS_LRR,XP_015617416.1 disease resistance protein RGA2 isoform X1 [Oryza sativa Japonica Group],0.262,0.104
XP_015616379.2,False,98.89,2.0327,False,NBS_LRR,98.794,1.9741,False,NBS_LRR,98.994,2.0289,False,NBS_LRR,XP_015616379.2 disease resistance protein PIK5-NP [Oryza sativa Japonica Group],-0.096,0.104
XP_015617414.1,False,98.659,1.9307,False,NBS_LRR,98.921,2.0047,False,NBS_LRR,98.763,1.9408,False,NBS_LRR,XP_015617414.1 disease resistance protein RGA2 isoform X1 [Oryza sativa Japonica Group],0.262,0.104
XP_015617417.1,False,98.659,1.9307,False,NBS_LRR,98.921,2.0047,False,NBS_LRR,98.763,1.9408,False,NBS_LRR,XP_015617417.1 disease resistance protein RGA2 isoform X1 [Oryza sativa Japonica Group],0.262,0.104
XP_015617418.1,False,98.659,1.9307,False,NBS_LRR,98.921,2.0047,False,NBS_LRR,98.763,1.9408,False,NBS_LRR,XP_015617418.1 disease resistance protein RGA2 isoform X1 [Oryza sativa Japonica Group],0.262,0.104
XP_015617419.1,False,98.659,1.9307,False,NBS_LRR,98.921,2.0047,False,NBS_LRR,98.763,1.9408,False,NBS_LRR,XP_015617419.1 disease resistance protein RGA2 isoform X1 [Oryza sativa Japonica Group],0.262,0.104
XP_025876967.1,False,98.659,1.9307,False,NBS_LRR,98.921,2.0047,False,NBS_LRR,98.763,1.9408,False,NBS_LRR,XP_025876967.1 disease resistance protein RGA2 isoform X1 [Oryza sativa Japonica Group],0.262,0.104
XP_025877115.1,False,98.89,2.0327,False,NBS_LRR,98.794,1.9741,False,NBS_LRR,98.994,2.0289,False,NBS_LRR,XP_025877115.1 disease resistance protein PIK5-NP [Oryza sativa Japonica Group],-0.096,0.104
XP_025877752.1,False,96.81,1.2875,False,antimicrobial,97.12,1.3045,False,antimicrobial,96.913,1.289,False,antimicrobial,XP_025877752.1 ubiquitin carboxyl-terminal hydrolase 12 isoform X5 [Oryza sativa Japonica Group],0.31,0.103
XP_015632811.1,False,89.353,1.0205,False,antimicrobial,89.698,1.0283,False,antimicrobial,89.456,1.0229,False,antimicrobial,XP_015632811.1 DNA-directed RNA polymerase III subunit 2 isoform X2 [Oryza sativa Japonica Group],0.345,0.103
XP_025878942.1,False,99.435,2.2445,True,NBS_LRR,99.684,2.2337,True,NBS_LRR,99.536,2.2031,True,NBS_LRR,XP_025878942.1 disease resistance protein RGA2 isoform X1 [Oryza sativa Japonica Group],0.249,0.101
XP_025878941.1,False,99.435,2.2445,True,NBS_LRR,99.684,2.2337,True,NBS_LRR,99.536,2.2031,True,NBS_LRR,XP_025878941.1 disease resistance protein RGA2 isoform X1 [Oryza sativa Japonica Group],0.249,0.101
XP_025878945.1,False,99.435,2.2445,True,NBS_LRR,99.684,2.2337,True,NBS_LRR,99.536,2.2031,True,NBS_LRR,XP_025878945.1 disease resistance protein RGA2 isoform X1 [Oryza sativa Japonica Group],0.249,0.101
XP_025878944.1,False,99.435,2.2445,True,NBS_LRR,99.684,2.2337,True,NBS_LRR,99.536,2.2031,True,NBS_LRR,XP_025878944.1 disease resistance protein RGA2 isoform X1 [Oryza sativa Japonica Group],0.249,0.101
XP_025878943.1,False,99.435,2.2445,True,NBS_LRR,99.684,2.2337,True,NBS_LRR,99.536,2.2031,True,NBS_LRR,XP_025878943.1 disease resistance protein RGA2 isoform X1 [Oryza sativa Japonica Group],0.249,0.101
XP_015618229.1,False,99.678,2.2987,True,NBS_LRR,99.756,2.27,True,NBS_LRR,99.779,2.257,True,NBS_LRR,XP_015618229.1 putative disease resistance RPP13-like protein 1 [Oryza sativa Japonica Group],0.078,0.101
XP_025878940.1,False,99.435,2.2445,True,NBS_LRR,99.684,2.2337,True,NBS_LRR,99.536,2.2031,True,NBS_LRR,XP_025878940.1 disease resistance protein RGA2 isoform X1 [Oryza sativa Japonica Group],0.249,0.101
XP_025879148.1,False,98.44,1.8036,False,NBS_LRR,98.544,1.8348,False,NBS_LRR,98.539,1.8282,False,NBS_LRR,XP_025879148.1 putative disease resistance protein RGA3 [Oryza sativa Japonica Group],0.104,0.099
XP_025875883.1,False,98.762,1.9783,False,NBS_LRR,98.84,1.9843,False,NBS_LRR,98.861,1.9803,False,NBS_LRR,XP_025875883.1 putative disease resistance protein RGA3 [Oryza sativa Japonica Group],0.078,0.099
XP_025877533.1,False,99.668,2.2974,True,NBS_LRR,99.731,2.2569,True,NBS_LRR,99.766,2.252,True,NBS_LRR,XP_025877533.1 putative disease resistance protein RGA4 [Oryza sativa Japonica Group],0.063,0.098
XP_025877532.1,False,99.668,2.2974,True,NBS_LRR,99.731,2.2569,True,NBS_LRR,99.766,2.252,True,NBS_LRR,XP_025877532.1 putative disease resistance protein RGA4 [Oryza sativa Japonica Group],0.063,0.098
XP_015615532.1,False,98.635,1.9187,False,NBS_LRR,98.682,1.9037,False,NBS_LRR,98.732,1.9232,False,NBS_LRR,XP_015615532.1 disease resistance protein PIK6-NP-like [Oryza sativa Japonica Group],0.047,0.097
XP_015642370.1,False,97.529,1.3995,False,RLK_defense,97.557,1.4142,False,RLK_defense,97.625,1.4311,False,NBS_LRR,XP_015642370.1 receptor kinase-like protein Xa21 [Oryza sativa Japonica Group],0.028,0.096
XP_025881354.1,False,81.989,0.6855,False,defense_signaling,82.234,0.6871,False,defense_signaling,82.083,0.6854,False,defense_signaling,XP_025881354.1 probable ubiquitin-conjugating enzyme E2 23 [Oryza sativa Japonica Group],0.245,0.094
XP_015641591.1,False,97.672,1.4317,False,RLK_defense,97.74,1.4532,False,RLK_defense,97.766,1.4536,False,RLK_defense,XP_015641591.1 receptor kinase-like protein Xa21 [Oryza sativa Japonica Group],0.068,0.094
XP_015612318.1,False,99.836,2.3625,True,NBS_LRR,99.915,2.3293,True,NBS_LRR,99.93,2.3216,True,NBS_LRR,XP_015612318.1 putative disease resistance protein RGA3 [Oryza sativa Japonica Group],0.079,0.094
XP_015611507.1,False,97.383,0.9715,False,defense_signaling,93.78,0.8822,False,defense_signaling,97.477,1.351,False,cell_death_HR,XP_015611507.1 E3 ubiquitin-protein ligase UPL1 isoform X2 [Oryza sativa Japonica Group],-3.603,0.094
XP_015634890.1,False,95.911,1.4055,False,NBS_LRR,96.042,1.4019,False,NBS_LRR,95.998,1.3971,False,NBS_LRR,XP_015634890.1 uncharacterized protein LOC4336770 [Oryza sativa Japonica Group],0.131,0.087
XP_015612170.1,False,98.802,1.9898,False,NBS_LRR,98.835,1.9783,False,NBS_LRR,98.887,1.9928,False,NBS_LRR,XP_015612170.1 putative disease resistance protein RGA3 isoform X2 [Oryza sativa Japonica Group],0.033,0.085
XP_015651419.1,False,96.73,1.2022,False,RLK_defense,96.761,1.2143,False,RLK_defense,96.813,1.2316,False,RLK_defense,XP_015651419.1 LRR receptor-like serine/threonine-protein kinase [Oryza sativa Japonica Group],0.031,0.083
XP_015631280.1,False,65.317,0.4516,False,defense_signaling,65.507,0.4531,False,defense_signaling,65.399,0.4528,False,defense_signaling,XP_015631280.1 filament-like plant protein 4 [Oryza sativa Japonica Group],0.19,0.082
XP_015631279.1,False,65.317,0.4516,False,defense_signaling,65.507,0.4531,False,defense_signaling,65.399,0.4528,False,defense_signaling,XP_015631279.1 filament-like plant protein 4 [Oryza sativa Japonica Group],0.19,0.082
XP_015631762.1,False,96.289,1.2026,False,antimicrobial,97.127,1.3051,False,antimicrobial,96.371,1.2643,False,antimicrobial,"XP_015631762.1 protein SUPPRESSOR OF QUENCHING 1, chloroplastic isoform X4 [Oryza sativa Japonica Group]",0.838,0.082
XP_015626059.1,False,99.913,1.1559,True,defense_signaling,99.984,1.1951,True,defense_signaling,99.993,1.204,True,defense_signaling,XP_015626059.1 probable serine/threonine-protein kinase SIS8 [Oryza sativa Japonica Group],0.071,0.08
XP_015636791.1,False,99.746,2.3107,True,NBS_LRR,99.814,2.282,True,NBS_LRR,99.826,2.2784,True,NBS_LRR,XP_015636791.1 putative disease resistance RPP13-like protein 1 [Oryza sativa Japonica Group],0.068,0.08
XP_015629988.1,False,99.681,2.2989,True,NBS_LRR,99.725,2.2542,True,NBS_LRR,99.76,2.2497,True,NBS_LRR,XP_015629988.1 putative disease resistance protein RGA3 [Oryza sativa Japonica Group],0.044,0.079
XP_015614894.1,False,99.578,2.2759,True,NBS_LRR,99.63,2.2261,True,NBS_LRR,99.656,2.2225,True,NBS_LRR,XP_015614894.1 disease resistance protein Pik-2-like isoform X2 [Oryza sativa Japonica Group],0.052,0.078
XP_025876642.1,False,99.578,2.2759,True,NBS_LRR,99.63,2.2261,True,NBS_LRR,99.656,2.2225,True,NBS_LRR,XP_025876642.1 disease resistance protein Pik-2-like isoform X2 [Oryza sativa Japonica Group],0.052,0.078
XP_015632775.1,False,99.082,1.4491,True,antimicrobial,99.171,1.4538,True,antimicrobial,99.158,1.4506,True,antimicrobial,"XP_015632775.1 valine--tRNA ligase, mitochondrial 1 isoform X2 [Oryza sativa Japonica Group]",0.089,0.076
XP_015647644.1,False,98.788,1.9787,False,NBS_LRR,98.95,2.0127,False,NBS_LRR,98.863,1.9806,False,NBS_LRR,XP_015647644.1 putative disease resistance protein RGA3 [Oryza sativa Japonica Group],0.162,0.075
XP_015614421.1,False,99.594,1.6209,True,cell_death_HR,99.659,1.6394,True,cell_death_HR,99.669,1.641,True,cell_death_HR,XP_015614421.1 phospholipase D gamma 1 [Oryza sativa Japonica Group],0.065,0.075
XP_015643030.1,False,99.324,1.5532,True,cell_death_HR,99.429,1.5077,True,cell_death_HR,99.399,1.5474,True,cell_death_HR,"XP_015643030.1 glycine--tRNA ligase, chloroplastic/mitochondrial 2 isoform X3 [Oryza sativa Japonica Group]",0.105,0.075
XP_015642426.2,False,99.603,1.7479,True,RLK_defense,99.631,1.7594,True,RLK_defense,99.678,1.775,True,RLK_defense,XP_015642426.2 tyrosine-sulfated glycopeptide receptor 1 [Oryza sativa Japonica Group],0.028,0.075
XP_015624498.1,False,98.887,2.0319,False,NBS_LRR,98.971,2.0253,False,NBS_LRR,98.962,2.0215,False,NBS_LRR,XP_015624498.1 disease resistance protein RGA2 isoform X1 [Oryza sativa Japonica Group],0.084,0.075
XP_015630957.1,False,99.481,1.5003,True,antimicrobial,99.556,1.51,True,antimicrobial,99.554,1.5083,True,antimicrobial,"XP_015630957.1 valine--tRNA ligase, mitochondrial 1 [Oryza sativa Japonica Group]",0.075,0.073
XP_015629845.1,False,99.659,1.5395,True,antimicrobial,99.723,1.5509,True,antimicrobial,99.732,1.5567,True,antimicrobial,XP_015629845.1 phosphoenolpyruvate carboxylase 4 [Oryza sativa Japonica Group],0.064,0.073
XP_025880762.1,False,97.12,1.3527,False,NBS_LRR,97.163,1.3747,False,NBS_LRR,97.193,1.3783,False,NBS_LRR,XP_025880762.1 wall-associated receptor kinase-like 3 [Oryza sativa Japonica Group],0.043,0.073
XP_015647538.1,False,98.584,1.8827,False,NBS_LRR,98.626,1.8685,False,NBS_LRR,98.656,1.8848,False,NBS_LRR,XP_015647538.1 disease resistance protein PIK6-NP-like [Oryza sativa Japonica Group],0.042,0.072
XP_015643029.1,False,99.307,1.5495,True,cell_death_HR,99.425,1.4997,True,cell_death_HR,99.378,1.5436,True,cell_death_HR,"XP_015643029.1 glycine--tRNA ligase, chloroplastic/mitochondrial 2 isoform X2 [Oryza sativa Japonica Group]",0.118,0.071
XP_015638846.1,False,98.58,1.449,False,cell_death_HR,98.634,1.4563,False,cell_death_HR,98.651,1.4548,False,cell_death_HR,"XP_015638846.1 PH, RCC1 and FYVE domains-containing protein 1 [Oryza sativa Japonica Group]",0.054,0.071
XP_015638845.1,False,98.58,1.449,False,cell_death_HR,98.634,1.4563,False,cell_death_HR,98.651,1.4548,False,cell_death_HR,"XP_015638845.1 PH, RCC1 and FYVE domains-containing protein 1 [Oryza sativa Japonica Group]",0.054,0.071
XP_025883431.1,False,99.262,2.1858,True,NBS_LRR,99.016,2.0449,True,NBS_LRR,99.333,2.1496,True,NBS_LRR,XP_025883431.1 uncharacterized protein LOC4344796 isoform X1 [Oryza sativa Japonica Group],-0.246,0.071
XP_015615761.1,False,98.473,1.8291,False,NBS_LRR,98.539,1.8325,False,NBS_LRR,98.544,1.8359,False,NBS_LRR,XP_015615761.1 disease resistance protein PIK5-NP-like [Oryza sativa Japonica Group],0.066,0.071
XP_015630438.1,False,99.784,1.5897,True,antimicrobial,99.897,1.6453,True,antimicrobial,99.854,1.6169,True,antimicrobial,XP_015630438.1 probable aldehyde oxidase 3 [Oryza sativa Japonica Group],0.113,0.07
XP_015616935.1,False,99.629,2.2901,True,NBS_LRR,99.699,2.2374,True,NBS_LRR,99.697,2.2342,True,NBS_LRR,XP_015616935.1 putative disease resistance protein RGA4 isoform X2 [Oryza sativa Japonica Group],0.07,0.068
XP_015618159.1,False,98.191,1.7191,False,NBS_LRR,98.252,1.7176,False,NBS_LRR,98.257,1.721,False,NBS_LRR,XP_015618159.1 disease resistance protein RGA4-like [Oryza sativa Japonica Group],0.061,0.066
XP_015630681.1,False,99.133,1.0501,True,defense_signaling,99.446,1.0822,True,defense_signaling,99.197,1.0563,True,defense_signaling,XP_015630681.1 protein TORNADO 1-like isoform X1 [Oryza sativa Japonica Group],0.313,0.064
XP_015626096.1,False,97.402,1.2527,False,PR_proteins,97.494,1.2578,False,PR_proteins,97.466,1.2533,False,PR_proteins,XP_015626096.1 protein argonaute 1A isoform X1 [Oryza sativa Japonica Group],0.092,0.064
XP_015614502.1,False,97.816,1.3822,False,cell_death_HR,97.642,1.3672,False,cell_death_HR,97.879,1.3759,False,cell_death_HR,XP_015614502.1 phospholipid-transporting ATPase 3 isoform X3 [Oryza sativa Japonica Group],-0.174,0.063
XP_015619689.1,False,99.569,2.2756,True,NBS_LRR,99.623,2.2233,True,NBS_LRR,99.632,2.2199,True,NBS_LRR,XP_015619689.1 putative disease resistance protein RGA4 [Oryza sativa Japonica Group],0.054,0.063
XP_025877789.1,False,99.569,2.2756,True,NBS_LRR,99.623,2.2233,True,NBS_LRR,99.632,2.2199,True,NBS_LRR,XP_025877789.1 putative disease resistance protein RGA4 [Oryza sativa Japonica Group],0.054,0.063
XP_015617680.1,False,99.565,2.2751,True,NBS_LRR,99.615,2.222,True,NBS_LRR,99.624,2.218,True,NBS_LRR,XP_015617680.1 putative disease resistance protein RGA4 [Oryza sativa Japonica Group],0.05,0.059
XP_015642847.1,False,97.865,1.4789,False,RLK_defense,97.849,1.4855,False,RLK_defense,97.924,1.4979,False,RLK_defense,XP_015642847.1 receptor kinase-like protein Xa21 [Oryza sativa Japonica Group],-0.016,0.059
XP_015623546.1,False,93.224,0.8695,False,defense_signaling,95.199,0.9124,False,defense_signaling,93.282,0.8709,False,defense_signaling,XP_015623546.1 kinesin-like protein KIN-4C [Oryza sativa Japonica Group],1.975,0.058
XP_015646871.1,False,99.421,1.0752,True,defense_signaling,99.819,1.1303,True,defense_signaling,99.479,1.0791,True,defense_signaling,XP_015646871.1 E3 ubiquitin-protein ligase SHPRH isoform X3 [Oryza sativa Japonica Group],0.398,0.058
XP_025881390.1,False,98.828,1.6341,False,RLK_defense,98.891,1.6483,False,RLK_defense,98.884,1.6454,False,RLK_defense,XP_025881390.1 probable LRR receptor-like serine/threonine-protein kinase At1g05700 [Oryza sativa Japonica Group],0.063,0.056
XP_015632774.1,False,99.103,1.4514,True,antimicrobial,99.187,1.4554,True,antimicrobial,99.158,1.4506,True,antimicrobial,"XP_015632774.1 valine--tRNA ligase, mitochondrial 1 isoform X1 [Oryza sativa Japonica Group]",0.084,0.055
XP_015647981.1,False,99.324,2.2065,True,NBS_LRR,99.441,2.1786,True,NBS_LRR,99.378,2.1616,True,NBS_LRR,XP_015647981.1 disease resistance protein RGA2 [Oryza sativa Japonica Group],0.117,0.054
XP_015650107.1,False,99.15,2.1422,True,NBS_LRR,99.138,2.0733,True,NBS_LRR,99.203,2.1014,True,NBS_LRR,XP_015650107.1 disease resistance protein PIK6-NP-like isoform X1 [Oryza sativa Japonica Group],-0.012,0.053
XP_015646675.1,False,99.52,1.507,True,antimicrobial,99.744,1.5601,True,antimicrobial,99.573,1.5137,True,antimicrobial,XP_015646675.1 indole-3-acetaldehyde oxidase isoform X1 [Oryza sativa Japonica Group],0.224,0.053
XP_015648973.1,False,98.48,1.5816,False,RLK_defense,98.539,1.5971,False,RLK_defense,98.532,1.5939,False,RLK_defense,XP_015648973.1 uncharacterized protein LOC9266030 isoform X2 [Oryza sativa Japonica Group],0.059,0.052
XP_025878677.1,False,98.368,1.0087,False,defense_signaling,98.692,1.0294,False,defense_signaling,98.42,1.0122,False,defense_signaling,XP_025878677.1 ATP-dependent RNA helicase DEAH13 isoform X2 [Oryza sativa Japonica Group],0.324,0.052
XP_015612551.1,False,98.898,2.036,False,NBS_LRR,98.955,2.0132,False,NBS_LRR,98.948,2.0144,False,NBS_LRR,XP_015612551.1 disease resistance protein RGA2 [Oryza sativa Japonica Group],0.057,0.05
XP_015611966.1,False,99.713,1.1071,True,defense_signaling,99.765,1.12,True,defense_signaling,99.763,1.1175,True,defense_signaling,XP_015611966.1 ATPase family AAA domain-containing protein At1g05910 [Oryza sativa Japonica Group],0.052,0.05
XP_015622636.1,False,98.484,1.8375,False,NBS_LRR,98.669,1.8944,False,NBS_LRR,98.533,1.8258,False,NBS_LRR,XP_015622636.1 disease resistance protein RGA2 [Oryza sativa Japonica Group],0.185,0.049
XP_015648958.1,False,98.497,1.5831,False,RLK_defense,98.558,1.5996,False,RLK_defense,98.546,1.5973,False,RLK_defense,XP_015648958.1 uncharacterized protein LOC9266030 isoform X1 [Oryza sativa Japonica Group],0.061,0.049
XP_015612757.1,False,98.698,1.9478,False,NBS_LRR,99.031,2.0504,True,NBS_LRR,98.747,1.936,False,NBS_LRR,XP_015612757.1 putative disease resistance protein RGA4 [Oryza sativa Japonica Group],0.333,0.049
XP_015622635.1,False,98.484,1.8375,False,NBS_LRR,98.669,1.8944,False,NBS_LRR,98.533,1.8258,False,NBS_LRR,XP_015622635.1 disease resistance protein RGA2 [Oryza sativa Japonica Group],0.185,0.049
XP_015612789.1,False,98.698,1.9478,False,NBS_LRR,99.031,2.0504,True,NBS_LRR,98.747,1.936,False,NBS_LRR,XP_015612789.1 putative disease resistance protein RGA4 [Oryza sativa Japonica Group],0.333,0.049
XP_015632758.1,False,99.199,1.0552,True,defense_signaling,99.211,1.0613,True,defense_signaling,99.246,1.0596,True,defense_signaling,XP_015632758.1 protein unc-13 homolog [Oryza sativa Japonica Group],0.012,0.047
XP_025882757.1,False,98.797,1.9834,False,NBS_LRR,98.718,1.9308,False,NBS_LRR,98.844,1.9735,False,NBS_LRR,XP_025882757.1 disease resistance protein PIK6-NP [Oryza sativa Japonica Group],-0.079,0.047
XP_025882274.1,False,99.914,2.3839,True,NBS_LRR,99.954,2.3346,True,NBS_LRR,99.957,2.3267,True,NBS_LRR,XP_025882274.1 putative disease resistance protein RGA4 isoform X1 [Oryza sativa Japonica Group],0.04,0.043
XP_025882273.1,False,99.914,2.3839,True,NBS_LRR,99.954,2.3346,True,NBS_LRR,99.957,2.3267,True,NBS_LRR,XP_025882273.1 putative disease resistance protein RGA4 isoform X1 [Oryza sativa Japonica Group],0.04,0.043
XP_015617528.1,False,99.693,2.3035,True,NBS_LRR,99.715,2.2508,True,NBS_LRR,99.736,2.2461,True,NBS_LRR,XP_015617528.1 putative disease resistance protein RGA4 [Oryza sativa Japonica Group],0.022,0.043
XP_025882275.1,False,99.914,2.3839,True,NBS_LRR,99.954,2.3346,True,NBS_LRR,99.957,2.3267,True,NBS_LRR,XP_025882275.1 putative disease resistance protein RGA4 isoform X1 [Oryza sativa Japonica Group],0.04,0.043
XP_015617527.1,False,99.693,2.3035,True,NBS_LRR,99.715,2.2508,True,NBS_LRR,99.736,2.2461,True,NBS_LRR,XP_015617527.1 putative disease resistance protein RGA4 [Oryza sativa Japonica Group],0.022,0.043
XP_015644449.1,False,99.914,2.3839,True,NBS_LRR,99.954,2.3346,True,NBS_LRR,99.957,2.3267,True,NBS_LRR,XP_015644449.1 putative disease resistance protein RGA4 isoform X1 [Oryza sativa Japonica Group],0.04,0.043
XP_015636330.1,False,99.876,1.1425,True,defense_signaling,99.965,1.1863,True,defense_signaling,99.919,1.1551,True,defense_signaling,XP_015636330.1 eIF-2-alpha kinase GCN2 isoform X1 [Oryza sativa Japonica Group],0.089,0.043
XP_015614304.1,False,98.584,1.0182,False,defense_signaling,98.678,1.0289,False,defense_signaling,98.626,1.054,False,antimicrobial,XP_015614304.1 cellulose synthase-like protein D1 [Oryza sativa Japonica Group],0.094,0.042
XP_025876766.1,False,98.584,1.0182,False,defense_signaling,98.678,1.0289,False,defense_signaling,98.626,1.054,False,antimicrobial,XP_025876766.1 cellulose synthase-like protein D1 [Oryza sativa Japonica Group],0.094,0.042
XP_015616364.1,False,98.57,1.8749,False,NBS_LRR,98.565,1.8468,False,NBS_LRR,98.612,1.8633,False,NBS_LRR,XP_015616364.1 disease resistance protein Pik-2-like [Oryza sativa Japonica Group],-0.005,0.042
XP_025876767.1,False,98.584,1.0182,False,defense_signaling,98.678,1.0289,False,defense_signaling,98.626,1.054,False,antimicrobial,XP_025876767.1 cellulose synthase-like protein D1 [Oryza sativa Japonica Group],0.094,0.042
XP_015636007.1,False,99.803,2.3397,True,NBS_LRR,99.526,2.1984,True,NBS_LRR,99.845,2.2912,True,NBS_LRR,XP_015636007.1 uncharacterized protein LOC107278759 [Oryza sativa Japonica Group],-0.277,0.042
XP_015647689.1,False,99.305,2.1966,True,NBS_LRR,99.366,2.1552,True,NBS_LRR,99.345,2.1507,True,NBS_LRR,XP_015647689.1 putative disease resistance protein RGA3 [Oryza sativa Japonica Group],0.061,0.04
XP_015644165.1,False,99.881,2.3776,True,NBS_LRR,99.903,2.3288,True,NBS_LRR,99.919,2.3194,True,NBS_LRR,XP_015644165.1 putative disease resistance protein RGA3 [Oryza sativa Japonica Group],0.022,0.038
XP_015644160.1,False,99.881,2.3776,True,NBS_LRR,99.903,2.3288,True,NBS_LRR,99.919,2.3194,True,NBS_LRR,XP_015644160.1 putative disease resistance protein RGA3 [Oryza sativa Japonica Group],0.022,0.038
XP_015644168.1,False,99.881,2.3776,True,NBS_LRR,99.903,2.3288,True,NBS_LRR,99.919,2.3194,True,NBS_LRR,XP_015644168.1 putative disease resistance protein RGA3 [Oryza sativa Japonica Group],0.022,0.038
XP_015644167.1,False,99.881,2.3776,True,NBS_LRR,99.903,2.3288,True,NBS_LRR,99.919,2.3194,True,NBS_LRR,XP_015644167.1 putative disease resistance protein RGA3 [Oryza sativa Japonica Group],0.022,0.038
XP_015644166.1,False,99.881,2.3776,True,NBS_LRR,99.903,2.3288,True,NBS_LRR,99.919,2.3194,True,NBS_LRR,XP_015644166.1 putative disease resistance protein RGA3 [Oryza sativa Japonica Group],0.022,0.038
XP_015644164.1,False,99.881,2.3776,True,NBS_LRR,99.903,2.3288,True,NBS_LRR,99.919,2.3194,True,NBS_LRR,XP_015644164.1 putative disease resistance protein RGA3 [Oryza sativa Japonica Group],0.022,0.038
XP_015644162.1,False,99.881,2.3776,True,NBS_LRR,99.903,2.3288,True,NBS_LRR,99.919,2.3194,True,NBS_LRR,XP_015644162.1 putative disease resistance protein RGA3 [Oryza sativa Japonica Group],0.022,0.038
XP_015644161.1,False,99.881,2.3776,True,NBS_LRR,99.903,2.3288,True,NBS_LRR,99.919,2.3194,True,NBS_LRR,XP_015644161.1 putative disease resistance protein RGA3 [Oryza sativa Japonica Group],0.022,0.038
XP_015615092.1,False,99.941,2.3999,True,NBS_LRR,99.861,2.3067,True,NBS_LRR,99.979,2.346,True,NBS_LRR,XP_015615092.1 putative disease resistance RPP13-like protein 1 [Oryza sativa Japonica Group],-0.08,0.038
XP_015616914.1,False,99.401,2.2358,True,NBS_LRR,99.502,2.1935,True,NBS_LRR,99.439,2.1768,True,NBS_LRR,XP_015616914.1 disease resistance protein RGA4-like isoform X1 [Oryza sativa Japonica Group],0.101,0.038
XP_015644384.1,False,99.846,2.3664,True,NBS_LRR,99.946,2.3345,True,NBS_LRR,99.883,2.3048,True,NBS_LRR,XP_015644384.1 putative disease resistance protein RGA3 isoform X2 [Oryza sativa Japonica Group],0.1,0.037
XP_015644383.1,False,99.846,2.3664,True,NBS_LRR,99.946,2.3345,True,NBS_LRR,99.883,2.3048,True,NBS_LRR,XP_015644383.1 putative disease resistance protein RGA3 isoform X2 [Oryza sativa Japonica Group],0.1,0.037
XP_015644382.1,False,99.846,2.3664,True,NBS_LRR,99.946,2.3345,True,NBS_LRR,99.883,2.3048,True,NBS_LRR,XP_015644382.1 putative disease resistance protein RGA3 isoform X2 [Oryza sativa Japonica Group],0.1,0.037
XP_015620669.1,False,99.643,2.2913,True,NBS_LRR,99.746,2.2659,True,NBS_LRR,99.678,2.2251,True,NBS_LRR,XP_015620669.1 putative disease resistance protein RGA1 [Oryza sativa Japonica Group],0.103,0.035
XP_025881035.1,False,99.345,2.2136,True,NBS_LRR,99.352,2.1539,True,NBS_LRR,99.38,2.1625,True,NBS_LRR,XP_025881035.1 putative disease resistance protein RGA3 [Oryza sativa Japonica Group],0.007,0.035
XP_015620505.1,False,93.627,0.9692,False,NBS_LRR,94.016,1.0537,False,NBS_LRR,93.661,1.0643,False,NBS_LRR,"XP_015620505.1 putative pentatricopeptide repeat-containing protein At5g06400, mitochondrial [Oryza sativa Japonica Group]",0.389,0.034
XP_015612556.1,False,98.849,2.0153,False,NBS_LRR,98.844,1.9853,False,NBS_LRR,98.882,1.9924,False,NBS_LRR,XP_015612556.1 disease resistance RPP13-like protein 4 isoform X1 [Oryza sativa Japonica Group],-0.005,0.033
XP_015647073.1,False,95.171,0.9111,False,defense_signaling,95.598,0.9223,False,defense_signaling,95.204,0.912,False,defense_signaling,XP_015647073.1 MMS19 nucleotide excision repair protein homolog isoform X1 [Oryza sativa Japonica Group],0.427,0.033
XP_025875804.1,False,99.817,2.3499,True,NBS_LRR,99.84,2.291,True,NBS_LRR,99.847,2.2922,True,NBS_LRR,XP_025875804.1 putative disease resistance protein RGA3 [Oryza sativa Japonica Group],0.023,0.03
XP_025877508.1,False,98.938,2.055,False,NBS_LRR,98.826,1.9779,False,NBS_LRR,98.967,2.0248,False,NBS_LRR,XP_025877508.1 LOW QUALITY PROTEIN: disease resistance protein Pik-2-like [Oryza sativa Japonica Group],-0.112,0.029
XP_015636332.1,False,99.892,1.1497,True,defense_signaling,99.962,1.1856,True,defense_signaling,99.919,1.1551,True,defense_signaling,XP_015636332.1 eIF-2-alpha kinase GCN2 isoform X3 [Oryza sativa Japonica Group],0.07,0.027
XP_015616937.1,False,99.79,2.3308,True,NBS_LRR,99.807,2.2784,True,NBS_LRR,99.816,2.2755,True,NBS_LRR,XP_015616937.1 putative disease resistance protein RGA3 isoform X3 [Oryza sativa Japonica Group],0.017,0.026
XP_025877388.1,False,99.79,2.3308,True,NBS_LRR,99.812,2.2809,True,NBS_LRR,99.816,2.2755,True,NBS_LRR,XP_025877388.1 putative disease resistance protein RGA3 isoform X1 [Oryza sativa Japonica Group],0.022,0.026
XP_025882142.1,False,99.846,2.3664,True,NBS_LRR,99.934,2.3311,True,NBS_LRR,99.871,2.3009,True,NBS_LRR,XP_025882142.1 putative disease resistance protein RGA3 isoform X1 [Oryza sativa Japonica Group],0.088,0.025
XP_015644380.1,False,99.846,2.3664,True,NBS_LRR,99.934,2.3311,True,NBS_LRR,99.871,2.3009,True,NBS_LRR,XP_015644380.1 putative disease resistance protein RGA3 isoform X1 [Oryza sativa Japonica Group],0.088,0.025
XP_015644381.1,False,99.846,2.3664,True,NBS_LRR,99.934,2.3311,True,NBS_LRR,99.871,2.3009,True,NBS_LRR,XP_015644381.1 putative disease resistance protein RGA3 isoform X1 [Oryza sativa Japonica Group],0.088,0.025
XP_025876880.1,False,99.617,2.2886,True,NBS_LRR,99.551,2.2114,True,NBS_LRR,99.641,2.2216,True,NBS_LRR,XP_025876880.1 disease resistance protein PIK6-NP-like isoform X2 [Oryza sativa Japonica Group],-0.066,0.024
XP_015617374.1,False,94.918,1.2003,False,antimicrobial,94.955,1.2021,False,antimicrobial,94.941,1.1994,False,antimicrobial,XP_015617374.1 phospholipid-transporting ATPase 2 isoform X2 [Oryza sativa Japonica Group],0.037,0.023
XP_015649357.1,False,99.756,2.3132,True,NBS_LRR,99.824,2.2867,True,NBS_LRR,99.777,2.2558,True,NBS_LRR,XP_015649357.1 putative disease resistance protein RGA4 [Oryza sativa Japonica Group],0.068,0.021
XP_015622123.1,False,95.051,1.2187,False,cell_death_HR,94.774,1.2075,False,cell_death_HR,95.072,1.212,False,cell_death_HR,XP_015622123.1 phospholipase D zeta 1 [Oryza sativa Japonica Group],-0.277,0.021
XP_015638539.1,False,99.979,2.428,True,NBS_LRR,100.0,2.3923,True,NBS_LRR,100.0,2.3843,True,NBS_LRR,XP_015638539.1 putative disease resistance protein RGA3 [Oryza sativa Japonica Group],0.021,0.021
XP_025881139.1,False,99.859,2.3699,True,NBS_LRR,99.866,2.3105,True,NBS_LRR,99.878,2.3044,True,NBS_LRR,XP_025881139.1 putative disease resistance protein RGA3 isoform X1 [Oryza sativa Japonica Group],0.007,0.019
XP_015631496.1,False,99.73,1.7939,True,RLK_defense,99.735,1.7953,True,RLK_defense,99.749,1.8043,True,RLK_defense,XP_015631496.1 LRR receptor-like serine/threonine-protein kinase RPK2 [Oryza sativa Japonica Group],0.005,0.019
XP_025880016.1,False,99.957,2.4068,True,NBS_LRR,99.978,2.3513,True,NBS_LRR,99.975,2.345,True,NBS_LRR,XP_025880016.1 putative disease resistance RPP13-like protein 1 [Oryza sativa Japonica Group],0.021,0.018
XP_025880017.1,False,99.957,2.4068,True,NBS_LRR,99.978,2.3513,True,NBS_LRR,99.975,2.345,True,NBS_LRR,XP_025880017.1 putative disease resistance RPP13-like protein 1 [Oryza sativa Japonica Group],0.021,0.018
XP_015626026.1,False,99.8,1.6004,True,antimicrobial,99.829,1.604,True,antimicrobial,99.817,1.6007,True,antimicrobial,XP_015626026.1 alpha-aminoadipic semialdehyde synthase [Oryza sativa Japonica Group],0.029,0.017
XP_015617199.1,False,96.519,1.2732,False,antimicrobial,96.568,1.2783,False,antimicrobial,96.536,1.2722,False,antimicrobial,XP_015617199.1 ubiquitin carboxyl-terminal hydrolase 12 isoform X3 [Oryza sativa Japonica Group],0.049,0.017
XP_015616244.2,False,99.612,2.2884,True,NBS_LRR,99.349,2.1528,True,NBS_LRR,99.629,2.2199,True,NBS_LRR,XP_015616244.2 disease resistance protein RGA5-like [Oryza sativa Japonica Group],-0.263,0.017
XP_015643529.1,False,98.182,1.0021,False,defense_signaling,98.163,1.0027,False,defense_signaling,98.198,1.0022,False,defense_signaling,XP_015643529.1 putative U-box domain-containing protein 42 [Oryza sativa Japonica Group],-0.019,0.016
XP_025882389.1,False,99.735,2.3093,True,NBS_LRR,99.834,2.2893,True,NBS_LRR,99.751,2.2476,True,NBS_LRR,XP_025882389.1 putative disease resistance protein RGA3 isoform X1 [Oryza sativa Japonica Group],0.099,0.016
XP_015641736.1,False,99.735,2.3093,True,NBS_LRR,99.834,2.2893,True,NBS_LRR,99.751,2.2476,True,NBS_LRR,XP_015641736.1 putative disease resistance protein RGA3 isoform X1 [Oryza sativa Japonica Group],0.099,0.016
XP_015641737.1,False,99.735,2.3093,True,NBS_LRR,99.826,2.2876,True,NBS_LRR,99.751,2.2476,True,NBS_LRR,XP_015641737.1 putative disease resistance protein RGA3 isoform X2 [Oryza sativa Japonica Group],0.091,0.016
XP_015650972.1,False,98.093,1.6941,False,NBS_LRR,98.076,1.6641,False,NBS_LRR,98.109,1.6761,False,NBS_LRR,XP_015650972.1 disease resistance protein RGA5-like isoform X1 [Oryza sativa Japonica Group],-0.017,0.016
XP_015643333.1,False,99.915,1.1559,True,defense_signaling,99.913,1.1616,True,defense_signaling,99.93,1.1583,True,defense_signaling,XP_015643333.1 probable serine/threonine-protein kinase SIS8 [Oryza sativa Japonica Group],-0.002,0.015
XP_015629947.1,False,99.291,1.3863,True,antimicrobial,99.69,1.5414,True,antimicrobial,99.305,1.4679,True,antimicrobial,XP_015629947.1 DExH-box ATP-dependent RNA helicase DExH14 [Oryza sativa Japonica Group],0.399,0.014
XP_025877046.1,False,74.267,0.5784,False,defense_signaling,74.45,0.5782,False,defense_signaling,74.281,0.5775,False,defense_signaling,XP_025877046.1 uncharacterized protein LOC4350599 isoform X2 [Oryza sativa Japonica Group],0.183,0.014
XP_015648215.1,False,99.821,2.3545,True,NBS_LRR,99.453,2.1828,True,NBS_LRR,99.831,2.28,True,NBS_LRR,XP_015648215.1 uncharacterized protein LOC4344796 isoform X2 [Oryza sativa Japonica Group],-0.368,0.01
XP_015625095.1,False,97.019,1.5415,False,NBS_LRR,97.069,1.5181,False,NBS_LRR,97.029,1.5118,False,NBS_LRR,XP_015625095.1 receptor-like protein EIX1 [Oryza sativa Japonica Group],0.05,0.01
XP_015640238.1,False,99.854,2.3668,True,NBS_LRR,99.868,2.3141,True,NBS_LRR,99.864,2.2994,True,NBS_LRR,XP_015640238.1 putative disease resistance protein RGA3 [Oryza sativa Japonica Group],0.014,0.01
XP_015626814.1,False,97.569,1.3588,False,cell_death_HR,97.656,1.368,False,cell_death_HR,97.578,1.3588,False,cell_death_HR,XP_015626814.1 protein phosphatase 2C and cyclic nucleotide-binding/kinase domain-containing protein isoform X1 [Oryza sativa Japonica Group],0.087,0.009
XP_015627006.1,False,99.708,2.3037,True,NBS_LRR,99.778,2.2716,True,NBS_LRR,99.717,2.2371,True,NBS_LRR,XP_015627006.1 disease resistance protein RGA2 [Oryza sativa Japonica Group],0.07,0.009
XP_015626999.1,False,99.708,2.3037,True,NBS_LRR,99.778,2.2716,True,NBS_LRR,99.717,2.2371,True,NBS_LRR,XP_015626999.1 disease resistance protein RGA2 [Oryza sativa Japonica Group],0.07,0.009
XP_015627000.1,False,99.708,2.3037,True,NBS_LRR,99.778,2.2716,True,NBS_LRR,99.717,2.2371,True,NBS_LRR,XP_015627000.1 disease resistance protein RGA2 [Oryza sativa Japonica Group],0.07,0.009
XP_015627001.1,False,99.708,2.3037,True,NBS_LRR,99.778,2.2716,True,NBS_LRR,99.717,2.2371,True,NBS_LRR,XP_015627001.1 disease resistance protein RGA2 [Oryza sativa Japonica Group],0.07,0.009
XP_025879037.1,False,99.708,2.3037,True,NBS_LRR,99.778,2.2716,True,NBS_LRR,99.717,2.2371,True,NBS_LRR,XP_025879037.1 disease resistance protein RGA2 [Oryza sativa Japonica Group],0.07,0.009
XP_015627002.1,False,99.708,2.3037,True,NBS_LRR,99.778,2.2716,True,NBS_LRR,99.717,2.2371,True,NBS_LRR,XP_015627002.1 disease resistance protein RGA2 [Oryza sativa Japonica Group],0.07,0.009
XP_015627003.1,False,99.708,2.3037,True,NBS_LRR,99.778,2.2716,True,NBS_LRR,99.717,2.2371,True,NBS_LRR,XP_015627003.1 disease resistance protein RGA2 [Oryza sativa Japonica Group],0.07,0.009
XP_015627004.1,False,99.708,2.3037,True,NBS_LRR,99.778,2.2716,True,NBS_LRR,99.717,2.2371,True,NBS_LRR,XP_015627004.1 disease resistance protein RGA2 [Oryza sativa Japonica Group],0.07,0.009
XP_015612078.1,False,94.967,1.2143,False,cell_death_HR,95.18,1.2245,False,cell_death_HR,94.976,1.2156,False,cell_death_HR,XP_015612078.1 protein QUIRKY [Oryza sativa Japonica Group],0.213,0.009
XP_015627005.1,False,99.708,2.3037,True,NBS_LRR,99.778,2.2716,True,NBS_LRR,99.717,2.2371,True,NBS_LRR,XP_015627005.1 disease resistance protein RGA2 [Oryza sativa Japonica Group],0.07,0.009
XP_015626998.1,False,99.708,2.3037,True,NBS_LRR,99.778,2.2716,True,NBS_LRR,99.717,2.2371,True,NBS_LRR,XP_015626998.1 disease resistance protein RGA2 [Oryza sativa Japonica Group],0.07,0.009
XP_015620503.1,False,93.627,0.9692,False,NBS_LRR,94.016,1.0537,False,NBS_LRR,93.635,1.0643,False,NBS_LRR,"XP_015620503.1 putative pentatricopeptide repeat-containing protein At5g06400, mitochondrial [Oryza sativa Japonica Group]",0.389,0.008
XP_015620511.1,False,93.627,0.9692,False,NBS_LRR,94.016,1.0537,False,NBS_LRR,93.635,1.0643,False,NBS_LRR,"XP_015620511.1 putative pentatricopeptide repeat-containing protein At5g06400, mitochondrial [Oryza sativa Japonica Group]",0.389,0.008
XP_015620521.1,False,93.627,0.9692,False,NBS_LRR,94.016,1.0537,False,NBS_LRR,93.635,1.0643,False,NBS_LRR,"XP_015620521.1 putative pentatricopeptide repeat-containing protein At5g06400, mitochondrial [Oryza sativa Japonica Group]",0.389,0.008
XP_015620518.1,False,93.627,0.9692,False,NBS_LRR,94.016,1.0537,False,NBS_LRR,93.635,1.0643,False,NBS_LRR,"XP_015620518.1 putative pentatricopeptide repeat-containing protein At5g06400, mitochondrial [Oryza sativa Japonica Group]",0.389,0.008
XP_015620517.1,False,93.627,0.9692,False,NBS_LRR,94.016,1.0537,False,NBS_LRR,93.635,1.0643,False,NBS_LRR,"XP_015620517.1 putative pentatricopeptide repeat-containing protein At5g06400, mitochondrial [Oryza sativa Japonica Group]",0.389,0.008
XP_025877852.1,False,93.627,0.9692,False,NBS_LRR,94.016,1.0537,False,NBS_LRR,93.635,1.0643,False,NBS_LRR,"XP_025877852.1 putative pentatricopeptide repeat-containing protein At5g06400, mitochondrial [Oryza sativa Japonica Group]",0.389,0.008
XP_015620516.1,False,93.627,0.9692,False,NBS_LRR,94.016,1.0537,False,NBS_LRR,93.635,1.0643,False,NBS_LRR,"XP_015620516.1 putative pentatricopeptide repeat-containing protein At5g06400, mitochondrial [Oryza sativa Japonica Group]",0.389,0.008
XP_015620513.1,False,93.627,0.9692,False,NBS_LRR,94.016,1.0537,False,NBS_LRR,93.635,1.0643,False,NBS_LRR,"XP_015620513.1 putative pentatricopeptide repeat-containing protein At5g06400, mitochondrial [Oryza sativa Japonica Group]",0.389,0.008
XP_015620507.1,False,93.627,0.9692,False,NBS_LRR,94.016,1.0537,False,NBS_LRR,93.635,1.0643,False,NBS_LRR,"XP_015620507.1 putative pentatricopeptide repeat-containing protein At5g06400, mitochondrial [Oryza sativa Japonica Group]",0.389,0.008
XP_015620512.1,False,93.627,0.9692,False,NBS_LRR,94.016,1.0537,False,NBS_LRR,93.635,1.0643,False,NBS_LRR,"XP_015620512.1 putative pentatricopeptide repeat-containing protein At5g06400, mitochondrial [Oryza sativa Japonica Group]",0.389,0.008
XP_015620500.1,False,93.627,0.9692,False,NBS_LRR,94.016,1.0537,False,NBS_LRR,93.635,1.0643,False,NBS_LRR,"XP_015620500.1 putative pentatricopeptide repeat-containing protein At5g06400, mitochondrial [Oryza sativa Japonica Group]",0.389,0.008
XP_015620520.1,False,93.627,0.9692,False,NBS_LRR,94.016,1.0537,False,NBS_LRR,93.635,1.0643,False,NBS_LRR,"XP_015620520.1 putative pentatricopeptide repeat-containing protein At5g06400, mitochondrial [Oryza sativa Japonica Group]",0.389,0.008
XP_015620506.1,False,93.627,0.9692,False,NBS_LRR,94.016,1.0537,False,NBS_LRR,93.635,1.0643,False,NBS_LRR,"XP_015620506.1 putative pentatricopeptide repeat-containing protein At5g06400, mitochondrial [Oryza sativa Japonica Group]",0.389,0.008
XP_025877850.1,False,93.627,0.9692,False,NBS_LRR,94.016,1.0537,False,NBS_LRR,93.635,1.0643,False,NBS_LRR,"XP_025877850.1 putative pentatricopeptide repeat-containing protein At5g06400, mitochondrial [Oryza sativa Japonica Group]",0.389,0.008
XP_015620510.1,False,93.627,0.9692,False,NBS_LRR,94.016,1.0537,False,NBS_LRR,93.635,1.0643,False,NBS_LRR,"XP_015620510.1 putative pentatricopeptide repeat-containing protein At5g06400, mitochondrial [Oryza sativa Japonica Group]",0.389,0.008
XP_025877849.1,False,93.627,0.9692,False,NBS_LRR,94.016,1.0537,False,NBS_LRR,93.635,1.0643,False,NBS_LRR,"XP_025877849.1 putative pentatricopeptide repeat-containing protein At5g06400, mitochondrial [Oryza sativa Japonica Group]",0.389,0.008
XP_015620501.1,False,93.627,0.9692,False,NBS_LRR,94.016,1.0537,False,NBS_LRR,93.635,1.0643,False,NBS_LRR,"XP_015620501.1 putative pentatricopeptide repeat-containing protein At5g06400, mitochondrial [Oryza sativa Japonica Group]",0.389,0.008
XP_015620502.1,False,93.627,0.9692,False,NBS_LRR,94.016,1.0537,False,NBS_LRR,93.635,1.0643,False,NBS_LRR,"XP_015620502.1 putative pentatricopeptide repeat-containing protein At5g06400, mitochondrial [Oryza sativa Japonica Group]",0.389,0.008
XP_015620508.1,False,93.627,0.9692,False,NBS_LRR,94.016,1.0537,False,NBS_LRR,93.635,1.0643,False,NBS_LRR,"XP_015620508.1 putative pentatricopeptide repeat-containing protein At5g06400, mitochondrial [Oryza sativa Japonica Group]",0.389,0.008
XP_025877848.1,False,93.627,0.9692,False,NBS_LRR,94.016,1.0537,False,NBS_LRR,93.635,1.0643,False,NBS_LRR,"XP_025877848.1 putative pentatricopeptide repeat-containing protein At5g06400, mitochondrial [Oryza sativa Japonica Group]",0.389,0.008
XP_015620519.1,False,93.627,0.9692,False,NBS_LRR,94.016,1.0537,False,NBS_LRR,93.635,1.0643,False,NBS_LRR,"XP_015620519.1 putative pentatricopeptide repeat-containing protein At5g06400, mitochondrial [Oryza sativa Japonica Group]",0.389,0.008
XP_015643753.1,False,99.18,1.5249,True,cell_death_HR,99.455,1.5859,True,cell_death_HR,99.187,1.5227,True,cell_death_HR,XP_015643753.1 probable phospholipid-transporting ATPase 4 [Oryza sativa Japonica Group],0.275,0.007
XP_015639480.1,False,97.008,1.1093,False,antimicrobial,96.996,1.1185,False,antimicrobial,97.015,1.1236,False,antimicrobial,XP_015639480.1 E3 ubiquitin-protein ligase UPL6 isoform X1 [Oryza sativa Japonica Group],-0.012,0.007
XP_015626815.1,False,97.541,1.3563,False,cell_death_HR,97.63,1.3658,False,cell_death_HR,97.548,1.3571,False,cell_death_HR,XP_015626815.1 protein phosphatase 2C and cyclic nucleotide-binding/kinase domain-containing protein isoform X2 [Oryza sativa Japonica Group],0.089,0.007
XP_015648911.1,False,95.218,1.3493,False,NBS_LRR,95.136,1.3229,False,NBS_LRR,95.223,1.3311,False,NBS_LRR,XP_015648911.1 putative disease resistance RPP13-like protein 3 [Oryza sativa Japonica Group],-0.082,0.005
XP_015633508.1,False,99.178,1.0542,True,defense_signaling,99.133,1.0557,True,defense_signaling,99.183,1.056,True,defense_signaling,XP_015633508.1 uncharacterized protein LOC9271804 [Oryza sativa Japonica Group],-0.045,0.005
XP_015616915.1,False,99.446,2.2454,True,NBS_LRR,99.462,2.1852,True,NBS_LRR,99.45,2.1807,True,NBS_LRR,XP_015616915.1 disease resistance protein RGA4-like isoform X2 [Oryza sativa Japonica Group],0.016,0.004
XP_015631761.1,False,97.026,1.235,False,antimicrobial,97.513,1.3248,False,antimicrobial,97.029,1.2952,False,antimicrobial,"XP_015631761.1 protein SUPPRESSOR OF QUENCHING 1, chloroplastic isoform X3 [Oryza sativa Japonica Group]",0.487,0.003
XP_015626771.1,False,99.883,1.8631,True,RLK_defense,99.868,1.8451,True,RLK_defense,99.885,1.8509,True,RLK_defense,XP_015626771.1 probable LRR receptor-like serine/threonine-protein kinase At1g53440 [Oryza sativa Japonica Group],-0.015,0.002
XP_015611508.1,False,97.476,0.9738,False,defense_signaling,94.812,0.9037,False,defense_signaling,97.477,1.351,False,cell_death_HR,XP_015611508.1 E3 ubiquitin-protein ligase UPL1 isoform X3 [Oryza sativa Japonica Group],-2.664,0.001
XP_015611506.1,False,97.476,0.9738,False,defense_signaling,93.935,0.8843,False,defense_signaling,97.477,1.351,False,cell_death_HR,XP_015611506.1 E3 ubiquitin-protein ligase UPL1 isoform X1 [Oryza sativa Japonica Group],-3.541,0.001
XP_025879328.1,False,99.807,2.3442,True,NBS_LRR,99.753,2.2681,True,NBS_LRR,99.807,2.2704,True,NBS_LRR,XP_025879328.1 disease resistance protein RGA2 isoform X1 [Oryza sativa Japonica Group],-0.054,0.0
XP_015614977.1,False,99.18,1.4577,True,antimicrobial,99.22,1.4583,True,antimicrobial,99.18,1.4516,True,antimicrobial,"XP_015614977.1 valine--tRNA ligase, mitochondrial 1 [Oryza sativa Japonica Group]",0.04,0.0
XP_015636122.1,False,99.685,1.565,True,PR_proteins,99.596,1.518,True,antimicrobial,99.685,1.5593,True,PR_proteins,XP_015636122.1 lysine-specific histone demethylase 1 homolog 3 [Oryza sativa Japonica Group],-0.089,0.0
XP_015625917.1,False,99.982,1.9677,True,cell_death_HR,99.982,1.9472,True,cell_death_HR,99.982,1.9629,True,cell_death_HR,XP_015625917.1 tripeptidyl-peptidase 2 [Oryza sativa Japonica Group],0.0,0.0
XP_015630851.1,False,99.922,1.7025,True,antimicrobial,99.915,1.664,True,antimicrobial,99.922,1.6932,True,antimicrobial,XP_015630851.1 xanthine dehydrogenase isoform X1 [Oryza sativa Japonica Group],-0.007,0.0
XP_015625918.1,False,99.982,1.9677,True,cell_death_HR,99.982,1.9472,True,cell_death_HR,99.982,1.9629,True,cell_death_HR,XP_015625918.1 tripeptidyl-peptidase 2 [Oryza sativa Japonica Group],0.0,0.0
XP_015632802.1,False,99.648,1.5359,True,antimicrobial,99.652,1.5306,True,antimicrobial,99.648,1.5266,True,antimicrobial,XP_015632802.1 ubiquitin-activating enzyme E1 3 [Oryza sativa Japonica Group],0.004,0.0
XP_015644601.1,False,99.891,1.6432,True,antimicrobial,99.812,1.6018,True,antimicrobial,99.891,1.6339,True,antimicrobial,XP_015644601.1 probable aldehyde oxidase 4 isoform X2 [Oryza sativa Japonica Group],-0.079,0.0
XP_025882781.1,False,99.891,1.6432,True,antimicrobial,99.803,1.5904,True,antimicrobial,99.891,1.6339,True,antimicrobial,XP_025882781.1 probable aldehyde oxidase 4 isoform X1 [Oryza sativa Japonica Group],-0.088,0.0
XP_025882813.1,False,99.898,1.6488,True,antimicrobial,99.877,1.6298,True,antimicrobial,99.898,1.6395,True,antimicrobial,XP_025882813.1 putative aldehyde oxidase-like protein isoform X1 [Oryza sativa Japonica Group],-0.021,0.0
XP_015647742.1,False,99.898,1.6488,True,antimicrobial,99.877,1.6298,True,antimicrobial,99.898,1.6395,True,antimicrobial,XP_015647742.1 putative aldehyde oxidase-like protein isoform X1 [Oryza sativa Japonica Group],-0.021,0.0
XP_015631248.1,False,99.974,1.1802,True,defense_signaling,99.946,1.1789,True,defense_signaling,99.972,1.176,True,defense_signaling,XP_015631248.1 calmodulin-binding transcription activator 1 isoform X1 [Oryza sativa Japonica Group],-0.028,-0.002
XP_015631249.1,False,99.981,1.1853,True,defense_signaling,99.96,1.1836,True,defense_signaling,99.979,1.1805,True,defense_signaling,XP_015631249.1 calmodulin-binding transcription activator 1 isoform X2 [Oryza sativa Japonica Group],-0.021,-0.002
XP_015617454.1,False,99.72,1.5621,True,antimicrobial,99.702,1.5451,True,antimicrobial,99.718,1.5528,True,antimicrobial,"XP_015617454.1 carbamoyl-phosphate synthase large chain, chloroplastic [Oryza sativa Japonica Group]",-0.018,-0.002
XP_015620417.1,False,99.807,1.6042,True,antimicrobial,99.817,1.6024,True,antimicrobial,99.805,1.5979,True,antimicrobial,XP_015620417.1 RNA cytidine acetyltransferase 1 [Oryza sativa Japonica Group],0.01,-0.002
XP_015623598.1,False,97.677,0.9817,False,defense_signaling,97.651,0.9831,False,defense_signaling,97.675,0.9832,False,defense_signaling,XP_015623598.1 uncharacterized protein LOC4328275 isoform X1 [Oryza sativa Japonica Group],-0.026,-0.002
XP_015639213.1,False,99.859,1.6278,True,antimicrobial,99.284,1.2776,True,antimicrobial,99.857,1.6184,True,antimicrobial,XP_015639213.1 acetyl-CoA carboxylase 2 [Oryza sativa Japonica Group],-0.575,-0.002
XP_015614129.1,False,99.878,1.6368,True,antimicrobial,99.49,1.1962,True,antimicrobial,99.876,1.6275,True,antimicrobial,XP_015614129.1 acetyl-CoA carboxylase 1 [Oryza sativa Japonica Group],-0.388,-0.002
XP_015647670.1,False,99.631,1.5315,True,antimicrobial,99.565,1.5112,True,antimicrobial,99.629,1.5222,True,antimicrobial,XP_015647670.1 ubiquitin-activating enzyme E1 3 isoform X2 [Oryza sativa Japonica Group],-0.066,-0.002
XP_015614130.1,False,99.878,1.6368,True,antimicrobial,99.49,1.1962,True,antimicrobial,99.876,1.6275,True,antimicrobial,XP_015614130.1 acetyl-CoA carboxylase 1 [Oryza sativa Japonica Group],-0.388,-0.002
XP_025876681.1,False,99.878,1.6368,True,antimicrobial,99.49,1.1962,True,antimicrobial,99.876,1.6275,True,antimicrobial,XP_025876681.1 acetyl-CoA carboxylase 1 [Oryza sativa Japonica Group],-0.388,-0.002
XP_015617396.2,False,98.544,1.5892,False,RLK_defense,98.48,1.5866,False,RLK_defense,98.541,1.5968,False,RLK_defense,XP_015617396.2 receptor kinase-like protein Xa21 isoform X2 [Oryza sativa Japonica Group],-0.064,-0.003
XP_015636550.1,False,99.157,1.4052,True,PR_proteins,98.718,1.3573,False,antimicrobial,99.154,1.3992,True,PR_proteins,XP_015636550.1 NPC intracellular cholesterol transporter 1 [Oryza sativa Japonica Group],-0.439,-0.003
XP_015626098.1,False,97.469,1.2573,False,PR_proteins,97.528,1.2597,False,PR_proteins,97.466,1.2533,False,PR_proteins,XP_015626098.1 protein argonaute 1A isoform X2 [Oryza sativa Japonica Group],0.059,-0.003
XP_015617985.1,False,99.392,2.2331,True,NBS_LRR,99.406,2.1719,True,NBS_LRR,99.389,2.1661,True,NBS_LRR,XP_015617985.1 disease resistance protein PIK6-NP [Oryza sativa Japonica Group],0.014,-0.003
XP_015630852.1,False,99.883,1.6375,True,antimicrobial,99.824,1.6037,True,antimicrobial,99.88,1.6282,True,antimicrobial,XP_015630852.1 xanthine dehydrogenase isoform X2 [Oryza sativa Japonica Group],-0.059,-0.003
XP_015649710.1,False,99.918,1.8748,True,RLK_defense,99.88,1.8512,True,RLK_defense,99.915,1.8618,True,RLK_defense,XP_015649710.1 probable LRR receptor-like serine/threonine-protein kinase At1g56130 [Oryza sativa Japonica Group],-0.038,-0.003
XP_015626097.1,False,97.469,1.2573,False,PR_proteins,97.528,1.2597,False,PR_proteins,97.466,1.2533,False,PR_proteins,XP_015626097.1 protein argonaute 1A isoform X2 [Oryza sativa Japonica Group],0.059,-0.003
XP_015632804.1,False,99.648,1.5359,True,antimicrobial,99.652,1.5306,True,antimicrobial,99.644,1.5266,True,antimicrobial,XP_015632804.1 ubiquitin-activating enzyme E1 3 [Oryza sativa Japonica Group],0.004,-0.004
XP_015642840.1,False,99.672,1.5424,True,antimicrobial,99.161,1.522,True,cell_death_HR,99.668,1.5331,True,antimicrobial,XP_015642840.1 uncharacterized protein LOC4340684 isoform X1 [Oryza sativa Japonica Group],-0.511,-0.004
XP_015632803.1,False,99.648,1.5359,True,antimicrobial,99.652,1.5306,True,antimicrobial,99.644,1.5266,True,antimicrobial,XP_015632803.1 ubiquitin-activating enzyme E1 3 [Oryza sativa Japonica Group],0.004,-0.004
XP_015642841.1,False,99.672,1.5424,True,antimicrobial,99.117,1.5153,True,cell_death_HR,99.668,1.5331,True,antimicrobial,XP_015642841.1 uncharacterized protein LOC4340684 isoform X2 [Oryza sativa Japonica Group],-0.555,-0.004
XP_015616971.1,False,99.762,1.5786,True,antimicrobial,99.766,1.5673,True,antimicrobial,99.757,1.5693,True,antimicrobial,XP_015616971.1 ubiquitin-activating enzyme E1 2 [Oryza sativa Japonica Group],0.004,-0.005
XP_015616970.1,False,99.762,1.5786,True,antimicrobial,99.766,1.5673,True,antimicrobial,99.757,1.5693,True,antimicrobial,XP_015616970.1 ubiquitin-activating enzyme E1 2 [Oryza sativa Japonica Group],0.004,-0.005
XP_015625316.1,False,99.838,1.7593,True,cell_death_HR,98.999,1.5003,False,cell_death_HR,99.833,1.754,True,cell_death_HR,XP_015625316.1 brefeldin A-inhibited guanine nucleotide-exchange protein 1 [Oryza sativa Japonica Group],-0.839,-0.005
XP_015634957.1,False,99.899,1.8696,True,RLK_defense,99.892,1.8557,True,RLK_defense,99.894,1.8541,True,RLK_defense,XP_015634957.1 probable LRR receptor-like serine/threonine-protein kinase At1g56130 isoform X7 [Oryza sativa Japonica Group],-0.007,-0.005
XP_015636097.1,False,99.771,1.5818,True,antimicrobial,99.663,1.5322,True,antimicrobial,99.766,1.5725,True,antimicrobial,XP_015636097.1 uncharacterized protein LOC9266980 [Oryza sativa Japonica Group],-0.108,-0.005
XP_015636098.1,False,99.771,1.5818,True,antimicrobial,99.663,1.5322,True,antimicrobial,99.766,1.5725,True,antimicrobial,XP_015636098.1 uncharacterized protein LOC9266980 [Oryza sativa Japonica Group],-0.108,-0.005
XP_015636099.1,False,99.771,1.5818,True,antimicrobial,99.663,1.5322,True,antimicrobial,99.766,1.5725,True,antimicrobial,XP_015636099.1 uncharacterized protein LOC9266980 [Oryza sativa Japonica Group],-0.108,-0.005
XP_015636100.1,False,99.771,1.5818,True,antimicrobial,99.663,1.5322,True,antimicrobial,99.766,1.5725,True,antimicrobial,XP_015636100.1 uncharacterized protein LOC9266980 [Oryza sativa Japonica Group],-0.108,-0.005
XP_015626989.1,False,99.897,1.8681,True,RLK_defense,99.897,1.8565,True,RLK_defense,99.892,1.8539,True,RLK_defense,XP_015626989.1 phytosulfokine receptor 1 [Oryza sativa Japonica Group],0.0,-0.005
XP_015643745.1,False,99.016,1.401,True,antimicrobial,98.426,1.3432,False,antimicrobial,99.011,1.3917,True,antimicrobial,XP_015643745.1 probable pre-mRNA-splicing factor ATP-dependent RNA helicase DEAH5 [Oryza sativa Japonica Group],-0.59,-0.005
XP_015643744.1,False,99.016,1.401,True,antimicrobial,98.426,1.3432,False,antimicrobial,99.011,1.3917,True,antimicrobial,XP_015643744.1 probable pre-mRNA-splicing factor ATP-dependent RNA helicase DEAH5 [Oryza sativa Japonica Group],-0.59,-0.005
XP_025882313.1,False,99.016,1.401,True,antimicrobial,98.426,1.3432,False,antimicrobial,99.011,1.3917,True,antimicrobial,XP_025882313.1 probable pre-mRNA-splicing factor ATP-dependent RNA helicase DEAH5 [Oryza sativa Japonica Group],-0.59,-0.005
XP_015636293.1,False,93.83,1.1942,False,NBS_LRR,93.578,1.1576,False,NBS_LRR,93.823,1.1765,False,NBS_LRR,XP_015636293.1 endoribonuclease Dicer homolog 4 isoform X1 [Oryza sativa Japonica Group],-0.252,-0.007
XP_015634955.1,False,99.89,1.8663,True,RLK_defense,99.876,1.8474,True,RLK_defense,99.883,1.8502,True,RLK_defense,XP_015634955.1 probable LRR receptor-like serine/threonine-protein kinase At1g56130 isoform X4 [Oryza sativa Japonica Group],-0.014,-0.007
XP_015617044.1,False,99.742,1.684,True,cell_death_HR,99.706,1.6623,True,cell_death_HR,99.735,1.6784,True,cell_death_HR,XP_015617044.1 DNA polymerase delta catalytic subunit [Oryza sativa Japonica Group],-0.036,-0.007
XP_025882971.1,False,98.741,1.9543,False,NBS_LRR,98.715,1.9294,False,NBS_LRR,98.734,1.9235,False,NBS_LRR,XP_025882971.1 disease resistance protein RGA5 [Oryza sativa Japonica Group],-0.026,-0.007
XP_015637011.2,False,99.873,1.8567,True,RLK_defense,99.878,1.8512,True,RLK_defense,99.866,1.8425,True,RLK_defense,XP_015637011.2 probable LRR receptor-like serine/threonine-protein kinase At1g56130 isoform X2 [Oryza sativa Japonica Group],0.005,-0.007
XP_015647743.1,False,99.836,1.6152,True,antimicrobial,99.81,1.6014,True,antimicrobial,99.829,1.6059,True,antimicrobial,XP_015647743.1 putative aldehyde oxidase-like protein isoform X2 [Oryza sativa Japonica Group],-0.026,-0.007
XP_025880043.1,False,99.717,1.6687,True,cell_death_HR,96.797,1.313,False,cell_death_HR,99.71,1.6631,True,cell_death_HR,XP_025880043.1 brefeldin A-inhibited guanine nucleotide-exchange protein 2 [Oryza sativa Japonica Group],-2.92,-0.007
XP_015636331.1,False,99.969,1.1743,True,defense_signaling,99.979,1.1947,True,defense_signaling,99.962,1.1678,True,defense_signaling,XP_015636331.1 eIF-2-alpha kinase GCN2 isoform X2 [Oryza sativa Japonica Group],0.01,-0.007
XP_015630656.1,False,99.717,1.6687,True,cell_death_HR,96.797,1.313,False,cell_death_HR,99.71,1.6631,True,cell_death_HR,XP_015630656.1 brefeldin A-inhibited guanine nucleotide-exchange protein 2 [Oryza sativa Japonica Group],-2.92,-0.007
XP_015639719.1,False,99.743,1.1114,True,defense_signaling,99.972,1.1902,True,defense_signaling,99.735,1.1127,True,defense_signaling,XP_015639719.1 E3 ubiquitin-protein ligase UPL4 isoform X1 [Oryza sativa Japonica Group],0.229,-0.008
XP_015650108.1,False,99.211,2.1661,True,NBS_LRR,99.171,2.0852,True,NBS_LRR,99.203,2.1014,True,NBS_LRR,XP_015650108.1 disease resistance protein PIK6-NP-like isoform X2 [Oryza sativa Japonica Group],-0.04,-0.008
XP_015631480.1,False,99.941,1.1653,True,defense_signaling,99.671,1.4738,True,antimicrobial,99.932,1.4867,True,antimicrobial,XP_015631480.1 RNA helicase aquarius [Oryza sativa Japonica Group],-0.27,-0.009
XP_025877869.1,False,99.96,1.1723,True,defense_signaling,99.845,1.1431,True,defense_signaling,99.951,1.1659,True,defense_signaling,XP_025877869.1 uncharacterized protein LOC4351501 [Oryza sativa Japonica Group],-0.115,-0.009
XP_015634956.1,False,99.922,1.8772,True,RLK_defense,99.911,1.8631,True,RLK_defense,99.913,1.8615,True,RLK_defense,XP_015634956.1 probable LRR receptor-like serine/threonine-protein kinase At1g56130 isoform X6 [Oryza sativa Japonica Group],-0.011,-0.009
XP_015648141.1,False,99.88,1.8622,True,RLK_defense,99.873,1.8469,True,RLK_defense,99.871,1.8453,True,RLK_defense,XP_015648141.1 probable LRR receptor-like serine/threonine-protein kinase At1g56130 [Oryza sativa Japonica Group],-0.007,-0.009
XP_015647043.1,False,99.946,1.2358,True,antimicrobial,99.927,1.2774,True,antimicrobial,99.937,1.2996,True,antimicrobial,XP_015647043.1 uncharacterized protein LOC4344250 [Oryza sativa Japonica Group],-0.019,-0.009
XP_015647012.1,False,99.944,1.1655,True,defense_signaling,99.911,1.1608,True,defense_signaling,99.934,1.159,True,defense_signaling,XP_015647012.1 calmodulin-binding transcription activator 1 isoform X1 [Oryza sativa Japonica Group],-0.033,-0.01
XP_015627338.1,False,99.803,1.6017,True,antimicrobial,99.737,1.5581,True,antimicrobial,99.793,1.5924,True,antimicrobial,XP_015627338.1 DNA topoisomerase 2 [Oryza sativa Japonica Group],-0.066,-0.01
XP_015643335.1,False,98.617,1.3424,False,PR_proteins,98.342,1.3175,False,PR_proteins,98.607,1.3363,False,PR_proteins,XP_015643335.1 alpha-mannosidase 2 [Oryza sativa Japonica Group],-0.275,-0.01
XP_025880834.1,False,99.871,1.854,True,RLK_defense,99.857,1.8397,True,RLK_defense,99.861,1.8392,True,RLK_defense,XP_025880834.1 probable LRR receptor-like serine/threonine-protein kinase At1g56130 isoform X5 [Oryza sativa Japonica Group],-0.014,-0.01
XP_015649961.1,False,99.793,1.8307,True,RLK_defense,99.791,1.816,True,RLK_defense,99.782,1.8146,True,RLK_defense,XP_015649961.1 probable LRR receptor-like serine/threonine-protein kinase At1g56140 isoform X1 [Oryza sativa Japonica Group],-0.002,-0.011
XP_015639169.1,False,99.864,1.8521,True,RLK_defense,99.859,1.8401,True,RLK_defense,99.852,1.837,True,RLK_defense,XP_015639169.1 probable LRR receptor-like serine/threonine-protein kinase At1g56130 isoform X1 [Oryza sativa Japonica Group],-0.005,-0.012
XP_015640523.1,False,99.945,2.4013,True,NBS_LRR,99.973,2.344,True,NBS_LRR,99.933,2.3238,True,NBS_LRR,XP_015640523.1 putative disease resistance protein RGA3 [Oryza sativa Japonica Group],0.028,-0.012
XP_015640524.1,False,99.945,2.4013,True,NBS_LRR,99.973,2.344,True,NBS_LRR,99.933,2.3238,True,NBS_LRR,XP_015640524.1 putative disease resistance protein RGA3 [Oryza sativa Japonica Group],0.028,-0.012
XP_015622426.1,False,94.365,0.9905,False,RLK_defense,93.907,0.9663,False,RLK_defense,94.353,0.9847,False,RLK_defense,XP_015622426.1 receptor-like serine/threonine-protein kinase ALE2 isoform X2 [Oryza sativa Japonica Group],-0.458,-0.012
XP_015634953.1,False,99.861,1.852,True,RLK_defense,99.843,1.8347,True,RLK_defense,99.847,1.8357,True,RLK_defense,XP_015634953.1 probable LRR receptor-like serine/threonine-protein kinase At1g56130 isoform X2 [Oryza sativa Japonica Group],-0.018,-0.014
XP_015617776.1,False,99.904,2.3829,True,NBS_LRR,99.878,2.3208,True,NBS_LRR,99.89,2.3122,True,NBS_LRR,XP_015617776.1 disease resistance protein RGA2 [Oryza sativa Japonica Group],-0.026,-0.014
XP_015617777.1,False,99.904,2.3829,True,NBS_LRR,99.878,2.3208,True,NBS_LRR,99.89,2.3122,True,NBS_LRR,XP_015617777.1 disease resistance protein RGA2 [Oryza sativa Japonica Group],-0.026,-0.014
XP_015617775.1,False,99.904,2.3829,True,NBS_LRR,99.878,2.3208,True,NBS_LRR,99.89,2.3122,True,NBS_LRR,XP_015617775.1 disease resistance protein RGA2 [Oryza sativa Japonica Group],-0.026,-0.014
XP_015634958.1,False,99.915,1.8744,True,RLK_defense,99.899,1.857,True,RLK_defense,99.901,1.8588,True,RLK_defense,XP_015634958.1 probable LRR receptor-like serine/threonine-protein kinase At1g56130 isoform X8 [Oryza sativa Japonica Group],-0.016,-0.014
XP_015637010.2,False,99.767,1.8171,True,RLK_defense,99.798,1.8204,True,RLK_defense,99.753,1.8059,True,RLK_defense,XP_015637010.2 probable LRR receptor-like serine/threonine-protein kinase At1g56130 isoform X1 [Oryza sativa Japonica Group],0.031,-0.014
XP_015648598.1,False,99.775,1.8192,True,RLK_defense,99.73,1.7904,True,RLK_defense,99.76,1.8078,True,RLK_defense,XP_015648598.1 probable LRR receptor-like serine/threonine-protein kinase At1g56140 [Oryza sativa Japonica Group],-0.045,-0.015
XP_015636257.1,False,96.937,1.3222,False,cell_death_HR,96.949,1.3245,False,cell_death_HR,96.921,1.3196,False,cell_death_HR,XP_015636257.1 protein transport protein Sec24-like At3g07100 [Oryza sativa Japonica Group],0.012,-0.016
XP_015614396.1,False,99.918,1.1562,True,defense_signaling,99.89,1.1536,True,defense_signaling,99.901,1.1503,True,defense_signaling,XP_015614396.1 calmodulin-binding transcription activator 3 isoform X1 [Oryza sativa Japonica Group],-0.028,-0.017
XP_015640834.1,False,99.829,1.8402,True,RLK_defense,99.807,1.8248,True,RLK_defense,99.812,1.8255,True,RLK_defense,XP_015640834.1 probable LRR receptor-like serine/threonine-protein kinase At1g56140 isoform X1 [Oryza sativa Japonica Group],-0.022,-0.017
XP_015650540.1,False,99.493,1.5946,True,cell_death_HR,99.38,1.5723,True,cell_death_HR,99.476,1.5889,True,cell_death_HR,XP_015650540.1 probable phospholipid-transporting ATPase 8 [Oryza sativa Japonica Group],-0.113,-0.017
XP_015643267.1,False,99.335,1.5562,True,cell_death_HR,98.586,1.4535,False,cell_death_HR,99.317,1.5503,True,cell_death_HR,XP_015643267.1 brefeldin A-inhibited guanine nucleotide-exchange protein 1 [Oryza sativa Japonica Group],-0.749,-0.018
XP_015634952.1,False,99.868,1.8532,True,RLK_defense,99.854,1.8395,True,RLK_defense,99.85,1.8367,True,RLK_defense,XP_015634952.1 probable LRR receptor-like serine/threonine-protein kinase At1g56130 isoform X1 [Oryza sativa Japonica Group],-0.014,-0.018
XP_025880760.1,False,99.016,2.0875,True,NBS_LRR,99.028,2.0489,True,NBS_LRR,98.997,2.0295,False,NBS_LRR,XP_025880760.1 disease resistance protein RGA2 [Oryza sativa Japonica Group],0.012,-0.019
XP_015647184.1,False,99.932,1.1579,True,defense_signaling,99.786,1.1365,True,antimicrobial,99.913,1.2228,True,antimicrobial,XP_015647184.1 sister chromatid cohesion protein SCC2 isoform X1 [Oryza sativa Japonica Group],-0.146,-0.019
XP_015631195.1,False,99.608,1.7484,True,RLK_defense,99.587,1.7442,True,RLK_defense,99.589,1.7449,True,RLK_defense,XP_015631195.1 probable LRR receptor-like serine/threonine-protein kinase At3g47570 [Oryza sativa Japonica Group],-0.021,-0.019
XP_015645442.1,False,98.025,1.2951,False,PR_proteins,97.938,1.2874,False,PR_proteins,98.006,1.2889,False,PR_proteins,XP_015645442.1 protein argonaute 14 [Oryza sativa Japonica Group],-0.087,-0.019
XP_015614397.1,False,99.93,1.1579,True,defense_signaling,99.885,1.1533,True,defense_signaling,99.911,1.1514,True,defense_signaling,XP_015614397.1 calmodulin-binding transcription activator 3 isoform X2 [Oryza sativa Japonica Group],-0.045,-0.019
XP_015634984.1,False,97.811,1.1792,False,antimicrobial,97.825,1.1865,False,antimicrobial,97.792,1.1893,False,antimicrobial,XP_015634984.1 C2 and GRAM domain-containing protein At5g50170 [Oryza sativa Japonica Group],0.014,-0.019
XP_015646676.1,False,99.52,1.507,True,antimicrobial,99.688,1.5399,True,antimicrobial,99.5,1.4977,True,antimicrobial,XP_015646676.1 indole-3-acetaldehyde oxidase isoform X2 [Oryza sativa Japonica Group],0.168,-0.02
XP_015647633.1,False,97.282,1.3611,False,RLK_defense,97.243,1.3594,False,RLK_defense,97.261,1.361,False,RLK_defense,XP_015647633.1 probable LRR receptor-like serine/threonine-protein kinase At1g74360 [Oryza sativa Japonica Group],-0.039,-0.021
XP_015649429.1,False,99.217,2.1725,True,NBS_LRR,99.156,2.0813,True,NBS_LRR,99.196,2.0979,True,NBS_LRR,XP_015649429.1 disease resistance protein RGA2 [Oryza sativa Japonica Group],-0.061,-0.021
XP_015649424.1,False,99.217,2.1725,True,NBS_LRR,99.156,2.0813,True,NBS_LRR,99.196,2.0979,True,NBS_LRR,XP_015649424.1 disease resistance protein RGA2 [Oryza sativa Japonica Group],-0.061,-0.021
XP_015650708.1,False,99.92,2.3868,True,NBS_LRR,99.965,2.3393,True,NBS_LRR,99.897,2.3149,True,NBS_LRR,XP_015650708.1 putative disease resistance protein RGA1 [Oryza sativa Japonica Group],0.045,-0.023
XP_015614500.1,False,99.288,1.5453,True,cell_death_HR,98.833,1.4818,False,cell_death_HR,99.265,1.5394,True,cell_death_HR,XP_015614500.1 phospholipid-transporting ATPase 3 isoform X1 [Oryza sativa Japonica Group],-0.455,-0.023
XP_025880238.1,False,99.786,2.3285,True,NBS_LRR,99.871,2.3176,True,NBS_LRR,99.763,2.2515,True,NBS_LRR,XP_025880238.1 putative disease resistance protein RGA1 [Oryza sativa Japonica Group],0.085,-0.023
XP_015639720.1,False,99.743,1.1114,True,defense_signaling,99.986,1.1981,True,defense_signaling,99.72,1.1103,True,defense_signaling,XP_015639720.1 E3 ubiquitin-protein ligase UPL4 isoform X2 [Oryza sativa Japonica Group],0.243,-0.023
XP_015636403.1,False,99.878,1.1428,True,defense_signaling,99.995,1.2237,True,defense_signaling,99.854,1.2491,True,antimicrobial,"XP_015636403.1 DExH-box ATP-dependent RNA helicase DExH7, chloroplastic [Oryza sativa Japonica Group]",0.117,-0.024
XP_025882351.1,False,99.884,1.1451,True,defense_signaling,98.417,1.0143,False,defense_signaling,99.86,1.1387,True,defense_signaling,XP_025882351.1 lysine-specific demethylase 5B isoform X1 [Oryza sativa Japonica Group],-1.467,-0.024
XP_015647698.1,False,99.178,1.5246,True,cell_death_HR,99.122,1.5156,True,cell_death_HR,99.154,1.5187,True,cell_death_HR,XP_015647698.1 uncharacterized protein LOC9271765 isoform X3 [Oryza sativa Japonica Group],-0.056,-0.024
XP_015639108.1,False,99.272,1.543,True,cell_death_HR,99.429,1.5826,True,cell_death_HR,99.248,1.5372,True,cell_death_HR,XP_015639108.1 phospholipid-transporting ATPase 10 [Oryza sativa Japonica Group],0.157,-0.024
XP_015626830.1,False,99.864,1.1362,True,defense_signaling,99.915,1.3144,True,antimicrobial,99.84,1.5434,True,antimicrobial,XP_015626830.1 DExH-box ATP-dependent RNA helicase DExH11 [Oryza sativa Japonica Group],0.051,-0.024
XP_015643034.1,False,99.884,1.1451,True,defense_signaling,98.476,1.0177,False,defense_signaling,99.86,1.1387,True,defense_signaling,XP_015643034.1 lysine-specific demethylase 5B isoform X2 [Oryza sativa Japonica Group],-1.408,-0.024
XP_015634954.1,False,99.817,1.8373,True,RLK_defense,99.793,1.8176,True,RLK_defense,99.793,1.8207,True,RLK_defense,XP_015634954.1 probable LRR receptor-like serine/threonine-protein kinase At1g56130 isoform X3 [Oryza sativa Japonica Group],-0.024,-0.024
XP_015643028.1,False,99.27,1.5417,True,cell_death_HR,98.746,1.4121,False,antimicrobial,99.246,1.5359,True,cell_death_HR,"XP_015643028.1 glycine--tRNA ligase, chloroplastic/mitochondrial 2 isoform X1 [Oryza sativa Japonica Group]",-0.524,-0.024
XP_015647694.1,False,99.116,1.5138,True,cell_death_HR,99.184,1.5265,True,cell_death_HR,99.09,1.5078,True,cell_death_HR,XP_015647694.1 uncharacterized protein LOC9271765 isoform X1 [Oryza sativa Japonica Group],0.068,-0.026
XP_025877036.1,False,94.005,1.2134,False,NBS_LRR,94.031,1.2016,False,NBS_LRR,93.979,1.1925,False,NBS_LRR,XP_025877036.1 disease resistance protein RGA5-like [Oryza sativa Japonica Group],0.026,-0.026
XP_015617274.1,False,94.005,1.2134,False,NBS_LRR,94.031,1.2016,False,NBS_LRR,93.979,1.1925,False,NBS_LRR,XP_015617274.1 disease resistance protein RGA5-like [Oryza sativa Japonica Group],0.026,-0.026
XP_015639250.1,False,99.126,1.5151,True,cell_death_HR,99.103,1.5131,True,cell_death_HR,99.1,1.5091,True,cell_death_HR,XP_015639250.1 probable manganese-transporting ATPase PDR2 [Oryza sativa Japonica Group],-0.023,-0.026
XP_025882860.1,False,99.116,1.5138,True,cell_death_HR,99.184,1.5265,True,cell_death_HR,99.09,1.5078,True,cell_death_HR,XP_025882860.1 uncharacterized protein LOC9271765 isoform X1 [Oryza sativa Japonica Group],0.068,-0.026
XP_015644184.1,False,99.152,2.1427,True,NBS_LRR,99.291,2.1309,True,NBS_LRR,99.126,2.0696,True,NBS_LRR,XP_015644184.1 putative disease resistance protein RGA3 [Oryza sativa Japonica Group],0.139,-0.026
XP_015632812.1,False,89.353,1.0205,False,antimicrobial,89.489,1.0232,False,antimicrobial,89.327,1.0202,False,antimicrobial,XP_015632812.1 DNA-directed RNA polymerase III subunit 2 isoform X3 [Oryza sativa Japonica Group],0.136,-0.026
XP_015649277.1,False,74.631,0.5885,False,cell_death_HR,68.526,0.5276,False,antimicrobial,74.605,0.5802,False,cell_death_HR,XP_015649277.1 uncharacterized protein LOC107281950 [Oryza sativa Japonica Group],-6.105,-0.026
XP_015647696.1,False,99.072,1.5056,True,cell_death_HR,98.938,1.4948,False,cell_death_HR,99.044,1.4996,True,cell_death_HR,XP_015647696.1 uncharacterized protein LOC9271765 isoform X2 [Oryza sativa Japonica Group],-0.134,-0.028
XP_015642007.1,False,97.181,1.3373,False,RLK_defense,97.123,1.3297,False,RLK_defense,97.153,1.3308,False,RLK_defense,XP_015642007.1 putative receptor-like protein kinase At3g47110 [Oryza sativa Japonica Group],-0.058,-0.028
XP_015643330.1,False,98.727,1.4637,False,cell_death_HR,98.866,1.4856,False,cell_death_HR,98.699,1.4576,False,cell_death_HR,XP_015643330.1 putative phospholipid-transporting ATPase 9 [Oryza sativa Japonica Group],0.139,-0.028
XP_015647669.1,False,99.425,1.4925,True,antimicrobial,99.441,1.4905,True,antimicrobial,99.396,1.4832,True,antimicrobial,XP_015647669.1 ubiquitin-activating enzyme E1 3 isoform X1 [Oryza sativa Japonica Group],0.016,-0.029
XP_015627818.1,False,99.648,2.2932,True,NBS_LRR,99.608,2.2207,True,NBS_LRR,99.619,2.2172,True,NBS_LRR,XP_015627818.1 putative disease resistance protein RGA4 [Oryza sativa Japonica Group],-0.04,-0.029
XP_015636558.1,False,99.692,1.7821,True,RLK_defense,99.676,1.7695,True,RLK_defense,99.662,1.7679,True,RLK_defense,XP_015636558.1 probable LRR receptor-like serine/threonine-protein kinase At1g56130 isoform X1 [Oryza sativa Japonica Group],-0.016,-0.03
XP_015649960.1,False,99.69,1.7821,True,RLK_defense,99.619,1.7552,True,RLK_defense,99.659,1.7656,True,RLK_defense,XP_015649960.1 probable LRR receptor-like serine/threonine-protein kinase At1g56140 [Oryza sativa Japonica Group],-0.071,-0.031
XP_025878980.1,False,97.142,1.3236,False,RLK_defense,97.09,1.3163,False,RLK_defense,97.111,1.3216,False,RLK_defense,XP_025878980.1 MDIS1-interacting receptor like kinase 1 [Oryza sativa Japonica Group],-0.052,-0.031
XP_015632355.1,False,99.274,1.4697,True,antimicrobial,99.201,1.4564,True,antimicrobial,99.241,1.4604,True,antimicrobial,XP_015632355.1 inositol hexakisphosphate and diphosphoinositol-pentakisphosphate kinase VIP2 isoform X1 [Oryza sativa Japonica Group],-0.073,-0.033
XP_015642508.1,False,98.674,1.4597,False,cell_death_HR,95.346,1.2193,False,antimicrobial,98.641,1.4536,False,cell_death_HR,XP_015642508.1 callose synthase 3 [Oryza sativa Japonica Group],-3.328,-0.033
XP_025882277.1,False,98.674,1.4597,False,cell_death_HR,95.346,1.2193,False,antimicrobial,98.641,1.4536,False,cell_death_HR,XP_025882277.1 callose synthase 3 [Oryza sativa Japonica Group],-3.328,-0.033
XP_015636557.1,False,99.718,1.7926,True,RLK_defense,99.692,1.7787,True,RLK_defense,99.683,1.7784,True,RLK_defense,XP_015636557.1 probable LRR receptor-like serine/threonine-protein kinase At1g56130 isoform X2 [Oryza sativa Japonica Group],-0.026,-0.035
XP_015620297.1,False,99.131,1.453,True,antimicrobial,99.051,1.4409,True,antimicrobial,99.096,1.4437,True,antimicrobial,XP_015620297.1 FACT complex subunit SPT16-like [Oryza sativa Japonica Group],-0.08,-0.035
XP_015636870.1,False,98.595,1.4508,False,cell_death_HR,95.688,1.2463,False,cell_death_HR,98.56,1.4447,False,cell_death_HR,XP_015636870.1 putative DNA ligase 4 isoform X2 [Oryza sativa Japonica Group],-2.907,-0.035
XP_025882720.1,False,97.806,1.4668,False,RLK_defense,97.794,1.472,False,RLK_defense,97.771,1.4576,False,RLK_defense,XP_025882720.1 uncharacterized protein LOC112939616 [Oryza sativa Japonica Group],-0.012,-0.035
XP_025882535.1,False,97.649,1.4292,False,RLK_defense,97.44,1.3943,False,RLK_defense,97.614,1.4242,False,RLK_defense,XP_025882535.1 L-type lectin-domain containing receptor kinase IV.1 [Oryza sativa Japonica Group],-0.209,-0.035
XP_025880296.1,False,99.836,1.129,True,defense_signaling,98.894,1.3988,False,antimicrobial,99.798,1.5188,True,antimicrobial,XP_025880296.1 DNA replication ATP-dependent helicase/nuclease DNA2 isoform X3 [Oryza sativa Japonica Group],-0.942,-0.038
XP_015627028.1,False,98.269,1.4195,False,cell_death_HR,98.119,1.4087,False,cell_death_HR,98.231,1.4134,False,cell_death_HR,XP_015627028.1 LOW QUALITY PROTEIN: probable RNA-dependent RNA polymerase 1 [Oryza sativa Japonica Group],-0.15,-0.038
XP_015615405.1,False,98.262,1.5446,False,RLK_defense,98.264,1.5511,False,RLK_defense,98.224,1.5441,False,RLK_defense,XP_015615405.1 receptor kinase-like protein Xa21 isoform X1 [Oryza sativa Japonica Group],0.002,-0.038
XP_015647219.1,False,99.845,1.1309,True,defense_signaling,99.843,1.1426,True,defense_signaling,99.807,1.1244,True,defense_signaling,XP_015647219.1 phospholipase A I [Oryza sativa Japonica Group],-0.002,-0.038
XP_015631365.1,False,99.821,1.1278,True,defense_signaling,99.836,1.1573,True,antimicrobial,99.782,1.2179,True,antimicrobial,XP_015631365.1 uncharacterized protein LOC4332809 [Oryza sativa Japonica Group],0.015,-0.039
XP_015614957.1,False,99.824,1.1281,True,defense_signaling,99.817,1.1301,True,defense_signaling,99.784,1.1216,True,defense_signaling,XP_015614957.1 AP3-complex subunit beta-A isoform X2 [Oryza sativa Japonica Group],-0.007,-0.04
XP_025880295.1,False,99.826,1.1281,True,defense_signaling,98.913,1.3985,False,antimicrobial,99.786,1.5188,True,antimicrobial,XP_025880295.1 DNA replication ATP-dependent helicase/nuclease DNA2 isoform X1 [Oryza sativa Japonica Group],-0.913,-0.04
XP_015634513.1,False,99.76,1.8137,True,RLK_defense,99.732,1.7941,True,RLK_defense,99.72,1.7921,True,RLK_defense,XP_015634513.1 putative receptor-like protein kinase At3g47110 [Oryza sativa Japonica Group],-0.028,-0.04
XP_015646883.1,False,98.206,1.415,False,cell_death_HR,97.553,1.3587,False,cell_death_HR,98.166,1.4088,False,cell_death_HR,XP_015646883.1 brefeldin A-inhibited guanine nucleotide-exchange protein 5 [Oryza sativa Japonica Group],-0.653,-0.04
XP_015650241.1,False,98.797,1.4194,False,antimicrobial,98.762,1.4134,False,antimicrobial,98.755,1.4101,False,antimicrobial,XP_015650241.1 5-oxoprolinase [Oryza sativa Japonica Group],-0.035,-0.042
XP_015650232.1,False,98.797,1.4194,False,antimicrobial,98.762,1.4134,False,antimicrobial,98.755,1.4101,False,antimicrobial,XP_015650232.1 5-oxoprolinase [Oryza sativa Japonica Group],-0.035,-0.042
XP_015633643.1,False,99.908,2.3833,True,NBS_LRR,99.969,2.3418,True,NBS_LRR,99.866,2.3,True,NBS_LRR,XP_015633643.1 putative disease resistance protein RGA4 [Oryza sativa Japonica Group],0.061,-0.042
XP_015613259.1,False,99.711,1.7885,True,RLK_defense,99.681,1.773,True,RLK_defense,99.669,1.7705,True,RLK_defense,XP_015613259.1 probable LRR receptor-like serine/threonine-protein kinase At3g47570 isoform X1 [Oryza sativa Japonica Group],-0.03,-0.042
XP_015643064.1,False,98.203,1.4149,False,cell_death_HR,97.924,1.3903,False,cell_death_HR,98.161,1.4087,False,cell_death_HR,XP_015643064.1 C2 and GRAM domain-containing protein At1g03370 [Oryza sativa Japonica Group],-0.279,-0.042
XP_015614947.1,False,99.819,1.126,True,defense_signaling,99.8,1.1274,True,defense_signaling,99.777,1.1196,True,defense_signaling,XP_015614947.1 AP3-complex subunit beta-A isoform X1 [Oryza sativa Japonica Group],-0.019,-0.042
XP_015650257.1,False,98.797,1.4194,False,antimicrobial,98.762,1.4134,False,antimicrobial,98.755,1.4101,False,antimicrobial,XP_015650257.1 5-oxoprolinase [Oryza sativa Japonica Group],-0.035,-0.042
XP_015634569.1,False,99.814,1.126,True,defense_signaling,98.898,1.3975,False,antimicrobial,99.772,1.5188,True,antimicrobial,XP_015634569.1 DNA replication ATP-dependent helicase/nuclease DNA2 isoform X2 [Oryza sativa Japonica Group],-0.916,-0.042
XP_015646703.1,False,99.27,1.6858,True,RLK_defense,99.166,1.6749,True,RLK_defense,99.227,1.6805,True,RLK_defense,XP_015646703.1 phytosulfokine receptor 2 [Oryza sativa Japonica Group],-0.104,-0.043
XP_015620925.1,False,99.648,1.7659,True,RLK_defense,99.596,1.746,True,RLK_defense,99.605,1.7499,True,RLK_defense,XP_015620925.1 probable LRR receptor-like serine/threonine-protein kinase At1g06840 isoform X1 [Oryza sativa Japonica Group],-0.052,-0.043
XP_015630569.1,False,95.692,1.1312,False,antimicrobial,95.671,1.1976,False,antimicrobial,95.648,1.1886,False,antimicrobial,XP_015630569.1 ABC transporter B family member 20 [Oryza sativa Japonica Group],-0.021,-0.044
XP_015647240.1,False,48.545,0.2186,False,defense_signaling,48.641,0.2194,False,defense_signaling,48.5,0.2163,False,defense_signaling,XP_015647240.1 mediator of RNA polymerase II transcription subunit 33A isoform X2 [Oryza sativa Japonica Group],0.096,-0.045
XP_025876223.1,False,87.39,0.7717,False,RLK_defense,86.586,0.7536,False,defense_signaling,87.344,0.768,False,RLK_defense,XP_025876223.1 kinesin-like protein KIN-7I isoform X2 [Oryza sativa Japonica Group],-0.804,-0.046
XP_025876222.1,False,87.39,0.7717,False,RLK_defense,85.973,0.7429,False,defense_signaling,87.344,0.768,False,RLK_defense,XP_025876222.1 kinesin-like protein KIN-7I isoform X1 [Oryza sativa Japonica Group],-1.417,-0.046
XP_015636011.1,False,96.474,1.2014,False,PR_proteins,96.47,1.1998,False,PR_proteins,96.427,1.1951,False,PR_proteins,XP_015636011.1 protein argonaute 2 [Oryza sativa Japonica Group],-0.004,-0.047
XP_015649719.1,False,99.732,1.7947,True,RLK_defense,99.697,1.7822,True,RLK_defense,99.685,1.7787,True,RLK_defense,XP_015649719.1 probable LRR receptor-like serine/threonine-protein kinase At1g56140 [Oryza sativa Japonica Group],-0.035,-0.047
XP_015612811.1,False,98.591,1.5965,False,RLK_defense,98.548,1.5986,False,RLK_defense,98.544,1.597,False,RLK_defense,XP_015612811.1 probable leucine-rich repeat receptor-like protein kinase At1g35710 isoform X2 [Oryza sativa Japonica Group],-0.043,-0.047
XP_015629235.1,False,97.482,1.2582,False,PR_proteins,97.226,1.2479,False,antimicrobial,97.435,1.2519,False,PR_proteins,XP_015629235.1 protein argonaute MEL1 [Oryza sativa Japonica Group],-0.256,-0.047
XP_025879893.1,False,98.175,1.4122,False,cell_death_HR,96.446,1.2714,False,antimicrobial,98.126,1.406,False,cell_death_HR,XP_025879893.1 callose synthase 3-like [Oryza sativa Japonica Group],-1.729,-0.049
XP_015650106.1,False,99.239,2.1811,True,NBS_LRR,99.197,2.0935,True,NBS_LRR,99.19,2.0959,True,NBS_LRR,XP_015650106.1 disease resistance protein Pik-2-like [Oryza sativa Japonica Group],-0.042,-0.049
XP_015643901.2,False,97.238,1.2737,False,antimicrobial,97.36,1.3158,False,antimicrobial,97.188,1.2849,False,antimicrobial,XP_015643901.2 callose synthase 5 [Oryza sativa Japonica Group],0.122,-0.05
XP_015613872.1,False,95.608,1.2168,False,antimicrobial,96.092,1.2542,False,antimicrobial,95.558,1.2075,False,antimicrobial,XP_015613872.1 callose synthase 7 [Oryza sativa Japonica Group],0.484,-0.05
XP_015622425.1,False,94.035,0.9749,False,RLK_defense,93.749,0.9585,False,RLK_defense,93.984,0.9688,False,RLK_defense,XP_015622425.1 receptor-like serine/threonine-protein kinase ALE2 isoform X1 [Oryza sativa Japonica Group],-0.286,-0.051
XP_025879397.1,False,94.035,0.9749,False,RLK_defense,93.749,0.9585,False,RLK_defense,93.984,0.9688,False,RLK_defense,XP_025879397.1 receptor-like serine/threonine-protein kinase ALE2 isoform X1 [Oryza sativa Japonica Group],-0.286,-0.051
XP_015642986.1,False,99.662,1.7756,True,RLK_defense,99.643,1.7618,True,RLK_defense,99.61,1.7511,True,RLK_defense,XP_015642986.1 tyrosine-sulfated glycopeptide receptor 1 [Oryza sativa Japonica Group],-0.019,-0.052
XP_015643114.1,False,95.695,1.2166,False,antimicrobial,95.925,1.2465,False,antimicrobial,95.643,1.2198,False,antimicrobial,XP_015643114.1 callose synthase 10 [Oryza sativa Japonica Group],0.23,-0.052
XP_015617271.1,False,94.706,1.0063,False,RLK_defense,93.386,0.9426,False,RLK_defense,94.654,0.998,False,RLK_defense,XP_015617271.1 protein CELLULOSE SYNTHASE INTERACTIVE 3 [Oryza sativa Japonica Group],-1.32,-0.052
XP_025880297.1,False,99.793,1.1196,True,defense_signaling,98.856,1.3967,False,antimicrobial,99.739,1.5188,True,antimicrobial,XP_025880297.1 DNA replication ATP-dependent helicase/nuclease DNA2 isoform X4 [Oryza sativa Japonica Group],-0.937,-0.054
XP_025876224.1,False,87.502,0.7753,False,RLK_defense,86.109,0.7453,False,defense_signaling,87.448,0.7714,False,RLK_defense,XP_025876224.1 kinesin-like protein KIN-7I isoform X3 [Oryza sativa Japonica Group],-1.393,-0.054
XP_015644457.1,False,99.678,1.7797,True,RLK_defense,99.636,1.7599,True,RLK_defense,99.624,1.7569,True,RLK_defense,XP_015644457.1 probable LRR receptor-like serine/threonine-protein kinase At3g47570 [Oryza sativa Japonica Group],-0.042,-0.054
XP_015644458.1,False,99.678,1.7797,True,RLK_defense,99.636,1.7599,True,RLK_defense,99.624,1.7569,True,RLK_defense,XP_015644458.1 probable LRR receptor-like serine/threonine-protein kinase At3g47570 [Oryza sativa Japonica Group],-0.042,-0.054
XP_015644456.1,False,99.678,1.7797,True,RLK_defense,99.636,1.7599,True,RLK_defense,99.624,1.7569,True,RLK_defense,XP_015644456.1 probable LRR receptor-like serine/threonine-protein kinase At3g47570 [Oryza sativa Japonica Group],-0.042,-0.054
XP_015632489.1,False,98.974,2.0653,False,NBS_LRR,99.122,2.068,True,NBS_LRR,98.92,2.0018,False,NBS_LRR,XP_015632489.1 disease resistance protein RGA2-like isoform X2 [Oryza sativa Japonica Group],0.148,-0.054
XP_025876707.1,False,98.591,1.8871,False,NBS_LRR,96.094,1.4075,False,NBS_LRR,98.537,1.826,False,NBS_LRR,XP_025876707.1 putative disease resistance protein RGA3 [Oryza sativa Japonica Group],-2.497,-0.054
XP_015631120.1,False,99.717,1.1795,True,antimicrobial,99.712,1.1308,True,antimicrobial,99.661,1.1701,True,antimicrobial,XP_015631120.1 protein TPR3 isoform X1 [Oryza sativa Japonica Group],-0.005,-0.056
XP_025875976.1,False,99.726,1.3486,True,NBS_LRR,99.63,1.3742,True,NBS_LRR,99.67,1.3756,True,NBS_LRR,XP_025875976.1 uncharacterized protein LOC107278883 [Oryza sativa Japonica Group],-0.096,-0.056
XP_015631118.1,False,99.717,1.1795,True,antimicrobial,99.712,1.1308,True,antimicrobial,99.661,1.1701,True,antimicrobial,XP_015631118.1 protein TPR3 isoform X1 [Oryza sativa Japonica Group],-0.005,-0.056
XP_015611255.1,False,99.737,1.1096,True,defense_signaling,99.84,1.1423,True,defense_signaling,99.681,1.1032,True,defense_signaling,XP_015611255.1 F-box protein At3g54460 [Oryza sativa Japonica Group],0.103,-0.056
XP_025876036.1,False,98.09,1.4055,False,cell_death_HR,87.443,0.9635,False,cell_death_HR,98.034,1.3993,False,cell_death_HR,XP_025876036.1 Fanconi anemia group J protein homolog isoform X1 [Oryza sativa Japonica Group],-10.647,-0.056
XP_015618952.1,False,99.784,1.1181,True,defense_signaling,99.617,1.1014,True,defense_signaling,99.728,1.1116,True,defense_signaling,XP_015618952.1 uncharacterized protein LOC4352592 [Oryza sativa Japonica Group],-0.167,-0.056
XP_015611298.1,False,99.726,1.3486,True,NBS_LRR,99.63,1.3742,True,NBS_LRR,99.67,1.3756,True,NBS_LRR,XP_015611298.1 uncharacterized protein LOC107278883 [Oryza sativa Japonica Group],-0.096,-0.056
XP_015636869.1,False,98.114,1.4067,False,cell_death_HR,96.486,1.2949,False,cell_death_HR,98.058,1.4005,False,cell_death_HR,XP_015636869.1 putative DNA ligase 4 isoform X1 [Oryza sativa Japonica Group],-1.628,-0.056
XP_025875974.1,False,99.726,1.3486,True,NBS_LRR,99.63,1.3742,True,NBS_LRR,99.67,1.3756,True,NBS_LRR,XP_025875974.1 uncharacterized protein LOC107278883 [Oryza sativa Japonica Group],-0.096,-0.056
XP_015620103.1,False,96.862,1.2902,False,antimicrobial,97.095,1.3034,False,antimicrobial,96.806,1.2852,False,antimicrobial,XP_015620103.1 ubiquitin carboxyl-terminal hydrolase 12 isoform X4 [Oryza sativa Japonica Group],0.233,-0.056
XP_025875975.1,False,99.726,1.3486,True,NBS_LRR,99.63,1.3742,True,NBS_LRR,99.67,1.3756,True,NBS_LRR,XP_025875975.1 uncharacterized protein LOC107278883 [Oryza sativa Japonica Group],-0.096,-0.056
XP_015631121.1,False,99.735,1.1868,True,antimicrobial,99.742,1.1367,True,antimicrobial,99.678,1.1775,True,antimicrobial,XP_015631121.1 protein TPR3 isoform X2 [Oryza sativa Japonica Group],0.007,-0.057
XP_025875769.1,False,99.194,2.1552,True,NBS_LRR,99.187,2.0913,True,NBS_LRR,99.136,2.0723,True,NBS_LRR,XP_025875769.1 LOW QUALITY PROTEIN: putative disease resistance protein RGA1 [Oryza sativa Japonica Group],-0.007,-0.058
XP_025876788.1,False,97.54,0.9762,False,defense_signaling,94.959,1.215,False,cell_death_HR,97.482,1.3514,False,cell_death_HR,XP_025876788.1 CCR4-NOT transcription complex subunit 1 isoform X2 [Oryza sativa Japonica Group],-2.581,-0.058
XP_015640100.1,False,99.676,1.1019,True,defense_signaling,99.223,1.0628,True,defense_signaling,99.617,1.0954,True,defense_signaling,XP_015640100.1 probable ATP-dependent DNA helicase CHR12 [Oryza sativa Japonica Group],-0.453,-0.059
XP_015621216.1,False,99.688,1.1045,True,defense_signaling,99.462,1.0831,True,defense_signaling,99.629,1.0981,True,defense_signaling,XP_015621216.1 DENN domain and WD repeat-containing protein SCD1 [Oryza sativa Japonica Group],-0.226,-0.059
XP_015620642.1,False,98.748,1.9719,False,NBS_LRR,98.675,1.8952,False,NBS_LRR,98.689,1.8922,False,NBS_LRR,XP_015620642.1 disease resistance protein RGA5-like isoform X1 [Oryza sativa Japonica Group],-0.073,-0.059
XP_015611981.1,False,99.683,1.4329,True,antimicrobial,99.603,1.3987,True,antimicrobial,99.624,1.4235,True,antimicrobial,XP_015611981.1 inositol hexakisphosphate and diphosphoinositol-pentakisphosphate kinase VIP1 [Oryza sativa Japonica Group],-0.08,-0.059
XP_015643066.1,False,99.598,1.0951,True,defense_signaling,97.581,0.98,False,defense_signaling,99.537,1.0887,True,defense_signaling,XP_015643066.1 transcriptional elongation regulator MINIYO [Oryza sativa Japonica Group],-2.017,-0.061
XP_015627493.1,False,99.154,2.1433,True,NBS_LRR,99.023,2.0458,True,NBS_LRR,99.093,2.0587,True,NBS_LRR,XP_015627493.1 disease resistance protein RGA5-like [Oryza sativa Japonica Group],-0.131,-0.061
XP_015610878.1,False,99.334,2.2091,True,NBS_LRR,99.321,2.1355,True,NBS_LRR,99.273,2.1263,True,NBS_LRR,XP_015610878.1 putative disease resistance protein RGA3 isoform X1 [Oryza sativa Japonica Group],-0.013,-0.061
XP_015638339.1,False,96.653,1.1841,False,RLK_defense,96.552,1.1727,False,RLK_defense,96.592,1.1777,False,RLK_defense,XP_015638339.1 leucine-rich repeat receptor-like serine/threonine-protein kinase BAM3 [Oryza sativa Japonica Group],-0.101,-0.061
XP_015616248.1,False,95.648,1.1894,False,antimicrobial,96.383,1.2694,False,antimicrobial,95.587,1.1801,False,antimicrobial,XP_015616248.1 putative ABC transporter C family member 15 [Oryza sativa Japonica Group],0.735,-0.061
XP_025879428.1,False,99.76,1.114,True,defense_signaling,99.657,1.139,True,antimicrobial,99.699,1.2234,True,cell_death_HR,XP_025879428.1 endoribonuclease Dicer homolog 1 [Oryza sativa Japonica Group],-0.103,-0.061
XP_015610879.1,False,99.334,2.2091,True,NBS_LRR,99.295,2.1331,True,NBS_LRR,99.273,2.1263,True,NBS_LRR,XP_015610879.1 putative disease resistance protein RGA3 isoform X2 [Oryza sativa Japonica Group],-0.039,-0.061
XP_015645850.1,False,98.917,2.052,False,NBS_LRR,99.201,2.0936,True,NBS_LRR,98.854,1.9757,False,NBS_LRR,XP_015645850.1 disease resistance protein RGA2 [Oryza sativa Japonica Group],0.284,-0.063
XP_025882441.1,False,98.917,2.052,False,NBS_LRR,99.201,2.0936,True,NBS_LRR,98.854,1.9757,False,NBS_LRR,XP_025882441.1 disease resistance protein RGA2 [Oryza sativa Japonica Group],0.284,-0.063
XP_015646113.2,False,98.473,1.5813,False,RLK_defense,98.56,1.6007,False,RLK_defense,98.41,1.5733,False,RLK_defense,XP_015646113.2 uncharacterized protein LOC4342331 [Oryza sativa Japonica Group],0.087,-0.063
XP_025882442.1,False,98.917,2.052,False,NBS_LRR,99.201,2.0936,True,NBS_LRR,98.854,1.9757,False,NBS_LRR,XP_025882442.1 disease resistance protein RGA2 [Oryza sativa Japonica Group],0.284,-0.063
XP_015636539.1,False,99.645,1.167,True,antimicrobial,99.664,1.1298,True,antimicrobial,99.582,1.1577,True,antimicrobial,XP_015636539.1 LOW QUALITY PROTEIN: protein FORGETTER 1-like [Oryza sativa Japonica Group],0.019,-0.063
XP_025883112.1,False,99.638,1.2157,True,antimicrobial,99.596,1.1385,True,antimicrobial,99.575,1.2064,True,antimicrobial,XP_025883112.1 LOW QUALITY PROTEIN: protein TPR2-like [Oryza sativa Japonica Group],-0.042,-0.063
XP_015617826.1,False,99.582,1.2592,True,antimicrobial,99.476,1.2193,True,antimicrobial,99.518,1.2499,True,antimicrobial,XP_015617826.1 protein TPR1 isoform X2 [Oryza sativa Japonica Group],-0.106,-0.064
XP_015624482.1,False,99.629,1.097,True,defense_signaling,99.483,1.0874,True,defense_signaling,99.565,1.0905,True,defense_signaling,XP_015624482.1 probable RNA-dependent RNA polymerase 4 [Oryza sativa Japonica Group],-0.146,-0.064
XP_025882848.1,False,98.137,1.3655,False,antimicrobial,97.647,1.3331,False,antimicrobial,98.072,1.3562,False,antimicrobial,XP_025882848.1 ABC transporter G family member 43 isoform X3 [Oryza sativa Japonica Group],-0.49,-0.065
XP_015631820.1,False,98.513,1.3953,False,antimicrobial,98.391,1.3823,False,antimicrobial,98.447,1.386,False,antimicrobial,XP_015631820.1 AP-2 complex subunit alpha-2 [Oryza sativa Japonica Group],-0.122,-0.066
XP_015620054.1,False,98.142,1.3659,False,antimicrobial,97.712,1.3358,False,antimicrobial,98.074,1.3565,False,antimicrobial,XP_015620054.1 uncharacterized protein LOC4325748 [Oryza sativa Japonica Group],-0.43,-0.068
XP_015649925.1,False,98.425,1.3885,False,antimicrobial,97.992,1.3538,False,antimicrobial,98.357,1.3792,False,antimicrobial,XP_015649925.1 ABC transporter G family member 45 isoform X1 [Oryza sativa Japonica Group],-0.433,-0.068
XP_015617347.1,False,98.304,1.3772,False,antimicrobial,98.217,1.3689,False,antimicrobial,98.236,1.3679,False,antimicrobial,"XP_015617347.1 probable calcium-transporting ATPase 8, plasma membrane-type isoform X1 [Oryza sativa Japonica Group]",-0.087,-0.068
XP_015632088.1,False,97.666,1.3674,False,cell_death_HR,97.48,1.3543,False,cell_death_HR,97.598,1.3611,False,cell_death_HR,XP_015632088.1 protein EXPORTIN 1A isoform X2 [Oryza sativa Japonica Group],-0.186,-0.068
XP_025875711.1,False,98.425,1.3885,False,antimicrobial,97.931,1.3504,False,antimicrobial,98.357,1.3792,False,antimicrobial,XP_025875711.1 ABC transporter G family member 45 isoform X2 [Oryza sativa Japonica Group],-0.494,-0.068
XP_015617348.1,False,98.309,1.3778,False,antimicrobial,98.189,1.3678,False,antimicrobial,98.241,1.3685,False,antimicrobial,"XP_015617348.1 probable calcium-transporting ATPase 8, plasma membrane-type isoform X2 [Oryza sativa Japonica Group]",-0.12,-0.068
XP_015647400.1,False,97.697,1.3701,False,cell_death_HR,97.457,1.353,False,cell_death_HR,97.629,1.3638,False,cell_death_HR,XP_015647400.1 uncharacterized protein LOC4343146 isoform X3 [Oryza sativa Japonica Group],-0.24,-0.068
XP_025882721.1,False,97.287,1.3613,False,RLK_defense,97.25,1.3604,False,RLK_defense,97.219,1.3539,False,RLK_defense,XP_025882721.1 uncharacterized protein LOC4342322 [Oryza sativa Japonica Group],-0.037,-0.068
XP_015620481.1,False,98.45,1.3901,False,antimicrobial,98.389,1.3816,False,antimicrobial,98.382,1.3808,False,antimicrobial,"XP_015620481.1 probable calcium-transporting ATPase 9, plasma membrane-type [Oryza sativa Japonica Group]",-0.061,-0.068
XP_025877619.1,False,96.601,1.4919,False,NBS_LRR,96.552,1.4627,False,NBS_LRR,96.533,1.459,False,NBS_LRR,XP_025877619.1 receptor like protein 23 [Oryza sativa Japonica Group],-0.049,-0.068
XP_015647401.1,False,97.697,1.3701,False,cell_death_HR,97.457,1.353,False,cell_death_HR,97.629,1.3638,False,cell_death_HR,XP_015647401.1 uncharacterized protein LOC4343146 isoform X3 [Oryza sativa Japonica Group],-0.24,-0.068
XP_025882847.1,False,98.283,1.3756,False,antimicrobial,97.806,1.3415,False,antimicrobial,98.215,1.3662,False,antimicrobial,XP_025882847.1 ABC transporter G family member 43 isoform X2 [Oryza sativa Japonica Group],-0.477,-0.068
XP_015634613.1,False,98.093,0.999,False,defense_signaling,98.431,1.0804,False,antimicrobial,98.025,1.1548,False,antimicrobial,XP_015634613.1 DNA repair protein RAD5B [Oryza sativa Japonica Group],0.338,-0.068
XP_025878533.1,False,98.036,1.3581,False,antimicrobial,97.942,1.351,False,antimicrobial,97.968,1.3487,False,antimicrobial,XP_025878533.1 ABC transporter G family member 37-like [Oryza sativa Japonica Group],-0.094,-0.068
XP_015632087.1,False,97.666,1.3674,False,cell_death_HR,97.055,1.3301,False,cell_death_HR,97.598,1.3611,False,cell_death_HR,XP_015632087.1 protein EXPORTIN 1A isoform X1 [Oryza sativa Japonica Group],-0.611,-0.068
XP_015621941.1,False,98.257,1.3741,False,antimicrobial,98.055,1.3577,False,antimicrobial,98.189,1.3648,False,antimicrobial,"XP_015621941.1 calcium-transporting ATPase 1, plasma membrane-type [Oryza sativa Japonica Group]",-0.202,-0.068
XP_015650435.1,False,98.217,1.3714,False,antimicrobial,97.374,1.3163,False,antimicrobial,98.149,1.3621,False,antimicrobial,XP_015650435.1 pre-mRNA-splicing factor ATP-dependent RNA helicase DEAH1 [Oryza sativa Japonica Group],-0.843,-0.068
XP_015611136.1,False,98.321,1.3786,False,antimicrobial,98.168,1.3662,False,antimicrobial,98.252,1.3693,False,antimicrobial,"XP_015611136.1 ABC transporter G family member 47, partial [Oryza sativa Japonica Group]",-0.153,-0.069
XP_015635739.1,False,92.425,1.0912,False,antimicrobial,93.346,1.1378,False,antimicrobial,92.356,1.1059,False,antimicrobial,XP_015635739.1 probable cleavage and polyadenylation specificity factor subunit 1 isoform X1 [Oryza sativa Japonica Group],0.921,-0.069
XP_025882113.1,False,97.797,1.4618,False,RLK_defense,97.733,1.453,False,RLK_defense,97.724,1.445,False,RLK_defense,XP_025882113.1 LOW QUALITY PROTEIN: receptor kinase-like protein Xa21 [Oryza sativa Japonica Group],-0.064,-0.073
XP_015623704.1,False,97.604,1.3615,False,cell_death_HR,96.9,1.3209,False,cell_death_HR,97.531,1.3552,False,cell_death_HR,XP_015623704.1 C2 and GRAM domain-containing protein At1g03370 [Oryza sativa Japonica Group],-0.704,-0.073
XP_015617818.1,False,99.565,1.2345,True,antimicrobial,99.5,1.1924,True,antimicrobial,99.49,1.2251,True,antimicrobial,XP_015617818.1 protein TPR1 isoform X1 [Oryza sativa Japonica Group],-0.065,-0.075
XP_015636215.1,False,99.563,1.0878,True,defense_signaling,98.962,1.1128,False,PR_proteins,99.488,1.2197,True,PR_proteins,"XP_015636215.1 starch synthase 3, chloroplastic/amyloplastic [Oryza sativa Japonica Group]",-0.601,-0.075
XP_015636432.1,False,99.591,1.7442,True,RLK_defense,99.533,1.731,True,RLK_defense,99.516,1.7285,True,RLK_defense,XP_015636432.1 probable LRR receptor-like serine/threonine-protein kinase At1g56140 [Oryza sativa Japonica Group],-0.058,-0.075
XP_015650583.1,False,99.518,1.1602,True,antimicrobial,99.396,1.0882,True,antimicrobial,99.441,1.1508,True,antimicrobial,XP_015650583.1 protein FORGETTER 1 isoform X3 [Oryza sativa Japonica Group],-0.122,-0.077
XP_015650584.1,False,99.544,1.1592,True,antimicrobial,99.413,1.0891,True,antimicrobial,99.467,1.1499,True,antimicrobial,XP_015650584.1 protein FORGETTER 1 isoform X4 [Oryza sativa Japonica Group],-0.131,-0.077
XP_015620787.1,False,99.504,1.2893,True,RLK_defense,99.331,1.5247,True,RLK_defense,99.427,1.5669,True,RLK_defense,XP_015620787.1 receptor-like protein kinase ANXUR1 [Oryza sativa Japonica Group],-0.173,-0.077
XP_015650580.1,False,99.521,1.1585,True,antimicrobial,99.387,1.0855,True,antimicrobial,99.443,1.1492,True,antimicrobial,XP_015650580.1 protein FORGETTER 1 isoform X1 [Oryza sativa Japonica Group],-0.134,-0.078
XP_015631729.1,False,99.526,1.0838,True,defense_signaling,93.764,0.8819,False,defense_signaling,99.448,1.0774,True,defense_signaling,XP_015631729.1 1-phosphatidylinositol-3-phosphate 5-kinase FAB1B isoform X1 [Oryza sativa Japonica Group],-5.762,-0.078
XP_015649799.1,False,97.924,1.3498,False,antimicrobial,97.792,1.3406,False,antimicrobial,97.846,1.3405,False,antimicrobial,"XP_015649799.1 calcium-transporting ATPase 5, plasma membrane-type-like [Oryza sativa Japonica Group]",-0.132,-0.078
XP_015631730.1,False,99.526,1.0838,True,defense_signaling,93.764,0.8819,False,defense_signaling,99.448,1.0774,True,defense_signaling,XP_015631730.1 1-phosphatidylinositol-3-phosphate 5-kinase FAB1B isoform X1 [Oryza sativa Japonica Group],-5.762,-0.078
XP_015614136.1,False,99.548,1.0849,True,defense_signaling,97.903,0.9929,False,defense_signaling,99.47,1.305,True,antimicrobial,XP_015614136.1 midasin isoform X2 [Oryza sativa Japonica Group],-1.645,-0.078
XP_015614135.1,False,99.548,1.0849,True,defense_signaling,97.865,0.991,False,defense_signaling,99.47,1.305,True,antimicrobial,XP_015614135.1 midasin isoform X1 [Oryza sativa Japonica Group],-1.683,-0.078
XP_015650582.1,False,99.488,1.1593,True,antimicrobial,99.385,1.0882,True,antimicrobial,99.41,1.1499,True,antimicrobial,XP_015650582.1 protein FORGETTER 1 isoform X2 [Oryza sativa Japonica Group],-0.103,-0.078
XP_015631731.1,False,99.526,1.0838,True,defense_signaling,93.764,0.8819,False,defense_signaling,99.448,1.0774,True,defense_signaling,XP_015631731.1 1-phosphatidylinositol-3-phosphate 5-kinase FAB1B isoform X1 [Oryza sativa Japonica Group],-5.762,-0.078
XP_015645263.1,False,96.986,1.2751,False,RLK_defense,96.914,1.2496,False,RLK_defense,96.907,1.2482,False,RLK_defense,XP_015645263.1 probable LRR receptor-like serine/threonine-protein kinase At4g20940 [Oryza sativa Japonica Group],-0.072,-0.079
XP_015613197.1,False,97.766,1.3389,False,antimicrobial,98.187,1.3677,False,antimicrobial,97.686,1.3296,False,antimicrobial,XP_015613197.1 ABC transporter G family member 51 [Oryza sativa Japonica Group],0.421,-0.08
XP_015644066.1,False,99.547,2.2665,True,NBS_LRR,99.472,2.1858,True,NBS_LRR,99.467,2.1833,True,NBS_LRR,XP_015644066.1 putative disease resistance RPP13-like protein 3 [Oryza sativa Japonica Group],-0.075,-0.08
XP_025882084.1,False,99.547,2.2665,True,NBS_LRR,99.472,2.1858,True,NBS_LRR,99.467,2.1833,True,NBS_LRR,XP_025882084.1 putative disease resistance RPP13-like protein 3 [Oryza sativa Japonica Group],-0.075,-0.08
XP_015646632.1,False,99.272,1.6859,True,RLK_defense,99.124,1.6665,True,RLK_defense,99.192,1.6772,True,RLK_defense,XP_015646632.1 protein STRUBBELIG-RECEPTOR FAMILY 7 isoform X7 [Oryza sativa Japonica Group],-0.148,-0.08
XP_015634426.1,False,94.574,1.2758,False,NBS_LRR,94.433,1.2474,False,NBS_LRR,94.494,1.2506,False,NBS_LRR,XP_015634426.1 receptor like protein 27 [Oryza sativa Japonica Group],-0.141,-0.08
XP_015644064.1,False,99.547,2.2665,True,NBS_LRR,99.472,2.1858,True,NBS_LRR,99.467,2.1833,True,NBS_LRR,XP_015644064.1 putative disease resistance RPP13-like protein 3 [Oryza sativa Japonica Group],-0.075,-0.08
XP_015644065.1,False,99.547,2.2665,True,NBS_LRR,99.472,2.1858,True,NBS_LRR,99.467,2.1833,True,NBS_LRR,XP_015644065.1 putative disease resistance RPP13-like protein 3 [Oryza sativa Japonica Group],-0.075,-0.08
XP_015644063.1,False,99.547,2.2665,True,NBS_LRR,99.472,2.1858,True,NBS_LRR,99.467,2.1833,True,NBS_LRR,XP_015644063.1 putative disease resistance RPP13-like protein 3 [Oryza sativa Japonica Group],-0.075,-0.08
XP_015640222.1,False,97.738,1.3379,False,antimicrobial,97.698,1.3349,False,antimicrobial,97.658,1.3286,False,antimicrobial,"XP_015640222.1 probable calcium-transporting ATPase 6, plasma membrane-type isoform X1 [Oryza sativa Japonica Group]",-0.04,-0.08
XP_015644067.1,False,99.547,2.2665,True,NBS_LRR,99.472,2.1858,True,NBS_LRR,99.467,2.1833,True,NBS_LRR,XP_015644067.1 putative disease resistance RPP13-like protein 3 [Oryza sativa Japonica Group],-0.075,-0.08
XP_015644068.1,False,99.547,2.2665,True,NBS_LRR,99.472,2.1858,True,NBS_LRR,99.467,2.1833,True,NBS_LRR,XP_015644068.1 putative disease resistance RPP13-like protein 3 [Oryza sativa Japonica Group],-0.075,-0.08
XP_015640706.1,False,99.763,2.3215,True,NBS_LRR,99.655,2.229,True,NBS_LRR,99.681,2.2265,True,NBS_LRR,XP_015640706.1 disease resistance protein RGA2 [Oryza sativa Japonica Group],-0.108,-0.082
XP_015624612.1,False,97.435,1.3498,False,cell_death_HR,94.635,1.2013,False,cell_death_HR,97.353,1.3434,False,cell_death_HR,XP_015624612.1 callose synthase 3 [Oryza sativa Japonica Group],-2.8,-0.082
XP_025877467.1,False,99.387,2.2293,True,NBS_LRR,99.72,2.2528,True,NBS_LRR,99.305,2.1337,True,NBS_LRR,XP_025877467.1 disease resistance protein RGA5-like [Oryza sativa Japonica Group],0.333,-0.082
XP_015615401.2,False,99.039,2.0962,True,NBS_LRR,98.952,2.0129,False,NBS_LRR,98.955,2.0176,False,NBS_LRR,XP_015615401.2 disease resistance protein RGA5-like [Oryza sativa Japonica Group],-0.087,-0.084
XP_015644153.1,False,98.998,2.075,False,NBS_LRR,99.073,2.0568,True,NBS_LRR,98.914,1.9994,False,NBS_LRR,XP_015644153.1 putative disease resistance protein RGA1 [Oryza sativa Japonica Group],0.075,-0.084
XP_015644152.1,False,98.998,2.075,False,NBS_LRR,99.073,2.0568,True,NBS_LRR,98.914,1.9994,False,NBS_LRR,XP_015644152.1 putative disease resistance protein RGA1 [Oryza sativa Japonica Group],0.075,-0.084
XP_015644154.1,False,98.998,2.075,False,NBS_LRR,99.073,2.0568,True,NBS_LRR,98.914,1.9994,False,NBS_LRR,XP_015644154.1 putative disease resistance protein RGA1 [Oryza sativa Japonica Group],0.075,-0.084
XP_015644155.1,False,98.998,2.075,False,NBS_LRR,99.073,2.0568,True,NBS_LRR,98.914,1.9994,False,NBS_LRR,XP_015644155.1 putative disease resistance protein RGA1 [Oryza sativa Japonica Group],0.075,-0.084
XP_015630998.1,False,96.902,1.5245,False,NBS_LRR,96.829,1.4865,False,NBS_LRR,96.817,1.4832,False,NBS_LRR,XP_015630998.1 receptor like protein 22 [Oryza sativa Japonica Group],-0.073,-0.085
XP_015612988.1,False,97.393,1.347,False,cell_death_HR,97.059,1.3306,False,cell_death_HR,97.308,1.3406,False,cell_death_HR,XP_015612988.1 endoribonuclease Dicer homolog 3b isoform X3 [Oryza sativa Japonica Group],-0.334,-0.085
XP_015614843.1,False,97.005,1.2846,False,RLK_defense,96.928,1.2546,False,RLK_defense,96.918,1.2514,False,RLK_defense,XP_015614843.1 LRR receptor-like serine/threonine-protein kinase GSO1 [Oryza sativa Japonica Group],-0.077,-0.087
XP_015648119.1,False,99.751,2.3112,True,NBS_LRR,99.669,2.231,True,NBS_LRR,99.664,2.2238,True,NBS_LRR,XP_015648119.1 disease resistance protein PIK6-NP-like [Oryza sativa Japonica Group],-0.082,-0.087
XP_015623940.1,False,98.875,1.6435,False,RLK_defense,98.8,1.6373,False,RLK_defense,98.788,1.6337,False,RLK_defense,XP_015623940.1 probable LRR receptor-like serine/threonine-protein kinase At3g47570 [Oryza sativa Japonica Group],-0.075,-0.087
XP_015612559.1,False,99.427,1.0758,True,defense_signaling,99.199,1.0753,True,antimicrobial,99.338,1.0694,True,defense_signaling,XP_015612559.1 WD repeat and HMG-box DNA-binding protein 1 [Oryza sativa Japonica Group],-0.228,-0.089
XP_015626154.1,False,99.436,1.076,True,defense_signaling,98.645,1.0267,False,defense_signaling,99.347,1.0696,True,defense_signaling,XP_015626154.1 serine/threonine-protein kinase VPS15 [Oryza sativa Japonica Group],-0.791,-0.089
XP_015625565.1,False,99.455,1.1008,True,antimicrobial,99.342,1.0835,True,antimicrobial,99.366,1.0915,True,antimicrobial,XP_015625565.1 trafficking protein particle complex subunit 11 [Oryza sativa Japonica Group],-0.113,-0.089
XP_015649921.1,False,99.46,1.0775,True,defense_signaling,99.45,1.0824,True,defense_signaling,99.371,1.0711,True,defense_signaling,XP_015649921.1 squamosa promoter-binding-like protein 15 [Oryza sativa Japonica Group],-0.01,-0.089
XP_015615518.1,False,99.45,1.0773,True,defense_signaling,97.783,0.9874,False,defense_signaling,99.361,1.0709,True,defense_signaling,XP_015615518.1 DEAD-box ATP-dependent RNA helicase FANCM [Oryza sativa Japonica Group],-1.667,-0.089
XP_015647185.1,False,99.425,1.0757,True,defense_signaling,99.448,1.1448,True,antimicrobial,99.335,1.1596,True,antimicrobial,XP_015647185.1 sister chromatid cohesion protein SCC2 isoform X2 [Oryza sativa Japonica Group],0.023,-0.09
XP_025875872.1,False,97.825,1.6449,False,NBS_LRR,98.079,1.6658,False,NBS_LRR,97.733,1.5978,False,NBS_LRR,XP_025875872.1 disease resistance protein RGA4-like isoform X1 [Oryza sativa Japonica Group],0.254,-0.092
XP_015632935.1,False,98.776,1.626,False,RLK_defense,98.647,1.6153,False,RLK_defense,98.682,1.6188,False,RLK_defense,XP_015632935.1 leucine-rich repeat receptor-like serine/threonine-protein kinase BAM1 [Oryza sativa Japonica Group],-0.129,-0.094
XP_015644128.1,False,97.059,1.3292,False,cell_death_HR,96.599,1.3007,False,cell_death_HR,96.965,1.3228,False,cell_death_HR,XP_015644128.1 C2 and GRAM domain-containing protein At1g03370 [Oryza sativa Japonica Group],-0.46,-0.094
XP_025882530.1,False,99.237,1.6817,True,RLK_defense,99.14,1.6716,True,RLK_defense,99.143,1.6714,True,RLK_defense,XP_025882530.1 receptor kinase-like protein Xa21 isoform X2 [Oryza sativa Japonica Group],-0.097,-0.094
XP_015642938.1,False,95.791,1.084,False,RLK_defense,95.674,1.0716,False,RLK_defense,95.697,1.0719,False,RLK_defense,XP_015642938.1 putative leucine-rich repeat receptor-like serine/threonine-protein kinase At2g24130 [Oryza sativa Japonica Group],-0.117,-0.094
XP_015616460.1,False,99.187,2.1522,True,NBS_LRR,99.183,2.0878,True,NBS_LRR,99.091,2.0582,True,NBS_LRR,XP_015616460.1 putative disease resistance protein RGA1 [Oryza sativa Japonica Group],-0.004,-0.096
XP_025877580.1,False,99.117,2.1165,True,NBS_LRR,99.161,2.0831,True,NBS_LRR,99.021,2.0389,True,NBS_LRR,XP_025877580.1 disease resistance protein RGA2-like [Oryza sativa Japonica Group],0.044,-0.096
XP_015626357.1,False,98.008,1.5025,False,RLK_defense,98.114,1.5285,False,RLK_defense,97.91,1.4917,False,RLK_defense,XP_015626357.1 probable LRR receptor-like serine/threonine-protein kinase At3g47570 isoform X1 [Oryza sativa Japonica Group],0.106,-0.098
XP_015631968.1,False,96.89,1.3197,False,cell_death_HR,95.425,1.2368,False,cell_death_HR,96.792,1.3133,False,cell_death_HR,XP_015631968.1 trafficking protein particle complex subunit 8 isoform X1 [Oryza sativa Japonica Group],-1.465,-0.098
XP_015642937.1,False,97.71,1.4449,False,RLK_defense,97.585,1.4192,False,RLK_defense,97.611,1.4234,False,RLK_defense,XP_015642937.1 putative leucine-rich repeat receptor-like serine/threonine-protein kinase At2g24130 [Oryza sativa Japonica Group],-0.125,-0.099
XP_015646112.2,False,98.032,1.558,False,NBS_LRR,97.776,1.5175,False,NBS_LRR,97.933,1.5303,False,NBS_LRR,XP_015646112.2 uncharacterized protein LOC4342330 [Oryza sativa Japonica Group],-0.256,-0.099
XP_015650657.2,False,97.879,1.6509,False,NBS_LRR,98.086,1.6691,False,NBS_LRR,97.78,1.6042,False,NBS_LRR,XP_015650657.2 disease resistance protein RGA4-like isoform X2 [Oryza sativa Japonica Group],0.207,-0.099
XP_015641010.1,False,95.654,1.0723,False,RLK_defense,95.446,1.1032,False,antimicrobial,95.554,1.1029,False,antimicrobial,XP_015641010.1 ABC transporter B family member 20 [Oryza sativa Japonica Group],-0.208,-0.1
XP_025882321.1,False,98.775,1.9783,False,NBS_LRR,98.869,1.9904,False,NBS_LRR,98.674,1.89,False,NBS_LRR,XP_025882321.1 putative disease resistance protein RGA3 isoform X1 [Oryza sativa Japonica Group],0.094,-0.101
XP_025882320.1,False,98.775,1.9783,False,NBS_LRR,98.869,1.9904,False,NBS_LRR,98.674,1.89,False,NBS_LRR,XP_025882320.1 putative disease resistance protein RGA3 isoform X1 [Oryza sativa Japonica Group],0.094,-0.101
XP_025882319.1,False,98.775,1.9783,False,NBS_LRR,98.869,1.9904,False,NBS_LRR,98.674,1.89,False,NBS_LRR,XP_025882319.1 putative disease resistance protein RGA3 isoform X1 [Oryza sativa Japonica Group],0.094,-0.101
XP_025882326.1,False,98.775,1.9783,False,NBS_LRR,98.869,1.9904,False,NBS_LRR,98.674,1.89,False,NBS_LRR,XP_025882326.1 putative disease resistance protein RGA3 isoform X1 [Oryza sativa Japonica Group],0.094,-0.101
XP_025882322.1,False,98.775,1.9783,False,NBS_LRR,98.869,1.9904,False,NBS_LRR,98.674,1.89,False,NBS_LRR,XP_025882322.1 putative disease resistance protein RGA3 isoform X1 [Oryza sativa Japonica Group],0.094,-0.101
XP_025882323.1,False,98.775,1.9783,False,NBS_LRR,98.869,1.9904,False,NBS_LRR,98.674,1.89,False,NBS_LRR,XP_025882323.1 putative disease resistance protein RGA3 isoform X1 [Oryza sativa Japonica Group],0.094,-0.101
XP_025882324.1,False,98.775,1.9783,False,NBS_LRR,98.869,1.9904,False,NBS_LRR,98.674,1.89,False,NBS_LRR,XP_025882324.1 putative disease resistance protein RGA3 isoform X1 [Oryza sativa Japonica Group],0.094,-0.101
XP_015618104.1,False,98.166,1.5295,False,RLK_defense,98.074,1.5259,False,RLK_defense,98.065,1.5233,False,RLK_defense,XP_015618104.1 receptor-like protein kinase HSL1 [Oryza sativa Japonica Group],-0.092,-0.101
XP_015639322.2,False,97.971,1.4973,False,RLK_defense,97.867,1.4879,False,RLK_defense,97.87,1.4864,False,RLK_defense,XP_015639322.2 receptor-like protein kinase HSL1 [Oryza sativa Japonica Group],-0.104,-0.101
XP_015641618.1,False,98.775,1.9783,False,NBS_LRR,98.869,1.9904,False,NBS_LRR,98.674,1.89,False,NBS_LRR,XP_015641618.1 putative disease resistance protein RGA3 isoform X1 [Oryza sativa Japonica Group],0.094,-0.101
XP_015641610.1,False,98.775,1.9783,False,NBS_LRR,98.869,1.9904,False,NBS_LRR,98.674,1.89,False,NBS_LRR,XP_015641610.1 putative disease resistance protein RGA3 isoform X1 [Oryza sativa Japonica Group],0.094,-0.101
XP_015643188.1,False,99.373,1.2348,True,PR_proteins,98.826,1.3009,False,antimicrobial,99.272,1.3434,True,antimicrobial,XP_015643188.1 DExH-box ATP-dependent RNA helicase DExH3 [Oryza sativa Japonica Group],-0.547,-0.101
XP_025882325.1,False,98.775,1.9783,False,NBS_LRR,98.869,1.9904,False,NBS_LRR,98.674,1.89,False,NBS_LRR,XP_025882325.1 putative disease resistance protein RGA3 isoform X1 [Oryza sativa Japonica Group],0.094,-0.101
XP_015636527.1,False,94.823,1.0548,False,antimicrobial,96.432,1.2708,False,antimicrobial,94.72,1.1912,False,antimicrobial,XP_015636527.1 ABC transporter C family member 4 [Oryza sativa Japonica Group],1.609,-0.103
XP_015618070.1,False,97.686,1.3344,False,antimicrobial,97.05,1.3009,False,antimicrobial,97.583,1.3251,False,antimicrobial,XP_015618070.1 ABC transporter G family member 50 isoform X2 [Oryza sativa Japonica Group],-0.636,-0.103
XP_015619716.1,False,99.314,1.0635,True,defense_signaling,96.174,0.9375,False,defense_signaling,99.211,1.0571,True,defense_signaling,XP_015619716.1 MAG2-interacting protein 2 isoform X2 [Oryza sativa Japonica Group],-3.14,-0.103
XP_015618069.1,False,97.649,1.3321,False,antimicrobial,97.442,1.3207,False,antimicrobial,97.546,1.3228,False,antimicrobial,XP_015618069.1 ABC transporter G family member 50 isoform X1 [Oryza sativa Japonica Group],-0.207,-0.103
XP_015619351.1,False,97.588,1.3287,False,antimicrobial,96.376,1.2691,False,antimicrobial,97.484,1.3193,False,antimicrobial,XP_015619351.1 sodium/hydrogen exchanger 8 [Oryza sativa Japonica Group],-1.212,-0.104
XP_025882849.1,False,97.647,1.332,False,antimicrobial,97.132,1.3052,False,antimicrobial,97.543,1.3226,False,antimicrobial,XP_025882849.1 ABC transporter G family member 43 isoform X4 [Oryza sativa Japonica Group],-0.515,-0.104
XP_015639481.1,False,96.968,1.1094,False,antimicrobial,96.914,1.114,False,antimicrobial,96.86,1.1156,False,antimicrobial,XP_015639481.1 E3 ubiquitin-protein ligase UPL6 isoform X2 [Oryza sativa Japonica Group],-0.054,-0.108
XP_015615786.1,False,99.375,2.2271,True,NBS_LRR,99.702,2.24,True,NBS_LRR,99.267,2.1227,True,NBS_LRR,XP_015615786.1 disease resistance protein RGA5-like isoform X1 [Oryza sativa Japonica Group],0.327,-0.108
XP_015621461.1,False,14.673,-0.6759,False,defense_signaling,14.934,-0.6633,False,defense_signaling,14.565,-0.6819,False,defense_signaling,XP_015621461.1 protein LOL5 [Oryza sativa Japonica Group],0.261,-0.108
XP_015630625.1,False,96.089,1.251,False,antimicrobial,96.143,1.2574,False,antimicrobial,95.979,1.2449,False,antimicrobial,XP_015630625.1 callose synthase 9 [Oryza sativa Japonica Group],0.054,-0.11
XP_025878982.1,False,99.262,1.6847,True,RLK_defense,99.147,1.6728,True,RLK_defense,99.15,1.6722,True,RLK_defense,XP_025878982.1 tyrosine-sulfated glycopeptide receptor 1-like [Oryza sativa Japonica Group],-0.115,-0.112
XP_015647565.1,False,97.691,1.4371,False,RLK_defense,97.48,1.4009,False,RLK_defense,97.578,1.4165,False,RLK_defense,XP_015647565.1 probable inactive receptor kinase At5g10020 [Oryza sativa Japonica Group],-0.211,-0.113
XP_015631090.1,False,99.152,1.0522,True,defense_signaling,99.023,1.0483,True,defense_signaling,99.039,1.0457,True,defense_signaling,XP_015631090.1 calmodulin-binding transcription activator 3 isoform X2 [Oryza sativa Japonica Group],-0.129,-0.113
XP_015611956.1,False,99.147,1.2845,True,antimicrobial,99.068,1.3113,True,antimicrobial,99.032,1.2899,True,antimicrobial,XP_015611956.1 DExH-box ATP-dependent RNA helicase DExH6 [Oryza sativa Japonica Group],-0.079,-0.115
XP_015649906.1,False,67.063,0.4775,False,defense_signaling,67.293,0.4783,False,defense_signaling,66.948,0.4748,False,defense_signaling,XP_015649906.1 exocyst complex component SEC8 isoform X2 [Oryza sativa Japonica Group],0.23,-0.115
XP_015631089.1,False,99.187,1.0549,True,defense_signaling,99.03,1.0489,True,defense_signaling,99.072,1.0485,True,defense_signaling,XP_015631089.1 calmodulin-binding transcription activator 3 isoform X1 [Oryza sativa Japonica Group],-0.157,-0.115
XP_025878724.1,False,99.112,1.0498,True,defense_signaling,98.544,1.021,False,defense_signaling,98.997,1.0434,False,defense_signaling,XP_025878724.1 protein TONSOKU isoform X1 [Oryza sativa Japonica Group],-0.568,-0.115
XP_015615106.1,False,99.197,1.0875,True,antimicrobial,98.555,1.073,False,antimicrobial,99.082,1.0782,True,antimicrobial,"XP_015615106.1 protein translocase subunit SECA2, chloroplastic isoform X1 [Oryza sativa Japonica Group]",-0.642,-0.115
XP_015645092.2,False,96.402,1.2888,False,cell_death_HR,95.57,1.2417,False,cell_death_HR,96.287,1.2823,False,cell_death_HR,XP_015645092.2 uncharacterized protein LOC4343045 isoform X2 [Oryza sativa Japonica Group],-0.832,-0.115
XP_015646613.1,False,99.265,1.1882,True,antimicrobial,99.568,1.1378,True,antimicrobial,99.15,1.1789,True,antimicrobial,"XP_015646613.1 ATP-dependent RNA helicase DEAH11, chloroplastic [Oryza sativa Japonica Group]",0.303,-0.115
XP_015624059.1,False,99.26,1.0592,True,defense_signaling,98.774,1.0338,False,defense_signaling,99.145,1.0528,True,defense_signaling,XP_015624059.1 LOW QUALITY PROTEIN: protein TONSOKU-like [Oryza sativa Japonica Group],-0.486,-0.115
XP_015615760.1,False,95.487,1.1785,False,antimicrobial,98.37,1.0122,False,defense_signaling,95.371,1.1692,False,antimicrobial,XP_015615760.1 THO complex subunit 2 isoform X2 [Oryza sativa Japonica Group],2.883,-0.116
XP_015620171.1,False,97.489,1.3224,False,antimicrobial,98.422,1.3855,False,antimicrobial,97.372,1.3131,False,antimicrobial,XP_015620171.1 ABC transporter G family member 49 isoform X2 [Oryza sativa Japonica Group],0.933,-0.117
XP_015611955.1,False,97.468,1.3212,False,antimicrobial,97.672,1.3343,False,antimicrobial,97.351,1.3119,False,antimicrobial,XP_015611955.1 ABC transporter G family member 53 [Oryza sativa Japonica Group],0.204,-0.117
XP_015647247.1,False,99.127,1.05,True,defense_signaling,98.743,1.0323,False,defense_signaling,99.01,1.0436,True,defense_signaling,XP_015647247.1 ATP-dependent DNA helicase SRS2-like protein At4g25120 isoform X6 [Oryza sativa Japonica Group],-0.384,-0.117
XP_015647246.1,False,99.127,1.05,True,defense_signaling,98.788,1.0347,False,defense_signaling,99.01,1.0436,True,defense_signaling,XP_015647246.1 ATP-dependent DNA helicase SRS2-like protein At4g25120 isoform X5 [Oryza sativa Japonica Group],-0.339,-0.117
XP_015620172.1,False,97.489,1.3224,False,antimicrobial,98.438,1.3869,False,antimicrobial,97.372,1.3131,False,antimicrobial,XP_015620172.1 ABC transporter G family member 49 isoform X3 [Oryza sativa Japonica Group],0.949,-0.117
XP_015634895.1,False,99.227,1.2695,True,RLK_defense,96.925,1.2545,False,RLK_defense,99.11,1.255,True,RLK_defense,XP_015634895.1 glutamate receptor 3.1 [Oryza sativa Japonica Group],-2.302,-0.117
XP_015647248.1,False,99.127,1.05,True,defense_signaling,98.868,1.0392,False,defense_signaling,99.01,1.0436,True,defense_signaling,XP_015647248.1 ATP-dependent DNA helicase SRS2-like protein At4g25120 isoform X7 [Oryza sativa Japonica Group],-0.259,-0.117
XP_015620170.1,False,97.489,1.3224,False,antimicrobial,98.09,1.36,False,antimicrobial,97.372,1.3131,False,antimicrobial,XP_015620170.1 ABC transporter G family member 49 isoform X1 [Oryza sativa Japonica Group],0.601,-0.117
XP_015647242.1,False,99.127,1.05,True,defense_signaling,98.741,1.0322,False,defense_signaling,99.01,1.0436,True,defense_signaling,XP_015647242.1 ATP-dependent DNA helicase SRS2-like protein At4g25120 isoform X1 [Oryza sativa Japonica Group],-0.386,-0.117
XP_015639380.1,False,99.117,1.0651,True,antimicrobial,98.91,1.0697,False,antimicrobial,98.999,1.0661,False,antimicrobial,XP_015639380.1 probable cellulose synthase A catalytic subunit 1 [UDP-forming] [Oryza sativa Japonica Group],-0.207,-0.118
XP_025879450.1,False,99.237,1.1213,True,RLK_defense,99.129,1.1167,True,RLK_defense,99.119,1.1184,True,RLK_defense,XP_025879450.1 uncharacterized protein LOC4332748 [Oryza sativa Japonica Group],-0.108,-0.118
XP_015622301.1,False,97.506,1.3236,False,antimicrobial,97.273,1.3116,False,antimicrobial,97.388,1.3143,False,antimicrobial,XP_015622301.1 ABC transporter G family member 32 isoform X2 [Oryza sativa Japonica Group],-0.233,-0.118
XP_015646969.1,False,99.203,1.0552,True,defense_signaling,99.046,1.0506,True,defense_signaling,99.085,1.0488,True,defense_signaling,XP_015646969.1 regulator of nonsense transcripts 1 homolog isoform X1 [Oryza sativa Japonica Group],-0.157,-0.118
XP_015646970.1,False,99.211,1.0557,True,defense_signaling,99.082,1.0525,True,defense_signaling,99.093,1.0493,True,defense_signaling,XP_015646970.1 regulator of nonsense transcripts 1 homolog isoform X2 [Oryza sativa Japonica Group],-0.129,-0.118
XP_015625462.1,False,99.216,1.0565,True,defense_signaling,98.75,1.0327,False,defense_signaling,99.098,1.0501,True,defense_signaling,XP_015625462.1 protein TONSOKU isoform X2 [Oryza sativa Japonica Group],-0.466,-0.118
XP_015646971.1,False,99.203,1.0552,True,defense_signaling,99.077,1.052,True,defense_signaling,99.085,1.0488,True,defense_signaling,XP_015646971.1 regulator of nonsense transcripts 1 homolog isoform X3 [Oryza sativa Japonica Group],-0.126,-0.118
XP_015615442.1,False,99.122,1.0499,True,defense_signaling,93.996,0.8856,False,defense_signaling,99.004,1.0435,True,defense_signaling,XP_015615442.1 probable phosphoinositide phosphatase SAC9 isoform X2 [Oryza sativa Japonica Group],-5.126,-0.118
XP_015647243.1,False,99.091,1.049,True,defense_signaling,98.706,1.0302,False,defense_signaling,98.971,1.0426,False,defense_signaling,XP_015647243.1 ATP-dependent DNA helicase SRS2-like protein At4g25120 isoform X2 [Oryza sativa Japonica Group],-0.385,-0.12
XP_015631092.1,False,99.079,1.0486,True,defense_signaling,98.934,1.0438,False,defense_signaling,98.959,1.0422,False,defense_signaling,XP_015631092.1 calmodulin-binding transcription activator 3 isoform X3 [Oryza sativa Japonica Group],-0.145,-0.12
XP_015643296.1,False,95.19,1.1441,False,NBS_LRR,93.548,1.1567,False,cell_death_HR,95.07,1.1141,False,antimicrobial,XP_015643296.1 ABC transporter C family member 13 [Oryza sativa Japonica Group],-1.642,-0.12
XP_015636217.1,False,96.308,1.4557,False,NBS_LRR,96.237,1.4203,False,NBS_LRR,96.188,1.4163,False,NBS_LRR,XP_015636217.1 receptor-like protein 7 [Oryza sativa Japonica Group],-0.071,-0.12
XP_025881164.1,False,99.104,1.0496,True,defense_signaling,93.906,0.8837,False,defense_signaling,98.984,1.0432,False,defense_signaling,XP_025881164.1 probable phosphoinositide phosphatase SAC9 isoform X1 [Oryza sativa Japonica Group],-5.198,-0.12
XP_025881163.1,False,99.104,1.0496,True,defense_signaling,93.906,0.8837,False,defense_signaling,98.984,1.0432,False,defense_signaling,XP_025881163.1 probable phosphoinositide phosphatase SAC9 isoform X1 [Oryza sativa Japonica Group],-5.198,-0.12
XP_015646575.1,False,97.449,1.3203,False,antimicrobial,97.856,1.3445,False,antimicrobial,97.329,1.3109,False,antimicrobial,XP_015646575.1 ABC transporter G family member 43 isoform X1 [Oryza sativa Japonica Group],0.407,-0.12
XP_015648344.1,False,97.362,1.3157,False,antimicrobial,96.817,1.2902,False,antimicrobial,97.24,1.3064,False,antimicrobial,XP_015648344.1 ABC transporter G family member 37 isoform X3 [Oryza sativa Japonica Group],-0.545,-0.122
XP_015620320.1,False,99.406,1.7086,True,RLK_defense,99.197,1.6788,True,RLK_defense,99.284,1.6866,True,RLK_defense,XP_015620320.1 probable LRR receptor-like serine/threonine-protein kinase At3g47570 [Oryza sativa Japonica Group],-0.209,-0.122
XP_015629583.1,False,97.574,1.213,False,antimicrobial,98.426,1.3857,False,antimicrobial,97.452,1.3173,False,antimicrobial,"XP_015629583.1 calcium-transporting ATPase 3, plasma membrane-type [Oryza sativa Japonica Group]",0.852,-0.122
XP_015620319.1,False,99.406,1.7086,True,RLK_defense,99.197,1.6788,True,RLK_defense,99.284,1.6866,True,RLK_defense,XP_015620319.1 probable LRR receptor-like serine/threonine-protein kinase At3g47570 [Oryza sativa Japonica Group],-0.209,-0.122
XP_015614414.1,False,98.957,2.0579,False,NBS_LRR,99.025,2.0472,True,NBS_LRR,98.835,1.9701,False,NBS_LRR,XP_015614414.1 disease resistance protein RGA2 [Oryza sativa Japonica Group],0.068,-0.122
XP_025877835.1,False,99.406,1.7086,True,RLK_defense,99.197,1.6788,True,RLK_defense,99.284,1.6866,True,RLK_defense,XP_025877835.1 probable LRR receptor-like serine/threonine-protein kinase At3g47570 [Oryza sativa Japonica Group],-0.209,-0.122
XP_015631297.1,False,99.075,1.0483,True,defense_signaling,98.967,1.0459,False,defense_signaling,98.952,1.0419,False,defense_signaling,XP_015631297.1 lysine-specific demethylase JMJ25 isoform X1 [Oryza sativa Japonica Group],-0.108,-0.123
XP_015647244.1,False,99.038,1.0466,True,defense_signaling,98.703,1.0302,False,defense_signaling,98.914,1.0402,False,defense_signaling,XP_015647244.1 ATP-dependent DNA helicase SRS2-like protein At4g25120 isoform X3 [Oryza sativa Japonica Group],-0.335,-0.124
XP_015614148.1,False,99.046,1.0831,True,RLK_defense,98.229,1.1344,False,RLK_defense,98.922,1.2164,False,antimicrobial,XP_015614148.1 probable histidine kinase 5 isoform X1 [Oryza sativa Japonica Group],-0.817,-0.124
XP_015640333.1,False,99.06,1.0472,True,defense_signaling,97.811,0.988,False,defense_signaling,98.936,1.0408,False,defense_signaling,XP_015640333.1 serine/threonine-protein kinase RUNKEL [Oryza sativa Japonica Group],-1.249,-0.124
XP_015630645.1,False,99.024,1.0456,True,defense_signaling,95.616,0.923,False,defense_signaling,98.9,1.0392,False,defense_signaling,XP_015630645.1 bromodomain and WD repeat-containing protein 1 [Oryza sativa Japonica Group],-3.408,-0.124
XP_015614727.1,False,92.48,0.9837,False,NBS_LRR,90.871,0.9246,False,NBS_LRR,92.356,0.9535,False,NBS_LRR,"XP_015614727.1 pentatricopeptide repeat-containing protein At4g31850, chloroplastic [Oryza sativa Japonica Group]",-1.609,-0.124
XP_015614728.1,False,92.48,0.9837,False,NBS_LRR,90.871,0.9246,False,NBS_LRR,92.356,0.9535,False,NBS_LRR,"XP_015614728.1 pentatricopeptide repeat-containing protein At4g31850, chloroplastic [Oryza sativa Japonica Group]",-1.609,-0.124
XP_015647249.1,False,99.038,1.0466,True,defense_signaling,98.781,1.0342,False,defense_signaling,98.914,1.0402,False,defense_signaling,XP_015647249.1 ATP-dependent DNA helicase SRS2-like protein At4g25120 isoform X8 [Oryza sativa Japonica Group],-0.257,-0.124
XP_015630646.1,False,99.024,1.0456,True,defense_signaling,95.616,0.923,False,defense_signaling,98.9,1.0392,False,defense_signaling,XP_015630646.1 bromodomain and WD repeat-containing protein 1 [Oryza sativa Japonica Group],-3.408,-0.124
XP_015631624.1,False,99.014,1.0446,True,defense_signaling,99.565,1.0955,True,defense_signaling,98.889,1.0384,False,defense_signaling,XP_015631624.1 Fanconi anemia group I protein homolog [Oryza sativa Japonica Group],0.551,-0.125
XP_015619715.1,False,99.068,1.0473,True,defense_signaling,97.348,0.9727,False,defense_signaling,98.943,1.0409,False,defense_signaling,XP_015619715.1 MAG2-interacting protein 2 isoform X1 [Oryza sativa Japonica Group],-1.72,-0.125
XP_015621385.1,False,96.261,0.9393,False,defense_signaling,96.27,0.9398,False,defense_signaling,96.136,0.9378,False,defense_signaling,XP_015621385.1 triacylglycerol lipase SDP1 [Oryza sativa Japonica Group],0.009,-0.125
XP_015645319.1,False,96.635,1.496,False,NBS_LRR,96.532,1.4601,False,NBS_LRR,96.509,1.4566,False,NBS_LRR,XP_015645319.1 receptor-like protein 6 [Oryza sativa Japonica Group],-0.103,-0.126
XP_025878723.1,False,96.635,1.496,False,NBS_LRR,96.532,1.4601,False,NBS_LRR,96.509,1.4566,False,NBS_LRR,XP_025878723.1 receptor-like protein 6 [Oryza sativa Japonica Group],-0.103,-0.126
XP_015644079.1,False,92.687,0.9187,False,RLK_defense,93.402,0.943,False,RLK_defense,92.561,0.9092,False,RLK_defense,"XP_015644079.1 pentatricopeptide repeat-containing protein At3g18110, chloroplastic-like isoform X2 [Oryza sativa Japonica Group]",0.715,-0.126
XP_015639991.1,False,87.197,0.9657,False,antimicrobial,87.417,0.9721,False,antimicrobial,87.07,0.9643,False,antimicrobial,XP_015639991.1 guanylate-binding protein 2 [Oryza sativa Japonica Group],0.22,-0.127
XP_015626818.1,False,98.962,1.0659,False,NBS_LRR,98.795,1.0655,False,NBS_LRR,98.833,1.0913,False,NBS_LRR,XP_015626818.1 uncharacterized protein LOC4328665 [Oryza sativa Japonica Group],-0.167,-0.129
XP_015630971.1,False,93.564,1.1254,False,antimicrobial,97.104,1.3037,False,antimicrobial,93.435,1.1292,False,antimicrobial,XP_015630971.1 ABC transporter C family member 13 [Oryza sativa Japonica Group],3.54,-0.129
XP_015636669.1,False,97.325,1.3124,False,antimicrobial,97.069,1.3022,False,antimicrobial,97.196,1.3031,False,antimicrobial,"XP_015636669.1 calcium-transporting ATPase 5, plasma membrane-type [Oryza sativa Japonica Group]",-0.256,-0.129
XP_015614149.1,False,99.011,1.0829,True,RLK_defense,98.248,1.1353,False,RLK_defense,98.882,1.2159,False,antimicrobial,XP_015614149.1 probable histidine kinase 5 isoform X2 [Oryza sativa Japonica Group],-0.763,-0.129
XP_015636797.1,False,87.439,0.7927,False,NBS_LRR,87.356,0.7663,False,RLK_defense,87.309,0.767,False,RLK_defense,"XP_015636797.1 pentatricopeptide repeat-containing protein At3g09040, mitochondrial [Oryza sativa Japonica Group]",-0.083,-0.13
XP_015636798.1,False,87.439,0.7927,False,NBS_LRR,87.356,0.7663,False,RLK_defense,87.309,0.767,False,RLK_defense,"XP_015636798.1 pentatricopeptide repeat-containing protein At3g09040, mitochondrial [Oryza sativa Japonica Group]",-0.083,-0.13
XP_015626473.1,False,99.432,1.7118,True,RLK_defense,99.328,1.6944,True,RLK_defense,99.302,1.689,True,RLK_defense,XP_015626473.1 tyrosine-sulfated glycopeptide receptor 1 [Oryza sativa Japonica Group],-0.104,-0.13
XP_015636796.1,False,87.439,0.7927,False,NBS_LRR,87.356,0.7663,False,RLK_defense,87.309,0.767,False,RLK_defense,"XP_015636796.1 pentatricopeptide repeat-containing protein At3g09040, mitochondrial [Oryza sativa Japonica Group]",-0.083,-0.13
XP_015625604.1,False,98.959,1.0405,False,defense_signaling,98.126,1.0009,False,defense_signaling,98.828,1.0341,False,defense_signaling,XP_015625604.1 protein PHOTOPERIOD-INDEPENDENT EARLY FLOWERING 1 isoform X2 [Oryza sativa Japonica Group],-0.833,-0.131
XP_025876620.1,False,96.157,1.2734,False,cell_death_HR,96.606,1.3011,False,cell_death_HR,96.026,1.2668,False,cell_death_HR,XP_025876620.1 endoribonuclease Dicer homolog 3b isoform X4 [Oryza sativa Japonica Group],0.449,-0.131
XP_015651137.1,False,99.793,2.3325,True,NBS_LRR,99.676,2.2334,True,NBS_LRR,99.662,2.2237,True,NBS_LRR,XP_015651137.1 putative disease resistance protein RGA4 [Oryza sativa Japonica Group],-0.117,-0.131
XP_015635861.1,False,98.952,1.0397,False,defense_signaling,99.131,1.0552,True,defense_signaling,98.821,1.0333,False,defense_signaling,"XP_015635861.1 kinesin-like protein KIN-7E, chloroplastic isoform X1 [Oryza sativa Japonica Group]",0.179,-0.131
XP_015630592.1,False,98.922,1.3109,False,antimicrobial,98.567,1.3354,False,antimicrobial,98.79,1.3255,False,antimicrobial,XP_015630592.1 DExH-box ATP-dependent RNA helicase DExH3 [Oryza sativa Japonica Group],-0.355,-0.132
XP_015618697.1,False,94.955,1.1128,False,antimicrobial,94.423,1.1797,False,antimicrobial,94.823,1.1035,False,antimicrobial,XP_015618697.1 ABC transporter C family member 10 isoform X1 [Oryza sativa Japonica Group],-0.532,-0.132
XP_015618698.1,False,94.955,1.1128,False,antimicrobial,94.423,1.1797,False,antimicrobial,94.823,1.1035,False,antimicrobial,XP_015618698.1 ABC transporter C family member 10 isoform X1 [Oryza sativa Japonica Group],-0.532,-0.132
XP_015618699.1,False,94.955,1.1128,False,antimicrobial,92.702,1.1184,False,antimicrobial,94.823,1.1035,False,antimicrobial,XP_015618699.1 ABC transporter C family member 10 isoform X2 [Oryza sativa Japonica Group],-2.253,-0.132
XP_015647245.1,False,98.983,1.0418,False,defense_signaling,98.607,1.0251,False,defense_signaling,98.851,1.0354,False,defense_signaling,XP_015647245.1 ATP-dependent DNA helicase SRS2-like protein At4g25120 isoform X4 [Oryza sativa Japonica Group],-0.376,-0.132
XP_015629078.1,False,98.513,1.5862,False,RLK_defense,98.408,1.5725,False,RLK_defense,98.379,1.5671,False,RLK_defense,XP_015629078.1 probable inactive receptor kinase At5g10020 [Oryza sativa Japonica Group],-0.105,-0.134
XP_015622396.1,False,98.715,1.6175,False,RLK_defense,98.595,1.6077,False,RLK_defense,98.581,1.6039,False,RLK_defense,XP_015622396.1 putative receptor-like protein kinase At3g47110 [Oryza sativa Japonica Group],-0.12,-0.134
XP_015626248.1,False,97.264,1.3105,False,antimicrobial,97.748,1.3383,False,antimicrobial,97.13,1.3012,False,antimicrobial,XP_015626248.1 ABC transporter G family member 39 [Oryza sativa Japonica Group],0.484,-0.134
XP_015621706.1,False,98.855,1.0346,False,defense_signaling,98.669,1.0286,False,defense_signaling,98.719,1.0282,False,defense_signaling,XP_015621706.1 probable sucrose-phosphate synthase 1 [Oryza sativa Japonica Group],-0.186,-0.136
XP_015617068.1,False,99.366,1.7022,True,RLK_defense,99.286,1.6883,True,RLK_defense,99.23,1.6807,True,RLK_defense,XP_015617068.1 probable leucine-rich repeat receptor-like protein kinase At1g35710 isoform X1 [Oryza sativa Japonica Group],-0.08,-0.136
XP_025878606.1,False,98.895,1.0365,False,defense_signaling,97.218,0.9682,False,defense_signaling,98.759,1.0301,False,defense_signaling,XP_025878606.1 protein PHOTOPERIOD-INDEPENDENT EARLY FLOWERING 1 isoform X1 [Oryza sativa Japonica Group],-1.677,-0.136
XP_015627331.1,False,97.205,1.3069,False,antimicrobial,96.836,1.2914,False,antimicrobial,97.069,1.2976,False,antimicrobial,XP_015627331.1 ABC transporter G family member 40 isoform X2 [Oryza sativa Japonica Group],-0.369,-0.136
XP_025878605.1,False,98.895,1.0365,False,defense_signaling,97.218,0.9682,False,defense_signaling,98.759,1.0301,False,defense_signaling,XP_025878605.1 protein PHOTOPERIOD-INDEPENDENT EARLY FLOWERING 1 isoform X1 [Oryza sativa Japonica Group],-1.677,-0.136
XP_015621705.1,False,98.855,1.0346,False,defense_signaling,98.669,1.0286,False,defense_signaling,98.719,1.0282,False,defense_signaling,XP_015621705.1 probable sucrose-phosphate synthase 1 [Oryza sativa Japonica Group],-0.186,-0.136
XP_015614836.1,False,98.914,1.0435,False,antimicrobial,98.698,1.037,False,antimicrobial,98.777,1.0341,False,antimicrobial,XP_015614836.1 ABC transporter G family member 25 [Oryza sativa Japonica Group],-0.216,-0.137
XP_015643657.1,False,97.224,1.3075,False,antimicrobial,96.968,1.2966,False,antimicrobial,97.087,1.2982,False,antimicrobial,"XP_015643657.1 glycine dehydrogenase (decarboxylating), mitochondrial [Oryza sativa Japonica Group]",-0.256,-0.137
XP_015630545.1,False,98.88,1.129,False,antimicrobial,98.518,1.1026,False,antimicrobial,98.743,1.1197,False,antimicrobial,XP_015630545.1 probable cellulose synthase A catalytic subunit 2 [UDP-forming] [Oryza sativa Japonica Group],-0.362,-0.137
XP_015614837.1,False,98.914,1.0435,False,antimicrobial,98.698,1.037,False,antimicrobial,98.777,1.0341,False,antimicrobial,XP_015614837.1 ABC transporter G family member 25 [Oryza sativa Japonica Group],-0.216,-0.137
XP_015614150.1,False,98.797,1.0524,False,RLK_defense,98.342,1.1029,False,RLK_defense,98.659,1.138,False,antimicrobial,XP_015614150.1 probable histidine kinase 5 isoform X3 [Oryza sativa Japonica Group],-0.455,-0.138
XP_015633462.1,False,98.861,1.0348,False,defense_signaling,98.628,1.0344,False,antimicrobial,98.722,1.0297,False,antimicrobial,XP_015633462.1 ABC transporter G family member 25-like [Oryza sativa Japonica Group],-0.233,-0.139
XP_015631771.1,False,98.868,1.0349,False,defense_signaling,98.955,1.0443,False,defense_signaling,98.729,1.0285,False,defense_signaling,XP_015631771.1 uncharacterized protein LOC4334076 [Oryza sativa Japonica Group],0.087,-0.139
XP_015638596.1,False,97.181,1.3049,False,antimicrobial,97.858,1.3447,False,antimicrobial,97.041,1.2956,False,antimicrobial,XP_015638596.1 ABC transporter G family member 35 [Oryza sativa Japonica Group],0.677,-0.14
XP_015648358.2,False,97.188,1.3053,False,antimicrobial,97.703,1.335,False,antimicrobial,97.048,1.296,False,antimicrobial,XP_015648358.2 ABC transporter G family member 36 isoform X2 [Oryza sativa Japonica Group],0.515,-0.14
XP_015643020.1,False,92.937,0.8643,False,defense_signaling,92.925,0.8636,False,defense_signaling,92.796,0.8607,False,defense_signaling,XP_015643020.1 auxin response factor 16 isoform X1 [Oryza sativa Japonica Group],-0.012,-0.141
XP_015647370.1,False,95.845,1.2534,False,cell_death_HR,92.58,1.1197,False,cell_death_HR,95.702,1.2468,False,cell_death_HR,XP_015647370.1 uncharacterized protein LOC4343041 [Oryza sativa Japonica Group],-3.265,-0.143
XP_025881204.1,False,98.788,1.0294,False,defense_signaling,98.487,1.0184,False,defense_signaling,98.645,1.023,False,defense_signaling,XP_025881204.1 LOW QUALITY PROTEIN: CHD3-type chromatin-remodeling factor PICKLE-like [Oryza sativa Japonica Group],-0.301,-0.143
XP_015614503.1,False,94.87,1.2109,False,cell_death_HR,93.863,1.1691,False,cell_death_HR,94.725,1.2042,False,cell_death_HR,XP_015614503.1 formin-like protein 3 [Oryza sativa Japonica Group],-1.007,-0.145
XP_015628843.1,False,98.105,1.519,False,RLK_defense,97.952,1.5043,False,RLK_defense,97.959,1.5039,False,RLK_defense,XP_015628843.1 MDIS1-interacting receptor like kinase 1 [Oryza sativa Japonica Group],-0.153,-0.146
XP_015643590.1,False,98.161,1.0017,False,defense_signaling,98.083,0.9994,False,defense_signaling,98.015,0.9963,False,defense_signaling,XP_015643590.1 uncharacterized protein LOC4339828 isoform X1 [Oryza sativa Japonica Group],-0.078,-0.146
XP_015621462.1,False,95.789,1.25,False,cell_death_HR,96.895,1.3207,False,cell_death_HR,95.643,1.2434,False,cell_death_HR,XP_015621462.1 endoribonuclease Dicer homolog 3a [Oryza sativa Japonica Group],1.106,-0.146
XP_015649829.1,False,98.76,1.0647,False,RLK_defense,98.236,1.2257,False,RLK_defense,98.612,1.261,False,RLK_defense,XP_015649829.1 uncharacterized protein LOC4344491 [Oryza sativa Japonica Group],-0.524,-0.148
XP_015635652.1,False,98.748,1.0275,False,defense_signaling,98.924,1.0432,False,defense_signaling,98.6,1.0211,False,defense_signaling,XP_015635652.1 LOW QUALITY PROTEIN: kinesin-like protein KIN-12A [Oryza sativa Japonica Group],0.176,-0.148
XP_015628333.1,False,98.754,1.0277,False,defense_signaling,99.748,1.116,True,defense_signaling,98.606,1.3261,False,antimicrobial,XP_015628333.1 DNA (cytosine-5)-methyltransferase 1A [Oryza sativa Japonica Group],0.994,-0.148
XP_025881444.1,False,94.743,1.2062,False,cell_death_HR,94.765,1.2069,False,cell_death_HR,94.595,1.1994,False,cell_death_HR,XP_025881444.1 LOW QUALITY PROTEIN: phospholipase D zeta 1 [Oryza sativa Japonica Group],0.022,-0.148
XP_015615099.1,False,97.582,1.5468,False,NBS_LRR,97.432,1.4699,False,NBS_LRR,97.434,1.4678,False,NBS_LRR,XP_015615099.1 probable LRR receptor-like serine/threonine-protein kinase At3g47570 isoform X1 [Oryza sativa Japonica Group],-0.15,-0.148
XP_025877329.1,False,97.582,1.5468,False,NBS_LRR,97.432,1.4699,False,NBS_LRR,97.434,1.4678,False,NBS_LRR,XP_025877329.1 probable LRR receptor-like serine/threonine-protein kinase At3g47570 isoform X1 [Oryza sativa Japonica Group],-0.15,-0.148
XP_015615098.1,False,97.582,1.5468,False,NBS_LRR,97.432,1.4699,False,NBS_LRR,97.434,1.4678,False,NBS_LRR,XP_015615098.1 probable LRR receptor-like serine/threonine-protein kinase At3g47570 isoform X1 [Oryza sativa Japonica Group],-0.15,-0.148
XP_015615096.1,False,97.582,1.5468,False,NBS_LRR,97.432,1.4699,False,NBS_LRR,97.434,1.4678,False,NBS_LRR,XP_015615096.1 probable LRR receptor-like serine/threonine-protein kinase At3g47570 isoform X1 [Oryza sativa Japonica Group],-0.15,-0.148
XP_015628332.1,False,98.754,1.0277,False,defense_signaling,99.748,1.116,True,defense_signaling,98.606,1.3261,False,antimicrobial,XP_015628332.1 DNA (cytosine-5)-methyltransferase 1A [Oryza sativa Japonica Group],0.994,-0.148
XP_025876635.1,False,98.673,1.0225,False,defense_signaling,99.695,1.1104,True,defense_signaling,98.523,1.0256,False,antimicrobial,XP_025876635.1 probable helicase DDB_G0274399 isoform X2 [Oryza sativa Japonica Group],1.022,-0.15
XP_015624973.1,False,98.675,1.0226,False,defense_signaling,97.409,1.2957,False,antimicrobial,98.525,1.3261,False,antimicrobial,XP_015624973.1 DNA polymerase alpha catalytic subunit [Oryza sativa Japonica Group],-1.266,-0.15
XP_015631378.1,False,96.627,1.2779,False,antimicrobial,96.463,1.2725,False,antimicrobial,96.477,1.2685,False,antimicrobial,XP_015631378.1 elongation factor-like GTPase 1 [Oryza sativa Japonica Group],-0.164,-0.15
XP_015614452.1,False,96.972,1.2692,False,RLK_defense,96.85,1.2372,False,RLK_defense,96.822,1.2336,False,RLK_defense,XP_015614452.1 probable leucine-rich repeat receptor-like protein kinase At1g35710 [Oryza sativa Japonica Group],-0.122,-0.15
XP_025876634.1,False,98.664,1.0225,False,defense_signaling,99.725,1.113,True,defense_signaling,98.513,1.03,False,antimicrobial,XP_025876634.1 probable helicase DDB_G0274399 isoform X1 [Oryza sativa Japonica Group],1.061,-0.151
XP_015630458.1,False,96.578,1.275,False,antimicrobial,96.244,1.2635,False,antimicrobial,96.427,1.2657,False,antimicrobial,"XP_015630458.1 calcium-transporting ATPase 4, endoplasmic reticulum-type [Oryza sativa Japonica Group]",-0.334,-0.151
XP_015614107.1,False,98.664,1.0225,False,defense_signaling,99.725,1.113,True,defense_signaling,98.513,1.03,False,antimicrobial,XP_015614107.1 probable helicase DDB_G0274399 isoform X1 [Oryza sativa Japonica Group],1.061,-0.151
XP_015614108.1,False,98.664,1.0225,False,defense_signaling,99.725,1.113,True,defense_signaling,98.513,1.03,False,antimicrobial,XP_015614108.1 probable helicase DDB_G0274399 isoform X1 [Oryza sativa Japonica Group],1.061,-0.151
XP_015648322.1,False,96.597,1.2762,False,antimicrobial,97.292,1.3127,False,antimicrobial,96.446,1.2668,False,antimicrobial,XP_015648322.1 ABC transporter G family member 36 isoform X1 [Oryza sativa Japonica Group],0.695,-0.151
XP_015625140.1,False,97.073,1.2986,False,antimicrobial,96.742,1.2876,False,antimicrobial,96.921,1.2893,False,antimicrobial,XP_015625140.1 ABC transporter G family member 31 [Oryza sativa Japonica Group],-0.331,-0.152
XP_015646712.1,False,98.682,1.1131,False,antimicrobial,97.001,1.299,False,antimicrobial,98.53,1.3062,False,antimicrobial,"XP_015646712.1 ferredoxin-dependent glutamate synthase, chloroplastic [Oryza sativa Japonica Group]",-1.681,-0.152
XP_015619387.1,False,95.258,1.2265,False,cell_death_HR,95.119,1.2223,False,cell_death_HR,95.105,1.2198,False,cell_death_HR,"XP_015619387.1 PH, RCC1 and FYVE domains-containing protein 1 isoform X1 [Oryza sativa Japonica Group]",-0.139,-0.153
XP_015619396.1,False,95.258,1.2265,False,cell_death_HR,95.119,1.2223,False,cell_death_HR,95.105,1.2198,False,cell_death_HR,"XP_015619396.1 PH, RCC1 and FYVE domains-containing protein 1 isoform X1 [Oryza sativa Japonica Group]",-0.139,-0.153
XP_015619411.1,False,95.082,1.2201,False,cell_death_HR,94.821,1.2094,False,cell_death_HR,94.929,1.2135,False,cell_death_HR,"XP_015619411.1 PH, RCC1 and FYVE domains-containing protein 1 isoform X2 [Oryza sativa Japonica Group]",-0.261,-0.153
XP_015630303.1,False,95.277,1.2632,False,NBS_LRR,94.757,1.2779,False,NBS_LRR,95.124,1.2324,False,NBS_LRR,XP_015630303.1 endoribonuclease Dicer homolog 2a isoform X2 [Oryza sativa Japonica Group],-0.52,-0.153
XP_015648329.1,False,96.725,1.2835,False,antimicrobial,97.226,1.3086,False,antimicrobial,96.572,1.2742,False,antimicrobial,XP_015648329.1 ABC transporter G family member 37 isoform X1 [Oryza sativa Japonica Group],0.501,-0.153
XP_015648337.1,False,96.725,1.2835,False,antimicrobial,97.308,1.3133,False,antimicrobial,96.572,1.2742,False,antimicrobial,XP_015648337.1 ABC transporter G family member 37 isoform X2 [Oryza sativa Japonica Group],0.583,-0.153
XP_015617198.1,False,97.076,1.2987,False,antimicrobial,97.078,1.3028,False,antimicrobial,96.923,1.2893,False,antimicrobial,XP_015617198.1 ubiquitin carboxyl-terminal hydrolase 12 isoform X2 [Oryza sativa Japonica Group],0.002,-0.153
XP_015632337.1,False,98.741,1.0269,False,defense_signaling,98.196,1.0042,False,defense_signaling,98.588,1.0205,False,defense_signaling,XP_015632337.1 ribosome biogenesis protein bms1 [Oryza sativa Japonica Group],-0.545,-0.153
XP_015626628.1,False,97.083,1.2989,False,antimicrobial,97.186,1.3073,False,antimicrobial,96.93,1.2895,False,antimicrobial,XP_015626628.1 ABC transporter G family member 41 isoform X1 [Oryza sativa Japonica Group],0.103,-0.153
XP_025876084.1,False,95.258,1.2265,False,cell_death_HR,95.119,1.2223,False,cell_death_HR,95.105,1.2198,False,cell_death_HR,"XP_025876084.1 PH, RCC1 and FYVE domains-containing protein 1 isoform X1 [Oryza sativa Japonica Group]",-0.139,-0.153
XP_015633454.1,False,98.722,1.0259,False,defense_signaling,98.426,1.0147,False,defense_signaling,98.567,1.0195,False,defense_signaling,XP_015633454.1 kinesin-like protein KIN-14F [Oryza sativa Japonica Group],-0.296,-0.155
XP_015639442.1,False,92.068,1.0097,False,antimicrobial,94.779,1.1961,False,antimicrobial,91.913,1.0516,False,antimicrobial,XP_015639442.1 ABC transporter C family member 8 isoform X1 [Oryza sativa Japonica Group],2.711,-0.155
XP_015611135.1,False,96.503,1.2724,False,antimicrobial,97.118,1.3043,False,antimicrobial,96.348,1.2631,False,antimicrobial,XP_015611135.1 LOW QUALITY PROTEIN: ABC transporter G family member 46-like [Oryza sativa Japonica Group],0.615,-0.155
XP_015626472.1,False,99.361,1.7008,True,RLK_defense,99.251,1.6837,True,RLK_defense,99.206,1.678,True,RLK_defense,XP_015626472.1 tyrosine-sulfated glycopeptide receptor 1 [Oryza sativa Japonica Group],-0.11,-0.155
XP_015639443.1,False,92.059,1.0138,False,antimicrobial,94.786,1.1962,False,antimicrobial,91.904,1.0516,False,antimicrobial,XP_015639443.1 ABC transporter C family member 8 isoform X2 [Oryza sativa Japonica Group],2.727,-0.155
XP_025882826.1,False,96.972,1.2948,False,antimicrobial,97.771,1.3393,False,antimicrobial,96.815,1.2855,False,antimicrobial,XP_025882826.1 ABC transporter G family member 36 isoform X3 [Oryza sativa Japonica Group],0.799,-0.157
XP_025876627.1,False,98.992,1.6517,False,RLK_defense,98.849,1.6425,False,RLK_defense,98.835,1.6387,False,RLK_defense,XP_025876627.1 receptor kinase-like protein Xa21 [Oryza sativa Japonica Group],-0.143,-0.157
XP_015635488.1,False,98.642,1.0215,False,defense_signaling,98.173,1.0033,False,defense_signaling,98.485,1.0151,False,defense_signaling,XP_015635488.1 MAP3K epsilon protein kinase 1 isoform X1 [Oryza sativa Japonica Group],-0.469,-0.157
XP_015636105.2,False,97.059,1.2978,False,antimicrobial,98.109,1.3618,False,antimicrobial,96.902,1.2885,False,antimicrobial,XP_015636105.2 LOW QUALITY PROTEIN: putative ABC transporter C family member 15 [Oryza sativa Japonica Group],1.05,-0.157
XP_015617197.1,False,97.003,1.2954,False,antimicrobial,97.01,1.2996,False,antimicrobial,96.846,1.2861,False,antimicrobial,XP_015617197.1 ubiquitin carboxyl-terminal hydrolase 12 isoform X1 [Oryza sativa Japonica Group],0.007,-0.157
XP_015613492.1,False,97.029,1.2966,False,antimicrobial,96.714,1.2864,False,antimicrobial,96.871,1.2873,False,antimicrobial,"XP_015613492.1 glycine dehydrogenase (decarboxylating), mitochondrial [Oryza sativa Japonica Group]",-0.315,-0.158
XP_015625789.1,False,98.628,1.1791,False,antimicrobial,97.393,1.2203,False,antimicrobial,98.469,1.1738,False,antimicrobial,XP_015625789.1 ARF guanine-nucleotide exchange factor GNOM [Oryza sativa Japonica Group],-1.235,-0.159
XP_015615597.1,False,98.64,1.0212,False,defense_signaling,95.004,0.9078,False,defense_signaling,98.48,1.0148,False,defense_signaling,XP_015615597.1 uncharacterized protein LOC4350582 [Oryza sativa Japonica Group],-3.636,-0.16
XP_015614639.1,False,42.57,0.1212,False,defense_signaling,42.898,0.1269,False,defense_signaling,42.41,0.1176,False,defense_signaling,XP_015614639.1 pre-mRNA-processing protein 40C isoform X1 [Oryza sativa Japonica Group],0.328,-0.16
XP_015627330.1,False,96.453,1.27,False,antimicrobial,97.264,1.3113,False,antimicrobial,96.291,1.2607,False,antimicrobial,XP_015627330.1 ABC transporter G family member 40 isoform X1 [Oryza sativa Japonica Group],0.811,-0.162
XP_015618071.1,False,96.378,1.2658,False,antimicrobial,96.059,1.2531,False,antimicrobial,96.216,1.2565,False,antimicrobial,XP_015618071.1 ABC transporter G family member 50 isoform X3 [Oryza sativa Japonica Group],-0.319,-0.162
XP_015643313.1,False,97.383,1.3752,False,RLK_defense,97.24,1.3591,False,RLK_defense,97.221,1.3544,False,RLK_defense,XP_015643313.1 receptor-like protein kinase 5 [Oryza sativa Japonica Group],-0.143,-0.162
XP_015631338.1,False,98.518,1.016,False,defense_signaling,98.905,1.0422,False,defense_signaling,98.356,1.0096,False,defense_signaling,XP_015631338.1 guanine nucleotide exchange factor SPIKE 1 [Oryza sativa Japonica Group],0.387,-0.162
XP_015635490.1,False,98.602,1.0192,False,defense_signaling,98.147,1.002,False,defense_signaling,98.44,1.0128,False,defense_signaling,XP_015635490.1 MAP3K epsilon protein kinase 1 isoform X3 [Oryza sativa Japonica Group],-0.455,-0.162
XP_015635491.1,False,98.485,1.015,False,defense_signaling,98.018,0.9977,False,defense_signaling,98.321,1.0086,False,defense_signaling,XP_015635491.1 MAP3K epsilon protein kinase 1 isoform X4 [Oryza sativa Japonica Group],-0.467,-0.164
XP_025876538.1,False,98.35,1.2258,False,antimicrobial,96.916,1.2437,False,antimicrobial,98.186,1.2417,False,antimicrobial,XP_025876538.1 tubulin-folding cofactor D isoform X2 [Oryza sativa Japonica Group],-1.434,-0.164
XP_015643014.1,False,98.471,1.0657,False,RLK_defense,98.847,1.0381,False,defense_signaling,98.307,1.0613,False,RLK_defense,XP_015643014.1 kinesin-like protein KIN-14M isoform X1 [Oryza sativa Japonica Group],0.376,-0.164
XP_015614514.1,False,98.35,1.2258,False,antimicrobial,98.032,1.243,False,antimicrobial,98.186,1.233,False,antimicrobial,XP_015614514.1 tubulin-folding cofactor D isoform X1 [Oryza sativa Japonica Group],-0.318,-0.164
XP_015627294.1,False,98.473,1.2687,False,RLK_defense,98.288,1.2531,False,RLK_defense,98.309,1.2632,False,RLK_defense,XP_015627294.1 DNA repair protein RAD5A isoform X1 [Oryza sativa Japonica Group],-0.185,-0.164
XP_015643045.1,False,92.747,0.921,False,RLK_defense,91.359,1.0052,False,antimicrobial,92.583,1.0661,False,antimicrobial,XP_015643045.1 protein CELLULOSE SYNTHASE INTERACTIVE 1 [Oryza sativa Japonica Group],-1.388,-0.164
XP_015619405.1,False,98.429,1.0122,False,defense_signaling,92.792,0.8854,False,cell_death_HR,98.264,1.2897,False,cell_death_HR,XP_015619405.1 E3 ubiquitin-protein ligase UPL2 [Oryza sativa Japonica Group],-5.637,-0.165
XP_015647044.1,False,98.551,1.0468,False,antimicrobial,98.337,1.0476,False,antimicrobial,98.386,1.0374,False,antimicrobial,XP_015647044.1 probable cellulose synthase A catalytic subunit 6 [UDP-forming] [Oryza sativa Japonica Group],-0.214,-0.165
XP_015629032.1,False,98.328,1.1213,False,RLK_defense,97.987,1.0929,False,RLK_defense,98.163,1.1189,False,RLK_defense,XP_015629032.1 kinesin-like protein KIN-14E isoform X2 [Oryza sativa Japonica Group],-0.341,-0.165
XP_015632605.1,False,98.547,1.0172,False,defense_signaling,98.496,1.019,False,defense_signaling,98.381,1.0108,False,defense_signaling,XP_015632605.1 E3 ubiquitin-protein ligase UPL7 [Oryza sativa Japonica Group],-0.051,-0.166
XP_025876921.1,False,98.171,1.6285,False,NBS_LRR,98.005,1.5651,False,NBS_LRR,98.005,1.5625,False,NBS_LRR,XP_025876921.1 receptor kinase-like protein Xa21 [Oryza sativa Japonica Group],-0.166,-0.166
XP_015617364.1,False,98.171,1.6285,False,NBS_LRR,98.005,1.5651,False,NBS_LRR,98.005,1.5625,False,NBS_LRR,XP_015617364.1 receptor kinase-like protein Xa21 [Oryza sativa Japonica Group],-0.166,-0.166
XP_015617363.1,False,98.171,1.6285,False,NBS_LRR,98.005,1.5651,False,NBS_LRR,98.005,1.5625,False,NBS_LRR,XP_015617363.1 receptor kinase-like protein Xa21 [Oryza sativa Japonica Group],-0.166,-0.166
XP_015632606.1,False,98.547,1.0172,False,defense_signaling,98.496,1.019,False,defense_signaling,98.381,1.0108,False,defense_signaling,XP_015632606.1 E3 ubiquitin-protein ligase UPL7 [Oryza sativa Japonica Group],-0.051,-0.166
XP_015617361.1,False,98.171,1.6285,False,NBS_LRR,98.005,1.5651,False,NBS_LRR,98.005,1.5625,False,NBS_LRR,XP_015617361.1 receptor kinase-like protein Xa21 [Oryza sativa Japonica Group],-0.166,-0.166
XP_025882758.1,False,93.578,1.1573,False,cell_death_HR,71.115,0.5293,False,defense_signaling,93.412,1.1505,False,cell_death_HR,XP_025882758.1 CBL-interacting protein kinase 23 [Oryza sativa Japonica Group],-22.463,-0.166
XP_015615027.1,False,98.513,1.0157,False,defense_signaling,98.532,1.0399,False,RLK_defense,98.346,1.0903,False,RLK_defense,"XP_015615027.1 kinesin-like protein KIN-7K, chloroplastic [Oryza sativa Japonica Group]",0.019,-0.167
XP_025882910.1,False,98.577,1.0182,False,defense_signaling,99.779,1.1219,True,defense_signaling,98.41,1.2565,False,antimicrobial,XP_025882910.1 DNA (cytosine-5)-methyltransferase 1B [Oryza sativa Japonica Group],1.202,-0.167
XP_015622784.1,False,98.405,1.0107,False,defense_signaling,98.375,1.0123,False,defense_signaling,98.238,1.0043,False,defense_signaling,XP_015622784.1 CLIP-associated protein isoform X2 [Oryza sativa Japonica Group],-0.03,-0.167
XP_015650967.1,False,94.067,1.1758,False,cell_death_HR,93.026,1.1352,False,cell_death_HR,93.9,1.169,False,cell_death_HR,XP_015650967.1 C2 and GRAM domain-containing protein At1g03370 isoform X1 [Oryza sativa Japonica Group],-1.041,-0.167
XP_015627295.1,False,98.415,1.2683,False,RLK_defense,98.208,1.2485,False,RLK_defense,98.248,1.2628,False,RLK_defense,XP_015627295.1 DNA repair protein RAD5A isoform X2 [Oryza sativa Japonica Group],-0.207,-0.167
XP_015635489.1,False,98.544,1.0171,False,defense_signaling,98.065,0.999,False,defense_signaling,98.377,1.0107,False,defense_signaling,XP_015635489.1 MAP3K epsilon protein kinase 1 isoform X2 [Oryza sativa Japonica Group],-0.479,-0.167
XP_015631969.1,False,94.065,1.1757,False,cell_death_HR,92.975,1.1339,False,cell_death_HR,93.898,1.1689,False,cell_death_HR,XP_015631969.1 trafficking protein particle complex subunit 8 isoform X2 [Oryza sativa Japonica Group],-1.09,-0.167
XP_015645008.1,False,98.577,1.0182,False,defense_signaling,99.779,1.1219,True,defense_signaling,98.41,1.2565,False,antimicrobial,XP_015645008.1 DNA (cytosine-5)-methyltransferase 1B [Oryza sativa Japonica Group],1.202,-0.167
XP_015645009.1,False,98.577,1.0182,False,defense_signaling,99.779,1.1219,True,defense_signaling,98.41,1.2565,False,antimicrobial,XP_015645009.1 DNA (cytosine-5)-methyltransferase 1B [Oryza sativa Japonica Group],1.202,-0.167
XP_015611872.1,False,94.483,1.1949,False,cell_death_HR,95.429,1.2369,False,cell_death_HR,94.314,1.1882,False,cell_death_HR,XP_015611872.1 transcription initiation factor TFIID subunit 2 [Oryza sativa Japonica Group],0.946,-0.169
XP_015610794.1,False,96.881,1.291,False,antimicrobial,97.205,1.308,False,antimicrobial,96.712,1.2817,False,antimicrobial,XP_015610794.1 LOW QUALITY PROTEIN: ABC transporter G family member 52-like [Oryza sativa Japonica Group],0.324,-0.169
XP_015612279.1,False,98.389,1.108,False,antimicrobial,98.201,1.1224,False,antimicrobial,98.22,1.1314,False,antimicrobial,XP_015612279.1 cellulose synthase A catalytic subunit 9 [UDP-forming] [Oryza sativa Japonica Group],-0.188,-0.169
XP_015612854.1,False,96.916,1.2925,False,antimicrobial,96.932,1.2951,False,antimicrobial,96.747,1.2832,False,antimicrobial,XP_015612854.1 ubiquitin carboxyl-terminal hydrolase 13 [Oryza sativa Japonica Group],0.016,-0.169
XP_015646894.1,False,98.391,1.1094,False,antimicrobial,98.18,1.1006,False,antimicrobial,98.222,1.1,False,antimicrobial,XP_015646894.1 probable cellulose synthase A catalytic subunit 8 [UDP-forming] [Oryza sativa Japonica Group],-0.211,-0.169
XP_015622300.1,False,96.904,1.2921,False,antimicrobial,97.534,1.327,False,antimicrobial,96.735,1.2828,False,antimicrobial,XP_015622300.1 ABC transporter G family member 32 isoform X1 [Oryza sativa Japonica Group],0.63,-0.169
XP_015616976.1,False,96.359,1.265,False,antimicrobial,96.998,1.2988,False,antimicrobial,96.19,1.2556,False,antimicrobial,XP_015616976.1 ABC transporter G family member 48 [Oryza sativa Japonica Group],0.639,-0.169
XP_015632902.1,False,93.355,1.0724,False,NBS_LRR,91.622,1.0066,False,NBS_LRR,93.184,1.0527,False,NBS_LRR,XP_015632902.1 pentatricopeptide repeat-containing protein At5g55840-like [Oryza sativa Japonica Group],-1.733,-0.171
XP_015650488.1,False,96.23,1.2583,False,antimicrobial,97.282,1.3121,False,antimicrobial,96.059,1.249,False,antimicrobial,XP_015650488.1 ABC transporter G family member 44 [Oryza sativa Japonica Group],1.052,-0.171
XP_015650803.1,False,98.296,1.0064,False,defense_signaling,95.03,0.909,False,defense_signaling,98.124,0.9999,False,defense_signaling,XP_015650803.1 E3 ubiquitin-protein ligase PRT6 isoform X1 [Oryza sativa Japonica Group],-3.266,-0.172
XP_015629031.1,False,98.288,1.122,False,RLK_defense,97.787,1.0743,False,RLK_defense,98.116,1.1188,False,RLK_defense,XP_015629031.1 kinesin-like protein KIN-14E isoform X1 [Oryza sativa Japonica Group],-0.501,-0.172
XP_015615175.1,False,97.964,1.4949,False,RLK_defense,97.79,1.4693,False,RLK_defense,97.792,1.4673,False,RLK_defense,XP_015615175.1 probable LRR receptor-like serine/threonine-protein kinase At3g47570 [Oryza sativa Japonica Group],-0.174,-0.172
XP_025878559.1,False,98.296,1.0064,False,defense_signaling,95.399,0.9171,False,defense_signaling,98.124,0.9999,False,defense_signaling,XP_025878559.1 E3 ubiquitin-protein ligase PRT6 isoform X2 [Oryza sativa Japonica Group],-2.897,-0.172
XP_015631790.1,False,98.248,1.0396,False,antimicrobial,97.933,1.0274,False,antimicrobial,98.074,1.0303,False,antimicrobial,XP_015631790.1 probable cellulose synthase A catalytic subunit 5 [UDP-forming] [Oryza sativa Japonica Group],-0.315,-0.174
XP_015643015.1,False,98.267,1.1005,False,RLK_defense,98.748,1.0326,False,defense_signaling,98.093,1.0965,False,RLK_defense,XP_015643015.1 kinesin-like protein KIN-14M isoform X2 [Oryza sativa Japonica Group],0.481,-0.174
XP_025879725.1,False,98.255,1.148,False,PR_proteins,99.18,1.0596,True,defense_signaling,98.081,1.1416,False,PR_proteins,XP_025879725.1 5'-3' exoribonuclease 4 [Oryza sativa Japonica Group],0.925,-0.174
XP_015636015.1,False,98.28,1.0055,False,defense_signaling,98.078,0.9993,False,defense_signaling,98.106,0.9991,False,defense_signaling,XP_015636015.1 protein unc-13 homolog isoform X1 [Oryza sativa Japonica Group],-0.202,-0.174
XP_015636014.1,False,98.28,1.0055,False,defense_signaling,98.078,0.9993,False,defense_signaling,98.106,0.9991,False,defense_signaling,XP_015636014.1 protein unc-13 homolog isoform X1 [Oryza sativa Japonica Group],-0.202,-0.174
XP_015645011.1,False,98.142,1.1415,False,antimicrobial,98.21,1.2433,False,antimicrobial,97.966,1.2649,False,antimicrobial,XP_015645011.1 condensin complex subunit 1 [Oryza sativa Japonica Group],0.068,-0.176
XP_015646807.1,False,98.234,1.0229,False,antimicrobial,97.879,1.0171,False,antimicrobial,98.058,1.0136,False,antimicrobial,XP_015646807.1 probable cellulose synthase A catalytic subunit 3 [UDP-forming] [Oryza sativa Japonica Group],-0.355,-0.176
XP_015644275.1,False,93.031,1.1345,False,cell_death_HR,92.585,1.1199,False,cell_death_HR,92.853,1.1276,False,cell_death_HR,XP_015644275.1 importin-9 [Oryza sativa Japonica Group],-0.446,-0.178
XP_015614640.1,False,44.338,0.1522,False,defense_signaling,44.218,0.1506,False,defense_signaling,44.16,0.1482,False,defense_signaling,XP_015614640.1 pre-mRNA-processing protein 40C isoform X2 [Oryza sativa Japonica Group],-0.12,-0.178
XP_015627252.2,False,98.682,1.6134,False,RLK_defense,99.126,1.6704,True,RLK_defense,98.504,1.5881,False,RLK_defense,XP_015627252.2 MDIS1-interacting receptor like kinase 2 [Oryza sativa Japonica Group],0.444,-0.178
XP_015622286.1,False,92.079,0.9254,False,NBS_LRR,91.435,0.8719,False,RLK_defense,91.9,0.8874,False,RLK_defense,XP_015622286.1 putative pentatricopeptide repeat-containing protein At5g09950 [Oryza sativa Japonica Group],-0.644,-0.179
XP_015622285.1,False,92.079,0.9254,False,NBS_LRR,91.435,0.8719,False,RLK_defense,91.9,0.8874,False,RLK_defense,XP_015622285.1 putative pentatricopeptide repeat-containing protein At5g09950 [Oryza sativa Japonica Group],-0.644,-0.179
XP_015616271.1,False,91.988,1.0976,False,cell_death_HR,76.728,0.7171,False,antimicrobial,91.807,1.0906,False,cell_death_HR,XP_015616271.1 myosin-17 isoform X1 [Oryza sativa Japonica Group],-15.26,-0.181
XP_015616287.1,False,91.988,1.0976,False,cell_death_HR,78.692,0.7639,False,antimicrobial,91.807,1.0906,False,cell_death_HR,XP_015616287.1 myosin-17 isoform X4 [Oryza sativa Japonica Group],-13.296,-0.181
XP_015616303.1,False,91.988,1.0976,False,cell_death_HR,82.408,0.8302,False,antimicrobial,91.807,1.0906,False,cell_death_HR,XP_015616303.1 myosin-17 isoform X9 [Oryza sativa Japonica Group],-9.58,-0.181
XP_025876262.1,False,91.988,1.0976,False,cell_death_HR,78.276,0.7548,False,antimicrobial,91.807,1.0906,False,cell_death_HR,XP_025876262.1 myosin-17 isoform X5 [Oryza sativa Japonica Group],-13.712,-0.181
XP_015616299.1,False,91.988,1.0976,False,cell_death_HR,81.813,0.7926,False,antimicrobial,91.807,1.0906,False,cell_death_HR,XP_015616299.1 myosin-17 isoform X8 [Oryza sativa Japonica Group],-10.175,-0.181
XP_015616315.1,False,91.988,1.0976,False,cell_death_HR,84.303,0.8921,False,antimicrobial,91.807,1.0906,False,cell_death_HR,XP_015616315.1 myosin-17 isoform X11 [Oryza sativa Japonica Group],-7.685,-0.181
XP_015616281.1,False,91.988,1.0976,False,cell_death_HR,77.569,0.7372,False,antimicrobial,91.807,1.0906,False,cell_death_HR,XP_015616281.1 myosin-17 isoform X3 [Oryza sativa Japonica Group],-14.419,-0.181
XP_015616276.1,False,91.988,1.0976,False,cell_death_HR,76.784,0.7186,False,antimicrobial,91.807,1.0906,False,cell_death_HR,XP_015616276.1 myosin-17 isoform X2 [Oryza sativa Japonica Group],-15.204,-0.181
XP_015616293.1,False,91.988,1.0976,False,cell_death_HR,79.805,0.791,False,antimicrobial,91.807,1.0906,False,cell_death_HR,XP_015616293.1 myosin-17 isoform X7 [Oryza sativa Japonica Group],-12.183,-0.181
XP_015643361.1,False,98.09,0.999,False,defense_signaling,98.588,1.0238,False,defense_signaling,97.907,0.9926,False,defense_signaling,XP_015643361.1 nuclear pore complex protein NUP155 [Oryza sativa Japonica Group],0.498,-0.183
XP_015639416.1,False,91.695,1.0877,False,cell_death_HR,91.089,1.0669,False,cell_death_HR,91.511,1.0806,False,cell_death_HR,XP_015639416.1 structural maintenance of chromosomes protein 5 [Oryza sativa Japonica Group],-0.606,-0.184
XP_025877437.1,False,98.02,1.5287,False,NBS_LRR,97.818,1.4768,False,RLK_defense,97.834,1.4809,False,RLK_defense,XP_025877437.1 putative receptor-like protein kinase At3g47110 isoform X1 [Oryza sativa Japonica Group],-0.202,-0.186
XP_015615692.1,False,98.02,1.5287,False,NBS_LRR,97.818,1.4768,False,RLK_defense,97.834,1.4809,False,RLK_defense,XP_015615692.1 putative receptor-like protein kinase At3g47110 isoform X1 [Oryza sativa Japonica Group],-0.202,-0.186
XP_015628682.1,False,89.499,1.0193,False,cell_death_HR,88.801,1.0003,False,cell_death_HR,89.313,1.0121,False,cell_death_HR,XP_015628682.1 protein QUIRKY [Oryza sativa Japonica Group],-0.698,-0.186
XP_015615693.1,False,98.02,1.5287,False,NBS_LRR,97.818,1.4768,False,RLK_defense,97.834,1.4809,False,RLK_defense,XP_015615693.1 putative receptor-like protein kinase At3g47110 isoform X1 [Oryza sativa Japonica Group],-0.202,-0.186
XP_015640773.1,False,89.437,1.0179,False,cell_death_HR,89.188,1.0104,False,cell_death_HR,89.25,1.0107,False,cell_death_HR,XP_015640773.1 uncharacterized protein LOC4339807 [Oryza sativa Japonica Group],-0.249,-0.187
XP_015636884.1,False,95.939,1.244,False,antimicrobial,96.218,1.2611,False,antimicrobial,95.751,1.2347,False,antimicrobial,XP_015636884.1 probable RNA-dependent RNA polymerase 2 [Oryza sativa Japonica Group],0.279,-0.188
XP_025881508.1,False,92.581,1.1167,False,cell_death_HR,84.439,0.8767,False,antimicrobial,92.393,1.1097,False,cell_death_HR,XP_025881508.1 myosin-17 isoform X1 [Oryza sativa Japonica Group],-8.142,-0.188
XP_025881509.1,False,92.581,1.1167,False,cell_death_HR,84.174,0.8724,False,antimicrobial,92.393,1.1097,False,cell_death_HR,XP_025881509.1 myosin-17 isoform X2 [Oryza sativa Japonica Group],-8.407,-0.188
XP_015638769.1,False,7.706,-1.4916,False,cell_death_HR,4.162,-2.119,False,cell_death_HR,7.518,-1.5051,False,cell_death_HR,XP_015638769.1 fibroin heavy chain [Oryza sativa Japonica Group],-3.544,-0.188
XP_015612810.1,False,98.452,1.5777,False,RLK_defense,98.389,1.5704,False,RLK_defense,98.264,1.5493,False,RLK_defense,XP_015612810.1 probable leucine-rich repeat receptor-like protein kinase At1g35710 isoform X1 [Oryza sativa Japonica Group],-0.063,-0.188
XP_025883057.1,False,7.793,-1.4818,False,cell_death_HR,7.507,-1.5122,False,cell_death_HR,7.603,-1.4952,False,cell_death_HR,XP_025883057.1 uncharacterized protein LOC9271009 isoform X1 [Oryza sativa Japonica Group],-0.286,-0.19
XP_015621594.1,False,98.417,1.5715,False,RLK_defense,98.198,1.5417,False,RLK_defense,98.227,1.5441,False,RLK_defense,XP_015621594.1 receptor kinase-like protein Xa21 [Oryza sativa Japonica Group],-0.219,-0.19
XP_015623820.1,False,98.786,1.6899,False,NBS_LRR,98.605,1.6414,False,NBS_LRR,98.595,1.6389,False,NBS_LRR,XP_015623820.1 probable LRR receptor-like serine/threonine-protein kinase At3g47570 isoform X1 [Oryza sativa Japonica Group],-0.181,-0.191
XP_015644671.1,False,98.307,1.5516,False,RLK_defense,98.133,1.5306,False,RLK_defense,98.116,1.5272,False,RLK_defense,XP_015644671.1 leucine-rich repeat receptor-like serine/threonine-protein kinase BAM1 isoform X1 [Oryza sativa Japonica Group],-0.174,-0.191
XP_015616291.1,False,90.217,1.0398,False,cell_death_HR,71.716,0.5965,False,antimicrobial,90.025,1.0327,False,cell_death_HR,XP_015616291.1 myosin-17 isoform X6 [Oryza sativa Japonica Group],-18.501,-0.192
XP_015643013.1,False,95.84,1.2382,False,antimicrobial,97.087,1.3033,False,antimicrobial,95.648,1.2288,False,antimicrobial,XP_015643013.1 ABC transporter G family member 42 [Oryza sativa Japonica Group],1.247,-0.192
XP_025876833.1,False,95.685,1.2322,False,antimicrobial,96.536,1.2768,False,antimicrobial,95.488,1.2229,False,antimicrobial,XP_025876833.1 ABC transporter C family member 10 [Oryza sativa Japonica Group],0.851,-0.197
XP_025881678.1,False,96.911,1.1075,False,antimicrobial,96.817,1.113,False,antimicrobial,96.712,1.1154,False,antimicrobial,XP_025881678.1 E3 ubiquitin-protein ligase UPL6 isoform X4 [Oryza sativa Japonica Group],-0.094,-0.199
XP_015643591.1,False,98.039,0.9966,False,defense_signaling,97.917,0.9935,False,defense_signaling,97.839,0.9902,False,defense_signaling,XP_015643591.1 uncharacterized protein LOC4339828 isoform X2 [Oryza sativa Japonica Group],-0.122,-0.2
XP_025880259.1,False,95.648,1.2311,False,antimicrobial,96.733,1.2872,False,antimicrobial,95.448,1.2217,False,antimicrobial,"XP_025880259.1 magnesium-chelatase subunit ChlH, chloroplastic [Oryza sativa Japonica Group]",1.085,-0.2
XP_015639773.1,False,95.749,1.2344,False,antimicrobial,95.406,1.2216,False,antimicrobial,95.549,1.2251,False,antimicrobial,"XP_015639773.1 calcium-transporting ATPase 4, endoplasmic reticulum-type [Oryza sativa Japonica Group]",-0.343,-0.2
XP_015649922.1,False,97.931,0.9906,False,defense_signaling,89.203,0.7969,False,defense_signaling,97.729,0.9842,False,defense_signaling,XP_015649922.1 mediator of RNA polymerase II transcription subunit 14 [Oryza sativa Japonica Group],-8.728,-0.202
XP_015626986.1,False,97.961,0.992,False,defense_signaling,97.712,0.9861,False,defense_signaling,97.759,0.9856,False,defense_signaling,XP_015626986.1 uncharacterized protein LOC4329367 [Oryza sativa Japonica Group],-0.249,-0.202
XP_015625313.1,False,98.995,1.6523,False,RLK_defense,98.788,1.6353,False,RLK_defense,98.793,1.6342,False,RLK_defense,XP_015625313.1 tyrosine-sulfated glycopeptide receptor 1 isoform X1 [Oryza sativa Japonica Group],-0.207,-0.202
XP_015616297.1,False,98.755,1.6229,False,RLK_defense,98.57,1.6027,False,RLK_defense,98.551,1.5978,False,RLK_defense,XP_015616297.1 receptor kinase-like protein Xa21 [Oryza sativa Japonica Group],-0.185,-0.204
XP_025881941.1,False,95.5,1.2237,False,antimicrobial,96.395,1.2702,False,antimicrobial,95.293,1.2143,False,antimicrobial,XP_025881941.1 ABC transporter C family member 10 [Oryza sativa Japonica Group],0.895,-0.207
XP_015644500.1,False,95.5,1.2237,False,antimicrobial,96.395,1.2702,False,antimicrobial,95.293,1.2143,False,antimicrobial,XP_015644500.1 ABC transporter C family member 10 [Oryza sativa Japonica Group],0.895,-0.207
XP_015644499.1,False,95.5,1.2237,False,antimicrobial,96.395,1.2702,False,antimicrobial,95.293,1.2143,False,antimicrobial,XP_015644499.1 ABC transporter C family member 10 [Oryza sativa Japonica Group],0.895,-0.207
XP_015617394.1,False,99.324,1.6965,True,RLK_defense,98.863,1.6456,False,RLK_defense,99.117,1.6685,True,RLK_defense,XP_015617394.1 receptor kinase-like protein Xa21 [Oryza sativa Japonica Group],-0.461,-0.207
XP_015623127.1,False,98.399,1.5682,False,RLK_defense,98.161,1.5354,False,RLK_defense,98.191,1.5411,False,RLK_defense,XP_015623127.1 receptor kinase-like protein Xa21 isoform X1 [Oryza sativa Japonica Group],-0.238,-0.208
XP_015638032.1,False,98.746,1.6213,False,RLK_defense,98.53,1.5959,False,RLK_defense,98.537,1.5947,False,RLK_defense,XP_015638032.1 probable LRR receptor-like serine/threonine-protein kinase At3g47570 [Oryza sativa Japonica Group],-0.216,-0.209
XP_015621425.1,False,98.229,1.5405,False,RLK_defense,97.961,1.5056,False,RLK_defense,98.02,1.5126,False,RLK_defense,XP_015621425.1 probable LRR receptor-like serine/threonine-protein kinase At3g47570 [Oryza sativa Japonica Group],-0.268,-0.209
XP_015624354.2,False,98.485,1.582,False,RLK_defense,98.267,1.5515,False,RLK_defense,98.274,1.5507,False,RLK_defense,XP_015624354.2 probable LRR receptor-like serine/threonine-protein kinase At3g47570 [Oryza sativa Japonica Group],-0.218,-0.211
XP_015639402.1,False,95.401,0.9156,False,defense_signaling,95.861,0.9293,False,defense_signaling,95.19,0.9115,False,defense_signaling,XP_015639402.1 lysine-specific demethylase JMJ703 [Oryza sativa Japonica Group],0.46,-0.211
XP_015650062.1,False,97.829,0.9871,False,defense_signaling,97.467,0.9769,False,defense_signaling,97.617,0.9808,False,defense_signaling,XP_015650062.1 probable sucrose-phosphate synthase 4 [Oryza sativa Japonica Group],-0.362,-0.212
XP_015650063.1,False,97.829,0.9871,False,defense_signaling,97.467,0.9769,False,defense_signaling,97.617,0.9808,False,defense_signaling,XP_015650063.1 probable sucrose-phosphate synthase 4 [Oryza sativa Japonica Group],-0.362,-0.212
XP_015627166.1,False,87.325,0.9626,False,cell_death_HR,87.11,0.957,False,cell_death_HR,87.112,0.9553,False,cell_death_HR,XP_015627166.1 uncharacterized protein LOC4329352 isoform X1 [Oryza sativa Japonica Group],-0.215,-0.213
XP_015636766.1,False,88.871,1.0017,False,cell_death_HR,88.186,0.9838,False,cell_death_HR,88.658,0.9945,False,cell_death_HR,"XP_015636766.1 DNA polymerase I A, chloroplastic-like isoform X1 [Oryza sativa Japonica Group]",-0.685,-0.213
XP_015637331.1,False,89.104,0.9747,False,antimicrobial,86.288,0.9314,False,antimicrobial,88.89,0.9654,False,antimicrobial,XP_015637331.1 pre-mRNA-splicing factor ATP-dependent RNA helicase DEAH1 [Oryza sativa Japonica Group],-2.816,-0.214
XP_015636212.1,False,99.413,1.7098,True,RLK_defense,99.883,1.8521,True,RLK_defense,99.199,1.6778,True,RLK_defense,XP_015636212.1 LOW QUALITY PROTEIN: probable leucine-rich repeat receptor-like protein kinase At5g63930 [Oryza sativa Japonica Group],0.47,-0.214
XP_015631759.1,False,97.778,1.1705,False,antimicrobial,97.731,1.2656,False,antimicrobial,97.562,1.1839,False,antimicrobial,"XP_015631759.1 protein SUPPRESSOR OF QUENCHING 1, chloroplastic isoform X1 [Oryza sativa Japonica Group]",-0.047,-0.216
XP_015621243.1,False,98.349,1.5598,False,RLK_defense,98.055,1.5213,False,RLK_defense,98.133,1.5299,False,RLK_defense,XP_015621243.1 receptor kinase-like protein Xa21 [Oryza sativa Japonica Group],-0.294,-0.216
XP_015630016.1,False,97.571,0.978,False,defense_signaling,97.268,0.9694,False,defense_signaling,97.353,0.9716,False,defense_signaling,XP_015630016.1 DNA (cytosine-5)-methyltransferase CMT1 [Oryza sativa Japonica Group],-0.303,-0.218
XP_015620661.1,False,88.282,0.9573,False,antimicrobial,88.164,0.9742,False,antimicrobial,88.063,0.9727,False,antimicrobial,XP_015620661.1 nodal modulator 1 [Oryza sativa Japonica Group],-0.118,-0.219
XP_015643402.1,False,97.722,0.9829,False,defense_signaling,94.462,0.8962,False,defense_signaling,97.501,0.9765,False,defense_signaling,XP_015643402.1 kinesin-like protein KIN-14L [Oryza sativa Japonica Group],-3.26,-0.221
XP_015631760.1,False,96.895,1.2286,False,antimicrobial,97.405,1.3181,False,antimicrobial,96.674,1.2797,False,antimicrobial,"XP_015631760.1 protein SUPPRESSOR OF QUENCHING 1, chloroplastic isoform X2 [Oryza sativa Japonica Group]",0.51,-0.221
XP_015621352.1,False,97.755,0.9841,False,defense_signaling,98.642,1.0267,False,defense_signaling,97.534,0.9777,False,defense_signaling,XP_015621352.1 protein GFS12 isoform X3 [Oryza sativa Japonica Group],0.887,-0.221
XP_015636574.1,False,97.658,1.0952,False,antimicrobial,96.669,1.1613,False,antimicrobial,97.437,1.1747,False,antimicrobial,XP_015636574.1 kinesin-like protein KIN-14I [Oryza sativa Japonica Group],-0.989,-0.221
XP_015631653.1,False,97.744,0.9836,False,defense_signaling,97.301,0.9701,False,defense_signaling,97.521,0.9772,False,defense_signaling,XP_015631653.1 protein SHOOT GRAVITROPISM 6 isoform X1 [Oryza sativa Japonica Group],-0.443,-0.223
XP_015631656.1,False,97.744,0.9836,False,defense_signaling,97.059,0.9632,False,defense_signaling,97.521,0.9772,False,defense_signaling,XP_015631656.1 protein SHOOT GRAVITROPISM 6 isoform X3 [Oryza sativa Japonica Group],-0.685,-0.223
XP_015617395.2,False,98.593,1.5975,False,RLK_defense,98.513,1.5928,False,RLK_defense,98.37,1.5659,False,RLK_defense,XP_015617395.2 receptor kinase-like protein Xa21 isoform X1 [Oryza sativa Japonica Group],-0.08,-0.223
XP_015631657.1,False,97.744,0.9836,False,defense_signaling,96.932,0.9597,False,defense_signaling,97.521,0.9772,False,defense_signaling,XP_015631657.1 protein SHOOT GRAVITROPISM 6 isoform X4 [Oryza sativa Japonica Group],-0.812,-0.223
XP_015631655.1,False,97.744,0.9836,False,defense_signaling,97.254,0.969,False,defense_signaling,97.521,0.9772,False,defense_signaling,XP_015631655.1 protein SHOOT GRAVITROPISM 6 isoform X2 [Oryza sativa Japonica Group],-0.49,-0.223
XP_015612986.2,False,97.491,1.1656,False,NBS_LRR,98.269,1.4222,False,cell_death_HR,97.264,1.2578,False,cell_death_HR,XP_015612986.2 endoribonuclease Dicer homolog 3b isoform X1 [Oryza sativa Japonica Group],0.778,-0.227
XP_015611937.1,False,97.362,0.9711,False,defense_signaling,85.818,0.7406,False,defense_signaling,97.134,0.9647,False,defense_signaling,XP_015611937.1 mediator of RNA polymerase II transcription subunit 14 isoform X1 [Oryza sativa Japonica Group],-11.544,-0.228
XP_015621349.1,False,97.373,0.9713,False,defense_signaling,97.686,0.9845,False,defense_signaling,97.145,0.9649,False,defense_signaling,XP_015621349.1 protein GFS12 isoform X2 [Oryza sativa Japonica Group],0.313,-0.228
XP_015621347.1,False,97.373,0.9713,False,defense_signaling,97.595,0.9806,False,defense_signaling,97.145,0.9649,False,defense_signaling,XP_015621347.1 protein GFS12 isoform X1 [Oryza sativa Japonica Group],0.222,-0.228
XP_015622783.1,False,97.472,0.9737,False,defense_signaling,97.513,0.978,False,defense_signaling,97.244,0.9673,False,defense_signaling,XP_015622783.1 CLIP-associated protein isoform X1 [Oryza sativa Japonica Group],0.041,-0.228
XP_025882624.1,False,95.18,0.9537,False,antimicrobial,95.356,0.9781,False,antimicrobial,94.952,0.9876,False,antimicrobial,XP_025882624.1 splicing factor 3B subunit 3 isoform X4 [Oryza sativa Japonica Group],0.176,-0.228
XP_015621346.1,False,97.373,0.9713,False,defense_signaling,97.595,0.9806,False,defense_signaling,97.145,0.9649,False,defense_signaling,XP_015621346.1 protein GFS12 isoform X1 [Oryza sativa Japonica Group],0.222,-0.228
XP_015622785.1,False,97.472,0.9737,False,defense_signaling,97.398,0.9741,False,defense_signaling,97.244,0.9673,False,defense_signaling,XP_015622785.1 CLIP-associated protein isoform X3 [Oryza sativa Japonica Group],-0.074,-0.228
XP_015621345.1,False,97.373,0.9713,False,defense_signaling,97.595,0.9806,False,defense_signaling,97.145,0.9649,False,defense_signaling,XP_015621345.1 protein GFS12 isoform X1 [Oryza sativa Japonica Group],0.222,-0.228
XP_015632083.1,False,97.407,0.9722,False,defense_signaling,95.427,0.9181,False,defense_signaling,97.177,0.9658,False,defense_signaling,XP_015632083.1 CCR4-NOT transcription complex subunit 1 isoform X2 [Oryza sativa Japonica Group],-1.98,-0.23
XP_015632084.1,False,97.407,0.9722,False,defense_signaling,95.406,0.9174,False,defense_signaling,97.177,0.9658,False,defense_signaling,XP_015632084.1 CCR4-NOT transcription complex subunit 1 isoform X3 [Oryza sativa Japonica Group],-2.001,-0.23
XP_015616394.1,False,97.313,0.9691,False,defense_signaling,95.779,0.9483,False,antimicrobial,97.083,1.1028,False,antimicrobial,XP_015616394.1 small subunit processome component 20 homolog [Oryza sativa Japonica Group],-1.534,-0.23
XP_015635381.1,False,22.743,-0.3481,False,defense_signaling,22.678,-0.3495,False,defense_signaling,22.513,-0.3541,False,defense_signaling,XP_015635381.1 uncharacterized protein LOC4336201 [Oryza sativa Japonica Group],-0.065,-0.23
XP_015632082.1,False,97.407,0.9722,False,defense_signaling,95.502,0.9197,False,defense_signaling,97.177,0.9658,False,defense_signaling,XP_015632082.1 CCR4-NOT transcription complex subunit 1 isoform X1 [Oryza sativa Japonica Group],-1.905,-0.23
XP_015614203.1,False,97.54,0.9762,False,defense_signaling,93.966,1.1727,False,cell_death_HR,97.309,1.3269,False,cell_death_HR,XP_015614203.1 CCR4-NOT transcription complex subunit 1 isoform X1 [Oryza sativa Japonica Group],-3.574,-0.231
XP_015613825.1,False,94.88,1.199,False,antimicrobial,94.743,1.1947,False,antimicrobial,94.647,1.1897,False,antimicrobial,XP_015613825.1 protein STABILIZED1 [Oryza sativa Japonica Group],-0.137,-0.233
XP_015643465.1,False,23.305,-0.3296,False,defense_signaling,15.201,-0.6506,False,defense_signaling,23.068,-0.3356,False,defense_signaling,XP_015643465.1 fibrous sheath CABYR-binding protein [Oryza sativa Japonica Group],-8.104,-0.237
XP_015649544.1,False,97.261,1.2286,False,antimicrobial,96.862,1.2184,False,antimicrobial,97.024,1.2192,False,antimicrobial,XP_015649544.1 probable histidine kinase 3 [Oryza sativa Japonica Group],-0.399,-0.237
XP_015626965.1,False,97.273,0.968,False,defense_signaling,98.332,1.0108,False,defense_signaling,97.036,0.9925,False,antimicrobial,XP_015626965.1 putative callose synthase 8 isoform X3 [Oryza sativa Japonica Group],1.059,-0.237
XP_015626597.1,False,97.299,0.9686,False,defense_signaling,97.395,0.974,False,defense_signaling,97.062,0.9623,False,defense_signaling,XP_015626597.1 autophagy-related protein 11 [Oryza sativa Japonica Group],0.096,-0.237
XP_015643377.1,False,97.206,0.9659,False,defense_signaling,96.902,0.9585,False,defense_signaling,96.968,0.9596,False,defense_signaling,XP_015643377.1 probable sucrose-phosphate synthase 3 isoform X1 [Oryza sativa Japonica Group],-0.304,-0.238
XP_015630494.1,False,97.179,0.9654,False,defense_signaling,99.262,1.0667,True,defense_signaling,96.94,1.1542,False,antimicrobial,XP_015630494.1 LOW QUALITY PROTEIN: uncharacterized protein LOC4334150 [Oryza sativa Japonica Group],2.083,-0.239
XP_015617792.1,False,97.19,0.9657,False,defense_signaling,96.978,0.9612,False,defense_signaling,96.95,0.9593,False,defense_signaling,XP_015617792.1 uncharacterized protein LOC4350772 [Oryza sativa Japonica Group],-0.212,-0.24
XP_015617791.1,False,97.19,0.9657,False,defense_signaling,96.978,0.9612,False,defense_signaling,96.95,0.9593,False,defense_signaling,XP_015617791.1 uncharacterized protein LOC4350772 [Oryza sativa Japonica Group],-0.212,-0.24
XP_025879147.1,False,98.22,1.5381,False,RLK_defense,98.011,1.513,False,RLK_defense,97.973,1.5059,False,RLK_defense,XP_025879147.1 probable LRR receptor-like serine/threonine-protein kinase At3g47570 [Oryza sativa Japonica Group],-0.209,-0.247
XP_015613100.1,False,98.959,1.6503,False,RLK_defense,98.727,1.6277,False,RLK_defense,98.708,1.6243,False,RLK_defense,XP_015613100.1 probable LRR receptor-like serine/threonine-protein kinase At3g47570 [Oryza sativa Japonica Group],-0.232,-0.251
XP_015613099.1,False,98.959,1.6503,False,RLK_defense,98.727,1.6277,False,RLK_defense,98.708,1.6243,False,RLK_defense,XP_015613099.1 probable LRR receptor-like serine/threonine-protein kinase At3g47570 [Oryza sativa Japonica Group],-0.232,-0.251
XP_015611104.1,False,67.464,0.4408,False,RLK_defense,67.096,0.4338,False,RLK_defense,67.213,0.437,False,RLK_defense,XP_015611104.1 uncharacterized protein LOC107278828 [Oryza sativa Japonica Group],-0.368,-0.251
XP_025876750.1,False,98.959,1.6503,False,RLK_defense,98.727,1.6277,False,RLK_defense,98.708,1.6243,False,RLK_defense,XP_025876750.1 probable LRR receptor-like serine/threonine-protein kinase At3g47570 [Oryza sativa Japonica Group],-0.232,-0.251
XP_015647231.1,False,85.912,0.9266,False,cell_death_HR,86.95,0.9535,False,cell_death_HR,85.656,0.9191,False,cell_death_HR,XP_015647231.1 importin-5 [Oryza sativa Japonica Group],1.038,-0.256
XP_025879974.1,False,85.167,0.8712,False,PR_proteins,88.479,1.0013,False,antimicrobial,84.911,0.902,False,antimicrobial,XP_025879974.1 ABC transporter B family member 19 [Oryza sativa Japonica Group],3.312,-0.256
XP_015630983.1,False,24.33,-0.2939,False,defense_signaling,22.299,-0.3624,False,defense_signaling,24.07,-0.2999,False,defense_signaling,XP_015630983.1 protein HUA2-LIKE 2 isoform X2 [Oryza sativa Japonica Group],-2.031,-0.26
XP_015639482.1,False,96.935,1.1097,False,antimicrobial,96.801,1.1143,False,antimicrobial,96.669,1.1159,False,antimicrobial,XP_015639482.1 E3 ubiquitin-protein ligase UPL6 isoform X3 [Oryza sativa Japonica Group],-0.134,-0.266
XP_015623793.1,False,97.022,0.9606,False,defense_signaling,97.118,0.9648,False,defense_signaling,96.754,0.9542,False,defense_signaling,XP_015623793.1 uncharacterized protein LOC4328630 isoform X2 [Oryza sativa Japonica Group],0.096,-0.268
XP_025879182.1,False,97.083,0.9625,False,defense_signaling,97.144,0.9655,False,defense_signaling,96.815,0.9561,False,defense_signaling,XP_025879182.1 uncharacterized protein LOC4328630 isoform X1 [Oryza sativa Japonica Group],0.061,-0.268
XP_015630801.1,False,97.09,1.1575,False,antimicrobial,96.498,1.2259,False,antimicrobial,96.822,1.1909,False,antimicrobial,XP_015630801.1 ARF guanine-nucleotide exchange factor GNOM [Oryza sativa Japonica Group],-0.592,-0.268
XP_015643756.1,False,97.024,0.9606,False,defense_signaling,96.963,0.9885,False,antimicrobial,96.756,1.017,False,antimicrobial,XP_015643756.1 ABC transporter G family member 28 [Oryza sativa Japonica Group],-0.061,-0.268
XP_015647063.1,False,96.976,1.0277,False,antimicrobial,96.637,1.0248,False,antimicrobial,96.706,1.0183,False,antimicrobial,XP_015647063.1 splicing factor 3B subunit 3 isoform X1 [Oryza sativa Japonica Group],-0.339,-0.27
XP_015644612.1,False,96.784,0.9535,False,defense_signaling,98.537,1.0209,False,defense_signaling,96.514,0.9474,False,defense_signaling,XP_015644612.1 Fanconi anemia group D2 protein homolog [Oryza sativa Japonica Group],1.753,-0.27
XP_015647065.1,False,96.976,1.0277,False,antimicrobial,96.442,1.0509,False,antimicrobial,96.706,1.0364,False,antimicrobial,XP_015647065.1 splicing factor 3B subunit 3 isoform X3 [Oryza sativa Japonica Group],-0.534,-0.27
XP_015625867.1,False,96.956,0.9586,False,defense_signaling,96.763,1.1424,False,antimicrobial,96.686,1.1424,False,antimicrobial,XP_015625867.1 DExH-box ATP-dependent RNA helicase DExH15 chloroplastic isoform X2 [Oryza sativa Japonica Group],-0.193,-0.27
XP_015647061.1,False,96.874,0.9559,False,defense_signaling,95.765,0.9268,False,defense_signaling,96.604,0.9495,False,defense_signaling,XP_015647061.1 DNA annealing helicase and endonuclease ZRANB3 isoform X2 [Oryza sativa Japonica Group],-1.109,-0.27
XP_025879183.1,False,97.055,0.9613,False,defense_signaling,97.188,0.9672,False,defense_signaling,96.784,0.9549,False,defense_signaling,XP_025879183.1 uncharacterized protein LOC4328630 isoform X3 [Oryza sativa Japonica Group],0.133,-0.271
XP_025877172.1,False,96.829,0.9548,False,defense_signaling,97.062,0.9632,False,defense_signaling,96.557,0.9484,False,defense_signaling,XP_025877172.1 uncharacterized protein LOC9270524 [Oryza sativa Japonica Group],0.233,-0.272
XP_025877368.1,False,96.824,1.1365,False,NBS_LRR,96.721,1.2615,False,NBS_LRR,96.552,1.2314,False,NBS_LRR,XP_025877368.1 uncharacterized protein LOC112936941 [Oryza sativa Japonica Group],-0.103,-0.272
XP_025877418.1,False,95.589,1.3825,False,NBS_LRR,95.147,1.3234,False,NBS_LRR,95.317,1.3424,False,NBS_LRR,XP_025877418.1 disease resistance protein RGA5-like isoform X3 [Oryza sativa Japonica Group],-0.442,-0.272
XP_015619917.1,False,93.538,1.1442,False,antimicrobial,91.192,1.0692,False,antimicrobial,93.264,1.1348,False,antimicrobial,XP_015619917.1 nuclear export mediator factor NEMF [Oryza sativa Japonica Group],-2.346,-0.274
XP_025879820.1,False,96.817,0.9543,False,defense_signaling,95.551,0.921,False,defense_signaling,96.543,0.9479,False,defense_signaling,XP_025879820.1 CCR4-NOT transcription complex subunit 1 isoform X4 [Oryza sativa Japonica Group],-1.266,-0.274
XP_025879367.1,False,93.499,1.1433,False,antimicrobial,93.51,1.1435,False,antimicrobial,93.224,1.134,False,antimicrobial,XP_025879367.1 ABC transporter G family member 41 isoform X2 [Oryza sativa Japonica Group],0.011,-0.275
XP_015614390.1,False,19.037,-0.691,False,cell_death_HR,19.638,-0.6642,False,cell_death_HR,18.76,-0.7025,False,cell_death_HR,XP_015614390.1 myosin-1 [Oryza sativa Japonica Group],0.601,-0.277
XP_015625866.1,False,96.738,0.9517,False,defense_signaling,96.7,1.1284,False,antimicrobial,96.46,1.1291,False,antimicrobial,XP_015625866.1 DExH-box ATP-dependent RNA helicase DExH15 chloroplastic isoform X1 [Oryza sativa Japonica Group],-0.038,-0.278
XP_015650285.1,False,82.088,0.8336,False,cell_death_HR,80.947,0.8103,False,cell_death_HR,81.809,0.8259,False,cell_death_HR,XP_015650285.1 protein SMAX1-like [Oryza sativa Japonica Group],-1.141,-0.279
XP_015647064.1,False,96.695,1.0321,False,antimicrobial,96.536,1.0275,False,antimicrobial,96.416,1.0228,False,antimicrobial,XP_015647064.1 splicing factor 3B subunit 3 isoform X2 [Oryza sativa Japonica Group],-0.159,-0.279
XP_015622983.1,False,43.025,0.1296,False,defense_signaling,40.411,0.0776,False,defense_signaling,42.746,0.1235,False,defense_signaling,XP_015622983.1 BAG family molecular chaperone regulator 6 isoform X1 [Oryza sativa Japonica Group],-2.614,-0.279
XP_015650392.1,False,84.796,0.8974,False,cell_death_HR,85.548,0.9238,False,antimicrobial,84.514,0.89,False,cell_death_HR,XP_015650392.1 ABC transporter B family member 1 [Oryza sativa Japonica Group],0.752,-0.282
XP_015618560.1,False,96.673,0.9496,False,defense_signaling,79.591,0.6496,False,defense_signaling,96.391,0.9433,False,defense_signaling,XP_015618560.1 kinesin-like protein KIN-12F isoform X1 [Oryza sativa Japonica Group],-17.082,-0.282
XP_015643311.1,False,83.049,0.8551,False,cell_death_HR,81.816,0.8284,False,cell_death_HR,82.767,0.8476,False,cell_death_HR,"XP_015643311.1 stromal processing peptidase, chloroplastic-like isoform X1 [Oryza sativa Japonica Group]",-1.233,-0.282
XP_015618562.1,False,96.673,0.9496,False,defense_signaling,79.807,0.6525,False,defense_signaling,96.391,0.9433,False,defense_signaling,XP_015618562.1 kinesin-like protein KIN-12F isoform X2 [Oryza sativa Japonica Group],-16.866,-0.282
XP_015621641.1,False,32.303,-0.0838,False,defense_signaling,32.202,-0.0851,False,defense_signaling,32.021,-0.0885,False,defense_signaling,XP_015621641.1 protein EMBRYONIC FLOWER 1 [Oryza sativa Japonica Group],-0.101,-0.282
XP_025883232.1,False,44.228,0.1502,False,defense_signaling,30.227,-0.1306,False,defense_signaling,43.944,0.1441,False,defense_signaling,XP_025883232.1 uncharacterized protein LOC4346255 isoform X1 [Oryza sativa Japonica Group],-14.001,-0.284
XP_015636770.1,False,59.093,0.3516,False,antimicrobial,59.075,0.3502,False,antimicrobial,58.807,0.3447,False,antimicrobial,XP_015636770.1 uncharacterized protein LOC107280806 [Oryza sativa Japonica Group],-0.018,-0.286
XP_015622984.1,False,43.345,0.1344,False,defense_signaling,40.907,0.0879,False,defense_signaling,43.058,0.1283,False,defense_signaling,XP_015622984.1 BAG family molecular chaperone regulator 6 isoform X2 [Oryza sativa Japonica Group],-2.438,-0.287
XP_015650328.1,False,43.852,0.1436,False,defense_signaling,29.452,-0.1496,False,defense_signaling,43.561,0.1374,False,defense_signaling,XP_015650328.1 uncharacterized protein LOC4346255 isoform X2 [Oryza sativa Japonica Group],-14.4,-0.291
XP_025876569.1,False,93.548,0.8761,False,defense_signaling,93.022,0.8655,False,defense_signaling,93.252,0.8698,False,defense_signaling,XP_025876569.1 uncharacterized protein LOC9269589 isoform X1 [Oryza sativa Japonica Group],-0.526,-0.296
XP_015635696.1,False,93.4,0.8735,False,defense_signaling,92.016,0.847,False,defense_signaling,93.102,0.8671,False,defense_signaling,XP_015635696.1 WASH complex subunit 5 isoform X2 [Oryza sativa Japonica Group],-1.384,-0.298
XP_015647159.1,False,93.503,0.8757,False,defense_signaling,92.402,0.8534,False,defense_signaling,93.205,0.8693,False,defense_signaling,XP_015647159.1 E3 ubiquitin-protein ligase RKP [Oryza sativa Japonica Group],-1.101,-0.298
XP_015624908.1,False,81.82,0.828,False,cell_death_HR,78.52,0.758,False,cell_death_HR,81.522,0.8204,False,cell_death_HR,"XP_015624908.1 presequence protease 1, chloroplastic/mitochondrial [Oryza sativa Japonica Group]",-3.3,-0.298
XP_015625503.1,False,93.454,0.8747,False,defense_signaling,93.212,0.87,False,defense_signaling,93.156,0.8683,False,defense_signaling,XP_015625503.1 protein TPLATE [Oryza sativa Japonica Group],-0.242,-0.298
XP_025878981.1,False,99.035,1.6548,True,RLK_defense,98.753,1.6316,False,RLK_defense,98.736,1.6275,False,RLK_defense,XP_025878981.1 tyrosine-sulfated glycopeptide receptor 1 [Oryza sativa Japonica Group],-0.282,-0.299
XP_015619298.1,False,45.853,0.1781,False,defense_signaling,19.227,-0.6832,False,cell_death_HR,45.553,0.1719,False,defense_signaling,XP_015619298.1 uncharacterized protein LOC107279689 [Oryza sativa Japonica Group],-26.626,-0.3
XP_015626018.1,False,95.725,0.9242,False,defense_signaling,95.984,0.9333,False,defense_signaling,95.425,0.9178,False,defense_signaling,XP_015626018.1 nuclear pore complex protein NUP205 [Oryza sativa Japonica Group],0.259,-0.3
XP_015621099.1,False,46.086,0.1814,False,defense_signaling,45.536,0.1736,False,defense_signaling,45.785,0.1753,False,defense_signaling,XP_015621099.1 uncharacterized protein LOC4325593 isoform X2 [Oryza sativa Japonica Group],-0.55,-0.301
XP_015621101.1,False,46.086,0.1814,False,defense_signaling,45.536,0.1736,False,defense_signaling,45.785,0.1753,False,defense_signaling,XP_015621101.1 uncharacterized protein LOC4325593 isoform X2 [Oryza sativa Japonica Group],-0.55,-0.301
XP_015621100.1,False,46.086,0.1814,False,defense_signaling,45.536,0.1736,False,defense_signaling,45.785,0.1753,False,defense_signaling,XP_015621100.1 uncharacterized protein LOC4325593 isoform X2 [Oryza sativa Japonica Group],-0.55,-0.301
XP_015640511.2,False,27.629,-0.1988,False,defense_signaling,26.99,-0.2158,False,defense_signaling,27.328,-0.2048,False,defense_signaling,XP_015640511.2 uncharacterized protein LOC4339333 [Oryza sativa Japonica Group],-0.639,-0.301
XP_025879788.1,False,91.758,0.8433,False,defense_signaling,84.35,0.7166,False,defense_signaling,91.457,0.837,False,defense_signaling,XP_025879788.1 1-phosphatidylinositol-3-phosphate 5-kinase FAB1B isoform X2 [Oryza sativa Japonica Group],-7.408,-0.301
XP_015635737.1,False,91.783,0.8468,False,cell_death_HR,92.063,0.8479,False,defense_signaling,91.48,0.8392,False,cell_death_HR,XP_015635737.1 protein TSS isoform X1 [Oryza sativa Japonica Group],0.28,-0.303
XP_015625607.1,False,94.321,0.8928,False,defense_signaling,93.884,0.8833,False,defense_signaling,94.018,0.8865,False,defense_signaling,XP_015625607.1 protein PHOTOPERIOD-INDEPENDENT EARLY FLOWERING 1 isoform X3 [Oryza sativa Japonica Group],-0.437,-0.303
XP_015635738.1,False,91.783,0.8468,False,cell_death_HR,88.561,0.994,False,cell_death_HR,91.48,1.063,False,cell_death_HR,XP_015635738.1 protein TSS isoform X2 [Oryza sativa Japonica Group],-3.222,-0.303
XP_015614533.1,False,93.658,0.8784,False,defense_signaling,93.099,0.8674,False,defense_signaling,93.355,0.872,False,defense_signaling,XP_015614533.1 uncharacterized protein LOC9269589 isoform X2 [Oryza sativa Japonica Group],-0.559,-0.303
XP_015631007.1,False,93.813,0.8814,False,defense_signaling,93.942,0.8844,False,defense_signaling,93.51,0.8751,False,defense_signaling,XP_015631007.1 protein PIR [Oryza sativa Japonica Group],0.129,-0.303
XP_015627072.2,False,94.642,0.8999,False,defense_signaling,94.755,0.9026,False,defense_signaling,94.339,0.8935,False,defense_signaling,XP_015627072.2 DNA-binding protein SMUBP-2 isoform X1 [Oryza sativa Japonica Group],0.113,-0.303
XP_015646967.1,False,94.357,0.8934,False,defense_signaling,90.204,0.8148,False,defense_signaling,94.054,0.887,False,defense_signaling,XP_015646967.1 protein ETHYLENE-INSENSITIVE 2 [Oryza sativa Japonica Group],-4.153,-0.303
XP_015635165.1,False,93.748,1.0557,False,antimicrobial,94.328,1.0894,False,antimicrobial,93.445,1.0625,False,antimicrobial,XP_015635165.1 ARF guanine-nucleotide exchange factor GNL2 [Oryza sativa Japonica Group],0.58,-0.303
XP_015620283.1,False,40.716,0.0843,False,defense_signaling,38.579,0.0418,False,defense_signaling,40.413,0.0781,False,defense_signaling,XP_015620283.1 serine/threonine-protein kinase STE20 isoform X1 [Oryza sativa Japonica Group],-2.137,-0.303
XP_025882606.1,False,94.357,0.8934,False,defense_signaling,90.204,0.8148,False,defense_signaling,94.054,0.887,False,defense_signaling,XP_025882606.1 protein ETHYLENE-INSENSITIVE 2 [Oryza sativa Japonica Group],-4.153,-0.303
XP_015621708.1,False,94.095,0.8872,False,defense_signaling,94.083,0.8872,False,defense_signaling,93.792,0.8808,False,defense_signaling,XP_015621708.1 histone-lysine N-methyltransferase ATX4 [Oryza sativa Japonica Group],-0.012,-0.303
XP_015636222.1,False,94.602,1.0168,False,antimicrobial,91.962,1.0923,False,antimicrobial,94.299,1.0838,False,antimicrobial,XP_015636222.1 DNA-directed RNA polymerases IV and V subunit 2 [Oryza sativa Japonica Group],-2.64,-0.303
XP_015636674.1,False,94.318,0.9331,False,antimicrobial,94.351,1.0641,False,antimicrobial,94.015,1.1327,False,antimicrobial,"XP_015636674.1 DNA mismatch repair protein MSH1, mitochondrial isoform X1 [Oryza sativa Japonica Group]",0.033,-0.303
XP_015625367.1,False,94.337,0.893,False,defense_signaling,94.076,0.8871,False,defense_signaling,94.034,0.8866,False,defense_signaling,XP_015625367.1 uncharacterized protein LOC4330799 [Oryza sativa Japonica Group],-0.261,-0.303
XP_015625443.1,False,94.116,0.8879,False,defense_signaling,97.656,0.9832,False,defense_signaling,93.813,0.8815,False,defense_signaling,XP_015625443.1 DNA-directed RNA polymerase V subunit 1 [Oryza sativa Japonica Group],3.54,-0.303
XP_015644367.1,False,94.595,0.8989,False,defense_signaling,94.227,0.8908,False,defense_signaling,94.292,0.8926,False,defense_signaling,XP_015644367.1 WASH complex subunit 4 isoform X1 [Oryza sativa Japonica Group],-0.368,-0.303
XP_015617369.1,False,94.927,0.906,False,defense_signaling,93.672,0.8794,False,defense_signaling,94.624,0.8996,False,defense_signaling,XP_015617369.1 importin beta-like SAD2 homolog [Oryza sativa Japonica Group],-1.255,-0.303
XP_025876132.1,False,40.103,0.0711,False,defense_signaling,16.287,-0.599,False,defense_signaling,39.799,0.065,False,defense_signaling,XP_025876132.1 mucin-5AC isoform X3 [Oryza sativa Japonica Group],-23.816,-0.304
XP_015611615.1,False,40.103,0.0711,False,defense_signaling,16.047,-0.6095,False,defense_signaling,39.799,0.065,False,defense_signaling,XP_015611615.1 mucin-5AC isoform X2 [Oryza sativa Japonica Group],-24.056,-0.304
XP_025876131.1,False,40.103,0.0711,False,defense_signaling,16.061,-0.6091,False,defense_signaling,39.799,0.065,False,defense_signaling,XP_025876131.1 mucin-5AC isoform X1 [Oryza sativa Japonica Group],-24.042,-0.304
XP_025876135.1,False,40.103,0.0711,False,defense_signaling,19.281,-0.4727,False,defense_signaling,39.799,0.065,False,defense_signaling,XP_025876135.1 mucin-5AC isoform X6 [Oryza sativa Japonica Group],-20.822,-0.304
XP_025876134.1,False,40.103,0.0711,False,defense_signaling,18.588,-0.5026,False,defense_signaling,39.799,0.065,False,defense_signaling,XP_025876134.1 mucin-5AC isoform X5 [Oryza sativa Japonica Group],-21.515,-0.304
XP_025876133.1,False,40.103,0.0711,False,defense_signaling,18.328,-0.5132,False,defense_signaling,39.799,0.065,False,defense_signaling,XP_025876133.1 mucin-5AC isoform X4 [Oryza sativa Japonica Group],-21.775,-0.304
XP_015611836.1,False,95.807,1.0372,False,antimicrobial,95.951,0.9904,False,antimicrobial,95.502,1.0279,False,antimicrobial,XP_015611836.1 coatomer subunit alpha-3 isoform X1 [Oryza sativa Japonica Group],0.144,-0.305
XP_015611938.1,False,94.431,0.8948,False,defense_signaling,84.341,0.7164,False,defense_signaling,94.126,0.8884,False,defense_signaling,XP_015611938.1 mediator of RNA polymerase II transcription subunit 14 isoform X2 [Oryza sativa Japonica Group],-10.09,-0.305
XP_025878909.1,False,94.425,1.0388,False,NBS_LRR,70.656,0.5231,False,defense_signaling,94.12,1.0716,False,NBS_LRR,XP_025878909.1 uncharacterized protein LOC4328044 isoform X1 [Oryza sativa Japonica Group],-23.769,-0.305
XP_025877788.1,False,39.523,0.0604,False,defense_signaling,34.741,-0.0348,False,defense_signaling,39.218,0.0543,False,defense_signaling,XP_025877788.1 uncharacterized protein LOC4352121 isoform X1 [Oryza sativa Japonica Group],-4.782,-0.305
XP_015613499.1,False,94.689,0.9008,False,defense_signaling,88.19,0.7795,False,defense_signaling,94.384,0.8944,False,defense_signaling,XP_015613499.1 paired amphipathic helix protein Sin3-like 3 [Oryza sativa Japonica Group],-6.499,-0.305
XP_025879821.1,False,93.825,0.9676,False,antimicrobial,94.678,0.9006,False,defense_signaling,93.52,0.9583,False,antimicrobial,XP_025879821.1 CCR4-NOT transcription complex subunit 1 isoform X5 [Oryza sativa Japonica Group],0.853,-0.305
XP_015643540.1,False,96.493,0.9614,False,antimicrobial,95.537,0.9204,False,defense_signaling,96.188,0.9521,False,antimicrobial,XP_015643540.1 DNA-directed RNA polymerase I subunit 1 [Oryza sativa Japonica Group],-0.956,-0.305
XP_015625288.1,False,94.425,1.0388,False,NBS_LRR,70.095,0.5156,False,defense_signaling,94.12,1.0716,False,NBS_LRR,XP_015625288.1 uncharacterized protein LOC4328044 isoform X2 [Oryza sativa Japonica Group],-24.33,-0.305
XP_015632826.1,False,90.821,0.827,False,defense_signaling,79.666,0.6505,False,defense_signaling,90.516,0.8206,False,defense_signaling,XP_015632826.1 DNA repair protein UVH3 isoform X1 [Oryza sativa Japonica Group],-11.155,-0.305
XP_015644369.1,False,94.588,0.8987,False,defense_signaling,94.142,0.8892,False,defense_signaling,94.283,0.8923,False,defense_signaling,XP_015644369.1 WASH complex subunit 4 isoform X3 [Oryza sativa Japonica Group],-0.446,-0.305
XP_015615090.1,False,95.784,0.9261,False,defense_signaling,94.593,0.899,False,defense_signaling,95.479,0.9198,False,defense_signaling,XP_015615090.1 uncharacterized protein LOC4351174 isoform X2 [Oryza sativa Japonica Group],-1.191,-0.305
XP_025878702.1,False,90.867,0.8526,False,antimicrobial,89.461,0.8548,False,antimicrobial,90.561,0.8463,False,antimicrobial,XP_025878702.1 uncharacterized protein LOC4330824 isoform X1 [Oryza sativa Japonica Group],-1.406,-0.306
XP_015636136.1,False,96.536,0.9474,False,defense_signaling,86.027,0.7442,False,defense_signaling,96.23,0.941,False,defense_signaling,XP_015636136.1 uncharacterized protein LOC4337062 isoform X2 [Oryza sativa Japonica Group],-10.509,-0.306
XP_015628923.1,False,94.685,0.9007,False,defense_signaling,94.736,0.902,False,defense_signaling,94.379,0.8943,False,defense_signaling,XP_015628923.1 kinesin-like protein KIN-5B [Oryza sativa Japonica Group],0.051,-0.306
XP_015646461.1,False,90.429,0.9096,False,antimicrobial,90.011,0.925,False,antimicrobial,90.123,0.9234,False,antimicrobial,XP_015646461.1 uncharacterized protein LOC4344388 isoform X1 [Oryza sativa Japonica Group],-0.418,-0.306
XP_025878703.1,False,90.867,0.8526,False,antimicrobial,89.247,0.872,False,antimicrobial,90.561,0.88,False,antimicrobial,XP_025878703.1 uncharacterized protein LOC4330824 isoform X2 [Oryza sativa Japonica Group],-1.62,-0.306
XP_015626659.1,False,93.304,0.9496,False,antimicrobial,91.666,0.9493,False,antimicrobial,92.998,0.9403,False,antimicrobial,XP_015626659.1 DIS3-like exonuclease 2 [Oryza sativa Japonica Group],-1.638,-0.306
XP_015636134.1,False,96.536,0.9474,False,defense_signaling,85.988,0.7433,False,defense_signaling,96.23,0.941,False,defense_signaling,XP_015636134.1 uncharacterized protein LOC4337062 isoform X1 [Oryza sativa Japonica Group],-10.548,-0.306
XP_015636135.1,False,96.536,0.9474,False,defense_signaling,85.988,0.7433,False,defense_signaling,96.23,0.941,False,defense_signaling,XP_015636135.1 uncharacterized protein LOC4337062 isoform X1 [Oryza sativa Japonica Group],-10.548,-0.306
XP_015626425.1,False,94.412,0.8945,False,defense_signaling,97.452,0.9766,False,defense_signaling,94.105,0.8881,False,defense_signaling,XP_015626425.1 uncharacterized protein LOC4329970 [Oryza sativa Japonica Group],3.04,-0.307
XP_015649930.1,False,94.4,0.894,False,defense_signaling,80.094,0.6571,False,defense_signaling,94.093,0.8877,False,defense_signaling,XP_015649930.1 1-phosphatidylinositol-3-phosphate 5-kinase FAB1B [Oryza sativa Japonica Group],-14.306,-0.307
XP_015647448.1,False,50.036,0.2409,False,defense_signaling,50.671,0.2509,False,defense_signaling,49.729,0.2347,False,defense_signaling,XP_015647448.1 LOW QUALITY PROTEIN: BRCT domain-containing protein At4g02110-like [Oryza sativa Japonica Group],0.635,-0.307
XP_015646000.1,False,95.868,0.9287,False,defense_signaling,97.433,0.9758,False,defense_signaling,95.561,0.9223,False,defense_signaling,XP_015646000.1 abnormal spindle-like microcephaly-associated protein homolog [Oryza sativa Japonica Group],1.565,-0.307
XP_015615089.1,False,95.861,0.9283,False,defense_signaling,94.732,0.9019,False,defense_signaling,95.554,0.922,False,defense_signaling,XP_015615089.1 uncharacterized protein LOC4351174 isoform X1 [Oryza sativa Japonica Group],-1.129,-0.307
XP_015625868.1,False,95.119,0.9414,False,antimicrobial,95.253,1.1465,False,antimicrobial,94.812,1.1448,False,antimicrobial,XP_015625868.1 DExH-box ATP-dependent RNA helicase DExH15 chloroplastic isoform X3 [Oryza sativa Japonica Group],0.134,-0.307
XP_015647373.1,False,94.715,1.0705,False,antimicrobial,90.581,1.0516,False,antimicrobial,94.408,1.0612,False,antimicrobial,XP_015647373.1 187-kDa microtubule-associated protein AIR9 isoform X1 [Oryza sativa Japonica Group],-4.134,-0.307
XP_015644368.1,False,94.553,0.8979,False,defense_signaling,94.151,0.8894,False,defense_signaling,94.245,0.8915,False,defense_signaling,XP_015644368.1 WASH complex subunit 4 isoform X2 [Oryza sativa Japonica Group],-0.402,-0.308
XP_015636288.1,False,94.72,0.9014,False,defense_signaling,91.695,0.8408,False,defense_signaling,94.412,0.895,False,defense_signaling,XP_015636288.1 1-phosphatidylinositol-3-phosphate 5-kinase FAB1B [Oryza sativa Japonica Group],-3.025,-0.308
XP_025880886.1,False,93.333,0.8721,False,defense_signaling,92.007,0.8469,False,defense_signaling,93.025,0.8657,False,defense_signaling,XP_025880886.1 WASH complex subunit 5 isoform X1 [Oryza sativa Japonica Group],-1.326,-0.308
XP_025880887.1,False,93.333,0.8721,False,defense_signaling,91.826,0.8434,False,defense_signaling,93.025,0.8657,False,defense_signaling,XP_025880887.1 WASH complex subunit 5 isoform X3 [Oryza sativa Japonica Group],-1.507,-0.308
XP_015619842.1,False,50.041,0.2409,False,defense_signaling,45.452,0.172,False,defense_signaling,49.733,0.2347,False,defense_signaling,XP_015619842.1 protein MODIFIER OF SNC1 1 isoform X3 [Oryza sativa Japonica Group],-4.589,-0.308
XP_025880746.1,False,90.436,0.8198,False,defense_signaling,89.827,0.8079,False,defense_signaling,90.128,0.8134,False,defense_signaling,XP_025880746.1 uncharacterized protein LOC4336558 [Oryza sativa Japonica Group],-0.609,-0.308
XP_015639197.1,False,91.964,0.8473,False,defense_signaling,90.759,0.825,False,defense_signaling,91.656,0.841,False,defense_signaling,XP_015639197.1 kinesin-like protein KIN-5A [Oryza sativa Japonica Group],-1.205,-0.308
XP_015639198.1,False,91.964,0.8473,False,defense_signaling,90.759,0.825,False,defense_signaling,91.656,0.841,False,defense_signaling,XP_015639198.1 kinesin-like protein KIN-5A [Oryza sativa Japonica Group],-1.205,-0.308
XP_025881568.1,False,94.565,0.8981,False,defense_signaling,88.747,0.7892,False,defense_signaling,94.257,0.8917,False,defense_signaling,XP_025881568.1 uncharacterized protein LOC4339578 [Oryza sativa Japonica Group],-5.818,-0.308
XP_025881783.1,False,95.124,1.1445,False,NBS_LRR,94.685,0.9009,False,defense_signaling,94.816,1.1742,False,NBS_LRR,XP_025881783.1 protein ENHANCED DOWNY MILDEW 2 isoform X2 [Oryza sativa Japonica Group],-0.439,-0.308
XP_015644370.1,False,94.558,0.898,False,defense_signaling,94.173,0.8898,False,defense_signaling,94.25,0.8916,False,defense_signaling,XP_015644370.1 WASH complex subunit 4 isoform X4 [Oryza sativa Japonica Group],-0.385,-0.308
XP_015639441.1,False,95.112,0.9998,False,antimicrobial,94.729,1.1937,False,antimicrobial,94.804,1.1082,False,antimicrobial,XP_015639441.1 E3 ubiquitin-protein ligase KEG [Oryza sativa Japonica Group],-0.383,-0.308
XP_015626773.1,False,93.884,0.8829,False,defense_signaling,94.57,0.8988,False,defense_signaling,93.576,0.8766,False,defense_signaling,XP_015626773.1 myb-binding protein 1A-like protein [Oryza sativa Japonica Group],0.686,-0.308
XP_015621120.1,False,95.958,1.1661,False,PR_proteins,95.533,1.1439,False,PR_proteins,95.648,1.1597,False,PR_proteins,XP_015621120.1 5'-3' exoribonuclease 3 isoform X1 [Oryza sativa Japonica Group],-0.425,-0.31
XP_015617234.1,False,27.969,-0.1902,False,defense_signaling,10.213,-0.9704,False,defense_signaling,27.659,-0.1963,False,defense_signaling,XP_015617234.1 pollen-specific leucine-rich repeat extensin-like protein 3 [Oryza sativa Japonica Group],-17.756,-0.31
XP_015621121.1,False,96.242,1.0411,False,PR_proteins,96.047,1.0347,False,PR_proteins,95.932,1.0345,False,PR_proteins,XP_015621121.1 5'-3' exoribonuclease 3 isoform X2 [Oryza sativa Japonica Group],-0.195,-0.31
XP_015615309.1,False,93.938,0.8848,False,defense_signaling,91.894,0.845,False,defense_signaling,93.628,0.8784,False,defense_signaling,XP_015615309.1 uncharacterized protein LOC4350581 isoform X2 [Oryza sativa Japonica Group],-2.044,-0.31
XP_015621490.1,False,96.148,1.0527,False,antimicrobial,95.775,1.0919,False,antimicrobial,95.838,1.1055,False,antimicrobial,XP_015621490.1 probable chromatin-remodeling complex ATPase chain [Oryza sativa Japonica Group],-0.373,-0.31
XP_015619930.1,False,93.947,0.885,False,defense_signaling,93.912,0.8838,False,defense_signaling,93.637,0.8787,False,defense_signaling,XP_015619930.1 conserved oligomeric Golgi complex subunit 1 [Oryza sativa Japonica Group],-0.035,-0.31
XP_015636431.1,False,90.4,0.9001,False,antimicrobial,90.356,0.8386,False,antimicrobial,90.09,0.8907,False,antimicrobial,XP_015636431.1 DNA-directed RNA polymerase III subunit 1 [Oryza sativa Japonica Group],-0.044,-0.31
XP_015646988.1,False,90.783,0.8414,False,antimicrobial,94.631,0.9,False,defense_signaling,90.473,0.8321,False,antimicrobial,XP_015646988.1 protein TSS [Oryza sativa Japonica Group],3.848,-0.31
XP_015627119.1,False,95.178,0.9113,False,defense_signaling,95.993,0.9336,False,defense_signaling,94.866,1.0533,False,antimicrobial,XP_015627119.1 protein NRDE2 homolog [Oryza sativa Japonica Group],0.815,-0.312
XP_015617391.1,False,91.389,0.8368,False,defense_signaling,90.454,0.8193,False,defense_signaling,91.077,0.8305,False,defense_signaling,XP_015617391.1 nuclear pore complex protein NUP107 [Oryza sativa Japonica Group],-0.935,-0.312
XP_015643387.1,False,91.333,0.8351,False,defense_signaling,91.262,0.8338,False,defense_signaling,91.021,0.8297,False,RLK_defense,XP_015643387.1 DNA repair protein REV1 isoform X1 [Oryza sativa Japonica Group],-0.071,-0.312
XP_015617299.1,False,96.312,1.4569,False,NBS_LRR,97.592,1.5837,False,NBS_LRR,96.0,1.3973,False,NBS_LRR,XP_015617299.1 disease resistance protein RGA5-like [Oryza sativa Japonica Group],1.28,-0.312
XP_015620215.1,False,41.449,0.0985,False,defense_signaling,36.23,-0.0035,False,defense_signaling,41.137,0.0924,False,defense_signaling,XP_015620215.1 uncharacterized protein LOC4352121 isoform X2 [Oryza sativa Japonica Group],-5.219,-0.312
XP_015612253.1,False,93.188,0.8688,False,defense_signaling,92.986,0.8649,False,defense_signaling,92.876,0.8624,False,defense_signaling,XP_015612253.1 kinesin-like protein KIN-4A isoform X2 [Oryza sativa Japonica Group],-0.202,-0.312
XP_015627989.1,False,94.985,0.9661,False,RLK_defense,92.848,0.8625,False,defense_signaling,94.673,0.964,False,RLK_defense,XP_015627989.1 kinesin-like protein KIN-12G [Oryza sativa Japonica Group],-2.137,-0.312
XP_025877579.1,False,95.638,0.9219,False,defense_signaling,92.918,0.8634,False,defense_signaling,95.326,0.9155,False,defense_signaling,XP_025877579.1 uncharacterized protein LOC4352205 [Oryza sativa Japonica Group],-2.72,-0.312
XP_015625356.1,False,91.297,0.834,False,defense_signaling,84.982,0.8818,False,antimicrobial,90.984,0.9396,False,cell_death_HR,XP_015625356.1 splicing factor 3B subunit 1 isoform X2 [Oryza sativa Japonica Group],-6.315,-0.313
XP_015634942.1,False,91.324,0.835,False,defense_signaling,92.143,0.8491,False,defense_signaling,91.011,0.8286,False,defense_signaling,XP_015634942.1 DDB1- and CUL4-associated factor homolog 1 [Oryza sativa Japonica Group],0.819,-0.313
XP_015642033.1,False,91.373,0.8364,False,defense_signaling,88.925,0.7922,False,defense_signaling,91.06,0.8301,False,defense_signaling,XP_015642033.1 uncharacterized protein LOC4340275 isoform X1 [Oryza sativa Japonica Group],-2.448,-0.313
XP_025875880.1,False,90.329,0.8179,False,defense_signaling,89.038,0.7944,False,defense_signaling,90.016,0.8116,False,defense_signaling,XP_025875880.1 uncharacterized protein LOC107276304 isoform X1 [Oryza sativa Japonica Group],-1.291,-0.313
XP_015625355.1,False,91.297,0.834,False,defense_signaling,84.46,0.8961,False,antimicrobial,90.984,0.9725,False,cell_death_HR,XP_015625355.1 splicing factor 3B subunit 1 isoform X1 [Oryza sativa Japonica Group],-6.837,-0.313
XP_015650009.1,False,95.204,0.9123,False,defense_signaling,94.363,0.894,False,defense_signaling,94.891,0.9059,False,defense_signaling,XP_015650009.1 thyroid adenoma-associated protein homolog [Oryza sativa Japonica Group],-0.841,-0.313
XP_015617126.1,False,96.106,0.9354,False,defense_signaling,95.509,0.9199,False,defense_signaling,95.793,0.929,False,defense_signaling,XP_015617126.1 phosphatidylinositol 4-kinase beta 1 [Oryza sativa Japonica Group],-0.597,-0.313
XP_015619903.1,False,51.041,0.2565,False,defense_signaling,47.685,0.206,False,defense_signaling,50.728,0.2503,False,defense_signaling,XP_015619903.1 uncharacterized protein LOC4351861 isoform X1 [Oryza sativa Japonica Group],-3.356,-0.313
XP_015631661.1,False,92.935,1.1236,False,antimicrobial,92.721,1.1188,False,antimicrobial,92.622,1.1143,False,antimicrobial,XP_015631661.1 DNA-directed RNA polymerase II subunit RPB2 [Oryza sativa Japonica Group],-0.214,-0.313
XP_015619905.1,False,51.041,0.2565,False,defense_signaling,47.603,0.2047,False,defense_signaling,50.728,0.2503,False,defense_signaling,XP_015619905.1 uncharacterized protein LOC4351861 isoform X2 [Oryza sativa Japonica Group],-3.438,-0.313
XP_015626414.1,False,91.028,0.8383,False,antimicrobial,90.593,0.8214,False,defense_signaling,90.715,0.829,False,antimicrobial,XP_015626414.1 CLIP-associated protein [Oryza sativa Japonica Group],-0.435,-0.313
XP_025875881.1,False,90.329,0.8179,False,defense_signaling,89.289,0.7985,False,defense_signaling,90.016,0.8116,False,defense_signaling,XP_025875881.1 uncharacterized protein LOC107276304 isoform X2 [Oryza sativa Japonica Group],-1.04,-0.313
XP_015611837.1,False,96.117,0.9359,False,defense_signaling,95.826,0.9287,False,defense_signaling,95.803,0.9295,False,defense_signaling,XP_015611837.1 coatomer subunit alpha-3 isoform X2 [Oryza sativa Japonica Group],-0.291,-0.314
XP_015619841.1,False,51.201,0.2585,False,defense_signaling,45.802,0.1774,False,defense_signaling,50.887,0.2523,False,defense_signaling,XP_015619841.1 protein MODIFIER OF SNC1 1 isoform X2 [Oryza sativa Japonica Group],-5.399,-0.314
XP_015626962.1,False,95.988,1.1151,False,antimicrobial,98.213,1.1792,False,antimicrobial,95.674,1.2,False,antimicrobial,XP_015626962.1 putative callose synthase 8 isoform X1 [Oryza sativa Japonica Group],2.225,-0.314
XP_015617107.1,False,94.952,0.9062,False,defense_signaling,81.884,0.6825,False,defense_signaling,94.638,0.8998,False,defense_signaling,XP_015617107.1 uncharacterized protein LOC4326327 [Oryza sativa Japonica Group],-13.068,-0.314
XP_015630287.1,False,51.227,0.2588,False,defense_signaling,51.1,0.2561,False,defense_signaling,50.913,0.2526,False,defense_signaling,XP_015630287.1 uncharacterized protein LOC4332047 isoform X4 [Oryza sativa Japonica Group],-0.127,-0.314
XP_015636048.1,False,90.257,0.8167,False,antimicrobial,88.059,0.7769,False,defense_signaling,89.942,0.8104,False,defense_signaling,XP_015636048.1 CLIP-associated protein isoform X1 [Oryza sativa Japonica Group],-2.198,-0.315
XP_015618260.1,False,95.576,0.9199,False,defense_signaling,96.539,0.9464,False,defense_signaling,95.261,0.9136,False,defense_signaling,XP_015618260.1 serine/threonine-protein kinase TIO [Oryza sativa Japonica Group],0.963,-0.315
XP_015648872.1,False,95.072,1.0761,False,antimicrobial,92.77,1.1199,False,antimicrobial,94.757,1.1057,False,antimicrobial,XP_015648872.1 DNA-directed RNA polymerases IV and V subunit 2 [Oryza sativa Japonica Group],-2.302,-0.315
XP_015618261.1,False,95.576,0.9199,False,defense_signaling,96.539,0.9464,False,defense_signaling,95.261,0.9136,False,defense_signaling,XP_015618261.1 serine/threonine-protein kinase TIO [Oryza sativa Japonica Group],0.963,-0.315
XP_015631187.1,False,41.515,0.1,False,defense_signaling,34.699,-0.0355,False,defense_signaling,41.2,0.0938,False,defense_signaling,XP_015631187.1 FIP1[V]-like protein [Oryza sativa Japonica Group],-6.816,-0.315
XP_015614140.1,False,96.458,0.9904,False,antimicrobial,96.167,0.9698,False,antimicrobial,96.143,0.9811,False,antimicrobial,XP_015614140.1 cellulose synthase A catalytic subunit 7 [UDP-forming] [Oryza sativa Japonica Group],-0.291,-0.315
XP_015646599.1,False,50.673,0.2518,False,defense_signaling,50.635,0.2502,False,defense_signaling,50.358,0.2456,False,defense_signaling,XP_015646599.1 protein NETWORKED 2A isoform X1 [Oryza sativa Japonica Group],-0.038,-0.315
XP_015647290.1,False,96.435,0.9436,False,defense_signaling,96.284,0.9404,False,defense_signaling,96.12,0.9372,False,defense_signaling,XP_015647290.1 uncharacterized protein LOC4342482 [Oryza sativa Japonica Group],-0.151,-0.315
XP_015647062.1,False,96.362,0.9416,False,defense_signaling,96.183,0.9378,False,defense_signaling,96.047,0.9352,False,defense_signaling,XP_015647062.1 DNA annealing helicase and endonuclease ZRANB3 isoform X3 [Oryza sativa Japonica Group],-0.179,-0.315
XP_015636675.1,False,94.943,0.9611,False,antimicrobial,94.382,1.0722,False,antimicrobial,94.628,1.1327,False,antimicrobial,"XP_015636675.1 DNA mismatch repair protein MSH1, mitochondrial isoform X2 [Oryza sativa Japonica Group]",-0.561,-0.315
XP_015631030.1,False,95.991,1.036,False,antimicrobial,96.155,0.9881,False,antimicrobial,95.676,1.0267,False,antimicrobial,XP_015631030.1 coatomer subunit alpha-1 [Oryza sativa Japonica Group],0.164,-0.315
XP_015629412.1,False,96.068,1.1217,False,antimicrobial,95.309,1.1325,False,antimicrobial,95.751,1.1365,False,antimicrobial,XP_015629412.1 protein argonaute 7 [Oryza sativa Japonica Group],-0.759,-0.317
XP_025879481.1,False,96.028,1.2187,False,NBS_LRR,95.824,1.1818,False,NBS_LRR,95.711,1.2148,False,NBS_LRR,XP_025879481.1 endoribonuclease Dicer homolog 2a isoform X3 [Oryza sativa Japonica Group],-0.204,-0.317
XP_015631140.1,False,96.052,1.0246,False,antimicrobial,96.066,0.9754,False,antimicrobial,95.735,1.0153,False,antimicrobial,XP_015631140.1 coatomer subunit alpha-2 [Oryza sativa Japonica Group],0.014,-0.317
XP_015632701.2,False,93.076,0.8665,False,defense_signaling,92.935,0.8638,False,defense_signaling,92.759,0.8601,False,defense_signaling,XP_015632701.2 uncharacterized protein LOC4334678 [Oryza sativa Japonica Group],-0.141,-0.317
XP_015646462.1,False,90.133,0.897,False,antimicrobial,90.004,0.9194,False,antimicrobial,89.816,0.9247,False,antimicrobial,XP_015646462.1 uncharacterized protein LOC4344388 isoform X2 [Oryza sativa Japonica Group],-0.129,-0.317
XP_015614352.2,False,90.236,0.8162,False,defense_signaling,85.489,0.7346,False,defense_signaling,89.919,0.8099,False,defense_signaling,XP_015614352.2 LOW QUALITY PROTEIN: uncharacterized protein LOC4347955 [Oryza sativa Japonica Group],-4.747,-0.317
XP_015647059.1,False,96.063,0.9334,False,defense_signaling,95.035,0.9091,False,defense_signaling,95.746,0.927,False,defense_signaling,XP_015647059.1 DNA annealing helicase and endonuclease ZRANB3 isoform X1 [Oryza sativa Japonica Group],-1.028,-0.317
XP_015619906.1,False,51.937,0.2685,False,defense_signaling,48.716,0.2207,False,defense_signaling,51.619,0.2623,False,defense_signaling,XP_015619906.1 uncharacterized protein LOC4351861 isoform X3 [Oryza sativa Japonica Group],-3.221,-0.318
XP_015647420.1,False,93.1,0.8669,False,defense_signaling,90.725,0.8243,False,defense_signaling,92.782,0.8606,False,defense_signaling,XP_015647420.1 tRNA ligase 1 [Oryza sativa Japonica Group],-2.375,-0.318
XP_015614463.1,False,51.375,0.2608,False,defense_signaling,49.416,0.2307,False,defense_signaling,51.056,0.2547,False,defense_signaling,XP_015614463.1 uncharacterized protein LOC4349242 isoform X3 [Oryza sativa Japonica Group],-1.959,-0.319
XP_015614461.1,False,51.375,0.2608,False,defense_signaling,47.974,0.2104,False,defense_signaling,51.056,0.2547,False,defense_signaling,XP_015614461.1 uncharacterized protein LOC4349242 isoform X1 [Oryza sativa Japonica Group],-3.401,-0.319
XP_015614462.1,False,51.375,0.2608,False,defense_signaling,49.442,0.2312,False,defense_signaling,51.056,0.2547,False,defense_signaling,XP_015614462.1 uncharacterized protein LOC4349242 isoform X2 [Oryza sativa Japonica Group],-1.933,-0.319
XP_025877301.1,False,35.888,-0.0113,False,defense_signaling,32.021,-0.0892,False,defense_signaling,35.568,-0.0174,False,defense_signaling,XP_025877301.1 uncharacterized protein LOC4349535 isoform X2 [Oryza sativa Japonica Group],-3.867,-0.32
XP_015610848.2,False,51.836,0.2668,False,defense_signaling,50.624,0.2501,False,defense_signaling,51.516,0.2606,False,defense_signaling,XP_015610848.2 uncharacterized protein LOC4346367 isoform X1 [Oryza sativa Japonica Group],-1.212,-0.32
XP_015611864.1,False,95.422,0.9164,False,defense_signaling,95.549,0.921,False,defense_signaling,95.1,0.91,False,defense_signaling,XP_015611864.1 uncharacterized protein LOC4347020 [Oryza sativa Japonica Group],0.127,-0.322
XP_015614112.1,False,93.029,1.0363,False,antimicrobial,93.243,1.002,False,antimicrobial,92.707,1.0269,False,antimicrobial,XP_015614112.1 exportin-4 isoform X1 [Oryza sativa Japonica Group],0.214,-0.322
XP_015626964.1,False,95.502,0.9195,False,antimicrobial,97.82,1.0997,False,antimicrobial,95.18,1.2062,False,antimicrobial,XP_015626964.1 putative callose synthase 8 isoform X2 [Oryza sativa Japonica Group],2.318,-0.322
XP_015637038.1,False,91.23,0.8328,False,defense_signaling,91.829,0.8435,False,defense_signaling,90.908,0.8264,False,defense_signaling,XP_015637038.1 DNA-directed RNA polymerase IV subunit 1 isoform X1 [Oryza sativa Japonica Group],0.599,-0.322
XP_015642630.1,False,38.009,0.0328,False,defense_signaling,35.41,-0.0199,False,defense_signaling,37.686,0.0267,False,defense_signaling,XP_015642630.1 uncharacterized protein LOC9266450 [Oryza sativa Japonica Group],-2.599,-0.323
XP_015613826.1,False,89.548,0.8047,False,defense_signaling,86.95,0.7593,False,defense_signaling,89.224,0.7984,False,defense_signaling,XP_015613826.1 mediator of RNA polymerase II transcription subunit 16 [Oryza sativa Japonica Group],-2.598,-0.324
XP_015630970.1,False,95.495,0.9177,False,defense_signaling,90.727,0.8245,False,defense_signaling,95.171,0.9113,False,defense_signaling,XP_015630970.1 uncharacterized protein LOC4331732 isoform X3 [Oryza sativa Japonica Group],-4.768,-0.324
XP_015619690.1,False,37.974,0.0322,False,defense_signaling,37.892,0.0307,False,defense_signaling,37.65,0.0261,False,defense_signaling,XP_015619690.1 uncharacterized protein At4g10930 isoform X1 [Oryza sativa Japonica Group],-0.082,-0.324
XP_015619691.1,False,37.974,0.0322,False,defense_signaling,37.892,0.0307,False,defense_signaling,37.65,0.0261,False,defense_signaling,XP_015619691.1 uncharacterized protein At4g10930 isoform X1 [Oryza sativa Japonica Group],-0.082,-0.324
XP_015621098.1,False,46.685,0.1896,False,defense_signaling,46.849,0.1918,False,defense_signaling,46.361,0.1834,False,defense_signaling,XP_015621098.1 uncharacterized protein LOC4325593 isoform X1 [Oryza sativa Japonica Group],0.164,-0.324
XP_015637043.1,False,89.583,0.8054,False,defense_signaling,90.393,0.8179,False,defense_signaling,89.259,0.7991,False,defense_signaling,XP_015637043.1 DNA-directed RNA polymerase IV subunit 1 isoform X6 [Oryza sativa Japonica Group],0.81,-0.324
XP_015646618.1,False,47.833,0.2082,False,defense_signaling,49.203,0.2279,False,defense_signaling,47.509,0.202,False,defense_signaling,XP_015646618.1 protein TIME FOR COFFEE [Oryza sativa Japonica Group],1.37,-0.324
XP_015630968.1,False,95.495,0.9177,False,defense_signaling,91.006,0.8282,False,defense_signaling,95.171,0.9113,False,defense_signaling,XP_015630968.1 uncharacterized protein LOC4331732 isoform X1 [Oryza sativa Japonica Group],-4.489,-0.324
XP_015630969.1,False,95.495,0.9177,False,defense_signaling,90.555,0.8209,False,defense_signaling,95.171,0.9113,False,defense_signaling,XP_015630969.1 uncharacterized protein LOC4331732 isoform X2 [Oryza sativa Japonica Group],-4.94,-0.324
XP_015611695.1,False,92.702,0.8599,False,defense_signaling,92.634,0.8581,False,defense_signaling,92.376,0.8535,False,defense_signaling,XP_015611695.1 DNA-directed RNA polymerase IV subunit 1 isoform X4 [Oryza sativa Japonica Group],-0.068,-0.326
XP_015644576.1,False,92.683,0.8974,False,RLK_defense,72.268,0.548,False,defense_signaling,92.357,0.8956,False,RLK_defense,XP_015644576.1 kinesin-like protein KIN-12E isoform X1 [Oryza sativa Japonica Group],-20.415,-0.326
XP_015611694.1,False,92.73,0.8606,False,defense_signaling,92.658,0.8586,False,defense_signaling,92.404,0.8543,False,defense_signaling,XP_015611694.1 DNA-directed RNA polymerase IV subunit 1 isoform X2 [Oryza sativa Japonica Group],-0.072,-0.326
XP_015611640.1,False,49.172,0.2282,False,defense_signaling,45.499,0.173,False,defense_signaling,48.846,0.222,False,defense_signaling,XP_015611640.1 uncharacterized protein LOC4347347 [Oryza sativa Japonica Group],-3.673,-0.326
XP_015616631.1,False,92.815,0.8623,False,defense_signaling,96.385,1.0086,False,antimicrobial,92.489,1.0696,False,antimicrobial,XP_015616631.1 callose synthase 12 [Oryza sativa Japonica Group],3.57,-0.326
XP_015616219.1,False,49.273,0.2291,False,defense_signaling,48.096,0.2123,False,defense_signaling,48.947,0.2229,False,defense_signaling,XP_015616219.1 uncharacterized protein LOC4350330 [Oryza sativa Japonica Group],-1.177,-0.326
XP_015616625.1,False,92.815,0.8623,False,defense_signaling,96.385,1.0086,False,antimicrobial,92.489,1.0696,False,antimicrobial,XP_015616625.1 callose synthase 12 [Oryza sativa Japonica Group],3.57,-0.326
XP_015620797.1,False,92.676,0.8593,False,defense_signaling,91.126,0.83,False,defense_signaling,92.35,0.8529,False,defense_signaling,XP_015620797.1 protein MON2 homolog isoform X1 [Oryza sativa Japonica Group],-1.55,-0.326
XP_015616637.1,False,92.815,0.8623,False,defense_signaling,96.385,1.0086,False,antimicrobial,92.489,1.0696,False,antimicrobial,XP_015616637.1 callose synthase 12 [Oryza sativa Japonica Group],3.57,-0.326
XP_015611693.1,False,92.691,0.8595,False,defense_signaling,92.599,0.8576,False,defense_signaling,92.364,0.8531,False,defense_signaling,XP_015611693.1 DNA-directed RNA polymerase IV subunit 1 isoform X3 [Oryza sativa Japonica Group],-0.092,-0.327
XP_015612252.1,False,92.864,0.8629,False,defense_signaling,92.763,0.8605,False,defense_signaling,92.536,0.8566,False,defense_signaling,XP_015612252.1 kinesin-like protein KIN-4A isoform X1 [Oryza sativa Japonica Group],-0.101,-0.328
XP_015646839.1,False,48.863,0.223,False,defense_signaling,50.132,0.2423,False,defense_signaling,48.534,0.2168,False,defense_signaling,XP_015646839.1 uncharacterized protein LOC4343083 [Oryza sativa Japonica Group],1.269,-0.329
XP_025881409.1,False,92.435,0.8552,False,defense_signaling,89.677,0.8056,False,defense_signaling,92.106,0.8488,False,defense_signaling,XP_025881409.1 paired amphipathic helix protein Sin3-like 4 isoform X3 [Oryza sativa Japonica Group],-2.758,-0.329
XP_015619668.1,False,35.521,-0.0186,False,defense_signaling,31.69,-0.097,False,defense_signaling,35.192,-0.0247,False,defense_signaling,XP_015619668.1 uncharacterized protein LOC4351244 isoform X1 [Oryza sativa Japonica Group],-3.831,-0.329
XP_015646837.1,False,48.863,0.223,False,defense_signaling,50.132,0.2423,False,defense_signaling,48.534,0.2168,False,defense_signaling,XP_015646837.1 uncharacterized protein LOC4343083 [Oryza sativa Japonica Group],1.269,-0.329
XP_015610843.1,False,92.592,0.8577,False,defense_signaling,91.883,0.8446,False,defense_signaling,92.263,0.8514,False,defense_signaling,XP_015610843.1 uncharacterized protein LOC107276304 isoform X3 [Oryza sativa Japonica Group],-0.709,-0.329
XP_015611692.1,False,92.583,0.8576,False,defense_signaling,92.573,0.8569,False,defense_signaling,92.254,0.8512,False,defense_signaling,XP_015611692.1 DNA-directed RNA polymerase IV subunit 1 isoform X1 [Oryza sativa Japonica Group],-0.01,-0.329
XP_015618914.1,False,48.897,0.2234,False,defense_signaling,47.455,0.202,False,defense_signaling,48.568,0.2173,False,defense_signaling,XP_015618914.1 uncharacterized protein LOC4324005 isoform X2 [Oryza sativa Japonica Group],-1.442,-0.329
XP_015639568.1,False,92.435,0.8552,False,defense_signaling,83.638,0.7059,False,defense_signaling,92.106,0.8488,False,defense_signaling,XP_015639568.1 paired amphipathic helix protein Sin3-like 4 isoform X1 [Oryza sativa Japonica Group],-8.797,-0.329
XP_015635741.1,False,92.425,1.0912,False,antimicrobial,92.552,1.113,False,antimicrobial,92.096,1.0818,False,antimicrobial,XP_015635741.1 probable cleavage and polyadenylation specificity factor subunit 1 isoform X3 [Oryza sativa Japonica Group],0.127,-0.329
XP_025877300.1,False,35.272,-0.0243,False,defense_signaling,32.721,-0.0752,False,defense_signaling,34.943,-0.0304,False,defense_signaling,XP_025877300.1 uncharacterized protein LOC4349535 isoform X1 [Oryza sativa Japonica Group],-2.551,-0.329
XP_015637039.1,False,92.082,0.8495,False,defense_signaling,92.303,0.8521,False,defense_signaling,91.753,0.8431,False,defense_signaling,XP_015637039.1 DNA-directed RNA polymerase IV subunit 1 isoform X2 [Oryza sativa Japonica Group],0.221,-0.329
XP_015639569.1,False,92.435,0.8552,False,defense_signaling,89.564,0.8039,False,defense_signaling,92.106,0.8488,False,defense_signaling,XP_015639569.1 paired amphipathic helix protein Sin3-like 4 isoform X2 [Oryza sativa Japonica Group],-2.871,-0.329
XP_015611827.1,False,77.05,0.725,False,cell_death_HR,74.236,0.6681,False,cell_death_HR,76.719,0.7171,False,cell_death_HR,XP_015611827.1 uncharacterized protein LOC4324171 [Oryza sativa Japonica Group],-2.814,-0.331
XP_015640429.1,False,89.268,0.7996,False,defense_signaling,87.493,0.7675,False,defense_signaling,88.937,0.7932,False,defense_signaling,"XP_015640429.1 DNA-directed RNA polymerase V subunit 1, partial [Oryza sativa Japonica Group]",-1.775,-0.331
XP_015626657.1,False,92.942,0.8643,False,defense_signaling,90.57,0.8211,False,defense_signaling,92.611,0.858,False,defense_signaling,XP_015626657.1 uncharacterized protein LOC4331200 [Oryza sativa Japonica Group],-2.372,-0.331
XP_015637042.1,False,92.15,0.8505,False,defense_signaling,92.331,0.8525,False,defense_signaling,91.819,0.8441,False,defense_signaling,XP_015637042.1 DNA-directed RNA polymerase IV subunit 1 isoform X5 [Oryza sativa Japonica Group],0.181,-0.331
XP_015626658.1,False,92.942,0.8643,False,defense_signaling,90.57,0.8211,False,defense_signaling,92.611,0.858,False,defense_signaling,XP_015626658.1 uncharacterized protein LOC4331200 [Oryza sativa Japonica Group],-2.372,-0.331
XP_015631167.1,False,34.043,-0.0495,False,defense_signaling,24.04,-0.3015,False,defense_signaling,33.712,-0.0556,False,defense_signaling,XP_015631167.1 SCAR-like protein 1 [Oryza sativa Japonica Group],-10.003,-0.331
XP_015626656.1,False,92.942,0.8643,False,defense_signaling,90.57,0.8211,False,defense_signaling,92.611,0.858,False,defense_signaling,XP_015626656.1 uncharacterized protein LOC4331200 [Oryza sativa Japonica Group],-2.372,-0.331
XP_015626027.1,False,92.971,0.8646,False,defense_signaling,91.609,0.8395,False,defense_signaling,92.64,0.8582,False,defense_signaling,XP_015626027.1 uncharacterized protein LOC4328144 [Oryza sativa Japonica Group],-1.362,-0.331
XP_015626030.1,False,92.971,0.8646,False,defense_signaling,91.609,0.8395,False,defense_signaling,92.64,0.8582,False,defense_signaling,XP_015626030.1 uncharacterized protein LOC4328144 [Oryza sativa Japonica Group],-1.362,-0.331
XP_015626029.1,False,92.971,0.8646,False,defense_signaling,91.609,0.8395,False,defense_signaling,92.64,0.8582,False,defense_signaling,XP_015626029.1 uncharacterized protein LOC4328144 [Oryza sativa Japonica Group],-1.362,-0.331
XP_015637041.1,False,92.12,0.85,False,defense_signaling,92.294,0.852,False,defense_signaling,91.789,0.8437,False,defense_signaling,XP_015637041.1 DNA-directed RNA polymerase IV subunit 1 isoform X4 [Oryza sativa Japonica Group],0.174,-0.331
XP_015626028.1,False,92.971,0.8646,False,defense_signaling,91.609,0.8395,False,defense_signaling,92.64,0.8582,False,defense_signaling,XP_015626028.1 uncharacterized protein LOC4328144 [Oryza sativa Japonica Group],-1.362,-0.331
XP_015644577.1,False,92.5,0.8994,False,RLK_defense,72.136,0.5464,False,defense_signaling,92.167,0.8977,False,RLK_defense,XP_015644577.1 kinesin-like protein KIN-12E isoform X2 [Oryza sativa Japonica Group],-20.364,-0.333
XP_015621183.1,False,52.195,0.2713,False,defense_signaling,53.341,0.2888,False,defense_signaling,51.861,0.2651,False,defense_signaling,XP_015621183.1 dentin sialophosphoprotein [Oryza sativa Japonica Group],1.146,-0.334
XP_015619669.1,False,34.429,-0.041,False,defense_signaling,31.685,-0.097,False,defense_signaling,34.095,-0.0471,False,defense_signaling,XP_015619669.1 uncharacterized protein LOC4351244 isoform X2 [Oryza sativa Japonica Group],-2.744,-0.334
XP_015619670.1,False,34.436,-0.0408,False,defense_signaling,32.115,-0.0871,False,defense_signaling,34.102,-0.0469,False,defense_signaling,XP_015619670.1 uncharacterized protein LOC4351244 isoform X3 [Oryza sativa Japonica Group],-2.321,-0.334
XP_015618908.1,False,48.669,0.2203,False,defense_signaling,47.211,0.1978,False,defense_signaling,48.334,0.2141,False,defense_signaling,XP_015618908.1 uncharacterized protein LOC4324005 isoform X1 [Oryza sativa Japonica Group],-1.458,-0.335
XP_015610850.2,False,52.418,0.2748,False,defense_signaling,51.157,0.2569,False,defense_signaling,52.082,0.2686,False,defense_signaling,XP_015610850.2 uncharacterized protein LOC4346367 isoform X2 [Oryza sativa Japonica Group],-1.261,-0.336
XP_015615308.1,False,92.335,0.8537,False,defense_signaling,91.616,0.8396,False,defense_signaling,91.999,0.8473,False,defense_signaling,XP_015615308.1 uncharacterized protein LOC4350581 isoform X1 [Oryza sativa Japonica Group],-0.719,-0.336
XP_015615307.1,False,92.335,0.8537,False,defense_signaling,91.616,0.8396,False,defense_signaling,91.999,0.8473,False,defense_signaling,XP_015615307.1 uncharacterized protein LOC4350581 isoform X1 [Oryza sativa Japonica Group],-0.719,-0.336
XP_015619840.1,False,48.249,0.2146,False,defense_signaling,44.155,0.1493,False,defense_signaling,47.913,0.2084,False,defense_signaling,XP_015619840.1 protein MODIFIER OF SNC1 1 isoform X1 [Oryza sativa Japonica Group],-4.094,-0.336
XP_015617264.1,False,92.378,0.8544,False,defense_signaling,92.916,0.8634,False,defense_signaling,92.042,0.848,False,defense_signaling,XP_015617264.1 protein TPLATE [Oryza sativa Japonica Group],0.538,-0.336
XP_015621377.1,False,88.794,0.7909,False,defense_signaling,87.54,0.7677,False,defense_signaling,88.458,0.7846,False,defense_signaling,XP_015621377.1 lysine-specific demethylase JMJ705 [Oryza sativa Japonica Group],-1.254,-0.336
XP_015626151.1,False,88.775,0.7907,False,defense_signaling,88.491,0.785,False,defense_signaling,88.439,0.7843,False,defense_signaling,XP_015626151.1 KIN14B-interacting protein At4g14310 [Oryza sativa Japonica Group],-0.284,-0.336
XP_015649667.1,False,36.159,-0.0054,False,defense_signaling,33.42,-0.0607,False,defense_signaling,35.823,-0.0115,False,defense_signaling,XP_015649667.1 ENHANCER OF AG-4 protein 2 [Oryza sativa Japonica Group],-2.739,-0.336
XP_015637040.1,False,92.244,0.8521,False,defense_signaling,92.404,0.8534,False,defense_signaling,91.908,0.8457,False,defense_signaling,XP_015637040.1 DNA-directed RNA polymerase IV subunit 1 isoform X3 [Oryza sativa Japonica Group],0.16,-0.336
XP_015625518.1,False,92.258,0.8524,False,defense_signaling,86.02,0.7441,False,defense_signaling,91.922,0.8461,False,defense_signaling,XP_015625518.1 uncharacterized protein LOC4330065 [Oryza sativa Japonica Group],-6.238,-0.336
XP_025875731.1,False,36.159,-0.0054,False,defense_signaling,33.42,-0.0607,False,defense_signaling,35.823,-0.0115,False,defense_signaling,XP_025875731.1 ENHANCER OF AG-4 protein 2 [Oryza sativa Japonica Group],-2.739,-0.336
XP_015651110.1,False,88.404,0.7847,False,defense_signaling,82.314,0.6883,False,defense_signaling,88.066,0.8394,False,NBS_LRR,XP_015651110.1 uncharacterized protein LOC4345308 [Oryza sativa Japonica Group],-6.09,-0.338
XP_015621218.1,False,53.827,0.2965,False,defense_signaling,48.136,0.2128,False,defense_signaling,53.487,0.2903,False,defense_signaling,XP_015621218.1 uncharacterized protein LOC4327673 [Oryza sativa Japonica Group],-5.691,-0.34
XP_015642842.1,False,88.829,0.8263,False,NBS_LRR,85.78,0.7817,False,NBS_LRR,88.489,0.8713,False,NBS_LRR,XP_015642842.1 putative 1-phosphatidylinositol-3-phosphate 5-kinase FAB1C [Oryza sativa Japonica Group],-3.049,-0.34
XP_025877266.1,False,92.793,0.9628,False,NBS_LRR,92.309,0.9022,False,RLK_defense,92.452,0.9081,False,RLK_defense,"XP_025877266.1 pentatricopeptide repeat-containing protein At3g24000, mitochondrial [Oryza sativa Japonica Group]",-0.484,-0.341
XP_025877265.1,False,92.793,0.9628,False,NBS_LRR,92.309,0.9022,False,RLK_defense,92.452,0.9081,False,RLK_defense,"XP_025877265.1 pentatricopeptide repeat-containing protein At3g24000, mitochondrial [Oryza sativa Japonica Group]",-0.484,-0.341
XP_025877264.1,False,92.793,0.9628,False,NBS_LRR,92.309,0.9022,False,RLK_defense,92.452,0.9081,False,RLK_defense,"XP_025877264.1 pentatricopeptide repeat-containing protein At3g24000, mitochondrial [Oryza sativa Japonica Group]",-0.484,-0.341
XP_025877262.1,False,92.793,0.9628,False,NBS_LRR,92.309,0.9022,False,RLK_defense,92.452,0.9081,False,RLK_defense,"XP_025877262.1 pentatricopeptide repeat-containing protein At3g24000, mitochondrial [Oryza sativa Japonica Group]",-0.484,-0.341
XP_025877263.1,False,92.793,0.9628,False,NBS_LRR,92.309,0.9022,False,RLK_defense,92.452,0.9081,False,RLK_defense,"XP_025877263.1 pentatricopeptide repeat-containing protein At3g24000, mitochondrial [Oryza sativa Japonica Group]",-0.484,-0.341
XP_025877255.1,False,92.793,0.9628,False,NBS_LRR,92.309,0.9022,False,RLK_defense,92.452,0.9081,False,RLK_defense,"XP_025877255.1 pentatricopeptide repeat-containing protein At3g24000, mitochondrial [Oryza sativa Japonica Group]",-0.484,-0.341
XP_025877261.1,False,92.793,0.9628,False,NBS_LRR,92.309,0.9022,False,RLK_defense,92.452,0.9081,False,RLK_defense,"XP_025877261.1 pentatricopeptide repeat-containing protein At3g24000, mitochondrial [Oryza sativa Japonica Group]",-0.484,-0.341
XP_025877260.1,False,92.793,0.9628,False,NBS_LRR,92.309,0.9022,False,RLK_defense,92.452,0.9081,False,RLK_defense,"XP_025877260.1 pentatricopeptide repeat-containing protein At3g24000, mitochondrial [Oryza sativa Japonica Group]",-0.484,-0.341
XP_025877258.1,False,92.793,0.9628,False,NBS_LRR,92.309,0.9022,False,RLK_defense,92.452,0.9081,False,RLK_defense,"XP_025877258.1 pentatricopeptide repeat-containing protein At3g24000, mitochondrial [Oryza sativa Japonica Group]",-0.484,-0.341
XP_025877257.1,False,92.793,0.9628,False,NBS_LRR,92.309,0.9022,False,RLK_defense,92.452,0.9081,False,RLK_defense,"XP_025877257.1 pentatricopeptide repeat-containing protein At3g24000, mitochondrial [Oryza sativa Japonica Group]",-0.484,-0.341
XP_015626634.1,False,79.641,0.6527,False,defense_signaling,75.042,0.5864,False,defense_signaling,79.3,0.6464,False,defense_signaling,XP_015626634.1 gamma-tubulin complex component 5 isoform X1 [Oryza sativa Japonica Group],-4.599,-0.341
XP_025877256.1,False,92.793,0.9628,False,NBS_LRR,92.309,0.9022,False,RLK_defense,92.452,0.9081,False,RLK_defense,"XP_025877256.1 pentatricopeptide repeat-containing protein At3g24000, mitochondrial [Oryza sativa Japonica Group]",-0.484,-0.341
XP_015638740.1,False,88.895,0.8908,False,antimicrobial,88.768,0.8857,False,antimicrobial,88.554,0.8815,False,antimicrobial,XP_015638740.1 calcium and calcium/calmodulin-dependent serine/threonine-protein kinase [Oryza sativa Japonica Group],-0.127,-0.341
XP_015615229.1,False,92.793,0.9628,False,NBS_LRR,92.309,0.9022,False,RLK_defense,92.452,0.9081,False,RLK_defense,"XP_015615229.1 pentatricopeptide repeat-containing protein At3g24000, mitochondrial [Oryza sativa Japonica Group]",-0.484,-0.341
XP_015631665.1,False,53.292,0.2887,False,defense_signaling,49.282,0.2288,False,defense_signaling,52.951,0.2825,False,defense_signaling,XP_015631665.1 serine/arginine repetitive matrix protein 1 isoform X2 [Oryza sativa Japonica Group],-4.01,-0.341
XP_015650196.1,False,89.001,0.8459,False,NBS_LRR,84.759,0.7757,False,NBS_LRR,88.66,0.8859,False,NBS_LRR,XP_015650196.1 putative 1-phosphatidylinositol-3-phosphate 5-kinase FAB1C [Oryza sativa Japonica Group],-4.242,-0.341
XP_015626926.1,False,79.561,0.6516,False,defense_signaling,79.117,0.6423,False,defense_signaling,79.218,0.6453,False,defense_signaling,XP_015626926.1 nuclear pore complex protein NUP160 isoform X3 [Oryza sativa Japonica Group],-0.444,-0.343
XP_015647029.1,False,88.284,0.7822,False,defense_signaling,85.219,0.7306,False,defense_signaling,87.941,0.7758,False,defense_signaling,XP_015647029.1 protein ETHYLENE-INSENSITIVE 2-like [Oryza sativa Japonica Group],-3.065,-0.343
XP_015619907.1,False,37.469,0.0209,False,defense_signaling,36.113,-0.0053,False,defense_signaling,37.125,0.0148,False,defense_signaling,XP_015619907.1 uncharacterized protein LOC4351860 [Oryza sativa Japonica Group],-1.356,-0.344
XP_015646600.1,False,52.357,0.2735,False,defense_signaling,51.27,0.2588,False,defense_signaling,52.012,0.2673,False,defense_signaling,XP_015646600.1 protein NETWORKED 2A isoform X2 [Oryza sativa Japonica Group],-1.087,-0.345
XP_015620287.1,False,84.839,0.7255,False,defense_signaling,86.201,0.747,False,defense_signaling,84.493,0.7191,False,defense_signaling,XP_015620287.1 telomerase reverse transcriptase isoform X3 [Oryza sativa Japonica Group],1.362,-0.346
XP_015630356.1,False,54.183,0.3009,False,defense_signaling,49.205,0.2279,False,defense_signaling,53.836,0.2947,False,defense_signaling,XP_015630356.1 uncharacterized protein LOC4333036 isoform X1 [Oryza sativa Japonica Group],-4.978,-0.347
XP_015630357.1,False,54.183,0.3009,False,defense_signaling,48.341,0.2153,False,defense_signaling,53.836,0.2947,False,defense_signaling,XP_015630357.1 uncharacterized protein LOC4333036 isoform X2 [Oryza sativa Japonica Group],-5.842,-0.347
XP_015643085.1,False,88.117,0.7785,False,defense_signaling,86.206,0.7472,False,defense_signaling,87.77,0.7722,False,defense_signaling,XP_015643085.1 ubiquitin carboxyl-terminal hydrolase 15 [Oryza sativa Japonica Group],-1.911,-0.347
XP_015620284.1,False,36.552,0.0025,False,defense_signaling,35.648,-0.0157,False,defense_signaling,36.204,-0.0036,False,defense_signaling,XP_015620284.1 serine/threonine-protein kinase STE20 isoform X2 [Oryza sativa Japonica Group],-0.904,-0.348
XP_015631664.1,False,53.729,0.2947,False,defense_signaling,49.097,0.2263,False,defense_signaling,53.381,0.2885,False,defense_signaling,XP_015631664.1 serine/arginine repetitive matrix protein 1 isoform X1 [Oryza sativa Japonica Group],-4.632,-0.348
XP_015646889.1,False,54.276,0.3021,False,defense_signaling,54.87,0.3096,False,defense_signaling,53.926,0.2959,False,defense_signaling,XP_015646889.1 uncharacterized protein LOC4343362 [Oryza sativa Japonica Group],0.594,-0.35
XP_025881353.1,False,54.305,0.3025,False,defense_signaling,52.247,0.2715,False,defense_signaling,53.955,0.2963,False,defense_signaling,XP_025881353.1 uncharacterized protein LOC4337571 isoform X2 [Oryza sativa Japonica Group],-2.058,-0.35
XP_015640174.1,False,54.305,0.3025,False,defense_signaling,52.557,0.2769,False,defense_signaling,53.955,0.2963,False,defense_signaling,XP_015640174.1 uncharacterized protein LOC4337571 isoform X1 [Oryza sativa Japonica Group],-1.748,-0.35
XP_015630856.1,False,84.04,0.7935,False,antimicrobial,82.903,0.762,False,antimicrobial,83.688,0.7842,False,antimicrobial,XP_015630856.1 ubiquitin carboxyl-terminal hydrolase 26-like isoform X1 [Oryza sativa Japonica Group],-1.137,-0.352
XP_015631410.1,False,83.279,0.7027,False,defense_signaling,84.023,0.7112,False,defense_signaling,82.927,0.6964,False,defense_signaling,XP_015631410.1 uncharacterized protein LOC4332100 isoform X1 [Oryza sativa Japonica Group],0.744,-0.352
XP_015640331.1,False,84.989,0.7279,False,defense_signaling,89.569,0.804,False,defense_signaling,84.637,0.7216,False,defense_signaling,XP_015640331.1 putative E3 ubiquitin-protein ligase LIN-1 [Oryza sativa Japonica Group],4.58,-0.352
XP_015614331.1,False,83.244,0.7023,False,defense_signaling,66.647,0.4706,False,defense_signaling,82.891,0.696,False,defense_signaling,XP_015614331.1 mediator of RNA polymerase II transcription subunit 12 [Oryza sativa Japonica Group],-16.597,-0.353
XP_025879824.1,False,31.136,-0.1119,False,defense_signaling,29.891,-0.1392,False,defense_signaling,30.783,-0.118,False,defense_signaling,XP_025879824.1 FIP1[III]-like protein [Oryza sativa Japonica Group],-1.245,-0.353
XP_015630499.1,False,83.134,0.7011,False,defense_signaling,59.479,0.3724,False,defense_signaling,82.78,0.6967,False,NBS_LRR,XP_015630499.1 zinc finger CCCH domain-containing protein 20 isoform X1 [Oryza sativa Japonica Group],-23.655,-0.354
XP_015630500.1,False,83.134,0.7011,False,defense_signaling,59.648,0.3747,False,defense_signaling,82.78,0.6967,False,NBS_LRR,XP_015630500.1 zinc finger CCCH domain-containing protein 20 isoform X2 [Oryza sativa Japonica Group],-23.486,-0.354
XP_015631437.1,False,79.356,0.6483,False,defense_signaling,72.566,0.5522,False,defense_signaling,79.002,0.642,False,defense_signaling,XP_015631437.1 protein ETHYLENE-INSENSITIVE 2-like isoform X2 [Oryza sativa Japonica Group],-6.79,-0.354
XP_015626858.1,False,79.767,0.6544,False,defense_signaling,79.021,0.6407,False,defense_signaling,79.413,0.6481,False,defense_signaling,XP_015626858.1 protein ROS1 [Oryza sativa Japonica Group],-0.746,-0.354
XP_015620702.1,False,87.868,0.7743,False,defense_signaling,85.052,0.7281,False,defense_signaling,87.514,0.768,False,defense_signaling,XP_015620702.1 homeobox protein LUMINIDEPENDENS [Oryza sativa Japonica Group],-2.816,-0.354
XP_015627049.1,False,84.928,0.7267,False,defense_signaling,85.386,0.7328,False,defense_signaling,84.573,0.7204,False,defense_signaling,XP_015627049.1 auxin response factor 5 isoform X1 [Oryza sativa Japonica Group],0.458,-0.355
XP_015631251.1,False,85.055,0.729,False,defense_signaling,81.592,0.6781,False,defense_signaling,84.7,0.7227,False,defense_signaling,XP_015631251.1 uncharacterized protein LOC4332126 [Oryza sativa Japonica Group],-3.463,-0.355
XP_015646460.1,False,87.924,0.775,False,defense_signaling,86.762,0.7565,False,defense_signaling,87.569,0.7687,False,defense_signaling,XP_015646460.1 uncharacterized protein LOC4344390 isoform X2 [Oryza sativa Japonica Group],-1.162,-0.355
XP_015626100.1,False,79.805,0.6548,False,defense_signaling,79.199,0.6436,False,defense_signaling,79.45,0.6485,False,defense_signaling,XP_015626100.1 uncharacterized protein LOC4330949 [Oryza sativa Japonica Group],-0.606,-0.355
XP_015646459.1,False,87.924,0.775,False,defense_signaling,89.456,0.8014,False,defense_signaling,87.569,0.7687,False,defense_signaling,XP_015646459.1 uncharacterized protein LOC4344390 isoform X1 [Oryza sativa Japonica Group],1.532,-0.355
XP_015626101.1,False,79.805,0.6548,False,defense_signaling,79.199,0.6436,False,defense_signaling,79.45,0.6485,False,defense_signaling,XP_015626101.1 uncharacterized protein LOC4330949 [Oryza sativa Japonica Group],-0.606,-0.355
XP_015646668.1,False,84.181,0.7146,False,defense_signaling,65.174,0.4481,False,defense_signaling,83.826,0.7083,False,defense_signaling,XP_015646668.1 mediator of RNA polymerase II transcription subunit 12 isoform X2 [Oryza sativa Japonica Group],-19.007,-0.355
XP_015626099.1,False,79.805,0.6548,False,defense_signaling,79.199,0.6436,False,defense_signaling,79.45,0.6485,False,defense_signaling,XP_015626099.1 uncharacterized protein LOC4330949 [Oryza sativa Japonica Group],-0.606,-0.355
XP_015617704.1,False,80.804,0.6693,False,defense_signaling,79.394,0.6466,False,defense_signaling,80.447,0.663,False,defense_signaling,XP_015617704.1 uncharacterized protein LOC4326768 isoform X2 [Oryza sativa Japonica Group],-1.41,-0.357
XP_015626144.1,False,87.969,0.776,False,defense_signaling,86.718,0.7559,False,defense_signaling,87.612,0.7697,False,defense_signaling,XP_015626144.1 separase isoform X2 [Oryza sativa Japonica Group],-1.251,-0.357
XP_015611561.1,False,82.371,0.8473,False,antimicrobial,82.856,0.8596,False,antimicrobial,82.014,0.8408,False,antimicrobial,XP_015611561.1 protein HASTY 1 isoform X1 [Oryza sativa Japonica Group],0.485,-0.357
XP_015650269.1,False,82.445,0.6918,False,defense_signaling,74.776,0.5832,False,defense_signaling,82.088,0.6855,False,defense_signaling,XP_015650269.1 TNF receptor-associated factor homolog 1a isoform X3 [Oryza sativa Japonica Group],-7.669,-0.357
XP_015646801.1,False,82.088,0.687,False,defense_signaling,70.595,0.522,False,defense_signaling,81.731,0.6807,False,defense_signaling,XP_015646801.1 DDT domain-containing protein PTM [Oryza sativa Japonica Group],-11.493,-0.357
XP_015617694.1,False,80.804,0.6693,False,defense_signaling,78.903,0.6388,False,defense_signaling,80.447,0.663,False,defense_signaling,XP_015617694.1 uncharacterized protein LOC4326768 isoform X1 [Oryza sativa Japonica Group],-1.901,-0.357
XP_015650090.1,False,82.406,0.691,False,defense_signaling,82.124,0.6862,False,defense_signaling,82.049,0.6847,False,defense_signaling,XP_015650090.1 1-phosphatidylinositol-3-phosphate 5-kinase FAB1B [Oryza sativa Japonica Group],-0.282,-0.357
XP_015620626.1,False,82.231,0.6893,False,defense_signaling,66.992,0.4748,False,defense_signaling,81.874,0.683,False,defense_signaling,XP_015620626.1 lysine-specific demethylase REF6 [Oryza sativa Japonica Group],-15.239,-0.357
XP_015650089.1,False,82.406,0.691,False,defense_signaling,82.124,0.6862,False,defense_signaling,82.049,0.6847,False,defense_signaling,XP_015650089.1 1-phosphatidylinositol-3-phosphate 5-kinase FAB1B [Oryza sativa Japonica Group],-0.282,-0.357
XP_015630803.1,False,81.213,0.6746,False,defense_signaling,71.253,0.5309,False,defense_signaling,80.855,0.6683,False,defense_signaling,XP_015630803.1 COP1-interacting protein 7 [Oryza sativa Japonica Group],-9.96,-0.358
XP_015639300.1,False,80.77,0.6687,False,defense_signaling,73.592,0.5671,False,defense_signaling,80.411,0.6624,False,defense_signaling,XP_015639300.1 pre-mRNA-processing-splicing factor 8A [Oryza sativa Japonica Group],-7.178,-0.359
XP_015632828.1,False,79.946,0.6564,False,defense_signaling,71.321,0.5321,False,defense_signaling,79.587,0.6501,False,defense_signaling,XP_015632828.1 DNA repair protein UVH3 isoform X3 [Oryza sativa Japonica Group],-8.625,-0.359
XP_015635927.1,False,84.655,0.7229,False,defense_signaling,84.179,0.7135,False,defense_signaling,84.296,0.7165,False,defense_signaling,XP_015635927.1 exocyst complex component SEC5B [Oryza sativa Japonica Group],-0.476,-0.359
XP_015639725.1,False,80.016,0.6572,False,defense_signaling,79.706,0.6512,False,defense_signaling,79.657,0.6509,False,defense_signaling,XP_015639725.1 phosphatidate phosphatase PAH1 isoform X1 [Oryza sativa Japonica Group],-0.31,-0.359
XP_015643010.1,False,79.965,0.6566,False,defense_signaling,82.635,0.6935,False,defense_signaling,79.605,0.6503,False,defense_signaling,XP_015643010.1 uncharacterized protein LOC4341659 [Oryza sativa Japonica Group],2.67,-0.36
XP_015617333.1,False,80.947,0.6708,False,defense_signaling,77.099,0.6135,False,defense_signaling,80.587,0.6645,False,defense_signaling,XP_015617333.1 uncharacterized protein LOC4350628 [Oryza sativa Japonica Group],-3.848,-0.36
XP_015626780.1,False,75.605,0.5961,False,defense_signaling,77.827,0.6232,False,defense_signaling,75.244,0.6006,False,antimicrobial,XP_015626780.1 DNA repair protein RAD50 [Oryza sativa Japonica Group],2.222,-0.361
XP_015650277.1,False,80.972,0.6711,False,defense_signaling,74.081,0.5742,False,defense_signaling,80.611,0.6648,False,defense_signaling,XP_015650277.1 TNF receptor-associated factor homolog 1a isoform X4 [Oryza sativa Japonica Group],-6.891,-0.361
XP_015619663.1,False,29.749,-0.1448,False,defense_signaling,25.898,-0.245,False,defense_signaling,29.387,-0.1509,False,defense_signaling,XP_015619663.1 trithorax group protein osa isoform X2 [Oryza sativa Japonica Group],-3.851,-0.362
XP_015618390.2,False,30.936,-0.1165,False,defense_signaling,22.382,-0.3596,False,defense_signaling,30.574,-0.1226,False,defense_signaling,XP_015618390.2 uncharacterized protein LOC4351603 [Oryza sativa Japonica Group],-8.554,-0.362
XP_015616421.1,False,81.758,0.6822,False,defense_signaling,82.385,0.6894,False,defense_signaling,81.396,0.6759,False,defense_signaling,XP_015616421.1 homeobox-DDT domain protein RLT2 isoform X2 [Oryza sativa Japonica Group],0.627,-0.362
XP_015647066.1,False,82.68,0.6952,False,defense_signaling,78.602,0.6351,False,defense_signaling,82.318,0.6889,False,defense_signaling,XP_015647066.1 mediator of RNA polymerase II transcription subunit 33A [Oryza sativa Japonica Group],-4.078,-0.362
XP_015646985.1,False,56.996,0.3394,False,defense_signaling,54.743,0.3071,False,defense_signaling,56.634,0.3332,False,defense_signaling,XP_015646985.1 uncharacterized protein LOC4343648 [Oryza sativa Japonica Group],-2.253,-0.362
XP_015619661.1,False,29.749,-0.1448,False,defense_signaling,25.686,-0.2497,False,defense_signaling,29.387,-0.1509,False,defense_signaling,XP_015619661.1 trithorax group protein osa isoform X1 [Oryza sativa Japonica Group],-4.063,-0.362
XP_015616425.1,False,81.758,0.6822,False,defense_signaling,82.385,0.6894,False,defense_signaling,81.396,0.6759,False,defense_signaling,XP_015616425.1 homeobox-DDT domain protein RLT2 isoform X2 [Oryza sativa Japonica Group],0.627,-0.362
XP_015647239.1,False,80.564,0.6656,False,defense_signaling,69.849,0.5126,False,defense_signaling,80.202,0.6593,False,defense_signaling,XP_015647239.1 mediator of RNA polymerase II transcription subunit 33A isoform X1 [Oryza sativa Japonica Group],-10.715,-0.362
XP_015617236.1,False,81.849,0.6833,False,defense_signaling,83.744,0.7074,False,defense_signaling,81.487,0.677,False,defense_signaling,XP_015617236.1 DDT domain-containing protein PTM [Oryza sativa Japonica Group],1.895,-0.362
XP_025877244.1,False,81.872,0.6836,False,defense_signaling,74.856,0.5843,False,defense_signaling,81.51,0.6773,False,defense_signaling,XP_025877244.1 TNF receptor-associated factor homolog 1a isoform X2 [Oryza sativa Japonica Group],-7.016,-0.362
XP_025877240.1,False,83.674,0.7074,False,defense_signaling,75.612,0.5942,False,defense_signaling,83.312,0.7011,False,defense_signaling,XP_025877240.1 TNF receptor-associated factor homolog 1a isoform X1 [Oryza sativa Japonica Group],-8.062,-0.362
XP_015620288.1,False,80.992,0.6714,False,defense_signaling,81.677,0.6794,False,defense_signaling,80.629,0.6651,False,defense_signaling,XP_015620288.1 telomerase reverse transcriptase isoform X4 [Oryza sativa Japonica Group],0.685,-0.363
XP_015614896.1,False,55.632,0.3216,False,defense_signaling,47.608,0.2049,False,defense_signaling,55.268,0.3154,False,defense_signaling,XP_015614896.1 uncharacterized protein LOC4327226 isoform X1 [Oryza sativa Japonica Group],-8.024,-0.364
XP_015631598.1,False,56.935,0.3387,False,defense_signaling,26.729,-0.223,False,defense_signaling,56.571,0.3325,False,defense_signaling,XP_015631598.1 uncharacterized protein LOC4334563 [Oryza sativa Japonica Group],-30.206,-0.364
XP_025882199.1,False,71.965,0.6207,False,cell_death_HR,68.16,0.5451,False,cell_death_HR,71.601,0.6125,False,cell_death_HR,XP_025882199.1 uncharacterized protein LOC112939357 [Oryza sativa Japonica Group],-3.805,-0.364
XP_015614913.1,False,55.225,0.3156,False,defense_signaling,47.317,0.199,False,defense_signaling,54.861,0.3094,False,defense_signaling,XP_015614913.1 uncharacterized protein LOC4327226 isoform X3 [Oryza sativa Japonica Group],-7.908,-0.364
XP_015614905.1,False,55.632,0.3216,False,defense_signaling,47.096,0.1964,False,defense_signaling,55.268,0.3154,False,defense_signaling,XP_015614905.1 uncharacterized protein LOC4327226 isoform X2 [Oryza sativa Japonica Group],-8.536,-0.364
XP_015632762.1,False,84.489,0.72,False,defense_signaling,77.311,0.6166,False,defense_signaling,84.124,0.7137,False,defense_signaling,XP_015632762.1 protein ABERRANT POLLEN TRANSMISSION 1 isoform X2 [Oryza sativa Japonica Group],-7.178,-0.365
XP_015631807.1,False,57.336,0.3445,False,defense_signaling,55.988,0.3256,False,defense_signaling,56.97,0.3383,False,defense_signaling,XP_015631807.1 uncharacterized protein LOC4333683 [Oryza sativa Japonica Group],-1.348,-0.366
XP_015632827.1,False,84.418,0.7185,False,defense_signaling,73.75,0.5699,False,defense_signaling,84.052,0.7122,False,defense_signaling,XP_015632827.1 DNA repair protein UVH3 isoform X2 [Oryza sativa Japonica Group],-10.668,-0.366
XP_015626925.1,False,77.718,0.6236,False,defense_signaling,78.068,0.6269,False,defense_signaling,77.352,0.6173,False,defense_signaling,XP_015626925.1 nuclear pore complex protein NUP160 isoform X1 [Oryza sativa Japonica Group],0.35,-0.366
XP_015625114.1,False,77.811,0.625,False,defense_signaling,74.173,0.5752,False,defense_signaling,77.445,0.6187,False,defense_signaling,XP_015625114.1 mediator of RNA polymerase II transcription subunit 23 isoform X1 [Oryza sativa Japonica Group],-3.638,-0.366
XP_015620890.1,False,79.347,0.7783,False,antimicrobial,80.392,0.8023,False,antimicrobial,78.981,0.7719,False,antimicrobial,XP_015620890.1 structural maintenance of chromosomes protein 2-1 [Oryza sativa Japonica Group],1.045,-0.366
XP_025878957.1,False,77.718,0.6236,False,defense_signaling,78.068,0.6269,False,defense_signaling,77.352,0.6173,False,defense_signaling,XP_025878957.1 nuclear pore complex protein NUP160 isoform X2 [Oryza sativa Japonica Group],0.35,-0.366
XP_015649578.1,False,63.991,0.4352,False,defense_signaling,64.338,0.4383,False,defense_signaling,63.624,0.4294,False,defense_signaling,XP_015649578.1 protein GIGANTEA [Oryza sativa Japonica Group],0.347,-0.367
XP_015649603.1,False,63.991,0.4352,False,defense_signaling,64.338,0.4383,False,defense_signaling,63.624,0.4294,False,defense_signaling,XP_015649603.1 protein GIGANTEA [Oryza sativa Japonica Group],0.347,-0.367
XP_015633219.1,False,56.409,0.3314,False,defense_signaling,46.931,0.1928,False,defense_signaling,56.042,0.3252,False,defense_signaling,XP_015633219.1 protein SCAR2 [Oryza sativa Japonica Group],-9.478,-0.367
XP_015649597.1,False,63.991,0.4352,False,defense_signaling,64.338,0.4383,False,defense_signaling,63.624,0.4294,False,defense_signaling,XP_015649597.1 protein GIGANTEA [Oryza sativa Japonica Group],0.347,-0.367
XP_025882809.1,False,84.39,0.7179,False,defense_signaling,65.268,0.4495,False,defense_signaling,84.023,0.7116,False,defense_signaling,XP_025882809.1 mediator of RNA polymerase II transcription subunit 12 isoform X1 [Oryza sativa Japonica Group],-19.122,-0.367
XP_015649590.1,False,63.991,0.4352,False,defense_signaling,64.338,0.4383,False,defense_signaling,63.624,0.4294,False,defense_signaling,XP_015649590.1 protein GIGANTEA [Oryza sativa Japonica Group],0.347,-0.367
XP_015649583.1,False,63.991,0.4352,False,defense_signaling,64.338,0.4383,False,defense_signaling,63.624,0.4294,False,defense_signaling,XP_015649583.1 protein GIGANTEA [Oryza sativa Japonica Group],0.347,-0.367
XP_015619226.1,False,77.884,0.626,False,defense_signaling,83.977,0.7106,False,defense_signaling,77.515,0.6197,False,defense_signaling,XP_015619226.1 uncharacterized protein LOC4323878 [Oryza sativa Japonica Group],6.093,-0.369
XP_015617318.1,False,77.362,0.6197,False,defense_signaling,76.604,0.6073,False,defense_signaling,76.991,0.6134,False,defense_signaling,XP_015617318.1 uncharacterized protein LOC4350580 isoform X1 [Oryza sativa Japonica Group],-0.758,-0.371
XP_015617320.1,False,77.099,0.6157,False,defense_signaling,76.972,0.6119,False,defense_signaling,76.728,0.6094,False,defense_signaling,XP_015617320.1 uncharacterized protein LOC4350580 isoform X2 [Oryza sativa Japonica Group],-0.127,-0.371
XP_015626143.1,False,87.476,0.7685,False,defense_signaling,86.727,0.756,False,defense_signaling,87.103,0.7621,False,defense_signaling,XP_015626143.1 separase isoform X1 [Oryza sativa Japonica Group],-0.749,-0.373
XP_015625115.1,False,77.529,0.6213,False,defense_signaling,74.565,0.5805,False,defense_signaling,77.156,0.615,False,defense_signaling,XP_015625115.1 mediator of RNA polymerase II transcription subunit 23 isoform X2 [Oryza sativa Japonica Group],-2.964,-0.373
XP_015613068.1,False,89.98,1.0353,False,antimicrobial,89.912,1.0336,False,antimicrobial,89.607,1.026,False,antimicrobial,"XP_015613068.1 calcium-transporting ATPase 7, plasma membrane-type [Oryza sativa Japonica Group]",-0.068,-0.373
XP_015646968.1,False,77.405,0.62,False,defense_signaling,60.388,0.385,False,defense_signaling,77.031,0.6137,False,defense_signaling,XP_015646968.1 formin-like protein 5 [Oryza sativa Japonica Group],-17.017,-0.374
XP_015621535.1,False,76.287,0.605,False,defense_signaling,75.962,0.5988,False,defense_signaling,75.913,0.5987,False,defense_signaling,XP_015621535.1 uncharacterized protein LOC4326181 [Oryza sativa Japonica Group],-0.325,-0.374
XP_015639126.1,False,77.49,0.6206,False,defense_signaling,61.955,0.4054,False,defense_signaling,77.115,0.6143,False,defense_signaling,XP_015639126.1 uncharacterized protein LOC9268524 [Oryza sativa Japonica Group],-15.535,-0.375
XP_015639129.1,False,77.49,0.6206,False,defense_signaling,61.955,0.4054,False,defense_signaling,77.115,0.6143,False,defense_signaling,XP_015639129.1 uncharacterized protein LOC9268524 [Oryza sativa Japonica Group],-15.535,-0.375
XP_015639128.1,False,77.49,0.6206,False,defense_signaling,61.955,0.4054,False,defense_signaling,77.115,0.6143,False,defense_signaling,XP_015639128.1 uncharacterized protein LOC9268524 [Oryza sativa Japonica Group],-15.535,-0.375
XP_025879118.1,False,87.349,0.7666,False,defense_signaling,89.729,0.8063,False,defense_signaling,86.974,0.7602,False,defense_signaling,XP_025879118.1 kinesin-like protein KIN-14D isoform X3 [Oryza sativa Japonica Group],2.38,-0.375
XP_015639127.1,False,77.49,0.6206,False,defense_signaling,61.955,0.4054,False,defense_signaling,77.115,0.6143,False,defense_signaling,XP_015639127.1 uncharacterized protein LOC9268524 [Oryza sativa Japonica Group],-15.535,-0.375
XP_025881365.1,False,70.466,0.5918,False,cell_death_HR,67.051,0.5187,False,cell_death_HR,70.09,0.5835,False,cell_death_HR,XP_025881365.1 uncharacterized protein LOC112939019 [Oryza sativa Japonica Group],-3.415,-0.376
XP_015614399.1,False,77.447,0.6205,False,defense_signaling,65.851,0.4587,False,defense_signaling,77.071,0.6142,False,defense_signaling,XP_015614399.1 restin homolog [Oryza sativa Japonica Group],-11.596,-0.376
XP_015646956.1,False,87.38,0.767,False,defense_signaling,87.65,0.7693,False,defense_signaling,87.004,0.7607,False,defense_signaling,XP_015646956.1 homeobox-DDT domain protein RLT3 isoform X1 [Oryza sativa Japonica Group],0.27,-0.376
XP_015646957.1,False,87.502,0.7689,False,defense_signaling,87.208,0.7634,False,defense_signaling,87.126,0.7626,False,defense_signaling,XP_015646957.1 homeobox-DDT domain protein RLT3 isoform X2 [Oryza sativa Japonica Group],-0.294,-0.376
XP_015647035.1,False,87.425,0.7677,False,defense_signaling,84.265,0.7148,False,defense_signaling,87.049,0.7614,False,defense_signaling,XP_015647035.1 protein ETHYLENE-INSENSITIVE 2-like [Oryza sativa Japonica Group],-3.16,-0.376
XP_015650294.1,False,87.264,0.7648,False,defense_signaling,80.89,0.668,False,defense_signaling,86.888,0.7585,False,defense_signaling,XP_015650294.1 golgin subfamily B member 1 isoform X1 [Oryza sativa Japonica Group],-6.374,-0.376
XP_015650295.1,False,87.264,0.7648,False,defense_signaling,81.329,0.6745,False,defense_signaling,86.888,0.7585,False,defense_signaling,XP_015650295.1 golgin subfamily B member 1 isoform X2 [Oryza sativa Japonica Group],-5.935,-0.376
XP_015650296.1,False,76.564,0.6083,False,defense_signaling,73.693,0.569,False,defense_signaling,76.188,0.602,False,defense_signaling,XP_015650296.1 putative uncharacterized protein DDB_G0271606 isoform X3 [Oryza sativa Japonica Group],-2.871,-0.376
XP_015621470.1,False,76.031,0.6019,False,defense_signaling,73.426,0.5646,False,defense_signaling,75.655,0.5956,False,defense_signaling,XP_015621470.1 protein PLASTID MOVEMENT IMPAIRED 1-RELATED 1 [Oryza sativa Japonica Group],-2.605,-0.376
XP_015631439.1,False,77.224,0.6176,False,defense_signaling,71.486,0.535,False,defense_signaling,76.848,0.6113,False,defense_signaling,XP_015631439.1 protein ETHYLENE-INSENSITIVE 2-like isoform X3 [Oryza sativa Japonica Group],-5.738,-0.376
XP_015625960.2,False,87.441,0.7679,False,defense_signaling,90.095,0.8128,False,defense_signaling,87.064,0.7616,False,defense_signaling,XP_015625960.2 kinesin-like protein KIN-14D isoform X2 [Oryza sativa Japonica Group],2.654,-0.377
XP_015625959.2,False,87.441,0.7679,False,defense_signaling,90.067,0.8125,False,defense_signaling,87.064,0.7616,False,defense_signaling,XP_015625959.2 kinesin-like protein KIN-14D isoform X1 [Oryza sativa Japonica Group],2.626,-0.377
XP_015632761.1,False,87.556,0.7699,False,defense_signaling,84.768,0.7231,False,defense_signaling,87.178,0.7636,False,defense_signaling,XP_015632761.1 protein ABERRANT POLLEN TRANSMISSION 1 isoform X1 [Oryza sativa Japonica Group],-2.788,-0.378
XP_015614312.1,False,91.974,1.0913,False,antimicrobial,90.602,1.052,False,antimicrobial,91.594,1.082,False,antimicrobial,XP_015614312.1 DNA-directed RNA polymerase I subunit 2 isoform X1 [Oryza sativa Japonica Group],-1.372,-0.38
XP_025880790.1,False,92.062,1.0942,False,antimicrobial,92.15,1.0991,False,antimicrobial,91.681,1.0849,False,antimicrobial,XP_025880790.1 ABC transporter C family member 9 isoform X3 [Oryza sativa Japonica Group],0.088,-0.381
XP_015647374.1,False,91.81,1.0867,False,antimicrobial,90.668,1.0544,False,antimicrobial,91.427,1.0774,False,antimicrobial,XP_015647374.1 187-kDa microtubule-associated protein AIR9 isoform X2 [Oryza sativa Japonica Group],-1.142,-0.383
XP_015639401.1,False,86.857,0.7587,False,defense_signaling,86.325,0.7487,False,defense_signaling,86.472,0.7524,False,defense_signaling,XP_015639401.1 homeobox-DDT domain protein RLT2 isoform X2 [Oryza sativa Japonica Group],-0.532,-0.385
XP_015651225.1,False,85.766,0.7398,False,defense_signaling,84.033,0.7114,False,defense_signaling,85.381,0.7335,False,defense_signaling,XP_015651225.1 uncharacterized protein LOC9271596 [Oryza sativa Japonica Group],-1.733,-0.385
XP_015639400.1,False,86.857,0.7587,False,defense_signaling,86.086,0.745,False,defense_signaling,86.472,0.7524,False,defense_signaling,XP_015639400.1 homeobox-DDT domain protein RLT2 isoform X1 [Oryza sativa Japonica Group],-0.771,-0.385
XP_015631436.1,False,86.812,0.7581,False,defense_signaling,78.959,0.6398,False,defense_signaling,86.426,0.7517,False,defense_signaling,XP_015631436.1 protein ETHYLENE-INSENSITIVE 2-like isoform X1 [Oryza sativa Japonica Group],-7.853,-0.386
XP_015630637.1,False,75.704,0.5975,False,defense_signaling,65.055,0.4464,False,defense_signaling,75.317,0.5912,False,defense_signaling,XP_015630637.1 protein SABRE isoform X3 [Oryza sativa Japonica Group],-10.649,-0.387
XP_015630695.1,False,85.883,0.742,False,defense_signaling,80.712,0.666,False,defense_signaling,85.496,0.7356,False,defense_signaling,XP_015630695.1 uncharacterized protein LOC107277724 [Oryza sativa Japonica Group],-5.171,-0.387
XP_025880037.1,False,85.883,0.742,False,defense_signaling,80.712,0.666,False,defense_signaling,85.496,0.7356,False,defense_signaling,XP_025880037.1 uncharacterized protein LOC107277724 [Oryza sativa Japonica Group],-5.171,-0.387
XP_015616412.1,False,85.841,0.7411,False,defense_signaling,89.783,0.8073,False,defense_signaling,85.454,0.7348,False,defense_signaling,XP_015616412.1 homeobox-DDT domain protein RLT2 isoform X1 [Oryza sativa Japonica Group],3.942,-0.387
XP_025880038.1,False,85.883,0.742,False,defense_signaling,80.712,0.666,False,defense_signaling,85.496,0.7356,False,defense_signaling,XP_025880038.1 uncharacterized protein LOC107277724 [Oryza sativa Japonica Group],-5.171,-0.387
XP_015646469.2,False,90.154,1.0394,False,antimicrobial,89.994,1.0358,False,antimicrobial,89.766,1.0301,False,antimicrobial,"XP_015646469.2 insulin-degrading enzyme-like 1, peroxisomal isoform X1 [Oryza sativa Japonica Group]",-0.16,-0.388
XP_015614246.1,False,75.542,0.5955,False,defense_signaling,75.521,0.5929,False,defense_signaling,75.154,0.5892,False,defense_signaling,XP_015614246.1 uncharacterized protein LOC9267538 [Oryza sativa Japonica Group],-0.021,-0.388
XP_015639513.1,False,86.445,0.7515,False,defense_signaling,78.823,0.6382,False,defense_signaling,86.055,0.7452,False,defense_signaling,XP_015639513.1 TNF receptor-associated factor homolog 1a [Oryza sativa Japonica Group],-7.622,-0.39
XP_015647218.1,False,85.991,0.7438,False,defense_signaling,82.553,0.6918,False,defense_signaling,85.601,0.7374,False,defense_signaling,XP_015647218.1 uncharacterized protein LOC4342524 isoform X2 [Oryza sativa Japonica Group],-3.438,-0.39
XP_015647216.1,False,85.991,0.7438,False,defense_signaling,81.529,0.6775,False,defense_signaling,85.601,0.7374,False,defense_signaling,XP_015647216.1 uncharacterized protein LOC4342524 isoform X1 [Oryza sativa Japonica Group],-4.462,-0.39
XP_015643017.1,False,86.466,0.7517,False,defense_signaling,84.968,0.7265,False,defense_signaling,86.076,0.7454,False,defense_signaling,XP_015643017.1 probable E3 ubiquitin ligase SUD1 [Oryza sativa Japonica Group],-1.498,-0.39
XP_015621068.2,False,86.203,0.7474,False,defense_signaling,83.631,0.7057,False,defense_signaling,85.813,0.7411,False,defense_signaling,XP_015621068.2 serine/threonine-protein kinase Nek5 isoform X2 [Oryza sativa Japonica Group],-2.572,-0.39
XP_015646567.1,False,85.883,0.742,False,defense_signaling,69.534,0.5086,False,defense_signaling,85.491,0.7356,False,defense_signaling,XP_015646567.1 nuclear pore complex protein NUP214 [Oryza sativa Japonica Group],-16.349,-0.392
XP_025880656.1,False,74.525,0.581,False,defense_signaling,73.501,0.5659,False,defense_signaling,74.133,0.5747,False,defense_signaling,XP_025880656.1 uncharacterized protein LOC112938703 isoform X2 [Oryza sativa Japonica Group],-1.024,-0.392
XP_015639328.1,False,75.143,0.5897,False,defense_signaling,38.154,0.0356,False,defense_signaling,74.75,0.5834,False,defense_signaling,XP_015639328.1 LOW QUALITY PROTEIN: protein RNA-directed DNA methylation 3-like [Oryza sativa Japonica Group],-36.989,-0.393
NP_039375.1,False,75.173,0.5901,False,defense_signaling,52.73,0.2794,False,defense_signaling,74.779,0.5839,False,defense_signaling,NP_039375.1 RNA polymerase beta'' chain (plastid) [Oryza sativa Japonica Group],-22.443,-0.394
XP_015631591.1,False,75.159,0.5899,False,defense_signaling,66.816,0.4727,False,defense_signaling,74.765,0.5836,False,defense_signaling,XP_015631591.1 myosin-11 [Oryza sativa Japonica Group],-8.343,-0.394
XP_025877321.1,False,74.321,0.5795,False,defense_signaling,69.064,0.4777,False,defense_signaling,73.924,0.5732,False,defense_signaling,XP_025877321.1 protein STICHEL isoform X1 [Oryza sativa Japonica Group],-5.257,-0.397
XP_015615433.1,False,74.321,0.5795,False,defense_signaling,70.37,0.4925,False,defense_signaling,73.924,0.5732,False,defense_signaling,XP_015615433.1 protein STICHEL isoform X2 [Oryza sativa Japonica Group],-3.951,-0.397
XP_015615436.1,False,74.321,0.5795,False,defense_signaling,70.642,0.4988,False,defense_signaling,73.924,0.5732,False,defense_signaling,XP_015615436.1 protein STICHEL isoform X3 [Oryza sativa Japonica Group],-3.679,-0.397
XP_015639573.1,False,59.292,0.3697,False,defense_signaling,57.939,0.3518,False,defense_signaling,58.893,0.3634,False,defense_signaling,XP_015639573.1 uncharacterized protein LOC4338502 [Oryza sativa Japonica Group],-1.353,-0.399
XP_015639572.1,False,59.292,0.3697,False,defense_signaling,57.939,0.3518,False,defense_signaling,58.893,0.3634,False,defense_signaling,XP_015639572.1 uncharacterized protein LOC4338502 [Oryza sativa Japonica Group],-1.353,-0.399
XP_025879577.1,False,59.544,0.3733,False,defense_signaling,52.12,0.2693,False,defense_signaling,59.145,0.367,False,defense_signaling,XP_025879577.1 SCAR-like protein 2 isoform X1 [Oryza sativa Japonica Group],-7.424,-0.399
XP_015632810.1,False,89.353,1.0205,False,antimicrobial,89.365,1.0205,False,antimicrobial,88.954,1.0112,False,antimicrobial,XP_015632810.1 DNA-directed RNA polymerase III subunit 2 isoform X1 [Oryza sativa Japonica Group],0.012,-0.399
XP_015643659.1,False,89.968,1.0351,False,antimicrobial,87.591,0.9764,False,antimicrobial,89.567,1.0257,False,antimicrobial,XP_015643659.1 cadmium/zinc-transporting ATPase HMA2 [Oryza sativa Japonica Group],-2.377,-0.401
XP_015635437.1,False,89.51,1.0241,False,antimicrobial,88.681,1.0069,False,antimicrobial,89.104,1.0148,False,antimicrobial,XP_015635437.1 ribonuclease TUDOR 1 [Oryza sativa Japonica Group],-0.829,-0.406
XP_015625864.1,False,66.469,0.4694,False,defense_signaling,67.984,0.487,False,defense_signaling,66.06,0.4632,False,defense_signaling,XP_015625864.1 uncharacterized protein LOC107277268 isoform X3 [Oryza sativa Japonica Group],1.515,-0.409
XP_015632845.1,False,64.336,0.4393,False,defense_signaling,64.009,0.4343,False,defense_signaling,63.927,0.4331,False,defense_signaling,XP_015632845.1 uncharacterized protein LOC4332933 [Oryza sativa Japonica Group],-0.327,-0.409
XP_015649279.1,False,59.984,0.3792,False,defense_signaling,52.272,0.272,False,defense_signaling,59.575,0.373,False,defense_signaling,XP_015649279.1 SCAR-like protein 2 isoform X2 [Oryza sativa Japonica Group],-7.712,-0.409
XP_025882733.1,False,68.303,0.5486,False,cell_death_HR,61.278,0.4091,False,cell_death_HR,67.894,0.5402,False,cell_death_HR,XP_025882733.1 uncharacterized protein LOC4342909 [Oryza sativa Japonica Group],-7.025,-0.409
XP_015631509.1,False,62.51,0.4129,False,defense_signaling,58.61,0.3605,False,defense_signaling,62.101,0.4067,False,defense_signaling,XP_015631509.1 uncharacterized protein LOC4332326 isoform X2 [Oryza sativa Japonica Group],-3.9,-0.409
XP_015631508.1,False,62.51,0.4129,False,defense_signaling,60.014,0.38,False,defense_signaling,62.101,0.4067,False,defense_signaling,XP_015631508.1 uncharacterized protein LOC4332326 isoform X1 [Oryza sativa Japonica Group],-2.496,-0.409
XP_015612267.1,False,84.124,0.8891,False,antimicrobial,83.93,0.8841,False,antimicrobial,83.713,0.8797,False,antimicrobial,XP_015612267.1 structural maintenance of chromosomes protein 6B isoform X1 [Oryza sativa Japonica Group],-0.194,-0.411
XP_015639566.1,False,69.059,0.5042,False,defense_signaling,67.42,0.48,False,defense_signaling,68.648,0.4979,False,defense_signaling,XP_015639566.1 mediator of RNA polymerase II transcription subunit 33A [Oryza sativa Japonica Group],-1.639,-0.411
XP_015630480.1,False,69.332,0.5082,False,defense_signaling,49.656,0.2348,False,defense_signaling,68.921,0.5019,False,defense_signaling,XP_015630480.1 lysine-specific demethylase SE14-like isoform X1 [Oryza sativa Japonica Group],-19.676,-0.411
XP_015631738.1,False,68.539,0.4968,False,defense_signaling,68.417,0.4934,False,defense_signaling,68.126,0.4906,False,defense_signaling,XP_015631738.1 uncharacterized protein LOC4333267 [Oryza sativa Japonica Group],-0.122,-0.413
XP_015631736.1,False,68.539,0.4968,False,defense_signaling,68.417,0.4934,False,defense_signaling,68.126,0.4906,False,defense_signaling,XP_015631736.1 uncharacterized protein LOC4333267 [Oryza sativa Japonica Group],-0.122,-0.413
XP_015631735.1,False,68.539,0.4968,False,defense_signaling,68.417,0.4934,False,defense_signaling,68.126,0.4906,False,defense_signaling,XP_015631735.1 uncharacterized protein LOC4333267 [Oryza sativa Japonica Group],-0.122,-0.413
XP_015631734.1,False,68.539,0.4968,False,defense_signaling,68.417,0.4934,False,defense_signaling,68.126,0.4906,False,defense_signaling,XP_015631734.1 uncharacterized protein LOC4333267 [Oryza sativa Japonica Group],-0.122,-0.413
XP_015641110.1,False,65.473,0.4535,False,defense_signaling,64.85,0.4442,False,defense_signaling,65.057,0.4472,False,defense_signaling,XP_015641110.1 death-inducer obliterator 1 [Oryza sativa Japonica Group],-0.623,-0.416
XP_015616446.1,False,65.218,0.4503,False,defense_signaling,65.079,0.4469,False,defense_signaling,64.802,0.444,False,defense_signaling,XP_015616446.1 uncharacterized protein LOC4350336 [Oryza sativa Japonica Group],-0.139,-0.416
NP_039373.1,False,73.947,0.6116,False,antimicrobial,73.16,0.5845,False,antimicrobial,73.531,0.6023,False,antimicrobial,NP_039373.1 RNA polymerase beta subunit (plastid) [Oryza sativa Japonica Group],-0.787,-0.416
XP_015616447.1,False,65.218,0.4503,False,defense_signaling,65.079,0.4469,False,defense_signaling,64.802,0.444,False,defense_signaling,XP_015616447.1 uncharacterized protein LOC4350336 [Oryza sativa Japonica Group],-0.139,-0.416
XP_015617355.2,False,73.407,0.5657,False,defense_signaling,73.325,0.563,False,defense_signaling,72.991,0.5594,False,defense_signaling,XP_015617355.2 uncharacterized protein LOC4350599 isoform X1 [Oryza sativa Japonica Group],-0.082,-0.416
XP_015625243.1,False,61.879,0.4052,False,defense_signaling,31.615,-0.0998,False,defense_signaling,61.461,0.3989,False,defense_signaling,XP_015625243.1 uncharacterized protein LOC4330691 [Oryza sativa Japonica Group],-30.264,-0.418
XP_015627622.1,False,66.995,0.4766,False,defense_signaling,62.288,0.4091,False,defense_signaling,66.577,0.4703,False,defense_signaling,XP_015627622.1 ubiquitin carboxyl-terminal hydrolase 23 isoform X2 [Oryza sativa Japonica Group],-4.707,-0.418
XP_025882975.1,False,66.922,0.4757,False,defense_signaling,62.504,0.4127,False,defense_signaling,66.504,0.4694,False,defense_signaling,XP_025882975.1 uncharacterized protein LOC9269796 [Oryza sativa Japonica Group],-4.418,-0.418
XP_015618215.1,False,69.691,0.5122,False,defense_signaling,68.564,0.4957,False,defense_signaling,69.273,0.506,False,defense_signaling,XP_015618215.1 gamma-tubulin complex component 5 [Oryza sativa Japonica Group],-1.127,-0.418
XP_015611700.1,False,68.853,0.5013,False,defense_signaling,62.433,0.4116,False,defense_signaling,68.432,0.495,False,defense_signaling,XP_015611700.1 uncharacterized protein LOC4324762 isoform X1 [Oryza sativa Japonica Group],-6.42,-0.421
XP_025883156.1,False,69.762,0.5767,False,cell_death_HR,63.857,0.4593,False,cell_death_HR,69.341,0.5684,False,cell_death_HR,XP_025883156.1 uncharacterized protein LOC9266472 [Oryza sativa Japonica Group],-5.905,-0.421
XP_015631683.1,False,61.127,0.3936,False,defense_signaling,59.356,0.3705,False,defense_signaling,60.705,0.3873,False,defense_signaling,XP_015631683.1 protein NETWORKED 1A [Oryza sativa Japonica Group],-1.771,-0.422
XP_015625154.1,False,61.553,0.4003,False,defense_signaling,37.379,0.0193,False,defense_signaling,61.13,0.394,False,defense_signaling,XP_015625154.1 uncharacterized protein LOC4330692 [Oryza sativa Japonica Group],-24.174,-0.423
XP_015630483.1,False,69.701,0.5123,False,defense_signaling,52.207,0.2708,False,defense_signaling,69.278,0.5061,False,defense_signaling,XP_015630483.1 lysine-specific demethylase SE14-like isoform X2 [Oryza sativa Japonica Group],-17.494,-0.423
XP_015626002.1,False,72.082,0.547,False,defense_signaling,72.035,0.5448,False,defense_signaling,71.659,0.5408,False,defense_signaling,XP_015626002.1 death-inducer obliterator 1 [Oryza sativa Japonica Group],-0.047,-0.423
XP_015641168.2,False,61.254,0.3955,False,defense_signaling,60.503,0.3865,False,defense_signaling,60.831,0.3892,False,defense_signaling,XP_015641168.2 probable methyltransferase PMT24 isoform X1 [Oryza sativa Japonica Group],-0.751,-0.423
XP_015647269.1,False,72.545,0.554,False,defense_signaling,63.375,0.4255,False,defense_signaling,72.122,0.5477,False,defense_signaling,XP_015647269.1 uncharacterized protein LOC4343904 [Oryza sativa Japonica Group],-9.17,-0.423
XP_025878290.1,False,71.608,0.5385,False,defense_signaling,71.742,0.5398,False,defense_signaling,71.183,0.5323,False,defense_signaling,XP_025878290.1 uncharacterized protein LOC4324294 isoform X2 [Oryza sativa Japonica Group],0.134,-0.425
XP_015617273.1,False,71.61,0.5386,False,defense_signaling,77.069,0.613,False,defense_signaling,71.185,0.5323,False,defense_signaling,XP_015617273.1 DEAD-box ATP-dependent RNA helicase 40 isoform X2 [Oryza sativa Japonica Group],5.459,-0.425
XP_025878739.1,False,67.346,0.4806,False,defense_signaling,68.188,0.4897,False,defense_signaling,66.921,0.4743,False,defense_signaling,XP_025878739.1 formin-like protein 7 isoform X1 [Oryza sativa Japonica Group],0.842,-0.425
XP_025878740.1,False,67.346,0.4806,False,defense_signaling,68.211,0.4902,False,defense_signaling,66.921,0.4743,False,defense_signaling,XP_025878740.1 formin-like protein 7 isoform X2 [Oryza sativa Japonica Group],0.865,-0.425
XP_015648506.1,False,67.277,0.4798,False,defense_signaling,61.72,0.4027,False,defense_signaling,66.851,0.4735,False,defense_signaling,XP_015648506.1 formin-like protein 6 isoform X1 [Oryza sativa Japonica Group],-5.557,-0.426
XP_015637220.1,False,67.324,0.4803,False,defense_signaling,67.098,0.4763,False,defense_signaling,66.898,0.4741,False,defense_signaling,XP_015637220.1 uncharacterized protein LOC4336945 [Oryza sativa Japonica Group],-0.226,-0.426
XP_025875710.1,False,67.277,0.4798,False,defense_signaling,61.72,0.4027,False,defense_signaling,66.851,0.4735,False,defense_signaling,XP_025875710.1 formin-like protein 6 isoform X1 [Oryza sativa Japonica Group],-5.557,-0.426
XP_015648511.1,False,67.277,0.4798,False,defense_signaling,62.581,0.414,False,defense_signaling,66.851,0.4735,False,defense_signaling,XP_015648511.1 formin-like protein 6 isoform X2 [Oryza sativa Japonica Group],-4.696,-0.426
XP_015620965.1,False,71.578,0.5381,False,defense_signaling,71.783,0.5404,False,defense_signaling,71.151,0.5318,False,defense_signaling,XP_015620965.1 uncharacterized protein LOC4324294 isoform X1 [Oryza sativa Japonica Group],0.205,-0.427
XP_015620960.1,False,71.578,0.5381,False,defense_signaling,71.783,0.5404,False,defense_signaling,71.151,0.5318,False,defense_signaling,XP_015620960.1 uncharacterized protein LOC4324294 isoform X1 [Oryza sativa Japonica Group],0.205,-0.427
XP_015620961.1,False,71.578,0.5381,False,defense_signaling,71.783,0.5404,False,defense_signaling,71.151,0.5318,False,defense_signaling,XP_015620961.1 uncharacterized protein LOC4324294 isoform X1 [Oryza sativa Japonica Group],0.205,-0.427
XP_015620962.1,False,71.578,0.5381,False,defense_signaling,71.783,0.5404,False,defense_signaling,71.151,0.5318,False,defense_signaling,XP_015620962.1 uncharacterized protein LOC4324294 isoform X1 [Oryza sativa Japonica Group],0.205,-0.427
XP_015620963.1,False,71.578,0.5381,False,defense_signaling,71.783,0.5404,False,defense_signaling,71.151,0.5318,False,defense_signaling,XP_015620963.1 uncharacterized protein LOC4324294 isoform X1 [Oryza sativa Japonica Group],0.205,-0.427
XP_015620964.1,False,71.578,0.5381,False,defense_signaling,71.783,0.5404,False,defense_signaling,71.151,0.5318,False,defense_signaling,XP_015620964.1 uncharacterized protein LOC4324294 isoform X1 [Oryza sativa Japonica Group],0.205,-0.427
XP_015627621.1,False,70.353,0.5209,False,defense_signaling,63.615,0.4293,False,defense_signaling,69.926,0.5146,False,defense_signaling,XP_015627621.1 ubiquitin carboxyl-terminal hydrolase 23 isoform X1 [Oryza sativa Japonica Group],-6.738,-0.427
XP_025880999.1,False,65.966,0.49,False,antimicrobial,64.381,0.4542,False,antimicrobial,65.538,0.4807,False,antimicrobial,XP_025880999.1 LOW QUALITY PROTEIN: uncharacterized protein LOC107277933 [Oryza sativa Japonica Group],-1.585,-0.428
XP_015611708.1,False,70.281,0.5202,False,defense_signaling,63.791,0.4313,False,defense_signaling,69.853,0.5139,False,defense_signaling,XP_015611708.1 uncharacterized protein LOC4324762 isoform X2 [Oryza sativa Japonica Group],-6.49,-0.428
XP_015626635.1,False,70.182,0.5187,False,defense_signaling,69.426,0.5075,False,defense_signaling,69.752,0.5124,False,defense_signaling,XP_015626635.1 gamma-tubulin complex component 5 isoform X2 [Oryza sativa Japonica Group],-0.756,-0.43
XP_015631108.1,False,71.476,0.5367,False,defense_signaling,60.555,0.3871,False,defense_signaling,71.046,0.5304,False,defense_signaling,XP_015631108.1 uncharacterized protein LOC4332026 isoform X3 [Oryza sativa Japonica Group],-10.921,-0.43
XP_015631107.1,False,71.476,0.5367,False,defense_signaling,60.555,0.3871,False,defense_signaling,71.046,0.5304,False,defense_signaling,XP_015631107.1 uncharacterized protein LOC4332026 isoform X2 [Oryza sativa Japonica Group],-10.921,-0.43
XP_015631106.1,False,71.476,0.5367,False,defense_signaling,60.237,0.383,False,defense_signaling,71.046,0.5304,False,defense_signaling,XP_015631106.1 uncharacterized protein LOC4332026 isoform X1 [Oryza sativa Japonica Group],-11.239,-0.43
XP_015642254.2,False,83.385,0.8714,False,antimicrobial,82.595,0.8517,False,antimicrobial,82.955,0.862,False,antimicrobial,XP_015642254.2 uncharacterized protein LOC4340622 [Oryza sativa Japonica Group],-0.79,-0.43
XP_015625803.1,False,86.572,0.9499,False,antimicrobial,86.525,0.9489,False,antimicrobial,86.14,0.9406,False,antimicrobial,XP_015625803.1 guanylate-binding protein 4 [Oryza sativa Japonica Group],-0.047,-0.432
XP_015639163.1,False,63.161,0.446,False,cell_death_HR,59.502,0.3748,False,cell_death_HR,62.729,0.4374,False,cell_death_HR,XP_015639163.1 methionine S-methyltransferase isoform X2 [Oryza sativa Japonica Group],-3.659,-0.432
XP_025880655.1,False,73.816,0.6099,False,antimicrobial,73.066,0.5829,False,antimicrobial,73.381,0.6006,False,antimicrobial,XP_025880655.1 uncharacterized protein LOC112938703 isoform X1 [Oryza sativa Japonica Group],-0.75,-0.435
XP_015617272.1,False,70.995,0.5299,False,defense_signaling,76.956,0.6115,False,defense_signaling,70.56,0.5236,False,defense_signaling,XP_015617272.1 DEAD-box ATP-dependent RNA helicase 40 isoform X1 [Oryza sativa Japonica Group],5.961,-0.435
XP_015644057.1,False,83.056,0.8638,False,antimicrobial,82.776,0.8578,False,antimicrobial,82.621,0.8544,False,antimicrobial,XP_015644057.1 uncharacterized protein LOC4340728 [Oryza sativa Japonica Group],-0.28,-0.435
XP_015614441.1,False,71.131,0.5311,False,defense_signaling,57.134,0.3413,False,defense_signaling,70.696,0.5248,False,defense_signaling,XP_015614441.1 uncharacterized protein LOC4348528 [Oryza sativa Japonica Group],-13.997,-0.435
XP_015636294.1,False,91.864,1.0544,False,NBS_LRR,92.319,1.0689,False,NBS_LRR,91.425,1.0175,False,NBS_LRR,XP_015636294.1 endoribonuclease Dicer homolog 4 isoform X2 [Oryza sativa Japonica Group],0.455,-0.439
XP_025878872.1,False,82.816,0.8589,False,antimicrobial,82.06,0.8413,False,antimicrobial,82.375,0.8495,False,antimicrobial,XP_025878872.1 uncharacterized protein LOC112937912 [Oryza sativa Japonica Group],-0.756,-0.441
XP_015626441.1,False,55.737,0.3038,False,cell_death_HR,53.17,0.252,False,cell_death_HR,55.295,0.2948,False,cell_death_HR,XP_015626441.1 structural maintenance of chromosomes protein 3 isoform X2 [Oryza sativa Japonica Group],-2.567,-0.442
XP_015639833.1,False,43.699,0.073,False,cell_death_HR,43.333,0.0668,False,cell_death_HR,43.255,0.0634,False,cell_death_HR,XP_015639833.1 uncharacterized protein LOC4324947 [Oryza sativa Japonica Group],-0.366,-0.444
XP_015614941.2,False,82.614,0.6816,False,RLK_defense,84.709,0.7137,False,RLK_defense,82.168,0.6725,False,RLK_defense,XP_015614941.2 L-type lectin-domain containing receptor kinase IV.1 [Oryza sativa Japonica Group],2.095,-0.446
XP_015642947.1,False,87.759,0.8834,False,NBS_LRR,87.59,0.8613,False,NBS_LRR,87.311,0.8526,False,NBS_LRR,XP_015642947.1 putative acyl-activating enzyme 19 isoform X1 [Oryza sativa Japonica Group],-0.169,-0.448
XP_015642946.1,False,87.759,0.8834,False,NBS_LRR,87.59,0.8613,False,NBS_LRR,87.311,0.8526,False,NBS_LRR,XP_015642946.1 putative acyl-activating enzyme 19 isoform X1 [Oryza sativa Japonica Group],-0.169,-0.448
XP_015642945.1,False,87.759,0.8834,False,NBS_LRR,87.59,0.8613,False,NBS_LRR,87.311,0.8526,False,NBS_LRR,XP_015642945.1 putative acyl-activating enzyme 19 isoform X1 [Oryza sativa Japonica Group],-0.169,-0.448
XP_015642943.1,False,87.759,0.8834,False,NBS_LRR,87.59,0.8613,False,NBS_LRR,87.311,0.8526,False,NBS_LRR,XP_015642943.1 putative acyl-activating enzyme 19 isoform X1 [Oryza sativa Japonica Group],-0.169,-0.448
XP_015642942.1,False,87.759,0.8834,False,NBS_LRR,87.59,0.8613,False,NBS_LRR,87.311,0.8526,False,NBS_LRR,XP_015642942.1 putative acyl-activating enzyme 19 isoform X1 [Oryza sativa Japonica Group],-0.169,-0.448
XP_015642941.1,False,87.759,0.8834,False,NBS_LRR,87.59,0.8613,False,NBS_LRR,87.311,0.8526,False,NBS_LRR,XP_015642941.1 putative acyl-activating enzyme 19 isoform X1 [Oryza sativa Japonica Group],-0.169,-0.448
XP_015611572.1,False,82.371,0.8473,False,antimicrobial,82.034,0.8407,False,antimicrobial,81.917,0.838,False,antimicrobial,XP_015611572.1 protein HASTY 1 isoform X2 [Oryza sativa Japonica Group],-0.337,-0.454
XP_015639162.1,False,61.174,0.4071,False,cell_death_HR,57.635,0.3389,False,cell_death_HR,60.714,0.3983,False,cell_death_HR,XP_015639162.1 methionine S-methyltransferase isoform X1 [Oryza sativa Japonica Group],-3.539,-0.46
XP_015631695.1,False,61.233,0.4077,False,cell_death_HR,56.918,0.3255,False,cell_death_HR,60.77,0.399,False,cell_death_HR,XP_015631695.1 epidermal growth factor receptor substrate 15 [Oryza sativa Japonica Group],-4.315,-0.463
XP_015615337.1,False,97.273,1.5728,False,NBS_LRR,96.824,1.4864,False,NBS_LRR,96.796,1.4811,False,NBS_LRR,XP_015615337.1 disease resistance protein RGA5-like isoform X2 [Oryza sativa Japonica Group],-0.449,-0.477
XP_015637971.1,False,79.605,0.7846,False,antimicrobial,80.829,0.8131,False,antimicrobial,79.119,0.7753,False,antimicrobial,XP_015637971.1 structural maintenance of chromosomes protein 4 [Oryza sativa Japonica Group],1.224,-0.486
XP_015624846.2,False,47.772,0.0985,False,cell_death_HR,46.41,0.1254,False,cell_death_HR,47.248,0.1411,False,cell_death_HR,XP_015624846.2 LOW QUALITY PROTEIN: uncharacterized protein LOC4328535 [Oryza sativa Japonica Group],-1.362,-0.524
XP_015616323.1,False,82.102,0.6742,False,RLK_defense,82.999,0.6976,False,defense_signaling,81.499,0.6627,False,RLK_defense,XP_015616323.1 uncharacterized protein LOC4325666 [Oryza sativa Japonica Group],0.897,-0.603
XP_015636213.1,False,83.645,0.6969,False,RLK_defense,79.161,0.6273,False,antimicrobial,83.039,0.7524,False,cell_death_HR,"XP_015636213.1 K(+) efflux antiporter 2, chloroplastic [Oryza sativa Japonica Group]",-4.484,-0.606
XP_025877419.1,False,95.57,1.3799,False,NBS_LRR,94.915,1.3,False,NBS_LRR,94.931,1.3007,False,NBS_LRR,XP_025877419.1 disease resistance protein RGA5-like isoform X4 [Oryza sativa Japonica Group],-0.655,-0.639
XP_015640410.1,False,82.61,0.6815,False,RLK_defense,82.757,0.6938,False,defense_signaling,81.959,0.669,False,RLK_defense,XP_015640410.1 uncharacterized protein LOC4338002 [Oryza sativa Japonica Group],0.147,-0.651
XP_015648993.1,False,91.457,0.8777,False,RLK_defense,90.957,0.8595,False,RLK_defense,90.769,0.8549,False,RLK_defense,XP_015648993.1 leucine-rich repeat receptor-like protein kinase TDR [Oryza sativa Japonica Group],-0.5,-0.688
XP_015626792.1,False,59.713,0.3566,False,antimicrobial,57.679,0.3221,False,antimicrobial,58.943,0.3473,False,antimicrobial,XP_015626792.1 uncharacterized protein LOC107280173 [Oryza sativa Japonica Group],-2.034,-0.77
XP_015627388.1,False,89.74,0.8298,False,RLK_defense,88.991,0.8072,False,RLK_defense,88.928,0.8063,False,RLK_defense,XP_015627388.1 phytosulfokine receptor 1 [Oryza sativa Japonica Group],-0.749,-0.812
XP_015642202.1,False,62.307,0.3334,False,NBS_LRR,61.726,0.317,False,NBS_LRR,61.491,0.3136,False,NBS_LRR,XP_015642202.1 uncharacterized protein LOC4340106 [Oryza sativa Japonica Group],-0.581,-0.816
XP_015621748.1,False,91.065,1.0109,False,NBS_LRR,90.041,0.951,False,NBS_LRR,90.097,0.9523,False,NBS_LRR,"XP_015621748.1 pentatricopeptide repeat-containing protein DOT4, chloroplastic [Oryza sativa Japonica Group]",-1.024,-0.968
XP_015620690.1,False,84.888,0.8433,False,antimicrobial,83.014,0.8259,False,antimicrobial,83.657,0.834,False,antimicrobial,XP_015620690.1 uncharacterized protein LOC4352450 isoform X1 [Oryza sativa Japonica Group],-1.874,-1.231
XP_015619246.1,False,40.364,-0.0459,False,NBS_LRR,18.299,-0.6185,False,NBS_LRR,36.984,-0.1064,False,NBS_LRR,XP_015619246.1 uncharacterized protein LOC107279669 [Oryza sativa Japonica Group],-22.065,-3.38
XP_025877599.1,False,53.881,0.1907,False,NBS_LRR,48.369,0.1177,False,RLK_defense,49.635,0.1565,False,RLK_defense,XP_025877599.1 uncharacterized protein LOC9269725 [Oryza sativa Japonica Group],-5.512,-4.246
