protein_id,length,n_windows,last_window_start,residues_lost_by_truncation,source
F4JNB7,1449,2,427,427,anchor
Q9XGM3,1217,2,195,195,anchor
Q9FL28,1173,2,151,151,anchor
Q40392,1144,2,122,122,anchor
Q2R2D5,1037,2,15,15,anchor
C0LGT6,1031,2,9,9,anchor
XP_059595419.1,5487,10,4465,4465,proteome
XP_010654485.1,5480,10,4458,4458,proteome
XP_059598568.1,5436,10,4414,4414,proteome
XP_059598569.1,5432,10,4410,4410,proteome
XP_059598570.1,5426,10,4404,4404,proteome
XP_059598571.1,5408,10,4386,4386,proteome
XP_059598572.1,5398,10,4376,4376,proteome
XP_010660565.1,5101,9,4079,4079,proteome
XP_059598573.1,5017,9,3995,3995,proteome
XP_059598574.1,5016,9,3994,3994,proteome
XP_010648419.2,4775,9,3753,3753,proteome
XP_059590081.1,4369,8,3347,3347,proteome
XP_019075468.1,4260,8,3238,3238,proteome
XP_003631895.1,3906,7,2884,2884,proteome
XP_059591865.1,3789,7,2767,2767,proteome
XP_059591278.1,3783,7,2761,2761,proteome
XP_010649796.1,3727,7,2705,2705,proteome
XP_010649797.1,3727,7,2705,2705,proteome
XP_010649798.1,3713,7,2691,2691,proteome
XP_010664436.1,3691,7,2669,2669,proteome
XP_059593776.1,3611,7,2589,2589,proteome
XP_019073568.1,3582,7,2560,2560,proteome
XP_059593777.1,3539,6,2517,2517,proteome
XP_010661190.1,3524,6,2502,2502,proteome
XP_059593778.1,3447,6,2425,2425,proteome
XP_010664421.1,3264,6,2242,2242,proteome
XP_010664422.1,3264,6,2242,2242,proteome
XP_010652873.1,3263,6,2241,2241,proteome
XP_010652875.1,3261,6,2239,2239,proteome
XP_059594397.1,3228,6,2206,2206,proteome
XP_059594398.1,3226,6,2204,2204,proteome
XP_059597658.1,3218,6,2196,2196,proteome
XP_059594399.1,3196,6,2174,2174,proteome
XP_059594400.1,3144,6,2122,2122,proteome
XP_059591874.1,3116,6,2094,2094,proteome
XP_010663177.1,3045,5,2023,2023,proteome
XP_010663178.1,3043,5,2021,2021,proteome
XP_010660085.2,3041,5,2019,2019,proteome
XP_010663179.1,3029,5,2007,2007,proteome
XP_059597649.1,3002,5,1980,1980,proteome
XP_002270775.1,2997,5,1975,1975,proteome
XP_059590764.1,2981,5,1959,1959,proteome
XP_010664423.1,2957,5,1935,1935,proteome
XP_010663180.1,2934,5,1912,1912,proteome
XP_010648845.1,2864,5,1842,1842,proteome
XP_010648846.1,2864,5,1842,1842,proteome
XP_010648847.1,2860,5,1838,1838,proteome
XP_010648849.1,2859,5,1837,1837,proteome
XP_010648850.1,2856,5,1834,1834,proteome
XP_059592286.1,2855,5,1833,1833,proteome
XP_059596456.1,2842,5,1820,1820,proteome
XP_019077139.1,2811,5,1789,1789,proteome
XP_019077141.1,2808,5,1786,1786,proteome
XP_010650288.1,2766,5,1744,1744,proteome
XP_002278409.2,2730,5,1708,1708,proteome
XP_010650327.1,2710,5,1688,1688,proteome
XP_019081150.1,2673,5,1651,1651,proteome
XP_019074935.1,2663,5,1641,1641,proteome
XP_010664427.1,2651,5,1629,1629,proteome
XP_010663181.1,2649,5,1627,1627,proteome
XP_019082039.1,2643,5,1621,1621,proteome
XP_010648947.1,2636,5,1614,1614,proteome
XP_010644440.1,2632,5,1610,1610,proteome
XP_059591055.1,2630,5,1608,1608,proteome
XP_010648851.1,2623,5,1601,1601,proteome
XP_010648852.1,2623,5,1601,1601,proteome
XP_002281542.1,2609,5,1587,1587,proteome
XP_019074489.1,2597,5,1575,1575,proteome
XP_010648853.1,2576,5,1554,1554,proteome
XP_002264136.4,2572,5,1550,1550,proteome
XP_059590767.1,2539,4,1517,1517,proteome
XP_059590768.1,2539,4,1517,1517,proteome
XP_010648588.1,2524,4,1502,1502,proteome
XP_059590765.1,2513,4,1491,1491,proteome
XP_010651195.1,2508,4,1486,1486,proteome
XP_010646485.1,2497,4,1475,1475,proteome
XP_010646492.1,2495,4,1473,1473,proteome
XP_010661961.2,2495,4,1473,1473,proteome
XP_010652101.1,2487,4,1465,1465,proteome
XP_019076638.1,2487,4,1465,1465,proteome
XP_059593833.1,2487,4,1465,1465,proteome
XP_010652813.1,2486,4,1464,1464,proteome
XP_010652815.1,2486,4,1464,1464,proteome
XP_059595355.1,2486,4,1464,1464,proteome
XP_010660075.1,2481,4,1459,1459,proteome
XP_059598703.1,2481,4,1459,1459,proteome
XP_019080415.1,2475,4,1453,1453,proteome
XP_002275591.2,2469,4,1447,1447,proteome
XP_059589753.1,2457,4,1435,1435,proteome
XP_059589754.1,2453,4,1431,1431,proteome
XP_059589755.1,2452,4,1430,1430,proteome
XP_059589756.1,2447,4,1425,1425,proteome
XP_059589757.1,2442,4,1420,1420,proteome
XP_019071946.1,2440,4,1418,1418,proteome
XP_059599325.1,2429,4,1407,1407,proteome
XP_010661962.1,2427,4,1405,1405,proteome
XP_010661326.1,2422,4,1400,1400,proteome
XP_010657340.1,2403,4,1381,1381,proteome
XP_010657341.1,2403,4,1381,1381,proteome
XP_059598412.1,2402,4,1380,1380,proteome
XP_010652102.1,2389,4,1367,1367,proteome
XP_010649668.1,2383,4,1361,1361,proteome
XP_010655281.1,2383,4,1361,1361,proteome
XP_010649669.1,2382,4,1360,1360,proteome
XP_010665144.1,2356,4,1334,1334,proteome
XP_003631193.1,2355,4,1333,1333,proteome
XP_010649006.1,2355,4,1333,1333,proteome
XP_010665145.1,2355,4,1333,1333,proteome
XP_019078952.1,2355,4,1333,1333,proteome
XP_010665146.1,2353,4,1331,1331,proteome
XP_003632762.1,2347,4,1325,1325,proteome
XP_010665147.1,2345,4,1323,1323,proteome
XP_010665148.1,2345,4,1323,1323,proteome
XP_010665149.1,2336,4,1314,1314,proteome
XP_010649670.1,2328,4,1306,1306,proteome
XP_010656371.1,2323,4,1301,1301,proteome
XP_010651281.1,2319,4,1297,1297,proteome
XP_010662857.1,2319,4,1297,1297,proteome
XP_010646529.2,2303,4,1281,1281,proteome
XP_019073747.2,2303,4,1281,1281,proteome
YP_567121.1,2300,4,1278,1278,proteome
YP_567140.1,2300,4,1278,1278,proteome
XP_002267137.3,2296,4,1274,1274,proteome
XP_059589733.1,2296,4,1274,1274,proteome
XP_059598646.1,2293,4,1271,1271,proteome
XP_059593661.1,2292,4,1270,1270,proteome
XP_059591021.1,2288,4,1266,1266,proteome
XP_059596803.1,2283,4,1261,1261,proteome
XP_059596804.1,2283,4,1261,1261,proteome
XP_019081692.1,2277,4,1255,1255,proteome
XP_010661793.1,2273,4,1251,1251,proteome
XP_010661794.1,2273,4,1251,1251,proteome
XP_010661795.1,2273,4,1251,1251,proteome
XP_019081161.1,2273,4,1251,1251,proteome
XP_059599229.1,2272,4,1250,1250,proteome
XP_059599230.1,2272,4,1250,1250,proteome
XP_059599231.1,2272,4,1250,1250,proteome
XP_010660079.1,2267,4,1245,1245,proteome
XP_059598608.1,2267,4,1245,1245,proteome
XP_002285808.2,2266,4,1244,1244,proteome
XP_010664302.1,2266,4,1244,1244,proteome
XP_010664303.1,2266,4,1244,1244,proteome
XP_002279980.2,2264,4,1242,1242,proteome
XP_002276245.2,2263,4,1241,1241,proteome
XP_059590277.1,2248,4,1226,1226,proteome
XP_010660927.1,2240,4,1218,1218,proteome
XP_010644441.1,2239,4,1217,1217,proteome
XP_010648561.1,2230,4,1208,1208,proteome
XP_010653013.1,2230,4,1208,1208,proteome
XP_010658708.2,2227,4,1205,1205,proteome
XP_059598302.1,2227,4,1205,1205,proteome
XP_002277958.2,2223,4,1201,1201,proteome
XP_010644272.2,2219,4,1197,1197,proteome
XP_002267865.2,2216,4,1194,1194,proteome
XP_010662984.1,2216,4,1194,1194,proteome
XP_002269920.2,2214,4,1192,1192,proteome
XP_010664156.1,2214,4,1192,1192,proteome
XP_059591007.1,2213,4,1191,1191,proteome
XP_059591056.1,2208,4,1186,1186,proteome
XP_059591008.1,2203,4,1181,1181,proteome
XP_010664159.1,2202,4,1180,1180,proteome
XP_002267310.1,2198,4,1176,1176,proteome
XP_059597365.1,2198,4,1176,1176,proteome
XP_002273874.2,2197,4,1175,1175,proteome
XP_059597366.1,2197,4,1175,1175,proteome
XP_010648534.1,2195,4,1173,1173,proteome
XP_019074908.1,2195,4,1173,1173,proteome
XP_059592182.1,2195,4,1173,1173,proteome
XP_059592183.1,2195,4,1173,1173,proteome
XP_059596237.1,2184,4,1162,1162,proteome
XP_059597664.1,2182,4,1160,1160,proteome
XP_002266580.1,2177,4,1155,1155,proteome
XP_059593134.1,2177,4,1155,1155,proteome
XP_019071947.1,2172,4,1150,1150,proteome
XP_010648715.1,2170,4,1148,1148,proteome
XP_010648716.1,2169,4,1147,1147,proteome
XP_019081152.2,2166,4,1144,1144,proteome
XP_059592246.1,2164,4,1142,1142,proteome
XP_010662259.1,2160,4,1138,1138,proteome
XP_002285732.1,2159,4,1137,1137,proteome
XP_010651385.1,2159,4,1137,1137,proteome
XP_010651386.1,2159,4,1137,1137,proteome
XP_059592247.1,2158,4,1136,1136,proteome
XP_010661165.1,2154,4,1132,1132,proteome
XP_010660548.1,2149,4,1127,1127,proteome
XP_059598350.1,2143,4,1121,1121,proteome
XP_002285869.2,2139,4,1117,1117,proteome
XP_010664192.1,2139,4,1117,1117,proteome
XP_010664193.1,2139,4,1117,1117,proteome
XP_010647304.1,2137,4,1115,1115,proteome
XP_010648717.1,2136,4,1114,1114,proteome
XP_010652838.1,2131,4,1109,1109,proteome
XP_059598351.1,2131,4,1109,1109,proteome
XP_059598353.1,2130,4,1108,1108,proteome
XP_059598354.1,2130,4,1108,1108,proteome
XP_010664765.1,2126,4,1104,1104,proteome
XP_059596081.1,2123,4,1101,1101,proteome
XP_059598352.1,2122,4,1100,1100,proteome
XP_059592184.1,2121,4,1099,1099,proteome
XP_010651196.1,2105,4,1083,1083,proteome
XP_059590769.1,2098,4,1076,1076,proteome
XP_002284129.1,2093,4,1071,1071,proteome
XP_010653361.1,2090,4,1068,1068,proteome
XP_010645082.1,2088,4,1066,1066,proteome
XP_002270338.2,2087,4,1065,1065,proteome
XP_059591891.1,2086,4,1064,1064,proteome
XP_059598355.1,2081,4,1059,1059,proteome
XP_059598356.1,2081,4,1059,1059,proteome
XP_059598357.1,2081,4,1059,1059,proteome
XP_059598358.1,2081,4,1059,1059,proteome
XP_059598359.1,2081,4,1059,1059,proteome
XP_059598360.1,2081,4,1059,1059,proteome
XP_059598361.1,2081,4,1059,1059,proteome
XP_059598362.1,2081,4,1059,1059,proteome
XP_010645083.1,2079,4,1057,1057,proteome
XP_019080667.1,2078,4,1056,1056,proteome
XP_059598363.1,2072,4,1050,1050,proteome
XP_010648589.1,2070,4,1048,1048,proteome
XP_059598364.1,2070,4,1048,1048,proteome
XP_059591892.1,2064,4,1042,1042,proteome
XP_059591893.1,2064,4,1042,1042,proteome
XP_059591894.1,2064,4,1042,1042,proteome
XP_059595098.1,2060,4,1038,1038,proteome
XP_059595099.1,2060,4,1038,1038,proteome
XP_059598365.1,2059,4,1037,1037,proteome
XP_059598366.1,2059,4,1037,1037,proteome
XP_059598367.1,2059,4,1037,1037,proteome
XP_010651197.1,2058,4,1036,1036,proteome
XP_010659860.1,2057,4,1035,1035,proteome
XP_059598368.1,2054,4,1032,1032,proteome
XP_002275285.1,2052,4,1030,1030,proteome
XP_059599227.1,2052,4,1030,1030,proteome
XP_059591895.1,2051,4,1029,1029,proteome
XP_010653900.1,2049,4,1027,1027,proteome
XP_010659968.1,2045,4,1023,1023,proteome
XP_059595100.1,2044,3,1022,1022,proteome
XP_059591896.1,2042,3,1020,1020,proteome
XP_019074544.1,2039,3,1017,1017,proteome
XP_019081162.1,2038,3,1016,1016,proteome
XP_059595935.1,2035,3,1013,1013,proteome
XP_003631632.1,2034,3,1012,1012,proteome
XP_059591522.1,2032,3,1010,1010,proteome
XP_059595936.1,2032,3,1010,1010,proteome
XP_010659861.1,2031,3,1009,1009,proteome
XP_059591897.1,2029,3,1007,1007,proteome
XP_010657377.1,2027,3,1005,1005,proteome
XP_059595101.1,2025,3,1003,1003,proteome
XP_010658092.1,2023,3,1001,1001,proteome
XP_059594012.1,2023,3,1001,1001,proteome
XP_059598369.1,2023,3,1001,1001,proteome
XP_059593397.1,2021,3,999,999,proteome
XP_019075847.2,2020,3,998,998,proteome
XP_059596414.1,2011,3,989,989,proteome
XP_059591898.1,2007,3,985,985,proteome
XP_010659969.1,2003,3,981,981,proteome
XP_059597367.1,2003,3,981,981,proteome
XP_059596181.1,1999,3,977,977,proteome
XP_010647308.1,1996,3,974,974,proteome
XP_010657375.2,1993,3,971,971,proteome
XP_010657373.2,1992,3,970,970,proteome
XP_010661166.1,1991,3,969,969,proteome
XP_002267626.3,1988,3,966,966,proteome
XP_010651384.1,1987,3,965,965,proteome
XP_002277289.2,1983,3,961,961,proteome
XP_010648303.1,1980,3,958,958,proteome
XP_059591270.1,1980,3,958,958,proteome
XP_010661522.1,1974,3,952,952,proteome
XP_010648467.1,1967,3,945,945,proteome
XP_019075884.1,1966,3,944,944,proteome
XP_019075886.1,1957,3,935,935,proteome
XP_059594846.1,1956,3,934,934,proteome
XP_010661167.1,1954,3,932,932,proteome
XP_002283298.2,1948,3,926,926,proteome
XP_010644774.1,1948,3,926,926,proteome
XP_002271648.2,1946,3,924,924,proteome
XP_010656962.1,1946,3,924,924,proteome
XP_010656963.1,1946,3,924,924,proteome
XP_010659550.1,1946,3,924,924,proteome
XP_059595937.1,1944,3,922,922,proteome
XP_002277401.1,1942,3,920,920,proteome
XP_059592248.1,1942,3,920,920,proteome
XP_010657120.1,1939,3,917,917,proteome
XP_002269466.2,1935,3,913,913,proteome
XP_059599178.1,1935,3,913,913,proteome
XP_059599179.1,1935,3,913,913,proteome
XP_059599180.1,1933,3,911,911,proteome
XP_059599181.1,1933,3,911,911,proteome
XP_059592185.1,1932,3,910,910,proteome
XP_059594847.1,1931,3,909,909,proteome
XP_019077219.1,1919,3,897,897,proteome
XP_002274337.1,1918,3,896,896,proteome
XP_010644166.1,1914,3,892,892,proteome
XP_059593318.1,1914,3,892,892,proteome
XP_059593319.1,1914,3,892,892,proteome
XP_059593320.1,1914,3,892,892,proteome
XP_059593321.1,1914,3,892,892,proteome
XP_010664285.1,1913,3,891,891,proteome
XP_059590868.1,1913,3,891,891,proteome
XP_059590869.1,1913,3,891,891,proteome
XP_059590156.1,1911,3,889,889,proteome
XP_010663053.1,1905,3,883,883,proteome
XP_010653854.1,1904,3,882,882,proteome
XP_059593510.1,1904,3,882,882,proteome
XP_010654444.1,1901,3,879,879,proteome
XP_010653140.1,1898,3,876,876,proteome
XP_019077229.1,1898,3,876,876,proteome
XP_019077230.1,1898,3,876,876,proteome
XP_059596765.1,1897,3,875,875,proteome
XP_002278408.1,1896,3,874,874,proteome
XP_010662985.2,1896,3,874,874,proteome
YP_567136.1,1893,3,871,871,proteome
XP_010649318.1,1889,3,867,867,proteome
XP_010656422.1,1889,3,867,867,proteome
XP_010663259.1,1889,3,867,867,proteome
XP_019081972.1,1889,3,867,867,proteome
XP_010656423.1,1888,3,866,866,proteome
XP_059590213.1,1888,3,866,866,proteome
XP_010651486.1,1884,3,862,862,proteome
XP_059590215.1,1882,3,860,860,proteome
XP_002284204.1,1881,3,859,859,proteome
XP_059595312.1,1881,3,859,859,proteome
XP_010658451.1,1877,3,855,855,proteome
XP_010658452.1,1877,3,855,855,proteome
XP_059598043.1,1877,3,855,855,proteome
XP_019080602.1,1874,3,852,852,proteome
XP_059590216.1,1874,3,852,852,proteome
XP_010653141.1,1873,3,851,851,proteome
XP_059594848.1,1873,3,851,851,proteome
XP_010652001.1,1872,3,850,850,proteome
XP_059593801.1,1872,3,850,850,proteome
XP_059593803.1,1872,3,850,850,proteome
XP_002277309.1,1865,3,843,843,proteome
XP_010656078.1,1865,3,843,843,proteome
XP_010654982.1,1864,3,842,842,proteome
XP_010660870.1,1864,3,842,842,proteome
XP_002278370.2,1863,3,841,841,proteome
XP_010660930.1,1863,3,841,841,proteome
XP_010648994.2,1860,3,838,838,proteome
XP_059590217.1,1860,3,838,838,proteome
XP_010648996.2,1859,3,837,837,proteome
XP_019080511.1,1859,3,837,837,proteome
XP_059590218.1,1859,3,837,837,proteome
XP_019077812.1,1857,3,835,835,proteome
XP_010660757.1,1855,3,833,833,proteome
XP_010660760.1,1854,3,832,832,proteome
XP_010660765.1,1852,3,830,830,proteome
XP_010648304.1,1851,3,829,829,proteome
XP_010660768.1,1851,3,829,829,proteome
XP_003633464.2,1850,3,828,828,proteome
XP_010649951.1,1850,3,828,828,proteome
XP_010649952.1,1850,3,828,828,proteome
XP_002285900.1,1848,3,826,826,proteome
XP_010656059.1,1847,3,825,825,proteome
XP_010656060.1,1847,3,825,825,proteome
XP_059596523.1,1847,3,825,825,proteome
XP_010654372.1,1845,3,823,823,proteome
XP_010656061.1,1845,3,823,823,proteome
XP_010656062.1,1844,3,822,822,proteome
XP_010656079.1,1843,3,821,821,proteome
XP_059596649.1,1843,3,821,821,proteome
XP_059592287.1,1842,3,820,820,proteome
XP_059598558.1,1838,3,816,816,proteome
XP_002281503.1,1836,3,814,814,proteome
XP_059596444.1,1835,3,813,813,proteome
XP_010660549.1,1833,3,811,811,proteome
XP_010660550.1,1833,3,811,811,proteome
XP_019080512.1,1833,3,811,811,proteome
XP_019081973.1,1831,3,809,809,proteome
XP_010659873.1,1830,3,808,808,proteome
XP_059590004.1,1830,3,808,808,proteome
XP_059597440.1,1830,3,808,808,proteome
XP_010658259.1,1829,3,807,807,proteome
XP_010658260.1,1828,3,806,806,proteome
XP_010660627.1,1828,3,806,806,proteome
XP_010660628.1,1827,3,805,805,proteome
XP_010664176.1,1825,3,803,803,proteome
XP_059592023.1,1823,3,801,801,proteome
XP_059591022.1,1821,3,799,799,proteome
XP_010664916.2,1819,3,797,797,proteome
XP_010663252.1,1815,3,793,793,proteome
XP_010651546.1,1814,3,792,792,proteome
XP_059590006.1,1813,3,791,791,proteome
XP_059592460.1,1810,3,788,788,proteome
XP_010654580.1,1809,3,787,787,proteome
XP_010654581.1,1809,3,787,787,proteome
XP_010644644.1,1808,3,786,786,proteome
XP_059590564.1,1807,3,785,785,proteome
XP_010659863.1,1806,3,784,784,proteome
XP_059598918.1,1806,3,784,784,proteome
XP_010661001.3,1803,3,781,781,proteome
XP_019073244.2,1800,3,778,778,proteome
XP_019080529.1,1798,3,776,776,proteome
XP_010656063.1,1797,3,775,775,proteome
XP_019077792.1,1797,3,775,775,proteome
XP_010656085.1,1795,3,773,773,proteome
XP_019080564.2,1795,3,773,773,proteome
XP_010661002.3,1794,3,772,772,proteome
XP_010664678.1,1794,3,772,772,proteome
XP_010660629.1,1792,3,770,770,proteome
XP_010661137.1,1792,3,770,770,proteome
XP_010645414.1,1791,3,769,769,proteome
XP_059598319.1,1791,3,769,769,proteome
XP_019072614.1,1790,3,768,768,proteome
XP_059590219.1,1787,3,765,765,proteome
XP_059590582.1,1781,3,759,759,proteome
XP_002279696.1,1779,3,757,757,proteome
XP_010649527.1,1776,3,754,754,proteome
XP_010654582.1,1776,3,754,754,proteome
XP_019075661.1,1776,3,754,754,proteome
XP_010656968.2,1774,3,752,752,proteome
XP_010657007.1,1773,3,751,751,proteome
XP_002275272.1,1772,3,750,750,proteome
XP_059595968.1,1770,3,748,748,proteome
XP_059595969.1,1770,3,748,748,proteome
XP_002275100.1,1764,3,742,742,proteome
XP_059593598.1,1764,3,742,742,proteome
XP_002265993.1,1763,3,741,741,proteome
XP_010652239.1,1763,3,741,741,proteome
XP_059593599.1,1763,3,741,741,proteome
XP_059593600.1,1763,3,741,741,proteome
XP_003631178.2,1759,3,737,737,proteome
XP_010651410.1,1756,3,734,734,proteome
XP_010649528.1,1753,3,731,731,proteome
XP_010657008.1,1753,3,731,731,proteome
XP_059597297.1,1752,3,730,730,proteome
XP_010655213.1,1750,3,728,728,proteome
XP_010655456.1,1748,3,726,726,proteome
XP_002273559.3,1747,3,725,725,proteome
XP_010658598.1,1746,3,724,724,proteome
XP_019076685.2,1743,3,721,721,proteome
XP_010652052.1,1742,3,720,720,proteome
XP_059597245.1,1739,3,717,717,proteome
XP_010658422.1,1738,3,716,716,proteome
XP_010658423.1,1737,3,715,715,proteome
XP_059590007.1,1730,3,708,708,proteome
XP_002280614.1,1725,3,703,703,proteome
XP_059596138.1,1725,3,703,703,proteome
XP_059596139.1,1725,3,703,703,proteome
XP_059596140.1,1725,3,703,703,proteome
XP_059596141.1,1724,3,702,702,proteome
XP_010654000.1,1722,3,700,700,proteome
XP_010657009.1,1722,3,700,700,proteome
XP_003634654.3,1721,3,699,699,proteome
XP_010645417.1,1721,3,699,699,proteome
XP_010660238.2,1721,3,699,699,proteome
XP_059597298.1,1721,3,699,699,proteome
XP_010665187.1,1720,3,698,698,proteome
XP_019071780.1,1720,3,698,698,proteome
XP_059596142.1,1718,3,696,696,proteome
XP_002274947.2,1717,3,695,695,proteome
XP_010654221.1,1717,3,695,695,proteome
XP_010663783.1,1717,3,695,695,proteome
XP_059597246.1,1717,3,695,695,proteome
XP_002281396.3,1716,3,694,694,proteome
XP_019076912.1,1716,3,694,694,proteome
XP_059596180.1,1715,3,693,693,proteome
XP_002284314.1,1712,3,690,690,proteome
XP_010658348.1,1712,3,690,690,proteome
XP_003634225.1,1711,3,689,689,proteome
XP_059598206.1,1710,3,688,688,proteome
XP_059597247.1,1706,3,684,684,proteome
XP_002276855.1,1705,3,683,683,proteome
XP_059596182.1,1705,3,683,683,proteome
XP_002269905.1,1704,3,682,682,proteome
XP_002280001.1,1702,3,680,680,proteome
XP_003632816.1,1702,3,680,680,proteome
XP_010645628.1,1702,3,680,680,proteome
XP_059596216.1,1699,3,677,677,proteome
XP_059596217.1,1699,3,677,677,proteome
XP_059596184.1,1697,3,675,675,proteome
XP_019080565.2,1696,3,674,674,proteome
XP_010649749.1,1694,3,672,672,proteome
XP_010651737.1,1692,3,670,670,proteome
XP_010651739.1,1692,3,670,670,proteome
XP_010651740.1,1692,3,670,670,proteome
XP_010658167.1,1692,3,670,670,proteome
XP_010653802.1,1691,3,669,669,proteome
XP_019075758.1,1686,3,664,664,proteome
XP_010648400.1,1684,3,662,662,proteome
XP_010663301.1,1684,3,662,662,proteome
XP_002282789.2,1683,3,661,661,proteome
XP_010648401.1,1680,3,658,658,proteome
XP_010648566.1,1679,3,657,657,proteome
XP_019077793.1,1679,3,657,657,proteome
XP_010658320.1,1678,3,656,656,proteome
XP_010661250.1,1678,3,656,656,proteome
XP_010649613.1,1677,3,655,655,proteome
XP_010649665.1,1677,3,655,655,proteome
XP_019079923.1,1676,3,654,654,proteome
XP_002264399.1,1673,3,651,651,proteome
XP_002279976.3,1669,3,647,647,proteome
XP_010665036.1,1666,3,644,644,proteome
XP_059590324.1,1666,3,644,644,proteome
XP_010653659.1,1665,3,643,643,proteome
XP_010659551.1,1663,3,641,641,proteome
XP_010660954.1,1662,3,640,640,proteome
XP_019081552.1,1662,3,640,640,proteome
XP_059593726.1,1660,3,638,638,proteome
XP_010662091.1,1659,3,637,637,proteome
XP_010662092.1,1659,3,637,637,proteome
XP_019072562.1,1659,3,637,637,proteome
XP_059590381.1,1657,3,635,635,proteome
XP_003633834.1,1656,3,634,634,proteome
XP_010661494.1,1656,3,634,634,proteome
XP_010662770.1,1656,3,634,634,proteome
XP_019075597.1,1656,3,634,634,proteome
XP_002266656.1,1653,3,631,631,proteome
XP_019080304.1,1650,3,628,628,proteome
XP_019080305.1,1650,3,628,628,proteome
XP_010663421.1,1649,3,627,627,proteome
XP_019080307.1,1649,3,627,627,proteome
XP_059594433.1,1649,3,627,627,proteome
XP_002276252.1,1648,3,626,626,proteome
XP_010653178.1,1648,3,626,626,proteome
XP_019080605.2,1647,3,625,625,proteome
XP_059598494.1,1647,3,625,625,proteome
XP_059598495.1,1647,3,625,625,proteome
XP_059598496.1,1647,3,625,625,proteome
XP_059598497.1,1647,3,625,625,proteome
XP_010653208.1,1645,3,623,623,proteome
XP_010660726.1,1645,3,623,623,proteome
XP_010653247.1,1644,3,622,622,proteome
XP_010663203.1,1644,3,622,622,proteome
XP_010645386.2,1643,3,621,621,proteome
XP_059597111.1,1643,3,621,621,proteome
XP_002282469.2,1642,3,620,620,proteome
XP_010650721.1,1642,3,620,620,proteome
XP_010650722.1,1642,3,620,620,proteome
XP_010657683.1,1642,3,620,620,proteome
XP_019075594.1,1642,3,620,620,proteome
XP_059593193.1,1642,3,620,620,proteome
XP_010659950.1,1641,3,619,619,proteome
XP_010660728.1,1641,3,619,619,proteome
XP_059596924.1,1640,3,618,618,proteome
XP_010656476.1,1639,3,617,617,proteome
XP_059594434.1,1639,3,617,617,proteome
XP_059598448.1,1639,3,617,617,proteome
XP_002265512.2,1637,3,615,615,proteome
XP_010663453.1,1637,3,615,615,proteome
XP_010663454.1,1637,3,615,615,proteome
XP_010663455.1,1637,3,615,615,proteome
XP_010663456.1,1637,3,615,615,proteome
XP_010659095.1,1632,3,610,610,proteome
XP_059598231.1,1632,3,610,610,proteome
XP_002263469.1,1631,3,609,609,proteome
XP_059598232.1,1631,3,609,609,proteome
XP_010665341.1,1630,3,608,608,proteome
XP_010665343.1,1630,3,608,608,proteome
XP_010665344.1,1630,3,608,608,proteome
XP_059590722.1,1630,3,608,608,proteome
XP_059590723.1,1630,3,608,608,proteome
XP_059593067.1,1630,3,608,608,proteome
XP_002267056.1,1629,3,607,607,proteome
XP_059589841.1,1626,3,604,604,proteome
XP_002274725.3,1624,3,602,602,proteome
XP_002281070.1,1624,3,602,602,proteome
XP_010655707.1,1624,3,602,602,proteome
XP_002280819.1,1623,3,601,601,proteome
XP_010655706.1,1623,3,601,601,proteome
XP_059596143.1,1623,3,601,601,proteome
XP_002264486.2,1622,3,600,600,proteome
XP_010653373.1,1622,3,600,600,proteome
XP_019080774.1,1620,3,598,598,proteome
XP_019080776.1,1620,3,598,598,proteome
XP_019080777.1,1620,3,598,598,proteome
XP_019080778.1,1620,3,598,598,proteome
XP_019080779.1,1620,3,598,598,proteome
XP_019080781.1,1620,3,598,598,proteome
XP_019080782.1,1620,3,598,598,proteome
XP_019080783.1,1620,3,598,598,proteome
XP_059598504.1,1619,3,597,597,proteome
XP_003631316.2,1618,3,596,596,proteome
XP_010656959.1,1618,3,596,596,proteome
XP_010662860.1,1616,3,594,594,proteome
XP_059589538.1,1616,3,594,594,proteome
XP_010663138.1,1615,3,593,593,proteome
XP_010649886.1,1611,3,589,589,proteome
XP_010662861.1,1610,3,588,588,proteome
XP_019082022.2,1609,3,587,587,proteome
XP_010649887.1,1606,3,584,584,proteome
XP_019080308.1,1606,3,584,584,proteome
XP_010646379.2,1602,3,580,580,proteome
XP_010650208.1,1602,3,580,580,proteome
XP_059598493.1,1602,3,580,580,proteome
XP_010653286.1,1600,3,578,578,proteome
XP_059592835.1,1599,3,577,577,proteome
XP_010649889.1,1598,3,576,576,proteome
XP_010658168.1,1598,3,576,576,proteome
XP_019074813.1,1598,3,576,576,proteome
XP_019082023.2,1597,3,575,575,proteome
XP_059590453.1,1597,3,575,575,proteome
XP_010653322.1,1596,3,574,574,proteome
XP_059597262.1,1596,3,574,574,proteome
XP_010654228.1,1594,3,572,572,proteome
XP_059599211.1,1594,3,572,572,proteome
XP_010659613.1,1593,3,571,571,proteome
XP_010648305.1,1590,3,568,568,proteome
XP_010656477.1,1588,3,566,566,proteome
XP_059590082.1,1588,3,566,566,proteome
XP_059592766.1,1588,3,566,566,proteome
XP_019077763.1,1587,3,565,565,proteome
XP_059598271.1,1586,3,564,564,proteome
XP_059593847.1,1582,3,560,560,proteome
XP_002270307.3,1581,3,559,559,proteome
XP_019081657.1,1581,3,559,559,proteome
XP_059590008.1,1581,3,559,559,proteome
XP_059590578.1,1581,3,559,559,proteome
XP_010653449.1,1579,3,557,557,proteome
XP_010653450.1,1577,3,555,555,proteome
XP_019082048.1,1572,3,550,550,proteome
XP_059589889.1,1572,3,550,550,proteome
XP_059599133.1,1571,3,549,549,proteome
XP_010653767.1,1567,3,545,545,proteome
XP_010647669.1,1566,3,544,544,proteome
XP_059595392.1,1566,3,544,544,proteome
XP_010646588.1,1564,3,542,542,proteome
XP_059595321.1,1564,3,542,542,proteome
XP_059598275.1,1562,3,540,540,proteome
XP_059596034.1,1561,3,539,539,proteome
XP_019077177.1,1560,3,538,538,proteome
XP_019077794.1,1560,3,538,538,proteome
XP_059599212.1,1560,3,538,538,proteome
XP_010652806.1,1559,3,537,537,proteome
XP_010653739.1,1558,3,536,536,proteome
XP_002277304.1,1557,3,535,535,proteome
XP_010654001.1,1556,3,534,534,proteome
XP_010665208.2,1556,3,534,534,proteome
XP_059590010.1,1556,3,534,534,proteome
XP_059590012.1,1556,3,534,534,proteome
XP_059590196.1,1555,3,533,533,proteome
XP_059598308.1,1554,3,532,532,proteome
XP_019080156.2,1553,3,531,531,proteome
XP_002265477.1,1552,3,530,530,proteome
XP_010653166.1,1552,3,530,530,proteome
XP_019077239.1,1552,3,530,530,proteome
XP_010659137.1,1551,3,529,529,proteome
XP_010659138.1,1551,3,529,529,proteome
XP_010659140.1,1551,3,529,529,proteome
XP_010659143.1,1551,3,529,529,proteome
XP_010659146.1,1551,3,529,529,proteome
XP_010659147.1,1551,3,529,529,proteome
XP_010659148.1,1551,3,529,529,proteome
XP_010659149.1,1551,3,529,529,proteome
XP_019079729.1,1551,3,529,529,proteome
XP_019079730.1,1551,3,529,529,proteome
XP_019079731.1,1551,3,529,529,proteome
XP_059598117.1,1551,3,529,529,proteome
XP_059598118.1,1551,3,529,529,proteome
XP_059598119.1,1551,3,529,529,proteome
XP_059598120.1,1551,3,529,529,proteome
XP_059598121.1,1551,3,529,529,proteome
XP_059598122.1,1551,3,529,529,proteome
XP_002267200.1,1549,3,527,527,proteome
XP_002267284.3,1549,3,527,527,proteome
XP_059595118.1,1546,3,524,524,proteome
XP_010656252.1,1545,3,523,523,proteome
XP_019080606.1,1541,3,519,519,proteome
XP_059598277.1,1541,3,519,519,proteome
XP_059598279.1,1541,3,519,519,proteome
XP_059598284.1,1541,3,519,519,proteome
XP_010665205.2,1540,3,518,518,proteome
XP_059593267.1,1540,3,518,518,proteome
XP_010663302.1,1538,3,516,516,proteome
XP_059597350.1,1537,3,515,515,proteome
XP_010660241.2,1536,3,514,514,proteome
XP_010658391.1,1533,2,511,511,proteome
XP_010652424.1,1532,2,510,510,proteome
XP_010654510.1,1530,2,508,508,proteome
XP_010654511.1,1530,2,508,508,proteome
XP_010660140.1,1530,2,508,508,proteome
XP_010661252.1,1530,2,508,508,proteome
XP_059598498.1,1530,2,508,508,proteome
XP_010656156.1,1529,2,507,507,proteome
XP_010661138.1,1529,2,507,507,proteome
XP_019071775.2,1529,2,507,507,proteome
XP_059597610.1,1529,2,507,507,proteome
XP_059599283.1,1524,2,502,502,proteome
XP_002275993.2,1523,2,501,501,proteome
XP_010656253.1,1523,2,501,501,proteome
XP_019075598.1,1523,2,501,501,proteome
XP_002281615.2,1522,2,500,500,proteome
XP_010649078.1,1522,2,500,500,proteome
XP_010657052.1,1522,2,500,500,proteome
XP_010665209.1,1519,2,497,497,proteome
XP_059592653.1,1518,2,496,496,proteome
XP_002269759.2,1517,2,495,495,proteome
XP_010649212.1,1517,2,495,495,proteome
XP_019080959.2,1517,2,495,495,proteome
XP_059598292.1,1517,2,495,495,proteome
XP_059598293.1,1517,2,495,495,proteome
XP_059598294.1,1515,2,493,493,proteome
XP_010645657.2,1514,2,492,492,proteome
XP_010645658.2,1514,2,492,492,proteome
XP_010655393.1,1514,2,492,492,proteome
XP_010658412.1,1514,2,492,492,proteome
XP_059597751.1,1514,2,492,492,proteome
XP_059597752.1,1514,2,492,492,proteome
XP_059597753.1,1514,2,492,492,proteome
XP_059597754.1,1514,2,492,492,proteome
XP_002275112.1,1513,2,491,491,proteome
XP_010650198.2,1513,2,491,491,proteome
XP_010653935.3,1513,2,491,491,proteome
XP_002268099.2,1512,2,490,490,proteome
XP_002285579.2,1512,2,490,490,proteome
XP_010657085.1,1511,2,489,489,proteome
XP_059592797.1,1511,2,489,489,proteome
XP_010655458.1,1510,2,488,488,proteome
XP_010661444.1,1510,2,488,488,proteome
XP_002265012.1,1509,2,487,487,proteome
XP_010652180.1,1509,2,487,487,proteome
XP_019076666.1,1509,2,487,487,proteome
XP_059593861.1,1509,2,487,487,proteome
XP_059591028.1,1508,2,486,486,proteome
XP_059595684.1,1508,2,486,486,proteome
XP_059592931.1,1507,2,485,485,proteome
XP_010653740.1,1506,2,484,484,proteome
XP_010660170.1,1506,2,484,484,proteome
XP_010660171.1,1506,2,484,484,proteome
XP_010660172.1,1505,2,483,483,proteome
XP_059599213.1,1505,2,483,483,proteome
XP_010648225.1,1504,2,482,482,proteome
XP_059594765.1,1504,2,482,482,proteome
XP_019071980.1,1500,2,478,478,proteome
XP_059597082.1,1500,2,478,478,proteome
XP_059591037.1,1499,2,477,477,proteome
XP_002271822.3,1498,2,476,476,proteome
XP_010659498.1,1498,2,476,476,proteome
XP_010659502.1,1498,2,476,476,proteome
XP_019079863.1,1498,2,476,476,proteome
XP_019079864.1,1498,2,476,476,proteome
XP_059597791.1,1498,2,476,476,proteome
XP_059597792.1,1498,2,476,476,proteome
XP_002281257.2,1496,2,474,474,proteome
XP_002279863.2,1494,2,472,472,proteome
XP_003634755.2,1494,2,472,472,proteome
XP_010648472.1,1494,2,472,472,proteome
XP_019072649.2,1494,2,472,472,proteome
XP_059591428.1,1494,2,472,472,proteome
XP_010654625.2,1493,2,471,471,proteome
XP_019072324.1,1493,2,471,471,proteome
XP_010658731.1,1491,2,469,469,proteome
XP_059590825.1,1491,2,469,469,proteome
XP_059590826.1,1491,2,469,469,proteome
XP_059590827.1,1491,2,469,469,proteome
XP_059595685.1,1490,2,468,468,proteome
XP_059598091.1,1490,2,468,468,proteome
XP_059598092.1,1490,2,468,468,proteome
XP_059598093.1,1490,2,468,468,proteome
XP_059598094.1,1490,2,468,468,proteome
XP_059598095.1,1490,2,468,468,proteome
XP_059598096.1,1490,2,468,468,proteome
XP_059598097.1,1490,2,468,468,proteome
XP_059598098.1,1490,2,468,468,proteome
XP_059598099.1,1490,2,468,468,proteome
XP_059598100.1,1490,2,468,468,proteome
XP_002274267.1,1489,2,467,467,proteome
XP_002280231.2,1489,2,467,467,proteome
XP_059590624.1,1488,2,466,466,proteome
XP_010655394.1,1487,2,465,465,proteome
XP_059595122.1,1486,2,464,464,proteome
XP_002265605.2,1485,2,463,463,proteome
XP_059595807.1,1484,2,462,462,proteome
XP_002266842.2,1483,2,461,461,proteome
XP_010663573.1,1482,2,460,460,proteome
XP_010663576.1,1481,2,459,459,proteome
XP_059598957.1,1481,2,459,459,proteome
NP_001290005.1,1480,2,458,458,proteome
XP_010658728.1,1480,2,458,458,proteome
XP_010662590.1,1480,2,458,458,proteome
XP_019081350.1,1480,2,458,458,proteome
XP_019081351.1,1480,2,458,458,proteome
XP_059599288.1,1480,2,458,458,proteome
XP_059599289.1,1480,2,458,458,proteome
XP_059599290.1,1480,2,458,458,proteome
XP_059599291.1,1480,2,458,458,proteome
XP_002271866.1,1479,2,457,457,proteome
XP_010658730.1,1479,2,457,457,proteome
XP_010654512.1,1478,2,456,456,proteome
XP_010662151.1,1478,2,456,456,proteome
XP_010656604.1,1474,2,452,452,proteome
XP_059595686.1,1474,2,452,452,proteome
XP_010645860.1,1473,2,451,451,proteome
XP_010645861.1,1473,2,451,451,proteome
XP_010651917.2,1473,2,451,451,proteome
XP_002282918.2,1472,2,450,450,proteome
XP_010661447.1,1472,2,450,450,proteome
XP_010651715.1,1471,2,449,449,proteome
XP_059595691.1,1471,2,449,449,proteome
XP_059599214.1,1471,2,449,449,proteome
XP_002270485.1,1470,2,448,448,proteome
XP_010663244.1,1470,2,448,448,proteome
XP_002276212.2,1469,2,447,447,proteome
XP_059595687.1,1469,2,447,447,proteome
XP_010649214.1,1468,2,446,446,proteome
XP_010665099.1,1468,2,446,446,proteome
XP_010664265.1,1467,2,445,445,proteome
XP_002267274.1,1465,2,443,443,proteome
XP_002276236.2,1465,2,443,443,proteome
XP_010651639.1,1465,2,443,443,proteome
XP_010654583.1,1464,2,442,442,proteome
XP_010658001.1,1464,2,442,442,proteome
XP_010651641.1,1463,2,441,441,proteome
XP_010664266.1,1463,2,441,441,proteome
XP_002266601.1,1462,2,440,440,proteome
XP_010661907.1,1462,2,440,440,proteome
XP_019071905.1,1462,2,440,440,proteome
XP_010649215.1,1461,2,439,439,proteome
XP_010644690.1,1460,2,438,438,proteome
XP_010644691.1,1460,2,438,438,proteome
XP_010644692.1,1460,2,438,438,proteome
XP_010644693.1,1460,2,438,438,proteome
XP_010649216.1,1460,2,438,438,proteome
XP_010654551.1,1460,2,438,438,proteome
XP_010661365.1,1460,2,438,438,proteome
XP_059591649.1,1460,2,438,438,proteome
XP_010654718.1,1459,2,437,437,proteome
XP_059595507.1,1459,2,437,437,proteome
XP_002263889.1,1458,2,436,436,proteome
XP_002266275.1,1458,2,436,436,proteome
XP_010661369.1,1458,2,436,436,proteome
XP_010654549.1,1456,2,434,434,proteome
XP_019072648.1,1456,2,434,434,proteome
XP_059597445.1,1456,2,434,434,proteome
XP_010649121.1,1455,2,433,433,proteome
XP_010659506.1,1455,2,433,433,proteome
XP_010659507.1,1455,2,433,433,proteome
XP_010659508.1,1455,2,433,433,proteome
XP_010659509.1,1455,2,433,433,proteome
XP_010659510.1,1455,2,433,433,proteome
XP_010663582.1,1455,2,433,433,proteome
XP_019079865.1,1455,2,433,433,proteome
XP_019079866.1,1455,2,433,433,proteome
XP_019079867.1,1455,2,433,433,proteome
XP_019079868.1,1455,2,433,433,proteome
XP_019079871.1,1455,2,433,433,proteome
XP_059597793.1,1455,2,433,433,proteome
XP_010651721.1,1454,2,432,432,proteome
XP_010654715.1,1454,2,432,432,proteome
XP_010654716.1,1454,2,432,432,proteome
XP_010654717.1,1454,2,432,432,proteome
XP_059590253.1,1454,2,432,432,proteome
XP_059590259.1,1454,2,432,432,proteome
XP_059595510.1,1454,2,432,432,proteome
XP_002267191.2,1453,2,431,431,proteome
XP_019079883.1,1452,2,430,430,proteome
XP_019079884.1,1452,2,430,430,proteome
XP_059595506.1,1452,2,430,430,proteome
XP_059596240.1,1452,2,430,430,proteome
XP_010652829.1,1451,2,429,429,proteome
XP_010652836.1,1451,2,429,429,proteome
XP_010652842.1,1451,2,429,429,proteome
XP_010654053.1,1451,2,429,429,proteome
NP_001288053.1,1450,2,428,428,proteome
XP_010652846.1,1450,2,428,428,proteome
XP_010664218.1,1450,2,428,428,proteome
XP_059596338.1,1450,2,428,428,proteome
XP_059596339.1,1450,2,428,428,proteome
XP_002266168.2,1449,2,427,427,proteome
XP_019081674.1,1449,2,427,427,proteome
XP_019081675.1,1449,2,427,427,proteome
XP_002272836.3,1448,2,426,426,proteome
XP_010663589.1,1447,2,425,425,proteome
XP_059597974.1,1447,2,425,425,proteome
XP_010660378.1,1446,2,424,424,proteome
XP_010664076.1,1446,2,424,424,proteome
XP_059590261.1,1446,2,424,424,proteome
XP_059593054.1,1446,2,424,424,proteome
XP_010652769.1,1445,2,423,423,proteome
XP_010652850.1,1445,2,423,423,proteome
XP_010659324.1,1445,2,423,423,proteome
XP_059591487.1,1445,2,423,423,proteome
XP_059591488.1,1445,2,423,423,proteome
XP_059591489.1,1445,2,423,423,proteome
XP_059591490.1,1445,2,423,423,proteome
XP_059591491.1,1445,2,423,423,proteome
XP_059591492.1,1445,2,423,423,proteome
XP_059591493.1,1445,2,423,423,proteome
XP_059591494.1,1445,2,423,423,proteome
XP_059591495.1,1445,2,423,423,proteome
XP_059591496.1,1445,2,423,423,proteome
XP_059591497.1,1445,2,423,423,proteome
XP_059591499.1,1445,2,423,423,proteome
XP_059591500.1,1445,2,423,423,proteome
XP_059591501.1,1445,2,423,423,proteome
XP_059591502.1,1445,2,423,423,proteome
XP_059591503.1,1445,2,423,423,proteome
XP_059591504.1,1445,2,423,423,proteome
XP_059591505.1,1445,2,423,423,proteome
XP_059591506.1,1445,2,423,423,proteome
XP_059591507.1,1445,2,423,423,proteome
XP_059591508.1,1445,2,423,423,proteome
XP_059591509.1,1445,2,423,423,proteome
XP_059591510.1,1445,2,423,423,proteome
XP_059591511.1,1445,2,423,423,proteome
XP_059591512.1,1445,2,423,423,proteome
XP_059591513.1,1445,2,423,423,proteome
XP_059599368.1,1445,2,423,423,proteome
XP_002283071.1,1444,2,422,422,proteome
XP_059596342.1,1444,2,422,422,proteome
XP_002268371.1,1442,2,420,420,proteome
XP_010648307.1,1442,2,420,420,proteome
XP_010648606.1,1442,2,420,420,proteome
XP_059590470.1,1442,2,420,420,proteome
XP_059599304.1,1442,2,420,420,proteome
XP_010651976.1,1441,2,419,419,proteome
XP_010651977.1,1441,2,419,419,proteome
XP_010656157.1,1441,2,419,419,proteome
XP_002265367.1,1440,2,418,418,proteome
XP_010649677.3,1440,2,418,418,proteome
XP_010651979.1,1440,2,418,418,proteome
XP_010663010.2,1440,2,418,418,proteome
XP_059594326.1,1440,2,418,418,proteome
XP_059594327.1,1440,2,418,418,proteome
XP_059594328.1,1440,2,418,418,proteome
XP_059594329.1,1440,2,418,418,proteome
XP_059594330.1,1440,2,418,418,proteome
XP_059594331.1,1440,2,418,418,proteome
XP_059594332.1,1440,2,418,418,proteome
XP_059594333.1,1440,2,418,418,proteome
XP_059594334.1,1440,2,418,418,proteome
XP_059594335.1,1440,2,418,418,proteome
XP_059594336.1,1440,2,418,418,proteome
XP_010648308.1,1439,2,417,417,proteome
XP_010652451.1,1439,2,417,417,proteome
XP_010654624.1,1438,2,416,416,proteome
XP_019079960.1,1437,2,415,415,proteome
XP_059597263.1,1437,2,415,415,proteome
XP_059597264.1,1437,2,415,415,proteome
XP_059597484.1,1437,2,415,415,proteome
XP_059597906.1,1437,2,415,415,proteome
XP_059597907.1,1437,2,415,415,proteome
XP_059597908.1,1437,2,415,415,proteome
XP_059597909.1,1437,2,415,415,proteome
XP_059597910.1,1437,2,415,415,proteome
XP_059597911.1,1437,2,415,415,proteome
XP_059597912.1,1437,2,415,415,proteome
XP_059597913.1,1437,2,415,415,proteome
XP_059597914.1,1437,2,415,415,proteome
XP_059597915.1,1437,2,415,415,proteome
XP_059597916.1,1437,2,415,415,proteome
XP_059597917.1,1437,2,415,415,proteome
XP_059597918.1,1437,2,415,415,proteome
XP_059597919.1,1437,2,415,415,proteome
XP_059597920.1,1437,2,415,415,proteome
XP_059597921.1,1437,2,415,415,proteome
XP_059597922.1,1437,2,415,415,proteome
XP_059597923.1,1437,2,415,415,proteome
XP_059597924.1,1437,2,415,415,proteome
XP_059597925.1,1437,2,415,415,proteome
XP_059597926.1,1437,2,415,415,proteome
XP_059597927.1,1437,2,415,415,proteome
XP_059597928.1,1437,2,415,415,proteome
XP_059597930.1,1437,2,415,415,proteome
XP_059597931.1,1437,2,415,415,proteome
XP_059597932.1,1437,2,415,415,proteome
XP_059597933.1,1437,2,415,415,proteome
XP_059597934.1,1437,2,415,415,proteome
XP_059597935.1,1437,2,415,415,proteome
XP_059597936.1,1437,2,415,415,proteome
XP_059597937.1,1437,2,415,415,proteome
XP_059597938.1,1437,2,415,415,proteome
XP_059597939.1,1437,2,415,415,proteome
XP_059597940.1,1437,2,415,415,proteome
XP_059597941.1,1437,2,415,415,proteome
XP_059597942.1,1437,2,415,415,proteome
XP_059597943.1,1437,2,415,415,proteome
XP_059597944.1,1437,2,415,415,proteome
XP_059597946.1,1437,2,415,415,proteome
XP_059597947.1,1437,2,415,415,proteome
XP_003633511.1,1436,2,414,414,proteome
XP_010648604.1,1436,2,414,414,proteome
XP_010660084.1,1436,2,414,414,proteome
XP_019079927.1,1436,2,414,414,proteome
XP_059597485.1,1436,2,414,414,proteome
XP_059597486.1,1436,2,414,414,proteome
XP_059597487.1,1436,2,414,414,proteome
XP_059597488.1,1436,2,414,414,proteome
XP_059597489.1,1436,2,414,414,proteome
XP_059597490.1,1436,2,414,414,proteome
XP_059597492.1,1436,2,414,414,proteome
XP_059597493.1,1436,2,414,414,proteome
XP_059597494.1,1436,2,414,414,proteome
XP_059597495.1,1436,2,414,414,proteome
XP_059597496.1,1436,2,414,414,proteome
XP_059597497.1,1436,2,414,414,proteome
XP_059597498.1,1436,2,414,414,proteome
XP_019082049.1,1435,2,413,413,proteome
XP_002263027.4,1434,2,412,412,proteome
XP_010651850.1,1434,2,412,412,proteome
XP_010651856.1,1434,2,412,412,proteome
XP_019080087.1,1434,2,412,412,proteome
XP_010664219.1,1433,2,411,411,proteome
XP_059590266.1,1433,2,411,411,proteome
XP_059596846.1,1433,2,411,411,proteome
XP_010649895.1,1432,2,410,410,proteome
XP_010649896.1,1432,2,410,410,proteome
XP_010649897.1,1432,2,410,410,proteome
XP_010659310.1,1432,2,410,410,proteome
XP_010665031.1,1432,2,410,410,proteome
XP_019079785.1,1432,2,410,410,proteome
XP_059597595.1,1432,2,410,410,proteome
XP_059597596.1,1432,2,410,410,proteome
XP_059597597.1,1432,2,410,410,proteome
XP_059597598.1,1432,2,410,410,proteome
XP_059597599.1,1432,2,410,410,proteome
XP_059597600.1,1432,2,410,410,proteome
XP_059597601.1,1432,2,410,410,proteome
XP_059597602.1,1432,2,410,410,proteome
XP_059597603.1,1432,2,410,410,proteome
XP_010648195.2,1430,2,408,408,proteome
XP_010665035.1,1430,2,408,408,proteome
XP_010665446.1,1430,2,408,408,proteome
XP_019071921.1,1430,2,408,408,proteome
XP_002274375.1,1427,2,405,405,proteome
XP_019080014.1,1426,2,404,404,proteome
XP_019080015.1,1426,2,404,404,proteome
XP_019080018.1,1426,2,404,404,proteome
XP_019080019.1,1426,2,404,404,proteome
XP_059597620.1,1426,2,404,404,proteome
XP_059597621.1,1426,2,404,404,proteome
XP_059597622.1,1426,2,404,404,proteome
XP_002277322.2,1425,2,403,403,proteome
XP_010656540.1,1425,2,403,403,proteome
XP_019079491.2,1425,2,403,403,proteome
XP_059596157.1,1425,2,403,403,proteome
XP_059597024.1,1425,2,403,403,proteome
XP_059597025.1,1425,2,403,403,proteome
XP_059597026.1,1425,2,403,403,proteome
XP_059597027.1,1425,2,403,403,proteome
XP_059597028.1,1425,2,403,403,proteome
XP_059597029.1,1425,2,403,403,proteome
XP_059597030.1,1425,2,403,403,proteome
XP_059597031.1,1425,2,403,403,proteome
XP_059597032.1,1425,2,403,403,proteome
XP_059597033.1,1425,2,403,403,proteome
XP_059597034.1,1425,2,403,403,proteome
XP_059597035.1,1425,2,403,403,proteome
XP_059597036.1,1425,2,403,403,proteome
XP_059597037.1,1425,2,403,403,proteome
XP_059597038.1,1425,2,403,403,proteome
XP_002270668.2,1424,2,402,402,proteome
XP_010654721.1,1424,2,402,402,proteome
XP_010654722.1,1424,2,402,402,proteome
XP_010658933.1,1424,2,402,402,proteome
XP_010661909.1,1424,2,402,402,proteome
XP_019077178.1,1424,2,402,402,proteome
XP_019080158.1,1424,2,402,402,proteome
XP_019080159.1,1424,2,402,402,proteome
XP_019080160.1,1424,2,402,402,proteome
XP_019080162.1,1424,2,402,402,proteome
XP_019080164.1,1424,2,402,402,proteome
XP_019080165.1,1424,2,402,402,proteome
XP_019080166.1,1424,2,402,402,proteome
XP_059595505.1,1424,2,402,402,proteome
XP_059595508.1,1424,2,402,402,proteome
XP_059597552.1,1424,2,402,402,proteome
XP_059597553.1,1424,2,402,402,proteome
XP_010646525.2,1423,2,401,401,proteome
XP_010655459.1,1422,2,400,400,proteome
XP_019075289.1,1422,2,400,400,proteome
XP_002281842.1,1421,2,399,399,proteome
XP_002284885.1,1421,2,399,399,proteome
XP_010649581.1,1421,2,399,399,proteome
XP_010657498.1,1420,2,398,398,proteome
XP_010657499.1,1419,2,397,397,proteome
XP_019073214.1,1419,2,397,397,proteome
XP_059590268.1,1419,2,397,397,proteome
XP_002262753.1,1418,2,396,396,proteome
XP_059593414.1,1418,2,396,396,proteome
XP_059593684.1,1418,2,396,396,proteome
XP_010650907.1,1417,2,395,395,proteome
XP_059590817.1,1417,2,395,395,proteome
XP_059592932.1,1417,2,395,395,proteome
XP_010656385.1,1415,2,393,393,proteome
XP_019072704.1,1415,2,393,393,proteome
XP_010665199.1,1413,2,391,391,proteome
XP_019072453.1,1413,2,391,391,proteome
XP_019073139.2,1413,2,391,391,proteome
XP_010658537.1,1412,2,390,390,proteome
XP_010660188.1,1412,2,390,390,proteome
XP_010660189.1,1412,2,390,390,proteome
XP_059598588.1,1411,2,389,389,proteome
XP_059598589.1,1411,2,389,389,proteome
XP_002284223.2,1410,2,388,388,proteome
XP_059595270.1,1410,2,388,388,proteome
XP_002271999.1,1409,2,387,387,proteome
XP_010654397.1,1409,2,387,387,proteome
XP_010654398.1,1409,2,387,387,proteome
XP_019077779.1,1409,2,387,387,proteome
XP_019077780.1,1409,2,387,387,proteome
XP_059597335.1,1408,2,386,386,proteome
XP_010659468.1,1407,2,385,385,proteome
XP_010659470.1,1407,2,385,385,proteome
XP_010659471.1,1407,2,385,385,proteome
XP_010659475.1,1407,2,385,385,proteome
XP_019079736.1,1407,2,385,385,proteome
XP_019079738.1,1407,2,385,385,proteome
XP_019079739.1,1407,2,385,385,proteome
XP_019079742.1,1407,2,385,385,proteome
XP_019079743.1,1407,2,385,385,proteome
XP_019079744.1,1407,2,385,385,proteome
XP_019079745.1,1407,2,385,385,proteome
XP_019079746.1,1407,2,385,385,proteome
XP_059597762.1,1407,2,385,385,proteome
XP_059597763.1,1407,2,385,385,proteome
XP_059597764.1,1407,2,385,385,proteome
XP_059597765.1,1407,2,385,385,proteome
XP_059597766.1,1407,2,385,385,proteome
XP_059597767.1,1407,2,385,385,proteome
XP_059597768.1,1407,2,385,385,proteome
XP_010649218.1,1405,2,383,383,proteome
XP_010651064.1,1405,2,383,383,proteome
XP_010656541.1,1405,2,383,383,proteome
XP_019075958.1,1405,2,383,383,proteome
XP_059593429.1,1405,2,383,383,proteome
XP_010654827.1,1404,2,382,382,proteome
XP_010659100.1,1404,2,382,382,proteome
XP_010659101.1,1404,2,382,382,proteome
XP_010659102.1,1404,2,382,382,proteome
XP_010659103.1,1404,2,382,382,proteome
XP_010659105.1,1404,2,382,382,proteome
XP_010659106.1,1404,2,382,382,proteome
XP_010659107.1,1404,2,382,382,proteome
XP_010659108.1,1404,2,382,382,proteome
XP_010659109.1,1404,2,382,382,proteome
XP_010659110.1,1404,2,382,382,proteome
XP_010659112.1,1404,2,382,382,proteome
XP_010659113.1,1404,2,382,382,proteome
XP_010659114.1,1404,2,382,382,proteome
XP_010659115.1,1404,2,382,382,proteome
XP_019079970.1,1404,2,382,382,proteome
XP_019079972.1,1404,2,382,382,proteome
XP_019079973.1,1404,2,382,382,proteome
XP_019079974.1,1404,2,382,382,proteome
XP_059597471.1,1404,2,382,382,proteome
XP_059597472.1,1404,2,382,382,proteome
XP_059597473.1,1404,2,382,382,proteome
XP_059597474.1,1404,2,382,382,proteome
XP_059597475.1,1404,2,382,382,proteome
XP_010651980.1,1403,2,381,381,proteome
XP_010652304.1,1403,2,381,381,proteome
XP_010652305.1,1403,2,381,381,proteome
XP_019076707.1,1403,2,381,381,proteome
XP_059591266.1,1403,2,381,381,proteome
XP_059593922.1,1403,2,381,381,proteome
XP_059593923.1,1403,2,381,381,proteome
XP_010655902.1,1402,2,380,380,proteome
XP_059589788.1,1402,2,380,380,proteome
XP_059591267.1,1402,2,380,380,proteome
XP_059595393.1,1402,2,380,380,proteome
XP_002269575.1,1401,2,379,379,proteome
XP_059591430.1,1401,2,379,379,proteome
XP_059591431.1,1401,2,379,379,proteome
XP_059591551.1,1401,2,379,379,proteome
XP_010661318.1,1400,2,378,378,proteome
XP_019079791.1,1400,2,378,378,proteome
XP_019079796.1,1400,2,378,378,proteome
XP_019081245.1,1400,2,378,378,proteome
XP_059597604.1,1400,2,378,378,proteome
XP_019079062.1,1399,2,377,377,proteome
XP_019079065.1,1399,2,377,377,proteome
XP_019079069.1,1399,2,377,377,proteome
XP_019079070.1,1399,2,377,377,proteome
XP_019079091.2,1399,2,377,377,proteome
XP_059597020.1,1399,2,377,377,proteome
XP_059597021.1,1399,2,377,377,proteome
XP_059597022.1,1399,2,377,377,proteome
XP_059597023.1,1399,2,377,377,proteome
XP_010649898.1,1398,2,376,376,proteome
XP_010653852.1,1397,2,375,375,proteome
XP_019077720.1,1397,2,375,375,proteome
XP_019078624.1,1397,2,375,375,proteome
XP_010649614.1,1396,2,374,374,proteome
XP_019079747.1,1396,2,374,374,proteome
XP_059597770.1,1396,2,374,374,proteome
XP_059597771.1,1396,2,374,374,proteome
XP_059597772.1,1396,2,374,374,proteome
XP_059597773.1,1396,2,374,374,proteome
XP_059597774.1,1396,2,374,374,proteome
XP_059597775.1,1396,2,374,374,proteome
XP_059597776.1,1396,2,374,374,proteome
XP_059597777.1,1396,2,374,374,proteome
XP_059597778.1,1396,2,374,374,proteome
XP_059597779.1,1396,2,374,374,proteome
XP_059597780.1,1396,2,374,374,proteome
XP_002281791.2,1395,2,373,373,proteome
XP_010649615.1,1395,2,373,373,proteome
XP_059597781.1,1394,2,372,372,proteome
XP_059597782.1,1394,2,372,372,proteome
YP_567066.1,1394,2,372,372,proteome
XP_002267014.2,1393,2,371,371,proteome
XP_010665014.1,1393,2,371,371,proteome
XP_002284629.1,1392,2,370,370,proteome
XP_059596160.1,1391,2,369,369,proteome
XP_002281184.1,1390,2,368,368,proteome
XP_019073264.1,1390,2,368,368,proteome
XP_019073265.1,1390,2,368,368,proteome
XP_010663864.1,1389,2,367,367,proteome
XP_019072558.1,1389,2,367,367,proteome
XP_059597520.1,1389,2,367,367,proteome
XP_059597521.1,1389,2,367,367,proteome
XP_059597522.1,1389,2,367,367,proteome
XP_010664308.1,1387,2,365,365,proteome
XP_019072299.2,1387,2,365,365,proteome
XP_059590811.1,1387,2,365,365,proteome
XP_059597039.1,1387,2,365,365,proteome
XP_059597040.1,1387,2,365,365,proteome
XP_059597041.1,1387,2,365,365,proteome
XP_002276411.1,1386,2,364,364,proteome
XP_002276461.1,1386,2,364,364,proteome
XP_019080292.1,1386,2,364,364,proteome
XP_019073260.2,1385,2,363,363,proteome
XP_059597714.1,1385,2,363,363,proteome
XP_059597715.1,1385,2,363,363,proteome
XP_059597716.1,1385,2,363,363,proteome
XP_059597718.1,1385,2,363,363,proteome
XP_059597719.1,1385,2,363,363,proteome
XP_059597720.1,1385,2,363,363,proteome
XP_059597721.1,1385,2,363,363,proteome
XP_059597722.1,1385,2,363,363,proteome
XP_059597724.1,1385,2,363,363,proteome
XP_059597725.1,1385,2,363,363,proteome
XP_059597726.1,1385,2,363,363,proteome
XP_059597727.1,1385,2,363,363,proteome
XP_059597728.1,1385,2,363,363,proteome
XP_010651820.1,1384,2,362,362,proteome
XP_010651821.1,1383,2,361,361,proteome
XP_010652774.1,1383,2,361,361,proteome
XP_010664038.1,1383,2,361,361,proteome
XP_059593422.1,1383,2,361,361,proteome
XP_059596412.1,1383,2,361,361,proteome
XP_059597965.1,1383,2,361,361,proteome
XP_010661253.1,1382,2,360,360,proteome
XP_059596161.1,1382,2,360,360,proteome
XP_059598175.1,1382,2,360,360,proteome
NP_001268078.1,1381,2,359,359,proteome
XP_002267228.2,1381,2,359,359,proteome
XP_010651822.1,1381,2,359,359,proteome
XP_010652777.1,1380,2,358,358,proteome
XP_019076162.1,1380,2,358,358,proteome
XP_010645585.1,1379,2,357,357,proteome
XP_010663694.2,1379,2,357,357,proteome
XP_010645498.1,1378,2,356,356,proteome
XP_010645499.1,1378,2,356,356,proteome
XP_010645500.1,1378,2,356,356,proteome
XP_019073170.1,1378,2,356,356,proteome
XP_019073172.1,1378,2,356,356,proteome
XP_019073173.1,1378,2,356,356,proteome
XP_019073174.1,1378,2,356,356,proteome
XP_019073175.1,1378,2,356,356,proteome
XP_019073176.1,1378,2,356,356,proteome
XP_059597648.1,1378,2,356,356,proteome
XP_059597650.1,1378,2,356,356,proteome
XP_059597651.1,1378,2,356,356,proteome
XP_059597652.1,1378,2,356,356,proteome
XP_059597653.1,1378,2,356,356,proteome
XP_059597654.1,1378,2,356,356,proteome
XP_059597655.1,1378,2,356,356,proteome
XP_059597656.1,1378,2,356,356,proteome
XP_059597657.1,1378,2,356,356,proteome
XP_010650335.1,1376,2,354,354,proteome
XP_010663695.1,1376,2,354,354,proteome
XP_010660379.1,1375,2,353,353,proteome
XP_019073663.2,1375,2,353,353,proteome
XP_059590153.1,1373,2,351,351,proteome
XP_002269564.3,1372,2,350,350,proteome
XP_010662737.1,1370,2,348,348,proteome
XP_002285473.1,1369,2,347,347,proteome
XP_010662738.1,1369,2,347,347,proteome
XP_002276882.1,1368,2,346,346,proteome
XP_019078994.1,1368,2,346,346,proteome
XP_059597296.1,1368,2,346,346,proteome
XP_002273629.1,1365,2,343,343,proteome
XP_010658143.1,1365,2,343,343,proteome
XP_010662132.1,1365,2,343,343,proteome
XP_059596163.1,1365,2,343,343,proteome
XP_010660190.1,1364,2,342,342,proteome
XP_003632587.1,1363,2,341,341,proteome
XP_002273658.3,1361,2,339,339,proteome
XP_010661151.1,1361,2,339,339,proteome
XP_019078294.1,1361,2,339,339,proteome
XP_010663540.1,1360,2,338,338,proteome
XP_010665320.1,1360,2,338,338,proteome
XP_002272317.2,1359,2,337,337,proteome
XP_010657771.1,1359,2,337,337,proteome
XP_010663541.1,1359,2,337,337,proteome
XP_019073306.1,1359,2,337,337,proteome
XP_019073307.1,1359,2,337,337,proteome
XP_019073308.1,1359,2,337,337,proteome
XP_019073310.1,1359,2,337,337,proteome
XP_019073312.1,1359,2,337,337,proteome
XP_019073313.1,1359,2,337,337,proteome
XP_019073314.1,1359,2,337,337,proteome
XP_019073315.1,1359,2,337,337,proteome
XP_019073317.1,1359,2,337,337,proteome
XP_019073321.1,1359,2,337,337,proteome
XP_019073322.1,1359,2,337,337,proteome
XP_019076211.1,1359,2,337,337,proteome
XP_059597546.1,1359,2,337,337,proteome
XP_059597547.1,1359,2,337,337,proteome
XP_059597548.1,1359,2,337,337,proteome
XP_059597549.1,1359,2,337,337,proteome
XP_002277714.2,1358,2,336,336,proteome
XP_010648221.1,1358,2,336,336,proteome
XP_019071872.1,1358,2,336,336,proteome
XP_059590861.1,1358,2,336,336,proteome
XP_059597545.1,1358,2,336,336,proteome
XP_059597966.1,1358,2,336,336,proteome
XP_003632256.1,1357,2,335,335,proteome
XP_010651605.1,1357,2,335,335,proteome
XP_059590316.1,1357,2,335,335,proteome
XP_010649586.1,1356,2,334,334,proteome
XP_010659220.1,1356,2,334,334,proteome
XP_010659221.1,1356,2,334,334,proteome
XP_010659223.1,1356,2,334,334,proteome
XP_019079716.1,1356,2,334,334,proteome
XP_019079719.1,1356,2,334,334,proteome
XP_019079720.1,1356,2,334,334,proteome
XP_019079721.1,1356,2,334,334,proteome
XP_019079722.1,1356,2,334,334,proteome
XP_019079723.1,1356,2,334,334,proteome
XP_059597561.1,1356,2,334,334,proteome
XP_059597562.1,1356,2,334,334,proteome
XP_059597563.1,1356,2,334,334,proteome
XP_010662571.1,1355,2,333,333,proteome
XP_010662572.1,1355,2,333,333,proteome
XP_059594234.1,1355,2,333,333,proteome
XP_059594235.1,1355,2,333,333,proteome
XP_059594236.1,1355,2,333,333,proteome
XP_059594237.1,1355,2,333,333,proteome
XP_059594238.1,1355,2,333,333,proteome
XP_059594239.1,1355,2,333,333,proteome
XP_059594240.1,1355,2,333,333,proteome
XP_059594241.1,1355,2,333,333,proteome
XP_059594242.1,1355,2,333,333,proteome
XP_059594243.1,1355,2,333,333,proteome
XP_059594244.1,1355,2,333,333,proteome
XP_059594245.1,1355,2,333,333,proteome
XP_059594246.1,1355,2,333,333,proteome
XP_059594247.1,1355,2,333,333,proteome
XP_059594248.1,1355,2,333,333,proteome
XP_002266505.1,1354,2,332,332,proteome
XP_010650946.1,1354,2,332,332,proteome
XP_010661376.1,1354,2,332,332,proteome
XP_010662573.1,1354,2,332,332,proteome
XP_019075751.1,1354,2,332,332,proteome
XP_002281287.2,1351,2,329,329,proteome
XP_010645463.1,1351,2,329,329,proteome
XP_010658860.2,1351,2,329,329,proteome
XP_019073258.2,1351,2,329,329,proteome
XP_019080078.2,1351,2,329,329,proteome
XP_059597706.1,1351,2,329,329,proteome
XP_059597737.1,1351,2,329,329,proteome
XP_019073094.2,1350,2,328,328,proteome
XP_019073095.2,1350,2,328,328,proteome
XP_019080446.1,1350,2,328,328,proteome
XP_059594155.1,1350,2,328,328,proteome
XP_059594156.1,1350,2,328,328,proteome
XP_059594157.1,1350,2,328,328,proteome
XP_059594158.1,1350,2,328,328,proteome
XP_059594159.1,1350,2,328,328,proteome
XP_059594160.1,1350,2,328,328,proteome
XP_059594161.1,1350,2,328,328,proteome
XP_059594162.1,1350,2,328,328,proteome
XP_059594163.1,1350,2,328,328,proteome
XP_059594165.1,1350,2,328,328,proteome
XP_059594166.1,1350,2,328,328,proteome
XP_059594167.1,1350,2,328,328,proteome
XP_059594168.1,1350,2,328,328,proteome
XP_059594169.1,1350,2,328,328,proteome
XP_059594170.1,1350,2,328,328,proteome
XP_059594171.1,1350,2,328,328,proteome
XP_059594172.1,1350,2,328,328,proteome
XP_059594173.1,1350,2,328,328,proteome
XP_059594174.1,1350,2,328,328,proteome
XP_059594175.1,1350,2,328,328,proteome
XP_059594176.1,1350,2,328,328,proteome
XP_059594177.1,1350,2,328,328,proteome
XP_059594178.1,1350,2,328,328,proteome
XP_059594179.1,1350,2,328,328,proteome
XP_059594180.1,1350,2,328,328,proteome
XP_059594181.1,1350,2,328,328,proteome
XP_059594182.1,1350,2,328,328,proteome
XP_059594183.1,1350,2,328,328,proteome
XP_059594184.1,1350,2,328,328,proteome
XP_059594185.1,1350,2,328,328,proteome
XP_059594186.1,1350,2,328,328,proteome
XP_059594187.1,1350,2,328,328,proteome
XP_059594188.1,1350,2,328,328,proteome
XP_059594189.1,1350,2,328,328,proteome
XP_059594190.1,1350,2,328,328,proteome
XP_059594191.1,1350,2,328,328,proteome
XP_059594192.1,1350,2,328,328,proteome
XP_059594193.1,1350,2,328,328,proteome
XP_059594194.1,1350,2,328,328,proteome
XP_059594195.1,1350,2,328,328,proteome
XP_059594196.1,1350,2,328,328,proteome
XP_059594197.1,1350,2,328,328,proteome
XP_059594198.1,1350,2,328,328,proteome
XP_059594199.1,1350,2,328,328,proteome
XP_059594200.1,1350,2,328,328,proteome
XP_059594201.1,1350,2,328,328,proteome
XP_059594202.1,1350,2,328,328,proteome
XP_059594203.1,1350,2,328,328,proteome
XP_059597564.1,1350,2,328,328,proteome
XP_059597566.1,1350,2,328,328,proteome
XP_059597948.1,1350,2,328,328,proteome
XP_010665041.1,1349,2,327,327,proteome
XP_059596313.1,1349,2,327,327,proteome
XP_010652126.1,1348,2,326,326,proteome
XP_010654829.1,1348,2,326,326,proteome
XP_010657086.1,1348,2,326,326,proteome
XP_010661910.1,1348,2,326,326,proteome
XP_059594436.1,1348,2,326,326,proteome
XP_059597572.1,1348,2,326,326,proteome
XP_059597573.1,1348,2,326,326,proteome
XP_059597574.1,1348,2,326,326,proteome
XP_059597575.1,1348,2,326,326,proteome
XP_059597576.1,1348,2,326,326,proteome
XP_059597577.1,1348,2,326,326,proteome
XP_059597578.1,1348,2,326,326,proteome
XP_059597579.1,1348,2,326,326,proteome
XP_059597580.1,1348,2,326,326,proteome
XP_059597581.1,1348,2,326,326,proteome
XP_059597582.1,1348,2,326,326,proteome
XP_059597583.1,1348,2,326,326,proteome
XP_059597584.1,1348,2,326,326,proteome
XP_059597585.1,1348,2,326,326,proteome
XP_059597586.1,1348,2,326,326,proteome
XP_059597587.1,1348,2,326,326,proteome
XP_059597588.1,1348,2,326,326,proteome
XP_059597589.1,1348,2,326,326,proteome
XP_059597590.1,1348,2,326,326,proteome
XP_010652127.1,1347,2,325,325,proteome
XP_010661911.1,1346,2,324,324,proteome
XP_010661913.1,1346,2,324,324,proteome
XP_059599068.1,1346,2,324,324,proteome
XP_002275652.1,1345,2,323,323,proteome
XP_010645607.1,1345,2,323,323,proteome
XP_010650108.1,1345,2,323,323,proteome
XP_059598256.1,1345,2,323,323,proteome
XP_059598257.1,1345,2,323,323,proteome
XP_059598258.1,1345,2,323,323,proteome
XP_059598259.1,1345,2,323,323,proteome
XP_059598260.1,1345,2,323,323,proteome
XP_059598261.1,1345,2,323,323,proteome
XP_059598262.1,1345,2,323,323,proteome
XP_059598263.1,1345,2,323,323,proteome
XP_002271883.2,1344,2,322,322,proteome
XP_010660946.1,1343,2,321,321,proteome
XP_010654552.1,1342,2,320,320,proteome
XP_019077348.1,1342,2,320,320,proteome
XP_059596158.1,1342,2,320,320,proteome
XP_059596929.1,1342,2,320,320,proteome
XP_010647049.1,1341,2,319,319,proteome
XP_010647050.1,1341,2,319,319,proteome
XP_010647055.1,1341,2,319,319,proteome
XP_010647056.1,1341,2,319,319,proteome
XP_010647057.1,1341,2,319,319,proteome
XP_010647058.1,1341,2,319,319,proteome
XP_010647059.1,1341,2,319,319,proteome
XP_010647061.1,1341,2,319,319,proteome
XP_010647062.1,1341,2,319,319,proteome
XP_010647063.1,1341,2,319,319,proteome
XP_010647064.1,1341,2,319,319,proteome
XP_010647065.1,1341,2,319,319,proteome
XP_010647067.1,1341,2,319,319,proteome
XP_019074045.1,1341,2,319,319,proteome
XP_059596644.1,1341,2,319,319,proteome
XP_059598264.1,1341,2,319,319,proteome
XP_059598265.1,1341,2,319,319,proteome
XP_059598266.1,1341,2,319,319,proteome
XP_059598267.1,1341,2,319,319,proteome
XP_059598268.1,1341,2,319,319,proteome
XP_059598269.1,1341,2,319,319,proteome
XP_059598270.1,1341,2,319,319,proteome
XP_059598272.1,1341,2,319,319,proteome
XP_059598273.1,1341,2,319,319,proteome
XP_059598274.1,1341,2,319,319,proteome
XP_059598276.1,1341,2,319,319,proteome
XP_002269707.2,1339,2,317,317,proteome
XP_010656297.1,1339,2,317,317,proteome
XP_010664451.1,1339,2,317,317,proteome
XP_019071771.1,1339,2,317,317,proteome
XP_059594461.1,1339,2,317,317,proteome
XP_059594462.1,1339,2,317,317,proteome
XP_059594463.1,1339,2,317,317,proteome
XP_059594464.1,1339,2,317,317,proteome
XP_002276237.2,1338,2,316,316,proteome
XP_010648992.1,1338,2,316,316,proteome
XP_010656440.1,1338,2,316,316,proteome
XP_010652210.1,1337,2,315,315,proteome
XP_010652211.1,1337,2,315,315,proteome
XP_010652212.1,1337,2,315,315,proteome
XP_010652213.1,1337,2,315,315,proteome
XP_010656441.1,1337,2,315,315,proteome
XP_019076826.1,1337,2,315,315,proteome
XP_019076827.1,1337,2,315,315,proteome
XP_019076237.1,1336,2,314,314,proteome
XP_059598278.1,1336,2,314,314,proteome
XP_059599261.1,1336,2,314,314,proteome
XP_010650889.1,1335,2,313,313,proteome
XP_010664453.1,1335,2,313,313,proteome
XP_019073041.1,1334,2,312,312,proteome
XP_019079095.1,1334,2,312,312,proteome
XP_059598843.1,1334,2,312,312,proteome
XP_010656626.1,1333,2,311,311,proteome
XP_010658144.1,1333,2,311,311,proteome
XP_002264843.2,1332,2,310,310,proteome
XP_010653297.1,1332,2,310,310,proteome
XP_010659595.1,1332,2,310,310,proteome
XP_019079689.1,1332,2,310,310,proteome
XP_019079690.1,1332,2,310,310,proteome
XP_019079691.1,1332,2,310,310,proteome
XP_019079693.1,1332,2,310,310,proteome
XP_019079694.1,1332,2,310,310,proteome
XP_019079695.1,1332,2,310,310,proteome
XP_019079696.1,1332,2,310,310,proteome
XP_019079697.1,1332,2,310,310,proteome
XP_019079701.1,1332,2,310,310,proteome
XP_019079702.1,1332,2,310,310,proteome
XP_059594437.1,1332,2,310,310,proteome
XP_059597434.1,1332,2,310,310,proteome
XP_059597976.1,1332,2,310,310,proteome
XP_002272021.1,1330,2,308,308,proteome
XP_010653098.1,1330,2,308,308,proteome
XP_010658861.2,1330,2,308,308,proteome
XP_059598280.1,1330,2,308,308,proteome
XP_059598281.1,1330,2,308,308,proteome
XP_002268909.3,1329,2,307,307,proteome
XP_010659153.1,1329,2,307,307,proteome
XP_010659154.1,1329,2,307,307,proteome
XP_010659155.1,1329,2,307,307,proteome
XP_010659156.1,1329,2,307,307,proteome
XP_010659157.1,1329,2,307,307,proteome
XP_010659158.1,1329,2,307,307,proteome
XP_010663055.1,1329,2,307,307,proteome
XP_059598189.1,1329,2,307,307,proteome
XP_019073364.1,1328,2,306,306,proteome
XP_010653964.1,1327,2,305,305,proteome
XP_010659069.1,1327,2,305,305,proteome
XP_019079676.1,1327,2,305,305,proteome
XP_019079677.1,1327,2,305,305,proteome
XP_019079678.1,1327,2,305,305,proteome
XP_019079679.1,1327,2,305,305,proteome
XP_059597413.1,1327,2,305,305,proteome
XP_059597414.1,1327,2,305,305,proteome
XP_059597436.1,1327,2,305,305,proteome
XP_019075587.1,1326,2,304,304,proteome
XP_010665100.1,1325,2,303,303,proteome
XP_010665101.1,1325,2,303,303,proteome
XP_059590812.1,1325,2,303,303,proteome
XP_059595998.1,1325,2,303,303,proteome
XP_059597334.1,1325,2,303,303,proteome
XP_010662691.1,1324,2,302,302,proteome
XP_019073356.1,1324,2,302,302,proteome
XP_059599306.1,1324,2,302,302,proteome
XP_059590636.1,1323,2,301,301,proteome
XP_010664222.1,1322,2,300,300,proteome
XP_019073357.1,1322,2,300,300,proteome
XP_019073358.1,1322,2,300,300,proteome
XP_059593742.1,1322,2,300,300,proteome
XP_059595216.1,1322,2,300,300,proteome
XP_059597438.1,1322,2,300,300,proteome
XP_059598060.1,1322,2,300,300,proteome
XP_010649855.1,1321,2,299,299,proteome
XP_019073754.1,1321,2,299,299,proteome
XP_019073755.1,1321,2,299,299,proteome
XP_002274609.1,1320,2,298,298,proteome
XP_019071985.2,1319,2,297,297,proteome
XP_019071986.2,1319,2,297,297,proteome
XP_059590716.1,1319,2,297,297,proteome
XP_059597646.1,1319,2,297,297,proteome
XP_059598057.1,1319,2,297,297,proteome
XP_002276399.1,1318,2,296,296,proteome
XP_010653585.1,1318,2,296,296,proteome
XP_059595005.1,1318,2,296,296,proteome
XP_059595006.1,1318,2,296,296,proteome
XP_059595007.1,1318,2,296,296,proteome
XP_059595008.1,1318,2,296,296,proteome
XP_010665430.1,1317,2,295,295,proteome
XP_019080947.1,1317,2,295,295,proteome
XP_002266665.4,1316,2,294,294,proteome
XP_002279262.1,1316,2,294,294,proteome
XP_010658418.1,1316,2,294,294,proteome
XP_019078143.1,1316,2,294,294,proteome
XP_059591933.1,1315,2,293,293,proteome
XP_010648509.1,1313,2,291,291,proteome
XP_059596429.1,1313,2,291,291,proteome
XP_019074048.1,1312,2,290,290,proteome
XP_019074052.1,1312,2,290,290,proteome
XP_019074053.1,1312,2,290,290,proteome
XP_019074056.1,1312,2,290,290,proteome
XP_019074057.1,1312,2,290,290,proteome
XP_059598282.1,1312,2,290,290,proteome
XP_059598283.1,1312,2,290,290,proteome
XP_059598285.1,1312,2,290,290,proteome
XP_059598286.1,1312,2,290,290,proteome
XP_059598287.1,1312,2,290,290,proteome
XP_059598288.1,1312,2,290,290,proteome
XP_059598289.1,1312,2,290,290,proteome
XP_059598290.1,1312,2,290,290,proteome
XP_059598291.1,1312,2,290,290,proteome
XP_059592762.1,1311,2,289,289,proteome
XP_002272732.3,1310,2,288,288,proteome
XP_010648232.1,1310,2,288,288,proteome
XP_010653099.1,1310,2,288,288,proteome
XP_059599069.1,1310,2,288,288,proteome
XP_019076645.1,1309,2,287,287,proteome
XP_059592509.1,1309,2,287,287,proteome
XP_002265391.1,1308,2,286,286,proteome
XP_019081676.1,1308,2,286,286,proteome
XP_010663711.1,1306,2,284,284,proteome
XP_002265315.1,1304,2,282,282,proteome
XP_002276282.2,1304,2,282,282,proteome
XP_003634211.1,1304,2,282,282,proteome
XP_010659409.1,1304,2,282,282,proteome
XP_019078614.1,1304,2,282,282,proteome
XP_019079389.1,1304,2,282,282,proteome
XP_019079390.1,1304,2,282,282,proteome
XP_019079391.1,1304,2,282,282,proteome
XP_059596521.1,1304,2,282,282,proteome
XP_010663985.1,1303,2,281,281,proteome
XP_019078639.1,1302,2,280,280,proteome
XP_002273978.2,1301,2,279,279,proteome
XP_002276746.2,1301,2,279,279,proteome
XP_059596309.1,1301,2,279,279,proteome
XP_059596310.1,1301,2,279,279,proteome
XP_059596311.1,1301,2,279,279,proteome
XP_059596522.1,1301,2,279,279,proteome
XP_059597113.1,1301,2,279,279,proteome
XP_002272609.1,1300,2,278,278,proteome
XP_059595999.1,1300,2,278,278,proteome
XP_010657812.1,1299,2,277,277,proteome
XP_010657813.1,1299,2,277,277,proteome
XP_010657814.1,1299,2,277,277,proteome
XP_010657815.1,1299,2,277,277,proteome
XP_010657816.1,1299,2,277,277,proteome
XP_010657817.1,1299,2,277,277,proteome
XP_010657818.1,1299,2,277,277,proteome
XP_010657819.1,1299,2,277,277,proteome
XP_010663712.1,1299,2,277,277,proteome
XP_019075039.1,1299,2,277,277,proteome
XP_019079152.1,1299,2,277,277,proteome
XP_019079153.1,1299,2,277,277,proteome
XP_019079155.1,1299,2,277,277,proteome
XP_059595666.1,1299,2,277,277,proteome
XP_059596312.1,1299,2,277,277,proteome
XP_059597373.1,1299,2,277,277,proteome
XP_002273987.1,1297,2,275,275,proteome
XP_002275930.1,1297,2,275,275,proteome
XP_010652340.1,1297,2,275,275,proteome
XP_019076646.1,1297,2,275,275,proteome
XP_019079072.1,1297,2,275,275,proteome
XP_019082070.1,1297,2,275,275,proteome
XP_059593548.1,1297,2,275,275,proteome
XP_002263744.2,1296,2,274,274,proteome
XP_010645858.1,1296,2,274,274,proteome
XP_059593820.1,1296,2,274,274,proteome
XP_059591870.1,1295,2,273,273,proteome
XP_002275143.2,1294,2,272,272,proteome
XP_010649698.1,1294,2,272,272,proteome
XP_019075658.1,1294,2,272,272,proteome
XP_059598997.1,1293,2,271,271,proteome
XP_019072216.1,1292,2,270,270,proteome
XP_002268156.2,1291,2,269,269,proteome
XP_002273047.2,1291,2,269,269,proteome
XP_002279611.3,1291,2,269,269,proteome
XP_010659075.1,1291,2,269,269,proteome
XP_019075299.2,1291,2,269,269,proteome
XP_019078999.1,1291,2,269,269,proteome
XP_059593007.1,1291,2,269,269,proteome
XP_059593008.1,1291,2,269,269,proteome
XP_059593009.1,1291,2,269,269,proteome
XP_059593010.1,1291,2,269,269,proteome
XP_059593011.1,1291,2,269,269,proteome
XP_059593012.1,1291,2,269,269,proteome
XP_059593013.1,1291,2,269,269,proteome
XP_059593014.1,1291,2,269,269,proteome
XP_059593015.1,1291,2,269,269,proteome
XP_059593016.1,1291,2,269,269,proteome
XP_059594546.1,1291,2,269,269,proteome
XP_059597374.1,1291,2,269,269,proteome
XP_059597375.1,1291,2,269,269,proteome
XP_059597376.1,1291,2,269,269,proteome
XP_059597377.1,1291,2,269,269,proteome
XP_059597378.1,1291,2,269,269,proteome
XP_059597379.1,1291,2,269,269,proteome
XP_059597380.1,1291,2,269,269,proteome
XP_010657925.2,1290,2,268,268,proteome
XP_002263641.2,1289,2,267,267,proteome
XP_002264955.2,1289,2,267,267,proteome
XP_010655515.1,1289,2,267,267,proteome
XP_010655522.1,1289,2,267,267,proteome
XP_010659341.1,1289,2,267,267,proteome
XP_010660191.1,1289,2,267,267,proteome
XP_019080801.1,1289,2,267,267,proteome
XP_002266572.2,1288,2,266,266,proteome
XP_010658216.1,1287,2,265,265,proteome
XP_019071804.1,1287,2,265,265,proteome
XP_019071810.1,1287,2,265,265,proteome
XP_059598069.1,1287,2,265,265,proteome
XP_010648046.1,1286,2,264,264,proteome
XP_059590717.1,1286,2,264,264,proteome
XP_059592324.1,1286,2,264,264,proteome
XP_002264162.1,1285,2,263,263,proteome
XP_010654198.1,1285,2,263,263,proteome
XP_010661064.1,1285,2,263,263,proteome
XP_059592262.1,1285,2,263,263,proteome
XP_059596314.1,1285,2,263,263,proteome
XP_059596315.1,1285,2,263,263,proteome
XP_059596316.1,1285,2,263,263,proteome
XP_059596317.1,1285,2,263,263,proteome
XP_059597567.1,1285,2,263,263,proteome
XP_059597568.1,1285,2,263,263,proteome
XP_059597569.1,1285,2,263,263,proteome
XP_059597570.1,1285,2,263,263,proteome
XP_059597571.1,1285,2,263,263,proteome
XP_003632681.1,1284,2,262,262,proteome
XP_010654199.1,1284,2,262,262,proteome
XP_019073762.1,1284,2,262,262,proteome
XP_059590343.1,1284,2,262,262,proteome
XP_059590344.1,1284,2,262,262,proteome
XP_002275969.2,1283,2,261,261,proteome
XP_059596318.1,1283,2,261,261,proteome
XP_059597081.1,1283,2,261,261,proteome
XP_059590540.1,1282,2,260,260,proteome
XP_002272079.2,1281,2,259,259,proteome
XP_019081680.2,1281,2,259,259,proteome
XP_059590835.1,1281,2,259,259,proteome
XP_059597973.1,1281,2,259,259,proteome
XP_059590576.1,1280,2,258,258,proteome
XP_019078066.1,1279,2,257,257,proteome
XP_019079308.1,1279,2,257,257,proteome
XP_059593828.1,1279,2,257,257,proteome
XP_002268959.3,1277,2,255,255,proteome
XP_002276278.2,1276,2,254,254,proteome
XP_002277544.3,1276,2,254,254,proteome
XP_010656786.1,1276,2,254,254,proteome
XP_019077261.1,1276,2,254,254,proteome
XP_059590687.1,1276,2,254,254,proteome
XP_010647096.1,1275,2,253,253,proteome
XP_010647103.1,1275,2,253,253,proteome
XP_010660133.2,1275,2,253,253,proteome
XP_059591003.1,1275,2,253,253,proteome
XP_059592656.1,1275,2,253,253,proteome
XP_059596417.1,1274,2,252,252,proteome
XP_003633380.1,1273,2,251,251,proteome
XP_010656789.1,1273,2,251,251,proteome
XP_010657887.1,1273,2,251,251,proteome
XP_010664838.1,1273,2,251,251,proteome
XP_019078833.1,1273,2,251,251,proteome
XP_059590382.1,1273,2,251,251,proteome
XP_059590383.1,1273,2,251,251,proteome
XP_059590853.1,1273,2,251,251,proteome
XP_059590854.1,1273,2,251,251,proteome
XP_002269977.2,1272,2,250,250,proteome
XP_010657450.1,1272,2,250,250,proteome
XP_010657451.1,1272,2,250,250,proteome
XP_010664057.1,1272,2,250,250,proteome
XP_059599024.1,1272,2,250,250,proteome
XP_002266063.2,1271,2,249,249,proteome
XP_002284022.1,1271,2,249,249,proteome
XP_010646452.2,1271,2,249,249,proteome
XP_010653681.1,1271,2,249,249,proteome
XP_010660215.1,1271,2,249,249,proteome
XP_010660217.1,1271,2,249,249,proteome
XP_010660219.1,1271,2,249,249,proteome
XP_010660221.1,1271,2,249,249,proteome
XP_010660223.1,1271,2,249,249,proteome
XP_010660224.1,1271,2,249,249,proteome
XP_019080617.1,1271,2,249,249,proteome
XP_059598899.1,1271,2,249,249,proteome
XP_059598900.1,1271,2,249,249,proteome
XP_059598901.1,1271,2,249,249,proteome
XP_059598902.1,1271,2,249,249,proteome
XP_059598903.1,1271,2,249,249,proteome
XP_059598904.1,1271,2,249,249,proteome
XP_002271185.1,1270,2,248,248,proteome
XP_059590855.1,1270,2,248,248,proteome
XP_002262987.1,1269,2,247,247,proteome
XP_002274584.2,1269,2,247,247,proteome
XP_010654305.1,1269,2,247,247,proteome
XP_010654306.1,1269,2,247,247,proteome
XP_010657777.3,1269,2,247,247,proteome
XP_059597114.1,1269,2,247,247,proteome
XP_002263149.3,1268,2,246,246,proteome
XP_059597115.1,1268,2,246,246,proteome
XP_059597116.1,1268,2,246,246,proteome
XP_002279304.2,1267,2,245,245,proteome
XP_010644892.1,1267,2,245,245,proteome
XP_010656627.3,1266,2,244,244,proteome
XP_010662629.1,1266,2,244,244,proteome
XP_019079103.1,1266,2,244,244,proteome
XP_010654825.1,1264,2,242,242,proteome
XP_059591268.1,1264,2,242,242,proteome
XP_010658217.1,1263,2,241,241,proteome
XP_010658218.1,1263,2,241,241,proteome
XP_010658219.1,1263,2,241,241,proteome
XP_010664454.1,1262,2,240,240,proteome
XP_019079316.1,1262,2,240,240,proteome
XP_019079317.1,1262,2,240,240,proteome
XP_010657781.1,1261,2,239,239,proteome
XP_010657782.1,1261,2,239,239,proteome
XP_010657785.1,1261,2,239,239,proteome
XP_010657786.1,1261,2,239,239,proteome
XP_059591392.1,1261,2,239,239,proteome
XP_059591393.1,1261,2,239,239,proteome
XP_059591394.1,1261,2,239,239,proteome
XP_059591395.1,1261,2,239,239,proteome
XP_059591396.1,1261,2,239,239,proteome
XP_059591397.1,1261,2,239,239,proteome
XP_002276879.2,1260,2,238,238,proteome
XP_002277814.4,1260,2,238,238,proteome
XP_019072714.1,1260,2,238,238,proteome
XP_002281921.2,1259,2,237,237,proteome
XP_010644513.1,1259,2,237,237,proteome
XP_019079004.1,1259,2,237,237,proteome
XP_019079318.1,1259,2,237,237,proteome
XP_059591328.1,1259,2,237,237,proteome
XP_059593860.1,1259,2,237,237,proteome
XP_002268062.2,1258,2,236,236,proteome
XP_059590837.1,1258,2,236,236,proteome
XP_002282028.2,1257,2,235,235,proteome
XP_010655917.1,1256,2,234,234,proteome
XP_010664409.1,1256,2,234,234,proteome
XP_010664410.1,1256,2,234,234,proteome
XP_019072115.1,1256,2,234,234,proteome
XP_010650394.1,1255,2,233,233,proteome
XP_010664374.1,1255,2,233,233,proteome
XP_002265191.2,1254,2,232,232,proteome
XP_002279471.2,1254,2,232,232,proteome
XP_059597192.1,1254,2,232,232,proteome
XP_002279336.2,1252,2,230,230,proteome
XP_010659628.1,1251,2,229,229,proteome
XP_010659629.1,1251,2,229,229,proteome
XP_010664602.2,1251,2,229,229,proteome
XP_019079801.1,1251,2,229,229,proteome
XP_059590046.1,1251,2,229,229,proteome
XP_059597415.1,1251,2,229,229,proteome
XP_059597416.1,1251,2,229,229,proteome
XP_059597417.1,1251,2,229,229,proteome
XP_059597418.1,1251,2,229,229,proteome
XP_059597419.1,1251,2,229,229,proteome
XP_059597420.1,1251,2,229,229,proteome
XP_059597421.1,1251,2,229,229,proteome
XP_059597422.1,1251,2,229,229,proteome
XP_059597423.1,1251,2,229,229,proteome
XP_059597424.1,1251,2,229,229,proteome
XP_059597425.1,1251,2,229,229,proteome
XP_002283051.2,1250,2,228,228,proteome
XP_010648148.1,1250,2,228,228,proteome
XP_010651892.1,1250,2,228,228,proteome
XP_010651893.1,1250,2,228,228,proteome
XP_010651894.1,1250,2,228,228,proteome
XP_010651897.1,1250,2,228,228,proteome
XP_019076172.1,1250,2,228,228,proteome
XP_059598296.1,1250,2,228,228,proteome
XP_010649435.1,1249,2,227,227,proteome
XP_010649438.1,1249,2,227,227,proteome
XP_010649439.1,1249,2,227,227,proteome
XP_059594071.1,1249,2,227,227,proteome
XP_059594072.1,1249,2,227,227,proteome
XP_059594073.1,1249,2,227,227,proteome
XP_059594074.1,1249,2,227,227,proteome
XP_059594075.1,1249,2,227,227,proteome
XP_059594076.1,1249,2,227,227,proteome
XP_059594077.1,1249,2,227,227,proteome
XP_059594078.1,1249,2,227,227,proteome
XP_059594079.1,1249,2,227,227,proteome
XP_059594080.1,1249,2,227,227,proteome
XP_059594081.1,1249,2,227,227,proteome
XP_010652711.2,1248,2,226,226,proteome
XP_010655739.2,1248,2,226,226,proteome
XP_019076173.1,1248,2,226,226,proteome
XP_059593637.1,1248,2,226,226,proteome
XP_059593638.1,1248,2,226,226,proteome
XP_059593639.1,1248,2,226,226,proteome
XP_002279926.2,1247,2,225,225,proteome
XP_010652233.1,1247,2,225,225,proteome
XP_010661065.1,1247,2,225,225,proteome
XP_010662977.1,1247,2,225,225,proteome
XP_059591264.1,1247,2,225,225,proteome
XP_059595943.1,1246,2,224,224,proteome
XP_059592498.1,1245,2,223,223,proteome
XP_059597119.1,1245,2,223,223,proteome
XP_059593116.1,1244,2,222,222,proteome
XP_002277547.1,1243,2,221,221,proteome
XP_010660884.1,1243,2,221,221,proteome
XP_019072896.1,1243,2,221,221,proteome
XP_019078930.2,1243,2,221,221,proteome
XP_059596319.1,1243,2,221,221,proteome
XP_059597120.1,1243,2,221,221,proteome
XP_003633838.1,1242,2,220,220,proteome
XP_003634816.1,1242,2,220,220,proteome
XP_010650943.1,1242,2,220,220,proteome
XP_010663303.1,1242,2,220,220,proteome
XP_010644027.1,1241,2,219,219,proteome
XP_059590813.1,1241,2,219,219,proteome
XP_059598536.1,1241,2,219,219,proteome
XP_019079361.1,1240,2,218,218,proteome
XP_059594733.1,1240,2,218,218,proteome
XP_010649804.1,1239,2,217,217,proteome
XP_010656443.1,1239,2,217,217,proteome
XP_019078592.1,1239,2,217,217,proteome
XP_002280453.2,1238,2,216,216,proteome
XP_010654489.2,1238,2,216,216,proteome
XP_010657746.1,1238,2,216,216,proteome
XP_010657753.1,1238,2,216,216,proteome
XP_010660443.1,1238,2,216,216,proteome
XP_019079221.1,1238,2,216,216,proteome
XP_019079224.1,1238,2,216,216,proteome
XP_019079226.1,1238,2,216,216,proteome
XP_019079227.1,1238,2,216,216,proteome
XP_019079260.1,1238,2,216,216,proteome
XP_019079261.1,1238,2,216,216,proteome
XP_019079267.1,1238,2,216,216,proteome
XP_019079268.1,1238,2,216,216,proteome
XP_059590838.1,1238,2,216,216,proteome
XP_059592325.1,1238,2,216,216,proteome
XP_059596980.1,1238,2,216,216,proteome
XP_059596981.1,1238,2,216,216,proteome
XP_059596982.1,1238,2,216,216,proteome
XP_059597085.1,1238,2,216,216,proteome
XP_059597086.1,1238,2,216,216,proteome
XP_059597087.1,1238,2,216,216,proteome
XP_059597088.1,1238,2,216,216,proteome
XP_059597089.1,1238,2,216,216,proteome
XP_059597090.1,1238,2,216,216,proteome
XP_059597091.1,1238,2,216,216,proteome
XP_059597092.1,1238,2,216,216,proteome
XP_059597093.1,1238,2,216,216,proteome
XP_059597094.1,1238,2,216,216,proteome
XP_002279535.1,1237,2,215,215,proteome
XP_010663170.1,1236,2,214,214,proteome
XP_019082185.1,1236,2,214,214,proteome
XP_010660444.1,1235,2,213,213,proteome
XP_019075174.1,1235,2,213,213,proteome
XP_059597972.1,1235,2,213,213,proteome
XP_002278705.1,1234,2,212,212,proteome
XP_010648047.1,1232,2,210,210,proteome
XP_002278608.2,1231,2,209,209,proteome
XP_019076736.1,1231,2,209,209,proteome
XP_002281748.1,1229,2,207,207,proteome
XP_003632843.2,1229,2,207,207,proteome
XP_010644514.1,1229,2,207,207,proteome
XP_019072625.1,1229,2,207,207,proteome
XP_059594089.1,1229,2,207,207,proteome
XP_010661255.1,1228,2,206,206,proteome
XP_019076174.1,1228,2,206,206,proteome
XP_019076737.1,1228,2,206,206,proteome
XP_059591330.1,1228,2,206,206,proteome
XP_059591331.1,1228,2,206,206,proteome
XP_059591816.1,1228,2,206,206,proteome
XP_059591817.1,1228,2,206,206,proteome
XP_059591818.1,1228,2,206,206,proteome
XP_059591819.1,1228,2,206,206,proteome
XP_059591820.1,1228,2,206,206,proteome
XP_059591821.1,1228,2,206,206,proteome
XP_059591822.1,1228,2,206,206,proteome
XP_059591823.1,1228,2,206,206,proteome
XP_059591824.1,1228,2,206,206,proteome
XP_059591825.1,1228,2,206,206,proteome
XP_002271241.2,1227,2,205,205,proteome
XP_002272543.1,1227,2,205,205,proteome
XP_010655545.1,1227,2,205,205,proteome
XP_002272611.1,1226,2,204,204,proteome
XP_010651764.1,1226,2,204,204,proteome
XP_010651765.1,1226,2,204,204,proteome
XP_019076719.1,1226,2,204,204,proteome
XP_059593640.1,1226,2,204,204,proteome
XP_059593641.1,1226,2,204,204,proteome
XP_002264708.1,1225,2,203,203,proteome
XP_010664383.1,1225,2,203,203,proteome
XP_010664384.1,1225,2,203,203,proteome
XP_059590552.1,1225,2,203,203,proteome
XP_002278428.3,1224,2,202,202,proteome
XP_002280814.1,1224,2,202,202,proteome
XP_010661448.1,1223,2,201,201,proteome
XP_010661861.1,1222,2,200,200,proteome
XP_059594051.1,1222,2,200,200,proteome
XP_002279584.1,1221,2,199,199,proteome
XP_010657929.2,1221,2,199,199,proteome
XP_019076623.2,1221,2,199,199,proteome
XP_059590834.1,1221,2,199,199,proteome
XP_059597193.1,1221,2,199,199,proteome
XP_010657708.1,1220,2,198,198,proteome
XP_019075515.2,1220,2,198,198,proteome
XP_019079037.1,1220,2,198,198,proteome
XP_059596879.1,1220,2,198,198,proteome
XP_059596880.1,1220,2,198,198,proteome
XP_002270822.2,1219,2,197,197,proteome
XP_002270968.1,1219,2,197,197,proteome
XP_003632391.1,1219,2,197,197,proteome
XP_010653118.1,1219,2,197,197,proteome
XP_010665418.1,1219,2,197,197,proteome
XP_059598080.1,1219,2,197,197,proteome
XP_059598081.1,1219,2,197,197,proteome
XP_002264772.1,1218,2,196,196,proteome
XP_003633418.1,1218,2,196,196,proteome
XP_010650544.1,1218,2,196,196,proteome
XP_010650545.1,1218,2,196,196,proteome
XP_010650546.1,1218,2,196,196,proteome
XP_010650547.1,1218,2,196,196,proteome
XP_010650548.1,1218,2,196,196,proteome
XP_010650549.1,1218,2,196,196,proteome
XP_010650550.1,1218,2,196,196,proteome
XP_010650552.1,1218,2,196,196,proteome
XP_010650553.1,1218,2,196,196,proteome
XP_010650554.1,1218,2,196,196,proteome
XP_010650555.1,1218,2,196,196,proteome
XP_010657911.1,1218,2,196,196,proteome
XP_010663304.1,1218,2,196,196,proteome
XP_019073334.1,1218,2,196,196,proteome
XP_019075533.1,1218,2,196,196,proteome
XP_019075534.1,1218,2,196,196,proteome
XP_019075537.1,1218,2,196,196,proteome
XP_019075538.1,1218,2,196,196,proteome
XP_019075539.1,1218,2,196,196,proteome
XP_019075540.1,1218,2,196,196,proteome
XP_059591738.1,1218,2,196,196,proteome
XP_059592987.1,1218,2,196,196,proteome
XP_059592988.1,1218,2,196,196,proteome
XP_059593110.1,1218,2,196,196,proteome
XP_059593111.1,1218,2,196,196,proteome
XP_059593948.1,1218,2,196,196,proteome
XP_059594125.1,1218,2,196,196,proteome
XP_059594126.1,1218,2,196,196,proteome
XP_059597195.1,1218,2,196,196,proteome
XP_002265248.2,1217,2,195,195,proteome
XP_002279779.1,1217,2,195,195,proteome
XP_010650228.1,1217,2,195,195,proteome
XP_010650230.1,1217,2,195,195,proteome
XP_010657726.1,1217,2,195,195,proteome
XP_019079040.1,1217,2,195,195,proteome
XP_019079051.1,1217,2,195,195,proteome
XP_019079057.1,1217,2,195,195,proteome
XP_059592946.1,1217,2,195,195,proteome
XP_059593258.1,1217,2,195,195,proteome
XP_059596881.1,1217,2,195,195,proteome
XP_059596882.1,1217,2,195,195,proteome
XP_059596883.1,1217,2,195,195,proteome
XP_059596884.1,1217,2,195,195,proteome
XP_059596885.1,1217,2,195,195,proteome
XP_059596886.1,1217,2,195,195,proteome
XP_059596887.1,1217,2,195,195,proteome
XP_059596888.1,1217,2,195,195,proteome
XP_059596889.1,1217,2,195,195,proteome
XP_059596890.1,1217,2,195,195,proteome
XP_059596891.1,1217,2,195,195,proteome
XP_059596892.1,1217,2,195,195,proteome
XP_010663739.1,1216,2,194,194,proteome
XP_002274296.2,1215,2,193,193,proteome
XP_003634188.1,1215,2,193,193,proteome
XP_003634700.1,1215,2,193,193,proteome
XP_010661240.1,1215,2,193,193,proteome
XP_010661242.1,1215,2,193,193,proteome
XP_019077858.1,1215,2,193,193,proteome
XP_059590047.1,1215,2,193,193,proteome
XP_059591589.1,1215,2,193,193,proteome
XP_002282354.1,1214,2,192,192,proteome
XP_010661498.1,1214,2,192,192,proteome
XP_019079240.1,1214,2,192,192,proteome
XP_019079241.1,1214,2,192,192,proteome
XP_059590523.1,1214,2,192,192,proteome
XP_010652900.1,1213,2,191,191,proteome
XP_010652902.1,1213,2,191,191,proteome
XP_019077733.1,1213,2,191,191,proteome
XP_059594703.1,1213,2,191,191,proteome
XP_010652903.1,1212,2,190,190,proteome
XP_010660380.1,1212,2,190,190,proteome
XP_002265525.3,1211,2,189,189,proteome
XP_002265970.1,1211,2,189,189,proteome
XP_010656945.1,1211,2,189,189,proteome
XP_059594538.1,1211,2,189,189,proteome
XP_010662340.1,1210,2,188,188,proteome
XP_019073147.1,1210,2,188,188,proteome
XP_019073479.1,1210,2,188,188,proteome
XP_059597230.1,1210,2,188,188,proteome
XP_002271783.2,1209,2,187,187,proteome
XP_010657190.1,1209,2,187,187,proteome
XP_019076217.1,1208,2,186,186,proteome
XP_019079242.1,1208,2,186,186,proteome
XP_019079244.1,1208,2,186,186,proteome
XP_002263264.1,1207,2,185,185,proteome
XP_002269352.1,1207,2,185,185,proteome
XP_010644517.1,1207,2,185,185,proteome
XP_010661740.1,1207,2,185,185,proteome
XP_059590364.1,1207,2,185,185,proteome
XP_002272927.1,1206,2,184,184,proteome
XP_010648709.1,1206,2,184,184,proteome
XP_059593481.1,1206,2,184,184,proteome
XP_002279201.2,1205,2,183,183,proteome
XP_010644218.1,1205,2,183,183,proteome
XP_010659427.1,1205,2,183,183,proteome
XP_019081759.1,1205,2,183,183,proteome
XP_059590057.1,1205,2,183,183,proteome
XP_059592772.1,1205,2,183,183,proteome
XP_059592773.1,1205,2,183,183,proteome
XP_002273318.1,1204,2,182,182,proteome
XP_010658164.1,1204,2,182,182,proteome
XP_010658165.1,1204,2,182,182,proteome
XP_010658166.1,1204,2,182,182,proteome
XP_010660381.1,1204,2,182,182,proteome
XP_059595605.1,1203,2,181,181,proteome
XP_059597074.1,1203,2,181,181,proteome
XP_010648710.1,1202,2,180,180,proteome
XP_010659436.1,1201,2,179,179,proteome
XP_059598524.1,1201,2,179,179,proteome
XP_010665420.1,1200,2,178,178,proteome
XP_019082186.1,1200,2,178,178,proteome
XP_002271147.1,1199,2,177,177,proteome
XP_010657727.2,1199,2,177,177,proteome
XP_010657728.2,1199,2,177,177,proteome
XP_010657730.2,1199,2,177,177,proteome
XP_010657731.2,1199,2,177,177,proteome
XP_010657732.2,1199,2,177,177,proteome
XP_010657733.2,1199,2,177,177,proteome
XP_010657734.2,1199,2,177,177,proteome
XP_010657736.2,1199,2,177,177,proteome
XP_010657737.2,1199,2,177,177,proteome
XP_010657739.2,1199,2,177,177,proteome
XP_019079027.2,1199,2,177,177,proteome
XP_019079028.2,1199,2,177,177,proteome
XP_059596893.1,1199,2,177,177,proteome
XP_059596894.1,1199,2,177,177,proteome
XP_059596895.1,1199,2,177,177,proteome
XP_059596896.1,1199,2,177,177,proteome
XP_059596897.1,1199,2,177,177,proteome
XP_059596898.1,1199,2,177,177,proteome
XP_059596899.1,1199,2,177,177,proteome
XP_059596900.1,1199,2,177,177,proteome
XP_002283296.1,1198,2,176,176,proteome
XP_010648748.1,1198,2,176,176,proteome
XP_010657508.1,1198,2,176,176,proteome
XP_010663307.1,1198,2,176,176,proteome
XP_059589745.1,1198,2,176,176,proteome
XP_002273898.1,1197,2,175,175,proteome
XP_010648660.1,1197,2,175,175,proteome
XP_010656029.1,1197,2,175,175,proteome
XP_010656030.1,1197,2,175,175,proteome
XP_010656031.1,1197,2,175,175,proteome
XP_010657639.1,1197,2,175,175,proteome
XP_010657640.1,1197,2,175,175,proteome
XP_010657641.1,1197,2,175,175,proteome
XP_010657642.1,1197,2,175,175,proteome
XP_010657643.1,1197,2,175,175,proteome
XP_010657644.1,1197,2,175,175,proteome
XP_010657645.1,1197,2,175,175,proteome
XP_010660414.1,1197,2,175,175,proteome
XP_019078205.1,1197,2,175,175,proteome
XP_019079083.1,1197,2,175,175,proteome
XP_059592229.1,1197,2,175,175,proteome
XP_059597254.1,1197,2,175,175,proteome
XP_059597255.1,1197,2,175,175,proteome
XP_059597256.1,1197,2,175,175,proteome
XP_010655626.1,1196,2,174,174,proteome
XP_019075589.1,1196,2,174,174,proteome
XP_019079975.1,1196,2,174,174,proteome
XP_019079976.1,1196,2,174,174,proteome
XP_002280133.1,1195,2,173,173,proteome
XP_010655627.1,1195,2,173,173,proteome
XP_059592263.1,1195,2,173,173,proteome
XP_002277625.3,1194,2,172,172,proteome
XP_010651065.1,1194,2,172,172,proteome
XP_059593430.1,1194,2,172,172,proteome
XP_002274051.1,1193,2,171,171,proteome
XP_010658463.1,1193,2,171,171,proteome
XP_002271424.1,1192,2,170,170,proteome
XP_002272399.1,1192,2,170,170,proteome
XP_002275171.2,1192,2,170,170,proteome
XP_010658080.1,1192,2,170,170,proteome
XP_010658082.1,1192,2,170,170,proteome
XP_019081704.1,1192,2,170,170,proteome
XP_002278935.2,1191,2,169,169,proteome
XP_059591148.1,1191,2,169,169,proteome
XP_059594951.1,1191,2,169,169,proteome
XP_010645135.1,1190,2,168,168,proteome
XP_010645136.1,1190,2,168,168,proteome
XP_010653032.1,1190,2,168,168,proteome
XP_010662396.1,1190,2,168,168,proteome
XP_019079245.1,1190,2,168,168,proteome
XP_010651123.1,1189,2,167,167,proteome
XP_002265211.1,1188,2,166,166,proteome
XP_010661183.1,1188,2,166,166,proteome
XP_010645137.1,1187,2,165,165,proteome
XP_002263797.3,1186,2,164,164,proteome
XP_002280418.1,1186,2,164,164,proteome
XP_010645138.1,1186,2,164,164,proteome
XP_010645139.1,1186,2,164,164,proteome
XP_010650533.1,1186,2,164,164,proteome
XP_010651119.1,1186,2,164,164,proteome
XP_010655546.1,1186,2,164,164,proteome
XP_010657651.1,1186,2,164,164,proteome
XP_010661184.1,1186,2,164,164,proteome
XP_059597437.1,1186,2,164,164,proteome
XP_002265701.2,1185,2,163,163,proteome
XP_002280960.2,1185,2,163,163,proteome
XP_002266100.1,1184,2,162,162,proteome
XP_002281005.1,1184,2,162,162,proteome
XP_019072017.1,1184,2,162,162,proteome
XP_002263182.1,1183,2,161,161,proteome
XP_019080683.1,1183,2,161,161,proteome
XP_059591269.1,1183,2,161,161,proteome
XP_010650225.1,1182,2,160,160,proteome
XP_010664047.1,1182,2,160,160,proteome
XP_059596533.1,1182,2,160,160,proteome
XP_002280338.3,1181,2,159,159,proteome
XP_019075590.1,1181,2,159,159,proteome
XP_002277689.1,1180,2,158,158,proteome
XP_002263932.1,1179,2,157,157,proteome
XP_002279892.1,1179,2,157,157,proteome
XP_059593937.1,1179,2,157,157,proteome
XP_059597971.1,1179,2,157,157,proteome
XP_010659082.1,1178,2,156,156,proteome
XP_010659288.1,1178,2,156,156,proteome
XP_059595606.1,1178,2,156,156,proteome
XP_002272230.1,1177,2,155,155,proteome
XP_010649985.1,1177,2,155,155,proteome
XP_010665417.1,1177,2,155,155,proteome
XP_059591601.1,1177,2,155,155,proteome
XP_059596382.1,1177,2,155,155,proteome
XP_059596383.1,1177,2,155,155,proteome
XP_059596384.1,1177,2,155,155,proteome
XP_002269854.1,1176,2,154,154,proteome
XP_010647963.1,1176,2,154,154,proteome
XP_019077764.1,1176,2,154,154,proteome
XP_059591917.1,1176,2,154,154,proteome
XP_002265371.1,1175,2,153,153,proteome
XP_010647966.1,1175,2,153,153,proteome
XP_010648865.1,1175,2,153,153,proteome
XP_010649990.1,1175,2,153,153,proteome
XP_019072847.2,1175,2,153,153,proteome
XP_019072848.2,1175,2,153,153,proteome
XP_019072849.2,1175,2,153,153,proteome
XP_059591181.1,1175,2,153,153,proteome
XP_002267766.1,1174,2,152,152,proteome
XP_010648866.1,1174,2,152,152,proteome
XP_059590165.1,1174,2,152,152,proteome
XP_059590839.1,1174,2,152,152,proteome
XP_059596027.1,1174,2,152,152,proteome
XP_002274620.2,1173,2,151,151,proteome
XP_019077980.1,1173,2,151,151,proteome
XP_059591182.1,1173,2,151,151,proteome
XP_059591183.1,1173,2,151,151,proteome
XP_059591184.1,1173,2,151,151,proteome
XP_059591185.1,1173,2,151,151,proteome
XP_059591186.1,1173,2,151,151,proteome
XP_002264425.1,1172,2,150,150,proteome
NP_001306209.1,1171,2,149,149,proteome
XP_002266608.3,1171,2,149,149,proteome
XP_002274010.1,1171,2,149,149,proteome
XP_010654730.2,1170,2,148,148,proteome
XP_010654731.2,1170,2,148,148,proteome
XP_019073409.2,1170,2,148,148,proteome
XP_059590911.1,1170,2,148,148,proteome
XP_059590912.1,1170,2,148,148,proteome
XP_059590913.1,1170,2,148,148,proteome
XP_059592788.1,1170,2,148,148,proteome
XP_059595735.1,1170,2,148,148,proteome
XP_059597447.1,1170,2,148,148,proteome
XP_059597448.1,1170,2,148,148,proteome
XP_002266568.2,1169,2,147,147,proteome
XP_010648891.1,1169,2,147,147,proteome
XP_010648896.1,1169,2,147,147,proteome
XP_010648897.1,1169,2,147,147,proteome
XP_010648907.1,1169,2,147,147,proteome
XP_010659083.1,1169,2,147,147,proteome
XP_010659084.1,1169,2,147,147,proteome
XP_010660003.1,1169,2,147,147,proteome
XP_019077521.1,1169,2,147,147,proteome
XP_059592651.1,1169,2,147,147,proteome
XP_003634177.2,1168,2,146,146,proteome
XP_010662937.1,1168,2,146,146,proteome
XP_019075513.1,1168,2,146,146,proteome
XP_019081747.1,1168,2,146,146,proteome
XP_019081748.1,1168,2,146,146,proteome
XP_059590832.1,1168,2,146,146,proteome
XP_010660212.1,1167,2,145,145,proteome
XP_019080955.1,1167,2,145,145,proteome
XP_059592510.1,1167,2,145,145,proteome
XP_002276495.1,1166,2,144,144,proteome
XP_010655179.2,1166,2,144,144,proteome
XP_010661185.1,1166,2,144,144,proteome
XP_010664576.1,1166,2,144,144,proteome
XP_002284901.1,1165,2,143,143,proteome
XP_010649657.1,1165,2,143,143,proteome
XP_010649658.1,1165,2,143,143,proteome
XP_010650745.1,1165,2,143,143,proteome
XP_019072011.2,1165,2,143,143,proteome
XP_019072791.1,1165,2,143,143,proteome
XP_019075595.1,1165,2,143,143,proteome
XP_059592722.1,1165,2,143,143,proteome
XP_010652404.1,1164,2,142,142,proteome
XP_010663903.1,1164,2,142,142,proteome
XP_010664577.1,1164,2,142,142,proteome
XP_019071994.2,1164,2,142,142,proteome
XP_019075106.1,1164,2,142,142,proteome
XP_059590901.1,1164,2,142,142,proteome
XP_059590902.1,1164,2,142,142,proteome
XP_010645915.1,1163,2,141,141,proteome
XP_010662041.1,1163,2,141,141,proteome
XP_010662042.1,1163,2,141,141,proteome
XP_002263967.1,1162,2,140,140,proteome
XP_059596534.1,1162,2,140,140,proteome
XP_002284049.1,1161,2,139,139,proteome
XP_010654015.1,1161,2,139,139,proteome
XP_010654016.1,1161,2,139,139,proteome
XP_002280075.2,1160,2,138,138,proteome
XP_019076795.1,1160,2,138,138,proteome
XP_059595463.1,1160,2,138,138,proteome
XP_059595464.1,1160,2,138,138,proteome
XP_010647967.1,1159,2,137,137,proteome
XP_010661259.2,1159,2,137,137,proteome
XP_002273616.1,1158,2,136,136,proteome
XP_002276432.3,1158,2,136,136,proteome
XP_010646553.1,1158,2,136,136,proteome
XP_010646554.1,1158,2,136,136,proteome
XP_010646555.1,1158,2,136,136,proteome
XP_019073758.1,1158,2,136,136,proteome
XP_019073759.1,1158,2,136,136,proteome
XP_019074824.1,1158,2,136,136,proteome
XP_019078589.1,1158,2,136,136,proteome
XP_059590345.1,1158,2,136,136,proteome
XP_059590346.1,1158,2,136,136,proteome
XP_059591918.1,1158,2,136,136,proteome
XP_010656225.1,1157,2,135,135,proteome
XP_010659064.1,1157,2,135,135,proteome
XP_010659065.1,1157,2,135,135,proteome
XP_010659076.1,1157,2,135,135,proteome
XP_059598660.1,1157,2,135,135,proteome
XP_010644135.2,1156,2,134,134,proteome
XP_059591799.1,1156,2,134,134,proteome
XP_059599419.1,1156,2,134,134,proteome
XP_002283041.4,1155,2,133,133,proteome
XP_010644436.1,1155,2,133,133,proteome
XP_010644437.1,1155,2,133,133,proteome
XP_010656094.1,1155,2,133,133,proteome
XP_010661305.1,1155,2,133,133,proteome
XP_059591057.1,1155,2,133,133,proteome
XP_002277945.1,1154,2,132,132,proteome
XP_010645910.1,1154,2,132,132,proteome
XP_010652465.1,1154,2,132,132,proteome
XP_010654660.1,1154,2,132,132,proteome
XP_059595465.1,1154,2,132,132,proteome
XP_010649659.1,1153,2,131,131,proteome
XP_019071787.1,1153,2,131,131,proteome
XP_059592723.1,1153,2,131,131,proteome
XP_059592724.1,1153,2,131,131,proteome
XP_059592725.1,1153,2,131,131,proteome
XP_002279012.1,1152,2,130,130,proteome
XP_010648339.1,1152,2,130,130,proteome
XP_010648368.1,1152,2,130,130,proteome
XP_010656155.1,1152,2,130,130,proteome
XP_059592983.1,1152,2,130,130,proteome
XP_059595609.1,1152,2,130,130,proteome
XP_059597117.1,1152,2,130,130,proteome
XP_002277737.3,1151,2,129,129,proteome
XP_010650001.1,1151,2,129,129,proteome
XP_059592868.1,1151,2,129,129,proteome
XP_059594082.1,1151,2,129,129,proteome
XP_010652356.1,1150,2,128,128,proteome
XP_010662228.1,1150,2,128,128,proteome
XP_059590030.1,1150,2,128,128,proteome
XP_002274896.1,1149,2,127,127,proteome
XP_002276468.1,1149,2,127,127,proteome
XP_010649575.1,1149,2,127,127,proteome
XP_010661000.1,1149,2,127,127,proteome
XP_010662229.1,1149,2,127,127,proteome
XP_010664195.1,1149,2,127,127,proteome
XP_010665188.1,1149,2,127,127,proteome
XP_010665189.1,1149,2,127,127,proteome
XP_010665190.1,1149,2,127,127,proteome
XP_010665191.1,1149,2,127,127,proteome
XP_010665193.1,1149,2,127,127,proteome
XP_010665194.1,1149,2,127,127,proteome
XP_010665195.1,1149,2,127,127,proteome
XP_010665196.1,1149,2,127,127,proteome
XP_019072040.1,1149,2,127,127,proteome
XP_059590318.1,1149,2,127,127,proteome
XP_059590319.1,1149,2,127,127,proteome
XP_059590320.1,1149,2,127,127,proteome
XP_059590321.1,1149,2,127,127,proteome
XP_059593068.1,1149,2,127,127,proteome
XP_059596424.1,1149,2,127,127,proteome
XP_059597333.1,1149,2,127,127,proteome
XP_059598952.1,1149,2,127,127,proteome
XP_010650380.1,1148,2,126,126,proteome
XP_010651317.1,1148,2,126,126,proteome
XP_010652081.1,1148,2,126,126,proteome
XP_019076368.1,1148,2,126,126,proteome
XP_002280049.2,1147,2,125,125,proteome
XP_010645588.1,1147,2,125,125,proteome
XP_010649576.1,1147,2,125,125,proteome
XP_010659207.1,1147,2,125,125,proteome
XP_059592806.1,1147,2,125,125,proteome
XP_059598141.1,1147,2,125,125,proteome
XP_059598142.1,1147,2,125,125,proteome
XP_002281873.1,1146,2,124,124,proteome
XP_002283393.2,1146,2,124,124,proteome
XP_010648602.1,1146,2,124,124,proteome
XP_010648608.1,1146,2,124,124,proteome
XP_010649486.1,1146,2,124,124,proteome
XP_059592876.1,1146,2,124,124,proteome
XP_059592877.1,1146,2,124,124,proteome
XP_059592878.1,1146,2,124,124,proteome
XP_059592879.1,1146,2,124,124,proteome
XP_059592990.1,1146,2,124,124,proteome
XP_059593150.1,1146,2,124,124,proteome
XP_059593666.1,1146,2,124,124,proteome
XP_010663423.1,1145,2,123,123,proteome
XP_019077672.1,1145,2,123,123,proteome
XP_059594914.1,1145,2,123,123,proteome
XP_002275617.3,1144,2,122,122,proteome
XP_002282256.1,1144,2,122,122,proteome
XP_003634247.1,1144,2,122,122,proteome
XP_010663152.1,1144,2,122,122,proteome
XP_059593835.1,1144,2,122,122,proteome
XP_010650305.2,1143,2,121,121,proteome
XP_059592264.1,1143,2,121,121,proteome
XP_010648369.1,1142,2,120,120,proteome
XP_010648612.1,1142,2,120,120,proteome
XP_010665252.1,1142,2,120,120,proteome
XP_019072237.1,1142,2,120,120,proteome
XP_019072238.1,1142,2,120,120,proteome
XP_019077765.1,1142,2,120,120,proteome
XP_019079345.1,1142,2,120,120,proteome
XP_019080901.1,1142,2,120,120,proteome
XP_059590356.1,1142,2,120,120,proteome
XP_059590357.1,1142,2,120,120,proteome
XP_059590358.1,1142,2,120,120,proteome
XP_059590359.1,1142,2,120,120,proteome
XP_059590360.1,1142,2,120,120,proteome
XP_059590361.1,1142,2,120,120,proteome
XP_059590362.1,1142,2,120,120,proteome
XP_059594602.1,1142,2,120,120,proteome
NP_001268140.1,1141,2,119,119,proteome
XP_002276624.2,1141,2,119,119,proteome
XP_019074359.1,1141,2,119,119,proteome
XP_019079436.1,1141,2,119,119,proteome
XP_019079437.1,1141,2,119,119,proteome
XP_019079438.1,1141,2,119,119,proteome
XP_019079439.1,1141,2,119,119,proteome
XP_019079440.1,1141,2,119,119,proteome
XP_019079441.1,1141,2,119,119,proteome
XP_019079442.1,1141,2,119,119,proteome
XP_019079443.1,1141,2,119,119,proteome
XP_019079444.1,1141,2,119,119,proteome
XP_019079447.1,1141,2,119,119,proteome
XP_019079448.1,1141,2,119,119,proteome
XP_019079449.1,1141,2,119,119,proteome
XP_019079450.1,1141,2,119,119,proteome
XP_019079451.1,1141,2,119,119,proteome
XP_059598114.1,1141,2,119,119,proteome
XP_059598711.1,1141,2,119,119,proteome
XP_002278568.2,1140,2,118,118,proteome
XP_010657930.2,1140,2,118,118,proteome
XP_059593154.1,1140,2,118,118,proteome
XP_002279979.2,1139,2,117,117,proteome
XP_010646458.1,1139,2,117,117,proteome
XP_010648616.1,1139,2,117,117,proteome
XP_010652932.1,1139,2,117,117,proteome
XP_010662133.1,1139,2,117,117,proteome
XP_059593667.1,1139,2,117,117,proteome
XP_002265778.1,1138,2,116,116,proteome
XP_002268265.1,1138,2,116,116,proteome
XP_010662134.1,1138,2,116,116,proteome
XP_010662231.1,1138,2,116,116,proteome
XP_019077332.1,1138,2,116,116,proteome
XP_019080921.1,1138,2,116,116,proteome
XP_019080922.1,1138,2,116,116,proteome
XP_059595361.1,1138,2,116,116,proteome
XP_002271388.1,1137,2,115,115,proteome
XP_059592672.1,1137,2,115,115,proteome
XP_002269787.1,1136,2,114,114,proteome
XP_003631896.2,1136,2,114,114,proteome
XP_019072108.2,1136,2,114,114,proteome
XP_059589693.1,1136,2,114,114,proteome
XP_059590665.1,1136,2,114,114,proteome
XP_059593209.1,1136,2,114,114,proteome
XP_059596761.1,1136,2,114,114,proteome
XP_002275116.1,1135,2,113,113,proteome
XP_002280712.1,1135,2,113,113,proteome
XP_010655516.1,1135,2,113,113,proteome
XP_010661306.1,1135,2,113,113,proteome
XP_010662608.1,1135,2,113,113,proteome
XP_019077710.1,1135,2,113,113,proteome
XP_019078149.1,1135,2,113,113,proteome
XP_019078593.1,1135,2,113,113,proteome
XP_059591683.1,1135,2,113,113,proteome
XP_002273767.1,1134,2,112,112,proteome
XP_002281730.1,1134,2,112,112,proteome
XP_010651748.1,1134,2,112,112,proteome
XP_010655517.1,1134,2,112,112,proteome
XP_010656452.1,1134,2,112,112,proteome
XP_010656472.1,1134,2,112,112,proteome
XP_010662135.1,1134,2,112,112,proteome
XP_002285341.2,1133,2,111,111,proteome
XP_010656453.1,1133,2,111,111,proteome
XP_019072207.1,1133,2,111,111,proteome
XP_019077711.1,1133,2,111,111,proteome
XP_002283157.1,1132,2,110,110,proteome
XP_010648867.1,1132,2,110,110,proteome
XP_010656454.1,1132,2,110,110,proteome
XP_010660753.1,1132,2,110,110,proteome
XP_019077712.1,1132,2,110,110,proteome
XP_002275762.1,1131,2,109,109,proteome
XP_002276056.1,1131,2,109,109,proteome
XP_002284419.2,1131,2,109,109,proteome
XP_010649398.1,1131,2,109,109,proteome
XP_010649404.1,1130,2,108,108,proteome
XP_059595484.1,1130,2,108,108,proteome
XP_002264093.1,1129,2,107,107,proteome
XP_002278263.1,1129,2,107,107,proteome
XP_010645905.1,1129,2,107,107,proteome
XP_010645906.1,1129,2,107,107,proteome
XP_010659215.1,1129,2,107,107,proteome
XP_010659420.1,1129,2,107,107,proteome
XP_059593924.1,1129,2,107,107,proteome
XP_010653773.1,1128,2,106,106,proteome
XP_019081651.2,1128,2,106,106,proteome
XP_059594083.1,1128,2,106,106,proteome
XP_059598320.1,1128,2,106,106,proteome
XP_059598322.1,1128,2,106,106,proteome
XP_059598325.1,1128,2,106,106,proteome
XP_059598327.1,1128,2,106,106,proteome
XP_059598333.1,1128,2,106,106,proteome
XP_002280099.1,1127,2,105,105,proteome
XP_002280668.1,1127,2,105,105,proteome
XP_010648617.1,1127,2,105,105,proteome
XP_010653303.1,1127,2,105,105,proteome
XP_010663692.1,1127,2,105,105,proteome
XP_002262850.2,1126,2,104,104,proteome
XP_003633961.1,1126,2,104,104,proteome
XP_059591539.1,1126,2,104,104,proteome
XP_059591540.1,1126,2,104,104,proteome
XP_059595466.1,1126,2,104,104,proteome
XP_002272290.1,1125,2,103,103,proteome
XP_010654341.1,1125,2,103,103,proteome
XP_010654554.1,1125,2,103,103,proteome
XP_019071926.2,1125,2,103,103,proteome
XP_019077236.1,1125,2,103,103,proteome
XP_059596421.1,1125,2,103,103,proteome
XP_002271671.1,1124,2,102,102,proteome
XP_002278610.1,1124,2,102,102,proteome
XP_002279640.2,1124,2,102,102,proteome
XP_010644340.1,1124,2,102,102,proteome
XP_010652793.1,1124,2,102,102,proteome
XP_010659783.1,1124,2,102,102,proteome
XP_059594438.1,1124,2,102,102,proteome
XP_059598979.1,1124,2,102,102,proteome
XP_002270804.3,1123,2,101,101,proteome
XP_010663029.2,1123,2,101,101,proteome
XP_002265992.3,1122,2,100,100,proteome
XP_010649801.1,1122,2,100,100,proteome
XP_010652794.1,1122,2,100,100,proteome
XP_010662237.1,1122,2,100,100,proteome
XP_002268217.1,1121,2,99,99,proteome
XP_002284914.1,1121,2,99,99,proteome
XP_010665401.2,1121,2,99,99,proteome
XP_019071940.2,1121,2,99,99,proteome
XP_059590384.1,1121,2,99,99,proteome
XP_059590385.1,1121,2,99,99,proteome
XP_059590386.1,1121,2,99,99,proteome
XP_059590387.1,1121,2,99,99,proteome
XP_059590388.1,1121,2,99,99,proteome
XP_059590389.1,1121,2,99,99,proteome
XP_059590390.1,1121,2,99,99,proteome
XP_059590391.1,1121,2,99,99,proteome
XP_059590392.1,1121,2,99,99,proteome
XP_059590393.1,1121,2,99,99,proteome
XP_059590394.1,1121,2,99,99,proteome
XP_059590395.1,1121,2,99,99,proteome
XP_059590396.1,1121,2,99,99,proteome
XP_059590397.1,1121,2,99,99,proteome
XP_059590398.1,1121,2,99,99,proteome
XP_059590399.1,1121,2,99,99,proteome
XP_059590400.1,1121,2,99,99,proteome
XP_059590401.1,1121,2,99,99,proteome
XP_059590402.1,1121,2,99,99,proteome
XP_059590403.1,1121,2,99,99,proteome
XP_059592777.1,1121,2,99,99,proteome
XP_002271552.1,1120,2,98,98,proteome
XP_002273607.2,1120,2,98,98,proteome
XP_059590551.1,1120,2,98,98,proteome
XP_059595131.1,1120,2,98,98,proteome
XP_059596327.1,1120,2,98,98,proteome
XP_059595307.1,1119,2,97,97,proteome
XP_002268724.1,1118,2,96,96,proteome
XP_002270207.2,1118,2,96,96,proteome
XP_010644099.1,1118,2,96,96,proteome
XP_019072845.1,1118,2,96,96,proteome
XP_059590287.1,1118,2,96,96,proteome
XP_059592778.1,1118,2,96,96,proteome
XP_059595308.1,1118,2,96,96,proteome
XP_002267555.1,1117,2,95,95,proteome
XP_002279386.1,1117,2,95,95,proteome
XP_010659066.1,1117,2,95,95,proteome
XP_010662436.1,1117,2,95,95,proteome
XP_059594603.1,1117,2,95,95,proteome
XP_059598134.1,1117,2,95,95,proteome
XP_059598135.1,1117,2,95,95,proteome
XP_002277700.1,1116,2,94,94,proteome
XP_002280032.1,1116,2,94,94,proteome
XP_002281591.1,1116,2,94,94,proteome
XP_002285720.1,1116,2,94,94,proteome
XP_010653226.1,1116,2,94,94,proteome
XP_010658923.1,1116,2,94,94,proteome
XP_010661052.1,1116,2,94,94,proteome
XP_059589694.1,1116,2,94,94,proteome
XP_059589696.1,1116,2,94,94,proteome
XP_059598133.1,1116,2,94,94,proteome
XP_002263912.2,1115,2,93,93,proteome
XP_002271823.2,1115,2,93,93,proteome
XP_002283306.2,1115,2,93,93,proteome
XP_010656700.1,1115,2,93,93,proteome
XP_010656729.3,1115,2,93,93,proteome
XP_010661053.1,1115,2,93,93,proteome
XP_010661054.1,1115,2,93,93,proteome
XP_002266400.1,1114,2,92,92,proteome
XP_010645604.1,1114,2,92,92,proteome
XP_010650166.1,1114,2,92,92,proteome
XP_010658885.1,1114,2,92,92,proteome
XP_010658886.1,1114,2,92,92,proteome
XP_010658887.1,1114,2,92,92,proteome
XP_002283327.1,1113,2,91,91,proteome
XP_010648755.1,1113,2,91,91,proteome
XP_010649570.1,1113,2,91,91,proteome
XP_010653798.1,1113,2,91,91,proteome
XP_010658888.1,1113,2,91,91,proteome
XP_019075112.1,1113,2,91,91,proteome
XP_019081750.1,1113,2,91,91,proteome
XP_059592265.1,1113,2,91,91,proteome
XP_059592266.1,1113,2,91,91,proteome
XP_059592267.1,1113,2,91,91,proteome
XP_059598304.1,1113,2,91,91,proteome
XP_003634262.1,1112,2,90,90,proteome
XP_010653389.1,1112,2,90,90,proteome
XP_010653799.1,1112,2,90,90,proteome
XP_059594926.1,1112,2,90,90,proteome
XP_002263001.1,1111,2,89,89,proteome
XP_010647727.1,1111,2,89,89,proteome
XP_010652346.1,1111,2,89,89,proteome
XP_010652347.1,1111,2,89,89,proteome
XP_010653390.1,1111,2,89,89,proteome
XP_010657762.1,1111,2,89,89,proteome
XP_010662491.2,1111,2,89,89,proteome
XP_059589695.1,1111,2,89,89,proteome
XP_059594471.1,1111,2,89,89,proteome
XP_002274141.2,1110,2,88,88,proteome
XP_002276609.1,1110,2,88,88,proteome
XP_010647728.1,1110,2,88,88,proteome
XP_010661056.1,1110,2,88,88,proteome
XP_019078761.1,1110,2,88,88,proteome
XP_019079531.1,1110,2,88,88,proteome
XP_059594472.1,1110,2,88,88,proteome
XP_059594474.1,1110,2,88,88,proteome
XP_002282958.2,1109,2,87,87,proteome
XP_010650217.1,1109,2,87,87,proteome
XP_010650218.1,1109,2,87,87,proteome
XP_010650220.1,1109,2,87,87,proteome
XP_010650995.1,1109,2,87,87,proteome
XP_010660906.1,1109,2,87,87,proteome
XP_059592940.1,1109,2,87,87,proteome
XP_059594475.1,1109,2,87,87,proteome
XP_002272182.1,1108,2,86,86,proteome
XP_010654011.1,1108,2,86,86,proteome
XP_010658924.1,1108,2,86,86,proteome
XP_019071806.2,1108,2,86,86,proteome
XP_002279847.2,1107,2,85,85,proteome
XP_010665396.2,1107,2,85,85,proteome
XP_019071991.1,1107,2,85,85,proteome
XP_002279036.1,1106,2,84,84,proteome
XP_003631309.2,1106,2,84,84,proteome
XP_010660082.1,1106,2,84,84,proteome
XP_019079035.2,1106,2,84,84,proteome
XP_059592429.1,1106,2,84,84,proteome
XP_059592430.1,1106,2,84,84,proteome
XP_059592431.1,1106,2,84,84,proteome
XP_059592432.1,1106,2,84,84,proteome
XP_059598639.1,1106,2,84,84,proteome
XP_002272110.1,1105,2,83,83,proteome
XP_002276115.1,1105,2,83,83,proteome
XP_010646459.1,1105,2,83,83,proteome
XP_010656338.1,1105,2,83,83,proteome
XP_019079161.1,1105,2,83,83,proteome
XP_019081813.1,1105,2,83,83,proteome
XP_019081814.1,1105,2,83,83,proteome
XP_059589652.1,1105,2,83,83,proteome
XP_059590249.1,1105,2,83,83,proteome
XP_059599393.1,1105,2,83,83,proteome
XP_010645610.1,1104,2,82,82,proteome
XP_010653391.1,1104,2,82,82,proteome
XP_010657379.1,1104,2,82,82,proteome
XP_019073273.1,1104,2,82,82,proteome
XP_059591911.1,1104,2,82,82,proteome
XP_059596973.1,1104,2,82,82,proteome
XP_059598418.1,1104,2,82,82,proteome
XP_010645791.1,1103,2,81,81,proteome
XP_010649878.1,1103,2,81,81,proteome
XP_010644138.2,1102,2,80,80,proteome
XP_010654018.1,1102,2,80,80,proteome
XP_019077128.1,1102,2,80,80,proteome
XP_002281604.2,1101,2,79,79,proteome
XP_010647680.1,1101,2,79,79,proteome
XP_010651631.1,1101,2,79,79,proteome
XP_010653998.1,1101,2,79,79,proteome
XP_059591187.1,1101,2,79,79,proteome
XP_059591188.1,1101,2,79,79,proteome
XP_059591189.1,1101,2,79,79,proteome
XP_059591190.1,1101,2,79,79,proteome
XP_059591191.1,1101,2,79,79,proteome
XP_059591192.1,1101,2,79,79,proteome
XP_059591193.1,1101,2,79,79,proteome
XP_059591194.1,1101,2,79,79,proteome
XP_059591195.1,1101,2,79,79,proteome
XP_059591196.1,1101,2,79,79,proteome
XP_059591197.1,1101,2,79,79,proteome
XP_059591198.1,1101,2,79,79,proteome
XP_059591348.1,1101,2,79,79,proteome
XP_059593788.1,1101,2,79,79,proteome
XP_010660655.1,1100,2,78,78,proteome
XP_010660660.1,1100,2,78,78,proteome
XP_002265665.1,1099,2,77,77,proteome
XP_010651209.1,1099,2,77,77,proteome
XP_010660786.1,1099,2,77,77,proteome
XP_019082028.1,1099,2,77,77,proteome
XP_059598859.1,1099,2,77,77,proteome
XP_010658406.1,1098,2,76,76,proteome
XP_010661233.3,1098,2,76,76,proteome
XP_010663148.1,1098,2,76,76,proteome
XP_002277635.1,1097,2,75,75,proteome
XP_010645921.1,1097,2,75,75,proteome
XP_010649379.1,1097,2,75,75,proteome
XP_010650661.1,1097,2,75,75,proteome
XP_002265955.1,1096,2,74,74,proteome
XP_019075592.1,1096,2,74,74,proteome
XP_059590539.1,1096,2,74,74,proteome
XP_059592730.1,1096,2,74,74,proteome
XP_010653646.1,1095,2,73,73,proteome
XP_010662604.1,1095,2,73,73,proteome
XP_010662606.1,1095,2,73,73,proteome
XP_019081585.1,1095,2,73,73,proteome
XP_059593407.1,1095,2,73,73,proteome
XP_059599309.1,1095,2,73,73,proteome
XP_002269025.4,1094,2,72,72,proteome
XP_002283635.1,1094,2,72,72,proteome
XP_010644043.1,1094,2,72,72,proteome
XP_010645442.1,1094,2,72,72,proteome
XP_010649747.1,1094,2,72,72,proteome
XP_010650611.3,1094,2,72,72,proteome
XP_010650656.2,1094,2,72,72,proteome
XP_002267870.2,1093,2,71,71,proteome
XP_010649748.1,1093,2,71,71,proteome
XP_010665403.2,1093,2,71,71,proteome
XP_019074021.1,1093,2,71,71,proteome
XP_019075367.1,1093,2,71,71,proteome
XP_019077737.2,1093,2,71,71,proteome
XP_019078803.1,1093,2,71,71,proteome
XP_059595742.1,1093,2,71,71,proteome
XP_059595743.1,1093,2,71,71,proteome
XP_059598338.1,1093,2,71,71,proteome
XP_059598342.1,1093,2,71,71,proteome
XP_002270977.1,1092,2,70,70,proteome
XP_002274482.1,1092,2,70,70,proteome
XP_010650609.2,1092,2,70,70,proteome
XP_010650657.3,1092,2,70,70,proteome
XP_019079939.1,1092,2,70,70,proteome
XP_059593880.1,1092,2,70,70,proteome
XP_002269779.2,1091,2,69,69,proteome
XP_002277713.1,1091,2,69,69,proteome
XP_002279485.2,1091,2,69,69,proteome
XP_010648895.2,1091,2,69,69,proteome
XP_010649408.1,1091,2,69,69,proteome
XP_010649412.1,1091,2,69,69,proteome
XP_010664964.3,1091,2,69,69,proteome
XP_019077290.1,1091,2,69,69,proteome
XP_019078813.2,1091,2,69,69,proteome
XP_059590211.1,1091,2,69,69,proteome
XP_059592031.1,1091,2,69,69,proteome
XP_059594870.1,1091,2,69,69,proteome
XP_059595395.1,1091,2,69,69,proteome
XP_059598305.1,1091,2,69,69,proteome
XP_010646790.2,1090,2,68,68,proteome
XP_010647784.1,1090,2,68,68,proteome
XP_010653400.1,1090,2,68,68,proteome
XP_019073896.2,1090,2,68,68,proteome
XP_059598306.1,1090,2,68,68,proteome
XP_059598307.1,1090,2,68,68,proteome
XP_002264385.1,1089,2,67,67,proteome
XP_002270356.4,1089,2,67,67,proteome
XP_002280735.1,1089,2,67,67,proteome
XP_010649347.1,1089,2,67,67,proteome
XP_010650607.2,1089,2,67,67,proteome
XP_059592529.1,1089,2,67,67,proteome
XP_059593147.1,1089,2,67,67,proteome
XP_002263673.2,1088,2,66,66,proteome
XP_002277079.1,1088,2,66,66,proteome
XP_002278001.2,1088,2,66,66,proteome
XP_002281492.1,1088,2,66,66,proteome
XP_019077466.1,1088,2,66,66,proteome
XP_059591759.1,1088,2,66,66,proteome
XP_059593143.1,1088,2,66,66,proteome
XP_059593145.1,1088,2,66,66,proteome
XP_059596070.1,1088,2,66,66,proteome
XP_002272857.1,1087,2,65,65,proteome
XP_003632603.2,1087,2,65,65,proteome
XP_010649487.1,1087,2,65,65,proteome
XP_010649488.1,1087,2,65,65,proteome
XP_010653789.1,1087,2,65,65,proteome
XP_019075821.1,1087,2,65,65,proteome
XP_059589594.1,1087,2,65,65,proteome
XP_059592558.1,1087,2,65,65,proteome
XP_059593497.1,1087,2,65,65,proteome
XP_059593498.1,1087,2,65,65,proteome
XP_059595171.1,1087,2,65,65,proteome
XP_059598640.1,1087,2,65,65,proteome
XP_002267359.3,1086,2,64,64,proteome
XP_010654041.1,1086,2,64,64,proteome
XP_010655858.1,1086,2,64,64,proteome
XP_010655859.1,1086,2,64,64,proteome
XP_010655860.1,1086,2,64,64,proteome
XP_010655861.1,1086,2,64,64,proteome
XP_059594913.1,1086,2,64,64,proteome
XP_059595863.1,1086,2,64,64,proteome
XP_059597799.1,1086,2,64,64,proteome
XP_002264666.1,1085,2,63,63,proteome
XP_002271225.1,1085,2,63,63,proteome
XP_010661057.1,1085,2,63,63,proteome
XP_010664790.1,1085,2,63,63,proteome
XP_010664791.1,1085,2,63,63,proteome
XP_002268621.1,1084,2,62,62,proteome
XP_010648652.1,1084,2,62,62,proteome
XP_019075551.1,1084,2,62,62,proteome
XP_002280582.1,1083,2,61,61,proteome
XP_010650606.1,1083,2,61,61,proteome
XP_010653639.1,1083,2,61,61,proteome
XP_010656283.1,1083,2,61,61,proteome
XP_010656284.1,1083,2,61,61,proteome
XP_010656403.1,1083,2,61,61,proteome
XP_010659737.1,1083,2,61,61,proteome
XP_010659738.1,1083,2,61,61,proteome
XP_010659739.1,1083,2,61,61,proteome
XP_010661802.1,1083,2,61,61,proteome
XP_010661803.1,1083,2,61,61,proteome
XP_010661973.1,1083,2,61,61,proteome
XP_059592779.1,1083,2,61,61,proteome
XP_059593912.1,1083,2,61,61,proteome
XP_059593913.1,1083,2,61,61,proteome
XP_059593914.1,1083,2,61,61,proteome
XP_059595739.1,1083,2,61,61,proteome
XP_059596489.1,1083,2,61,61,proteome
XP_059596490.1,1083,2,61,61,proteome
XP_059596491.1,1083,2,61,61,proteome
XP_059596492.1,1083,2,61,61,proteome
XP_059596493.1,1083,2,61,61,proteome
XP_059596494.1,1083,2,61,61,proteome
XP_059596495.1,1083,2,61,61,proteome
XP_059596496.1,1083,2,61,61,proteome
XP_059596497.1,1083,2,61,61,proteome
XP_059596498.1,1083,2,61,61,proteome
XP_002263569.3,1082,2,60,60,proteome
XP_002281342.2,1082,2,60,60,proteome
XP_010661804.1,1082,2,60,60,proteome
XP_019079348.1,1082,2,60,60,proteome
XP_019079349.1,1082,2,60,60,proteome
XP_019079394.1,1082,2,60,60,proteome
XP_059593943.1,1082,2,60,60,proteome
XP_059596423.1,1082,2,60,60,proteome
XP_059598921.1,1082,2,60,60,proteome
XP_002274787.1,1081,2,59,59,proteome
XP_002278997.1,1081,2,59,59,proteome
XP_059590064.1,1081,2,59,59,proteome
XP_002275787.1,1080,2,58,58,proteome
XP_002282024.1,1080,2,58,58,proteome
XP_059593034.1,1080,2,58,58,proteome
XP_059597450.1,1080,2,58,58,proteome
XP_002271744.2,1079,2,57,57,proteome
XP_002276685.3,1079,2,57,57,proteome
XP_010661884.1,1079,2,57,57,proteome
XP_010661885.1,1079,2,57,57,proteome
XP_010662607.1,1079,2,57,57,proteome
XP_010664555.1,1079,2,57,57,proteome
XP_059591046.1,1079,2,57,57,proteome
XP_002262829.2,1078,2,56,56,proteome
XP_002277564.3,1078,2,56,56,proteome
XP_010644808.1,1078,2,56,56,proteome
XP_010652054.1,1078,2,56,56,proteome
XP_010654356.1,1078,2,56,56,proteome
XP_010656879.1,1078,2,56,56,proteome
XP_010661058.1,1078,2,56,56,proteome
XP_010664556.1,1078,2,56,56,proteome
XP_019078539.1,1078,2,56,56,proteome
XP_019082074.1,1078,2,56,56,proteome
XP_059591242.1,1078,2,56,56,proteome
XP_059591243.1,1078,2,56,56,proteome
XP_059591244.1,1078,2,56,56,proteome
XP_059591245.1,1078,2,56,56,proteome
XP_059591246.1,1078,2,56,56,proteome
XP_059591247.1,1078,2,56,56,proteome
XP_059591248.1,1078,2,56,56,proteome
XP_059591356.1,1078,2,56,56,proteome
XP_059596739.1,1078,2,56,56,proteome
XP_059596740.1,1078,2,56,56,proteome
XP_010659838.1,1077,2,55,55,proteome
XP_010664557.1,1077,2,55,55,proteome
XP_002263925.3,1076,2,54,54,proteome
XP_002265056.1,1076,2,54,54,proteome
XP_002269663.1,1076,2,54,54,proteome
XP_002275630.1,1076,2,54,54,proteome
XP_010656192.1,1076,2,54,54,proteome
XP_010658367.1,1076,2,54,54,proteome
XP_010658368.1,1076,2,54,54,proteome
XP_010658369.1,1076,2,54,54,proteome
XP_010658370.1,1076,2,54,54,proteome
XP_010662976.1,1076,2,54,54,proteome
XP_010664558.1,1076,2,54,54,proteome
XP_019081257.1,1076,2,54,54,proteome
XP_059593069.1,1076,2,54,54,proteome
XP_059598230.1,1076,2,54,54,proteome
XP_002275074.2,1075,2,53,53,proteome
XP_002276354.2,1075,2,53,53,proteome
XP_010646758.2,1075,2,53,53,proteome
XP_010656883.1,1075,2,53,53,proteome
XP_010662980.1,1075,2,53,53,proteome
XP_019078424.1,1075,2,53,53,proteome
XP_002280871.2,1074,2,52,52,proteome
XP_010645042.1,1074,2,52,52,proteome
XP_010656298.1,1074,2,52,52,proteome
XP_010663667.1,1074,2,52,52,proteome
XP_010663668.1,1074,2,52,52,proteome
XP_010663669.1,1074,2,52,52,proteome
XP_010663670.1,1074,2,52,52,proteome
XP_019072669.1,1074,2,52,52,proteome
XP_019074462.2,1074,2,52,52,proteome
XP_019078951.2,1074,2,52,52,proteome
XP_059590184.1,1074,2,52,52,proteome
XP_059593915.1,1074,2,52,52,proteome
XP_010663660.1,1073,2,51,51,proteome
XP_010663893.1,1073,2,51,51,proteome
XP_019080574.1,1073,2,51,51,proteome
XP_019080575.1,1073,2,51,51,proteome
XP_059595279.1,1073,2,51,51,proteome
XP_059595280.1,1073,2,51,51,proteome
XP_019080576.1,1072,2,50,50,proteome
XP_059589653.1,1072,2,50,50,proteome
XP_002266404.4,1071,2,49,49,proteome
XP_002270774.2,1071,2,49,49,proteome
XP_002274101.1,1071,2,49,49,proteome
XP_002276824.2,1071,2,49,49,proteome
XP_010648730.1,1071,2,49,49,proteome
XP_010648733.1,1071,2,49,49,proteome
XP_010659733.1,1071,2,49,49,proteome
XP_010659734.1,1071,2,49,49,proteome
XP_010659735.1,1071,2,49,49,proteome
XP_010659736.1,1071,2,49,49,proteome
XP_019073340.2,1071,2,49,49,proteome
XP_059597787.1,1071,2,49,49,proteome
XP_059598982.1,1071,2,49,49,proteome
XP_002273784.1,1070,2,48,48,proteome
XP_002278062.2,1070,2,48,48,proteome
XP_003632604.1,1070,2,48,48,proteome
XP_010663836.1,1070,2,48,48,proteome
XP_019076686.1,1070,2,48,48,proteome
XP_059590291.1,1070,2,48,48,proteome
XP_059590292.1,1070,2,48,48,proteome
XP_059590293.1,1070,2,48,48,proteome
XP_059590294.1,1070,2,48,48,proteome
XP_059590295.1,1070,2,48,48,proteome
XP_059590296.1,1070,2,48,48,proteome
XP_059590297.1,1070,2,48,48,proteome
XP_059590298.1,1070,2,48,48,proteome
XP_059590299.1,1070,2,48,48,proteome
XP_059590300.1,1070,2,48,48,proteome
XP_059590301.1,1070,2,48,48,proteome
XP_059590302.1,1070,2,48,48,proteome
XP_059590303.1,1070,2,48,48,proteome
XP_059590304.1,1070,2,48,48,proteome
XP_059590305.1,1070,2,48,48,proteome
XP_059590306.1,1070,2,48,48,proteome
XP_059590307.1,1070,2,48,48,proteome
XP_059590308.1,1070,2,48,48,proteome
XP_059590309.1,1070,2,48,48,proteome
XP_059590310.1,1070,2,48,48,proteome
XP_059590311.1,1070,2,48,48,proteome
XP_059595372.1,1070,2,48,48,proteome
XP_059596017.1,1070,2,48,48,proteome
YP_567068.1,1070,2,48,48,proteome
XP_002262628.3,1069,2,47,47,proteome
XP_002271967.2,1069,2,47,47,proteome
XP_002279498.1,1069,2,47,47,proteome
XP_010656926.1,1069,2,47,47,proteome
XP_010663841.1,1069,2,47,47,proteome
XP_002279290.1,1068,2,46,46,proteome
XP_010655431.1,1068,2,46,46,proteome
XP_010663671.1,1068,2,46,46,proteome
XP_059592254.1,1068,2,46,46,proteome
XP_059595744.1,1068,2,46,46,proteome
XP_002265872.2,1067,2,45,45,proteome
XP_002271398.1,1067,2,45,45,proteome
XP_003631743.1,1067,2,45,45,proteome
XP_010650290.1,1067,2,45,45,proteome
XP_010655361.1,1067,2,45,45,proteome
XP_010655556.1,1067,2,45,45,proteome
XP_019077577.1,1067,2,45,45,proteome
XP_019081258.1,1067,2,45,45,proteome
XP_019081850.2,1067,2,45,45,proteome
XP_059595993.1,1067,2,45,45,proteome
XP_010650999.1,1066,2,44,44,proteome
XP_010659184.2,1066,2,44,44,proteome
XP_010660669.1,1066,2,44,44,proteome
XP_019072693.1,1066,2,44,44,proteome
XP_019080577.1,1066,2,44,44,proteome
XP_059598657.1,1066,2,44,44,proteome
XP_059598826.1,1066,2,44,44,proteome
XP_002280236.2,1065,2,43,43,proteome
XP_002283191.1,1065,2,43,43,proteome
XP_002283477.2,1065,2,43,43,proteome
XP_059590317.1,1065,2,43,43,proteome
XP_002264039.1,1064,2,42,42,proteome
XP_010657503.1,1064,2,42,42,proteome
XP_010664603.1,1064,2,42,42,proteome
XP_019072671.1,1064,2,42,42,proteome
XP_059589596.1,1064,2,42,42,proteome
XP_002270457.1,1063,2,41,41,proteome
XP_002277306.1,1063,2,41,41,proteome
XP_002283464.2,1063,2,41,41,proteome
XP_010649142.1,1063,2,41,41,proteome
XP_010657509.1,1063,2,41,41,proteome
XP_010658540.1,1063,2,41,41,proteome
XP_019077314.1,1063,2,41,41,proteome
XP_019078569.1,1063,2,41,41,proteome
XP_019078570.1,1063,2,41,41,proteome
XP_019078571.1,1063,2,41,41,proteome
XP_019078573.1,1063,2,41,41,proteome
XP_019078574.1,1063,2,41,41,proteome
XP_019078575.1,1063,2,41,41,proteome
XP_019081228.1,1063,2,41,41,proteome
XP_059592399.1,1063,2,41,41,proteome
XP_059593146.1,1063,2,41,41,proteome
XP_010655862.1,1062,2,40,40,proteome
XP_010655863.1,1062,2,40,40,proteome
XP_010661105.1,1062,2,40,40,proteome
XP_010662530.1,1062,2,40,40,proteome
XP_019076170.2,1062,2,40,40,proteome
XP_019080739.1,1062,2,40,40,proteome
XP_019082072.1,1062,2,40,40,proteome
XP_059596281.1,1062,2,40,40,proteome
XP_059596282.1,1062,2,40,40,proteome
XP_059598321.1,1062,2,40,40,proteome
XP_002280842.1,1061,2,39,39,proteome
XP_002284552.1,1061,2,39,39,proteome
XP_010651081.1,1061,2,39,39,proteome
XP_010661059.1,1061,2,39,39,proteome
XP_010661060.1,1061,2,39,39,proteome
XP_019080674.1,1061,2,39,39,proteome
XP_002266859.2,1060,2,38,38,proteome
XP_003633363.3,1060,2,38,38,proteome
XP_010649143.1,1060,2,38,38,proteome
XP_010663638.1,1060,2,38,38,proteome
XP_019072103.1,1060,2,38,38,proteome
XP_059592400.1,1060,2,38,38,proteome
XP_059592535.1,1060,2,38,38,proteome
XP_059596946.1,1060,2,38,38,proteome
XP_002280900.1,1059,2,37,37,proteome
XP_010648734.1,1059,2,37,37,proteome
XP_010648735.1,1059,2,37,37,proteome
XP_010653640.1,1059,2,37,37,proteome
XP_010655928.1,1059,2,37,37,proteome
XP_010657920.1,1059,2,37,37,proteome
XP_010662531.1,1059,2,37,37,proteome
XP_019073697.1,1059,2,37,37,proteome
XP_019073698.1,1059,2,37,37,proteome
XP_019075216.1,1059,2,37,37,proteome
XP_059592235.1,1059,2,37,37,proteome
XP_059596947.1,1059,2,37,37,proteome
XP_002282808.1,1058,2,36,36,proteome
XP_010659667.1,1058,2,36,36,proteome
XP_002263148.3,1057,2,35,35,proteome
XP_002278113.1,1057,2,35,35,proteome
XP_010656067.1,1057,2,35,35,proteome
XP_010656068.1,1057,2,35,35,proteome
XP_010658097.1,1057,2,35,35,proteome
XP_010661008.1,1057,2,35,35,proteome
XP_019073699.1,1057,2,35,35,proteome
XP_019078423.1,1057,2,35,35,proteome
XP_019078604.1,1057,2,35,35,proteome
XP_059592255.1,1057,2,35,35,proteome
XP_059596499.1,1057,2,35,35,proteome
XP_002284415.1,1056,2,34,34,proteome
XP_010651735.1,1056,2,34,34,proteome
XP_019082073.1,1056,2,34,34,proteome
XP_059590244.1,1056,2,34,34,proteome
XP_059594595.1,1056,2,34,34,proteome
XP_059594596.1,1056,2,34,34,proteome
XP_059598710.1,1056,2,34,34,proteome
XP_010647969.1,1055,2,33,33,proteome
XP_010656473.1,1055,2,33,33,proteome
XP_059590143.1,1055,2,33,33,proteome
XP_059590144.1,1055,2,33,33,proteome
XP_059590969.1,1055,2,33,33,proteome
XP_059590970.1,1055,2,33,33,proteome
XP_059592697.1,1055,2,33,33,proteome
XP_059592698.1,1055,2,33,33,proteome
XP_059593611.1,1055,2,33,33,proteome
XP_059593612.1,1055,2,33,33,proteome
XP_059595944.1,1055,2,33,33,proteome
XP_059598812.1,1055,2,33,33,proteome
XP_059598813.1,1055,2,33,33,proteome
XP_010645541.1,1054,2,32,32,proteome
XP_010645542.1,1054,2,32,32,proteome
XP_010645544.1,1054,2,32,32,proteome
XP_010654671.1,1054,2,32,32,proteome
XP_010659175.1,1054,2,32,32,proteome
XP_010659839.1,1054,2,32,32,proteome
XP_019073239.1,1054,2,32,32,proteome
XP_059593144.1,1054,2,32,32,proteome
XP_059595483.1,1054,2,32,32,proteome
XP_002280019.1,1053,2,31,31,proteome
XP_002282588.1,1053,2,31,31,proteome
XP_010648358.1,1053,2,31,31,proteome
XP_010661927.1,1053,2,31,31,proteome
XP_010664196.1,1053,2,31,31,proteome
XP_019073240.1,1053,2,31,31,proteome
XP_019077766.1,1053,2,31,31,proteome
XP_019077767.1,1053,2,31,31,proteome
XP_059589786.1,1053,2,31,31,proteome
XP_059592687.1,1053,2,31,31,proteome
XP_059592688.1,1053,2,31,31,proteome
XP_059592975.1,1053,2,31,31,proteome
XP_059593511.1,1053,2,31,31,proteome
XP_059593789.1,1053,2,31,31,proteome
XP_059595697.1,1053,2,31,31,proteome
XP_059595698.1,1053,2,31,31,proteome
XP_002265473.1,1052,2,30,30,proteome
XP_002266956.1,1052,2,30,30,proteome
XP_002280784.1,1052,2,30,30,proteome
XP_002282857.1,1052,2,30,30,proteome
XP_010644160.1,1052,2,30,30,proteome
XP_010644162.1,1052,2,30,30,proteome
XP_010644163.1,1052,2,30,30,proteome
XP_010648515.1,1052,2,30,30,proteome
XP_010661928.1,1052,2,30,30,proteome
XP_019073241.1,1052,2,30,30,proteome
XP_019081259.1,1052,2,30,30,proteome
XP_059593040.1,1052,2,30,30,proteome
XP_059598063.1,1052,2,30,30,proteome
XP_059598985.1,1052,2,30,30,proteome
XP_002264585.2,1051,2,29,29,proteome
XP_002272410.1,1051,2,29,29,proteome
XP_002281528.2,1051,2,29,29,proteome
XP_002282227.2,1051,2,29,29,proteome
XP_010649445.1,1051,2,29,29,proteome
XP_010653684.1,1051,2,29,29,proteome
XP_010661979.1,1051,2,29,29,proteome
XP_010662767.1,1051,2,29,29,proteome
XP_010662768.1,1051,2,29,29,proteome
XP_010662769.1,1051,2,29,29,proteome
XP_019072057.1,1051,2,29,29,proteome
XP_019073242.1,1051,2,29,29,proteome
XP_059595511.1,1051,2,29,29,proteome
XP_059595512.1,1051,2,29,29,proteome
XP_059598064.1,1051,2,29,29,proteome
XP_002280843.2,1050,2,28,28,proteome
XP_002285403.4,1050,2,28,28,proteome
XP_010651085.1,1050,2,28,28,proteome
XP_010656311.1,1050,2,28,28,proteome
XP_010656312.1,1050,2,28,28,proteome
XP_010656313.1,1050,2,28,28,proteome
XP_010656314.1,1050,2,28,28,proteome
XP_019081260.1,1050,2,28,28,proteome
XP_059592256.1,1050,2,28,28,proteome
XP_059596800.1,1050,2,28,28,proteome
XP_059596801.1,1050,2,28,28,proteome
XP_002274736.2,1049,2,27,27,proteome
XP_002285117.3,1049,2,27,27,proteome
XP_010663578.1,1049,2,27,27,proteome
XP_019072020.1,1049,2,27,27,proteome
XP_019075175.1,1049,2,27,27,proteome
XP_019077470.1,1049,2,27,27,proteome
XP_059592934.1,1049,2,27,27,proteome
XP_059592935.1,1049,2,27,27,proteome
XP_059592936.1,1049,2,27,27,proteome
XP_002269283.1,1048,2,26,26,proteome
XP_002273016.1,1048,2,26,26,proteome
XP_002278218.1,1048,2,26,26,proteome
XP_010650310.1,1048,2,26,26,proteome
XP_010654174.1,1048,2,26,26,proteome
XP_059592702.1,1048,2,26,26,proteome
XP_059592757.1,1048,2,26,26,proteome
XP_059595467.1,1048,2,26,26,proteome
XP_059597112.1,1048,2,26,26,proteome
XP_059599034.1,1048,2,26,26,proteome
XP_010652192.1,1047,2,25,25,proteome
XP_010652196.1,1047,2,25,25,proteome
XP_010660457.1,1047,2,25,25,proteome
XP_019075575.1,1047,2,25,25,proteome
XP_019076439.1,1047,2,25,25,proteome
XP_059596542.1,1047,2,25,25,proteome
XP_059596601.1,1047,2,25,25,proteome
XP_002265157.2,1046,2,24,24,proteome
XP_002272014.2,1046,2,24,24,proteome
XP_002280942.1,1046,2,24,24,proteome
XP_002282271.1,1046,2,24,24,proteome
XP_003632806.1,1046,2,24,24,proteome
XP_010648962.1,1046,2,24,24,proteome
XP_010649732.1,1046,2,24,24,proteome
XP_010649733.1,1046,2,24,24,proteome
XP_010655357.1,1046,2,24,24,proteome
XP_010660609.1,1046,2,24,24,proteome
XP_010662602.1,1046,2,24,24,proteome
XP_010664965.1,1046,2,24,24,proteome
XP_059595518.1,1046,2,24,24,proteome
XP_059599441.1,1046,2,24,24,proteome
XP_002277475.2,1045,2,23,23,proteome
XP_010644929.1,1045,2,23,23,proteome
XP_010644932.1,1045,2,23,23,proteome
XP_010644936.1,1045,2,23,23,proteome
XP_010644939.1,1045,2,23,23,proteome
XP_010655308.1,1045,2,23,23,proteome
XP_010657134.2,1045,2,23,23,proteome
XP_019072735.1,1045,2,23,23,proteome
XP_019072737.1,1045,2,23,23,proteome
XP_019072742.1,1045,2,23,23,proteome
XP_019072743.1,1045,2,23,23,proteome
XP_019072744.1,1045,2,23,23,proteome
XP_019072755.1,1045,2,23,23,proteome
XP_019072761.1,1045,2,23,23,proteome
XP_019072763.1,1045,2,23,23,proteome
XP_019072765.1,1045,2,23,23,proteome
XP_019072766.1,1045,2,23,23,proteome
XP_019072770.1,1045,2,23,23,proteome
XP_019074741.1,1045,2,23,23,proteome
XP_019074742.1,1045,2,23,23,proteome
XP_019074745.1,1045,2,23,23,proteome
XP_019080628.1,1045,2,23,23,proteome
XP_059590914.1,1045,2,23,23,proteome
XP_059590915.1,1045,2,23,23,proteome
XP_059591199.1,1045,2,23,23,proteome
XP_059591200.1,1045,2,23,23,proteome
XP_059591201.1,1045,2,23,23,proteome
XP_059591202.1,1045,2,23,23,proteome
XP_059591203.1,1045,2,23,23,proteome
XP_059591204.1,1045,2,23,23,proteome
XP_059591205.1,1045,2,23,23,proteome
XP_059591206.1,1045,2,23,23,proteome
XP_059591207.1,1045,2,23,23,proteome
XP_059591208.1,1045,2,23,23,proteome
XP_059591209.1,1045,2,23,23,proteome
XP_059591210.1,1045,2,23,23,proteome
XP_059591211.1,1045,2,23,23,proteome
XP_059591212.1,1045,2,23,23,proteome
XP_059591213.1,1045,2,23,23,proteome
XP_059591214.1,1045,2,23,23,proteome
XP_059591215.1,1045,2,23,23,proteome
XP_059591216.1,1045,2,23,23,proteome
XP_059591217.1,1045,2,23,23,proteome
XP_059591218.1,1045,2,23,23,proteome
XP_059591219.1,1045,2,23,23,proteome
XP_059591220.1,1045,2,23,23,proteome
XP_059591221.1,1045,2,23,23,proteome
XP_059591222.1,1045,2,23,23,proteome
XP_059591223.1,1045,2,23,23,proteome
XP_059591224.1,1045,2,23,23,proteome
XP_059591225.1,1045,2,23,23,proteome
XP_059591226.1,1045,2,23,23,proteome
XP_059591227.1,1045,2,23,23,proteome
XP_059591228.1,1045,2,23,23,proteome
XP_059593099.1,1045,2,23,23,proteome
XP_002273521.1,1044,2,22,22,proteome
XP_002273835.2,1044,2,22,22,proteome
XP_002275511.1,1044,2,22,22,proteome
XP_002276957.1,1044,2,22,22,proteome
XP_010649800.1,1044,2,22,22,proteome
XP_010649802.1,1044,2,22,22,proteome
XP_010649803.1,1044,2,22,22,proteome
XP_010651736.1,1044,2,22,22,proteome
XP_010660611.1,1044,2,22,22,proteome
XP_010660972.1,1044,2,22,22,proteome
XP_010660973.1,1044,2,22,22,proteome
XP_019080586.1,1044,2,22,22,proteome
XP_019082167.1,1044,2,22,22,proteome
XP_059596535.1,1044,2,22,22,proteome
XP_059597647.1,1044,2,22,22,proteome
NP_001267857.1,1043,2,21,21,proteome
XP_002264260.1,1043,2,21,21,proteome
XP_002264678.4,1043,2,21,21,proteome
XP_002274474.1,1043,2,21,21,proteome
XP_002282331.2,1043,2,21,21,proteome
XP_010656315.1,1043,2,21,21,proteome
XP_019078073.1,1043,2,21,21,proteome
XP_019081229.1,1043,2,21,21,proteome
XP_019082069.1,1043,2,21,21,proteome
XP_010655398.1,1042,2,20,20,proteome
XP_010657135.2,1042,2,20,20,proteome
XP_019080587.1,1042,2,20,20,proteome
XP_059592296.1,1042,2,20,20,proteome
XP_059596536.1,1042,2,20,20,proteome
XP_010645907.2,1041,2,19,19,proteome
XP_010655113.1,1041,2,19,19,proteome
XP_019075671.1,1041,2,19,19,proteome
XP_019081865.1,1041,2,19,19,proteome
XP_019081880.1,1041,2,19,19,proteome
XP_059596285.1,1041,2,19,19,proteome
XP_010646440.1,1040,2,18,18,proteome
XP_010662726.1,1040,2,18,18,proteome
XP_059596537.1,1040,2,18,18,proteome
XP_002272816.2,1039,2,17,17,proteome
XP_002276961.1,1039,2,17,17,proteome
XP_010655580.1,1038,2,16,16,proteome
XP_019082224.1,1038,2,16,16,proteome
XP_059593153.1,1038,2,16,16,proteome
XP_002276890.2,1037,2,15,15,proteome
XP_002278590.1,1037,2,15,15,proteome
XP_003633847.1,1037,2,15,15,proteome
XP_010646579.1,1037,2,15,15,proteome
XP_019081892.1,1037,2,15,15,proteome
XP_002263076.1,1036,2,14,14,proteome
XP_002267656.1,1036,2,14,14,proteome
XP_002270669.1,1036,2,14,14,proteome
XP_002274319.3,1036,2,14,14,proteome
XP_010648370.1,1036,2,14,14,proteome
XP_010651910.1,1036,2,14,14,proteome
XP_059592973.1,1036,2,14,14,proteome
XP_059593508.1,1036,2,14,14,proteome
XP_002265750.3,1035,2,13,13,proteome
XP_010652788.1,1035,2,13,13,proteome
XP_010655112.1,1035,2,13,13,proteome
XP_010660553.1,1035,2,13,13,proteome
XP_059597095.1,1035,2,13,13,proteome
XP_002265283.2,1034,2,12,12,proteome
XP_002268048.1,1034,2,12,12,proteome
XP_002278365.1,1034,2,12,12,proteome
XP_003631936.1,1034,2,12,12,proteome
XP_010652785.1,1034,2,12,12,proteome
XP_010654155.1,1034,2,12,12,proteome
XP_019077511.1,1034,2,12,12,proteome
XP_059591674.1,1034,2,12,12,proteome
XP_002283578.3,1033,2,11,11,proteome
XP_002284417.1,1033,2,11,11,proteome
XP_003634285.1,1033,2,11,11,proteome
XP_010649734.1,1033,2,11,11,proteome
XP_019078215.1,1033,2,11,11,proteome
XP_019079246.1,1033,2,11,11,proteome
XP_059590185.1,1033,2,11,11,proteome
XP_059590186.1,1033,2,11,11,proteome
XP_002277238.1,1032,2,10,10,proteome
XP_002279361.1,1032,2,10,10,proteome
XP_010651834.1,1032,2,10,10,proteome
XP_010652786.1,1032,2,10,10,proteome
XP_010655983.1,1032,2,10,10,proteome
XP_010655985.1,1032,2,10,10,proteome
XP_010656896.1,1032,2,10,10,proteome
XP_010657629.1,1032,2,10,10,proteome
XP_010658291.3,1032,2,10,10,proteome
XP_059595591.1,1032,2,10,10,proteome
XP_002267129.1,1031,2,9,9,proteome
XP_059591677.1,1031,2,9,9,proteome
XP_059596550.1,1031,2,9,9,proteome
XP_059597239.1,1031,2,9,9,proteome
XP_002264782.3,1030,2,8,8,proteome
XP_010655161.1,1030,2,8,8,proteome
XP_010664484.1,1030,2,8,8,proteome
XP_059593516.1,1030,2,8,8,proteome
XP_059595391.1,1030,2,8,8,proteome
XP_002274934.1,1029,2,7,7,proteome
XP_002278953.1,1029,2,7,7,proteome
XP_010648291.1,1029,2,7,7,proteome
XP_010657873.2,1029,2,7,7,proteome
XP_019079272.1,1029,2,7,7,proteome
XP_059595731.1,1029,2,7,7,proteome
XP_002270269.1,1028,2,6,6,proteome
XP_010649032.2,1028,2,6,6,proteome
XP_010663672.1,1028,2,6,6,proteome
XP_010665089.1,1028,2,6,6,proteome
XP_019078873.2,1028,2,6,6,proteome
XP_059595751.1,1028,2,6,6,proteome
XP_059595752.1,1028,2,6,6,proteome
XP_059595753.1,1028,2,6,6,proteome
XP_059595754.1,1028,2,6,6,proteome
XP_002284607.2,1027,2,5,5,proteome
XP_010648737.2,1027,2,5,5,proteome
XP_010664968.2,1027,2,5,5,proteome
XP_019075031.2,1027,2,5,5,proteome
XP_059590187.1,1027,2,5,5,proteome
XP_002273503.1,1026,2,4,4,proteome
XP_002276292.2,1026,2,4,4,proteome
XP_010649276.1,1026,2,4,4,proteome
XP_010655277.1,1026,2,4,4,proteome
XP_010657493.1,1026,2,4,4,proteome
XP_010657515.1,1026,2,4,4,proteome
XP_010658356.1,1026,2,4,4,proteome
XP_010658357.1,1026,2,4,4,proteome
XP_010658358.1,1026,2,4,4,proteome
XP_010658361.1,1026,2,4,4,proteome
XP_010658362.1,1026,2,4,4,proteome
XP_010658363.1,1026,2,4,4,proteome
XP_010658364.1,1026,2,4,4,proteome
XP_010658365.1,1026,2,4,4,proteome
XP_010658380.1,1026,2,4,4,proteome
XP_010663060.1,1026,2,4,4,proteome
XP_010663061.1,1026,2,4,4,proteome
XP_010664533.1,1026,2,4,4,proteome
XP_010665201.1,1026,2,4,4,proteome
XP_019081253.1,1026,2,4,4,proteome
XP_059595755.1,1026,2,4,4,proteome
XP_059595756.1,1026,2,4,4,proteome
XP_059595757.1,1026,2,4,4,proteome
XP_059598214.1,1026,2,4,4,proteome
XP_059598215.1,1026,2,4,4,proteome
XP_059598216.1,1026,2,4,4,proteome
XP_059598217.1,1026,2,4,4,proteome
XP_002264021.3,1025,2,3,3,proteome
XP_002276092.2,1025,2,3,3,proteome
XP_010647681.1,1025,2,3,3,proteome
XP_010657494.1,1025,2,3,3,proteome
XP_010658141.1,1025,2,3,3,proteome
XP_059593790.1,1025,2,3,3,proteome
XP_059595853.1,1025,2,3,3,proteome
XP_002268598.2,1024,2,2,2,proteome
XP_002270042.1,1024,2,2,2,proteome
XP_003632918.2,1024,2,2,2,proteome
XP_010647799.1,1024,2,2,2,proteome
XP_010647800.1,1024,2,2,2,proteome
XP_010648196.2,1024,2,2,2,proteome
XP_010648288.1,1024,2,2,2,proteome
XP_010658604.1,1024,2,2,2,proteome
XP_010664415.1,1024,2,2,2,proteome
XP_019081881.1,1024,2,2,2,proteome
XP_019081913.2,1024,2,2,2,proteome
XP_059592046.1,1024,2,2,2,proteome
XP_002267416.1,1023,2,1,1,proteome
XP_010644095.1,1023,2,1,1,proteome
XP_010644096.1,1023,2,1,1,proteome
XP_010655571.1,1023,2,1,1,proteome
XP_019071875.2,1023,2,1,1,proteome
XP_019073480.1,1023,2,1,1,proteome
