pid,score
NP_001077742,1217.1529541015625
NP_683441,1217.1529541015625
NP_001031207,1175.466552734375
NP_001185265,1175.466552734375
NP_001323213,1175.466552734375
NP_176153,1175.466552734375
NP_683447,1175.466552734375
NP_001322914,1151.1820068359375
NP_683446,1151.1820068359375
NP_001331068,1061.3536376953125
NP_001331069,1061.3536376953125
NP_001331070,1061.3536376953125
NP_001331071,1061.3536376953125
NP_001331072,1061.3536376953125
NP_199673,1061.3536376953125
NP_001318736,1055.76708984375
NP_001332592,1055.76708984375
NP_199160,1055.76708984375
NP_851124,1055.76708984375
NP_187360,1045.0091552734375
NP_001322397,1018.638671875
NP_001322398,1018.638671875
NP_564971,1431.0758056640625
NP_001332515,1015.0386962890625
NP_198395,1015.0386962890625
NP_001319265,1008.4096069335938
NP_176135,1008.4096069335938
NP_001319213,1005.8733520507812
NP_001319267,1000.0704345703125
NP_001323309,1000.0704345703125
NP_176137,1000.0704345703125
NP_001319266,983.8539428710938
NP_001117515,975.86328125
NP_176151,975.86328125
NP_001319272,960.947265625
NP_001328019,2072.96142578125
NP_849398,2146.200439453125
NP_001328022,2231.950927734375
NP_193428,2247.25341796875
NP_001323308,914.1025390625
NP_176187,898.6845092773438
NP_001322497,897.8526000976562
NP_001329721,2072.671875
NP_001319970,2072.5810546875
NP_193425,1923.829833984375
NP_001329036,1925.348876953125
NP_001329041,1855.948974609375
NP_001329039,1856.5572509765625
NP_001329040,1856.5572509765625
NP_001329038,1913.7208251953125
NP_001329042,1913.7208251953125
NP_001329037,1913.69482421875
NP_001329043,1913.69482421875
NP_001328020,2099.942138671875
NP_001328021,2111.638671875
NP_001329719,2000.0517578125
NP_193420,1555.032470703125
NP_001323706,1237.00048828125
NP_179024,1395.8134765625
NP_001328661,1282.0687255859375
NP_001319642,1168.3433837890625
NP_001326498,1168.3433837890625
NP_001318538,1367.2078857421875
NP_001332026,1367.2078857421875
NP_196686,1414.207763671875
NP_001320323,753.7930297851562
NP_001117266,748.745849609375
NP_001322203,748.745849609375
NP_172561,748.745849609375
NP_001330712,1288.3033447265625
NP_001330714,1277.9144287109375
NP_001330713,1265.0137939453125
NP_199264,1284.8660888671875
NP_001329720,1830.1766357421875
NP_001078237,1257.62890625
NP_190053,1257.62890625
NP_001331467,1396.9683837890625
NP_001326422,1346.52294921875
NP_001326419,1346.5020751953125
NP_190034,1346.5020751953125
NP_001326420,1346.7017822265625
NP_001326421,1346.7017822265625
NP_001330480,1196.638671875
NP_197270,1391.7474365234375
NP_001322559,1007.236328125
NP_001322562,1007.236328125
NP_199976,1348.4483642578125
NP_175437,719.3502807617188
NP_851172,1446.9521484375
NP_001330479,1345.2674560546875
NP_001330481,1345.2674560546875
NP_001327594,1320.9703369140625
NP_190049,1320.9703369140625
NP_850654,1320.9703369140625
NP_850655,1320.7939453125
NP_001329722,1569.750244140625
NP_001329216,1291.3765869140625
NP_192585,1292.3018798828125
NP_001319971,1256.540283203125
NP_193427,1428.656982421875
NP_001328968,1430.329833984375
NP_001328966,1588.158447265625
NP_001328967,1596.06982421875
NP_001328969,1596.06982421875
NP_001328970,1596.06982421875
NP_001329411,1199.915283203125
NP_195337,1371.1806640625
NP_001326120,1090.2012939453125
NP_201107,1062.95263671875
NP_001322560,956.875244140625
NP_193685,1227.402587890625
NP_001329119,1161.3121337890625
NP_174038,1136.077880859375
NP_193424,1162.3460693359375
NP_001322556,810.4259033203125
NP_001322557,810.4259033203125
NP_001322558,810.4259033203125
NP_199438,1299.8397216796875
NP_001330139,1295.2723388671875
NP_001330140,1286.6953125
NP_001330137,1295.1258544921875
NP_199439,1295.1258544921875
NP_001330138,1284.0904541015625
NP_172692,1142.86962890625
NP_174037,1016.0969848632812
NP_001154372,988.54638671875
NP_187072,1025.3785400390625
NP_001321538,1143.9620361328125
NP_197336,1276.3226318359375
NP_001117396,1254.2462158203125
NP_001319937,1172.4490966796875
NP_001329614,1247.3935546875
NP_193173,1247.3935546875
NP_001318694,1265.953125
NP_198650,1265.953125
NP_001190516,1345.19384765625
NP_176760,1305.963623046875
NP_001185325,1306.0875244140625
NP_199457,1288.550537109375
NP_199464,1259.6292724609375
NP_001330914,1259.2431640625
NP_001323155,1079.5655517578125
NP_001184970,1227.58056640625
NP_172686,1227.58056640625
NP_199459,1224.667236328125
NP_176314,1128.0831298828125
NP_176313,1117.5888671875
NP_001118772,1151.52294921875
NP_001326548,1151.52294921875
NP_001326549,1151.52294921875
NP_001326550,1151.52294921875
NP_190026,1151.52294921875
NP_001320536,1128.2752685546875
NP_001320537,1128.2752685546875
NP_190237,922.4287719726562
NP_001031216,1116.4444580078125
NP_198990,1268.54345703125
NP_851117,1268.54345703125
NP_190255,748.5375366210938
NP_172685,1135.322509765625
NP_196159,954.7474975585938
NP_001332184,1255.1754150390625
NP_179279,1243.4761962890625
NP_001321385,1085.3306884765625
NP_001321386,1085.3306884765625
NP_176571,1181.586669921875
NP_190257,794.2509155273438
NP_176325,951.3937377929688
NP_176572,1196.22802734375
NP_176524,1091.976318359375
NP_001320908,1091.8109130859375
NP_001320909,1091.8109130859375
NP_001331341,1173.841064453125
NP_001331343,1178.426513671875
NP_197661,1250.7603759765625
NP_001331342,1224.1300048828125
NP_192816,1113.766845703125
NP_001331309,1311.5941162109375
NP_199463,1313.3607177734375
NP_001328297,1112.3685302734375
NP_190664,616.8233032226562
NP_850677,616.8233032226562
NP_200620,1238.262939453125
NP_001077769,1204.917724609375
NP_001330323,1004.8816528320312
NP_001318593,1232.5858154296875
NP_176326,1089.5648193359375
NP_198970,1230.969970703125
NP_172693,1107.565673828125
NP_001318986,1056.599365234375
NP_001320959,1056.599365234375
NP_001320960,1056.599365234375
NP_176560,1191.9161376953125
NP_198651,985.8333129882812
NP_198989,1179.287109375
NP_001320910,1051.66943359375
NP_001154757,1178.7227783203125
NP_001320566,1004.0515747070312
NP_197337,1106.1180419921875
NP_176590,1209.6641845703125
NP_001318718,1233.3826904296875
NP_198907,1233.3826904296875
NP_001318737,1009.9168090820312
NP_001331020,1009.9168090820312
NP_001331021,1009.9168090820312
NP_001331022,1009.9168090820312
NP_199186,1009.9168090820312
NP_001331514,958.2361450195312
NP_198822,1008.9711303710938
NP_188064,617.36376953125
NP_001319123,1009.6925659179688
NP_174439,1009.6925659179688
NP_176561,1115.87939453125
NP_001322890,1179.02490234375
NP_198701,1178.969482421875
NP_001322561,872.6000366210938
NP_176047,1360.3560791015625
NP_176525,1050.6009521484375
NP_001332185,1228.91064453125
NP_198969,1251.20458984375
NP_173041,993.56884765625
NP_001320502,986.4168701171875
NP_001077768,950.668212890625
NP_176562,950.668212890625
NP_176451,1048.1497802734375
NP_001331782,970.27587890625
NP_192855,1204.3135986328125
NP_199725,1187.57080078125
NP_199187,982.0795288085938
NP_851126,982.0795288085938
NP_176043,1138.2452392578125
NP_001322571,1010.7985229492188
NP_001332096,785.2860107421875
NP_001332097,785.2860107421875
NP_001320538,1055.01708984375
NP_001319549,574.720703125
NP_188065,574.720703125
NP_974894,974.4860229492188
NP_197298,1044.8001708984375
NP_192938,1256.9093017578125
NP_001322964,824.4332885742188
NP_001321856,879.9485473632812
NP_001329580,1417.5574951171875
NP_001329581,1417.5574951171875
NP_193687,1417.0648193359375
NP_176044,1092.7081298828125
NP_001321224,1080.735107421875
NP_001185252,1118.9599609375
NP_175559,977.7625122070312
NP_001329582,1391.052734375
NP_001330750,879.5717163085938
NP_001330752,879.5717163085938
NP_001330749,942.4968872070312
NP_001330751,942.4968872070312
NP_001330753,942.4968872070312
NP_001330754,942.4968872070312
NP_001330755,942.4968872070312
NP_001321319,1083.193603515625
NP_001329583,1387.4134521484375
NP_001322204,536.7608642578125
NP_001322205,536.7608642578125
NP_177427,978.90576171875
NP_001185386,997.1807861328125
NP_001322025,997.1807861328125
NP_001329118,917.50146484375
NP_001328447,1278.65576171875
NP_001328448,1278.65576171875
NP_001328449,1278.65576171875
NP_001321381,1074.6168212890625
NP_001321382,1074.6168212890625
NP_001321383,1074.6168212890625
NP_001321380,1059.3739013671875
NP_001154444,1059.2275390625
NP_001154443,1059.05078125
NP_194339,1067.8565673828125
NP_177451,1146.30322265625
NP_001321226,827.5169067382812
NP_001328446,1213.6131591796875
NP_193686,1213.6131591796875
NP_001327784,713.8338623046875
NP_001322143,937.3824462890625
NP_001322024,762.1878662109375
NP_001322142,1021.0780639648438
NP_198826,886.5662841796875
NP_199688,993.2487182617188
NP_199536,825.2415771484375
NP_173203,915.8035888671875
NP_190724,1073.6641845703125
NP_199537,855.9684448242188
NP_193747,1306.60791015625
NP_177429,914.9291381835938
NP_199283,1305.5413818359375
NP_001326119,900.1383056640625
NP_001324492,1054.871337890625
NP_001328444,937.3411865234375
NP_001328451,937.0836181640625
NP_849410,1091.0657958984375
NP_001324491,1080.365234375
NP_179297,1020.6826782226562
NP_001332395,1070.5797119140625
NP_001331999,1296.2393798828125
NP_197290,1296.15185546875
NP_199333,1240.1640625
NP_001320719,1312.6031494140625
NP_174673,1307.05322265625
NP_195338,1282.8558349609375
NP_001323796,1169.0435791015625
NP_179298,1196.2763671875
NP_001330009,1388.9384765625
NP_199445,1388.9384765625
NP_001328450,1207.567626953125
NP_001330641,910.2049560546875
NP_001330640,909.754638671875
NP_198509,909.754638671875
NP_001119319,909.8895263671875
NP_001328414,680.8904418945312
NP_194452,677.6951904296875
NP_174809,1165.86962890625
NP_001332492,996.9639282226562
NP_001326087,1022.0956420898438
NP_851133,995.6705322265625
NP_001319521,873.7886962890625
NP_187719,873.7886962890625
NP_187712,993.3953857421875
NP_001323641,1163.95263671875
NP_180875,1163.95263671875
NP_001332491,909.6056518554688
NP_196345,1237.2601318359375
NP_199318,982.7514038085938
NP_001323733,828.9346923828125
NP_001323734,828.9346923828125
NP_199339,950.4537963867188
NP_001318660,1133.042236328125
NP_198058,1133.042236328125
NP_001332753,1133.0321044921875
NP_001078715,950.4058837890625
NP_001318742,950.4058837890625
NP_199338,1777.370849609375
NP_001329654,807.324462890625
NP_001329656,807.324462890625
NP_001329655,807.28564453125
NP_001329653,807.2255859375
NP_001329658,807.1388549804688
NP_001329652,807.1088256835938
NP_190725,1248.818115234375
NP_001330960,1382.3446044921875
NP_199319,1382.3446044921875
NP_001326086,892.2200317382812
NP_001327255,1261.1217041015625
NP_001326084,841.5628051757812
NP_199300,1160.408447265625
NP_001330256,769.0559692382812
NP_001330255,768.7115478515625
NP_001330258,768.5748291015625
NP_001329657,797.2540893554688
NP_192939,797.2540893554688
NP_001154222,797.1077880859375
NP_001118968,797.0794067382812
NP_179112,982.114990234375
NP_849957,982.114990234375
NP_001330254,721.7076416015625
NP_001330259,721.7076416015625
NP_001330257,721.5581665039062
NP_001332396,957.4072875976562
NP_187217,790.2166748046875
NP_001321225,800.4928588867188
NP_001328445,866.5607299804688
NP_199336,1204.815673828125
NP_001326085,896.0069580078125
NP_001326083,855.414794921875
NP_195341,1231.6776123046875
NP_001331726,936.89453125
NP_194449,677.6467895507812
NP_178304,1270.33837890625
NP_177694,1142.6470947265625
NP_001332468,1100.8214111328125
NP_001031781,412.06787109375
NP_001320123,412.06787109375
NP_001190494,614.8444213867188
NP_190536,1040.606201171875
NP_849538,1065.2664794921875
NP_180150,1067.540283203125
NP_175225,814.8507690429688
NP_193688,1211.3709716796875
NP_001328514,1248.2939453125
NP_201491,487.1651611328125
NP_177296,775.6622924804688
NP_001331503,486.7685546875
NP_199334,724.4766235351562
NP_001332329,725.7277221679688
NP_001332330,725.6596069335938
NP_181039,701.6022338867188
NP_197291,781.4222412109375
NP_200415,960.8289184570312
NP_001032080,1096.5394287109375
NP_197963,757.7200927734375
NP_201198,1377.4207763671875
NP_196092,377.02978515625
NP_567412,771.0824584960938
NP_189066,1193.06103515625
NP_001322897,1104.9786376953125
NP_173166,1236.041015625
NP_001322898,1235.6158447265625
NP_199705,1158.44189453125
NP_567748,1043.6612548828125
NP_173217,1150.2786865234375
NP_175139,779.0885009765625
NP_001318764,572.9201049804688
NP_187216,744.100341796875
NP_199539,366.8946228027344
NP_192625,1133.1766357421875
NP_195650,1064.9835205078125
NP_177557,678.6474609375
NP_001319465,597.6943359375
NP_566223,597.6943359375
NP_001322432,718.93603515625
NP_172219,708.9614868164062
NP_001322741,721.71044921875
NP_188952,726.6529541015625
NP_187188,725.352294921875
NP_189443,971.794677734375
NP_001154318,688.1965942382812
NP_001185260,787.2623901367188
NP_192331,692.5482177734375
NP_201492,410.3860168457031
NP_001329880,628.2269287109375
NP_001321997,847.8465576171875
NP_177295,847.906494140625
NP_193432,615.8479614257812
NP_001329875,615.8470458984375
NP_001329882,615.8470458984375
NP_001329874,615.1503295898438
NP_001329877,615.1503295898438
NP_001319972,615.1497192382812
NP_849399,615.1497192382812
NP_001329881,590.1917724609375
NP_001329873,615.0647583007812
NP_001329883,615.0647583007812
NP_180827,724.9520263671875
NP_001190595,938.6993408203125
NP_001319997,684.6318969726562
NP_180201,1012.6820068359375
NP_201029,1080.5394287109375
NP_001154317,658.097900390625
NP_177710,979.54443359375
NP_001154652,723.46875
NP_189531,723.46875
NP_001319887,618.4110717773438
NP_172335,1027.9068603515625
NP_177559,669.7211303710938
NP_176717,609.552978515625
NP_001330461,743.1533203125
NP_174166,1064.370849609375
NP_001330457,750.5427856445312
NP_001325073,765.6841430664062
NP_192674,569.6096801757812
NP_001322740,684.726806640625
NP_188953,677.3328857421875
NP_001332328,645.9327392578125
NP_001330454,759.5560302734375
NP_001330456,759.5560302734375
NP_001330459,759.5560302734375
NP_174620,348.52374267578125
NP_180117,751.17529296875
NP_001323284,744.3827514648438
NP_177558,752.2619018554688
NP_001117591,659.3829345703125
NP_001190624,1097.1033935546875
NP_201371,1097.1033935546875
NP_001318610,1201.578369140625
NP_197548,1201.578369140625
NP_001329871,344.13787841796875
NP_001329876,344.13787841796875
NP_199740,713.9159545898438
NP_001319973,343.3372802734375
NP_849400,343.3376770019531
NP_001031652,343.3408508300781
NP_001329872,343.3408508300781
NP_001329878,343.3408508300781
NP_001329879,343.3408508300781
NP_001330460,734.733642578125
NP_189134,693.2989501953125
NP_001327089,693.0630493164062
NP_001323933,659.5845336914062
NP_001322351,679.0016479492188
NP_001325565,747.9754028320312
NP_194594,1040.663330078125
NP_176115,667.4934692382812
NP_001325566,742.2491455078125
NP_190892,742.2491455078125
NP_566757,688.279541015625
NP_193640,428.8631896972656
NP_200956,982.1666259765625
NP_193760,1023.2815551757812
NP_190295,1019.14306640625
NP_197965,1010.371337890625
NP_189137,731.8214721679688
NP_001327885,731.4976196289062
NP_190293,1043.7548828125
NP_565084,933.9249877929688
NP_189138,696.7613525390625
NP_196335,1146.4224853515625
NP_001329659,575.4407958984375
NP_195809,876.3605346679688
NP_187187,762.9970703125
NP_200200,967.37158203125
NP_194578,997.227783203125
NP_190342,1039.671875
NP_566892,1054.796142578125
NP_176783,546.5576782226562
NP_180865,680.4072265625
NP_001331523,1069.6802978515625
NP_179990,862.2922973632812
NP_001117501,1046.950927734375
NP_175957,1046.950927734375
NP_198833,612.6926879882812
NP_001332331,514.6006469726562
NP_191196,864.7938842773438
NP_180861,665.9154663085938
NP_001325074,581.2100219726562
NP_001322352,558.27685546875
NP_001324448,878.760986328125
NP_187946,983.1505126953125
NP_177363,934.2178344726562
NP_193118,567.6712036132812
NP_180867,596.82568359375
NP_001321774,484.2174987792969
NP_001321773,560.5278930664062
NP_001185254,539.0044555664062
NP_001330458,567.3873901367188
NP_176078,559.6984252929688
NP_001189901,284.226806640625
NP_201372,945.2857055664062
NP_001327243,899.9646606445312
NP_186862,900.64501953125
NP_181713,778.3760375976562
NP_001190722,631.2183837890625
NP_193124,630.7504272460938
NP_001330758,479.4151611328125
NP_199337,479.6185302734375
NP_568664,493.41790771484375
NP_188604,965.9108276367188
NP_178330,981.739990234375
NP_177428,413.0226745605469
NP_001330455,582.1456909179688
NP_180864,643.2552490234375
NP_850942,929.408935546875
NP_172468,911.6514282226562
NP_001320953,541.1253051757812
NP_173167,526.2913208007812
NP_199948,648.0888671875
NP_199777,937.2772216796875
NP_188941,548.2846069335938
NP_001331502,368.5811767578125
NP_001319029,339.2441101074219
NP_173204,339.2441101074219
NP_177374,1004.5927734375
NP_192680,404.79534912109375
NP_174702,718.109619140625
NP_001320016,791.796630859375
NP_001326639,461.9447326660156
NP_173168,711.1889038085938
NP_188160,284.34259033203125
NP_001328953,546.6510009765625
NP_177430,405.04644775390625
NP_180825,507.353515625
NP_172708,805.464111328125
NP_176483,803.6976928710938
NP_197731,528.698974609375
NP_198825,325.405029296875
NP_177432,460.3004150390625
NP_196311,826.6231079101562
NP_001185387,435.45562744140625
NP_001323401,482.1310119628906
NP_001319135,483.0041198730469
NP_196564,674.5239868164062
NP_001319561,360.0455627441406
NP_188191,363.27642822265625
NP_175675,354.8835754394531
NP_001320574,356.5944519042969
NP_177438,425.0475158691406
NP_180114,483.4486083984375
NP_001319924,489.1048278808594
NP_177437,424.4913635253906
NP_173205,418.17706298828125
NP_564426,482.11224365234375
NP_001078562,631.3587646484375
NP_001332712,746.8248901367188
NP_180206,448.2022705078125
NP_189281,194.54689025878906
NP_001332713,747.150146484375
NP_200932,319.1941833496094
NP_177433,396.8179931640625
NP_190742,748.3692626953125
NP_199364,248.36614990234375
NP_001078719,248.6302947998047
NP_001329708,232.7269287109375
NP_195272,232.7056427001953
NP_001323606,465.1318359375
NP_179220,568.285400390625
NP_850049,783.3847045898438
NP_001330031,182.8556365966797
NP_001330033,182.8556365966797
NP_001330034,182.8556365966797
NP_001330035,182.80609130859375
NP_001330029,182.7751922607422
NP_001190474,182.7276153564453
NP_001330030,182.7276153564453
NP_001330032,182.7276153564453
NP_199363,182.7276153564453
NP_180274,687.7431030273438
NP_179336,227.98147583007812
NP_187867,366.68963623046875
NP_177434,390.4283752441406
NP_174625,387.8283386230469
NP_001318226,377.75677490234375
NP_172844,324.26055908203125
NP_178125,321.2287902832031
NP_181808,337.3461608886719
NP_172244,783.6038818359375
NP_200623,606.3825073242188
NP_001323607,619.64599609375
NP_001321374,484.6034240722656
NP_174624,484.6034240722656
NP_178230,638.63671875
NP_188718,432.8792724609375
NP_187741,186.88003540039062
NP_001190586,266.8263854980469
NP_001323054,331.07989501953125
NP_564709,736.2695922851562
NP_199787,720.6939086914062
NP_196204,162.36724853515625
NP_001319214,723.640869140625
NP_001321135,699.890869140625
NP_178291,731.8872680664062
NP_001185247,711.6950073242188
NP_564710,724.9840698242188
NP_001185131,456.4344482421875
NP_201490,191.41665649414062
NP_001320621,673.9755249023438
NP_001329222,297.7077331542969
NP_001329221,297.87701416015625
NP_176009,739.3327026367188
NP_194585,337.8398132324219
NP_001319738,718.5455322265625
NP_179523,177.28074645996094
NP_680706,145.22434997558594
NP_001321966,730.4385986328125
NP_176008,727.4944458007812
NP_172782,274.8876647949219
NP_196798,347.010498046875
NP_001117479,677.5198974609375
NP_001329133,510.9859924316406
NP_001329134,510.9859924316406
NP_001329135,510.9859924316406
NP_001329137,510.9859924316406
NP_001329139,510.9859924316406
NP_001329136,645.0844116210938
NP_001329138,645.0844116210938
NP_001329140,645.0844116210938
NP_974713,521.3135986328125
NP_001321137,783.9868774414062
NP_001184930,780.17236328125
NP_195638,717.5698852539062
NP_001318743,141.29641723632812
NP_199365,141.29641723632812
NP_001324737,510.105712890625
NP_172668,287.0934143066406
NP_199788,722.1298828125
NP_568094,140.4599609375
NP_001319765,713.427490234375
NP_174628,424.0239562988281
NP_001332721,705.4450073242188
NP_001332720,702.4329833984375
NP_563921,160.52392578125
NP_001327283,236.77301025390625
NP_001330429,509.4900207519531
NP_001330240,462.44293212890625
NP_196925,504.69720458984375
NP_001330239,490.644775390625
NP_201434,264.5535888671875
NP_194335,141.09259033203125
NP_175749,745.84130859375
NP_001330432,625.5510864257812
NP_189195,311.8356018066406
NP_001330428,748.4326782226562
NP_001330430,748.4326782226562
NP_001330433,748.4326782226562
NP_195815,748.4326782226562
NP_001330431,742.4921264648438
NP_194717,133.1686248779297
NP_001321901,456.8177490234375
NP_001321898,349.4327392578125
NP_564942,298.68389892578125
NP_188102,729.6787109375
NP_172169,707.7642822265625
NP_001321900,583.9319458007812
NP_001322635,639.512451171875
NP_001078718,142.5083770751953
NP_199362,142.5083770751953
NP_174266,692.2071533203125
NP_001322633,646.1565551757812
NP_001325935,370.71551513671875
NP_178080,704.5357055664062
NP_199357,135.3515167236328
NP_001322634,699.1995849609375
NP_001321899,714.3351440429688
NP_001330434,690.7093505859375
NP_563980,176.86114501953125
NP_173869,684.9749755859375
NP_199786,291.22918701171875
NP_189017,702.637451171875
NP_175747,719.8626708984375
NP_001320463,242.53077697753906
NP_001189801,486.39996337890625
NP_001326355,486.39996337890625
NP_566213,486.39996337890625
NP_001320665,704.5796508789062
NP_174267,703.9064331054688
NP_001321481,225.6815643310547
NP_001321482,225.6815643310547
NP_177560,225.6815643310547
NP_175372,242.54783630371094
NP_197937,312.36273193359375
NP_176789,734.0466918945312
NP_179911,538.9212646484375
NP_191510,284.4308776855469
NP_001319251,659.0156860351562
NP_001322311,562.5604858398438
NP_001321967,660.42919921875
NP_564228,657.33837890625
NP_176434,265.023193359375
NP_850955,671.1570434570312
NP_174268,684.3650512695312
NP_176918,621.772705078125
NP_179568,265.52880859375
NP_179134,249.92825317382812
NP_188563,238.8901824951172
NP_176855,635.6942138671875
NP_189091,249.3142852783203
NP_564335,696.83740234375
NP_198561,690.2916259765625
NP_175849,228.1497344970703
NP_974291,308.47509765625
NP_194653,256.8754577636719
NP_193070,253.14022827148438
NP_001332015,311.4203186035156
NP_199969,587.8486328125
NP_177007,605.8883056640625
NP_001323484,431.56280517578125
NP_194567,236.84681701660156
NP_001323483,450.12005615234375
NP_192210,287.1470031738281
NP_199392,464.5054016113281
NP_199789,601.2012939453125
NP_178381,498.135498046875
NP_193602,274.091064453125
NP_001189636,119.36759185791016
NP_567467,143.57456970214844
NP_188919,239.44195556640625
NP_196408,122.13990783691406
NP_001319002,487.23052978515625
NP_188532,236.70899963378906
NP_182059,627.6760864257812
NP_175397,218.9918212890625
NP_563685,275.9910888671875
NP_201529,561.6292724609375
NP_195442,547.3220825195312
NP_193611,250.96640014648438
NP_567916,146.88267517089844
NP_196305,290.0153503417969
NP_180241,579.5037841796875
NP_001328301,392.6961975097656
NP_179188,229.32110595703125
NP_195123,226.9834442138672
NP_196304,295.9234313964844
NP_194004,537.5888671875
NP_199389,214.32749938964844
NP_001328902,252.46237182617188
NP_189183,720.0523681640625
NP_188391,278.1626281738281
NP_001189971,716.9005126953125
NP_193426,186.80503845214844
NP_193421,133.81185913085938
NP_194115,146.99002075195312
NP_566444,625.9120483398438
NP_001321579,611.514404296875
NP_201327,703.4230346679688
NP_001318220,738.2412109375
NP_179000,738.2412109375
NP_001190618,702.9428100585938
NP_193641,129.73646545410156
NP_179132,504.7509460449219
NP_197469,115.6679458618164
NP_567961,525.5183715820312
NP_849339,199.79092407226562
NP_176603,554.737548828125
NP_001325096,599.3060302734375
NP_200144,569.7527465820312
NP_179973,681.4642333984375
NP_189960,240.7862091064453
NP_194781,675.1049194335938
NP_001330624,690.84912109375
NP_196591,690.84912109375
NP_568971,425.56341552734375
NP_178019,606.3995971679688
NP_201077,698.382568359375
NP_001330949,682.226806640625
NP_001326830,324.7816467285156
NP_198934,444.4642028808594
NP_187480,588.7233276367188
NP_974257,588.7233276367188
NP_201464,212.70440673828125
NP_001185122,684.2955322265625
NP_001320669,683.2994995117188
NP_174427,683.2994995117188
NP_001185301,439.380859375
NP_001321232,461.6786193847656
NP_176532,461.6786193847656
NP_001326829,522.8292236328125
NP_191342,522.8292236328125
NP_197608,223.15277099609375
NP_177435,321.3814392089844
NP_197104,696.1076049804688
NP_197569,464.38751220703125
NP_190592,501.9193115234375
NP_001326721,500.72662353515625
NP_181758,530.7396850585938
NP_974381,193.30731201171875
NP_001320048,103.85321807861328
NP_001327975,103.85321807861328
NP_180747,513.773681640625
NP_176279,693.5830078125
NP_193944,633.0115966796875
NP_568502,108.79502868652344
NP_001326360,152.5939483642578
NP_001320467,772.0716552734375
NP_174683,772.0716552734375
NP_177328,767.5112915039062
NP_171917,252.73529052734375
NP_197798,550.9043579101562
NP_001328543,538.3634643554688
NP_194105,538.3634643554688
NP_190544,249.1134796142578
NP_001322341,643.57958984375
NP_181196,566.0137939453125
NP_001321136,568.6497192382812
NP_001189684,647.65478515625
NP_001324112,647.65478515625
NP_001324113,647.65478515625
NP_181105,647.65478515625
NP_567920,828.4573974609375
NP_199390,656.2683715820312
NP_001332550,671.701416015625
NP_189109,466.1365051269531
NP_174039,631.0977783203125
NP_001119458,585.3450927734375
NP_001318827,585.3450927734375
NP_200638,585.3450927734375
NP_001077512,573.3770751953125
NP_001320765,184.91598510742188
NP_175777,582.6734619140625
NP_001077716,581.7335205078125
NP_001330851,611.7677612304688
NP_001330852,611.7677612304688
NP_001330850,619.3025512695312
NP_197162,553.7001342773438
NP_174156,145.88035583496094
NP_568977,619.3134765625
NP_180862,190.58786010742188
NP_199685,597.9716186523438
NP_201384,238.0322723388672
NP_176262,528.3951416015625
NP_001190904,806.2398681640625
NP_974360,709.6277465820312
NP_569046,510.7880554199219
NP_178999,783.1473388671875
NP_568416,97.2199478149414
NP_001332711,555.3765869140625
NP_193599,407.8072814941406
NP_197725,98.19111633300781
NP_001321706,455.45013427734375
NP_564528,593.9447021484375
NP_196135,572.3235473632812
NP_172580,517.7609252929688
NP_001318809,143.68116760253906
NP_200433,143.68116760253906
NP_566589,561.1925048828125
NP_186938,567.5347290039062
NP_001322768,552.3646240234375
NP_177157,586.7586059570312
NP_001322770,414.0325622558594
NP_001322769,550.6368408203125
NP_175601,550.2271728515625
NP_001319202,537.322509765625
NP_567870,443.9522705078125
NP_198389,520.40771484375
NP_001324598,382.56878662109375
NP_189486,554.278076171875
NP_565489,519.7326049804688
NP_001031498,300.86749267578125
NP_001323564,300.7845764160156
NP_181242,546.5930786132812
NP_001031499,546.0985717773438
NP_001318746,400.39697265625
NP_001118925,74.5087890625
NP_001328894,74.5087890625
NP_001328895,74.5087890625
NP_192235,74.5087890625
NP_001318747,400.32061767578125
NP_001329389,537.0018920898438
NP_192248,537.0018920898438
NP_974312,484.1495361328125
NP_188052,547.4817504882812
NP_196300,554.963623046875
NP_974311,528.7801513671875
NP_189874,548.6814575195312
NP_188554,124.50078582763672
NP_001332195,349.75311279296875
NP_188654,519.4563598632812
NP_001031649,102.52971649169922
NP_001154240,102.52971649169922
NP_565919,60.08198165893555
NP_177947,78.10052490234375
NP_001328348,84.46503448486328
NP_001319289,68.98400115966797
NP_178721,514.0210571289062
NP_001185288,68.76213836669922
NP_568696,568.646240234375
NP_001190363,78.93917083740234
NP_200776,541.855224609375
NP_001331986,265.5960693359375
NP_001331675,471.2529296875
NP_565597,110.88716125488281
NP_564904,540.0496215820312
NP_177390,486.394287109375
NP_001318574,594.0701293945312
NP_197192,594.0701293945312
NP_001328115,499.60284423828125
NP_193778,557.5172119140625
NP_200467,60.28653335571289
NP_175151,84.22840881347656
NP_001331987,596.016845703125
NP_187250,128.74656677246094
NP_199116,464.9634094238281
NP_175597,573.0701293945312
NP_001323008,572.952392578125
NP_172235,584.0637817382812
NP_001318840,587.0880737304688
NP_200775,587.0880737304688
NP_190226,513.1056518554688
NP_178510,611.5706787109375
NP_001321705,554.8466796875
NP_001321841,584.8594360351562
NP_001319694,598.6096801757812
NP_190221,598.6096801757812
NP_175476,520.4594116210938
NP_175594,552.8623046875
NP_001324680,611.4420776367188
NP_172061,502.51629638671875
NP_001321302,495.7029724121094
NP_190218,536.6807250976562
NP_001319199,584.08642578125
NP_001321842,584.08642578125
NP_179511,520.2382202148438
NP_175591,527.4525146484375
NP_001318223,593.9563598632812
NP_179509,596.751708984375
NP_172236,527.602783203125
NP_567135,74.29241943359375
NP_001324219,605.8109130859375
NP_001324220,605.8109130859375
NP_190224,539.5870971679688
NP_175595,556.6228637695312
NP_001323323,556.552978515625
NP_001323435,634.9152221679688
NP_194674,505.1836242675781
NP_001328347,71.71427154541016
NP_001324697,66.95173645019531
NP_181015,67.01347351074219
NP_180463,634.45849609375
NP_001318810,57.37593460083008
NP_200453,57.37593460083008
NP_974943,57.37593460083008
NP_001119030,504.1668395996094
NP_565242,78.59313201904297
NP_190217,607.44873046875
NP_565017,68.16987609863281
NP_001154241,71.04839324951172
NP_001325421,309.42608642578125
NP_569047,63.857879638671875
NP_974191,95.9147720336914
NP_001328257,521.3687744140625
NP_001190865,522.2930908203125
NP_188771,565.9519653320312
NP_565240,96.03334045410156
NP_974192,96.03334045410156
NP_179057,583.9175415039062
NP_001325310,583.8518676757812
NP_175336,589.4144287109375
NP_001318839,547.9402465820312
NP_001319201,553.8070678710938
NP_001321144,553.7398681640625
NP_193682,315.0991516113281
NP_001329318,451.2608642578125
NP_001185415,58.48374938964844
NP_565147,58.48374938964844
NP_194728,608.729248046875
NP_001318310,541.21337890625
NP_180465,541.21337890625
NP_200773,539.1052856445312
NP_175962,44.494163513183594
NP_001185200,553.716552734375
NP_175592,553.5682983398438
NP_849271,43.271278381347656
NP_001319579,50.63032913208008
NP_194647,525.87060546875
NP_567069,54.072330474853516
NP_175603,499.5716857910156
NP_001321134,60.25569152832031
NP_564139,60.25569152832031
NP_175593,597.4957275390625
NP_174689,94.7640609741211
NP_001318309,612.4087524414062
NP_172447,52.88685989379883
NP_001318496,327.48333740234375
NP_001330722,314.010986328125
NP_001323131,537.885986328125
NP_566928,64.12451934814453
NP_001319693,73.60282135009766
NP_189328,48.252113342285156
NP_564237,183.5501251220703
NP_180462,611.2407836914062
NP_001328349,75.29271697998047
NP_196384,80.77886199951172
NP_001327583,40.408199310302734
NP_001321483,548.96240234375
NP_001331676,499.2362060546875
NP_200774,498.9763488769531
NP_001320459,48.59770584106445
NP_001190166,91.8302993774414
NP_191872,91.8302993774414
NP_175287,48.46938705444336
NP_001326531,39.532379150390625
NP_973992,48.473350524902344
NP_175598,548.0108032226562
NP_001325138,511.6437683105469
NP_179513,511.8697814941406
NP_180466,607.88818359375
NP_194364,58.84281921386719
NP_200468,38.12361526489258
NP_177087,491.24407958984375
NP_188419,46.75891876220703
NP_567316,55.41996383666992
NP_001185242,36.917171478271484
NP_193811,207.64190673828125
NP_001190522,66.25102233886719
NP_195890,38.04623794555664
NP_189482,40.388057708740234
NP_175955,54.70927047729492
NP_190721,59.26322555541992
NP_200061,66.04067993164062
NP_001323614,41.329837799072266
NP_001189495,41.308223724365234
NP_178255,41.299739837646484
NP_001325806,70.26332092285156
NP_001332164,46.817596435546875
NP_001321463,65.26256561279297
NP_175901,65.50248718261719
NP_001078443,38.23565673828125
NP_194180,38.23565673828125
NP_001327287,33.33120346069336
NP_189327,33.33120346069336
NP_001325033,62.126853942871094
NP_001325032,68.09825897216797
NP_175600,538.8909912109375
NP_567005,36.95038604736328
NP_173839,34.556304931640625
NP_200480,32.014610290527344
NP_176327,40.72997283935547
NP_565400,67.48641204833984
NP_200491,31.71762466430664
NP_566312,62.038909912109375
NP_850534,62.038909912109375
NP_567255,78.2190933227539
NP_190640,31.090429306030273
NP_001322101,53.13559341430664
NP_001322102,53.13559341430664
NP_001331780,43.61013412475586
NP_001318813,34.996910095214844
NP_680683,35.17624282836914
NP_974861,30.18256378173828
NP_563915,48.07243728637695
NP_567849,37.611968994140625
NP_568870,36.22359848022461
NP_001326309,45.62468719482422
NP_001326311,45.62468719482422
NP_001326310,45.54563903808594
NP_001189983,28.87600326538086
NP_198755,487.7997741699219
NP_566800,53.85968780517578
NP_001154649,45.2186279296875
NP_001326312,45.2186279296875
NP_192780,37.51845932006836
NP_001185338,59.17280578613281
NP_176890,59.17280578613281
NP_568109,38.23720169067383
NP_001331044,27.462841033935547
NP_198673,27.194509506225586
NP_175224,41.24186706542969
NP_198675,26.910497665405273
NP_001326106,506.9363098144531
NP_195913,26.75991439819336
NP_201102,26.785642623901367
NP_197653,26.13504409790039
NP_001330715,29.455108642578125
NP_200869,29.455108642578125
NP_200448,33.01955795288086
NP_974942,33.01955795288086
NP_001330650,32.345863342285156
NP_001319731,64.07560729980469
NP_190836,63.60386657714844
NP_567294,39.561885833740234
NP_001185196,24.47742462158203
NP_175548,24.335678100585938
NP_172001,24.197628021240234
NP_563871,52.714935302734375
NP_192272,38.905338287353516
NP_191237,42.11049270629883
NP_187595,25.84089469909668
NP_568114,25.801393508911133
NP_001190035,23.72279167175293
NP_172833,23.680574417114258
NP_190638,26.215890884399414
NP_001325472,23.581928253173828
NP_001325473,23.581928253173828
NP_566912,23.581928253173828
NP_190891,25.822154998779297
NP_192779,35.99897384643555
NP_001330297,29.85587501525879
NP_195911,25.810626983642578
NP_001078359,31.509521484375
NP_001154215,31.509521484375
NP_567343,31.509521484375
NP_849346,31.509521484375
NP_974523,31.509521484375
NP_001332756,22.911840438842773
NP_200449,22.911840438842773
NP_567296,33.0660285949707
NP_001190210,29.967405319213867
NP_190471,28.74365234375
NP_849530,28.423355102539062
NP_200451,22.19704818725586
NP_001326424,41.263668060302734
NP_190517,21.918682098388672
NP_176243,21.773662567138672
NP_187251,35.88046646118164
NP_001327389,21.428064346313477
NP_001319930,21.42076301574707
NP_567422,21.42076301574707
NP_001329465,29.947490692138672
NP_192730,29.947490692138672
NP_001321685,25.714141845703125
NP_172814,25.714141845703125
NP_191483,25.991811752319336
NP_001321684,26.63497543334961
NP_568746,22.828824996948242
NP_001319457,25.709423065185547
NP_200492,30.57895851135254
NP_001321163,20.86441993713379
NP_200293,27.59769630432129
NP_001327846,20.591861724853516
NP_190457,20.591861724853516
NP_850671,20.591861724853516
NP_001321305,37.313838958740234
NP_199307,20.32996368408203
NP_849744,28.371421813964844
NP_001329463,23.077795028686523
NP_001329464,23.077795028686523
NP_001329466,23.077795028686523
NP_001319714,53.42026138305664
NP_001319805,25.418975830078125
NP_191594,25.418975830078125
NP_001327613,30.320833206176758
NP_191453,30.320833206176758
NP_174599,36.69038391113281
NP_177968,20.529930114746094
NP_199298,19.759119033813477
NP_001331459,30.127838134765625
NP_974001,19.7077579498291
NP_001154312,75.88835144042969
NP_001318935,75.88835144042969
NP_001321698,75.88835144042969
NP_001321700,75.88835144042969
NP_001331016,19.606643676757812
NP_567702,39.80575180053711
NP_974607,39.80575180053711
NP_001321695,75.80027770996094
NP_001331458,29.761171340942383
NP_001325025,19.394105911254883
NP_001325026,19.394105911254883
NP_196464,29.742603302001953
NP_001319795,19.19722557067871
NP_001326204,19.19722557067871
NP_191452,19.19722557067871
NP_001328224,19.200706481933594
NP_001328225,19.200706481933594
NP_001325023,18.977264404296875
NP_001325024,18.977264404296875
NP_178241,18.782581329345703
NP_973392,18.782581329345703
NP_849921,18.778165817260742
NP_849922,18.775386810302734
NP_001325003,29.810768127441406
NP_566029,29.810768127441406
NP_200059,18.511384963989258
NP_001320058,19.18858528137207
NP_195154,18.928308486938477
NP_201515,19.043848037719727
NP_191803,18.377166748046875
NP_194202,19.11858558654785
NP_001325037,21.776439666748047
NP_565083,33.83332443237305
NP_191447,37.938961029052734
NP_001318772,20.04473114013672
NP_001330088,17.960723876953125
NP_850553,24.767086029052734
NP_001320516,34.40005874633789
NP_563769,22.471982955932617
NP_001325822,28.09430503845215
NP_566373,24.351469039916992
NP_198655,17.520906448364258
NP_001318294,27.402347564697266
NP_180254,27.402347564697266
NP_001077817,32.44254684448242
NP_680364,31.070524215698242
NP_001331457,26.29227066040039
NP_568675,18.717920303344727
NP_186810,21.20612335205078
NP_001031980,242.75950622558594
NP_001326134,21.181190490722656
NP_177460,32.215301513671875
NP_001323293,32.19453048706055
NP_194365,16.938312530517578
NP_178463,20.22014617919922
NP_191441,16.893325805664062
NP_177879,16.814668655395508
NP_568718,33.273292541503906
NP_200637,17.58934783935547
NP_001332501,16.598909378051758
NP_191484,19.33627700805664
NP_001190036,25.395275115966797
NP_001327921,16.129852294921875
NP_001318606,22.249849319458008
NP_568389,22.249849319458008
NP_001329358,16.01829719543457
NP_001329361,16.01829719543457
NP_001329362,16.01829719543457
NP_001329366,16.01829719543457
NP_680692,16.006210327148438
NP_001329359,15.995509147644043
NP_001329360,15.995509147644043
NP_001329363,15.995509147644043
NP_001329364,15.995509147644043
NP_001329365,15.995509147644043
NP_001329357,15.983118057250977
NP_001328274,15.691112518310547
NP_001331434,19.6771297454834
NP_195930,19.6771297454834
NP_001328273,15.426213264465332
NP_001319261,239.77099609375
NP_175170,221.59689331054688
NP_197500,17.79163360595703
NP_175638,14.76236629486084
NP_001331019,16.806224822998047
NP_188231,14.582956314086914
NP_001321696,76.52182006835938
NP_001321697,76.52182006835938
NP_567152,39.37306594848633
NP_173688,13.972040176391602
NP_191482,19.98775291442871
NP_001321699,76.78968811035156
NP_566258,22.843122482299805
NP_194633,17.3292293548584
NP_179604,17.297534942626953
NP_176080,229.75979614257812
NP_175674,18.691259384155273
NP_568490,22.421010971069336
NP_179539,14.035087585449219
NP_190837,30.61542510986328
NP_194591,13.237957000732422
NP_175778,15.38284683227539
NP_568750,19.552661895751953
NP_001117440,15.823639869689941
NP_175745,14.70284366607666
NP_001118331,15.992592811584473
NP_001328800,16.69206428527832
NP_191479,15.626070022583008
NP_001328801,16.743026733398438
NP_188512,12.831259727478027
NP_199115,15.541898727416992
NP_176961,12.600105285644531
NP_001031161,12.754661560058594
NP_175355,12.754661560058594
NP_001319944,16.522113800048828
NP_193258,16.522113800048828
NP_175120,15.48208999633789
NP_188746,12.4833345413208
NP_001330213,14.250069618225098
NP_191782,17.856237411499023
NP_680188,14.1682710647583
NP_001325068,13.246084213256836
NP_190919,14.928061485290527
NP_001323070,14.233680725097656
NP_001328196,20.22767448425293
NP_001328198,20.22767448425293
NP_001325069,12.094930648803711
NP_001331043,13.006826400756836
NP_001325317,14.990235328674316
NP_565393,14.990235328674316
NP_181265,11.94169807434082
NP_001319434,14.12872314453125
NP_178211,14.12872314453125
NP_974194,14.12872314453125
NP_175734,14.312942504882812
NP_176636,13.41623306274414
NP_001326627,13.359668731689453
NP_001326628,13.359668731689453
NP_001323069,14.32632827758789
NP_567813,12.265114784240723
NP_001327494,11.71894645690918
NP_001185216,11.281737327575684
NP_001321046,11.281737327575684
NP_001319927,19.46322250366211
NP_001328197,19.46322250366211
NP_001325070,12.378459930419922
NP_180994,13.700312614440918
NP_001031481,13.692172050476074
NP_001185217,11.207180976867676
NP_200166,13.200127601623535
NP_200635,11.350476264953613
NP_175561,11.078834533691406
NP_191473,14.983567237854004
NP_175781,10.9190034866333
NP_568566,12.257884979248047
NP_194498,12.245980262756348
NP_001320307,12.048683166503906
NP_171802,12.000901222229004
NP_001078350,12.254786491394043
NP_001319463,10.906906127929688
NP_001327493,10.906906127929688
NP_191069,10.516786575317383
NP_974998,12.762932777404785
NP_188762,12.466333389282227
NP_001326630,12.452327728271484
NP_001189944,12.443115234375
NP_001326629,12.42935562133789
NP_175557,10.981595039367676
NP_179082,10.242555618286133
NP_001322077,11.216670989990234
NP_001032157,11.019125938415527
NP_181272,11.456180572509766
NP_001184906,11.175724983215332
NP_171908,11.15534782409668
NP_001329688,12.576637268066406
NP_568390,11.947516441345215
NP_851043,11.910874366760254
NP_001190344,11.879337310791016
NP_001077844,9.757634162902832
NP_565521,12.333379745483398
NP_565791,14.37973403930664
NP_973600,14.334132194519043
NP_181467,9.408855438232422
NP_567437,24.439918518066406
NP_564383,11.153165817260742
NP_186894,12.502861022949219
NP_568204,11.062494277954102
NP_568203,11.061614990234375
NP_680155,11.056448936462402
NP_197917,77.44880676269531
NP_565845,70.09022521972656
NP_176328,38.63930130004883
NP_001331841,53.75820541381836
NP_198997,53.75820541381836
NP_178661,34.52830505371094
NP_565586,31.85193634033203
NP_680178,31.640949249267578
NP_568314,26.39236068725586
NP_200450,24.834552764892578
NP_001330253,23.49131965637207
NP_001319929,22.80867576599121
NP_567421,22.80867576599121
NP_001030863,22.48285484313965
NP_001078289,22.48285484313965
NP_191051,22.48285484313965
NP_001190724,21.079286575317383
NP_565979,20.507740020751953
NP_001325548,20.184560775756836
NP_192895,21.06861686706543
NP_566259,20.167499542236328
NP_001319408,18.769134521484375
NP_178005,18.769134521484375
NP_199845,18.51858901977539
NP_001318773,18.439632415771484
NP_001332610,18.439632415771484
NP_194428,18.425371170043945
NP_201263,18.061025619506836
NP_001030886,18.80670738220215
NP_001030885,18.69148063659668
NP_567075,18.69148063659668
NP_566541,16.363475799560547
NP_001319875,25.849872589111328
NP_001329758,49.52128982543945
NP_191459,15.111368179321289
NP_187973,20.769533157348633
NP_198674,14.488161087036133
NP_192183,49.7386360168457
NP_564148,14.331098556518555
NP_974195,14.28976058959961
NP_001185061,14.23975944519043
NP_171799,14.09791088104248
NP_189631,14.087305068969727
NP_001319852,14.009827613830566
NP_001329695,14.009827613830566
NP_001329696,14.009827613830566
NP_001329697,14.009827613830566
NP_001329698,14.009827613830566
NP_001329699,14.009827613830566
NP_001185253,16.04803466796875
NP_001190662,13.63196086883545
NP_001319853,13.63196086883545
NP_001185060,13.56965160369873
NP_001031201,15.710587501525879
NP_001030887,12.98043441772461
NP_191228,12.970087051391602
NP_198978,12.890297889709473
NP_001325318,14.776130676269531
NP_193656,15.92948055267334
NP_001331747,14.492975234985352
NP_001326203,15.277763366699219
NP_001326205,15.277763366699219
NP_197275,11.754465103149414
NP_565616,11.60874080657959
NP_567691,11.502449035644531
NP_001323444,13.831995010375977
NP_001323446,13.831995010375977
NP_176504,11.403412818908691
NP_001318565,11.225003242492676
NP_182074,12.942439079284668
NP_001078348,12.34395980834961
NP_001078063,13.00158977508545
NP_001323445,12.955896377563477
NP_001323634,11.838269233703613
NP_001323627,11.747130393981934
NP_001323629,11.747130393981934
NP_001318598,12.188955307006836
NP_001321589,10.692890167236328
NP_001321590,10.692890167236328
NP_563766,10.692890167236328
NP_197442,12.165745735168457
NP_568311,10.65205192565918
NP_001323631,11.582529067993164
NP_001323633,11.582529067993164
NP_001323632,11.43869686126709
NP_565961,11.43869686126709
NP_563753,10.436080932617188
NP_001323630,11.281021118164062
NP_001118357,11.600874900817871
NP_568892,10.181609153747559
NP_180328,9.756278991699219
NP_001030877,12.288256645202637
NP_566034,12.388639450073242
NP_199405,11.356266975402832
NP_001031843,9.31723403930664
NP_001323510,9.204621315002441
NP_001323511,9.204621315002441
NP_850156,9.204621315002441
NP_001323509,9.194255828857422
NP_568169,9.170052528381348
NP_850781,9.170052528381348
NP_568604,8.976067543029785
NP_176867,8.843029975891113
NP_180555,9.864179611206055
NP_181179,8.270465850830078
NP_192400,12.32373046875
NP_179144,7.776641368865967
NP_196014,11.995524406433105
NP_566492,6.024159908294678
NP_001326425,41.746124267578125
NP_187396,70.48157501220703
NP_001322450,11.93521499633789
NP_187204,13.460776329040527
NP_182045,11.286446571350098
NP_001325466,12.254547119140625
NP_567051,12.254547119140625
NP_001189748,11.061684608459473
NP_680694,11.015484809875488
NP_177995,16.689008712768555
NP_001325685,19.333866119384766
NP_001325686,19.07761573791504
NP_001325683,19.054861068725586
NP_191563,18.36016845703125
NP_001325684,18.358642578125
NP_001319461,8.2284517288208
NP_001326903,8.2284517288208
NP_192320,224.34730529785156
NP_173138,26.935537338256836
NP_190472,26.4177303314209
NP_199951,59.21461868286133
NP_001190131,23.436397552490234
NP_176082,22.158620834350586
NP_001319128,18.48043441772461
NP_564398,18.48043441772461
NP_001190683,22.713306427001953
NP_974996,13.400553703308105
NP_191445,13.204785346984863
NP_001328275,12.470372200012207
NP_001323083,11.422945976257324
NP_001119328,9.620869636535645
NP_001320275,9.52751350402832
NP_001077855,9.268306732177734
NP_195690,9.20601749420166
NP_566776,7.68963623046875
NP_001330107,428.543701171875
NP_199335,414.74456787109375
NP_199313,405.0226745605469
NP_001328652,322.47735595703125
NP_001328653,322.2274475097656
NP_194082,320.95782470703125
NP_178403,242.11851501464844
NP_178429,240.4608917236328
NP_001321259,236.09487915039062
NP_001321260,236.09487915039062
NP_001321261,236.09487915039062
NP_001321263,236.09487915039062
NP_001321264,235.95126342773438
NP_001319193,235.68243408203125
NP_001321258,235.27474975585938
NP_001077695,234.8087158203125
NP_001319192,234.8087158203125
NP_001321256,234.56016540527344
NP_001321257,234.56016540527344
NP_001321262,234.56016540527344
NP_001321265,234.56016540527344
NP_001154418,234.3444366455078
NP_180773,233.90138244628906
NP_192873,230.0669708251953
NP_177436,242.67684936523438
NP_199303,222.49473571777344
NP_001319325,217.66099548339844
NP_001322028,216.75242614746094
NP_199320,216.53060913085938
NP_176718,215.55152893066406
NP_176236,212.49276733398438
NP_193725,212.3097381591797
NP_176094,210.998291015625
NP_683292,210.47860717773438
NP_001077816,224.0124969482422
NP_176076,218.27406311035156
NP_175538,206.98683166503906
NP_176093,206.41400146484375
NP_199321,205.5904541015625
NP_851131,205.14405822753906
NP_973487,202.51490783691406
NP_001320049,194.66241455078125
NP_001328654,194.34475708007812
NP_199304,181.616943359375
NP_199305,173.72802734375
NP_974578,173.65345764160156
NP_001329599,399.6842956542969
NP_974577,158.7777557373047
NP_001154434,155.373291015625
NP_001329600,247.1504364013672
NP_175698,129.88145446777344
NP_974060,97.55012512207031
NP_001330203,89.32892608642578
NP_973477,88.11494445800781
NP_001328025,318.31524658203125
NP_199322,75.58100891113281
NP_001330778,142.9320068359375
NP_001330779,142.9320068359375
NP_001318749,140.1328582763672
NP_001330777,140.1328582763672
NP_198863,47.86790466308594
NP_175511,23.079010009765625
NP_173374,27.052793502807617
NP_001078367,29.09042739868164
NP_001319893,29.09042739868164
NP_192778,29.09042739868164
NP_197296,18.50510025024414
NP_195664,12.038420677185059
NP_974715,12.038420677185059
NP_172384,11.160711288452148
NP_191656,10.583244323730469
NP_189190,10.386155128479004
NP_001077476,16.368383407592773
NP_001189973,9.67773151397705
NP_565030,8.894363403320312
NP_001325102,5.363035202026367
NP_175599,486.47705078125
NP_974590,18.8369140625
NP_680458,25.890392303466797
NP_001323628,11.705718040466309
NP_200175,10.346028327941895
NP_851035,12.228590965270996
NP_568289,12.49379825592041
NP_192710,7.937735557556152
NP_200493,81.30366516113281
NP_199950,32.635467529296875
NP_200452,25.524303436279297
NP_001032056,61.25278091430664
NP_191457,10.137733459472656
NP_191829,6.968256950378418
NP_180839,639.1127319335938
NP_198672,458.6593017578125
NP_567679,470.4888916015625
NP_189098,460.7563171386719
NP_001329426,465.5093994140625
NP_192429,465.1598205566406
NP_001329528,467.3280944824219
NP_194058,467.3280944824219
NP_001329527,467.3861389160156
NP_192110,450.2133483886719
NP_001328210,463.19482421875
NP_567677,467.31494140625
NP_172601,450.38287353515625
NP_849425,468.8421630859375
NP_192887,458.90087890625
NP_188511,455.0924987792969
NP_172532,451.36871337890625
NP_001328211,462.63494873046875
NP_192886,467.2475280761719
NP_680446,442.5420227050781
NP_001329009,467.228515625
NP_001320020,447.8354797363281
NP_001319904,467.4420471191406
NP_176343,462.302490234375
NP_193872,447.0712890625
NP_177203,459.5484619140625
NP_001328177,457.8809814453125
NP_001320044,455.80517578125
NP_001154438,453.2853698730469
NP_001321708,453.2853698730469
NP_001321709,453.2853698730469
NP_001329690,459.90753173828125
NP_001329691,459.90753173828125
NP_176331,452.9068298339844
NP_194050,459.52984619140625
NP_001320810,451.6311340332031
NP_001320812,451.6311340332031
NP_177036,451.6311340332031
NP_175353,451.7888488769531
NP_567678,461.9356384277344
NP_190172,463.45465087890625
NP_001329016,460.1045837402344
NP_198715,443.2181701660156
NP_001320041,456.1632385253906
NP_193855,445.76409912109375
NP_001320418,442.6961669921875
NP_001320417,442.269775390625
NP_172608,442.49127197265625
NP_001318981,442.4286193847656
NP_001320136,455.206298828125
NP_195170,455.206298828125
NP_001320039,458.3046875
NP_001321797,464.93365478515625
NP_173768,447.963623046875
NP_001321795,463.6456298828125
NP_194062,451.9386291503906
NP_176337,464.2252197265625
NP_001323343,452.9570617675781
NP_173940,445.8619384765625
NP_001321794,462.9381103515625
NP_001321796,462.9381103515625
NP_001320117,451.557861328125
NP_192885,450.42584228515625
NP_001328834,444.29107666015625
NP_176332,452.2356872558594
NP_175639,456.1068420410156
NP_176339,451.62786865234375
NP_194046,455.9111022949219
NP_172600,452.6025390625
NP_001321944,454.45928955078125
NP_001184962,451.946044921875
NP_191470,453.969970703125
NP_567204,436.1451416015625
NP_191114,429.3543701171875
NP_001322479,456.9480285644531
NP_564777,456.9122314453125
NP_001322478,456.8951416015625
NP_001329725,457.6945495605469
NP_001320811,442.8478088378906
NP_001320040,451.1934814453125
NP_001321827,456.80279541015625
NP_172415,456.80279541015625
NP_001327992,453.03521728515625
NP_001327991,452.5965270996094
NP_001320019,441.0693664550781
NP_849998,435.7344970703125
NP_193870,444.8523254394531
NP_198716,429.072998046875
NP_001319284,452.70953369140625
NP_001320043,444.80682373046875
NP_001318408,449.97467041015625
NP_001325098,449.97467041015625
NP_001325100,449.97467041015625
NP_181825,449.97467041015625
NP_192888,437.9911193847656
NP_001154439,446.1577453613281
NP_001322953,450.23394775390625
NP_001322950,449.5764465332031
NP_001322954,449.5764465332031
NP_176334,445.332275390625
NP_001322951,449.47576904296875
NP_001322952,449.47576904296875
NP_001322955,449.47576904296875
NP_176344,449.47576904296875
NP_001319631,440.77606201171875
NP_188368,447.5687561035156
NP_001077731,456.40185546875
NP_001321311,456.40185546875
NP_564722,456.40185546875
NP_974041,456.40185546875
NP_194054,447.4317321777344
NP_194056,447.704345703125
NP_191428,428.27685546875
NP_001320042,450.1614074707031
NP_192363,435.86724853515625
NP_001329087,435.6319885253906
NP_195594,440.9104309082031
NP_172597,435.4124755859375
NP_192927,435.367919921875
NP_171661,447.4816589355469
NP_192359,437.423583984375
NP_849426,449.28521728515625
NP_001318669,427.6988525390625
NP_198220,427.6988525390625
NP_001329181,434.1378479003906
NP_001320045,441.1391296386719
NP_001328061,441.1391296386719
NP_001328060,440.9664611816406
NP_001031898,441.592041015625
NP_001332714,441.592041015625
NP_001332715,441.592041015625
NP_001332716,441.592041015625
NP_001332717,441.592041015625
NP_197351,441.592041015625
NP_001324511,436.79327392578125
NP_001324512,436.79327392578125
NP_179437,436.79327392578125
NP_176355,437.74822998046875
NP_001320255,446.9185485839844
NP_001320256,446.9185485839844
NP_001320257,446.9185485839844
NP_001320259,446.8257751464844
NP_194634,413.7538757324219
NP_001328105,413.7370910644531
NP_001190651,444.54339599609375
NP_192042,445.9972229003906
NP_177170,413.5467529296875
NP_192366,429.73040771484375
NP_173006,416.2575378417969
NP_001328562,437.45343017578125
NP_567680,440.9140625
NP_200249,429.3253173828125
NP_849550,445.8133239746094
NP_194060,445.5742492675781
NP_176755,432.61541748046875
NP_191529,412.3915710449219
NP_191534,412.2952880859375
NP_200735,418.61248779296875
NP_001330781,418.59625244140625
NP_001330782,417.9660339355469
NP_001328840,429.5500793457031
NP_001320658,411.28985595703125
NP_001328839,428.7681884765625
NP_176349,443.8364562988281
NP_190214,422.22216796875
NP_176756,430.637939453125
NP_176860,410.41949462890625
NP_001322986,442.34149169921875
NP_001321939,428.9597473144531
NP_188689,449.64129638671875
NP_195827,410.20098876953125
NP_849637,424.240234375
NP_001031022,424.1995849609375
NP_172602,431.91400146484375
NP_193869,426.2569885253906
NP_001320657,409.8291320800781
NP_200778,417.20751953125
NP_001321370,426.99530029296875
NP_191533,409.1332702636719
NP_194460,421.3197326660156
NP_192172,434.44012451171875
NP_192358,426.4194641113281
NP_001328557,435.665283203125
NP_564775,426.2783508300781
NP_001329566,435.9282531738281
NP_001329568,435.89599609375
NP_195900,459.6156921386719
NP_849636,422.1585998535156
NP_563887,422.1180114746094
NP_181468,428.7708740234375
NP_001329567,435.6683349609375
NP_001329569,435.6683349609375
NP_001329570,435.5548095703125
NP_001329571,435.3032531738281
NP_192232,435.3032531738281
NP_173063,428.711181640625
NP_001320506,420.55450439453125
NP_001320504,420.33453369140625
NP_001320509,420.33453369140625
NP_001329572,433.42340087890625
NP_200394,428.9506530761719
NP_001320505,419.4109191894531
NP_177168,406.1042175292969
NP_001320503,419.20684814453125
NP_001320507,419.2221374511719
NP_566298,453.7319030761719
NP_174345,425.16009521484375
NP_195176,422.0041198730469
NP_187120,424.3186340332031
NP_190128,405.347900390625
NP_176338,437.95635986328125
NP_177209,421.5923156738281
NP_001326539,417.3539123535156
NP_188224,421.9127502441406
NP_001321940,422.17095947265625
NP_176379,443.2935791015625
NP_001326543,416.7490539550781
NP_173275,404.1181335449219
NP_194957,417.43475341796875
NP_190949,405.8066711425781
NP_001190331,450.34429931640625
NP_001318594,450.34429931640625
NP_197362,450.34429931640625
NP_001321945,437.05108642578125
NP_566630,413.9468078613281
NP_001322718,406.3291015625
NP_173910,406.3291015625
NP_190723,420.3276672363281
NP_001190886,411.9220886230469
NP_194928,410.8039855957031
NP_566341,424.9618225097656
NP_177974,406.4351806640625
NP_001078435,431.08038330078125
NP_190127,400.6927490234375
NP_189330,427.9858703613281
NP_849788,407.2912292480469
NP_173489,441.3719177246094
NP_190906,424.2317199707031
NP_001328288,413.5860290527344
NP_179901,407.76397705078125
NP_001326412,448.1465759277344
NP_189123,445.044921875
NP_195722,452.4006042480469
NP_196820,446.2970275878906
NP_001324409,398.0567626953125
NP_001324410,398.0567626953125
NP_001324411,398.0567626953125
NP_001324412,398.0567626953125
NP_194459,415.19964599609375
NP_001319837,409.0340270996094
NP_181898,397.9391174316406
NP_850806,410.6529541015625
NP_001330698,408.8971862792969
NP_001330696,409.0060729980469
NP_001190809,424.6995544433594
NP_192360,413.6061096191406
NP_001328736,413.59515380859375
NP_195776,411.8355407714844
NP_177210,421.22113037109375
NP_174690,399.541259765625
NP_172265,438.604736328125
NP_001154349,395.7504577636719
NP_001323490,395.6065979003906
NP_182322,414.46905517578125
NP_179503,403.5790710449219
NP_001190097,475.7784423828125
NP_197789,411.9458312988281
NP_001328765,403.338134765625
NP_001318417,395.4008483886719
NP_181897,395.4008483886719
NP_195622,411.2667236328125
NP_001330806,409.810791015625
NP_568438,409.810791015625
NP_001184932,437.6932067871094
NP_194061,422.0402526855469
NP_194839,414.0058898925781
NP_001330805,409.24188232421875
NP_001030790,455.6745300292969
NP_196615,406.0660095214844
NP_196292,412.10009765625
NP_001330436,412.04510498046875
NP_001154651,456.1103210449219
NP_177763,434.28466796875
NP_180094,410.20428466796875
NP_180426,435.99566650390625
NP_189510,453.8868408203125
NP_180459,484.9095764160156
NP_001324332,407.0399169921875
NP_172572,396.9783020019531
NP_187499,408.1285705566406
NP_200734,393.169189453125
NP_001327766,408.0680236816406
NP_001031439,490.21270751953125
NP_195775,400.4213562011719
NP_001329355,419.9841613769531
NP_001031440,487.6399841308594
NP_194840,419.9062805175781
NP_197012,470.165283203125
NP_195849,485.6238708496094
NP_850755,485.6238708496094
NP_179743,405.544189453125
NP_567234,396.73291015625
NP_001330697,401.1205139160156
NP_173064,419.5238952636719
NP_200838,392.2507629394531
NP_851230,392.2507629394531
NP_001078773,392.0467529296875
NP_001318944,480.4823303222656
NP_001320608,490.3722229003906
NP_172237,490.3722229003906
NP_973778,490.3722229003906
NP_198854,403.472900390625
NP_195774,406.5074157714844
NP_001189598,405.8914794921875
NP_001323321,407.1705627441406
NP_191105,477.52923583984375
NP_001185009,408.8331298828125
NP_173076,408.8331298828125
NP_001326585,390.197265625
NP_001326586,390.197265625
NP_190129,390.197265625
NP_195934,409.88385009765625
NP_181307,397.5536193847656
NP_178086,412.0035095214844
NP_173372,410.1387634277344
NP_200943,405.1436767578125
NP_201363,408.8359069824219
NP_173814,395.668701171875
NP_186779,457.3552551269531
NP_186930,429.12213134765625
NP_181496,525.0925903320312
NP_849908,412.8268737792969
NP_178085,412.6507263183594
NP_193055,431.9704895019531
NP_001323214,401.5822448730469
NP_001318798,394.8017272949219
NP_001332565,394.8017272949219
NP_568809,394.8017272949219
NP_565408,455.2708435058594
NP_001319018,414.3328857421875
NP_564003,411.51397705078125
NP_198637,393.47344970703125
NP_973478,455.3430480957031
NP_173546,411.1128234863281
NP_001328631,400.3828430175781
NP_200835,386.461181640625
NP_001077592,396.10308837890625
NP_565552,395.01177978515625
NP_850041,395.01177978515625
NP_001331339,390.77069091796875
NP_001331338,390.69464111328125
NP_001327866,385.173828125
NP_001327868,385.173828125
NP_190130,385.173828125
NP_178651,443.17816162109375
NP_001322403,393.7958984375
NP_001327867,384.96728515625
NP_194596,399.4606628417969
NP_177231,402.6903076171875
NP_567233,393.57000732421875
NP_180197,441.6422424316406
NP_850311,432.9113464355469
NP_200840,383.8377685546875
NP_001324582,433.0298767089844
NP_173544,404.8404846191406
NP_001189514,435.1762390136719
NP_178731,435.1762390136719
NP_001318322,410.2198791503906
NP_001324937,410.2198791503906
NP_001324938,410.2198791503906
NP_001324939,410.2198791503906
NP_001324940,410.2198791503906
NP_001324941,410.2198791503906
NP_001324942,410.2198791503906
NP_001324943,410.2198791503906
NP_001324944,410.2198791503906
NP_001324945,410.2198791503906
NP_001324946,410.2198791503906
NP_001324947,410.2198791503906
NP_001324948,410.2198791503906
NP_001324949,410.2198791503906
NP_001324950,410.2198791503906
NP_172889,459.952392578125
NP_001330708,431.6009216308594
NP_198408,431.71868896484375
NP_173067,401.5965270996094
NP_001329840,397.41278076171875
NP_001323365,456.66937255859375
NP_178383,461.0674133300781
NP_973403,461.0674133300781
NP_177137,456.5126037597656
NP_173547,404.6835021972656
NP_191501,406.1567687988281
NP_182229,401.2540588378906
NP_850467,401.2540588378906
NP_973556,417.06866455078125
NP_177202,414.32891845703125
NP_201480,387.4850158691406
NP_001322219,382.86376953125
NP_001329890,396.99310302734375
NP_174019,460.28509521484375
NP_001320081,383.0266418457031
NP_001325736,403.26690673828125
NP_850720,404.0010070800781
NP_001030893,403.4375915527344
NP_567082,403.4375915527344
NP_001030981,410.7816467285156
NP_001322793,410.7816467285156
NP_172155,410.7816467285156
NP_177131,401.4265441894531
NP_567172,395.5488586425781
NP_001329689,391.5182800292969
NP_001031435,395.33074951171875
NP_001323735,395.33074951171875
NP_001323736,395.33074951171875
NP_001323737,395.33074951171875
NP_001323738,395.33074951171875
NP_850115,395.33074951171875
NP_190119,378.355712890625
NP_175879,391.85125732421875
NP_564137,396.60650634765625
NP_180631,391.32086181640625
NP_567277,378.2010803222656
NP_199518,410.6905517578125
NP_177398,420.3837585449219
NP_001185366,392.8222961425781
NP_173549,391.7336120605469
NP_001324513,379.0523681640625
NP_001326307,397.13165283203125
NP_191781,397.13165283203125
NP_568843,402.13018798828125
NP_001320487,380.2159729003906
NP_176353,427.8193664550781
NP_001324016,395.76654052734375
NP_201356,397.4245300292969
NP_001326011,424.7744445800781
NP_187594,424.7744445800781
NP_974270,424.7744445800781
NP_189176,387.81683349609375
NP_173233,387.1901550292969
NP_190952,378.4866943359375
NP_001320422,385.70257568359375
NP_001319237,400.897216796875
NP_001322393,400.897216796875
NP_001322394,400.897216796875
NP_175916,400.897216796875
NP_001326779,391.45721435546875
NP_188367,391.45721435546875
NP_197154,408.86676025390625
NP_195285,435.1739807128906
NP_001190928,435.1882019042969
NP_200457,428.1097106933594
NP_200836,370.2026062011719
NP_001330499,419.788818359375
NP_195952,419.788818359375
NP_177762,426.7139587402344
NP_001328774,371.388427734375
NP_001031164,371.90216064453125
NP_199596,375.0361328125
NP_001319394,393.3581848144531
NP_001321002,393.3581848144531
NP_001327572,383.516357421875
NP_001078591,369.1727600097656
NP_001331208,369.1727600097656
NP_001320258,381.155029296875
NP_001320262,381.06573486328125
NP_001320266,381.06573486328125
NP_565351,374.32476806640625
NP_001328289,381.169921875
NP_001329203,378.5848693847656
NP_199059,381.3885803222656
NP_568320,367.5557861328125
NP_001327819,395.197265625
NP_001327820,395.197265625
NP_187982,395.197265625
NP_001185332,370.7430725097656
NP_001078351,377.2751770019531
NP_001321603,372.0767517089844
NP_001319982,388.38739013671875
NP_001324333,377.5827941894531
NP_198644,384.5191650390625
NP_001330266,384.47210693359375
NP_001320855,388.6662292480469
NP_173578,388.4934997558594
NP_001324331,374.34356689453125
NP_193501,401.97210693359375
NP_198387,391.4671630859375
NP_001329075,370.4577331542969
NP_567170,370.4577331542969
NP_001031553,383.2688293457031
NP_177589,415.043212890625
NP_001328457,367.6244201660156
NP_191154,373.58453369140625
NP_001319040,374.4248962402344
NP_565995,385.17913818359375
NP_001077688,380.9999694824219
NP_001319171,380.9999694824219
NP_001321079,380.9999694824219
NP_175255,380.9999694824219
NP_179479,380.8354797363281
NP_001189740,384.8200988769531
NP_177149,361.2091064453125
NP_001318851,373.28411865234375
NP_001078762,383.9022216796875
NP_177182,377.9292297363281
NP_001320264,372.15625
NP_176864,366.3416748046875
NP_198445,372.78125
NP_001324330,370.96990966796875
NP_001321121,373.3200988769531
NP_197505,360.70599365234375
NP_001323205,374.2879638671875
NP_176870,374.24420166015625
NP_001323206,374.0459899902344
NP_197392,383.88653564453125
NP_176863,369.51043701171875
NP_001323204,369.2414245605469
NP_849573,367.4361877441406
NP_176341,389.3095397949219
NP_001321228,364.6481018066406
NP_176865,367.3323059082031
NP_001325270,363.9290771484375
NP_187165,372.1981201171875
NP_001327889,371.7895202636719
NP_564609,372.32623291015625
NP_001320922,358.74249267578125
NP_568231,372.21429443359375
NP_001322752,372.585693359375
NP_001190918,379.814208984375
NP_001328963,379.814208984375
NP_001328964,379.814208984375
NP_001328965,379.814208984375
NP_001324101,364.9146423339844
NP_178202,362.0243225097656
NP_001332008,362.99176025390625
NP_194052,361.388427734375
NP_001320881,348.7300109863281
NP_182083,353.9306335449219
NP_198642,363.92852783203125
NP_001325826,354.0360412597656
NP_176871,363.6600036621094
NP_001329066,372.35260009765625
NP_001330418,364.3851318359375
NP_198719,364.5432434082031
NP_001320424,347.1423645019531
NP_566530,373.297607421875
NP_181728,368.09954833984375
NP_566689,925.9989013671875
NP_001318835,357.4928894042969
NP_001332082,357.4928894042969
NP_001332083,357.4928894042969
NP_200702,357.4928894042969
NP_001078492,367.10858154296875
NP_175606,491.2457275390625
NP_974536,348.3177490234375
NP_173062,350.7350769042969
NP_192926,347.49383544921875
NP_201199,368.1629943847656
NP_001320522,354.4826354980469
NP_176819,352.3886413574219
NP_001321968,352.10589599609375
NP_001321004,357.63671875
NP_175641,357.12091064453125
NP_849362,347.2388916015625
NP_001318693,365.1373596191406
NP_178179,357.81787109375
NP_198718,359.7353210449219
NP_001325734,359.808837890625
NP_001331671,345.43499755859375
NP_001318232,366.2711486816406
NP_179266,366.2711486816406
NP_001321424,357.6786193847656
NP_198388,345.4817810058594
NP_001332531,360.4914245605469
NP_198595,348.604248046875
NP_001332532,360.0730285644531
NP_001318692,359.2303466796875
NP_001330888,343.3495178222656
NP_196761,342.8673095703125
NP_001326279,339.5114440917969
NP_001326278,339.8102111816406
NP_001326280,339.8102111816406
NP_188655,339.72265625
NP_001328764,345.659423828125
NP_001319689,332.6319580078125
NP_190260,337.55889892578125
NP_001329065,371.325439453125
NP_197987,342.6781921386719
NP_001331153,342.6481018066406
NP_001329523,333.81732177734375
NP_001322572,379.5162048339844
NP_001327329,340.24188232421875
NP_001327330,340.24188232421875
NP_189304,340.24188232421875
NP_177420,337.027587890625
NP_001322061,337.01422119140625
NP_194269,337.61285400390625
NP_173197,335.49383544921875
NP_001189766,332.2545471191406
NP_175256,343.30078125
NP_001327918,348.8858947753906
NP_178719,329.2732238769531
NP_190225,345.2000732421875
NP_680448,324.73516845703125
NP_174161,324.20745849609375
NP_001185106,324.16168212890625
NP_850128,351.22283935546875
NP_001328178,347.45587158203125
NP_001329249,323.9679260253906
NP_199027,333.3359069824219
NP_001328658,330.4226379394531
NP_194851,329.9781188964844
NP_001329525,333.34271240234375
NP_173120,327.1088562011719
NP_001323154,325.83416748046875
NP_180014,330.0478515625
NP_001320609,374.3789978027344
NP_178015,326.67041015625
NP_001320499,326.59844970703125
NP_001185432,327.2935485839844
NP_200839,318.3334655761719
NP_001328962,321.0757751464844
NP_191532,316.436279296875
NP_181451,323.29425048828125
NP_001322832,319.5957336425781
NP_194246,326.59234619140625
NP_199990,325.3658752441406
NP_001318777,327.9937438964844
NP_001330953,327.9937438964844
NP_180485,317.1003723144531
NP_001323704,313.0415344238281
NP_179531,312.97698974609375
NP_001323703,312.4273376464844
NP_001319197,324.6599426269531
NP_001321078,314.8790588378906
NP_001321080,314.8790588378906
NP_001321081,314.8790588378906
NP_001324147,330.3300476074219
NP_001320423,329.7954406738281
NP_001031552,329.6957092285156
NP_190767,320.46063232421875
NP_001326308,328.4088134765625
NP_187589,317.56610107421875
NP_001329524,318.3042297363281
NP_001190589,323.9930725097656
NP_001330718,323.9715576171875
NP_200964,323.9715576171875
NP_001330716,323.87493896484375
NP_001330717,323.87493896484375
NP_001332648,306.4244689941406
NP_001332142,311.7054138183594
NP_001332143,311.7054138183594
NP_200963,311.7054138183594
NP_001190588,311.65130615234375
NP_001031373,306.1229248046875
NP_180488,303.53082275390625
NP_001326911,304.5578308105469
NP_180916,562.649169921875
NP_001324111,314.1764221191406
NP_182115,314.1764221191406
NP_001328630,313.05523681640625
NP_001328212,308.0523681640625
NP_001077858,305.0513000488281
NP_973571,319.9168701171875
NP_180651,319.3762512207031
NP_001329810,300.2475280761719
NP_199758,304.37371826171875
NP_001322220,297.00286865234375
NP_001331499,303.0146179199219
NP_001190500,301.7916564941406
NP_001320243,301.47528076171875
NP_001190501,301.6757507324219
NP_001328835,297.5126037597656
NP_001324776,314.1094970703125
NP_564421,291.9810485839844
NP_973956,291.3484191894531
NP_001329089,294.6037292480469
NP_001329086,294.73675537109375
NP_001329088,294.45037841796875
NP_001329090,294.45037841796875
NP_001328465,297.2489013671875
NP_001321229,302.8785095214844
NP_001328290,302.31005859375
NP_001328433,298.8848571777344
NP_001328434,298.8848571777344
NP_001329092,292.68658447265625
NP_001329093,292.68658447265625
NP_001320425,287.9687805175781
NP_564913,297.2982177734375
NP_001327327,284.6119689941406
NP_001327328,284.6119689941406
NP_187314,291.9138488769531
NP_001325099,289.687255859375
NP_001320508,278.7676086425781
NP_001326620,290.9038391113281
NP_001320921,283.40313720703125
NP_177507,284.3830871582031
NP_192777,276.05975341796875
NP_001328836,278.8091735839844
NP_001328837,278.8091735839844
NP_001328838,278.8091735839844
NP_001327645,281.3540954589844
NP_001327646,281.3540954589844
NP_850812,280.4512023925781
NP_001323166,280.0470275878906
NP_187316,281.7696533203125
NP_173254,280.7201843261719
NP_001328961,303.0479431152344
NP_001326544,272.25860595703125
NP_001326541,272.0144348144531
NP_001329247,283.699462890625
NP_196746,280.3723449707031
NP_001320569,275.1746520996094
NP_200816,292.3514709472656
NP_176919,271.413818359375
NP_001077788,274.92218017578125
NP_001320568,274.92218017578125
NP_001329248,280.7602233886719
NP_849427,280.7602233886719
NP_187315,272.9267883300781
NP_568041,283.4148254394531
NP_001331670,272.9876708984375
NP_001328294,280.28173828125
NP_001331497,270.95806884765625
NP_001331498,270.45806884765625
NP_200817,275.4014587402344
NP_001326621,271.3389892578125
NP_001326619,270.965087890625
NP_001326622,270.965087890625
NP_001326624,270.965087890625
NP_195993,273.3953857421875
NP_850760,273.3953857421875
NP_197708,270.37432861328125
NP_849424,272.0180969238281
NP_567676,272.0125427246094
NP_001320886,260.8011474609375
NP_001329469,270.0688781738281
NP_191330,263.3277282714844
NP_001329470,270.071044921875
NP_196702,297.12567138671875
NP_974867,265.9507141113281
NP_191331,264.4248046875
NP_001320523,261.3214111328125
NP_001320524,261.3214111328125
NP_175573,267.2275695800781
NP_196379,265.8308410644531
NP_563824,268.3065490722656
NP_001030878,261.0123596191406
NP_567053,261.0123596191406
NP_001327495,273.2208557128906
NP_001327496,273.2208557128906
NP_187488,273.2208557128906
NP_001329063,285.8942565917969
NP_001329064,285.8942565917969
NP_199420,256.246337890625
NP_001189646,252.72793579101562
NP_180658,252.72793579101562
NP_001328293,257.7544860839844
NP_195303,269.91650390625
NP_191329,255.55162048339844
NP_001326453,261.86004638671875
NP_566915,261.7033386230469
NP_179361,263.21820068359375
NP_194179,258.79931640625
NP_001322729,252.72669982910156
NP_172853,259.306640625
NP_179957,530.9515991210938
NP_567072,247.20114135742188
NP_850718,247.20114135742188
NP_198983,253.94308471679688
NP_193214,255.75067138671875
NP_565568,255.7708740234375
NP_198942,256.08038330078125
NP_191332,243.2252960205078
NP_001324374,244.5590362548828
NP_181792,244.35891723632812
NP_191885,249.59185791015625
NP_176430,250.74697875976562
NP_001325735,242.36268615722656
NP_001078779,242.92822265625
NP_001330961,262.24346923828125
NP_001078300,249.75888061523438
NP_191164,249.75888061523438
NP_001031758,253.66233825683594
NP_001329113,253.66233825683594
NP_001329114,253.66233825683594
NP_001329115,253.66233825683594
NP_001329116,253.66233825683594
NP_194846,253.66233825683594
NP_974649,253.66233825683594
NP_974914,245.37738037109375
NP_196833,247.84022521972656
NP_190971,249.74774169921875
NP_001329175,250.09848022460938
NP_191980,250.09848022460938
NP_200965,239.7086181640625
NP_001325366,246.84735107421875
NP_181050,246.84735107421875
NP_567980,251.9313201904297
NP_566716,246.5557098388672
NP_199469,250.4347381591797
NP_001321988,248.413330078125
NP_178075,248.413330078125
NP_186798,248.69334411621094
NP_973647,245.9044647216797
NP_001185010,245.72813415527344
NP_001321701,245.72813415527344
NP_173077,245.72813415527344
NP_565925,245.79449462890625
NP_176539,250.17420959472656
NP_199811,244.87696838378906
NP_195805,239.8603057861328
NP_200662,242.93807983398438
NP_851216,242.89053344726562
NP_001322062,229.44378662109375
NP_200569,237.87197875976562
NP_200709,246.54014587402344
NP_001322176,244.51510620117188
NP_001184886,244.4348602294922
NP_171679,244.4348602294922
NP_197926,248.0426788330078
NP_175512,254.22207641601562
NP_188140,256.7620849609375
NP_001320433,245.68812561035156
NP_171964,245.68812561035156
NP_974960,234.49717712402344
NP_849442,223.74305725097656
NP_001329842,234.78414916992188
NP_187962,260.7135314941406
NP_201472,234.35693359375
NP_567568,235.91757202148438
NP_001325594,242.93797302246094
NP_564955,249.472412109375
NP_001321969,224.30990600585938
NP_001319699,233.64088439941406
NP_001326091,233.4930877685547
NP_199829,229.52719116210938
NP_001331516,235.8842010498047
NP_001322087,264.41204833984375
NP_001322088,264.5257263183594
NP_189393,228.64398193359375
NP_001185211,263.8057861328125
NP_001031181,263.68408203125
NP_849803,263.68408203125
NP_564635,263.8060302734375
NP_190641,225.89065551757812
NP_001323260,247.33995056152344
NP_001324958,221.43955993652344
NP_563832,247.1656951904297
NP_187535,239.82981872558594
NP_195726,234.6956787109375
NP_850488,287.8290710449219
NP_001118546,287.73974609375
NP_566130,287.73974609375
NP_001319236,244.46946716308594
NP_175894,244.46946716308594
NP_198758,327.699462890625
NP_198870,226.8075714111328
NP_001332298,328.7373352050781
NP_001327397,235.51173400878906
NP_001319700,235.7960662841797
NP_172431,336.151123046875
NP_001326459,258.8537902832031
NP_001326623,224.50994873046875
NP_199899,328.2325439453125
NP_001031820,271.9929504394531
NP_195801,271.9929504394531
NP_001190203,267.45355224609375
NP_175724,248.68557739257812
NP_001319212,248.67286682128906
NP_001185209,248.55198669433594
NP_190642,220.85069274902344
NP_187455,258.77496337890625
NP_974483,216.3376007080078
NP_001321170,334.43963623046875
NP_175713,334.43963623046875
NP_001319636,231.99903869628906
NP_001326767,231.99903869628906
NP_189115,231.99903869628906
NP_001320793,242.884033203125
NP_568466,269.8205871582031
NP_199394,258.74700927734375
NP_187254,246.14285278320312
NP_974375,282.21148681640625
NP_568893,233.74276733398438
NP_197371,234.53939819335938
NP_174637,334.5134582519531
NP_001322117,316.98211669921875
NP_974124,331.439208984375
NP_001325830,217.50816345214844
NP_001190037,227.3246612548828
NP_566843,280.4263000488281
NP_974374,280.4263000488281
NP_001330674,240.33810424804688
NP_191333,217.46694946289062
NP_568860,240.19400024414062
NP_849787,212.03207397460938
NP_001326968,407.68853759765625
NP_001326969,407.68853759765625
NP_198760,272.15325927734375
NP_001326081,235.61302185058594
NP_187485,235.61302185058594
NP_177308,331.49871826171875
NP_001326381,211.6237030029297
NP_176083,334.0113220214844
NP_001327294,235.4384307861328
NP_001327295,235.4384307861328
NP_187484,235.4384307861328
NP_850543,235.4384307861328
NP_188090,406.24822998046875
NP_001318295,229.4962615966797
NP_180965,257.2790832519531
NP_849865,235.24302673339844
NP_568241,268.3833923339844
NP_199393,249.49514770507812
NP_192590,236.43441772460938
NP_001325616,324.15673828125
NP_683519,324.15673828125
NP_001325617,324.1436767578125
NP_850092,259.52490234375
NP_850095,261.3711242675781
NP_001319908,213.11680603027344
NP_001189928,209.387451171875
NP_001326380,209.387451171875
NP_188505,209.387451171875
NP_850094,258.7568359375
NP_001319189,247.08908081054688
NP_001321239,247.08908081054688
NP_001328367,332.26055908203125
NP_001330464,230.07611083984375
NP_001031427,258.9125061035156
NP_001322118,257.42742919921875
NP_001330453,210.87991333007812
NP_001319310,248.25221252441406
NP_176557,248.25221252441406
NP_001327850,213.78314208984375
NP_567074,217.88633728027344
NP_564898,222.74266052246094
NP_001332324,220.7103271484375
NP_567574,308.7763366699219
NP_849407,308.7596435546875
NP_193605,256.48883056640625
NP_001117490,334.3123474121094
NP_001319227,334.3123474121094
NP_175862,334.3123474121094
NP_197402,400.8452453613281
NP_001325814,217.43690490722656
NP_001325817,217.43690490722656
NP_180159,252.3937530517578
NP_001031960,206.7572479248047
NP_001325078,251.9409637451172
NP_001325077,251.57945251464844
NP_001078442,247.54287719726562
NP_568599,211.18031311035156
NP_194171,247.16958618164062
NP_175756,394.54034423828125
NP_001325402,219.9759063720703
NP_001325403,219.83151245117188
NP_180081,257.2254333496094
NP_850336,219.70782470703125
NP_195009,248.18157958984375
NP_182073,252.51576232910156
NP_001323763,215.00686645507812
NP_001321210,319.63751220703125
NP_196324,252.7379150390625
NP_180595,262.239990234375
NP_173302,319.4058837890625
NP_001321211,319.34246826171875
NP_001324574,400.0657043457031
NP_001030950,320.77099609375
NP_568878,247.3853759765625
NP_171870,320.57183837890625
NP_001320838,324.65362548828125
NP_180655,308.47711181640625
NP_565989,399.19610595703125
NP_001154470,324.5262145996094
NP_177573,323.80242919921875
NP_001327401,209.54672241210938
NP_001330109,321.94287109375
NP_001326094,327.04705810546875
NP_001326095,327.04705810546875
NP_187156,327.04705810546875
NP_001330110,321.364990234375
NP_001327400,208.7412567138672
NP_001331509,270.9823303222656
NP_001030990,428.6380310058594
NP_001332317,242.06134033203125
NP_001032009,321.2403259277344
NP_001032010,321.2403259277344
NP_001078708,321.2403259277344
NP_001330108,321.2403259277344
NP_199242,321.2403259277344
NP_001328322,226.88043212890625
NP_001119484,311.61492919921875
NP_001119485,311.61492919921875
NP_001328320,226.75892639160156
NP_001320726,258.42852783203125
NP_001327398,208.46456909179688
NP_564353,258.2926330566406
NP_001327399,208.41952514648438
NP_001328321,226.9887237548828
NP_174217,251.5889434814453
NP_176644,208.36099243164062
NP_851189,203.50990295410156
NP_194141,226.86170959472656
NP_198391,241.13116455078125
NP_001331505,269.9519958496094
NP_001331506,269.9519958496094
NP_001154456,320.1427307128906
NP_176925,320.1427307128906
NP_193606,305.0461120605469
NP_001190605,310.65313720703125
NP_001331507,310.65313720703125
NP_001331508,310.65313720703125
NP_001331510,310.65313720703125
NP_201142,310.65313720703125
NP_001031017,402.99163818359375
NP_001320530,402.99163818359375
NP_172492,402.99163818359375
NP_001328960,206.12493896484375
NP_195229,206.12493896484375
NP_190178,221.40675354003906
NP_177510,304.8041687011719
NP_001319987,246.6343536376953
NP_568486,306.02886962890625
NP_001327298,402.20635986328125
NP_177780,295.55035400390625
NP_001327296,401.99761962890625
NP_566595,401.4728698730469
NP_001327297,400.7896423339844
NP_001329975,306.3352966308594
NP_196968,306.3352966308594
NP_566911,307.7853698730469
NP_172127,306.21185302734375
NP_973771,306.21185302734375
NP_001331584,199.75965881347656
NP_564746,402.744873046875
NP_974049,402.744873046875
NP_181907,508.9080810546875
NP_196589,343.72418212890625
NP_001328190,222.9470977783203
NP_001328189,223.14645385742188
NP_850861,258.8264465332031
NP_194337,222.93292236328125
NP_974619,222.93292236328125
NP_201301,342.33673095703125
NP_001326847,308.5881652832031
NP_197446,278.60870361328125
NP_850853,278.60870361328125
NP_191675,310.7893371582031
NP_849570,262.8182067871094
NP_194710,233.4943084716797
NP_001326848,284.26519775390625
NP_001031751,233.34051513671875
NP_974471,309.61151123046875
NP_171622,263.91656494140625
NP_849571,263.81439208984375
NP_001119079,218.71786499023438
NP_568281,284.7482604980469
NP_187235,304.314453125
NP_850520,304.314453125
NP_179409,395.0110778808594
NP_001185224,244.8831329345703
NP_001185225,244.8831329345703
NP_001319226,244.8831329345703
NP_175853,244.8831329345703
NP_193194,232.53314208984375
NP_190961,250.68048095703125
NP_001078281,250.67312622070312
NP_180708,269.2649230957031
NP_001190473,299.10589599609375
NP_568646,299.08624267578125
NP_187142,201.7362518310547
NP_001318404,220.29579162597656
NP_001185027,394.6574401855469
NP_173253,394.6574401855469
NP_849685,394.6574401855469
NP_177612,272.1523742675781
NP_194825,258.92645263671875
NP_180739,203.91526794433594
NP_194025,304.6185302734375
NP_176847,296.9298095703125
NP_001030916,242.8384246826172
NP_181717,277.6474914550781
NP_172266,303.48388671875
NP_567122,242.49307250976562
NP_567378,433.1197509765625
NP_001329479,299.65081787109375
NP_001077679,221.38621520996094
NP_001329229,304.4537048339844
NP_175130,221.4892120361328
NP_001078388,230.21270751953125
NP_001329677,230.18272399902344
NP_193171,230.18272399902344
NP_849380,230.18272399902344
NP_001329480,299.4219665527344
NP_973661,277.8821105957031
NP_001118974,299.2792663574219
NP_188973,231.0419464111328
NP_188881,205.41477966308594
NP_001325157,218.3616180419922
NP_001325808,205.17440795898438
NP_001325807,205.00692749023438
NP_001321465,218.52418518066406
NP_174352,218.52418518066406
NP_849370,298.9791564941406
NP_001325810,204.8000946044922
NP_566580,245.2105255126953
NP_001318254,217.9268798828125
NP_179637,217.9268798828125
NP_001320822,289.4920959472656
NP_193038,298.60693359375
NP_001031622,298.5979309082031
NP_565070,390.931884765625
NP_680105,199.3379364013672
NP_001321457,195.34239196777344
NP_974150,288.92431640625
NP_182131,433.1743469238281
NP_001321455,194.78619384765625
NP_001326846,256.36785888671875
NP_188940,233.84190368652344
NP_001189755,375.8186340332031
NP_001326588,249.26715087890625
NP_001325006,433.40313720703125
NP_179301,219.503662109375
NP_192046,445.1711120605469
NP_001321464,216.99490356445312
NP_001326849,254.8950653076172
NP_001118899,249.3460235595703
NP_001326587,249.3460235595703
NP_191887,249.3460235595703
NP_564541,193.5449676513672
NP_973683,203.284423828125
NP_001324760,203.5290069580078
NP_181913,203.52854919433594
NP_192587,224.50906372070312
NP_849446,200.959716796875
NP_001319262,305.2593688964844
NP_001320412,305.2593688964844
NP_176096,305.2593688964844
NP_173517,293.8427429199219
NP_564066,275.860595703125
NP_001185256,305.0224304199219
NP_001327439,233.74172973632812
NP_187132,233.74172973632812
NP_974221,233.74172973632812
NP_195802,250.3108673095703
NP_001322113,303.5881042480469
NP_563631,303.5881042480469
NP_001330554,227.43209838867188
NP_196976,227.43209838867188
NP_001117210,430.7660217285156
NP_001185178,214.35177612304688
NP_181383,242.13818359375
NP_001324056,276.46826171875
NP_565411,276.46826171875
NP_001322112,370.7503967285156
NP_190150,470.7822265625
NP_973997,193.4622039794922
NP_001323295,218.00230407714844
NP_171888,218.00230407714844
NP_175344,213.9451446533203
NP_201037,218.86062622070312
NP_181425,286.33038330078125
NP_191271,219.5105743408203
NP_191538,440.4181823730469
NP_564552,192.9831085205078
NP_195363,394.3493957519531
NP_192811,221.94664001464844
NP_850285,241.31333923339844
NP_001320836,192.36097717285156
NP_187875,213.08273315429688
NP_974295,213.08273315429688
NP_974296,213.08273315429688
NP_001328971,221.86697387695312
NP_001326044,295.0464782714844
NP_187677,295.0464782714844
NP_173244,296.5408020019531
NP_175260,245.04498291015625
NP_001323294,211.36534118652344
NP_001327688,242.62823486328125
NP_190006,242.62823486328125
NP_001330515,230.7902374267578
NP_001322177,206.5690460205078
NP_001322178,206.5690460205078
NP_001325815,189.88754272460938
NP_001330382,231.4707489013672
NP_569040,230.66690063476562
NP_188541,262.1846923828125
NP_001330383,231.33921813964844
NP_198181,231.33921813964844
NP_001185434,216.8704833984375
NP_001319411,216.8704833984375
NP_001319412,216.8704833984375
NP_178045,216.8704833984375
NP_001325816,189.3366241455078
NP_001325818,189.3366241455078
NP_200643,202.3466033935547
NP_172728,245.18080139160156
NP_001031780,215.64430236816406
NP_188722,236.82040405273438
NP_195034,215.53488159179688
NP_173094,202.1693572998047
NP_568221,219.5227508544922
NP_001031863,219.51324462890625
NP_001319868,275.9205017089844
NP_001328081,275.9205017089844
NP_001328082,275.9205017089844
NP_001328083,275.9205017089844
NP_001328084,275.9205017089844
NP_001328085,275.9205017089844
NP_193184,216.7944793701172
NP_001329233,216.3868408203125
NP_001190672,275.7887878417969
NP_174807,279.1905822753906
NP_001329481,288.8581237792969
NP_568405,203.8087921142578
NP_190821,201.99208068847656
NP_192588,217.0185089111328
NP_001319867,287.4895935058594
NP_192381,287.4895935058594
NP_196779,286.2442932128906
NP_001190712,288.195068359375
NP_191981,298.69805908203125
NP_001190950,266.7381286621094
NP_001328909,266.7381286621094
NP_001190949,269.43048095703125
NP_001030939,383.0312194824219
NP_001030940,383.0312194824219
NP_001030941,383.0312194824219
NP_178254,383.0312194824219
NP_001329080,266.7597351074219
NP_195257,266.7597351074219
NP_565453,212.36021423339844
NP_001326797,271.1124267578125
NP_001031013,295.47784423828125
NP_001077498,295.47784423828125
NP_001077499,295.47784423828125
NP_001318967,295.47784423828125
NP_001322592,295.47784423828125
NP_001322593,295.47784423828125
NP_001322595,295.47784423828125
NP_172455,295.47784423828125
NP_849627,295.47784423828125
NP_973801,295.47784423828125
NP_200367,207.9615020751953
NP_001318425,199.90623474121094
NP_001324885,199.90623474121094
NP_850426,199.90623474121094
NP_001319733,204.71263122558594
NP_001327649,204.71263122558594
NP_566973,204.71263122558594
NP_850687,204.71263122558594
NP_001320604,289.3977966308594
NP_188412,208.6702880859375
NP_191312,269.9643859863281
NP_175485,288.8914794921875
NP_197437,279.2789611816406
NP_001320603,288.646728515625
NP_176386,280.2086486816406
NP_196107,291.269287109375
NP_001327803,289.2370300292969
NP_188676,289.2370300292969
NP_001330026,239.8756561279297
NP_001330027,239.8756561279297
NP_001330028,239.8756561279297
NP_850859,239.8756561279297
NP_192695,275.4478454589844
NP_191542,193.71144104003906
NP_001190056,199.01553344726562
NP_566954,199.01553344726562
NP_194391,201.3819580078125
NP_194096,279.5210266113281
NP_181012,194.16871643066406
NP_001325809,195.00498962402344
NP_199586,202.0207977294922
NP_974354,194.7693634033203
NP_192379,250.42527770996094
NP_201166,264.4878234863281
NP_181176,199.50845336914062
NP_001332379,182.07620239257812
NP_175381,253.40151977539062
NP_001318361,280.57830810546875
NP_181133,280.57830810546875
NP_851212,193.03298950195312
NP_001318824,192.95533752441406
NP_001330355,192.95533752441406
NP_001330356,192.95533752441406
NP_851210,192.95533752441406
NP_851211,192.95533752441406
NP_197748,269.68487548828125
NP_179379,270.9255065917969
NP_195331,263.1436462402344
NP_175577,226.45326232910156
NP_001190932,262.9791259765625
NP_188782,188.6935272216797
NP_001030637,184.02252197265625
NP_001332267,199.10028076171875
NP_200402,199.10028076171875
NP_191235,251.76580810546875
NP_001319606,228.5404052734375
NP_188759,228.5404052734375
NP_001319866,253.40664672851562
NP_001329212,253.32957458496094
NP_190165,188.58335876464844
NP_001031507,284.9283447265625
NP_001321528,218.91781616210938
NP_001329214,254.60899353027344
NP_001185438,218.8118133544922
NP_001321527,218.8118133544922
NP_001321529,218.8118133544922
NP_001321530,218.79306030273438
NP_001319419,218.7902374267578
NP_180810,220.97789001464844
NP_001326348,261.8918151855469
NP_186833,403.75860595703125
NP_194419,224.27017211914062
NP_173271,218.8888702392578
NP_181647,252.5232696533203
NP_001321987,183.6192169189453
NP_001321989,183.6192169189453
NP_001119508,258.7319030761719
NP_001331200,258.7319030761719
NP_001326349,260.8060607910156
NP_680596,248.63304138183594
NP_188054,197.6427459716797
NP_001318472,198.21588134765625
NP_195984,198.21588134765625
NP_182193,241.539794921875
NP_190753,260.57989501953125
NP_001184941,223.33798217773438
NP_001331199,258.281982421875
NP_172341,237.74880981445312
NP_001078806,258.136962890625
NP_176704,186.68907165527344
NP_201422,257.7371826171875
NP_851280,257.7371826171875
NP_198819,200.50624084472656
NP_190622,256.06207275390625
NP_001030784,196.4794464111328
NP_189395,196.4794464111328
NP_001331583,187.9961395263672
NP_001320129,242.81056213378906
NP_567945,242.51528930664062
NP_001031155,209.1050567626953
NP_001154409,209.1050567626953
NP_564529,209.1050567626953
NP_001323023,209.1008758544922
NP_001329845,281.0466613769531
NP_001330324,206.85028076171875
NP_177492,222.1039276123047
NP_193925,280.3697509765625
NP_001190794,280.31146240234375
NP_197831,243.48919677734375
NP_001190289,201.38894653320312
NP_680192,184.49769592285156
NP_974730,218.64517211914062
NP_190200,200.5826873779297
NP_001318893,229.9483642578125
NP_201489,229.9483642578125
NP_568138,217.7254638671875
NP_172719,244.29331970214844
NP_001324504,216.01458740234375
NP_181396,216.01458740234375
NP_566229,228.8468017578125
NP_200469,200.4123077392578
NP_190506,241.4474334716797
NP_182208,174.0887451171875
NP_192739,295.77996826171875
NP_001030814,187.36985778808594
NP_190164,187.36985778808594
NP_172003,206.66754150390625
NP_190619,225.18820190429688
NP_180238,183.8098907470703
NP_187665,216.33729553222656
NP_001190047,223.76890563964844
NP_195711,235.3886260986328
NP_200320,211.7624053955078
NP_001330365,211.5525665283203
NP_001190048,244.11903381347656
NP_001329085,172.67002868652344
NP_001329091,172.67002868652344
NP_172563,220.04055786132812
NP_176290,228.29241943359375
NP_849834,228.29241943359375
NP_190153,188.04263305664062
NP_196476,213.3363494873047
NP_001328700,178.77633666992188
NP_001328701,178.77633666992188
NP_001185212,210.45965576171875
NP_175774,183.74612426757812
NP_001077839,215.06341552734375
NP_974170,215.06341552734375
NP_001190878,173.84234619140625
NP_001329112,173.84234619140625
NP_001329117,173.84234619140625
NP_851053,175.3154754638672
NP_201170,212.16119384765625
NP_201353,179.3378448486328
NP_001331744,179.34487915039062
NP_180976,176.65567016601562
NP_001030811,223.55523681640625
NP_566876,223.55523681640625
NP_001031021,207.573974609375
NP_190986,273.4551086425781
NP_179885,210.57142639160156
NP_178581,174.30056762695312
NP_001325404,174.93540954589844
NP_001321477,169.38845825195312
NP_001321478,169.38845825195312
NP_174510,187.78302001953125
NP_001078408,253.23797607421875
NP_001332250,201.58978271484375
NP_001332251,201.58978271484375
NP_001332252,201.58978271484375
NP_001332249,201.07313537597656
NP_001318713,201.41725158691406
NP_198860,201.41725158691406
NP_001322917,166.52345275878906
NP_001332380,160.02093505859375
NP_001332381,160.02093505859375
NP_001332382,160.02093505859375
NP_001332383,160.02093505859375
NP_001332384,160.02093505859375
NP_001320263,169.5345458984375
NP_001320260,169.44635009765625
NP_001320265,169.44635009765625
NP_001320261,169.38702392578125
NP_001328871,162.0724639892578
NP_191323,162.66136169433594
NP_001319360,200.0228271484375
NP_001323341,200.37188720703125
NP_001323342,200.2736358642578
NP_172195,204.88011169433594
NP_001184927,204.70498657226562
NP_001078797,295.61163330078125
NP_200863,203.53639221191406
NP_001318435,214.98846435546875
NP_001323746,214.98846435546875
NP_564844,184.23838806152344
NP_001326040,192.6790771484375
NP_001326042,192.7426300048828
NP_001326041,192.5743408203125
NP_191500,192.5743408203125
NP_001190135,192.5736083984375
NP_198131,170.3385009765625
NP_001326540,155.00621032714844
NP_001326542,155.00621032714844
NP_001326545,155.00621032714844
NP_001329213,225.4527130126953
NP_193036,179.50094604492188
NP_001078577,158.9478759765625
NP_180565,201.80789184570312
NP_190600,184.03099060058594
NP_001190013,215.68389892578125
NP_001329232,158.5799560546875
NP_181722,156.9675750732422
NP_001031970,217.63343811035156
NP_187274,160.46429443359375
NP_001332507,216.980712890625
NP_198447,216.82809448242188
NP_188719,160.7709503173828
NP_001325595,169.8995819091797
NP_001331515,169.8409881591797
NP_001320345,176.1531219482422
NP_001319070,175.23658752441406
NP_001320346,175.15408325195312
NP_565756,153.07264709472656
NP_850199,152.4349822998047
NP_189162,184.05789184570312
NP_190047,163.55743408203125
NP_181723,159.1060791015625
NP_191336,160.35821533203125
NP_179308,174.29957580566406
NP_201509,178.794189453125
NP_001331582,157.5167999267578
NP_001329106,224.8298797607422
NP_001030879,160.92991638183594
NP_001030880,160.92991638183594
NP_001319784,160.92991638183594
NP_191335,160.92991638183594
NP_194205,224.32659912109375
NP_001329107,181.16497802734375
NP_001031229,158.33248901367188
NP_564829,158.33248901367188
NP_001322594,246.517822265625
NP_001319375,217.46461486816406
NP_177488,217.46461486816406
NP_177487,216.19027709960938
NP_181783,169.03150939941406
NP_190569,231.0973358154297
NP_001327084,146.4803466796875
NP_564584,157.69944763183594
NP_001320727,200.7239990234375
NP_001324503,247.84957885742188
NP_181541,211.89804077148438
NP_001078504,172.46034240722656
NP_001330673,171.9977569580078
NP_188402,212.82296752929688
NP_001329105,218.19017028808594
NP_001329109,218.19017028808594
NP_974610,218.19017028808594
NP_001329104,175.23446655273438
NP_187827,171.95887756347656
NP_201539,228.95635986328125
NP_974331,317.3715515136719
NP_973518,184.8360595703125
NP_179890,232.88710021972656
NP_001030723,139.38613891601562
NP_001319584,139.38613891601562
NP_001329562,217.86761474609375
NP_194627,217.86761474609375
NP_849468,217.86761474609375
NP_001330018,150.88233947753906
NP_198988,150.88233947753906
NP_001327608,223.51828002929688
NP_974425,223.51828002929688
NP_001030853,223.3472442626953
NP_190925,223.3472442626953
NP_850695,223.3472442626953
NP_001118386,178.841552734375
NP_974328,187.68402099609375
NP_850360,166.48622131347656
NP_179889,224.01058959960938
NP_197675,226.83599853515625
NP_195275,210.34922790527344
NP_001321456,137.01185607910156
NP_001321458,137.01185607910156
NP_001321459,137.01185607910156
NP_001320277,187.6666717529297
NP_001320278,187.6666717529297
NP_001320279,187.6666717529297
NP_001320280,187.6666717529297
NP_001329103,155.57769775390625
NP_974666,181.71458435058594
NP_001078208,201.5847930908203
NP_001031774,218.3224639892578
NP_194992,218.2025909423828
NP_198103,161.36361694335938
NP_190071,230.16754150390625
NP_566977,219.44454956054688
NP_189213,200.51626586914062
NP_001321965,204.7469940185547
NP_563928,203.53933715820312
NP_001184982,205.2152099609375
NP_565419,162.92626953125
NP_001320432,140.67218017578125
NP_190932,202.84130859375
NP_001078767,147.083984375
NP_565160,178.49264526367188
NP_001326643,130.608154296875
NP_196701,142.52752685546875
NP_001190383,147.31698608398438
NP_568444,147.20748901367188
NP_001190382,147.18955993652344
NP_171796,169.84190368652344
NP_171652,144.3882598876953
NP_001118576,134.07652282714844
NP_001189867,157.38836669921875
NP_001190303,142.0869903564453
NP_196857,142.0862274169922
NP_196331,134.56837463378906
NP_179537,141.45498657226562
NP_001327417,149.22872924804688
NP_974689,197.5950469970703
NP_001077907,151.9202117919922
NP_200660,134.3548126220703
NP_181588,147.5795135498047
NP_001031769,160.45028686523438
NP_194952,160.45028686523438
NP_849560,160.45028686523438
NP_680447,136.02699279785156
NP_001189542,193.1195526123047
NP_179344,193.1195526123047
NP_190202,169.37432861328125
NP_196770,144.26779174804688
NP_001032165,200.6121368408203
NP_177415,132.47970581054688
NP_001323340,154.82528686523438
NP_001328596,134.81295776367188
NP_194340,130.99964904785156
NP_683317,132.7117919921875
NP_001078465,133.53965759277344
NP_193170,133.9044647216797
NP_001331206,162.08529663085938
NP_194615,133.15817260742188
NP_001330873,137.89698791503906
NP_199223,137.89698791503906
NP_563695,136.40716552734375
NP_567812,131.13687133789062
NP_193430,174.385498046875
NP_001329054,129.91404724121094
NP_001329055,129.91404724121094
NP_001329056,129.91404724121094
NP_194617,129.91404724121094
NP_001327416,137.06687927246094
NP_001078576,185.5507049560547
NP_188976,131.289794921875
NP_181582,141.2073516845703
NP_001330706,127.9543685913086
NP_001330707,127.9543685913086
NP_199146,127.11182403564453
NP_171939,121.0880126953125
NP_001190563,111.69032287597656
NP_974952,111.69032287597656
NP_001154440,130.28494262695312
NP_001328058,179.60076904296875
NP_196433,111.31414794921875
NP_001318820,107.69303894042969
NP_173686,103.03564453125
NP_187793,118.09032440185547
NP_850792,107.67024993896484
NP_001324375,106.2882308959961
NP_680732,99.91414642333984
NP_192620,110.21864318847656
NP_181590,137.44187927246094
NP_001332666,96.86693572998047
NP_197320,96.86693572998047
NP_187044,96.58587646484375
NP_001322883,92.472412109375
NP_195536,152.180908203125
NP_180147,95.3775634765625
NP_001326886,109.04698181152344
NP_001119454,91.49445343017578
NP_001332347,91.49445343017578
NP_973532,91.46000671386719
NP_187977,95.35346984863281
NP_001322749,114.95023345947266
NP_177297,114.95023345947266
NP_179443,106.51608276367188
NP_001322533,116.25285339355469
NP_173700,115.96212768554688
NP_179253,89.9108657836914
NP_001329102,146.24566650390625
NP_001329108,146.24566650390625
NP_001326266,111.10340881347656
NP_001318597,72.92294311523438
NP_197433,72.92294311523438
NP_001190168,109.18688201904297
NP_001322534,107.39043426513672
NP_194667,93.09182739257812
NP_001326267,82.24993133544922
NP_001326272,82.24993133544922
NP_001326273,82.24993133544922
NP_001326274,82.24993133544922
NP_001326271,82.21902465820312
NP_001326270,109.33307647705078
NP_567145,109.33307647705078
NP_001189557,100.95252990722656
NP_001326265,109.3274154663086
NP_179595,100.94161224365234
NP_001332346,68.00408172607422
NP_001190561,67.5872573852539
NP_001331798,76.24700164794922
NP_195812,76.24700164794922
NP_196697,89.65017700195312
NP_564946,85.02460479736328
NP_001154708,89.4058837890625
NP_568874,65.75029754638672
NP_179656,65.60431671142578
NP_001154275,60.638980865478516
NP_001318668,48.36495590209961
NP_850286,86.7028579711914
NP_001118932,62.68899154663086
NP_001319387,114.7509765625
NP_177731,114.7509765625
NP_176803,45.20967483520508
NP_001078569,75.96881103515625
NP_189007,48.90602493286133
NP_001326859,82.7182846069336
NP_001326860,82.7182846069336
NP_001326858,82.70951080322266
NP_001324440,38.6479377746582
NP_001318422,37.60916519165039
NP_001321990,40.641422271728516
NP_001322535,63.494178771972656
NP_001078375,28.552650451660156
NP_001321200,28.59182357788086
NP_172548,28.650394439697266
NP_680555,92.11589813232422
NP_001119277,36.7315788269043
NP_001324376,31.475799560546875
NP_001328545,37.34235763549805
NP_001329778,31.990875244140625
NP_001326460,71.19969177246094
NP_001319235,27.052936553955078
NP_001326268,34.67123031616211
NP_192849,36.187889099121094
NP_001325255,31.506242752075195
NP_182157,31.506242752075195
NP_181605,40.49720764160156
NP_001327623,42.90597915649414
NP_001320913,22.63483428955078
NP_172248,21.751319885253906
NP_683567,41.773704528808594
NP_001327624,41.74326705932617
NP_001320914,21.320526123046875
NP_566329,28.88829803466797
NP_001322260,26.285490036010742
NP_564487,16.36080551147461
NP_176770,25.582839965820312
NP_567416,15.026220321655273
NP_567266,19.721391677856445
NP_199703,15.046844482421875
NP_190917,21.15860366821289
NP_198887,13.476202964782715
NP_001319886,19.06899070739746
NP_196115,13.002346992492676
NP_566745,24.757022857666016
NP_683291,14.576140403747559
NP_179307,34.63645553588867
NP_176368,14.943656921386719
NP_001320912,19.4016056060791
NP_001328771,12.224945068359375
NP_565901,14.779348373413086
NP_001320911,19.089731216430664
NP_001332629,37.41199493408203
NP_172366,11.07937240600586
NP_200157,36.475284576416016
NP_851182,36.00152587890625
NP_001328296,17.376832962036133
NP_565642,108.27446746826172
NP_199993,28.267391204833984
NP_179457,14.254010200500488
NP_001326512,10.824214935302734
NP_001326513,10.824214935302734
NP_187319,10.824214935302734
NP_974240,10.824214935302734
NP_974241,10.824214935302734
NP_001329437,22.067800521850586
NP_001190829,17.822772979736328
NP_001328941,18.81285285949707
NP_173767,17.54351234436035
NP_177204,18.390275955200195
NP_001328940,18.500316619873047
NP_565214,20.64175796508789
NP_564638,11.96527099609375
NP_001318460,13.233327865600586
NP_850656,8.782520294189453
NP_973562,14.609631538391113
NP_850317,14.337054252624512
NP_191448,11.956709861755371
NP_195662,10.693105697631836
NP_179068,265.6485595703125
NP_179064,260.2763671875
NP_195098,250.82244873046875
NP_197985,237.97921752929688
NP_195097,231.60740661621094
NP_188603,230.74766540527344
NP_175428,220.90565490722656
NP_179589,213.7410125732422
NP_001322848,212.66236877441406
NP_194309,209.72637939453125
NP_187570,207.35606384277344
NP_194761,206.75869750976562
NP_680450,204.34034729003906
NP_195099,203.862548828125
NP_171638,203.4106903076172
NP_192524,200.98989868164062
NP_175427,200.09445190429688
NP_194875,195.4636688232422
NP_194308,192.8372344970703
NP_195893,192.1695098876953
NP_179587,174.18040466308594
NP_179588,167.90504455566406
NP_201460,166.31552124023438
NP_174526,14.890376091003418
NP_564669,12.327174186706543
NP_566426,561.6470336914062
NP_171738,418.35589599609375
NP_001323421,418.00067138671875
NP_001323420,417.9315185546875
NP_192079,414.4651794433594
NP_001321426,369.7471923828125
NP_172076,369.7471923828125
NP_181889,368.74639892578125
NP_188317,364.9061584472656
NP_001319573,365.2076721191406
NP_181890,359.4628601074219
NP_001320281,352.3305969238281
NP_176061,345.2860107421875
NP_181887,347.2724609375
NP_191010,346.5390625
NP_181886,333.7891845703125
NP_181888,340.21478271484375
NP_001318415,339.6893310546875
NP_181885,318.3386535644531
NP_190338,235.11392211914062
NP_001190028,223.75677490234375
NP_187123,80.45662689208984
NP_181486,8.960090637207031
NP_001320671,467.62664794921875
NP_174300,467.3202209472656
NP_001077866,463.04290771484375
NP_001323752,462.4917297363281
NP_565269,461.9029235839844
NP_001327987,458.77398681640625
NP_193568,458.482177734375
NP_200470,455.9935607910156
NP_568822,454.3186950683594
NP_001154780,454.2936096191406
NP_849556,453.8119812011719
NP_001328266,453.1286926269531
NP_191285,453.0721130371094
NP_001325845,453.0417175292969
NP_174563,452.02398681640625
NP_193361,452.0040283203125
NP_194413,451.95794677734375
NP_001320085,451.73553466796875
NP_178637,451.0937805175781
NP_191286,450.2473449707031
NP_973548,450.245361328125
NP_565652,449.98193359375
NP_001328502,449.9620361328125
NP_195174,449.91162109375
NP_188201,445.8327941894531
NP_179219,443.9537048339844
NP_974868,443.1230163574219
NP_199025,443.09527587890625
NP_001326916,440.5923156738281
NP_001326917,440.5923156738281
NP_187965,440.5923156738281
NP_974302,440.5923156738281
NP_974303,440.5923156738281
NP_565627,437.3287048339844
NP_001331362,433.4324645996094
NP_001119271,431.3476867675781
NP_001031936,431.28802490234375
NP_199086,430.06634521484375
NP_176799,427.63958740234375
NP_683538,422.69512939453125
NP_001323381,422.0665283203125
NP_001328188,421.9188537597656
NP_191283,421.78216552734375
NP_001184967,421.7441711425781
NP_172647,420.2897033691406
NP_200617,413.2854919433594
NP_001318248,410.5641174316406
NP_179534,410.5641174316406
NP_189076,409.2643737792969
NP_190241,407.5316162109375
NP_197533,406.06854248046875
NP_189019,405.93682861328125
NP_194843,405.8163146972656
NP_001031232,405.7905578613281
NP_176656,405.7905578613281
NP_197539,405.5516357421875
NP_197323,403.95672607421875
NP_193144,402.9781799316406
NP_197534,401.786376953125
NP_191103,396.03497314453125
NP_187051,395.7491149902344
NP_201284,395.6164855957031
NP_181494,390.14434814453125
NP_200656,385.0440673828125
NP_177901,384.53955078125
NP_177902,383.52850341796875
NP_197587,382.14825439453125
NP_193451,380.8124084472656
NP_174592,378.1440734863281
NP_191740,377.8858947753906
NP_001318613,370.5285339355469
NP_001031432,366.0531921386719
NP_850082,341.0960998535156
NP_001319762,332.4853210449219
NP_001328503,317.318603515625
NP_001331363,271.9345397949219
NP_001331024,86.4246597290039
NP_201547,86.4122314453125
NP_001078786,14.520393371582031
NP_974804,66.87775421142578
NP_001331017,40.00459671020508
NP_568482,40.00459671020508
NP_177121,26.444074630737305
NP_567169,17.35028076171875
NP_566494,19.77968978881836
NP_001320786,12.863240242004395
NP_001328295,17.194337844848633
NP_001190736,17.189340591430664
NP_001117539,11.724032402038574
NP_001185296,11.724032402038574
NP_192023,11.344918251037598
NP_001321805,13.493762969970703
NP_172247,9.462828636169434
NP_001118732,11.71155071258545
NP_190213,10.389166831970215
NP_193905,9.383794784545898
NP_197183,28.048662185668945
NP_001321534,35.32563781738281
NP_001321533,34.30849838256836
NP_175717,34.30849838256836
NP_849802,34.30849838256836
NP_001319428,25.875450134277344
NP_187198,16.042055130004883
NP_200276,18.01268768310547
NP_851191,18.01268768310547
NP_001117325,14.126927375793457
NP_001031763,20.914308547973633
NP_001185249,13.45773983001709
NP_194867,20.804611206054688
NP_001328942,17.199453353881836
NP_194212,17.199453353881836
NP_001031709,16.936086654663086
NP_001117411,11.291509628295898
NP_001185255,13.559423446655273
NP_174722,10.810376167297363
NP_001077734,13.374284744262695
NP_177171,12.228464126586914
NP_563942,11.538935661315918
NP_198999,10.315598487854004
NP_181928,36.39445495605469
NP_001119171,10.976423263549805
NP_001331476,11.665966033935547
NP_197106,8.468387603759766
NP_176265,8.433698654174805
NP_001185384,12.830623626708984
NP_177404,12.830623626708984
NP_173809,20.18275260925293
NP_181908,13.610310554504395
NP_565900,16.82410430908203
NP_001319073,12.73096752166748
NP_683431,12.55113697052002
NP_187539,11.918020248413086
NP_181045,11.90659236907959
NP_568880,11.668417930603027
NP_001332649,13.710655212402344
NP_171946,11.514030456542969
NP_565764,11.25702953338623
NP_565078,10.424938201904297
NP_680209,11.240287780761719
NP_179611,6.713754177093506
NP_849697,347.5350036621094
NP_564153,346.8876953125
NP_177886,329.1169738769531
NP_565406,293.6690673828125
NP_001031032,19.72919273376465
NP_172736,19.039173126220703
NP_564810,16.258108139038086
NP_173561,12.489165306091309
NP_197704,12.077155113220215
NP_177270,11.441164016723633
NP_001324277,11.132672309875488
NP_182139,11.132672309875488
NP_568991,10.511191368103027
NP_001077755,13.563644409179688
NP_001319286,13.563644409179688
NP_001154361,13.26331615447998
NP_176610,1009.6630249023438
NP_194342,946.2152709960938
NP_001329623,946.20947265625
NP_193701,882.7041015625
NP_199324,881.3021850585938
NP_001328027,875.8964233398438
NP_001330386,764.8602905273438
NP_191272,397.2665710449219
NP_181668,383.1822204589844
NP_001190116,187.92955017089844
NP_001323657,166.61178588867188
NP_178551,158.0634002685547
NP_001318946,156.35488891601562
NP_172250,156.35488891601562
NP_172055,152.88868713378906
NP_196927,152.31666564941406
NP_001319511,147.86219787597656
NP_187566,147.86219787597656
NP_001325606,147.7503662109375
NP_001331980,147.68028259277344
NP_001331983,147.68028259277344
NP_195882,147.68028259277344
NP_200815,147.38099670410156
NP_001031584,146.50775146484375
NP_001190679,146.50775146484375
NP_001190680,146.50775146484375
NP_001328475,146.50775146484375
NP_001328476,146.50775146484375
NP_567285,146.50775146484375
NP_974514,146.50775146484375
NP_001326831,145.21185302734375
NP_187842,145.02882385253906
NP_001329543,144.43898010253906
NP_180741,144.15122985839844
NP_001327984,144.03208923339844
NP_001319860,143.639404296875
NP_192254,143.61875915527344
NP_001329542,142.2226104736328
NP_001329544,141.9862060546875
NP_001323658,140.74171447753906
NP_001323659,140.74171447753906
NP_171863,139.08872985839844
NP_192257,137.9795379638672
NP_001329132,137.9258575439453
NP_193175,137.44895935058594
NP_001328394,137.21572875976562
NP_001328395,137.21572875976562
NP_192259,136.90139770507812
NP_001331981,135.6122283935547
NP_001331982,135.6122283935547
NP_001332664,135.50814819335938
NP_001330132,133.6157989501953
NP_001328905,131.0876922607422
NP_187122,129.5832061767578
NP_001189808,126.97244262695312
NP_001319861,124.15916442871094
NP_849381,124.05264282226562
NP_849382,124.05264282226562
NP_567430,123.90955352783203
NP_001328101,122.89801788330078
NP_001030635,122.14258575439453
NP_001328102,121.72538757324219
NP_001328984,121.185546875
NP_001328985,121.185546875
NP_192253,121.11767578125
NP_001328100,120.15026092529297
NP_178442,119.3550796508789
NP_174667,114.63062286376953
NP_001326127,112.87407684326172
NP_566902,112.40599822998047
NP_192258,112.29248809814453
NP_001190669,110.81240844726562
NP_001331645,109.23814392089844
NP_563867,107.95209503173828
NP_565575,107.30162048339844
NP_850055,107.30162048339844
NP_849631,106.99778747558594
NP_001189592,106.68563079833984
NP_973528,106.68563079833984
NP_201121,104.25863647460938
NP_565274,104.1791000366211
NP_200282,103.68926239013672
NP_193650,102.69453430175781
NP_180450,102.50927734375
NP_973453,102.43379211425781
NP_197054,100.63286590576172
NP_197535,100.60406494140625
NP_200582,99.14618682861328
NP_192810,96.64769744873047
NP_187064,95.13880157470703
NP_196344,94.89954376220703
NP_001324538,93.77530670166016
NP_180233,93.30337524414062
NP_001318799,92.81522369384766
NP_001326814,92.03191375732422
NP_186824,92.03191375732422
NP_194976,91.5445327758789
NP_200272,89.65721130371094
NP_001078371,87.7789077758789
NP_180131,87.5960464477539
NP_198566,87.3928451538086
NP_001325630,86.91944885253906
NP_173522,86.54662322998047
NP_186934,86.47550964355469
NP_172902,84.89421081542969
NP_569027,83.22166442871094
NP_001118406,82.59630584716797
NP_198832,82.14266967773438
NP_567651,80.41136932373047
NP_849499,79.52113342285156
NP_001190925,79.50578308105469
NP_195270,79.24122619628906
NP_849497,79.24122619628906
NP_849498,79.24122619628906
NP_199825,76.03687286376953
NP_179331,75.8357925415039
NP_566752,75.1517105102539
NP_200931,74.59315490722656
NP_199929,73.97077941894531
NP_198432,73.51236724853516
NP_001331101,72.32329559326172
NP_566360,72.08490753173828
NP_172900,71.56619262695312
NP_001119012,71.339599609375
NP_001332117,70.30194854736328
NP_001332118,69.92829132080078
NP_190975,69.71839141845703
NP_568265,68.53387451171875
NP_001331644,64.975830078125
NP_194507,64.29303741455078
NP_200159,62.97392654418945
NP_196089,62.901023864746094
NP_001331045,61.99448013305664
NP_001331046,61.845455169677734
NP_171670,61.59784698486328
NP_001325640,61.52718734741211
NP_568184,60.67341613769531
NP_001318902,60.447872161865234
NP_188497,59.89201354980469
NP_001325956,59.86482620239258
NP_001327388,58.59491729736328
NP_001327387,58.57769775390625
NP_189956,58.279388427734375
NP_001332119,57.60576629638672
NP_001331401,57.51396560668945
NP_196834,57.50035858154297
NP_001184993,57.254676818847656
NP_196090,56.261695861816406
NP_189530,56.182861328125
NP_172060,55.052581787109375
NP_172556,54.500450134277344
NP_001320312,54.4694709777832
NP_001332497,53.83256912231445
NP_001332498,53.70407485961914
NP_197600,53.653324127197266
NP_196088,53.563995361328125
NP_566212,52.427894592285156
NP_567428,52.363956451416016
NP_175972,52.30642318725586
NP_201387,52.256385803222656
NP_001032154,51.72581100463867
NP_001329967,51.72581100463867
NP_001326126,50.53548812866211
NP_566101,49.28744888305664
NP_001077961,48.42532730102539
NP_001318289,48.42532730102539
NP_001323602,47.95615005493164
NP_001323603,47.95615005493164
NP_001323604,47.95615005493164
NP_001323605,47.95615005493164
NP_850076,47.95615005493164
NP_850825,46.27532958984375
NP_176283,45.854461669921875
NP_565962,45.400856018066406
NP_001319389,45.1730842590332
NP_201004,45.05742263793945
NP_850628,45.003509521484375
NP_566724,44.871177673339844
NP_001322222,43.9597053527832
NP_200283,43.09451675415039
NP_001322221,42.8917350769043
NP_568031,42.58521270751953
NP_001118606,42.549686431884766
NP_567030,42.33601760864258
NP_001326199,42.12849426269531
NP_001326821,42.04522705078125
NP_566275,41.99241638183594
NP_680660,41.946556091308594
NP_974236,39.85205078125
NP_001330470,39.531005859375
NP_201549,39.531005859375
NP_001325641,39.3606071472168
NP_975007,39.26816177368164
NP_001031517,39.20158386230469
NP_181543,39.20158386230469
NP_200281,38.548011779785156
NP_001189642,38.52964401245117
NP_001326822,38.3793830871582
NP_001326823,38.35569763183594
NP_196789,37.54974365234375
NP_975000,37.05302810668945
NP_974213,36.95707702636719
NP_187029,36.92171096801758
NP_001189802,36.89146041870117
NP_191182,36.85268020629883
NP_199662,36.72697448730469
NP_001331283,36.42641067504883
NP_030522,35.53388977050781
NP_001077574,35.17471694946289
NP_173597,35.17471694946289
NP_001324348,35.106956481933594
NP_001324349,35.106956481933594
NP_001031516,35.079654693603516
NP_001330589,34.93273162841797
NP_197401,34.93273162841797
NP_001032135,34.537899017333984
NP_201227,34.537899017333984
NP_001327322,34.23167419433594
NP_001327323,34.03440856933594
NP_188319,33.95841979980469
NP_192318,33.633968353271484
NP_196810,33.240989685058594
NP_850852,32.27981948852539
NP_001190334,32.26597595214844
NP_200670,32.244049072265625
NP_176899,32.069053649902344
NP_001331994,32.011993408203125
NP_001031447,31.925737380981445
NP_001031448,31.925737380981445
NP_180618,31.925737380981445
NP_850151,31.925737380981445
NP_196503,31.838647842407227
NP_001119195,31.785741806030273
NP_001190267,31.469993591308594
NP_001324418,30.95077133178711
NP_001332496,30.911592483520508
NP_181577,29.944292068481445
NP_001325089,28.286197662353516
NP_001118361,28.14794158935547
NP_850023,28.14794158935547
NP_001329172,26.299861907958984
NP_193319,26.0772762298584
NP_189617,25.15873908996582
NP_172639,24.681089401245117
NP_564790,23.75177001953125
NP_563716,22.506362915039062
NP_001321998,22.311996459960938
NP_172152,22.29958724975586
NP_001325350,22.148679733276367
NP_001325109,21.994380950927734
NP_189063,21.67566680908203
NP_850154,21.484909057617188
NP_001326330,19.926362991333008
NP_191562,19.68589973449707
NP_181576,18.426528930664062
NP_001318918,18.390132904052734
NP_566227,17.480798721313477
NP_192025,16.611284255981445
NP_001154392,16.463497161865234
NP_563641,15.266239166259766
NP_564580,14.816580772399902
NP_567115,14.157848358154297
NP_850733,14.157655715942383
NP_566069,13.591572761535645
NP_178602,13.209748268127441
NP_198430,12.501522064208984
NP_176570,12.364226341247559
NP_190392,1288.2509765625
NP_190391,1179.5885009765625
NP_001030829,1099.651611328125
NP_568307,472.6399230957031
NP_190811,991.309814453125
NP_001078585,166.5488739013672
NP_199107,130.6407470703125
NP_001331139,119.61811065673828
NP_201506,133.51614379882812
NP_001319257,139.4895477294922
NP_180668,118.98149108886719
NP_851039,82.04236602783203
NP_973975,86.10283660888672
NP_849772,89.82015228271484
NP_001323068,89.62319946289062
NP_001322795,133.7671356201172
NP_172115,132.7681884765625
NP_850148,99.54461669921875
NP_565701,99.21637725830078
NP_566484,101.38162231445312
NP_563772,96.60547637939453
NP_849603,96.21369171142578
NP_174326,90.68448638916016
NP_182008,80.25077056884766
NP_001319920,75.31501770019531
NP_001328226,75.30079650878906
NP_001328227,75.24564361572266
NP_001324613,79.70061492919922
NP_001330334,84.06854248046875
NP_001330333,83.80902099609375
NP_197365,83.80902099609375
NP_001330335,83.70248413085938
NP_001330336,83.70248413085938
NP_181797,99.77030944824219
NP_567515,75.58432006835938
NP_001328832,98.65056610107422
NP_193590,98.69352722167969
NP_974805,79.857421875
NP_564590,83.265380859375
NP_568366,79.31519317626953
NP_850848,79.30663299560547
NP_001328833,83.98257446289062
NP_180727,91.89313507080078
NP_001327423,58.86133575439453
NP_001327424,58.86133575439453
NP_191727,58.86133575439453
NP_563748,88.29020690917969
NP_563660,58.980194091796875
NP_567131,55.347774505615234
NP_181773,48.71446990966797
NP_001189887,23.730051040649414
NP_001327771,23.730051040649414
NP_566475,23.730051040649414
NP_001328205,27.734516143798828
NP_567482,28.132888793945312
NP_001190739,23.96685218811035
NP_001077881,14.449763298034668
NP_001332273,16.44354248046875
NP_565323,14.09196949005127
NP_001318690,16.190458297729492
NP_001331132,12.40361213684082
NP_001331133,12.40361213684082
NP_197811,12.40361213684082
NP_191959,15.956140518188477
NP_974490,15.956140518188477
NP_001328229,13.71745491027832
NP_197807,10.371394157409668
NP_197810,10.317192077636719
NP_567350,13.223858833312988
NP_190474,15.912825584411621
NP_001077463,13.98689079284668
NP_172123,13.944785118103027
NP_172070,13.459308624267578
NP_001322475,13.365612030029297
NP_001331221,13.312198638916016
NP_001331222,13.312198638916016
NP_197809,13.312198638916016
NP_001190699,12.375082969665527
NP_001319899,12.375082969665527
NP_001322476,12.107192039489746
NP_179115,11.112102508544922
NP_001318633,9.804323196411133
NP_001332677,9.804323196411133
NP_197808,9.804323196411133
NP_188696,353.3993835449219
NP_188695,348.86151123046875
NP_683581,244.2226104736328
NP_564862,188.24130249023438
NP_198513,180.82144165039062
NP_190815,176.0968017578125
NP_181140,174.1307373046875
NP_565634,171.66961669921875
NP_973540,171.66961669921875
NP_190008,170.54598999023438
NP_175856,167.1953582763672
NP_566396,166.808349609375
NP_192697,164.3860321044922
NP_680206,162.5491943359375
NP_176369,162.263916015625
NP_181141,160.74790954589844
NP_196251,160.29270935058594
NP_192431,155.98826599121094
NP_196250,149.0101318359375
NP_197678,146.65536499023438
NP_566395,145.7181396484375
NP_181142,141.1844940185547
NP_197612,140.73159790039062
NP_200184,139.55238342285156
NP_192050,139.39285278320312
NP_001154332,139.27415466308594
NP_001318991,139.27415466308594
NP_001326521,138.2097625732422
NP_189266,138.05909729003906
NP_172764,137.51307678222656
NP_564029,136.3903350830078
NP_181089,136.2435760498047
NP_001117207,126.4183349609375
NP_192020,126.40409088134766
NP_196750,126.05558776855469
NP_001117208,125.9854507446289
NP_182153,123.45791625976562
NP_194379,118.12882232666016
NP_849612,112.41588592529297
NP_190814,106.12123107910156
NP_200416,105.12550354003906
NP_565250,100.8759994506836
NP_179808,98.87437438964844
NP_001320542,97.1078872680664
NP_174506,96.81354522705078
NP_199345,92.75467681884766
NP_190988,90.1275634765625
NP_194124,89.3019027709961
NP_195243,88.44719696044922
NP_973566,82.59131622314453
NP_850776,82.5753173828125
NP_180295,79.25874328613281
NP_564495,76.13441467285156
NP_199100,73.21929931640625
NP_181730,72.72260284423828
NP_567687,68.8094253540039
NP_683533,65.29351806640625
NP_176626,65.17180633544922
NP_973982,59.3437614440918
NP_974603,58.022396087646484
NP_189103,56.43843078613281
NP_182138,56.24384689331055
NP_001326030,52.355838775634766
NP_190024,51.15267562866211
NP_974086,40.53302764892578
NP_194412,38.07964324951172
NP_193063,31.984888076782227
NP_680775,29.94551658630371
NP_175643,28.935670852661133
NP_680202,22.973918914794922
NP_001077704,21.6485595703125
NP_187462,19.69074249267578
NP_680201,17.949995040893555
NP_001321402,12.028794288635254
NP_001321401,11.960073471069336
NP_001321679,11.121731758117676
NP_001321680,10.725770950317383
NP_173423,10.725770950317383
NP_180182,6.669031620025635
NP_181381,801.3005981445312
NP_172849,522.4944458007812
NP_178433,484.5953674316406
NP_849450,442.1522521972656
NP_200438,436.4809265136719
NP_001329239,435.2032165527344
NP_001318999,420.2961120605469
NP_180584,397.0075378417969
NP_567752,392.8213195800781
NP_001329238,389.3588562011719
NP_001329240,389.3588562011719
NP_001329241,389.3588562011719
NP_001329242,389.3588562011719
NP_196327,382.1449890136719
NP_194374,355.19146728515625
NP_186757,354.6873779296875
NP_001325618,354.1490478515625
NP_849936,326.5377502441406
NP_001331975,322.6499938964844
NP_001331976,322.6499938964844
NP_001331977,322.6499938964844
NP_974746,322.6499938964844
NP_181263,315.9061584472656
NP_001323504,314.7758483886719
NP_001078015,314.7416687011719
NP_178565,311.7935791015625
NP_567862,271.43475341796875
NP_174279,235.9922332763672
NP_175956,227.5768280029297
NP_001328851,226.2515869140625
NP_192354,225.21560668945312
NP_564792,206.66357421875
NP_001328880,200.5768280029297
NP_001328881,200.5768280029297
NP_001328882,200.5768280029297
NP_567644,200.5768280029297
NP_199763,195.57803344726562
NP_193551,194.03550720214844
NP_182248,189.44195556640625
NP_001321291,189.39541625976562
NP_192081,186.9097137451172
NP_564976,186.59262084960938
NP_199447,186.2262725830078
NP_176982,182.92864990234375
NP_001331284,182.5574493408203
NP_197017,182.25071716308594
NP_001319038,181.1876983642578
NP_001321561,180.43252563476562
NP_177090,180.43252563476562
NP_974112,180.43252563476562
NP_192845,176.6370391845703
NP_567127,175.24835205078125
NP_179913,172.4409942626953
NP_194155,171.00660705566406
NP_001325619,168.75469970703125
NP_176583,167.75462341308594
NP_198972,165.07591247558594
NP_566025,165.05702209472656
NP_195651,163.00816345214844
NP_196812,162.7595977783203
NP_565703,162.09642028808594
NP_197989,161.4315948486328
NP_001320110,161.27655029296875
NP_567882,160.28497314453125
NP_186846,159.3485870361328
NP_182136,158.3252410888672
NP_849358,157.63998413085938
NP_001321562,156.1915740966797
NP_194086,151.96726989746094
NP_849559,151.80116271972656
NP_198217,151.47618103027344
NP_192034,150.81710815429688
NP_181029,150.1131134033203
NP_001324223,149.7969207763672
NP_567878,149.63429260253906
NP_178199,148.0314178466797
NP_566236,148.02230834960938
NP_565574,146.50946044921875
NP_564359,146.49386596679688
NP_851020,146.31082153320312
NP_567073,144.46530151367188
NP_568995,144.32818603515625
NP_174222,143.64389038085938
NP_194112,138.33758544921875
NP_180072,136.97625732421875
NP_001325299,136.47373962402344
NP_001325297,136.27894592285156
NP_001325298,136.27894592285156
NP_850446,134.5107421875
NP_568777,133.3181610107422
NP_199143,133.21844482421875
NP_001117559,132.14523315429688
NP_176829,131.6282501220703
NP_181606,128.96263122558594
NP_001324304,128.86317443847656
NP_564877,128.7447967529297
NP_850019,126.98155212402344
NP_182163,126.16465759277344
NP_195810,125.12181091308594
NP_568439,123.64041137695312
NP_176833,120.9526596069336
NP_197649,119.98223876953125
NP_191199,118.43833923339844
NP_181607,117.13463592529297
NP_178174,113.408203125
NP_001329847,102.77083587646484
NP_973521,80.31977844238281
NP_001329713,79.66283416748047
NP_001030634,69.14844512939453
NP_001329649,62.95142364501953
NP_001078033,61.835880279541016
NP_189752,45.41740036010742
NP_001330660,9.225326538085938
NP_001031889,9.146512985229492
NP_568324,9.132389068603516
NP_001119233,9.066473007202148
NP_175163,5.965651035308838
NP_186827,5.748049736022949
NP_001319857,41.042510986328125
NP_001322059,32.19944381713867
NP_001319495,15.637072563171387
NP_566315,15.637072563171387
NP_850536,15.637072563171387
NP_001189839,14.207145690917969
NP_187337,15.357175827026367
NP_197879,12.51522445678711
NP_001332500,12.500239372253418
NP_001190389,12.3139009475708
NP_199844,12.17647647857666
NP_565025,12.046460151672363
NP_001321532,14.31276798248291
NP_001327621,11.922879219055176
NP_001327622,11.922879219055176
NP_181241,1619.8248291015625
NP_190894,1599.604736328125
NP_187645,1527.6793212890625
NP_196043,1473.0848388671875
NP_001190223,1466.38623046875
NP_196897,632.955322265625
NP_567971,573.2049560546875
NP_171707,559.9534301757812
NP_191915,555.2164916992188
NP_001328609,467.2514953613281
NP_177020,410.3820495605469
NP_179223,408.4050598144531
NP_173376,408.15911865234375
NP_173916,407.1905517578125
NP_171918,405.2487487792969
NP_199189,403.8925476074219
NP_171620,403.04083251953125
NP_195177,401.91754150390625
NP_195151,399.4409484863281
NP_180232,394.4954528808594
NP_179113,394.1619873046875
NP_195178,392.6240234375
NP_001327019,379.08160400390625
NP_190784,378.65338134765625
NP_182195,377.2410583496094
NP_180193,378.4281311035156
NP_172251,370.63372802734375
NP_001322003,370.261962890625
NP_199718,363.5648498535156
NP_001318305,351.08258056640625
NP_180431,351.08258056640625
NP_177272,347.8297119140625
NP_187639,344.7022705078125
NP_196073,323.67095947265625
NP_849861,271.71356201171875
NP_001190498,228.3100128173828
NP_001031221,195.671875
NP_176452,195.671875
NP_171719,639.4959716796875
NP_194241,589.0712280273438
NP_001031711,583.2942504882812
NP_201229,498.5889892578125
NP_851262,433.2630615234375
NP_178051,334.3386535644531
NP_178052,328.1888122558594
NP_178050,327.1100769042969
NP_178049,315.7972412109375
NP_173092,295.6061706542969
NP_196040,292.4853210449219
NP_001078413,374.29302978515625
NP_849549,374.29302978515625
NP_001031678,366.3968505859375
NP_001031679,366.3968505859375
NP_001031680,366.3968505859375
NP_567599,366.3968505859375
NP_849548,366.3968505859375
NP_001154257,351.0498352050781
NP_001328264,252.38511657714844
NP_001117399,191.13006591796875
NP_564405,191.13006591796875
NP_001320334,189.71087646484375
NP_849742,191.56723022460938
NP_193892,140.66265869140625
NP_001320333,126.54859161376953
NP_001320335,126.54859161376953
NP_001320336,127.43626403808594
NP_178053,67.4002685546875
NP_001329633,132.22991943359375
NP_191200,16.744834899902344
NP_850709,16.75764274597168
NP_001326344,16.01197052001953
NP_191726,15.926055908203125
NP_192535,12.342291831970215
NP_196138,10.483281135559082
NP_199604,9.298309326171875
NP_567154,6.919400215148926
NP_001322833,113.6290512084961
NP_001117391,111.9242172241211
NP_001031120,113.49130249023438
NP_001117392,113.49130249023438
NP_199523,449.0982360839844
NP_001332047,365.5767822265625
NP_193492,354.9766845703125
NP_001318751,332.7780456542969
NP_199524,294.11700439453125
NP_191890,230.6944122314453
NP_001184896,228.83975219726562
NP_001320512,228.83975219726562
NP_171806,228.83975219726562
NP_192178,219.47386169433594
NP_567466,203.37425231933594
NP_193209,193.83067321777344
NP_001329468,180.12437438964844
NP_192933,13.43170166015625
NP_001190702,13.36127758026123
