protein_id,pid,ESM2,alignment,domain,z_max,esm_category,refseq_keyword,description
NP_001030614.1,NP_001030614,True,False,False,1.345,antimicrobial,False,NP_001030614.1 Phosphoglycerate mutase-like family protein [Arabidopsis thaliana]
NP_001030632.1,NP_001030632,False,False,False,0.624,PR_proteins,False,NP_001030632.1 Cysteine-rich protein [Arabidopsis thaliana]
NP_001030636.1,NP_001030636,False,False,False,0.469,defense_signaling,True,NP_001030636.1 Defensin-like (DEFL) family protein [Arabidopsis thaliana]
NP_001030638.1,NP_001030638,False,False,False,0.423,RLK_defense,False,NP_001030638.1 low-molecular-weight cysteine-rich 41 [Arabidopsis thaliana]
NP_001030639.1,NP_001030639,False,False,False,0.551,RLK_defense,False,NP_001030639.1 low-molecular-weight cysteine-rich 18 [Arabidopsis thaliana]
NP_001030645.1,NP_001030645,False,False,False,0.294,RLK_defense,False,NP_001030645.1 S locus-related glycoprotein 1 (SLR1) binding pollen coat protein family [Arabidopsis thaliana]
NP_001030652.1,NP_001030652,False,False,False,0.53,RLK_defense,False,NP_001030652.1 low-molecular-weight cysteine-rich 44 [Arabidopsis thaliana]
NP_001030653.1,NP_001030653,False,False,False,0.435,defense_signaling,False,NP_001030653.1 low-molecular-weight cysteine-rich 43 [Arabidopsis thaliana]
NP_001030660.1,NP_001030660,False,False,False,1.265,cell_death_HR,False,NP_001030660.1 phospholipase C 2 [Arabidopsis thaliana]
NP_001030667.1,NP_001030667,False,False,False,0.453,defense_signaling,False,NP_001030667.1 Putative membrane lipoprotein [Arabidopsis thaliana]
NP_001030677.1,NP_001030677,False,False,False,0.673,defense_signaling,False,NP_001030677.1 Emsy N Terminus (ENT)/ plant Tudor-like domains-containing protein [Arabidopsis thaliana]
NP_001030686.1,NP_001030686,False,False,False,-1.458,defense_signaling,True,NP_001030686.1 Defensin-like (DEFL) family protein [Arabidopsis thaliana]
NP_001030715.1,NP_001030715,False,False,False,0.508,RLK_defense,False,NP_001030715.1 Cysteine-rich protein [Arabidopsis thaliana]
NP_001030736.1,NP_001030736,False,False,False,0.659,PR_proteins,False,NP_001030736.1 low-molecular-weight cysteine-rich 56 [Arabidopsis thaliana]
NP_001030737.1,NP_001030737,False,False,False,0.592,RLK_defense,False,NP_001030737.1 low-molecular-weight cysteine-rich 55 [Arabidopsis thaliana]
NP_001030745.1,NP_001030745,False,False,False,0.48,RLK_defense,False,NP_001030745.1 low-molecular-weight cysteine-rich 42 [Arabidopsis thaliana]
NP_001030746.1,NP_001030746,False,False,False,0.472,defense_signaling,False,NP_001030746.1 low-molecular-weight cysteine-rich 39 [Arabidopsis thaliana]
NP_001030751.1,NP_001030751,False,False,False,0.498,defense_signaling,False,NP_001030751.1 SCR-like 13 [Arabidopsis thaliana]
NP_001030752.1,NP_001030752,False,False,False,0.421,defense_signaling,False,NP_001030752.1 SCR-like 12 [Arabidopsis thaliana]
NP_001030759.1,NP_001030759,False,False,False,0.579,RLK_defense,True,NP_001030759.1 Defensin-like (DEFL) family protein [Arabidopsis thaliana]
NP_001030760.1,NP_001030760,False,False,False,0.426,RLK_defense,True,NP_001030760.1 defensin-like protein [Arabidopsis thaliana]
NP_001030763.1,NP_001030763,False,False,False,0.403,defense_signaling,False,NP_001030763.1 low-molecular-weight cysteine-rich 4 [Arabidopsis thaliana]
NP_001030770.1,NP_001030770,False,False,False,1.193,cell_death_HR,False,NP_001030770.1 Protein phosphatase 2A regulatory B subunit family protein [Arabidopsis thaliana]
NP_001030783.1,NP_001030783,False,False,False,0.417,defense_signaling,False,NP_001030783.1 SCR-like 19 [Arabidopsis thaliana]
NP_001030785.1,NP_001030785,False,False,False,0.582,RLK_defense,False,NP_001030785.1 Gamma-thionin family protein [Arabidopsis thaliana]
NP_001030786.1,NP_001030786,False,False,False,0.645,RLK_defense,False,NP_001030786.1 Gamma-thionin family protein [Arabidopsis thaliana]
NP_001030790.3,NP_001030790,False,True,False,1.356,RLK_defense,True,NP_001030790.3 Protein kinase superfamily protein [Arabidopsis thaliana]
NP_001030797.1,NP_001030797,False,False,False,-1.198,defense_signaling,True,NP_001030797.1 Defensin-like (DEFL) family protein [Arabidopsis thaliana]
NP_001030800.2,NP_001030800,False,False,False,0.497,RLK_defense,False,NP_001030800.2 low-molecular-weight cysteine-rich 47 [Arabidopsis thaliana]
NP_001030801.1,NP_001030801,False,False,False,0.51,defense_signaling,False,NP_001030801.1 low-molecular-weight cysteine-rich 33 [Arabidopsis thaliana]
NP_001030802.1,NP_001030802,False,False,False,0.599,RLK_defense,False,NP_001030802.1 low-molecular-weight cysteine-rich 30 [Arabidopsis thaliana]
NP_001030803.1,NP_001030803,False,False,False,0.456,RLK_defense,False,NP_001030803.1 Bifunctional inhibitor/lipid-transfer protein/seed storage 2S albumin superfamily protein [Arabidopsis thaliana]
NP_001030810.1,NP_001030810,False,False,False,0.555,defense_signaling,True,NP_001030810.1 Defensin-like (DEFL) family protein [Arabidopsis thaliana]
NP_001030829.1,NP_001030829,False,True,False,0.907,defense_signaling,False,NP_001030829.1 alpha/beta-Hydrolases superfamily protein [Arabidopsis thaliana]
NP_001030830.1,NP_001030830,False,False,False,0.493,RLK_defense,False,NP_001030830.1 low-molecular-weight cysteine-rich 48 [Arabidopsis thaliana]
NP_001030836.1,NP_001030836,False,False,False,0.483,defense_signaling,True,NP_001030836.1 Defensin-like (DEFL) family protein [Arabidopsis thaliana]
NP_001030878.1,NP_001030878,False,False,False,1.117,NBS_LRR,True,NP_001030878.1 Protein kinase superfamily protein [Arabidopsis thaliana]
NP_001030879.1,NP_001030879,False,False,False,1.432,NBS_LRR,True,NP_001030879.1 Protein kinase superfamily protein [Arabidopsis thaliana]
NP_001030880.1,NP_001030880,False,False,False,1.432,NBS_LRR,True,NP_001030880.1 Protein kinase superfamily protein [Arabidopsis thaliana]
NP_001030909.1,NP_001030909,False,False,False,0.507,RLK_defense,False,NP_001030909.1 low-molecular-weight cysteine-rich 8 [Arabidopsis thaliana]
NP_001030910.1,NP_001030910,False,False,False,0.512,RLK_defense,False,NP_001030910.1 low-molecular-weight cysteine-rich 52 [Arabidopsis thaliana]
NP_001030911.1,NP_001030911,False,False,False,0.577,PR_proteins,False,NP_001030911.1 low-molecular-weight cysteine-rich 53 [Arabidopsis thaliana]
NP_001030912.1,NP_001030912,False,False,False,0.507,RLK_defense,False,NP_001030912.1 low-molecular-weight cysteine-rich 54 [Arabidopsis thaliana]
NP_001030914.1,NP_001030914,False,False,False,0.814,antimicrobial,False,NP_001030914.1 AUTOPHAGY 6 [Arabidopsis thaliana]
NP_001030952.1,NP_001030952,False,False,False,0.671,PR_proteins,False,NP_001030952.1 low-molecular-weight cysteine-rich 73 [Arabidopsis thaliana]
NP_001030958.1,NP_001030958,False,False,False,1.128,cell_death_HR,False,NP_001030958.1 MOS4-associated complex 3A [Arabidopsis thaliana]
NP_001030967.1,NP_001030967,False,False,False,0.493,defense_signaling,False,NP_001030967.1 Cysteine-rich protein [Arabidopsis thaliana]
NP_001030978.1,NP_001030978,False,False,False,0.647,defense_signaling,False,NP_001030978.1 RNA-binding (RRM/RBD/RNP motifs) family protein [Arabidopsis thaliana]
NP_001031003.1,NP_001031003,False,False,False,0.676,PR_proteins,False,NP_001031003.1 SCR-like 3 [Arabidopsis thaliana]
NP_001031038.1,NP_001031038,False,False,False,0.362,defense_signaling,True,NP_001031038.1 defensin-like protein [Arabidopsis thaliana]
NP_001031039.1,NP_001031039,False,False,False,0.453,defense_signaling,True,NP_001031039.1 Defensin-like (DEFL) family protein [Arabidopsis thaliana]
NP_001031040.1,NP_001031040,False,False,False,-0.802,defense_signaling,True,NP_001031040.1 Defensin-like (DEFL) family protein [Arabidopsis thaliana]
NP_001031041.1,NP_001031041,False,False,False,0.546,defense_signaling,True,NP_001031041.1 Defensin-like (DEFL) family protein [Arabidopsis thaliana]
NP_001031043.1,NP_001031043,False,False,False,0.439,defense_signaling,True,NP_001031043.1 Defensin-like (DEFL) family protein [Arabidopsis thaliana]
NP_001031047.1,NP_001031047,False,False,False,0.552,defense_signaling,False,NP_001031047.1 S locus-related glycoprotein 1 (SLR1) binding pollen coat protein family [Arabidopsis thaliana]
NP_001031049.1,NP_001031049,False,False,False,0.866,cell_death_HR,False,NP_001031049.1 Lactoylglutathione lyase / glyoxalase I family protein [Arabidopsis thaliana]
NP_001031052.1,NP_001031052,False,False,False,0.588,RLK_defense,False,NP_001031052.1 Molecular chaperone Hsp40/DnaJ family protein [Arabidopsis thaliana]
NP_001031087.1,NP_001031087,False,False,False,0.438,defense_signaling,False,NP_001031087.1 Cysteine-rich protein [Arabidopsis thaliana]
NP_001031101.1,NP_001031101,False,False,False,0.491,RLK_defense,False,NP_001031101.1 low-molecular-weight cysteine-rich 31 [Arabidopsis thaliana]
NP_001031123.1,NP_001031123,False,False,False,-1.299,defense_signaling,True,NP_001031123.1 Defensin-like (DEFL) family protein [Arabidopsis thaliana]
NP_001031130.1,NP_001031130,False,False,False,0.522,PR_proteins,False,NP_001031130.1 Cysteine-rich protein [Arabidopsis thaliana]
NP_001031134.1,NP_001031134,False,False,False,0.516,PR_proteins,True,NP_001031134.1 Defensin-like (DEFL) family protein [Arabidopsis thaliana]
NP_001031138.4,NP_001031138,False,False,False,0.463,PR_proteins,True,NP_001031138.4 Defensin-like (DEFL) family protein [Arabidopsis thaliana]
NP_001031141.1,NP_001031141,False,False,False,0.544,defense_signaling,False,NP_001031141.1 Putative membrane lipoprotein [Arabidopsis thaliana]
NP_001031142.1,NP_001031142,False,False,False,0.507,RLK_defense,True,NP_001031142.1 Defensin-like (DEFL) family protein [Arabidopsis thaliana]
NP_001031152.1,NP_001031152,False,False,False,0.381,defense_signaling,True,NP_001031152.1 defensin-like protein [Arabidopsis thaliana]
NP_001031155.4,NP_001031155,False,False,False,0.542,defense_signaling,True,NP_001031155.4 Protein kinase superfamily protein [Arabidopsis thaliana]
NP_001031162.1,NP_001031162,False,False,False,0.575,PR_proteins,False,NP_001031162.1 low-molecular-weight cysteine-rich 16 [Arabidopsis thaliana]
NP_001031163.1,NP_001031163,False,False,False,0.458,defense_signaling,True,NP_001031163.1 Defensin-like (DEFL) family protein [Arabidopsis thaliana]
NP_001031175.1,NP_001031175,False,False,False,1.208,PR_proteins,False,NP_001031175.1 beta glucosidase 18 [Arabidopsis thaliana]
NP_001031181.1,NP_001031181,False,False,False,0.796,defense_signaling,True,NP_001031181.1 mitogen-activated protein kinase kinase kinase 3 [Arabidopsis thaliana]
NP_001031198.1,NP_001031198,False,False,False,0.376,RLK_defense,False,NP_001031198.1 Protein of unknown function (PD694200) [Arabidopsis thaliana]
NP_001031200.1,NP_001031200,False,False,False,0.487,defense_signaling,True,NP_001031200.1 defensin-like protein [Arabidopsis thaliana]
NP_001031204.1,NP_001031204,False,False,False,0.425,RLK_defense,True,NP_001031204.1 Defensin-like (DEFL) family protein [Arabidopsis thaliana]
NP_001031207.1,NP_001031207,True,True,True,2.14,NBS_LRR,True,NP_001031207.1 Disease resistance protein (CC-NBS-LRR class) family [Arabidopsis thaliana]
NP_001031209.1,NP_001031209,False,False,False,0.446,defense_signaling,True,NP_001031209.1 Defensin-like (DEFL) family protein [Arabidopsis thaliana]
NP_001031212.1,NP_001031212,False,False,False,0.367,defense_signaling,False,NP_001031212.1 SCR-like 8 [Arabidopsis thaliana]
NP_001031213.1,NP_001031213,False,False,False,0.524,defense_signaling,False,NP_001031213.1 SCR-like 4 [Arabidopsis thaliana]
NP_001031214.1,NP_001031214,False,False,False,0.562,defense_signaling,False,NP_001031214.1 SCR-like 7 [Arabidopsis thaliana]
NP_001031216.1,NP_001031216,True,True,True,2.224,NBS_LRR,True,NP_001031216.1 LRR and NB-ARC domains-containing disease resistance protein [Arabidopsis thaliana]
NP_001031218.2,NP_001031218,False,False,False,0.421,defense_signaling,True,NP_001031218.2 Defensin-like (DEFL) family protein [Arabidopsis thaliana]
NP_001031224.1,NP_001031224,False,False,False,0.326,defense_signaling,True,NP_001031224.1 Defensin-like (DEFL) family protein [Arabidopsis thaliana]
NP_001031226.1,NP_001031226,False,False,False,0.45,defense_signaling,False,NP_001031226.1 Putative membrane lipoprotein [Arabidopsis thaliana]
NP_001031227.2,NP_001031227,False,False,False,0.357,defense_signaling,True,NP_001031227.2 Defensin-like (DEFL) family protein [Arabidopsis thaliana]
NP_001031236.1,NP_001031236,False,False,False,0.577,defense_signaling,False,NP_001031236.1 SCR-like 2 [Arabidopsis thaliana]
NP_001031237.1,NP_001031237,False,False,False,0.514,RLK_defense,False,NP_001031237.1 Putative membrane lipoprotein [Arabidopsis thaliana]
NP_001031253.1,NP_001031253,False,False,False,0.448,defense_signaling,True,NP_001031253.1 Defensin-like (DEFL) family protein [Arabidopsis thaliana]
NP_001031254.1,NP_001031254,False,False,False,0.454,defense_signaling,True,NP_001031254.1 Defensin-like (DEFL) family protein [Arabidopsis thaliana]
NP_001031257.1,NP_001031257,False,False,False,0.507,RLK_defense,True,NP_001031257.1 Defensin-like (DEFL) family protein [Arabidopsis thaliana]
NP_001031258.1,NP_001031258,False,False,False,0.476,PR_proteins,True,NP_001031258.1 defensin-like protein [Arabidopsis thaliana]
NP_001031259.1,NP_001031259,False,False,False,0.418,defense_signaling,True,NP_001031259.1 Defensin-like (DEFL) family protein [Arabidopsis thaliana]
NP_001031264.4,NP_001031264,False,False,False,0.459,defense_signaling,False,NP_001031264.4 TIFY domain/Divergent CCT motif family protein [Arabidopsis thaliana]
NP_001031265.1,NP_001031265,False,False,False,-0.771,cell_death_HR,False,NP_001031265.1 MLP-like protein 34 [Arabidopsis thaliana]
NP_001031266.1,NP_001031266,False,False,False,0.557,cell_death_HR,False,NP_001031266.1 protein tyrosine phosphatase 1 [Arabidopsis thaliana]
NP_001031275.1,NP_001031275,False,False,False,0.464,defense_signaling,False,NP_001031275.1 low-molecular-weight cysteine-rich 64 [Arabidopsis thaliana]
NP_001031276.1,NP_001031276,False,False,False,0.483,defense_signaling,False,NP_001031276.1 low-molecular-weight cysteine-rich 65 [Arabidopsis thaliana]
NP_001031288.1,NP_001031288,False,False,False,0.519,RLK_defense,True,NP_001031288.1 Defensin-like (DEFL) family protein [Arabidopsis thaliana]
NP_001031290.1,NP_001031290,False,False,False,0.31,defense_signaling,True,NP_001031290.1 Defensin-like (DEFL) family protein [Arabidopsis thaliana]
NP_001031308.1,NP_001031308,False,False,False,0.092,defense_signaling,True,NP_001031308.1 Defensin-like (DEFL) family protein [Arabidopsis thaliana]
NP_001031309.1,NP_001031309,False,False,False,0.488,defense_signaling,True,NP_001031309.1 Defensin-like (DEFL) family protein [Arabidopsis thaliana]
NP_001031310.1,NP_001031310,False,False,False,0.455,defense_signaling,False,NP_001031310.1 Cysteine-rich protein [Arabidopsis thaliana]
NP_001031311.1,NP_001031311,False,False,False,0.43,defense_signaling,True,NP_001031311.1 Defensin-like (DEFL) family protein [Arabidopsis thaliana]
NP_001031312.1,NP_001031312,False,False,False,-0.227,defense_signaling,True,NP_001031312.1 Defensin-like (DEFL) family protein [Arabidopsis thaliana]
NP_001031313.1,NP_001031313,False,False,False,0.306,defense_signaling,True,NP_001031313.1 Defensin-like (DEFL) family protein [Arabidopsis thaliana]
NP_001031314.1,NP_001031314,False,False,False,0.498,RLK_defense,False,NP_001031314.1 Cysteine-rich protein [Arabidopsis thaliana]
NP_001031315.1,NP_001031315,False,False,False,0.38,defense_signaling,False,NP_001031315.1 Putative membrane lipoprotein [Arabidopsis thaliana]
NP_001031316.1,NP_001031316,False,False,False,0.516,defense_signaling,True,NP_001031316.1 Defensin-like (DEFL) family protein [Arabidopsis thaliana]
NP_001031317.1,NP_001031317,False,False,False,0.44,RLK_defense,True,NP_001031317.1 Defensin-like (DEFL) family protein [Arabidopsis thaliana]
NP_001031319.1,NP_001031319,False,False,False,0.257,RLK_defense,False,NP_001031319.1 low-molecular-weight cysteine-rich 82 [Arabidopsis thaliana]
NP_001031322.1,NP_001031322,False,False,False,0.472,defense_signaling,False,NP_001031322.1 Putative membrane lipoprotein [Arabidopsis thaliana]
NP_001031324.1,NP_001031324,False,False,False,0.639,defense_signaling,False,NP_001031324.1 SCR-like 9 [Arabidopsis thaliana]
NP_001031326.1,NP_001031326,False,False,False,0.502,defense_signaling,False,NP_001031326.1 SCR-like 15 [Arabidopsis thaliana]
NP_001031341.1,NP_001031341,False,False,False,0.385,defense_signaling,True,NP_001031341.1 Defensin-like (DEFL) family protein [Arabidopsis thaliana]
NP_001031342.1,NP_001031342,False,False,False,0.167,defense_signaling,False,NP_001031342.1 SCR-like 16 [Arabidopsis thaliana]
NP_001031345.1,NP_001031345,False,False,False,0.259,defense_signaling,False,NP_001031345.1 low-molecular-weight cysteine-rich 29 [Arabidopsis thaliana]
NP_001031349.1,NP_001031349,False,False,False,0.46,RLK_defense,False,NP_001031349.1 low-molecular-weight cysteine-rich 50 [Arabidopsis thaliana]
NP_001031350.1,NP_001031350,False,False,False,0.472,defense_signaling,True,NP_001031350.1 Defensin-like (DEFL) family protein [Arabidopsis thaliana]
NP_001031353.1,NP_001031353,False,False,False,0.408,defense_signaling,True,NP_001031353.1 defensin-like protein [Arabidopsis thaliana]
NP_001031354.1,NP_001031354,False,False,False,0.491,defense_signaling,False,NP_001031354.1 SCR-like 18 [Arabidopsis thaliana]
NP_001031355.1,NP_001031355,False,False,False,0.535,RLK_defense,False,NP_001031355.1 low-molecular-weight cysteine-rich 84 [Arabidopsis thaliana]
NP_001031356.1,NP_001031356,False,False,False,0.514,RLK_defense,False,NP_001031356.1 low-molecular-weight cysteine-rich 40 [Arabidopsis thaliana]
NP_001031365.1,NP_001031365,False,False,False,0.38,defense_signaling,True,NP_001031365.1 Defensin-like (DEFL) family protein [Arabidopsis thaliana]
NP_001031376.1,NP_001031376,False,False,False,0.423,defense_signaling,True,NP_001031376.1 Defensin-like (DEFL) family protein [Arabidopsis thaliana]
NP_001031377.1,NP_001031377,False,False,False,0.691,RLK_defense,False,NP_001031377.1 low-molecular-weight cysteine-rich 60 [Arabidopsis thaliana]
NP_001031378.1,NP_001031378,False,False,False,0.425,defense_signaling,True,NP_001031378.1 Defensin-like (DEFL) family protein [Arabidopsis thaliana]
NP_001031381.1,NP_001031381,False,False,False,1.151,cell_death_HR,True,NP_001031381.1 diacylglycerol kinase 5 [Arabidopsis thaliana]
NP_001031388.1,NP_001031388,False,False,False,0.474,defense_signaling,True,NP_001031388.1 Defensin-like (DEFL) family protein [Arabidopsis thaliana]
NP_001031392.1,NP_001031392,False,False,False,0.468,defense_signaling,True,NP_001031392.1 Defensin-like (DEFL) family protein [Arabidopsis thaliana]
NP_001031393.1,NP_001031393,False,False,False,0.51,RLK_defense,False,NP_001031393.1 low-molecular-weight cysteine-rich 35 [Arabidopsis thaliana]
NP_001031395.1,NP_001031395,False,False,False,0.236,defense_signaling,False,NP_001031395.1 Cysteine-rich protein [Arabidopsis thaliana]
NP_001031398.1,NP_001031398,False,False,False,0.482,defense_signaling,True,NP_001031398.1 Defensin-like (DEFL) family protein [Arabidopsis thaliana]
NP_001031399.1,NP_001031399,False,False,False,0.467,defense_signaling,True,NP_001031399.1 Defensin-like (DEFL) family protein [Arabidopsis thaliana]
NP_001031408.1,NP_001031408,False,False,False,0.482,PR_proteins,True,NP_001031408.1 Defensin-like (DEFL) family protein [Arabidopsis thaliana]
NP_001031410.1,NP_001031410,False,False,False,0.465,defense_signaling,True,NP_001031410.1 Defensin-like (DEFL) family protein [Arabidopsis thaliana]
NP_001031411.1,NP_001031411,False,False,False,0.475,RLK_defense,True,NP_001031411.1 Defensin-like (DEFL) family protein [Arabidopsis thaliana]
NP_001031412.1,NP_001031412,False,False,False,0.526,defense_signaling,False,NP_001031412.1 low-molecular-weight cysteine-rich 81 [Arabidopsis thaliana]
NP_001031413.1,NP_001031413,False,False,False,0.338,RLK_defense,False,NP_001031413.1 low-molecular-weight cysteine-rich 14 [Arabidopsis thaliana]
NP_001031414.1,NP_001031414,False,False,False,0.405,defense_signaling,False,NP_001031414.1 SCR-like 17 [Arabidopsis thaliana]
NP_001031429.1,NP_001031429,False,False,False,0.478,RLK_defense,False,NP_001031429.1 low-molecular-weight cysteine-rich 9 [Arabidopsis thaliana]
NP_001031436.1,NP_001031436,False,False,False,0.528,RLK_defense,False,NP_001031436.1 low-molecular-weight cysteine-rich 32 [Arabidopsis thaliana]
NP_001031439.1,NP_001031439,False,True,False,1.513,RLK_defense,True,NP_001031439.1 protein kinase 1B [Arabidopsis thaliana]
NP_001031440.1,NP_001031440,False,True,False,1.515,RLK_defense,True,NP_001031440.1 protein kinase 1B [Arabidopsis thaliana]
NP_001031441.1,NP_001031441,False,False,False,0.709,RLK_defense,False,NP_001031441.1 low-molecular-weight cysteine-rich 62 [Arabidopsis thaliana]
NP_001031442.1,NP_001031442,False,False,False,0.324,antimicrobial,False,NP_001031442.1 senescence-associated gene 13 [Arabidopsis thaliana]
NP_001031460.1,NP_001031460,False,False,False,0.713,NBS_LRR,False,NP_001031460.1 low-molecular-weight cysteine-rich 76 [Arabidopsis thaliana]
NP_001031470.1,NP_001031470,False,False,False,0.507,RLK_defense,False,NP_001031470.1 low-molecular-weight cysteine-rich 49 [Arabidopsis thaliana]
NP_001031472.1,NP_001031472,False,False,False,1.02,cell_death_HR,False,NP_001031472.1 Caleosin-related family protein [Arabidopsis thaliana]
NP_001031473.1,NP_001031473,False,False,False,0.249,defense_signaling,False,NP_001031473.1 Cysteine-rich protein [Arabidopsis thaliana]
NP_001031485.1,NP_001031485,False,False,False,0.68,defense_signaling,False,NP_001031485.1 transcription activator [Arabidopsis thaliana]
NP_001031491.1,NP_001031491,False,False,False,0.514,RLK_defense,True,NP_001031491.1 Defensin-like (DEFL) family protein [Arabidopsis thaliana]
NP_001031522.1,NP_001031522,False,False,False,0.537,defense_signaling,False,NP_001031522.1 Molecular chaperone Hsp40/DnaJ family protein [Arabidopsis thaliana]
NP_001031566.1,NP_001031566,False,False,False,0.994,cell_death_HR,False,NP_001031566.1 RNA-binding (RRM/RBD/RNP motifs) family protein [Arabidopsis thaliana]
NP_001031578.1,NP_001031578,False,False,False,0.957,antimicrobial,False,NP_001031578.1 Seven transmembrane MLO family protein [Arabidopsis thaliana]
NP_001031589.1,NP_001031589,False,False,False,0.535,defense_signaling,False,NP_001031589.1 zinc finger (C2H2 type) family protein [Arabidopsis thaliana]
NP_001031591.1,NP_001031591,False,False,False,0.535,defense_signaling,False,NP_001031591.1 Molecular chaperone Hsp40/DnaJ family protein [Arabidopsis thaliana]
NP_001031592.1,NP_001031592,False,False,False,-1.285,defense_signaling,True,NP_001031592.1 Defensin-like (DEFL) family protein [Arabidopsis thaliana]
NP_001031595.1,NP_001031595,False,False,False,0.362,defense_signaling,True,NP_001031595.1 Defensin-like (DEFL) family protein [Arabidopsis thaliana]
NP_001031600.1,NP_001031600,False,False,False,0.404,defense_signaling,False,NP_001031600.1 Putative membrane lipoprotein [Arabidopsis thaliana]
NP_001031603.1,NP_001031603,False,False,False,0.39,defense_signaling,False,NP_001031603.1 Putative membrane lipoprotein [Arabidopsis thaliana]
NP_001031604.1,NP_001031604,False,False,False,0.656,RLK_defense,False,NP_001031604.1 low-molecular-weight cysteine-rich 36 [Arabidopsis thaliana]
NP_001031605.1,NP_001031605,False,False,False,0.5,defense_signaling,False,NP_001031605.1 S locus-related glycoprotein 1 (SLR1) binding pollen coat protein family [Arabidopsis thaliana]
NP_001031606.1,NP_001031606,False,False,False,0.463,RLK_defense,False,NP_001031606.1 low-molecular-weight cysteine-rich 13 [Arabidopsis thaliana]
NP_001031607.1,NP_001031607,False,False,False,0.459,defense_signaling,False,NP_001031607.1 low-molecular-weight cysteine-rich 34 [Arabidopsis thaliana]
NP_001031608.1,NP_001031608,False,False,False,0.399,defense_signaling,False,NP_001031608.1 SCR-like 20 [Arabidopsis thaliana]
NP_001031611.1,NP_001031611,False,False,False,0.569,defense_signaling,False,NP_001031611.1 SCR-like 1 [Arabidopsis thaliana]
NP_001031613.1,NP_001031613,False,False,False,0.513,defense_signaling,False,NP_001031613.1 S locus-related glycoprotein 1 (SLR1) binding pollen coat protein family [Arabidopsis thaliana]
NP_001031616.1,NP_001031616,False,False,False,-0.053,defense_signaling,False,NP_001031616.1 SCR-like 21 [Arabidopsis thaliana]
NP_001031618.1,NP_001031618,False,False,False,0.512,RLK_defense,True,NP_001031618.1 Defensin-like (DEFL) family protein [Arabidopsis thaliana]
NP_001031619.1,NP_001031619,False,False,False,0.449,defense_signaling,False,NP_001031619.1 low-molecular-weight cysteine-rich 11 [Arabidopsis thaliana]
NP_001031623.1,NP_001031623,False,False,False,0.55,RLK_defense,False,NP_001031623.1 low-molecular-weight cysteine-rich 37 [Arabidopsis thaliana]
NP_001031630.1,NP_001031630,False,False,False,0.543,defense_signaling,False,NP_001031630.1 Protein of unknown function (PD694200) [Arabidopsis thaliana]
NP_001031635.5,NP_001031635,False,False,False,0.279,defense_signaling,True,NP_001031635.5 Defensin-like (DEFL) family protein [Arabidopsis thaliana]
NP_001031636.2,NP_001031636,False,False,False,0.5,defense_signaling,True,NP_001031636.2 Defensin-like (DEFL) family protein [Arabidopsis thaliana]
NP_001031643.1,NP_001031643,False,False,False,0.562,defense_signaling,False,NP_001031643.1 SCR-like 23 [Arabidopsis thaliana]
NP_001031648.1,NP_001031648,False,False,False,0.573,defense_signaling,False,NP_001031648.1 SCR-like 11 [Arabidopsis thaliana]
NP_001031652.1,NP_001031652,False,True,True,1.094,NBS_LRR,True,NP_001031652.1 disease resistance protein (TIR-NBS class) [Arabidopsis thaliana]
NP_001031655.1,NP_001031655,False,False,False,0.577,defense_signaling,False,NP_001031655.1 Putative membrane lipoprotein [Arabidopsis thaliana]
NP_001031656.1,NP_001031656,False,False,False,0.507,defense_signaling,True,NP_001031656.1 Defensin-like (DEFL) family protein [Arabidopsis thaliana]
NP_001031666.1,NP_001031666,False,False,False,0.538,RLK_defense,True,NP_001031666.1 Defensin-like (DEFL) family protein [Arabidopsis thaliana]
NP_001031669.1,NP_001031669,False,False,False,0.539,RLK_defense,False,NP_001031669.1 low-molecular-weight cysteine-rich 15 [Arabidopsis thaliana]
NP_001031673.1,NP_001031673,False,False,False,0.536,RLK_defense,False,NP_001031673.1 low-molecular-weight cysteine-rich 38 [Arabidopsis thaliana]
NP_001031678.1,NP_001031678,True,True,False,1.98,cell_death_HR,False,NP_001031678.1 LSD1 zinc finger family protein [Arabidopsis thaliana]
NP_001031679.1,NP_001031679,True,True,False,1.98,cell_death_HR,False,NP_001031679.1 LSD1 zinc finger family protein [Arabidopsis thaliana]
NP_001031680.2,NP_001031680,True,True,False,1.98,cell_death_HR,False,NP_001031680.2 LSD1 zinc finger family protein [Arabidopsis thaliana]
NP_001031681.1,NP_001031681,False,False,False,0.91,defense_signaling,False,NP_001031681.1 JUMONJI 14 [Arabidopsis thaliana]
NP_001031693.1,NP_001031693,False,False,False,0.61,defense_signaling,False,NP_001031693.1 SCR-like 26 [Arabidopsis thaliana]
NP_001031694.1,NP_001031694,False,False,False,0.595,RLK_defense,False,NP_001031694.1 SCR-like 14 [Arabidopsis thaliana]
NP_001031704.1,NP_001031704,False,False,False,1.115,cell_death_HR,False,NP_001031704.1 phosphatase-like protein [Arabidopsis thaliana]
NP_001031711.1,NP_001031711,True,True,False,1.773,cell_death_HR,False,NP_001031711.1 metacaspase 2 [Arabidopsis thaliana]
NP_001031742.1,NP_001031742,False,False,False,0.639,RLK_defense,True,NP_001031742.1 Defensin-like (DEFL) family protein [Arabidopsis thaliana]
NP_001031745.1,NP_001031745,False,False,False,0.426,RLK_defense,False,NP_001031745.1 low-molecular-weight cysteine-rich 23 [Arabidopsis thaliana]
NP_001031746.1,NP_001031746,False,False,False,0.528,RLK_defense,False,NP_001031746.1 low-molecular-weight cysteine-rich 21 [Arabidopsis thaliana]
NP_001031747.1,NP_001031747,False,False,False,0.583,RLK_defense,False,NP_001031747.1 low-molecular-weight cysteine-rich 25 [Arabidopsis thaliana]
NP_001031751.1,NP_001031751,False,True,False,0.923,antimicrobial,True,NP_001031751.1 MAP kinase kinase 2 [Arabidopsis thaliana]
NP_001031753.1,NP_001031753,False,False,False,0.742,RLK_defense,False,NP_001031753.1 low-molecular-weight cysteine-rich 61 [Arabidopsis thaliana]
NP_001031754.1,NP_001031754,False,False,False,0.628,RLK_defense,False,NP_001031754.1 low-molecular-weight cysteine-rich 63 [Arabidopsis thaliana]
NP_001031755.1,NP_001031755,False,False,False,0.951,PR_proteins,False,NP_001031755.1 low-molecular-weight cysteine-rich 19 [Arabidopsis thaliana]
NP_001031775.1,NP_001031775,False,False,False,0.525,defense_signaling,False,NP_001031775.1 SCR-like 25 [Arabidopsis thaliana]
NP_001031776.1,NP_001031776,False,False,False,0.577,defense_signaling,False,NP_001031776.1 SCR-like 24 [Arabidopsis thaliana]
NP_001031781.1,NP_001031781,True,True,True,2.082,NBS_LRR,False,NP_001031781.1 ADR1-like 1 [Arabidopsis thaliana]
NP_001031783.1,NP_001031783,False,False,False,0.607,defense_signaling,False,NP_001031783.1 SCR-like 22 [Arabidopsis thaliana]
NP_001031815.1,NP_001031815,False,False,False,0.492,defense_signaling,False,NP_001031815.1 low-molecular-weight cysteine-rich 45 [Arabidopsis thaliana]
NP_001031845.1,NP_001031845,False,False,False,0.85,defense_signaling,False,NP_001031845.1 bZIP transcription factor family protein [Arabidopsis thaliana]
NP_001031852.1,NP_001031852,False,False,False,0.497,PR_proteins,True,NP_001031852.1 Defensin-like (DEFL) family protein [Arabidopsis thaliana]
NP_001031854.1,NP_001031854,False,False,False,0.501,PR_proteins,True,NP_001031854.1 Defensin-like (DEFL) family protein [Arabidopsis thaliana]
NP_001031858.1,NP_001031858,False,False,False,0.597,defense_signaling,True,NP_001031858.1 Defensin-like (DEFL) family protein [Arabidopsis thaliana]
NP_001031891.1,NP_001031891,False,False,False,0.492,RLK_defense,True,NP_001031891.1 Defensin-like (DEFL) family protein [Arabidopsis thaliana]
NP_001031896.1,NP_001031896,False,False,False,0.406,defense_signaling,False,NP_001031896.1 Putative membrane lipoprotein [Arabidopsis thaliana]
NP_001031897.2,NP_001031897,False,False,False,0.426,defense_signaling,True,NP_001031897.2 Defensin-like (DEFL) family protein [Arabidopsis thaliana]
NP_001031901.1,NP_001031901,False,False,False,0.409,defense_signaling,False,NP_001031901.1 Cysteine-rich protein [Arabidopsis thaliana]
NP_001031902.1,NP_001031902,False,False,False,0.387,defense_signaling,False,NP_001031902.1 Cysteine-rich protein [Arabidopsis thaliana]
NP_001031903.1,NP_001031903,False,False,False,0.403,PR_proteins,True,NP_001031903.1 Defensin-like (DEFL) family protein [Arabidopsis thaliana]
NP_001031925.1,NP_001031925,False,False,False,0.468,defense_signaling,False,NP_001031925.1 Putative membrane lipoprotein [Arabidopsis thaliana]
NP_001031936.1,NP_001031936,True,False,True,1.484,PR_proteins,False,NP_001031936.1 O-Glycosyl hydrolases family 17 protein [Arabidopsis thaliana]
NP_001031940.1,NP_001031940,False,False,False,1.248,PR_proteins,False,NP_001031940.1 glucoside glucohydrolase 2 [Arabidopsis thaliana]
NP_001031943.1,NP_001031943,False,False,False,0.901,RLK_defense,False,NP_001031943.1 DEAD box RNA helicase (RH3) [Arabidopsis thaliana]
NP_001031950.1,NP_001031950,False,False,False,0.961,antimicrobial,False,NP_001031950.1 syntaxin of plants 41 [Arabidopsis thaliana]
NP_001031952.1,NP_001031952,False,False,False,0.415,defense_signaling,True,NP_001031952.1 Defensin-like (DEFL) family protein [Arabidopsis thaliana]
NP_001031961.1,NP_001031961,False,False,False,0.447,defense_signaling,True,NP_001031961.1 Defensin-like (DEFL) family protein [Arabidopsis thaliana]
NP_001031965.1,NP_001031965,False,False,False,0.458,RLK_defense,True,NP_001031965.1 Defensin-like (DEFL) family protein [Arabidopsis thaliana]
NP_001031975.1,NP_001031975,False,False,False,1.044,PR_proteins,False,NP_001031975.1 beta glucosidase 42 [Arabidopsis thaliana]
NP_001031976.1,NP_001031976,False,False,False,0.635,RLK_defense,True,NP_001031976.1 Defensin-like (DEFL) family protein [Arabidopsis thaliana]
NP_001031977.1,NP_001031977,False,False,False,0.527,defense_signaling,False,NP_001031977.1 Putative membrane lipoprotein [Arabidopsis thaliana]
NP_001031979.1,NP_001031979,False,False,False,0.73,PR_proteins,False,NP_001031979.1 low-molecular-weight cysteine-rich 58 [Arabidopsis thaliana]
NP_001031984.1,NP_001031984,False,False,False,0.531,RLK_defense,True,NP_001031984.1 Defensin-like (DEFL) family protein [Arabidopsis thaliana]
NP_001031994.1,NP_001031994,False,False,False,0.441,RLK_defense,True,NP_001031994.1 Defensin-like (DEFL) family protein [Arabidopsis thaliana]
NP_001031995.1,NP_001031995,False,False,False,0.506,RLK_defense,True,NP_001031995.1 Defensin-like (DEFL) family protein [Arabidopsis thaliana]
NP_001031996.1,NP_001031996,False,False,False,0.643,PR_proteins,False,NP_001031996.1 low-molecular-weight cysteine-rich 57 [Arabidopsis thaliana]
NP_001031997.2,NP_001031997,False,False,False,0.465,RLK_defense,False,NP_001031997.2 low-molecular-weight cysteine-rich 28 [Arabidopsis thaliana]
NP_001032001.1,NP_001032001,False,False,False,0.563,defense_signaling,True,NP_001032001.1 Defensin-like (DEFL) family protein [Arabidopsis thaliana]
NP_001032012.2,NP_001032012,False,False,False,0.355,defense_signaling,True,NP_001032012.2 defensin-like protein [Arabidopsis thaliana]
NP_001032016.1,NP_001032016,False,False,False,0.509,defense_signaling,False,NP_001032016.1 SCR-like 27 [Arabidopsis thaliana]
NP_001032020.1,NP_001032020,False,False,False,0.425,defense_signaling,False,NP_001032020.1 Putative membrane lipoprotein [Arabidopsis thaliana]
NP_001032021.1,NP_001032021,False,False,False,0.47,defense_signaling,True,NP_001032021.1 Defensin-like (DEFL) family protein [Arabidopsis thaliana]
NP_001032022.1,NP_001032022,False,False,False,0.399,defense_signaling,False,NP_001032022.1 Putative membrane lipoprotein [Arabidopsis thaliana]
NP_001032023.1,NP_001032023,False,False,False,0.412,defense_signaling,True,NP_001032023.1 Defensin-like (DEFL) family protein [Arabidopsis thaliana]
NP_001032024.1,NP_001032024,False,False,False,0.473,RLK_defense,False,NP_001032024.1 low-molecular-weight cysteine-rich 20 [Arabidopsis thaliana]
NP_001032025.1,NP_001032025,False,False,False,0.521,RLK_defense,False,NP_001032025.1 low-molecular-weight cysteine-rich 6 [Arabidopsis thaliana]
NP_001032027.1,NP_001032027,False,False,False,0.581,PR_proteins,False,NP_001032027.1 low-molecular-weight cysteine-rich 3 [Arabidopsis thaliana]
NP_001032033.1,NP_001032033,False,False,False,0.334,defense_signaling,False,NP_001032033.1 Putative membrane lipoprotein [Arabidopsis thaliana]
NP_001032034.1,NP_001032034,False,False,False,0.363,defense_signaling,False,NP_001032034.1 low-molecular-weight cysteine-rich 1 [Arabidopsis thaliana]
NP_001032035.1,NP_001032035,False,False,False,0.398,defense_signaling,True,NP_001032035.1 Defensin-like (DEFL) family protein [Arabidopsis thaliana]
NP_001032036.1,NP_001032036,False,False,False,0.409,defense_signaling,False,NP_001032036.1 Putative membrane lipoprotein [Arabidopsis thaliana]
NP_001032038.1,NP_001032038,False,False,False,0.397,RLK_defense,False,NP_001032038.1 low-molecular-weight cysteine-rich 12 [Arabidopsis thaliana]
NP_001032039.1,NP_001032039,False,False,False,0.341,defense_signaling,False,NP_001032039.1 low-molecular-weight cysteine-rich 46 [Arabidopsis thaliana]
NP_001032040.1,NP_001032040,False,False,False,0.44,defense_signaling,False,NP_001032040.1 low-molecular-weight cysteine-rich 86 [Arabidopsis thaliana]
NP_001032047.1,NP_001032047,False,False,False,0.422,defense_signaling,False,NP_001032047.1 Putative membrane lipoprotein [Arabidopsis thaliana]
NP_001032058.1,NP_001032058,False,False,False,0.549,RLK_defense,True,NP_001032058.1 Defensin-like (DEFL) family protein [Arabidopsis thaliana]
NP_001032063.1,NP_001032063,False,False,False,0.384,defense_signaling,True,NP_001032063.1 Defensin-like (DEFL) family protein [Arabidopsis thaliana]
NP_001032070.1,NP_001032070,False,False,False,0.879,defense_signaling,False,NP_001032070.1 Seven transmembrane MLO family protein [Arabidopsis thaliana]
NP_001032073.1,NP_001032073,False,False,False,0.548,RLK_defense,False,NP_001032073.1 Cysteine-rich protein [Arabidopsis thaliana]
NP_001032074.1,NP_001032074,False,False,False,0.566,RLK_defense,False,NP_001032074.1 low-molecular-weight cysteine-rich 83 [Arabidopsis thaliana]
NP_001032077.1,NP_001032077,False,False,False,0.506,defense_signaling,False,NP_001032077.1 Protein of unknown function (PD694200) [Arabidopsis thaliana]
NP_001032078.1,NP_001032078,False,False,False,0.998,PR_proteins,False,NP_001032078.1 Bifunctional inhibitor/lipid-transfer protein/seed storage 2S albumin superfamily protein [Arabidopsis thaliana]
NP_001032081.1,NP_001032081,False,False,False,0.592,RLK_defense,True,NP_001032081.1 defensin-like protein [Arabidopsis thaliana]
NP_001032082.1,NP_001032082,False,False,False,0.449,defense_signaling,True,NP_001032082.1 Defensin-like (DEFL) family protein [Arabidopsis thaliana]
NP_001032108.1,NP_001032108,False,False,False,0.897,defense_signaling,False,"NP_001032108.1 DNA-binding protein with MIZ/SP-RING zinc finger, PHD-finger and SAP domain-containing protein [Arabidopsis thaliana]"
NP_001032109.2,NP_001032109,False,True,False,0.893,defense_signaling,False,"NP_001032109.2 DNA-binding protein with MIZ/SP-RING zinc finger, PHD-finger and SAP domain-containing protein [Arabidopsis thaliana]"
NP_001032111.1,NP_001032111,False,False,False,0.461,defense_signaling,True,NP_001032111.1 Defensin-like (DEFL) family protein [Arabidopsis thaliana]
NP_001032113.1,NP_001032113,False,False,False,0.554,RLK_defense,True,NP_001032113.1 Defensin-like (DEFL) family protein [Arabidopsis thaliana]
NP_001032114.1,NP_001032114,False,False,False,0.182,defense_signaling,False,NP_001032114.1 Putative membrane lipoprotein [Arabidopsis thaliana]
NP_001032116.1,NP_001032116,False,False,False,1.077,NBS_LRR,False,NP_001032116.1 exocyst subunit exo70 family protein E2 [Arabidopsis thaliana]
NP_001032124.1,NP_001032124,False,False,False,0.326,defense_signaling,False,NP_001032124.1 Putative membrane lipoprotein [Arabidopsis thaliana]
NP_001032125.1,NP_001032125,False,False,False,0.418,defense_signaling,False,NP_001032125.1 Putative membrane lipoprotein [Arabidopsis thaliana]
NP_001032132.1,NP_001032132,True,False,False,1.378,cell_death_HR,False,NP_001032132.1 Copine (Calcium-dependent phospholipid-binding protein) family [Arabidopsis thaliana]
NP_001032147.1,NP_001032147,False,False,False,0.922,defense_signaling,False,NP_001032147.1 bZIP transcription factor family protein [Arabidopsis thaliana]
NP_001032148.1,NP_001032148,False,False,False,0.922,defense_signaling,False,NP_001032148.1 bZIP transcription factor family protein [Arabidopsis thaliana]
NP_001032149.1,NP_001032149,False,False,False,0.922,defense_signaling,False,NP_001032149.1 bZIP transcription factor family protein [Arabidopsis thaliana]
NP_001077439.1,NP_001077439,False,False,False,0.554,PR_proteins,False,NP_001077439.1 60S acidic ribosomal protein family [Arabidopsis thaliana]
NP_001077454.1,NP_001077454,False,False,False,0.483,defense_signaling,False,NP_001077454.1 TRAF-like superfamily protein [Arabidopsis thaliana]
NP_001077455.1,NP_001077455,False,False,False,0.523,defense_signaling,False,NP_001077455.1 TRAF-like superfamily protein [Arabidopsis thaliana]
NP_001077494.1,NP_001077494,False,False,False,0.701,PR_proteins,False,NP_001077494.1 copper/zinc superoxide dismutase 1 [Arabidopsis thaliana]
NP_001077526.1,NP_001077526,False,False,False,0.564,RLK_defense,False,NP_001077526.1 thionin-like protein [Arabidopsis thaliana]
NP_001077562.1,NP_001077562,False,False,False,0.667,defense_signaling,False,NP_001077562.1 Brassinosteroid signaling positive regulator (BZR1) family protein [Arabidopsis thaliana]
NP_001077596.1,NP_001077596,False,False,False,0.3,cell_death_HR,False,NP_001077596.1 phytochrome and flowering time regulatory protein (PFT1) [Arabidopsis thaliana]
NP_001077597.1,NP_001077597,False,False,False,0.851,antimicrobial,False,NP_001077597.1 Eukaryotic translation initiation factor 5A-1 (eIF-5A 1) protein [Arabidopsis thaliana]
NP_001077641.1,NP_001077641,False,False,False,0.357,cell_death_HR,False,NP_001077641.1 nuclear shuttle interacting [Arabidopsis thaliana]
NP_001077691.1,NP_001077691,False,False,False,0.2,NBS_LRR,False,NP_001077691.1 Eukaryotic aspartyl protease family protein [Arabidopsis thaliana]
NP_001077742.1,NP_001077742,True,True,True,2.157,NBS_LRR,True,NP_001077742.1 LRR and NB-ARC domains-containing disease resistance protein [Arabidopsis thaliana]
NP_001077806.1,NP_001077806,False,False,False,0.203,cell_death_HR,False,NP_001077806.1 MLP-like protein 28 [Arabidopsis thaliana]
NP_001077807.1,NP_001077807,False,False,False,-0.596,cell_death_HR,False,NP_001077807.1 MLP-like protein 28 [Arabidopsis thaliana]
NP_001077816.1,NP_001077816,False,True,False,1.393,NBS_LRR,True,NP_001077816.1 toll/interleukin-1 receptor-like protein [Arabidopsis thaliana]
NP_001077895.1,NP_001077895,False,False,False,0.359,defense_signaling,False,NP_001077895.1 maternal effect embryo arrest 14 [Arabidopsis thaliana]
NP_001077971.1,NP_001077971,False,True,False,0.534,defense_signaling,False,NP_001077971.1 P-loop containing nucleoside triphosphate hydrolases superfamily protein [Arabidopsis thaliana]
NP_001077983.1,NP_001077983,False,False,False,0.985,antimicrobial,False,NP_001077983.1 glutathione S-transferase PHI 9 [Arabidopsis thaliana]
NP_001078034.1,NP_001078034,False,False,False,0.497,defense_signaling,False,NP_001078034.1 low-molecular-weight cysteine-rich 51 [Arabidopsis thaliana]
NP_001078035.1,NP_001078035,False,False,False,0.863,cell_death_HR,False,NP_001078035.1 RNA-binding (RRM/RBD/RNP motifs) family protein [Arabidopsis thaliana]
NP_001078056.1,NP_001078056,False,False,False,1.145,PR_proteins,False,NP_001078056.1 beta glucosidase 29 [Arabidopsis thaliana]
NP_001078069.1,NP_001078069,False,False,False,1.377,cell_death_HR,False,NP_001078069.1 Auxin-responsive GH3 family protein [Arabidopsis thaliana]
NP_001078116.1,NP_001078116,False,False,False,0.808,antimicrobial,False,NP_001078116.1 O-acetyltransferase family protein [Arabidopsis thaliana]
NP_001078154.1,NP_001078154,False,False,False,1.179,antimicrobial,False,NP_001078154.1 Aldolase-type TIM barrel family protein [Arabidopsis thaliana]
NP_001078155.1,NP_001078155,False,False,False,1.191,antimicrobial,False,NP_001078155.1 Aldolase-type TIM barrel family protein [Arabidopsis thaliana]
NP_001078174.1,NP_001078174,False,False,False,0.099,defense_signaling,False,NP_001078174.1 jasmonate-zim-domain protein 3 [Arabidopsis thaliana]
NP_001078200.1,NP_001078200,False,False,False,0.54,defense_signaling,False,NP_001078200.1 jasmonate ZIM-domain protein [Arabidopsis thaliana]
NP_001078237.1,NP_001078237,True,True,True,1.708,NBS_LRR,True,NP_001078237.1 Disease resistance protein (TIR-NBS-LRR class) family [Arabidopsis thaliana]
NP_001078314.1,NP_001078314,False,False,False,0.59,defense_signaling,False,NP_001078314.1 glycine-rich protein [Arabidopsis thaliana]
NP_001078324.1,NP_001078324,False,False,False,0.971,antimicrobial,False,NP_001078324.1 cysteine synthase C1 [Arabidopsis thaliana]
NP_001078346.1,NP_001078346,False,False,False,-0.011,cell_death_HR,False,NP_001078346.1 senescence-associated gene 21 [Arabidopsis thaliana]
NP_001078351.1,NP_001078351,True,True,False,1.595,RLK_defense,True,NP_001078351.1 cysteine-rich RLK (RECEPTOR-like protein kinase) 40 [Arabidopsis thaliana]
NP_001078377.1,NP_001078377,False,False,False,1.321,NBS_LRR,False,NP_001078377.1 F-box and associated interaction domains-containing protein [Arabidopsis thaliana]
NP_001078406.1,NP_001078406,False,False,False,0.508,antimicrobial,False,NP_001078406.1 Aldolase-type TIM barrel family protein [Arabidopsis thaliana]
NP_001078413.1,NP_001078413,True,True,False,2.036,cell_death_HR,False,NP_001078413.1 LSD1 zinc finger family protein [Arabidopsis thaliana]
NP_001078435.1,NP_001078435,False,True,False,1.563,RLK_defense,True,NP_001078435.1 cysteine-rich RLK (RECEPTOR-like protein kinase) 13 [Arabidopsis thaliana]
NP_001078439.1,NP_001078439,False,False,False,0.282,defense_signaling,False,NP_001078439.1 acyl-CoA-binding domain 3 [Arabidopsis thaliana]
NP_001078440.1,NP_001078440,False,False,False,0.282,defense_signaling,False,NP_001078440.1 acyl-CoA-binding domain 3 [Arabidopsis thaliana]
NP_001078441.1,NP_001078441,False,False,False,0.282,defense_signaling,False,NP_001078441.1 acyl-CoA-binding domain 3 [Arabidopsis thaliana]
NP_001078466.1,NP_001078466,False,False,False,0.392,defense_signaling,False,NP_001078466.1 Putative interactor of JAZ [Arabidopsis thaliana]
NP_001078506.1,NP_001078506,False,False,False,0.968,cell_death_HR,False,NP_001078506.1 Acyl transferase/acyl hydrolase/lysophospholipase superfamily protein [Arabidopsis thaliana]
NP_001078539.1,NP_001078539,False,False,False,0.85,defense_signaling,False,NP_001078539.1 bZIP transcription factor family protein [Arabidopsis thaliana]
NP_001078550.1,NP_001078550,False,False,False,1.313,antimicrobial,False,NP_001078550.1 sirtuin 2 [Arabidopsis thaliana]
NP_001078561.1,NP_001078561,False,False,False,0.273,defense_signaling,False,NP_001078561.1 elicitor peptide 7 precursor [Arabidopsis thaliana]
NP_001078571.1,NP_001078571,False,False,False,-0.084,defense_signaling,False,NP_001078571.1 uncharacterized protein AT5G11630 [Arabidopsis thaliana]
NP_001078575.1,NP_001078575,False,False,False,0.981,cell_death_HR,True,NP_001078575.1 CRT (chloroquine-resistance transporter)-like transporter 3 [Arabidopsis thaliana]
NP_001078585.1,NP_001078585,False,True,False,0.778,NBS_LRR,False,NP_001078585.1 senescence-associated gene 101 [Arabidopsis thaliana]
NP_001078595.1,NP_001078595,False,False,False,1.054,cell_death_HR,False,NP_001078595.1 binding partner of acd11 1 [Arabidopsis thaliana]
NP_001078596.1,NP_001078596,False,False,False,1.065,cell_death_HR,False,NP_001078596.1 binding partner of acd11 1 [Arabidopsis thaliana]
NP_001078705.1,NP_001078705,False,False,False,0.282,defense_signaling,False,NP_001078705.1 CAP-binding protein 20 [Arabidopsis thaliana]
NP_001078710.1,NP_001078710,False,False,False,0.038,defense_signaling,False,NP_001078710.1 uncharacterized protein AT5G44568 [Arabidopsis thaliana]
NP_001078711.1,NP_001078711,False,False,False,0.195,defense_signaling,False,NP_001078711.1 uncharacterized protein AT5G44572 [Arabidopsis thaliana]
NP_001078712.1,NP_001078712,False,False,False,-0.198,defense_signaling,False,NP_001078712.1 uncharacterized protein AT5G44574 [Arabidopsis thaliana]
NP_001078715.1,NP_001078715,True,True,True,2.178,NBS_LRR,True,NP_001078715.1 Disease resistance protein (TIR-NBS-LRR class) [Arabidopsis thaliana]
NP_001078717.1,NP_001078717,False,False,False,0.987,cell_death_HR,False,NP_001078717.1 zinc finger B-box protein [Arabidopsis thaliana]
NP_001078748.1,NP_001078748,False,False,False,1.224,antimicrobial,False,NP_001078748.1 spermidine synthase 3 [Arabidopsis thaliana]
NP_001078749.1,NP_001078749,False,False,False,1.224,antimicrobial,False,NP_001078749.1 spermidine synthase 3 [Arabidopsis thaliana]
NP_001078806.1,NP_001078806,False,False,False,0.962,antimicrobial,True,NP_001078806.1 calcium-dependent protein kinase 28 [Arabidopsis thaliana]
NP_001117207.1,NP_001117207,False,False,False,0.679,RLK_defense,False,NP_001117207.1 late embryogenesis abundant hydroxyproline-rich glycoprotein family protein [Arabidopsis thaliana]
NP_001117208.1,NP_001117208,False,False,False,0.649,RLK_defense,False,NP_001117208.1 late embryogenesis abundant hydroxyproline-rich glycoprotein family protein [Arabidopsis thaliana]
NP_001117218.1,NP_001117218,False,False,False,0.617,defense_signaling,False,NP_001117218.1 SPX (SYG1/Pho81/XPR1) domain-containing protein [Arabidopsis thaliana]
NP_001117266.1,NP_001117266,True,True,True,1.896,NBS_LRR,True,NP_001117266.1 NB-ARC domain-containing disease resistance protein [Arabidopsis thaliana]
NP_001117268.1,NP_001117268,False,False,False,0.952,antimicrobial,False,NP_001117268.1 Seven transmembrane MLO family protein [Arabidopsis thaliana]
NP_001117399.1,NP_001117399,False,True,False,0.474,cell_death_HR,False,NP_001117399.1 lsd one like 1 [Arabidopsis thaliana]
NP_001117406.1,NP_001117406,False,False,False,0.287,defense_signaling,False,NP_001117406.1 Smg-4/UPF3 family protein [Arabidopsis thaliana]
NP_001117515.1,NP_001117515,True,True,True,2.012,NBS_LRR,True,NP_001117515.1 Disease resistance protein (CC-NBS-LRR class) family [Arabidopsis thaliana]
NP_001117579.1,NP_001117579,False,False,False,0.044,NBS_LRR,False,NP_001117579.1 MLP-like protein 28 [Arabidopsis thaliana]
NP_001118254.1,NP_001118254,False,False,False,0.536,defense_signaling,False,NP_001118254.1 indeterminate(ID)-domain 4 [Arabidopsis thaliana]
NP_001118361.1,NP_001118361,True,True,False,1.026,defense_signaling,False,NP_001118361.1 signal responsive 1 [Arabidopsis thaliana]
NP_001118398.1,NP_001118398,False,False,False,-0.199,RLK_defense,False,NP_001118398.1 CLAVATA3 [Arabidopsis thaliana]
NP_001118524.1,NP_001118524,False,False,False,1.172,PR_proteins,False,NP_001118524.1 beta glucosidase 29 [Arabidopsis thaliana]
NP_001118592.1,NP_001118592,False,False,False,0.853,antimicrobial,False,NP_001118592.1 O-acetyltransferase family protein [Arabidopsis thaliana]
NP_001118772.1,NP_001118772,True,True,True,1.949,NBS_LRR,True,NP_001118772.1 Disease resistance protein (TIR-NBS-LRR class) family [Arabidopsis thaliana]
NP_001118968.1,NP_001118968,True,True,True,1.133,NBS_LRR,True,NP_001118968.1 protein kinase family protein [Arabidopsis thaliana]
NP_001119271.1,NP_001119271,True,False,True,1.444,PR_proteins,False,NP_001119271.1 O-Glycosyl hydrolases family 17 protein [Arabidopsis thaliana]
NP_001119319.1,NP_001119319,True,True,True,2.314,NBS_LRR,True,NP_001119319.1 Disease resistance protein (TIR-NBS-LRR class) family [Arabidopsis thaliana]
NP_001119372.1,NP_001119372,False,False,False,0.424,defense_signaling,False,NP_001119372.1 uncharacterized protein AT5G44585 [Arabidopsis thaliana]
NP_001119446.2,NP_001119446,False,False,False,0.592,PR_proteins,False,NP_001119446.2 profilin [Arabidopsis thaliana]
NP_001119457.1,NP_001119457,False,False,False,0.014,defense_signaling,False,"NP_001119457.1 oxidoreductases, acting on NADH or NADPH, quinone or similar compound as acceptor [Arabidopsis thaliana]"
NP_001119465.1,NP_001119465,False,False,False,0.897,defense_signaling,False,"NP_001119465.1 DNA-binding protein with MIZ/SP-RING zinc finger, PHD-finger and SAP domain-containing protein [Arabidopsis thaliana]"
NP_001119508.1,NP_001119508,False,False,False,0.872,RLK_defense,True,NP_001119508.1 calcium-dependent protein kinase 28 [Arabidopsis thaliana]
NP_001154222.1,NP_001154222,True,True,True,1.133,NBS_LRR,True,NP_001154222.1 protein kinase family protein [Arabidopsis thaliana]
NP_001154317.1,NP_001154317,False,True,False,1.358,NBS_LRR,False,NP_001154317.1 receptor like protein 1 [Arabidopsis thaliana]
NP_001154351.1,NP_001154351,False,False,False,0.789,antimicrobial,False,NP_001154351.1 isochorismate synthase 2 [Arabidopsis thaliana]
NP_001154409.1,NP_001154409,False,False,False,0.542,defense_signaling,True,NP_001154409.1 Protein kinase superfamily protein [Arabidopsis thaliana]
NP_001154428.1,NP_001154428,False,False,False,0.601,antimicrobial,False,NP_001154428.1 histone mono-ubiquitination 2 [Arabidopsis thaliana]
NP_001154440.1,NP_001154440,False,False,False,1.136,RLK_defense,True,NP_001154440.1 ATP binding / protein kinase [Arabidopsis thaliana]
NP_001154566.1,NP_001154566,False,False,False,0.525,defense_signaling,False,NP_001154566.1 Calcium-dependent lipid-binding (CaLB domain) family protein [Arabidopsis thaliana]
NP_001154651.1,NP_001154651,False,True,False,1.395,RLK_defense,True,NP_001154651.1 Protein kinase superfamily protein [Arabidopsis thaliana]
NP_001154662.2,NP_001154662,False,False,False,0.781,defense_signaling,False,NP_001154662.2 dicer-like 3 [Arabidopsis thaliana]
NP_001154713.1,NP_001154713,False,False,False,0.522,defense_signaling,False,NP_001154713.1 jasmonate-zim-domain protein 10 [Arabidopsis thaliana]
NP_001154757.1,NP_001154757,True,True,True,2.04,NBS_LRR,True,NP_001154757.1 Disease resistance protein (TIR-NBS-LRR class) family [Arabidopsis thaliana]
NP_001154758.1,NP_001154758,False,False,False,-0.076,defense_signaling,False,NP_001154758.1 ORMDL family protein [Arabidopsis thaliana]
NP_001154780.1,NP_001154780,True,True,True,1.706,PR_proteins,False,NP_001154780.1 O-Glycosyl hydrolases family 17 protein [Arabidopsis thaliana]
NP_001184890.1,NP_001184890,False,False,False,1.001,antimicrobial,False,NP_001184890.1 Fatty acid hydroxylase superfamily [Arabidopsis thaliana]
NP_001184893.1,NP_001184893,False,False,False,0.746,antimicrobial,False,NP_001184893.1 glutathione S-transferase 6 [Arabidopsis thaliana]
NP_001184967.1,NP_001184967,True,False,True,1.389,PR_proteins,False,NP_001184967.1 O-Glycosyl hydrolases family 17 protein [Arabidopsis thaliana]
NP_001184970.1,NP_001184970,True,True,True,2.136,NBS_LRR,True,NP_001184970.1 Disease resistance protein (CC-NBS-LRR class) family [Arabidopsis thaliana]
NP_001185075.1,NP_001185075,False,False,False,0.527,NBS_LRR,False,NP_001185075.1 MLP-like protein 423 [Arabidopsis thaliana]
NP_001185129.1,NP_001185129,False,False,False,0.774,defense_signaling,True,NP_001185129.1 SUPPRESSOR OF AUXIN RESISTANCE1 [Arabidopsis thaliana]
NP_001185169.1,NP_001185169,False,False,False,1.202,PR_proteins,False,NP_001185169.1 Stabilizer of iron transporter SufD / Polynucleotidyl transferase [Arabidopsis thaliana]
NP_001185204.1,NP_001185204,False,False,False,1.179,PR_proteins,False,NP_001185204.1 beta glucosidase 18 [Arabidopsis thaliana]
NP_001185211.1,NP_001185211,False,False,False,0.797,defense_signaling,True,NP_001185211.1 mitogen-activated protein kinase kinase kinase 3 [Arabidopsis thaliana]
NP_001185212.1,NP_001185212,False,False,False,0.846,defense_signaling,True,NP_001185212.1 mitogen-activated protein kinase kinase kinase 3 [Arabidopsis thaliana]
NP_001185265.1,NP_001185265,True,True,True,2.14,NBS_LRR,True,NP_001185265.1 Disease resistance protein (CC-NBS-LRR class) family [Arabidopsis thaliana]
NP_001185281.1,NP_001185281,False,False,False,0.829,defense_signaling,False,NP_001185281.1 Seven transmembrane MLO family protein [Arabidopsis thaliana]
NP_001185283.1,NP_001185283,False,False,False,0.829,defense_signaling,False,NP_001185283.1 Seven transmembrane MLO family protein [Arabidopsis thaliana]
NP_001185313.1,NP_001185313,False,False,False,0.771,defense_signaling,False,NP_001185313.1 ILITYHIA [Arabidopsis thaliana]
NP_001185368.1,NP_001185368,False,False,False,0.411,NBS_LRR,False,NP_001185368.1 Polyketide cyclase/dehydrase and lipid transport superfamily protein [Arabidopsis thaliana]
NP_001185370.1,NP_001185370,False,False,False,0.868,antimicrobial,False,NP_001185370.1 EMS-MUTAGENIZED BRI1 SUPPRESSOR 1 [Arabidopsis thaliana]
NP_001185403.1,NP_001185403,False,False,False,0.52,cell_death_HR,False,NP_001185403.1 Walls Are Thin 1 [Arabidopsis thaliana]
NP_001185452.1,NP_001185452,False,False,False,0.995,cell_death_HR,False,"NP_001185452.1 Polynucleotidyl transferase, ribonuclease H-like superfamily protein [Arabidopsis thaliana]"
NP_001189514.1,NP_001189514,False,True,False,1.395,RLK_defense,True,NP_001189514.1 Protein kinase superfamily protein [Arabidopsis thaliana]
NP_001189524.1,NP_001189524,False,False,False,-2.934,cell_death_HR,False,NP_001189524.1 golgi nucleotide sugar transporter 1 [Arabidopsis thaliana]
NP_001189613.1,NP_001189613,False,False,False,1.16,antimicrobial,False,NP_001189613.1 Argonaute family protein [Arabidopsis thaliana]
NP_001189713.1,NP_001189713,False,False,False,0.817,antimicrobial,False,NP_001189713.1 Glucose-1-phosphate adenylyltransferase family protein [Arabidopsis thaliana]
NP_001189776.1,NP_001189776,False,False,False,1.018,cell_death_HR,True,NP_001189776.1 resistance to phytophthora 1 [Arabidopsis thaliana]
NP_001189858.1,NP_001189858,False,False,False,0.997,NBS_LRR,False,NP_001189858.1 2-oxoglutarate (2OG) and Fe(II)-dependent oxygenase superfamily protein [Arabidopsis thaliana]
NP_001189891.1,NP_001189891,False,False,False,0.928,antimicrobial,False,NP_001189891.1 Aldolase-type TIM barrel family protein [Arabidopsis thaliana]
NP_001189957.1,NP_001189957,False,False,False,1.048,antimicrobial,False,NP_001189957.1 nuclear RNA polymerase D2A [Arabidopsis thaliana]
NP_001190006.1,NP_001190006,False,False,False,1.177,antimicrobial,False,NP_001190006.1 HOPM interactor 7 [Arabidopsis thaliana]
NP_001190109.1,NP_001190109,False,False,False,0.832,cell_death_HR,False,NP_001190109.1 UBP1-associated protein 2A [Arabidopsis thaliana]
NP_001190110.1,NP_001190110,False,False,False,0.832,cell_death_HR,False,NP_001190110.1 UBP1-associated protein 2A [Arabidopsis thaliana]
NP_001190146.1,NP_001190146,False,False,False,0.915,antimicrobial,False,NP_001190146.1 N-terminal nucleophile aminohydrolases (Ntn hydrolases) superfamily protein [Arabidopsis thaliana]
NP_001190150.2,NP_001190150,False,False,False,0.823,NBS_LRR,False,NP_001190150.2 BON association protein 1 [Arabidopsis thaliana]
NP_001190152.1,NP_001190152,False,False,False,0.967,antimicrobial,False,NP_001190152.1 cysteine synthase C1 [Arabidopsis thaliana]
NP_001190223.1,NP_001190223,True,True,False,1.802,antimicrobial,False,NP_001190223.1 phenyl alanine ammonia-lyase 3 [Arabidopsis thaliana]
NP_001190242.1,NP_001190242,False,False,False,0.838,defense_signaling,False,NP_001190242.1 Emsy N Terminus (ENT)/ plant Tudor-like domains-containing protein [Arabidopsis thaliana]
NP_001190300.1,NP_001190300,True,False,False,1.032,defense_signaling,True,"NP_001190300.1 Histidine kinase-, DNA gyrase B-, and HSP90-like ATPase family protein [Arabidopsis thaliana]"
NP_001190303.1,NP_001190303,False,False,False,1.026,antimicrobial,True,NP_001190303.1 protein kinases;ubiquitin-protein ligase [Arabidopsis thaliana]
NP_001190314.1,NP_001190314,False,False,False,0.499,cell_death_HR,False,NP_001190314.1 voltage dependent anion channel 3 [Arabidopsis thaliana]
NP_001190331.1,NP_001190331,False,True,False,1.21,RLK_defense,True,NP_001190331.1 Protein kinase superfamily protein [Arabidopsis thaliana]
NP_001190336.1,NP_001190336,False,False,False,0.727,defense_signaling,False,NP_001190336.1 Telomerase activating protein Est1 [Arabidopsis thaliana]
NP_001190337.1,NP_001190337,False,False,False,0.727,defense_signaling,False,NP_001190337.1 Telomerase activating protein Est1 [Arabidopsis thaliana]
NP_001190382.1,NP_001190382,True,True,False,1.089,defense_signaling,False,NP_001190382.1 inositol requiring 1-1 [Arabidopsis thaliana]
NP_001190383.1,NP_001190383,True,True,False,1.077,defense_signaling,False,NP_001190383.1 inositol requiring 1-1 [Arabidopsis thaliana]
NP_001190403.1,NP_001190403,False,False,False,0.535,defense_signaling,False,NP_001190403.1 D111/G-patch domain-containing protein [Arabidopsis thaliana]
NP_001190408.1,NP_001190408,False,False,False,0.918,NBS_LRR,False,NP_001190408.1 Cam-binding protein 60-like G [Arabidopsis thaliana]
NP_001190464.1,NP_001190464,False,False,False,1.179,antimicrobial,False,NP_001190464.1 Stabilizer of iron transporter SufD / Polynucleotidyl transferase [Arabidopsis thaliana]
NP_001190474.1,NP_001190474,False,True,False,1.356,NBS_LRR,False,NP_001190474.1 RNI-like superfamily protein [Arabidopsis thaliana]
NP_001190515.1,NP_001190515,False,False,False,0.719,defense_signaling,False,NP_001190515.1 RPM1 interacting protein 3 [Arabidopsis thaliana]
NP_001190545.1,NP_001190545,False,False,False,1.127,NBS_LRR,True,NP_001190545.1 ENHANCED DOWNY MILDEW 2 [Arabidopsis thaliana]
NP_001190647.2,NP_001190647,False,False,False,1.02,cell_death_HR,False,NP_001190647.2 RNA-binding (RRM/RBD/RNP motifs) family protein [Arabidopsis thaliana]
NP_001190648.1,NP_001190648,False,False,False,0.983,cell_death_HR,False,NP_001190648.1 RNA-binding (RRM/RBD/RNP motifs) family protein [Arabidopsis thaliana]
NP_001190769.1,NP_001190769,False,False,False,0.549,cell_death_HR,True,NP_001190769.1 ENHANCED DISEASE RESISTANCE 2 [Arabidopsis thaliana]
NP_001190782.1,NP_001190782,False,False,False,0.838,NBS_LRR,False,NP_001190782.1 double-stranded RNA binding protein-related / DsRBD protein-like protein [Arabidopsis thaliana]
NP_001190797.1,NP_001190797,False,False,False,0.94,cell_death_HR,False,NP_001190797.1 alpha/beta-Hydrolases superfamily protein [Arabidopsis thaliana]
NP_001190808.1,NP_001190808,False,False,False,1.228,antimicrobial,False,NP_001190808.1 glutamate-cysteine ligase [Arabidopsis thaliana]
NP_001190820.1,NP_001190820,False,False,False,1.228,cell_death_HR,True,NP_001190820.1 CRT (chloroquine-resistance transporter)-like transporter 2 [Arabidopsis thaliana]
NP_001190866.1,NP_001190866,True,False,False,0.987,defense_signaling,False,NP_001190866.1 PATATIN-like protein 8 [Arabidopsis thaliana]
NP_001190942.2,NP_001190942,False,False,False,1.025,cell_death_HR,False,NP_001190942.2 PATATIN-like protein 5 [Arabidopsis thaliana]
NP_001318171.1,NP_001318171,True,False,False,1.451,cell_death_HR,False,NP_001318171.1 phosphatidic acid phosphatase 1 [Arabidopsis thaliana]
NP_001318177.1,NP_001318177,False,False,False,0.683,defense_signaling,False,NP_001318177.1 plant UBX domain-containing protein 2 [Arabidopsis thaliana]
NP_001318178.1,NP_001318178,False,False,False,0.536,defense_signaling,False,NP_001318178.1 indeterminate(ID)-domain 4 [Arabidopsis thaliana]
NP_001318219.1,NP_001318219,False,False,False,-2.088,cell_death_HR,False,NP_001318219.1 golgi nucleotide sugar transporter 1 [Arabidopsis thaliana]
NP_001318220.1,NP_001318220,True,True,True,1.855,RLK_defense,True,NP_001318220.1 somatic embryogenesis receptor-like kinase 5 [Arabidopsis thaliana]
NP_001318226.1,NP_001318226,False,True,False,0.641,NBS_LRR,True,NP_001318226.1 Leucine-rich repeat (LRR) family protein [Arabidopsis thaliana]
NP_001318248.1,NP_001318248,True,False,True,1.703,PR_proteins,False,NP_001318248.1 O-Glycosyl hydrolases family 17 protein [Arabidopsis thaliana]
NP_001318308.1,NP_001318308,False,False,False,1.468,NBS_LRR,False,NP_001318308.1 armadillo/beta-catenin repeat protein [Arabidopsis thaliana]
NP_001318322.1,NP_001318322,False,True,False,1.466,RLK_defense,True,NP_001318322.1 Protein kinase superfamily protein [Arabidopsis thaliana]
NP_001318330.1,NP_001318330,False,False,False,0.708,RLK_defense,False,NP_001318330.1 low-molecular-weight cysteine-rich 75 [Arabidopsis thaliana]
NP_001318398.1,NP_001318398,False,False,False,0.863,cell_death_HR,False,NP_001318398.1 RNA-binding (RRM/RBD/RNP motifs) family protein [Arabidopsis thaliana]
NP_001318417.1,NP_001318417,True,True,False,1.692,RLK_defense,True,NP_001318417.1 Concanavalin A-like lectin protein kinase family protein [Arabidopsis thaliana]
NP_001318457.1,NP_001318457,False,False,False,0.889,defense_signaling,False,NP_001318457.1 proteolysis 6 [Arabidopsis thaliana]
NP_001318476.1,NP_001318476,False,False,False,0.323,defense_signaling,False,NP_001318476.1 calmodulin binding protein [Arabidopsis thaliana]
NP_001318482.1,NP_001318482,False,False,False,-0.082,defense_signaling,False,NP_001318482.1 uncharacterized protein AT5G05300 [Arabidopsis thaliana]
NP_001318523.1,NP_001318523,False,False,False,0.217,defense_signaling,False,NP_001318523.1 uncharacterized protein AT5G09976 [Arabidopsis thaliana]
NP_001318538.1,NP_001318538,False,True,True,1.007,NBS_LRR,True,NP_001318538.1 Disease resistance protein (TIR-NBS-LRR class) [Arabidopsis thaliana]
NP_001318593.1,NP_001318593,True,True,True,2.092,NBS_LRR,True,NP_001318593.1 disease resistance protein (TIR-NBS-LRR class) family protein [Arabidopsis thaliana]
NP_001318594.1,NP_001318594,False,True,False,1.21,RLK_defense,True,NP_001318594.1 Protein kinase superfamily protein [Arabidopsis thaliana]
NP_001318610.1,NP_001318610,False,True,True,1.538,RLK_defense,False,NP_001318610.1 EF-TU receptor [Arabidopsis thaliana]
NP_001318625.1,NP_001318625,False,False,False,0.634,RLK_defense,True,NP_001318625.1 Defensin-like (DEFL) family protein [Arabidopsis thaliana]
NP_001318691.1,NP_001318691,False,False,False,0.767,NBS_LRR,False,NP_001318691.1 EF hand calcium-binding protein family [Arabidopsis thaliana]
NP_001318694.1,NP_001318694,True,True,True,1.733,NBS_LRR,True,NP_001318694.1 Disease resistance protein (TIR-NBS-LRR class) family [Arabidopsis thaliana]
NP_001318713.1,NP_001318713,False,False,False,1.09,antimicrobial,True,NP_001318713.1 mitogen-activated protein kinase kinase 3 [Arabidopsis thaliana]
NP_001318718.1,NP_001318718,True,True,True,1.691,NBS_LRR,True,NP_001318718.1 Disease resistance protein (TIR-NBS-LRR class) family [Arabidopsis thaliana]
NP_001318736.1,NP_001318736,True,True,True,1.761,NBS_LRR,True,NP_001318736.1 Disease resistance protein (CC-NBS-LRR class) family [Arabidopsis thaliana]
NP_001318742.1,NP_001318742,True,True,True,2.178,NBS_LRR,True,NP_001318742.1 Disease resistance protein (TIR-NBS-LRR class) [Arabidopsis thaliana]
NP_001318743.1,NP_001318743,False,True,False,0.432,NBS_LRR,True,NP_001318743.1 Leucine-rich repeat (LRR) family protein [Arabidopsis thaliana]
NP_001318842.1,NP_001318842,False,False,False,0.474,defense_signaling,False,NP_001318842.1 DNA-binding protein [Arabidopsis thaliana]
NP_001318843.1,NP_001318843,False,False,False,0.452,antimicrobial,False,NP_001318843.1 actin depolymerizing factor 4 [Arabidopsis thaliana]
NP_001318872.1,NP_001318872,False,False,False,0.988,antimicrobial,True,NP_001318872.1 diacylglycerol kinase 2 [Arabidopsis thaliana]
NP_001318881.1,NP_001318881,False,False,False,0.922,defense_signaling,False,NP_001318881.1 bZIP transcription factor family protein [Arabidopsis thaliana]
NP_001318944.1,NP_001318944,False,True,False,1.486,RLK_defense,True,NP_001318944.1 Protein kinase superfamily protein [Arabidopsis thaliana]
NP_001318968.1,NP_001318968,False,False,False,0.76,cell_death_HR,False,NP_001318968.1 NF-X-like 1 [Arabidopsis thaliana]
NP_001319018.1,NP_001319018,False,True,False,1.561,NBS_LRR,True,NP_001319018.1 wall associated kinase-like 4 [Arabidopsis thaliana]
NP_001319029.1,NP_001319029,True,True,True,1.913,NBS_LRR,True,NP_001319029.1 Disease resistance protein (TIR-NBS class) [Arabidopsis thaliana]
NP_001319041.1,NP_001319041,False,False,False,0.416,defense_signaling,False,NP_001319041.1 jasmonate-zim-domain protein 1 [Arabidopsis thaliana]
NP_001319042.1,NP_001319042,True,False,False,1.68,cell_death_HR,False,NP_001319042.1 Riboflavin synthase-like superfamily protein [Arabidopsis thaliana]
NP_001319057.1,NP_001319057,False,False,False,1.22,NBS_LRR,False,NP_001319057.1 O-methyltransferase family protein [Arabidopsis thaliana]
NP_001319073.1,NP_001319073,False,False,False,0.924,RLK_defense,False,NP_001319073.1 formin homologue 4 [Arabidopsis thaliana]
NP_001319086.1,NP_001319086,False,False,False,0.844,antimicrobial,False,NP_001319086.1 Seven transmembrane MLO family protein [Arabidopsis thaliana]
NP_001319211.1,NP_001319211,False,False,False,0.393,cell_death_HR,False,NP_001319211.1 purple acid phosphatase 5 [Arabidopsis thaliana]
NP_001319213.1,NP_001319213,True,True,True,1.816,NBS_LRR,True,NP_001319213.1 Disease resistance protein (CC-NBS-LRR class) family [Arabidopsis thaliana]
NP_001319225.1,NP_001319225,False,False,False,0.509,RLK_defense,False,NP_001319225.1 Protein of unknown function (PD694200) [Arabidopsis thaliana]
NP_001319256.1,NP_001319256,False,False,False,0.958,NBS_LRR,False,NP_001319256.1 Tetratricopeptide repeat (TPR)-like superfamily protein [Arabidopsis thaliana]
NP_001319265.1,NP_001319265,True,True,True,2.062,NBS_LRR,True,NP_001319265.1 Disease resistance protein (CC-NBS-LRR class) family [Arabidopsis thaliana]
NP_001319266.1,NP_001319266,True,True,True,2.161,NBS_LRR,True,NP_001319266.1 Disease resistance protein (CC-NBS-LRR class) family [Arabidopsis thaliana]
NP_001319267.1,NP_001319267,True,True,True,1.939,NBS_LRR,True,NP_001319267.1 Disease resistance protein (CC-NBS-LRR class) family [Arabidopsis thaliana]
NP_001319285.1,NP_001319285,False,False,False,0.85,defense_signaling,False,NP_001319285.1 Seven transmembrane MLO family protein [Arabidopsis thaliana]
NP_001319464.1,NP_001319464,False,False,False,0.803,defense_signaling,False,NP_001319464.1 ARM repeat superfamily protein [Arabidopsis thaliana]
NP_001319465.1,NP_001319465,True,True,True,1.838,NBS_LRR,True,NP_001319465.1 Disease resistance protein (TIR-NBS class) [Arabidopsis thaliana]
NP_001319503.1,NP_001319503,False,False,False,0.972,antimicrobial,False,NP_001319503.1 ARM repeat superfamily protein [Arabidopsis thaliana]
NP_001319549.1,NP_001319549,True,True,True,2.292,NBS_LRR,True,NP_001319549.1 NB-ARC domain-containing disease resistance protein [Arabidopsis thaliana]
NP_001319561.1,NP_001319561,True,True,True,1.718,NBS_LRR,False,NP_001319561.1 P-loop containing nucleoside triphosphate hydrolases superfamily protein [Arabidopsis thaliana]
NP_001319574.1,NP_001319574,False,False,False,-0.646,cell_death_HR,False,NP_001319574.1 heat stable protein 1 [Arabidopsis thaliana]
NP_001319606.1,NP_001319606,False,False,False,1.306,cell_death_HR,True,NP_001319606.1 MAP kinase kinase 5 [Arabidopsis thaliana]
NP_001319642.1,NP_001319642,True,True,True,1.885,NBS_LRR,True,NP_001319642.1 disease resistance protein (TIR-NBS-LRR class) family protein [Arabidopsis thaliana]
NP_001319672.1,NP_001319672,True,False,False,1.397,antimicrobial,True,NP_001319672.1 Methylenetetrahydrofolate reductase family protein [Arabidopsis thaliana]
NP_001319689.1,NP_001319689,True,True,False,1.715,RLK_defense,True,NP_001319689.1 LOW protein: L-type lectin-domain receptor kinase-like protein [Arabidopsis thaliana]
NP_001319772.1,NP_001319772,False,False,False,0.832,cell_death_HR,False,NP_001319772.1 UBP1-associated protein 2A [Arabidopsis thaliana]
NP_001319784.1,NP_001319784,False,False,False,1.432,NBS_LRR,True,NP_001319784.1 Protein kinase superfamily protein [Arabidopsis thaliana]
NP_001319792.1,NP_001319792,False,False,False,0.773,NBS_LRR,False,NP_001319792.1 RESTRICTED TEV MOVEMENT 3 [Arabidopsis thaliana]
NP_001319837.1,NP_001319837,False,True,False,1.355,NBS_LRR,True,NP_001319837.1 Protein kinase superfamily protein [Arabidopsis thaliana]
NP_001319878.1,NP_001319878,False,False,False,0.544,defense_signaling,False,NP_001319878.1 Chaperone DnaJ-domain superfamily protein [Arabidopsis thaliana]
NP_001319894.1,NP_001319894,False,False,False,0.548,defense_signaling,False,NP_001319894.1 low-molecular-weight cysteine-rich 2 [Arabidopsis thaliana]
NP_001319904.1,NP_001319904,True,True,False,1.658,RLK_defense,True,NP_001319904.1 cysteine-rich RLK (RECEPTOR-like protein kinase) 34 [Arabidopsis thaliana]
NP_001319926.1,NP_001319926,False,False,False,0.408,defense_signaling,True,NP_001319926.1 defensin-like protein [Arabidopsis thaliana]
NP_001319937.1,NP_001319937,True,True,True,1.948,NBS_LRR,True,NP_001319937.1 Disease resistance protein (TIR-NBS-LRR class) family [Arabidopsis thaliana]
NP_001319960.1,NP_001319960,False,False,False,0.739,PR_proteins,False,NP_001319960.1 Cystatin/monellin superfamily protein [Arabidopsis thaliana]
NP_001319970.1,NP_001319970,True,True,True,2.085,NBS_LRR,True,NP_001319970.1 TIR-NBS-LRR class disease resistance protein [Arabidopsis thaliana]
NP_001319971.1,NP_001319971,True,True,True,2.301,NBS_LRR,True,NP_001319971.1 disease resistance protein (TIR-NBS-LRR class) [Arabidopsis thaliana]
NP_001319972.1,NP_001319972,False,True,True,1.478,NBS_LRR,True,NP_001319972.1 disease resistance protein (TIR-NBS class) [Arabidopsis thaliana]
NP_001319973.1,NP_001319973,False,True,True,1.096,NBS_LRR,True,NP_001319973.1 disease resistance protein (TIR-NBS class) [Arabidopsis thaliana]
NP_001319992.1,NP_001319992,False,False,False,0.543,RLK_defense,False,NP_001319992.1 low-molecular-weight cysteine-rich 7 [Arabidopsis thaliana]
NP_001319993.1,NP_001319993,False,False,False,0.599,cell_death_HR,True,NP_001319993.1 ENHANCED DISEASE RESISTANCE 2 [Arabidopsis thaliana]
NP_001320019.1,NP_001320019,True,True,False,1.664,RLK_defense,True,NP_001320019.1 cysteine-rich RLK (RECEPTOR-like protein kinase) 28 [Arabidopsis thaliana]
NP_001320040.1,NP_001320040,True,True,False,1.6,RLK_defense,True,NP_001320040.1 cysteine-rich RLK (RECEPTOR-like protein kinase) 12 [Arabidopsis thaliana]
NP_001320041.1,NP_001320041,True,True,False,1.599,NBS_LRR,True,NP_001320041.1 cysteine-rich RLK (RECEPTOR-like protein kinase) 16 [Arabidopsis thaliana]
NP_001320042.1,NP_001320042,True,True,False,1.617,RLK_defense,True,NP_001320042.1 cysteine-rich receptor-like protein kinase 17 [Arabidopsis thaliana]
NP_001320043.1,NP_001320043,True,True,False,1.615,RLK_defense,True,NP_001320043.1 cysteine-rich RLK (RECEPTOR-like protein kinase) 18 [Arabidopsis thaliana]
NP_001320044.1,NP_001320044,True,True,False,1.632,RLK_defense,True,NP_001320044.1 cysteine-rich RLK (RECEPTOR-like protein kinase) 20 [Arabidopsis thaliana]
NP_001320049.1,NP_001320049,False,True,False,1.092,NBS_LRR,True,NP_001320049.1 Toll-Interleukin-Resistance (TIR) domain family protein [Arabidopsis thaliana]
NP_001320081.1,NP_001320081,False,True,False,1.522,RLK_defense,True,NP_001320081.1 Concanavalin A-like lectin protein kinase family protein [Arabidopsis thaliana]
NP_001320090.1,NP_001320090,True,False,False,1.478,PR_proteins,True,NP_001320090.1 Barwin-related endoglucanase [Arabidopsis thaliana]
NP_001320110.1,NP_001320110,False,True,False,0.694,defense_signaling,True,NP_001320110.1 WRKY DNA-binding protein 18 [Arabidopsis thaliana]
NP_001320123.1,NP_001320123,True,True,True,2.082,NBS_LRR,False,NP_001320123.1 ADR1-like 1 [Arabidopsis thaliana]
NP_001320287.1,NP_001320287,False,False,False,0.559,defense_signaling,False,NP_001320287.1 tyrosylprotein sulfotransferase [Arabidopsis thaliana]
NP_001320315.1,NP_001320315,False,False,False,0.658,defense_signaling,False,NP_001320315.1 topoisomerase II-associated protein [Arabidopsis thaliana]
NP_001320323.1,NP_001320323,True,True,True,1.946,NBS_LRR,True,NP_001320323.1 Disease resistance protein (CC-NBS-LRR class) family [Arabidopsis thaliana]
NP_001320330.1,NP_001320330,False,False,False,0.742,NBS_LRR,False,NP_001320330.1 WWE protein-protein interaction domain protein family [Arabidopsis thaliana]
NP_001320331.1,NP_001320331,False,False,False,0.742,NBS_LRR,False,NP_001320331.1 WWE protein-protein interaction domain protein family [Arabidopsis thaliana]
NP_001320332.1,NP_001320332,False,False,False,0.742,NBS_LRR,False,NP_001320332.1 WWE protein-protein interaction domain protein family [Arabidopsis thaliana]
NP_001320333.1,NP_001320333,False,True,False,0.94,cell_death_HR,False,NP_001320333.1 lsd one like 1 [Arabidopsis thaliana]
NP_001320335.1,NP_001320335,False,True,False,0.94,cell_death_HR,False,NP_001320335.1 lsd one like 1 [Arabidopsis thaliana]
NP_001320358.1,NP_001320358,False,False,False,0.874,PR_proteins,False,NP_001320358.1 Seven transmembrane MLO family protein [Arabidopsis thaliana]
NP_001320422.1,NP_001320422,False,True,False,1.265,RLK_defense,True,NP_001320422.1 Protein kinase superfamily protein [Arabidopsis thaliana]
NP_001320487.1,NP_001320487,False,True,False,1.518,NBS_LRR,True,NP_001320487.1 S-locus lectin protein kinase family protein [Arabidopsis thaliana]
NP_001320608.1,NP_001320608,False,True,False,1.511,RLK_defense,True,NP_001320608.1 Protein kinase superfamily protein [Arabidopsis thaliana]
NP_001320706.1,NP_001320706,False,False,False,0.777,cell_death_HR,False,NP_001320706.1 ERD (early-responsive to dehydration stress) family protein [Arabidopsis thaliana]
NP_001320870.1,NP_001320870,False,False,False,0.993,antimicrobial,True,NP_001320870.1 Phosphoribulokinase / Uridine kinase family [Arabidopsis thaliana]
NP_001320871.1,NP_001320871,False,False,False,0.993,antimicrobial,True,NP_001320871.1 Phosphoribulokinase / Uridine kinase family [Arabidopsis thaliana]
NP_001320915.1,NP_001320915,False,False,False,1.042,cell_death_HR,False,NP_001320915.1 Seven transmembrane MLO family protein [Arabidopsis thaliana]
NP_001320916.1,NP_001320916,False,False,False,0.968,cell_death_HR,False,NP_001320916.1 Seven transmembrane MLO family protein [Arabidopsis thaliana]
NP_001320978.1,NP_001320978,False,False,False,0.742,NBS_LRR,False,NP_001320978.1 Mannose-binding lectin superfamily protein [Arabidopsis thaliana]
NP_001321031.1,NP_001321031,False,False,False,0.917,cell_death_HR,False,NP_001321031.1 Prolyl oligopeptidase family protein [Arabidopsis thaliana]
NP_001321086.1,NP_001321086,False,False,False,0.473,defense_signaling,False,NP_001321086.1 VQ motif-containing protein [Arabidopsis thaliana]
NP_001321210.1,NP_001321210,True,True,False,0.959,defense_signaling,True,NP_001321210.1 Protein kinase superfamily protein [Arabidopsis thaliana]
NP_001321340.1,NP_001321340,False,False,False,0.729,PR_proteins,True,NP_001321340.1 plant defensin 1.5 [Arabidopsis thaliana]
NP_001321370.1,NP_001321370,True,True,False,1.607,NBS_LRR,False,NP_001321370.1 S-domain-1 29 [Arabidopsis thaliana]
NP_001321385.1,NP_001321385,True,True,True,2.165,NBS_LRR,False,NP_001321385.1 RPS5-like 1 [Arabidopsis thaliana]
NP_001321386.1,NP_001321386,True,True,True,2.165,NBS_LRR,False,NP_001321386.1 RPS5-like 1 [Arabidopsis thaliana]
NP_001321801.1,NP_001321801,False,False,False,0.133,defense_signaling,False,NP_001321801.1 uncharacterized protein AT1G67865 [Arabidopsis thaliana]
NP_001321940.1,NP_001321940,True,True,False,1.602,NBS_LRR,True,NP_001321940.1 G-type lectin S-receptor-like Serine/Threonine-kinase [Arabidopsis thaliana]
NP_001322027.1,NP_001322027,False,False,False,0.897,antimicrobial,False,NP_001322027.1 Seven transmembrane MLO family protein [Arabidopsis thaliana]
NP_001322169.1,NP_001322169,False,False,False,1.042,NBS_LRR,False,NP_001322169.1 glutamate receptor 3.3 [Arabidopsis thaliana]
NP_001322170.1,NP_001322170,False,False,False,1.042,NBS_LRR,False,NP_001322170.1 glutamate receptor 3.3 [Arabidopsis thaliana]
NP_001322203.1,NP_001322203,True,True,True,1.896,NBS_LRR,True,NP_001322203.1 NB-ARC domain-containing disease resistance protein [Arabidopsis thaliana]
NP_001322204.1,NP_001322204,True,True,True,1.784,NBS_LRR,True,NP_001322204.1 NB-ARC domain-containing disease resistance protein [Arabidopsis thaliana]
NP_001322205.1,NP_001322205,True,True,True,1.784,NBS_LRR,True,NP_001322205.1 NB-ARC domain-containing disease resistance protein [Arabidopsis thaliana]
NP_001322306.1,NP_001322306,False,False,False,1.05,PR_proteins,False,NP_001322306.1 ARGONAUTE 3 [Arabidopsis thaliana]
NP_001322307.1,NP_001322307,False,False,False,1.02,PR_proteins,False,NP_001322307.1 ARGONAUTE 3 [Arabidopsis thaliana]
NP_001322571.1,NP_001322571,True,True,True,2.152,NBS_LRR,True,NP_001322571.1 LRR and NB-ARC domains-containing disease resistance protein [Arabidopsis thaliana]
NP_001322614.1,NP_001322614,False,False,False,0.913,antimicrobial,False,NP_001322614.1 Seven transmembrane MLO family protein [Arabidopsis thaliana]
NP_001322615.1,NP_001322615,False,False,False,0.913,antimicrobial,False,NP_001322615.1 Seven transmembrane MLO family protein [Arabidopsis thaliana]
NP_001322616.1,NP_001322616,False,False,False,0.912,antimicrobial,False,NP_001322616.1 Seven transmembrane MLO family protein [Arabidopsis thaliana]
NP_001322617.1,NP_001322617,False,False,False,0.913,antimicrobial,False,NP_001322617.1 Seven transmembrane MLO family protein [Arabidopsis thaliana]
NP_001322618.1,NP_001322618,False,False,False,0.912,antimicrobial,False,NP_001322618.1 Seven transmembrane MLO family protein [Arabidopsis thaliana]
NP_001322619.1,NP_001322619,False,False,False,0.944,antimicrobial,False,NP_001322619.1 Seven transmembrane MLO family protein [Arabidopsis thaliana]
NP_001322686.1,NP_001322686,False,False,False,0.867,defense_signaling,False,"NP_001322686.1 Polynucleotidyl transferase, ribonuclease H-like superfamily protein [Arabidopsis thaliana]"
NP_001322708.1,NP_001322708,False,False,False,1.196,cell_death_HR,True,NP_001322708.1 bifunctional nuclease in basal defense response 1 [Arabidopsis thaliana]
NP_001322741.1,NP_001322741,False,True,False,1.452,NBS_LRR,False,NP_001322741.1 receptor like protein 1 [Arabidopsis thaliana]
NP_001322856.1,NP_001322856,False,False,False,0.088,defense_signaling,False,NP_001322856.1 zinc ion binding protein [Arabidopsis thaliana]
NP_001322914.1,NP_001322914,True,True,True,2.144,NBS_LRR,True,NP_001322914.1 Disease resistance protein (CC-NBS-LRR class) family [Arabidopsis thaliana]
NP_001323034.1,NP_001323034,False,False,False,0.262,defense_signaling,False,NP_001323034.1 uncharacterized protein AT1G17780 [Arabidopsis thaliana]
NP_001323035.1,NP_001323035,False,False,False,0.262,defense_signaling,False,NP_001323035.1 uncharacterized protein AT1G17780 [Arabidopsis thaliana]
NP_001323155.1,NP_001323155,True,True,True,1.894,NBS_LRR,True,NP_001323155.1 Disease resistance protein (CC-NBS-LRR class) family [Arabidopsis thaliana]
NP_001323213.1,NP_001323213,True,True,True,2.14,NBS_LRR,True,NP_001323213.1 Disease resistance protein (CC-NBS-LRR class) family [Arabidopsis thaliana]
NP_001323309.1,NP_001323309,True,True,True,1.939,NBS_LRR,True,NP_001323309.1 Disease resistance protein (CC-NBS-LRR class) family [Arabidopsis thaliana]
NP_001323365.1,NP_001323365,False,True,False,1.5,RLK_defense,True,NP_001323365.1 Protein kinase superfamily protein [Arabidopsis thaliana]
NP_001323381.1,NP_001323381,True,False,True,1.36,PR_proteins,False,NP_001323381.1 O-Glycosyl hydrolases family 17 protein [Arabidopsis thaliana]
NP_001323397.1,NP_001323397,False,False,False,0.552,defense_signaling,False,NP_001323397.1 vascular related NAC-domain protein 7 [Arabidopsis thaliana]
NP_001323480.1,NP_001323480,False,False,False,0.729,cell_death_HR,False,NP_001323480.1 glutathione S-transferase phi 8 [Arabidopsis thaliana]
NP_001323490.1,NP_001323490,True,True,False,1.658,RLK_defense,True,NP_001323490.1 Concanavalin A-like lectin protein kinase family protein [Arabidopsis thaliana]
NP_001323949.1,NP_001323949,False,False,False,1.31,cell_death_HR,False,NP_001323949.1 phosphatidic acid phosphatase 1 [Arabidopsis thaliana]
NP_001323950.1,NP_001323950,True,False,False,1.451,cell_death_HR,False,NP_001323950.1 phosphatidic acid phosphatase 1 [Arabidopsis thaliana]
NP_001323954.1,NP_001323954,False,False,False,0.333,NBS_LRR,False,"NP_001323954.1 cytochrome P450, family 79, subfamily B, polypeptide 3 [Arabidopsis thaliana]"
NP_001324219.1,NP_001324219,True,True,True,1.755,RLK_defense,True,NP_001324219.1 somatic embryogenesis receptor-like kinase 5 [Arabidopsis thaliana]
NP_001324220.1,NP_001324220,True,True,True,1.755,RLK_defense,True,NP_001324220.1 somatic embryogenesis receptor-like kinase 5 [Arabidopsis thaliana]
NP_001324409.1,NP_001324409,True,True,False,1.678,RLK_defense,True,NP_001324409.1 Concanavalin A-like lectin protein kinase family protein [Arabidopsis thaliana]
NP_001324410.1,NP_001324410,True,True,False,1.678,RLK_defense,True,NP_001324410.1 Concanavalin A-like lectin protein kinase family protein [Arabidopsis thaliana]
NP_001324411.1,NP_001324411,True,True,False,1.678,RLK_defense,True,NP_001324411.1 Concanavalin A-like lectin protein kinase family protein [Arabidopsis thaliana]
NP_001324412.1,NP_001324412,True,True,False,1.678,RLK_defense,True,NP_001324412.1 Concanavalin A-like lectin protein kinase family protein [Arabidopsis thaliana]
NP_001324428.1,NP_001324428,False,False,False,1.103,RLK_defense,True,NP_001324428.1 CHASE domain containing histidine kinase protein [Arabidopsis thaliana]
NP_001324429.1,NP_001324429,False,False,False,1.103,RLK_defense,True,NP_001324429.1 CHASE domain containing histidine kinase protein [Arabidopsis thaliana]
NP_001324441.1,NP_001324441,False,False,False,0.048,defense_signaling,False,NP_001324441.1 uv-b-insensitive 4 [Arabidopsis thaliana]
NP_001324486.1,NP_001324486,False,False,False,1.148,NBS_LRR,False,NP_001324486.1 cyclic nucleotide-gated channel 12 [Arabidopsis thaliana]
NP_001324651.1,NP_001324651,False,False,False,0.69,defense_signaling,False,NP_001324651.1 Calcium-dependent lipid-binding (CaLB domain) family protein [Arabidopsis thaliana]
NP_001324724.1,NP_001324724,False,False,False,1.144,antimicrobial,False,NP_001324724.1 NAD-dependent glycerol-3-phosphate dehydrogenase family protein [Arabidopsis thaliana]
NP_001324937.1,NP_001324937,False,True,False,1.466,RLK_defense,True,NP_001324937.1 Protein kinase superfamily protein [Arabidopsis thaliana]
NP_001324938.1,NP_001324938,False,True,False,1.466,RLK_defense,True,NP_001324938.1 Protein kinase superfamily protein [Arabidopsis thaliana]
NP_001324939.1,NP_001324939,False,True,False,1.466,RLK_defense,True,NP_001324939.1 Protein kinase superfamily protein [Arabidopsis thaliana]
NP_001324940.1,NP_001324940,False,True,False,1.466,RLK_defense,True,NP_001324940.1 Protein kinase superfamily protein [Arabidopsis thaliana]
NP_001324941.1,NP_001324941,False,True,False,1.466,RLK_defense,True,NP_001324941.1 Protein kinase superfamily protein [Arabidopsis thaliana]
NP_001324942.1,NP_001324942,False,True,False,1.466,RLK_defense,True,NP_001324942.1 Protein kinase superfamily protein [Arabidopsis thaliana]
NP_001324943.1,NP_001324943,False,True,False,1.466,RLK_defense,True,NP_001324943.1 Protein kinase superfamily protein [Arabidopsis thaliana]
NP_001324944.1,NP_001324944,False,True,False,1.466,RLK_defense,True,NP_001324944.1 Protein kinase superfamily protein [Arabidopsis thaliana]
NP_001324945.1,NP_001324945,False,True,False,1.466,RLK_defense,True,NP_001324945.1 Protein kinase superfamily protein [Arabidopsis thaliana]
NP_001324946.1,NP_001324946,False,True,False,1.466,RLK_defense,True,NP_001324946.1 Protein kinase superfamily protein [Arabidopsis thaliana]
NP_001324947.1,NP_001324947,False,True,False,1.466,RLK_defense,True,NP_001324947.1 Protein kinase superfamily protein [Arabidopsis thaliana]
NP_001324948.1,NP_001324948,False,True,False,1.466,RLK_defense,True,NP_001324948.1 Protein kinase superfamily protein [Arabidopsis thaliana]
NP_001324949.1,NP_001324949,False,True,False,1.466,RLK_defense,True,NP_001324949.1 Protein kinase superfamily protein [Arabidopsis thaliana]
NP_001324950.1,NP_001324950,False,True,False,1.466,RLK_defense,True,NP_001324950.1 Protein kinase superfamily protein [Arabidopsis thaliana]
NP_001325073.1,NP_001325073,False,True,False,1.497,NBS_LRR,False,NP_001325073.1 receptor like protein 21 [Arabidopsis thaliana]
NP_001325272.1,NP_001325272,False,False,False,0.817,antimicrobial,False,NP_001325272.1 Glucose-1-phosphate adenylyltransferase family protein [Arabidopsis thaliana]
NP_001325297.1,NP_001325297,False,False,False,0.744,defense_signaling,True,NP_001325297.1 WRKY DNA-binding protein 60 [Arabidopsis thaliana]
NP_001325298.1,NP_001325298,False,False,False,0.744,defense_signaling,True,NP_001325298.1 WRKY DNA-binding protein 60 [Arabidopsis thaliana]
NP_001325299.1,NP_001325299,False,False,False,0.735,defense_signaling,True,NP_001325299.1 WRKY DNA-binding protein 60 [Arabidopsis thaliana]
NP_001325347.1,NP_001325347,False,True,False,0.534,defense_signaling,False,NP_001325347.1 P-loop containing nucleoside triphosphate hydrolases superfamily protein [Arabidopsis thaliana]
NP_001325405.1,NP_001325405,False,False,False,0.531,defense_signaling,False,NP_001325405.1 indeterminate(ID)-domain 4 [Arabidopsis thaliana]
NP_001325406.1,NP_001325406,False,False,False,0.531,defense_signaling,False,NP_001325406.1 indeterminate(ID)-domain 4 [Arabidopsis thaliana]
NP_001325407.1,NP_001325407,False,False,False,0.531,defense_signaling,False,NP_001325407.1 indeterminate(ID)-domain 4 [Arabidopsis thaliana]
NP_001325423.1,NP_001325423,False,False,False,0.17,defense_signaling,False,NP_001325423.1 sigma factor binding protein 1 [Arabidopsis thaliana]
NP_001325615.1,NP_001325615,False,False,False,0.652,defense_signaling,False,NP_001325615.1 Ggamma-subunit 1 [Arabidopsis thaliana]
NP_001325830.1,NP_001325830,False,True,False,1.487,NBS_LRR,True,NP_001325830.1 Protein kinase superfamily protein [Arabidopsis thaliana]
NP_001325969.1,NP_001325969,False,False,False,0.832,cell_death_HR,False,NP_001325969.1 UBP1-associated protein 2A [Arabidopsis thaliana]
NP_001325970.1,NP_001325970,False,False,False,0.832,cell_death_HR,False,NP_001325970.1 UBP1-associated protein 2A [Arabidopsis thaliana]
NP_001325971.1,NP_001325971,False,False,False,0.832,cell_death_HR,False,NP_001325971.1 UBP1-associated protein 2A [Arabidopsis thaliana]
NP_001325972.1,NP_001325972,False,False,False,0.832,cell_death_HR,False,NP_001325972.1 UBP1-associated protein 2A [Arabidopsis thaliana]
NP_001325973.1,NP_001325973,False,False,False,0.832,cell_death_HR,False,NP_001325973.1 UBP1-associated protein 2A [Arabidopsis thaliana]
NP_001326011.1,NP_001326011,False,True,False,1.502,RLK_defense,True,NP_001326011.1 Protein kinase superfamily protein [Arabidopsis thaliana]
NP_001326019.1,NP_001326019,False,False,False,0.793,PR_proteins,False,NP_001326019.1 TGACG motif-binding factor 6 [Arabidopsis thaliana]
NP_001326020.1,NP_001326020,False,False,False,0.793,PR_proteins,False,NP_001326020.1 TGACG motif-binding factor 6 [Arabidopsis thaliana]
NP_001326087.1,NP_001326087,False,True,False,1.406,NBS_LRR,False,NP_001326087.1 receptor like protein 34 [Arabidopsis thaliana]
NP_001326132.1,NP_001326132,False,False,False,0.972,antimicrobial,False,NP_001326132.1 ARM repeat superfamily protein [Arabidopsis thaliana]
NP_001326175.1,NP_001326175,False,False,False,0.056,defense_signaling,False,NP_001326175.1 uncharacterized protein AT3G13437 [Arabidopsis thaliana]
NP_001326185.1,NP_001326185,False,False,False,0.902,antimicrobial,False,NP_001326185.1 AIG2-like (avirulence induced gene) family protein [Arabidopsis thaliana]
NP_001326316.1,NP_001326316,True,False,False,1.016,antimicrobial,False,NP_001326316.1 protein FLOWERING locus D-like protein [Arabidopsis thaliana]
NP_001326369.1,NP_001326369,False,False,False,1.092,NBS_LRR,False,NP_001326369.1 glutamate receptor 3.6 [Arabidopsis thaliana]
NP_001326412.1,NP_001326412,False,True,False,1.496,RLK_defense,True,NP_001326412.1 Protein kinase superfamily protein [Arabidopsis thaliana]
NP_001326419.1,NP_001326419,False,True,True,1.263,NBS_LRR,True,NP_001326419.1 Disease resistance protein (TIR-NBS-LRR class) family [Arabidopsis thaliana]
NP_001326420.1,NP_001326420,False,True,True,1.263,NBS_LRR,True,NP_001326420.1 Disease resistance protein (TIR-NBS-LRR class) family [Arabidopsis thaliana]
NP_001326421.1,NP_001326421,False,True,True,1.263,NBS_LRR,True,NP_001326421.1 Disease resistance protein (TIR-NBS-LRR class) family [Arabidopsis thaliana]
NP_001326422.1,NP_001326422,False,True,True,1.263,NBS_LRR,True,NP_001326422.1 Disease resistance protein (TIR-NBS-LRR class) family [Arabidopsis thaliana]
NP_001326457.1,NP_001326457,False,False,False,0.803,defense_signaling,False,NP_001326457.1 ARM repeat superfamily protein [Arabidopsis thaliana]
NP_001326458.1,NP_001326458,False,False,False,0.803,defense_signaling,False,NP_001326458.1 ARM repeat superfamily protein [Arabidopsis thaliana]
NP_001326498.1,NP_001326498,True,True,True,1.885,NBS_LRR,True,NP_001326498.1 disease resistance protein (TIR-NBS-LRR class) family protein [Arabidopsis thaliana]
NP_001326520.1,NP_001326520,False,False,False,1.086,antimicrobial,False,NP_001326520.1 Protein phosphatase 2A regulatory B subunit family protein [Arabidopsis thaliana]
NP_001326521.1,NP_001326521,False,False,False,0.432,defense_signaling,True,NP_001326521.1 proline-rich receptor-like kinase [Arabidopsis thaliana]
NP_001326539.1,NP_001326539,False,True,False,1.435,NBS_LRR,True,NP_001326539.1 lectin protein kinase family protein [Arabidopsis thaliana]
NP_001326543.1,NP_001326543,False,True,False,1.465,RLK_defense,True,NP_001326543.1 lectin protein kinase family protein [Arabidopsis thaliana]
NP_001326548.1,NP_001326548,True,True,True,1.949,NBS_LRR,True,NP_001326548.1 Disease resistance protein (TIR-NBS-LRR class) family [Arabidopsis thaliana]
NP_001326549.1,NP_001326549,True,True,True,1.949,NBS_LRR,True,NP_001326549.1 Disease resistance protein (TIR-NBS-LRR class) family [Arabidopsis thaliana]
NP_001326550.1,NP_001326550,True,True,True,1.949,NBS_LRR,True,NP_001326550.1 Disease resistance protein (TIR-NBS-LRR class) family [Arabidopsis thaliana]
NP_001326585.1,NP_001326585,True,True,False,1.704,RLK_defense,True,NP_001326585.1 Concanavalin A-like lectin protein kinase family protein [Arabidopsis thaliana]
NP_001326586.1,NP_001326586,True,True,False,1.704,RLK_defense,True,NP_001326586.1 Concanavalin A-like lectin protein kinase family protein [Arabidopsis thaliana]
NP_001326643.1,NP_001326643,False,False,False,1.319,RLK_defense,True,NP_001326643.1 Concanavalin A-like lectin protein kinase family protein [Arabidopsis thaliana]
NP_001326835.1,NP_001326835,False,False,False,1.193,cell_death_HR,False,NP_001326835.1 Protein phosphatase 2A regulatory B subunit family protein [Arabidopsis thaliana]
NP_001326836.1,NP_001326836,False,False,False,1.193,cell_death_HR,False,NP_001326836.1 Protein phosphatase 2A regulatory B subunit family protein [Arabidopsis thaliana]
NP_001326916.1,NP_001326916,True,False,True,1.502,PR_proteins,False,NP_001326916.1 O-Glycosyl hydrolases family 17 protein [Arabidopsis thaliana]
NP_001326917.1,NP_001326917,True,False,True,1.502,PR_proteins,False,NP_001326917.1 O-Glycosyl hydrolases family 17 protein [Arabidopsis thaliana]
NP_001327068.1,NP_001327068,False,False,False,0.946,cell_death_HR,False,NP_001327068.1 RNA-binding (RRM/RBD/RNP motifs) family protein [Arabidopsis thaliana]
NP_001327086.1,NP_001327086,False,False,False,0.62,cell_death_HR,False,NP_001327086.1 ADP-ribosylation factor-like A1C [Arabidopsis thaliana]
NP_001327107.1,NP_001327107,False,False,False,0.099,defense_signaling,False,NP_001327107.1 jasmonate-zim-domain protein 3 [Arabidopsis thaliana]
NP_001327198.1,NP_001327198,False,False,False,1.177,antimicrobial,False,NP_001327198.1 HOPM interactor 7 [Arabidopsis thaliana]
NP_001327204.1,NP_001327204,False,False,False,0.937,antimicrobial,False,NP_001327204.1 Aldolase-type TIM barrel family protein [Arabidopsis thaliana]
NP_001327206.1,NP_001327206,False,False,False,1.042,antimicrobial,False,NP_001327206.1 Aldolase-type TIM barrel family protein [Arabidopsis thaliana]
NP_001327270.1,NP_001327270,False,False,False,1.023,antimicrobial,False,NP_001327270.1 Aldolase-type TIM barrel family protein [Arabidopsis thaliana]
NP_001327271.1,NP_001327271,False,False,False,0.98,antimicrobial,False,NP_001327271.1 Aldolase-type TIM barrel family protein [Arabidopsis thaliana]
NP_001327272.1,NP_001327272,False,False,False,0.98,antimicrobial,False,NP_001327272.1 Aldolase-type TIM barrel family protein [Arabidopsis thaliana]
NP_001327273.1,NP_001327273,False,False,False,1.023,antimicrobial,False,NP_001327273.1 Aldolase-type TIM barrel family protein [Arabidopsis thaliana]
NP_001327274.1,NP_001327274,False,False,False,0.98,antimicrobial,False,NP_001327274.1 Aldolase-type TIM barrel family protein [Arabidopsis thaliana]
NP_001327290.1,NP_001327290,False,False,False,0.351,antimicrobial,False,NP_001327290.1 actin depolymerizing factor 2 [Arabidopsis thaliana]
NP_001327594.1,NP_001327594,True,True,True,1.8,NBS_LRR,True,NP_001327594.1 Disease resistance protein (TIR-NBS-LRR class) family [Arabidopsis thaliana]
NP_001327617.1,NP_001327617,False,False,False,1.175,antimicrobial,False,NP_001327617.1 RNA-dependent RNA polymerase 6 [Arabidopsis thaliana]
NP_001327618.1,NP_001327618,False,False,False,1.175,antimicrobial,False,NP_001327618.1 RNA-dependent RNA polymerase 6 [Arabidopsis thaliana]
NP_001327619.1,NP_001327619,False,False,False,1.175,antimicrobial,False,NP_001327619.1 RNA-dependent RNA polymerase 6 [Arabidopsis thaliana]
NP_001327620.1,NP_001327620,False,False,False,1.175,antimicrobial,False,NP_001327620.1 RNA-dependent RNA polymerase 6 [Arabidopsis thaliana]
NP_001327751.1,NP_001327751,False,False,False,0.624,defense_signaling,False,NP_001327751.1 autophagy 2 [Arabidopsis thaliana]
NP_001327752.1,NP_001327752,False,False,False,0.624,defense_signaling,False,NP_001327752.1 autophagy 2 [Arabidopsis thaliana]
NP_001327784.1,NP_001327784,True,True,False,1.697,NBS_LRR,True,NP_001327784.1 TIR-NBS-LRR class disease resistance protein [Arabidopsis thaliana]
NP_001327846.1,NP_001327846,False,True,False,1.399,NBS_LRR,False,NP_001327846.1 RNI-like superfamily protein [Arabidopsis thaliana]
NP_001327866.1,NP_001327866,True,True,False,1.697,RLK_defense,True,NP_001327866.1 Concanavalin A-like lectin protein kinase family protein [Arabidopsis thaliana]
NP_001327868.1,NP_001327868,True,True,False,1.697,RLK_defense,True,NP_001327868.1 Concanavalin A-like lectin protein kinase family protein [Arabidopsis thaliana]
NP_001328008.1,NP_001328008,False,False,False,0.666,RLK_defense,False,NP_001328008.1 31-kDa RNA binding protein [Arabidopsis thaliana]
NP_001328019.1,NP_001328019,True,True,True,2.176,NBS_LRR,True,NP_001328019.1 Disease resistance protein (TIR-NBS-LRR class) family [Arabidopsis thaliana]
NP_001328020.1,NP_001328020,True,True,True,2.178,NBS_LRR,True,NP_001328020.1 Disease resistance protein (TIR-NBS-LRR class) family [Arabidopsis thaliana]
NP_001328021.1,NP_001328021,True,True,True,2.178,NBS_LRR,True,NP_001328021.1 Disease resistance protein (TIR-NBS-LRR class) family [Arabidopsis thaliana]
NP_001328022.1,NP_001328022,True,True,True,2.176,NBS_LRR,True,NP_001328022.1 Disease resistance protein (TIR-NBS-LRR class) family [Arabidopsis thaliana]
NP_001328027.1,NP_001328027,True,True,False,1.046,defense_signaling,True,NP_001328027.1 NPR1-like protein 4 [Arabidopsis thaliana]
NP_001328177.1,NP_001328177,True,True,False,1.636,RLK_defense,True,NP_001328177.1 cysteine-rich RLK (RECEPTOR-like protein kinase) 20 [Arabidopsis thaliana]
NP_001328189.1,NP_001328189,False,True,False,0.883,antimicrobial,True,NP_001328189.1 MAP kinase/ ERK kinase 1 [Arabidopsis thaliana]
NP_001328190.1,NP_001328190,False,True,False,0.819,antimicrobial,True,NP_001328190.1 MAP kinase/ ERK kinase 1 [Arabidopsis thaliana]
NP_001328191.1,NP_001328191,False,False,False,1.321,NBS_LRR,False,NP_001328191.1 F-box and associated interaction domains-containing protein [Arabidopsis thaliana]
NP_001328289.1,NP_001328289,True,True,False,1.585,RLK_defense,True,NP_001328289.1 cysteine-rich RLK (RECEPTOR-like protein kinase) 39 [Arabidopsis thaliana]
NP_001328318.1,NP_001328318,False,False,False,1.165,PR_proteins,False,NP_001328318.1 pectin methylesterase 44 [Arabidopsis thaliana]
NP_001328329.1,NP_001328329,False,False,False,1.02,cell_death_HR,False,NP_001328329.1 RNA-binding (RRM/RBD/RNP motifs) family protein [Arabidopsis thaliana]
NP_001328330.1,NP_001328330,False,False,False,0.994,cell_death_HR,False,NP_001328330.1 RNA-binding (RRM/RBD/RNP motifs) family protein [Arabidopsis thaliana]
NP_001328443.1,NP_001328443,True,False,False,1.51,PR_proteins,True,NP_001328443.1 Barwin-related endoglucanase [Arabidopsis thaliana]
NP_001328446.1,NP_001328446,True,True,True,2.34,NBS_LRR,True,NP_001328446.1 Disease resistance protein (TIR-NBS-LRR class) [Arabidopsis thaliana]
NP_001328447.1,NP_001328447,True,True,True,2.351,NBS_LRR,True,NP_001328447.1 Disease resistance protein (TIR-NBS-LRR class) [Arabidopsis thaliana]
NP_001328448.1,NP_001328448,True,True,True,2.351,NBS_LRR,True,NP_001328448.1 Disease resistance protein (TIR-NBS-LRR class) [Arabidopsis thaliana]
NP_001328449.1,NP_001328449,True,True,True,2.351,NBS_LRR,True,NP_001328449.1 Disease resistance protein (TIR-NBS-LRR class) [Arabidopsis thaliana]
NP_001328457.1,NP_001328457,True,True,False,1.628,RLK_defense,True,NP_001328457.1 cysteine-rich RLK (RECEPTOR-like protein kinase) 41 [Arabidopsis thaliana]
NP_001328533.1,NP_001328533,False,False,False,0.718,defense_signaling,False,NP_001328533.1 RPM1 interacting protein 2 [Arabidopsis thaliana]
NP_001328538.1,NP_001328538,False,False,False,0.83,cell_death_HR,False,NP_001328538.1 HOPW1-1-interacting 2 [Arabidopsis thaliana]
NP_001328552.1,NP_001328552,False,False,False,1.066,cell_death_HR,True,NP_001328552.1 diacylglycerol kinase 7 [Arabidopsis thaliana]
NP_001328599.1,NP_001328599,True,False,True,1.479,PR_proteins,True,NP_001328599.1 THAUMATIN-LIKE PROTEIN 1 [Arabidopsis thaliana]
NP_001328605.1,NP_001328605,False,False,False,0.386,NBS_LRR,False,"NP_001328605.1 cytochrome P450, family 79, subfamily B, polypeptide 2 [Arabidopsis thaliana]"
NP_001328661.1,NP_001328661,True,True,True,2.17,NBS_LRR,True,NP_001328661.1 Disease resistance protein (TIR-NBS-LRR class) family [Arabidopsis thaliana]
NP_001328763.1,NP_001328763,False,False,False,0.88,antimicrobial,False,NP_001328763.1 Seven transmembrane MLO family protein [Arabidopsis thaliana]
NP_001328774.1,NP_001328774,False,True,False,1.508,RLK_defense,True,NP_001328774.1 S-locus lectin protein kinase family protein [Arabidopsis thaliana]
NP_001328966.1,NP_001328966,True,True,True,2.298,NBS_LRR,True,NP_001328966.1 Disease resistance protein (TIR-NBS-LRR class) family [Arabidopsis thaliana]
NP_001328967.1,NP_001328967,True,True,True,2.298,NBS_LRR,True,NP_001328967.1 Disease resistance protein (TIR-NBS-LRR class) family [Arabidopsis thaliana]
NP_001328968.1,NP_001328968,True,True,True,2.297,NBS_LRR,True,NP_001328968.1 Disease resistance protein (TIR-NBS-LRR class) family [Arabidopsis thaliana]
NP_001328969.1,NP_001328969,True,True,True,2.298,NBS_LRR,True,NP_001328969.1 Disease resistance protein (TIR-NBS-LRR class) family [Arabidopsis thaliana]
NP_001328970.1,NP_001328970,True,True,True,2.298,NBS_LRR,True,NP_001328970.1 Disease resistance protein (TIR-NBS-LRR class) family [Arabidopsis thaliana]
NP_001329036.1,NP_001329036,True,True,True,2.187,NBS_LRR,True,NP_001329036.1 Disease resistance protein (TIR-NBS-LRR class) family [Arabidopsis thaliana]
NP_001329037.1,NP_001329037,True,True,True,2.187,NBS_LRR,True,NP_001329037.1 Disease resistance protein (TIR-NBS-LRR class) family [Arabidopsis thaliana]
NP_001329038.1,NP_001329038,True,True,True,2.187,NBS_LRR,True,NP_001329038.1 Disease resistance protein (TIR-NBS-LRR class) family [Arabidopsis thaliana]
NP_001329039.1,NP_001329039,True,True,True,2.187,NBS_LRR,True,NP_001329039.1 Disease resistance protein (TIR-NBS-LRR class) family [Arabidopsis thaliana]
NP_001329040.1,NP_001329040,True,True,True,2.187,NBS_LRR,True,NP_001329040.1 Disease resistance protein (TIR-NBS-LRR class) family [Arabidopsis thaliana]
NP_001329041.1,NP_001329041,True,True,True,2.187,NBS_LRR,True,NP_001329041.1 Disease resistance protein (TIR-NBS-LRR class) family [Arabidopsis thaliana]
NP_001329042.1,NP_001329042,True,True,True,2.187,NBS_LRR,True,NP_001329042.1 Disease resistance protein (TIR-NBS-LRR class) family [Arabidopsis thaliana]
NP_001329043.1,NP_001329043,True,True,True,2.187,NBS_LRR,True,NP_001329043.1 Disease resistance protein (TIR-NBS-LRR class) family [Arabidopsis thaliana]
NP_001329110.1,NP_001329110,False,False,True,0.905,PR_proteins,True,NP_001329110.1 receptor Serine/Threonine kinase-like protein [Arabidopsis thaliana]
NP_001329118.1,NP_001329118,True,True,True,1.826,NBS_LRR,True,NP_001329118.1 Disease resistance protein (TIR-NBS-LRR class) family [Arabidopsis thaliana]
NP_001329119.1,NP_001329119,True,True,True,2.111,NBS_LRR,True,NP_001329119.1 Disease resistance protein (TIR-NBS-LRR class) family [Arabidopsis thaliana]
NP_001329203.1,NP_001329203,True,True,False,1.611,RLK_defense,True,NP_001329203.1 cysteine-rich RLK (RECEPTOR-like protein kinase) 40 [Arabidopsis thaliana]
NP_001329221.1,NP_001329221,True,False,False,1.667,NBS_LRR,True,NP_001329221.1 disease resistance protein (TIR-NBS-LRR class) family protein [Arabidopsis thaliana]
NP_001329222.1,NP_001329222,True,False,False,1.685,NBS_LRR,True,NP_001329222.1 disease resistance protein (TIR-NBS-LRR class) family protein [Arabidopsis thaliana]
NP_001329247.1,NP_001329247,False,True,False,1.464,RLK_defense,True,NP_001329247.1 cysteine-rich RLK (RECEPTOR-like protein kinase) 13 [Arabidopsis thaliana]
NP_001329248.1,NP_001329248,False,True,False,1.458,RLK_defense,True,NP_001329248.1 cysteine-rich RLK (RECEPTOR-like protein kinase) 13 [Arabidopsis thaliana]
NP_001329249.1,NP_001329249,False,True,False,1.523,RLK_defense,True,NP_001329249.1 Concanavalin A-like lectin protein kinase family protein [Arabidopsis thaliana]
NP_001329293.1,NP_001329293,False,False,False,0.739,PR_proteins,False,NP_001329293.1 Cystatin/monellin superfamily protein [Arabidopsis thaliana]
NP_001329301.1,NP_001329301,False,False,False,0.945,cell_death_HR,True,NP_001329301.1 RNA-binding protein-defense related 1 [Arabidopsis thaliana]
NP_001329303.1,NP_001329303,False,False,False,0.402,defense_signaling,False,NP_001329303.1 bZIP transcription factor family protein [Arabidopsis thaliana]
NP_001329527.1,NP_001329527,True,True,False,1.637,RLK_defense,True,NP_001329527.1 cysteine-rich RLK (RECEPTOR-like protein kinase) 19 [Arabidopsis thaliana]
NP_001329528.1,NP_001329528,True,True,False,1.632,RLK_defense,True,NP_001329528.1 cysteine-rich RLK (RECEPTOR-like protein kinase) 19 [Arabidopsis thaliana]
NP_001329571.1,NP_001329571,False,True,False,1.581,NBS_LRR,True,NP_001329571.1 G-type lectin S-receptor-like Serine/Threonine-kinase [Arabidopsis thaliana]
NP_001329614.1,NP_001329614,True,True,True,1.791,NBS_LRR,True,NP_001329614.1 Disease resistance protein (TIR-NBS-LRR class) family [Arabidopsis thaliana]
NP_001329652.1,NP_001329652,True,True,True,1.133,NBS_LRR,True,NP_001329652.1 protein kinase family protein [Arabidopsis thaliana]
NP_001329653.1,NP_001329653,False,True,True,1.405,NBS_LRR,True,NP_001329653.1 protein kinase family protein [Arabidopsis thaliana]
NP_001329654.1,NP_001329654,True,True,True,1.133,NBS_LRR,True,NP_001329654.1 protein kinase family protein [Arabidopsis thaliana]
NP_001329655.1,NP_001329655,True,True,True,1.133,NBS_LRR,True,NP_001329655.1 protein kinase family protein [Arabidopsis thaliana]
NP_001329656.1,NP_001329656,True,True,True,1.133,NBS_LRR,True,NP_001329656.1 protein kinase family protein [Arabidopsis thaliana]
NP_001329657.1,NP_001329657,True,True,True,1.133,NBS_LRR,True,NP_001329657.1 protein kinase family protein [Arabidopsis thaliana]
NP_001329658.1,NP_001329658,True,True,True,1.133,NBS_LRR,True,NP_001329658.1 protein kinase family protein [Arabidopsis thaliana]
NP_001329659.1,NP_001329659,True,True,True,1.133,NBS_LRR,True,NP_001329659.1 protein kinase family protein [Arabidopsis thaliana]
NP_001329689.1,NP_001329689,False,True,False,1.55,RLK_defense,True,NP_001329689.1 cysteine-rich RLK (RECEPTOR-like protein kinase) 11 [Arabidopsis thaliana]
NP_001329719.1,NP_001329719,True,True,True,2.069,NBS_LRR,True,NP_001329719.1 TIR-NBS-LRR class disease resistance protein [Arabidopsis thaliana]
NP_001329720.1,NP_001329720,True,True,True,2.227,NBS_LRR,True,NP_001329720.1 TIR-NBS-LRR class disease resistance protein [Arabidopsis thaliana]
NP_001329721.1,NP_001329721,True,True,True,2.063,NBS_LRR,True,NP_001329721.1 TIR-NBS-LRR class disease resistance protein [Arabidopsis thaliana]
NP_001329722.1,NP_001329722,True,True,True,2.261,NBS_LRR,True,NP_001329722.1 TIR-NBS-LRR class disease resistance protein [Arabidopsis thaliana]
NP_001329871.1,NP_001329871,False,True,True,1.299,NBS_LRR,True,NP_001329871.1 disease resistance protein (TIR-NBS class) [Arabidopsis thaliana]
NP_001329872.1,NP_001329872,False,True,True,1.094,NBS_LRR,True,NP_001329872.1 disease resistance protein (TIR-NBS class) [Arabidopsis thaliana]
NP_001329873.1,NP_001329873,False,True,True,1.474,NBS_LRR,True,NP_001329873.1 disease resistance protein (TIR-NBS class) [Arabidopsis thaliana]
NP_001329874.1,NP_001329874,False,True,True,1.471,NBS_LRR,True,NP_001329874.1 disease resistance protein (TIR-NBS class) [Arabidopsis thaliana]
NP_001329875.1,NP_001329875,True,True,True,1.693,NBS_LRR,True,NP_001329875.1 disease resistance protein (TIR-NBS class) [Arabidopsis thaliana]
NP_001329876.1,NP_001329876,False,True,True,1.299,NBS_LRR,True,NP_001329876.1 disease resistance protein (TIR-NBS class) [Arabidopsis thaliana]
NP_001329877.1,NP_001329877,False,True,True,1.471,NBS_LRR,True,NP_001329877.1 disease resistance protein (TIR-NBS class) [Arabidopsis thaliana]
NP_001329878.1,NP_001329878,False,True,True,1.094,NBS_LRR,True,NP_001329878.1 disease resistance protein (TIR-NBS class) [Arabidopsis thaliana]
NP_001329879.1,NP_001329879,False,True,True,1.094,NBS_LRR,True,NP_001329879.1 disease resistance protein (TIR-NBS class) [Arabidopsis thaliana]
NP_001329880.1,NP_001329880,False,True,True,1.556,NBS_LRR,True,NP_001329880.1 disease resistance protein (TIR-NBS class) [Arabidopsis thaliana]
NP_001329881.1,NP_001329881,False,True,True,1.414,NBS_LRR,True,NP_001329881.1 disease resistance protein (TIR-NBS class) [Arabidopsis thaliana]
NP_001329882.1,NP_001329882,True,True,True,1.693,NBS_LRR,True,NP_001329882.1 disease resistance protein (TIR-NBS class) [Arabidopsis thaliana]
NP_001329883.1,NP_001329883,False,True,True,1.474,NBS_LRR,True,NP_001329883.1 disease resistance protein (TIR-NBS class) [Arabidopsis thaliana]
NP_001329890.1,NP_001329890,False,True,False,1.575,RLK_defense,True,NP_001329890.1 cysteine-rich RLK (RECEPTOR-like protein kinase) 5 [Arabidopsis thaliana]
NP_001329914.1,NP_001329914,False,False,False,0.995,antimicrobial,False,NP_001329914.1 Aldolase-type TIM barrel family protein [Arabidopsis thaliana]
NP_001329993.1,NP_001329993,False,False,False,0.764,cell_death_HR,False,NP_001329993.1 Calcium-dependent lipid-binding (CaLB domain) family protein [Arabidopsis thaliana]
NP_001330009.1,NP_001330009,False,True,True,1.554,RLK_defense,True,NP_001330009.1 Leucine-rich receptor-like protein kinase family protein [Arabidopsis thaliana]
NP_001330018.1,NP_001330018,False,False,False,0.699,NBS_LRR,True,NP_001330018.1 Protein kinase family protein [Arabidopsis thaliana]
NP_001330029.1,NP_001330029,False,True,False,1.364,NBS_LRR,False,NP_001330029.1 RNI-like superfamily protein [Arabidopsis thaliana]
NP_001330030.1,NP_001330030,False,True,False,1.356,NBS_LRR,False,NP_001330030.1 RNI-like superfamily protein [Arabidopsis thaliana]
NP_001330031.1,NP_001330031,False,True,False,1.38,NBS_LRR,False,NP_001330031.1 RNI-like superfamily protein [Arabidopsis thaliana]
NP_001330032.1,NP_001330032,False,True,False,1.356,NBS_LRR,False,NP_001330032.1 RNI-like superfamily protein [Arabidopsis thaliana]
NP_001330033.1,NP_001330033,False,True,False,1.38,NBS_LRR,False,NP_001330033.1 RNI-like superfamily protein [Arabidopsis thaliana]
NP_001330034.1,NP_001330034,False,True,False,1.38,NBS_LRR,False,NP_001330034.1 RNI-like superfamily protein [Arabidopsis thaliana]
NP_001330035.1,NP_001330035,False,True,False,1.374,NBS_LRR,False,NP_001330035.1 RNI-like superfamily protein [Arabidopsis thaliana]
NP_001330076.1,NP_001330076,False,False,False,1.327,antimicrobial,False,NP_001330076.1 Auxin-responsive GH3 family protein [Arabidopsis thaliana]
NP_001330137.1,NP_001330137,True,True,True,2.082,NBS_LRR,True,NP_001330137.1 Disease resistance protein (TIR-NBS-LRR class) family [Arabidopsis thaliana]
NP_001330138.1,NP_001330138,True,True,True,2.082,NBS_LRR,True,NP_001330138.1 Disease resistance protein (TIR-NBS-LRR class) family [Arabidopsis thaliana]
NP_001330139.1,NP_001330139,True,True,True,2.08,NBS_LRR,True,NP_001330139.1 Disease resistance protein (TIR-NBS-LRR class) family [Arabidopsis thaliana]
NP_001330140.1,NP_001330140,True,True,True,2.08,NBS_LRR,True,NP_001330140.1 Disease resistance protein (TIR-NBS-LRR class) family [Arabidopsis thaliana]
NP_001330323.1,NP_001330323,True,True,True,1.868,NBS_LRR,True,NP_001330323.1 Disease resistance protein (TIR-NBS-LRR class) family [Arabidopsis thaliana]
NP_001330337.1,NP_001330337,False,False,False,0.134,defense_signaling,False,NP_001330337.1 myb domain protein 3r-4 [Arabidopsis thaliana]
NP_001330338.1,NP_001330338,False,False,False,0.134,defense_signaling,False,NP_001330338.1 myb domain protein 3r-4 [Arabidopsis thaliana]
NP_001330386.1,NP_001330386,True,True,False,1.054,defense_signaling,True,NP_001330386.1 NPR1-like protein 3 [Arabidopsis thaliana]
NP_001330499.1,NP_001330499,False,True,False,1.505,RLK_defense,True,NP_001330499.1 Protein kinase superfamily protein [Arabidopsis thaliana]
NP_001330640.1,NP_001330640,True,True,True,2.309,NBS_LRR,True,NP_001330640.1 Disease resistance protein (TIR-NBS-LRR class) family [Arabidopsis thaliana]
NP_001330641.1,NP_001330641,True,True,True,2.309,NBS_LRR,True,NP_001330641.1 Disease resistance protein (TIR-NBS-LRR class) family [Arabidopsis thaliana]
NP_001330708.1,NP_001330708,False,True,False,1.298,RLK_defense,True,NP_001330708.1 Protein kinase superfamily protein [Arabidopsis thaliana]
NP_001330712.1,NP_001330712,True,True,True,1.9,NBS_LRR,False,NP_001330712.1 target of AVRB operation1 [Arabidopsis thaliana]
NP_001330713.1,NP_001330713,True,True,True,1.9,NBS_LRR,False,NP_001330713.1 target of AVRB operation1 [Arabidopsis thaliana]
NP_001330714.1,NP_001330714,True,True,True,1.9,NBS_LRR,False,NP_001330714.1 target of AVRB operation1 [Arabidopsis thaliana]
NP_001330749.1,NP_001330749,True,True,True,2.002,NBS_LRR,True,NP_001330749.1 Disease resistance protein (TIR-NBS-LRR class) family [Arabidopsis thaliana]
NP_001330750.1,NP_001330750,True,True,True,2.002,NBS_LRR,True,NP_001330750.1 Disease resistance protein (TIR-NBS-LRR class) family [Arabidopsis thaliana]
NP_001330751.1,NP_001330751,True,True,True,2.002,NBS_LRR,True,NP_001330751.1 Disease resistance protein (TIR-NBS-LRR class) family [Arabidopsis thaliana]
NP_001330752.1,NP_001330752,True,True,True,2.002,NBS_LRR,True,NP_001330752.1 Disease resistance protein (TIR-NBS-LRR class) family [Arabidopsis thaliana]
NP_001330753.1,NP_001330753,True,True,True,2.002,NBS_LRR,True,NP_001330753.1 Disease resistance protein (TIR-NBS-LRR class) family [Arabidopsis thaliana]
NP_001330754.1,NP_001330754,True,True,True,2.002,NBS_LRR,True,NP_001330754.1 Disease resistance protein (TIR-NBS-LRR class) family [Arabidopsis thaliana]
NP_001330755.1,NP_001330755,True,True,True,2.002,NBS_LRR,True,NP_001330755.1 Disease resistance protein (TIR-NBS-LRR class) family [Arabidopsis thaliana]
NP_001330914.1,NP_001330914,True,True,True,2.059,NBS_LRR,True,NP_001330914.1 Disease resistance protein (TIR-NBS-LRR class) family [Arabidopsis thaliana]
NP_001330925.1,NP_001330925,False,False,False,0.962,cell_death_HR,False,NP_001330925.1 RNA-binding (RRM/RBD/RNP motifs) family protein [Arabidopsis thaliana]
NP_001330960.1,NP_001330960,True,True,True,2.392,NBS_LRR,True,NP_001330960.1 Disease resistance protein (TIR-NBS-LRR class) family [Arabidopsis thaliana]
NP_001331068.1,NP_001331068,True,True,True,1.687,NBS_LRR,True,NP_001331068.1 Disease resistance protein (CC-NBS-LRR class) family [Arabidopsis thaliana]
NP_001331069.1,NP_001331069,True,True,True,1.687,NBS_LRR,True,NP_001331069.1 Disease resistance protein (CC-NBS-LRR class) family [Arabidopsis thaliana]
NP_001331070.1,NP_001331070,True,True,True,1.687,NBS_LRR,True,NP_001331070.1 Disease resistance protein (CC-NBS-LRR class) family [Arabidopsis thaliana]
NP_001331071.1,NP_001331071,True,True,True,1.687,NBS_LRR,True,NP_001331071.1 Disease resistance protein (CC-NBS-LRR class) family [Arabidopsis thaliana]
NP_001331072.1,NP_001331072,True,True,True,1.687,NBS_LRR,True,NP_001331072.1 Disease resistance protein (CC-NBS-LRR class) family [Arabidopsis thaliana]
NP_001331084.1,NP_001331084,False,False,False,0.966,antimicrobial,True,NP_001331084.1 diacylglycerol kinase1 [Arabidopsis thaliana]
NP_001331085.1,NP_001331085,False,False,False,0.932,antimicrobial,True,NP_001331085.1 diacylglycerol kinase1 [Arabidopsis thaliana]
NP_001331200.1,NP_001331200,False,False,False,0.872,RLK_defense,True,NP_001331200.1 calcium-dependent protein kinase 28 [Arabidopsis thaliana]
NP_001331221.1,NP_001331221,False,False,False,0.919,antimicrobial,False,NP_001331221.1 alpha/beta-Hydrolases superfamily protein [Arabidopsis thaliana]
NP_001331222.1,NP_001331222,False,False,False,0.919,antimicrobial,False,NP_001331222.1 alpha/beta-Hydrolases superfamily protein [Arabidopsis thaliana]
NP_001331305.1,NP_001331305,False,False,False,0.822,cell_death_HR,False,NP_001331305.1 PYR1-like 1 [Arabidopsis thaliana]
NP_001331309.1,NP_001331309,True,True,True,2.091,NBS_LRR,True,NP_001331309.1 Disease resistance protein (TIR-NBS-LRR class) family [Arabidopsis thaliana]
NP_001331316.1,NP_001331316,False,False,False,1.087,antimicrobial,False,NP_001331316.1 PAZ domain-containing protein / piwi domain-containing protein [Arabidopsis thaliana]
NP_001331322.1,NP_001331322,False,False,False,-0.1,defense_signaling,False,NP_001331322.1 uncharacterized protein AT5G44567 [Arabidopsis thaliana]
NP_001331341.1,NP_001331341,False,True,True,1.162,NBS_LRR,True,NP_001331341.1 Disease resistance protein (TIR-NBS-LRR class) family [Arabidopsis thaliana]
NP_001331342.1,NP_001331342,True,True,True,1.792,NBS_LRR,True,NP_001331342.1 Disease resistance protein (TIR-NBS-LRR class) family [Arabidopsis thaliana]
NP_001331343.1,NP_001331343,False,True,True,1.322,NBS_LRR,True,NP_001331343.1 Disease resistance protein (TIR-NBS-LRR class) family [Arabidopsis thaliana]
NP_001331362.1,NP_001331362,False,False,True,1.236,PR_proteins,False,NP_001331362.1 O-Glycosyl hydrolases family 17 protein [Arabidopsis thaliana]
NP_001331392.1,NP_001331392,False,False,False,0.85,defense_signaling,False,NP_001331392.1 bZIP transcription factor family protein [Arabidopsis thaliana]
NP_001331467.1,NP_001331467,True,True,True,2.293,NBS_LRR,True,NP_001331467.1 disease resistance protein (TIR-NBS-LRR class) [Arabidopsis thaliana]
NP_001331490.1,NP_001331490,False,False,False,0.883,defense_signaling,False,NP_001331490.1 XS domain-containing protein / XS zinc finger domain-containing protein-like protein [Arabidopsis thaliana]
NP_001331491.1,NP_001331491,False,False,False,0.93,defense_signaling,False,NP_001331491.1 XS domain-containing protein / XS zinc finger domain-containing protein-like protein [Arabidopsis thaliana]
NP_001331492.1,NP_001331492,False,False,False,0.883,defense_signaling,False,NP_001331492.1 XS domain-containing protein / XS zinc finger domain-containing protein-like protein [Arabidopsis thaliana]
NP_001331502.1,NP_001331502,True,True,True,1.722,NBS_LRR,True,NP_001331502.1 Disease resistance protein (CC-NBS-LRR class) family [Arabidopsis thaliana]
NP_001331503.1,NP_001331503,True,True,True,1.985,NBS_LRR,True,NP_001331503.1 Disease resistance protein (CC-NBS-LRR class) family [Arabidopsis thaliana]
NP_001331514.1,NP_001331514,True,True,True,1.786,NBS_LRR,True,NP_001331514.1 Disease resistance protein (NBS-LRR class) family [Arabidopsis thaliana]
NP_001331599.1,NP_001331599,False,False,False,1.179,antimicrobial,False,NP_001331599.1 Stabilizer of iron transporter SufD / Polynucleotidyl transferase [Arabidopsis thaliana]
NP_001331600.1,NP_001331600,False,False,False,1.179,antimicrobial,False,NP_001331600.1 Stabilizer of iron transporter SufD / Polynucleotidyl transferase [Arabidopsis thaliana]
NP_001331671.1,NP_001331671,True,True,False,1.625,RLK_defense,True,NP_001331671.1 cysteine-rich RLK (RECEPTOR-like protein kinase) 42 [Arabidopsis thaliana]
NP_001331726.1,NP_001331726,True,True,True,2.288,NBS_LRR,True,NP_001331726.1 Disease resistance protein (TIR-NBS-LRR class) family [Arabidopsis thaliana]
NP_001331782.1,NP_001331782,True,True,True,2.082,NBS_LRR,True,NP_001331782.1 Disease resistance protein (TIR-NBS-LRR class) family [Arabidopsis thaliana]
NP_001331804.1,NP_001331804,False,False,False,0.658,defense_signaling,False,NP_001331804.1 Seven transmembrane MLO family protein [Arabidopsis thaliana]
NP_001331891.1,NP_001331891,False,False,False,-0.239,defense_signaling,False,NP_001331891.1 uncharacterized protein AT5G44570 [Arabidopsis thaliana]
NP_001331924.1,NP_001331924,False,False,False,0.961,antimicrobial,False,NP_001331924.1 syntaxin of plants 41 [Arabidopsis thaliana]
NP_001331999.1,NP_001331999,True,True,True,2.37,NBS_LRR,True,NP_001331999.1 disease resistance protein (TIR-NBS-LRR class) [Arabidopsis thaliana]
NP_001332003.1,NP_001332003,False,False,False,0.898,defense_signaling,False,"NP_001332003.1 DNA-binding protein with MIZ/SP-RING zinc finger, PHD-finger and SAP domain-containing protein [Arabidopsis thaliana]"
NP_001332026.1,NP_001332026,False,True,True,1.007,NBS_LRR,True,NP_001332026.1 Disease resistance protein (TIR-NBS-LRR class) [Arabidopsis thaliana]
NP_001332071.1,NP_001332071,False,False,False,0.459,defense_signaling,False,NP_001332071.1 movement protein binding protein 2C [Arabidopsis thaliana]
NP_001332114.1,NP_001332114,False,False,False,0.186,cell_death_HR,False,NP_001332114.1 cyclic nucleotide-gated cation channel 4 [Arabidopsis thaliana]
NP_001332152.1,NP_001332152,False,False,False,1.127,NBS_LRR,True,NP_001332152.1 ENHANCED DOWNY MILDEW 2 [Arabidopsis thaliana]
NP_001332180.1,NP_001332180,False,False,False,1.325,antimicrobial,False,NP_001332180.1 Sugar isomerase (SIS) family protein [Arabidopsis thaliana]
NP_001332263.1,NP_001332263,False,False,False,0.432,cell_death_HR,False,NP_001332263.1 Emsy N Terminus (ENT)/ plant Tudor-like domains-containing protein [Arabidopsis thaliana]
NP_001332264.1,NP_001332264,False,False,False,0.834,cell_death_HR,False,NP_001332264.1 Emsy N Terminus (ENT)/ plant Tudor-like domains-containing protein [Arabidopsis thaliana]
NP_001332362.1,NP_001332362,False,False,False,-0.111,defense_signaling,False,NP_001332362.1 uncharacterized protein AT5G11630 [Arabidopsis thaliana]
NP_001332433.1,NP_001332433,False,False,False,0.987,cell_death_HR,False,NP_001332433.1 zinc finger B-box protein [Arabidopsis thaliana]
NP_001332434.1,NP_001332434,False,False,False,0.987,cell_death_HR,False,NP_001332434.1 zinc finger B-box protein [Arabidopsis thaliana]
NP_001332466.1,NP_001332466,False,False,False,0.49,defense_signaling,False,NP_001332466.1 RING/U-box superfamily protein [Arabidopsis thaliana]
NP_001332491.1,NP_001332491,True,True,True,2.153,NBS_LRR,True,NP_001332491.1 Disease resistance protein (TIR-NBS-LRR class) [Arabidopsis thaliana]
NP_001332492.1,NP_001332492,True,True,True,2.153,NBS_LRR,True,NP_001332492.1 Disease resistance protein (TIR-NBS-LRR class) [Arabidopsis thaliana]
NP_001332504.1,NP_001332504,False,False,False,0.323,defense_signaling,False,NP_001332504.1 calmodulin binding protein [Arabidopsis thaliana]
NP_001332515.1,NP_001332515,True,True,True,2.013,NBS_LRR,True,NP_001332515.1 Disease resistance protein (CC-NBS-LRR class) family [Arabidopsis thaliana]
NP_001332592.1,NP_001332592,True,True,True,1.761,NBS_LRR,True,NP_001332592.1 Disease resistance protein (CC-NBS-LRR class) family [Arabidopsis thaliana]
NP_001332642.1,NP_001332642,False,False,False,0.578,defense_signaling,False,NP_001332642.1 Ataxia telangiectasia-mutated and RAD3-like protein [Arabidopsis thaliana]
NP_001332643.1,NP_001332643,False,False,False,0.578,defense_signaling,False,NP_001332643.1 Ataxia telangiectasia-mutated and RAD3-like protein [Arabidopsis thaliana]
NP_051066.1,NP_051066,False,False,False,0.963,antimicrobial,False,NP_051066.1 ATP synthase CF1 beta subunit (chloroplast) [Arabidopsis thaliana]
NP_171612.1,NP_171612,True,False,False,1.049,defense_signaling,False,NP_171612.1 dicer-like 1 [Arabidopsis thaliana]
NP_171618.1,NP_171618,False,False,False,0.554,PR_proteins,False,NP_171618.1 60S acidic ribosomal protein family [Arabidopsis thaliana]
NP_171654.1,NP_171654,False,False,False,0.356,antimicrobial,False,NP_171654.1 Late embryogenesis abundant protein [Arabidopsis thaliana]
NP_171714.2,NP_171714,False,False,False,0.863,cell_death_HR,False,NP_171714.2 GRAM domain family protein [Arabidopsis thaliana]
NP_171723.2,NP_171723,False,False,False,1.015,antimicrobial,False,NP_171723.2 Fatty acid hydroxylase superfamily [Arabidopsis thaliana]
NP_171791.1,NP_171791,False,False,False,0.77,antimicrobial,False,NP_171791.1 glutathione S-transferase 7 [Arabidopsis thaliana]
NP_171792.1,NP_171792,False,False,False,0.746,antimicrobial,False,NP_171792.1 glutathione S-transferase 6 [Arabidopsis thaliana]
NP_171932.1,NP_171932,False,False,False,0.612,defense_signaling,True,NP_171932.1 Ethylene-responsive element binding factor 14 [Arabidopsis thaliana]
NP_171935.1,NP_171935,False,False,False,0.816,antimicrobial,False,NP_171935.1 cryptochrome 2 [Arabidopsis thaliana]
NP_172037.1,NP_172037,False,False,False,1.005,NBS_LRR,False,NP_172037.1 P-loop containing nucleoside triphosphate hydrolases superfamily protein [Arabidopsis thaliana]
NP_172067.1,NP_172067,False,False,False,0.838,NBS_LRR,False,NP_172067.1 Mannose-binding lectin superfamily protein [Arabidopsis thaliana]
NP_172088.2,NP_172088,False,False,False,0.659,defense_signaling,False,NP_172088.2 RNA-binding (RRM/RBD/RNP motifs) family protein [Arabidopsis thaliana]
NP_172106.1,NP_172106,False,False,False,0.43,defense_signaling,False,NP_172106.1 octadecanoid-responsive AP2/ERF 59 [Arabidopsis thaliana]
NP_172181.1,NP_172181,False,False,False,0.882,NBS_LRR,False,NP_172181.1 exocyst subunit exo70 family protein B2 [Arabidopsis thaliana]
NP_172237.1,NP_172237,False,True,False,1.511,RLK_defense,True,NP_172237.1 Protein kinase superfamily protein [Arabidopsis thaliana]
NP_172265.1,NP_172265,False,True,False,1.487,RLK_defense,True,NP_172265.1 Protein kinase superfamily protein [Arabidopsis thaliana]
NP_172360.1,NP_172360,False,False,False,0.701,PR_proteins,False,NP_172360.1 copper/zinc superoxide dismutase 1 [Arabidopsis thaliana]
NP_172362.3,NP_172362,True,False,False,1.384,PR_proteins,False,NP_172362.3 Calcium-dependent phospholipid-binding Copine family protein [Arabidopsis thaliana]
NP_172383.3,NP_172383,True,False,False,1.432,cell_death_HR,True,NP_172383.3 respiratory burst oxidase-like protein [Arabidopsis thaliana]
NP_172448.1,NP_172448,False,False,False,1.002,cell_death_HR,False,NP_172448.1 cell division cycle 5 [Arabidopsis thaliana]
NP_172468.3,NP_172468,True,True,True,1.731,RLK_defense,True,NP_172468.3 Leucine-rich receptor-like protein kinase family protein [Arabidopsis thaliana]
NP_172488.1,NP_172488,False,False,False,0.76,cell_death_HR,False,NP_172488.1 NF-X-like 1 [Arabidopsis thaliana]
NP_172561.2,NP_172561,True,True,True,1.896,NBS_LRR,True,NP_172561.2 NB-ARC domain-containing disease resistance protein [Arabidopsis thaliana]
NP_172598.1,NP_172598,False,False,False,0.9,antimicrobial,False,NP_172598.1 Seven transmembrane MLO family protein [Arabidopsis thaliana]
NP_172601.3,NP_172601,True,True,False,1.668,NBS_LRR,True,NP_172601.3 G-type lectin S-receptor-like Serine/Threonine-kinase [Arabidopsis thaliana]
NP_172627.2,NP_172627,False,False,False,0.762,NBS_LRR,False,"NP_172627.2 cytochrome P450, family 71, subfamily A, polypeptide 18 [Arabidopsis thaliana]"
NP_172647.2,NP_172647,False,False,True,1.194,PR_proteins,False,NP_172647.2 O-Glycosyl hydrolases family 17 protein [Arabidopsis thaliana]
NP_172660.5,NP_172660,False,False,False,0.777,cell_death_HR,False,NP_172660.5 ERD (early-responsive to dehydration stress) family protein [Arabidopsis thaliana]
NP_172684.1,NP_172684,False,False,False,1.07,antimicrobial,False,NP_172684.1 Flavin-binding monooxygenase family protein [Arabidopsis thaliana]
NP_172685.1,NP_172685,True,True,True,2.22,NBS_LRR,False,NP_172685.1 RPS5-like 1 [Arabidopsis thaliana]
NP_172686.1,NP_172686,True,True,True,2.136,NBS_LRR,True,NP_172686.1 Disease resistance protein (CC-NBS-LRR class) family [Arabidopsis thaliana]
NP_172692.1,NP_172692,True,True,True,2.106,NBS_LRR,True,NP_172692.1 LRR and NB-ARC domains-containing disease resistance protein [Arabidopsis thaliana]
NP_172849.1,NP_172849,False,True,False,0.593,defense_signaling,True,NP_172849.1 WRKY DNA-binding protein 4 [Arabidopsis thaliana]
NP_172889.1,NP_172889,False,True,False,1.534,RLK_defense,True,NP_172889.1 protein kinase 2A [Arabidopsis thaliana]
NP_172893.1,NP_172893,False,False,False,0.915,cell_death_HR,False,NP_172893.1 ssDNA-binding transcriptional regulator [Arabidopsis thaliana]
NP_172932.1,NP_172932,False,True,False,1.349,cell_death_HR,False,NP_172932.1 RNA-dependent RNA polymerase 1 [Arabidopsis thaliana]
NP_172946.1,NP_172946,False,False,False,0.835,NBS_LRR,False,NP_172946.1 Polyketide cyclase/dehydrase and lipid transport superfamily protein [Arabidopsis thaliana]
NP_172947.1,NP_172947,False,False,False,0.654,NBS_LRR,False,NP_172947.1 Polyketide cyclase/dehydrase and lipid transport superfamily protein [Arabidopsis thaliana]
NP_172948.1,NP_172948,False,False,False,0.791,NBS_LRR,False,NP_172948.1 Polyketide cyclase/dehydrase and lipid transport superfamily protein [Arabidopsis thaliana]
NP_172949.1,NP_172949,False,False,False,0.665,NBS_LRR,False,NP_172949.1 Polyketide cyclase/dehydrase and lipid transport superfamily protein [Arabidopsis thaliana]
NP_173005.1,NP_173005,False,False,False,1.148,antimicrobial,True,NP_173005.1 pleiotropic drug resistance 12 [Arabidopsis thaliana]
NP_173006.1,NP_173006,True,True,False,1.62,RLK_defense,True,NP_173006.1 Concanavalin A-like lectin protein kinase family protein [Arabidopsis thaliana]
NP_173044.1,NP_173044,False,False,False,1.058,cell_death_HR,False,"NP_173044.1 Polynucleotidyl transferase, ribonuclease H-like superfamily protein [Arabidopsis thaliana]"
NP_173062.1,NP_173062,False,True,False,1.566,NBS_LRR,True,NP_173062.1 wall associated kinase-like 6 [Arabidopsis thaliana]
NP_173063.1,NP_173063,False,True,False,1.583,NBS_LRR,True,NP_173063.1 wall associated kinase-like 1 [Arabidopsis thaliana]
NP_173064.1,NP_173064,False,True,False,1.573,RLK_defense,True,NP_173064.1 wall associated kinase-like 2 [Arabidopsis thaliana]
NP_173067.2,NP_173067,False,True,False,1.563,NBS_LRR,True,NP_173067.2 wall associated kinase-like 5 [Arabidopsis thaliana]
NP_173168.1,NP_173168,False,True,False,1.328,RLK_defense,False,NP_173168.1 receptor like protein 3 [Arabidopsis thaliana]
NP_173203.2,NP_173203,True,True,True,2.271,NBS_LRR,True,NP_173203.2 Disease resistance protein (TIR-NBS-LRR class) family [Arabidopsis thaliana]
NP_173204.1,NP_173204,True,True,True,1.913,NBS_LRR,True,NP_173204.1 Disease resistance protein (TIR-NBS class) [Arabidopsis thaliana]
NP_173205.1,NP_173205,True,True,True,2.013,NBS_LRR,True,NP_173205.1 Disease resistance protein (TIR-NBS class) [Arabidopsis thaliana]
NP_173217.1,NP_173217,True,True,True,1.663,RLK_defense,False,NP_173217.1 PEP1 receptor 2 [Arabidopsis thaliana]
NP_173228.1,NP_173228,False,False,False,0.815,PR_proteins,False,NP_173228.1 Kunitz family trypsin and protease inhibitor protein [Arabidopsis thaliana]
NP_173233.1,NP_173233,False,True,False,1.514,NBS_LRR,True,NP_173233.1 Wall-associated kinase family protein [Arabidopsis thaliana]
NP_173271.1,NP_173271,False,False,False,1.136,cell_death_HR,True,NP_173271.1 MAP kinase kinase 7 [Arabidopsis thaliana]
NP_173292.1,NP_173292,False,False,False,0.623,defense_signaling,False,NP_173292.1 myb domain protein 51 [Arabidopsis thaliana]
NP_173302.2,NP_173302,False,True,False,0.934,defense_signaling,True,NP_173302.2 Protein kinase superfamily protein [Arabidopsis thaliana]
NP_173321.4,NP_173321,False,False,False,0.894,RLK_defense,False,NP_173321.4 isochorismate synthase 2 [Arabidopsis thaliana]
NP_173344.2,NP_173344,True,False,False,1.034,defense_signaling,True,"NP_173344.2 Histidine kinase-, DNA gyrase B-, and HSP90-like ATPase family protein [Arabidopsis thaliana]"
NP_173357.1,NP_173357,True,False,False,1.676,cell_death_HR,False,NP_173357.1 Riboflavin synthase-like superfamily protein [Arabidopsis thaliana]
NP_173359.3,NP_173359,False,False,False,1.151,antimicrobial,False,NP_173359.3 flavin-dependent monooxygenase 1 [Arabidopsis thaliana]
NP_173372.1,NP_173372,False,True,False,1.462,NBS_LRR,True,NP_173372.1 Wall-associated kinase family protein [Arabidopsis thaliana]
NP_173387.1,NP_173387,False,False,False,0.994,antimicrobial,False,NP_173387.1 dehydroascorbate reductase [Arabidopsis thaliana]
NP_173391.2,NP_173391,False,False,False,0.828,PR_proteins,True,NP_173391.2 defensin-like protein [Arabidopsis thaliana]
NP_173468.1,NP_173468,False,False,False,-0.68,defense_signaling,False,NP_173468.1 cold-regulated 47 [Arabidopsis thaliana]
NP_173489.2,NP_173489,False,True,False,1.491,RLK_defense,True,NP_173489.2 Protein kinase superfamily protein [Arabidopsis thaliana]
NP_173506.1,NP_173506,False,False,False,0.668,defense_signaling,False,NP_173506.1 RING/U-box superfamily protein [Arabidopsis thaliana]
NP_173514.1,NP_173514,False,False,False,0.995,cell_death_HR,False,NP_173514.1 Putative AT-hook DNA-binding family protein [Arabidopsis thaliana]
NP_173535.1,NP_173535,False,False,False,1.247,NBS_LRR,False,NP_173535.1 O-methyltransferase family protein [Arabidopsis thaliana]
NP_173702.1,NP_173702,False,False,False,-0.058,defense_signaling,False,NP_173702.1 uncharacterized protein AT1G22890 [Arabidopsis thaliana]
NP_173813.1,NP_173813,False,False,False,0.527,NBS_LRR,False,NP_173813.1 MLP-like protein 423 [Arabidopsis thaliana]
NP_173814.2,NP_173814,False,True,False,1.525,RLK_defense,True,NP_173814.2 Protein kinase superfamily protein [Arabidopsis thaliana]
NP_173820.1,NP_173820,False,False,False,1.28,NBS_LRR,False,NP_173820.1 UDP-glucosyl transferase 74B1 [Arabidopsis thaliana]
NP_173824.2,NP_173824,False,False,False,0.972,NBS_LRR,False,NP_173824.2 Matrixin family protein [Arabidopsis thaliana]
NP_173920.1,NP_173920,False,False,False,0.632,antimicrobial,False,NP_173920.1 ARM repeat superfamily protein [Arabidopsis thaliana]
NP_173925.3,NP_173925,False,False,False,0.823,cell_death_HR,False,NP_173925.3 phytochrome and flowering time regulatory protein (PFT1) [Arabidopsis thaliana]
NP_173944.1,NP_173944,False,False,False,0.961,antimicrobial,True,NP_173944.1 Phosphoribulokinase / Uridine kinase family [Arabidopsis thaliana]
NP_173965.1,NP_173965,False,False,False,1.188,antimicrobial,False,NP_173965.1 FAD-binding Berberine family protein [Arabidopsis thaliana]
NP_173966.1,NP_173966,False,False,False,1.183,PR_proteins,False,NP_173966.1 FAD-binding Berberine family protein [Arabidopsis thaliana]
NP_173985.1,NP_173985,False,False,False,0.966,antimicrobial,False,NP_173985.1 Eukaryotic translation initiation factor 5A-1 (eIF-5A 1) protein [Arabidopsis thaliana]
NP_174019.2,NP_174019,False,True,False,1.539,RLK_defense,True,NP_174019.2 Protein kinase superfamily protein [Arabidopsis thaliana]
NP_174033.1,NP_174033,False,False,False,1.008,antimicrobial,False,NP_174033.1 glutathione S-transferase tau 13 [Arabidopsis thaliana]
NP_174037.3,NP_174037,True,True,True,2.166,NBS_LRR,False,NP_174037.3 transmembrane receptors / ATP binding protein [Arabidopsis thaliana]
NP_174116.1,NP_174116,False,False,False,0.679,PR_proteins,False,NP_174116.1 glycosylphosphatidylinositol-anchored lipid protein transfer 1 [Arabidopsis thaliana]
NP_174158.1,NP_174158,False,False,False,0.311,defense_signaling,False,NP_174158.1 ERF domain protein 12 [Arabidopsis thaliana]
NP_174166.1,NP_174166,True,True,True,1.734,RLK_defense,False,NP_174166.1 HAESA-like 1 [Arabidopsis thaliana]
NP_174228.1,NP_174228,False,False,False,1.209,NBS_LRR,False,NP_174228.1 plant U-box 17 [Arabidopsis thaliana]
NP_174334.2,NP_174334,False,False,False,0.824,cell_death_HR,False,NP_174334.2 cleavage and polyadenylation specificity factor 30 [Arabidopsis thaliana]
NP_174346.1,NP_174346,False,False,False,0.923,antimicrobial,False,NP_174346.1 GTP binding protein [Arabidopsis thaliana]
NP_174413.2,NP_174413,False,False,False,1.118,PR_proteins,False,NP_174413.2 Argonaute family protein [Arabidopsis thaliana]
NP_174414.1,NP_174414,False,False,False,0.96,PR_proteins,False,NP_174414.1 ARGONAUTE 3 [Arabidopsis thaliana]
NP_174420.1,NP_174420,False,False,False,0.44,NBS_LRR,False,NP_174420.1 KAR-UP F-box 1 [Arabidopsis thaliana]
NP_174439.2,NP_174439,True,True,True,1.824,NBS_LRR,True,NP_174439.2 Disease resistance protein (TIR-NBS-LRR class) family [Arabidopsis thaliana]
NP_174441.1,NP_174441,False,False,False,-0.004,defense_signaling,False,NP_174441.1 ECS1 [Arabidopsis thaliana]
NP_174510.1,NP_174510,False,False,False,1.047,RLK_defense,True,NP_174510.1 MAP kinase kinase 10 [Arabidopsis thaliana]
NP_174563.2,NP_174563,True,False,True,1.458,PR_proteins,False,NP_174563.2 Glycosyl hydrolase superfamily protein [Arabidopsis thaliana]
NP_174617.1,NP_174617,False,False,False,0.62,defense_signaling,False,NP_174617.1 D111/G-patch domain-containing protein [Arabidopsis thaliana]
NP_174620.2,NP_174620,True,True,True,2.067,NBS_LRR,True,NP_174620.2 Disease resistance protein (CC-NBS-LRR class) family [Arabidopsis thaliana]
NP_174660.2,NP_174660,False,False,False,0.239,defense_signaling,False,NP_174660.2 Smg-4/UPF3 family protein [Arabidopsis thaliana]
NP_174764.1,NP_174764,False,False,False,0.898,NBS_LRR,False,NP_174764.1 MLP-like protein 168 [Arabidopsis thaliana]
NP_174978.1,NP_174978,False,False,False,1.042,NBS_LRR,False,NP_174978.1 glutamate receptor 3.3 [Arabidopsis thaliana]
NP_174980.3,NP_174980,False,False,False,0.962,antimicrobial,False,NP_174980.3 Seven transmembrane MLO family protein [Arabidopsis thaliana]
NP_174998.1,NP_174998,False,False,False,0.438,defense_signaling,False,NP_174998.1 basic region/leucine zipper motif 60 [Arabidopsis thaliana]
NP_175008.1,NP_175008,False,False,False,0.391,defense_signaling,False,NP_175008.1 uncharacterized protein AT1G43160 [Arabidopsis thaliana]
NP_175104.1,NP_175104,False,False,False,0.248,defense_signaling,False,NP_175104.1 Integrase-type DNA-binding superfamily protein [Arabidopsis thaliana]
NP_175128.1,NP_175128,False,False,False,0.583,PR_proteins,False,NP_175128.1 thioredoxin H-type 5 [Arabidopsis thaliana]
NP_175170.1,NP_175170,False,True,False,1.04,NBS_LRR,True,NP_175170.1 Toll-Interleukin-Resistance (TIR) domain family protein [Arabidopsis thaliana]
NP_175185.1,NP_175185,False,False,False,0.56,defense_signaling,False,NP_175185.1 Scorpion toxin-like knottin superfamily protein [Arabidopsis thaliana]
NP_175274.1,NP_175274,False,False,False,1.201,PR_proteins,False,NP_175274.1 Stabilizer of iron transporter SufD / Polynucleotidyl transferase [Arabidopsis thaliana]
NP_175283.2,NP_175283,False,False,False,0.234,defense_signaling,False,NP_175283.2 jasmonate-zim-domain protein 4 [Arabidopsis thaliana]
NP_175296.1,NP_175296,False,False,False,0.782,antimicrobial,True,NP_175296.1 receptor for activated C kinase 1B [Arabidopsis thaliana]
NP_175314.1,NP_175314,False,False,False,1.109,cell_death_HR,False,NP_175314.1 Ribosomal protein S7e family protein [Arabidopsis thaliana]
NP_175368.2,NP_175368,False,False,False,1.102,cell_death_HR,False,NP_175368.2 long-chain acyl-CoA synthetase 2 [Arabidopsis thaliana]
NP_175377.2,NP_175377,False,False,False,1.041,antimicrobial,False,NP_175377.2 elongator protein 2 [Arabidopsis thaliana]
NP_175400.1,NP_175400,False,False,False,1.104,NBS_LRR,False,NP_175400.1 plant U-box 26 [Arabidopsis thaliana]
NP_175402.2,NP_175402,False,False,False,0.001,RLK_defense,False,NP_175402.2 uncharacterized protein AT1G49800 [Arabidopsis thaliana]
NP_175425.2,NP_175425,False,False,False,0.987,antimicrobial,False,NP_175425.2 target of rapamycin [Arabidopsis thaliana]
NP_175479.1,NP_175479,False,False,False,0.233,defense_signaling,True,NP_175479.1 ethylene responsive element binding factor 3 [Arabidopsis thaliana]
NP_175520.1,NP_175520,False,False,False,0.509,cell_death_HR,False,NP_175520.1 Heavy metal transport/detoxification superfamily protein [Arabidopsis thaliana]
NP_175547.1,NP_175547,False,False,False,0.679,antimicrobial,False,NP_175547.1 dimeric A/B barrel domainS-protein 1 [Arabidopsis thaliana]
NP_175561.1,NP_175561,False,False,False,1.163,antimicrobial,False,NP_175561.1 ABC-2 type transporter family protein [Arabidopsis thaliana]
NP_175577.1,NP_175577,False,False,False,1.276,cell_death_HR,True,NP_175577.1 mitogen-activated protein kinase kinase 4 [Arabidopsis thaliana]
NP_175591.1,NP_175591,True,True,True,1.685,RLK_defense,True,NP_175591.1 Leucine-rich repeat protein kinase family protein [Arabidopsis thaliana]
NP_175606.2,NP_175606,True,True,False,1.636,RLK_defense,True,NP_175606.2 protein kinase family protein / peptidoglycan-binding LysM domain-containing protein [Arabidopsis thaliana]
NP_175615.1,NP_175615,False,False,False,0.735,cell_death_HR,False,NP_175615.1 myrosinase-binding protein 2 [Arabidopsis thaliana]
NP_175616.1,NP_175616,False,False,False,0.627,NBS_LRR,False,NP_175616.1 myrosinase-binding protein 1 [Arabidopsis thaliana]
NP_175649.1,NP_175649,False,False,False,1.179,PR_proteins,False,NP_175649.1 beta glucosidase 18 [Arabidopsis thaliana]
NP_175675.4,NP_175675,True,True,True,1.687,NBS_LRR,False,NP_175675.4 P-loop containing nucleoside triphosphate hydrolases superfamily protein [Arabidopsis thaliana]
NP_175721.1,NP_175721,False,False,False,0.561,RLK_defense,False,NP_175721.1 Stigma-specific Stig1 family protein [Arabidopsis thaliana]
NP_175797.2,NP_175797,False,False,False,0.902,PR_proteins,False,NP_175797.2 GDSL-motif lipase 2 [Arabidopsis thaliana]
NP_175806.3,NP_175806,False,False,False,0.746,antimicrobial,False,NP_175806.3 epithiospecifier protein [Arabidopsis thaliana]
NP_175856.1,NP_175856,False,False,False,0.626,RLK_defense,False,NP_175856.1 Late embryogenesis abundant (LEA) hydroxyproline-rich glycoprotein family [Arabidopsis thaliana]
NP_175899.1,NP_175899,False,False,False,0.743,PR_proteins,True,NP_175899.1 plant defensin 1.5 [Arabidopsis thaliana]
NP_175900.1,NP_175900,False,False,False,0.948,antimicrobial,False,NP_175900.1 lipoxygenase 1 [Arabidopsis thaliana]
NP_175911.1,NP_175911,False,False,False,1.086,cell_death_HR,False,NP_175911.1 DEA(D/H)-box RNA helicase family protein [Arabidopsis thaliana]
NP_175983.5,NP_175983,False,False,False,0.851,defense_signaling,False,"NP_175983.5 Polynucleotidyl transferase, ribonuclease H-like superfamily protein [Arabidopsis thaliana]"
NP_176012.1,NP_176012,False,False,False,0.626,defense_signaling,False,NP_176012.1 myb domain protein 72 [Arabidopsis thaliana]
NP_176043.1,NP_176043,True,True,True,2.254,NBS_LRR,True,NP_176043.1 Disease resistance protein (TIR-NBS-LRR class) [Arabidopsis thaliana]
NP_176044.1,NP_176044,True,True,True,2.046,NBS_LRR,True,NP_176044.1 Disease resistance protein (TIR-NBS-LRR class) family [Arabidopsis thaliana]
NP_176050.1,NP_176050,False,False,False,0.958,NBS_LRR,False,NP_176050.1 Tetratricopeptide repeat (TPR)-like superfamily protein [Arabidopsis thaliana]
NP_176078.4,NP_176078,True,True,False,1.963,NBS_LRR,False,NP_176078.4 ATP binding protein [Arabidopsis thaliana]
NP_176112.3,NP_176112,False,False,False,0.438,NBS_LRR,False,NP_176112.3 jacalin lectin-like protein [Arabidopsis thaliana]
NP_176122.2,NP_176122,False,False,False,0.348,NBS_LRR,False,NP_176122.2 cytochrome p450 79c2 [Arabidopsis thaliana]
NP_176135.1,NP_176135,True,True,True,2.062,NBS_LRR,True,NP_176135.1 Disease resistance protein (CC-NBS-LRR class) family [Arabidopsis thaliana]
NP_176137.1,NP_176137,True,True,True,1.939,NBS_LRR,True,NP_176137.1 Disease resistance protein (CC-NBS-LRR class) family [Arabidopsis thaliana]
NP_176151.2,NP_176151,True,True,True,2.012,NBS_LRR,True,NP_176151.2 Disease resistance protein (CC-NBS-LRR class) family [Arabidopsis thaliana]
NP_176153.1,NP_176153,True,True,True,2.14,NBS_LRR,True,NP_176153.1 Disease resistance protein (CC-NBS-LRR class) family [Arabidopsis thaliana]
NP_176191.1,NP_176191,False,False,False,1.369,cell_death_HR,False,NP_176191.1 aminophospholipid ATPase 3 [Arabidopsis thaliana]
NP_176196.1,NP_176196,False,False,False,1.108,antimicrobial,False,NP_176196.1 ABC-2 and Plant PDR ABC-type transporter family protein [Arabidopsis thaliana]
NP_176205.1,NP_176205,False,False,False,1.025,NBS_LRR,False,NP_176205.1 Matrixin family protein [Arabidopsis thaliana]
NP_176279.1,NP_176279,True,True,True,1.91,RLK_defense,True,NP_176279.1 NSP-interacting kinase 3 [Arabidopsis thaliana]
NP_176302.2,NP_176302,False,False,False,0.718,PR_proteins,False,NP_176302.2 low-molecular-weight cysteine-rich 66 [Arabidopsis thaliana]
NP_176313.1,NP_176313,True,True,True,2.235,NBS_LRR,True,NP_176313.1 LRR and NB-ARC domains-containing disease resistance protein [Arabidopsis thaliana]
NP_176325.2,NP_176325,True,True,True,2.091,NBS_LRR,True,NP_176325.2 LRR and NB-ARC domains-containing disease resistance protein [Arabidopsis thaliana]
NP_176326.2,NP_176326,True,True,True,2.242,NBS_LRR,True,NP_176326.2 LRR and NB-ARC domains-containing disease resistance protein [Arabidopsis thaliana]
NP_176341.3,NP_176341,True,True,False,1.586,RLK_defense,True,NP_176341.3 G-type lectin S-receptor-like Serine/Threonine-kinase [Arabidopsis thaliana]
NP_176343.2,NP_176343,False,True,False,1.593,NBS_LRR,True,NP_176343.2 S-locus lectin protein kinase family protein [Arabidopsis thaliana]
NP_176350.1,NP_176350,False,False,False,0.861,antimicrobial,False,NP_176350.1 Seven transmembrane MLO family protein [Arabidopsis thaliana]
NP_176352.1,NP_176352,False,False,False,0.311,antimicrobial,False,NP_176352.1 R-protein L3 B [Arabidopsis thaliana]
NP_176353.1,NP_176353,False,True,False,1.497,RLK_defense,True,NP_176353.1 Protein kinase superfamily protein [Arabidopsis thaliana]
NP_176428.1,NP_176428,False,False,False,1.026,NBS_LRR,True,NP_176428.1 ACC oxidase 2 [Arabidopsis thaliana]
NP_176511.1,NP_176511,False,False,False,0.814,cell_death_HR,False,NP_176511.1 Calcium-dependent lipid-binding (CaLB domain) family protein [Arabidopsis thaliana]
NP_176561.2,NP_176561,True,True,True,1.978,NBS_LRR,True,NP_176561.2 Disease resistance protein (TIR-NBS-LRR class) family [Arabidopsis thaliana]
NP_176572.1,NP_176572,True,True,True,1.944,NBS_LRR,True,NP_176572.1 Disease resistance protein (TIR-NBS-LRR class) family [Arabidopsis thaliana]
NP_176590.2,NP_176590,True,True,True,1.723,NBS_LRR,True,NP_176590.2 Disease resistance protein (TIR-NBS-LRR class) family [Arabidopsis thaliana]
NP_176599.2,NP_176599,False,False,False,1.321,cell_death_HR,False,NP_176599.2 cation/H+ exchanger 16 [Arabidopsis thaliana]
NP_176610.1,NP_176610,True,True,False,1.065,defense_signaling,True,NP_176610.1 regulatory protein (NPR1) [Arabidopsis thaliana]
NP_176636.1,NP_176636,False,False,False,1.278,antimicrobial,False,NP_176636.1 general control non-repressible 3 [Arabidopsis thaliana]
NP_176659.6,NP_176659,False,False,False,0.762,defense_signaling,False,NP_176659.6 ILITYHIA [Arabidopsis thaliana]
NP_176755.1,NP_176755,False,True,False,1.567,NBS_LRR,True,NP_176755.1 receptor kinase 1 [Arabidopsis thaliana]
NP_176760.2,NP_176760,False,True,True,1.391,NBS_LRR,True,NP_176760.2 Disease resistance protein (TIR-NBS-LRR class) family [Arabidopsis thaliana]
NP_176763.1,NP_176763,False,False,False,1.228,antimicrobial,False,NP_176763.1 benzoyloxyglucosinolate 1 [Arabidopsis thaliana]
NP_176768.1,NP_176768,False,False,False,0.957,antimicrobial,False,NP_176768.1 cytosolic NADP+-dependent isocitrate dehydrogenase [Arabidopsis thaliana]
NP_176799.2,NP_176799,True,False,True,1.397,PR_proteins,False,NP_176799.2 O-Glycosyl hydrolases family 17 protein [Arabidopsis thaliana]
NP_176801.1,NP_176801,False,False,False,1.252,PR_proteins,False,NP_176801.1 Glycosyl hydrolase superfamily protein [Arabidopsis thaliana]
NP_176802.1,NP_176802,False,False,False,1.21,PR_proteins,False,NP_176802.1 Glycosyl hydrolase superfamily protein [Arabidopsis thaliana]
NP_176808.3,NP_176808,False,False,False,1.01,antimicrobial,True,"NP_176808.3 Signal transduction histidine kinase, hybrid-type, ethylene sensor [Arabidopsis thaliana]"
NP_176870.2,NP_176870,True,True,False,1.345,PR_proteins,True,NP_176870.2 suppressor of npr1-1 constitutive 4 [Arabidopsis thaliana]
NP_176919.2,NP_176919,False,True,False,1.461,NBS_LRR,True,NP_176919.2 lectin protein kinase family protein [Arabidopsis thaliana]
NP_177077.3,NP_177077,False,False,False,0.307,defense_signaling,False,NP_177077.3 Squamosa promoter-binding protein-like (SBP domain) transcription factor family protein [Arabidopsis thaliana]
NP_177096.1,NP_177096,False,False,False,0.952,antimicrobial,False,NP_177096.1 chorismate mutase 3 [Arabidopsis thaliana]
NP_177103.1,NP_177103,False,False,False,0.977,antimicrobial,False,NP_177103.1 Argonaute family protein [Arabidopsis thaliana]
NP_177131.1,NP_177131,False,True,False,1.475,NBS_LRR,True,NP_177131.1 Wall-associated kinase family protein [Arabidopsis thaliana]
NP_177137.2,NP_177137,False,True,False,1.536,RLK_defense,True,NP_177137.2 Protein kinase superfamily protein [Arabidopsis thaliana]
NP_177152.2,NP_177152,False,False,False,1.163,PR_proteins,False,NP_177152.2 Pectin lyase-like superfamily protein [Arabidopsis thaliana]
NP_177168.1,NP_177168,True,True,False,1.671,RLK_defense,True,NP_177168.1 Concanavalin A-like lectin protein kinase family protein [Arabidopsis thaliana]
NP_177170.1,NP_177170,True,True,False,1.675,RLK_defense,True,NP_177170.1 Concanavalin A-like lectin protein kinase family protein [Arabidopsis thaliana]
NP_177174.1,NP_177174,False,False,False,0.983,PR_proteins,False,NP_177174.1 matrix metalloproteinase [Arabidopsis thaliana]
NP_177213.1,NP_177213,False,False,False,1.03,NBS_LRR,False,NP_177213.1 uncharacterized protein AT1G70560 [Arabidopsis thaliana]
NP_177227.5,NP_177227,False,False,False,0.436,defense_signaling,False,NP_177227.5 TIFY domain/Divergent CCT motif family protein [Arabidopsis thaliana]
NP_177240.3,NP_177240,False,False,False,0.195,cell_death_HR,False,NP_177240.3 MLP-like protein 28 [Arabidopsis thaliana]
NP_177241.3,NP_177241,False,False,False,0.613,NBS_LRR,False,NP_177241.3 MLP-like protein 31 [Arabidopsis thaliana]
NP_177244.1,NP_177244,False,False,False,0.575,NBS_LRR,False,NP_177244.1 Polyketide cyclase/dehydrase and lipid transport superfamily protein [Arabidopsis thaliana]
NP_177245.1,NP_177245,False,False,False,0.397,NBS_LRR,False,NP_177245.1 MLP-like protein 43 [Arabidopsis thaliana]
NP_177278.3,NP_177278,False,False,False,0.868,antimicrobial,False,NP_177278.3 EMS-MUTAGENIZED BRI1 SUPPRESSOR 1 [Arabidopsis thaliana]
NP_177282.2,NP_177282,False,False,False,0.938,cell_death_HR,False,NP_177282.2 WHIRLY 2 [Arabidopsis thaliana]
NP_177331.1,NP_177331,False,False,False,0.557,cell_death_HR,False,NP_177331.1 protein tyrosine phosphatase 1 [Arabidopsis thaliana]
NP_177338.1,NP_177338,False,False,False,0.552,defense_signaling,False,NP_177338.1 vascular related NAC-domain protein 7 [Arabidopsis thaliana]
NP_177373.1,NP_177373,False,False,False,0.618,RLK_defense,False,NP_177373.1 Kunitz family trypsin and protease inhibitor protein [Arabidopsis thaliana]
NP_177396.1,NP_177396,False,False,False,0.936,antimicrobial,False,NP_177396.1 PLAT/LH2 domain-containing lipoxygenase family protein [Arabidopsis thaliana]
NP_177429.2,NP_177429,True,True,True,2.148,NBS_LRR,True,NP_177429.2 Disease resistance protein (TIR-NBS-LRR class) family [Arabidopsis thaliana]
NP_177436.1,NP_177436,False,True,False,1.566,NBS_LRR,True,NP_177436.1 toll/interleukin-1 receptor-like protein [Arabidopsis thaliana]
NP_177451.1,NP_177451,True,True,True,1.654,RLK_defense,False,NP_177451.1 PEP1 receptor 1 [Arabidopsis thaliana]
NP_177492.1,NP_177492,False,False,False,1.069,cell_death_HR,True,NP_177492.1 MAP kinase kinase 9 [Arabidopsis thaliana]
NP_177538.1,NP_177538,False,False,False,0.993,antimicrobial,True,NP_177538.1 Phosphoribulokinase / Uridine kinase family [Arabidopsis thaliana]
NP_177548.1,NP_177548,False,False,False,0.676,defense_signaling,False,NP_177548.1 myb domain protein 122 [Arabidopsis thaliana]
NP_177550.1,NP_177550,False,False,False,0.92,NBS_LRR,False,NP_177550.1 sulfotransferase 16 [Arabidopsis thaliana]
NP_177631.1,NP_177631,False,False,False,0.691,defense_signaling,False,NP_177631.1 Integrase-type DNA-binding superfamily protein [Arabidopsis thaliana]
NP_177640.1,NP_177640,True,False,True,1.508,PR_proteins,True,NP_177640.1 thaumatin-like protein 3 [Arabidopsis thaliana]
NP_177671.1,NP_177671,False,False,False,1.196,cell_death_HR,True,NP_177671.1 bifunctional nuclease in basal defense response 1 [Arabidopsis thaliana]
NP_177722.1,NP_177722,False,False,False,1.092,PR_proteins,False,NP_177722.1 Glycosyl hydrolase superfamily protein [Arabidopsis thaliana]
NP_177735.1,NP_177735,False,False,False,0.478,cell_death_HR,False,NP_177735.1 chloroplastic drought-induced stress protein of 32 kD [Arabidopsis thaliana]
NP_177757.1,NP_177757,False,False,False,0.506,cell_death_HR,False,NP_177757.1 snRNP core protein SMD3 [Arabidopsis thaliana]
NP_177763.1,NP_177763,False,True,False,1.454,RLK_defense,True,NP_177763.1 Protein kinase superfamily protein [Arabidopsis thaliana]
NP_177862.1,NP_177862,False,False,False,0.824,cell_death_HR,False,NP_177862.1 amino acid permease 3 [Arabidopsis thaliana]
NP_177871.1,NP_177871,False,False,False,1.183,cell_death_HR,False,NP_177871.1 replication factor C subunit 3 [Arabidopsis thaliana]
NP_177886.2,NP_177886,False,False,False,0.887,RLK_defense,False,NP_177886.2 Peptidoglycan-binding LysM domain-containing protein [Arabidopsis thaliana]
NP_178052.1,NP_178052,False,True,False,1.066,cell_death_HR,False,NP_178052.1 metacaspase 4 [Arabidopsis thaliana]
NP_178085.1,NP_178085,False,True,False,1.563,RLK_defense,True,NP_178085.1 Wall-associated kinase family protein [Arabidopsis thaliana]
NP_178086.1,NP_178086,False,True,False,1.523,NBS_LRR,True,NP_178086.1 WALL ASSOCIATED KINASE (WAK)-LIKE 10 [Arabidopsis thaliana]
NP_178125.1,NP_178125,False,True,False,1.228,RLK_defense,True,NP_178125.1 Leucine-rich repeat (LRR) family protein [Arabidopsis thaliana]
NP_178161.1,NP_178161,False,False,False,0.977,cell_death_HR,False,NP_178161.1 Actin-like ATPase superfamily protein [Arabidopsis thaliana]
NP_178175.1,NP_178175,False,False,False,1.026,cell_death_HR,False,NP_178175.1 HOPW1-1-interacting 1 [Arabidopsis thaliana]
NP_178183.2,NP_178183,True,False,False,0.997,defense_signaling,True,NP_178183.2 SUPPRESSOR OF AUXIN RESISTANCE 3 [Arabidopsis thaliana]
NP_178193.1,NP_178193,False,False,False,0.805,cell_death_HR,False,"NP_178193.1 Polynucleotidyl transferase, ribonuclease H-like superfamily protein [Arabidopsis thaliana]"
NP_178197.1,NP_178197,False,False,False,1.189,antimicrobial,False,NP_178197.1 cinnamoyl coa reductase [Arabidopsis thaliana]
NP_178199.1,NP_178199,False,True,False,0.72,defense_signaling,True,NP_178199.1 WRKY DNA-binding protein 40 [Arabidopsis thaliana]
NP_178317.2,NP_178317,False,False,False,0.531,defense_signaling,False,NP_178317.2 indeterminate(ID)-domain 4 [Arabidopsis thaliana]
NP_178319.1,NP_178319,False,False,False,0.595,cell_death_HR,False,NP_178319.1 low-molecular-weight cysteine-rich 69 [Arabidopsis thaliana]
NP_178320.1,NP_178320,False,False,False,0.615,PR_proteins,False,NP_178320.1 Scorpion toxin-like knottin superfamily protein [Arabidopsis thaliana]
NP_178321.1,NP_178321,False,False,False,0.483,cell_death_HR,False,NP_178321.1 low-molecular-weight cysteine-rich 68 [Arabidopsis thaliana]
NP_178322.1,NP_178322,False,False,False,0.716,PR_proteins,False,NP_178322.1 low-molecular-weight cysteine-rich 72 [Arabidopsis thaliana]
NP_178330.1,NP_178330,True,True,True,1.742,RLK_defense,False,NP_178330.1 phytosulfokin receptor 1 [Arabidopsis thaliana]
NP_178377.2,NP_178377,False,False,False,0.793,cell_death_HR,False,NP_178377.2 ssDNA-binding transcriptional regulator [Arabidopsis thaliana]
NP_178383.1,NP_178383,False,True,False,1.552,RLK_defense,True,NP_178383.1 protein kinase 2B [Arabidopsis thaliana]
NP_178407.2,NP_178407,False,False,False,0.19,defense_signaling,False,NP_178407.2 mediator subunit 8 [Arabidopsis thaliana]
NP_178429.1,NP_178429,False,True,False,1.195,NBS_LRR,True,NP_178429.1 Toll-Interleukin-Resistance (TIR) domain family protein [Arabidopsis thaliana]
NP_178443.1,NP_178443,False,False,False,0.123,PR_proteins,False,NP_178443.1 nodulin-related protein 1 [Arabidopsis thaliana]
NP_178471.1,NP_178471,False,False,False,0.91,NBS_LRR,False,NP_178471.1 sulfotransferase 12 [Arabidopsis thaliana]
NP_178551.2,NP_178551,False,False,False,0.881,defense_signaling,False,NP_178551.2 ankyrin repeat family protein [Arabidopsis thaliana]
NP_178637.2,NP_178637,True,False,True,1.666,PR_proteins,False,NP_178637.2 O-Glycosyl hydrolases family 17 protein [Arabidopsis thaliana]
NP_178651.1,NP_178651,False,True,False,1.409,RLK_defense,True,NP_178651.1 Protein kinase superfamily protein [Arabidopsis thaliana]
NP_178731.2,NP_178731,False,True,False,1.395,RLK_defense,True,NP_178731.2 Protein kinase superfamily protein [Arabidopsis thaliana]
NP_178999.2,NP_178999,True,True,True,1.846,RLK_defense,True,NP_178999.2 somatic embryogenesis receptor-like kinase 4 [Arabidopsis thaliana]
NP_179000.3,NP_179000,True,True,True,1.855,RLK_defense,True,NP_179000.3 somatic embryogenesis receptor-like kinase 5 [Arabidopsis thaliana]
NP_179062.1,NP_179062,False,False,False,0.81,cell_death_HR,False,NP_179062.1 LURP-one-like protein (DUF567) [Arabidopsis thaliana]
NP_179064.1,NP_179064,False,True,True,0.728,PR_proteins,True,NP_179064.1 basic pathogenesis-related protein 1 [Arabidopsis thaliana]
NP_179150.3,NP_179150,False,False,False,1.106,NBS_LRR,False,NP_179150.3 UDP-glucosyl transferase 73B5 [Arabidopsis thaliana]
NP_179232.1,NP_179232,False,False,False,0.765,NBS_LRR,False,NP_179232.1 SNF2 domain-containing protein / helicase domain-containing protein [Arabidopsis thaliana]
NP_179297.2,NP_179297,True,True,True,2.092,NBS_LRR,True,NP_179297.2 disease resistance protein (TIR-NBS-LRR class) [Arabidopsis thaliana]
NP_179298.2,NP_179298,True,True,True,2.369,NBS_LRR,True,NP_179298.2 Disease resistance protein (TIR-NBS-LRR class) family [Arabidopsis thaliana]
NP_179318.1,NP_179318,False,False,False,1.128,antimicrobial,True,NP_179318.1 homoserine kinase [Arabidopsis thaliana]
NP_179323.1,NP_179323,False,False,False,1.23,NBS_LRR,False,NP_179323.1 F-box and associated interaction domains-containing protein [Arabidopsis thaliana]
NP_179335.3,NP_179335,False,False,False,0.796,defense_signaling,False,NP_179335.3 Seven transmembrane MLO family protein [Arabidopsis thaliana]
NP_179409.1,NP_179409,False,True,False,1.077,cell_death_HR,True,NP_179409.1 MAP kinase 7 [Arabidopsis thaliana]
NP_179469.1,NP_179469,False,False,False,1.222,antimicrobial,False,NP_179469.1 phytochrome B [Arabidopsis thaliana]
NP_179509.1,NP_179509,True,True,True,1.682,RLK_defense,True,NP_179509.1 FLG22-induced receptor-like kinase 1 [Arabidopsis thaliana]
NP_179534.1,NP_179534,True,False,True,1.703,PR_proteins,False,NP_179534.1 O-Glycosyl hydrolases family 17 protein [Arabidopsis thaliana]
NP_179549.1,NP_179549,False,False,False,1.085,NBS_LRR,True,NP_179549.1 ACC oxidase 1 [Arabidopsis thaliana]
NP_179566.1,NP_179566,False,False,False,0.866,antimicrobial,False,NP_179566.1 profilin 1 [Arabidopsis thaliana]
NP_179571.1,NP_179571,False,False,False,0.707,defense_signaling,False,NP_179571.1 CCCH-type zinc finger family protein [Arabidopsis thaliana]
NP_179589.1,NP_179589,True,True,True,1.435,PR_proteins,True,NP_179589.1 pathogenesis-related protein-1-like protein [Arabidopsis thaliana]
NP_179621.1,NP_179621,False,False,False,0.553,defense_signaling,False,NP_179621.1 RPM1 interacting protein 13 [Arabidopsis thaliana]
NP_179650.1,NP_179650,False,False,False,1.173,cell_death_HR,False,NP_179650.1 Tyrosine transaminase family protein [Arabidopsis thaliana]
NP_179708.2,NP_179708,False,False,False,0.305,cell_death_HR,False,"NP_179708.2 magnesium transporter, putative (DUF803) [Arabidopsis thaliana]"
NP_179760.1,NP_179760,False,False,False,-0.451,cell_death_HR,False,"NP_179760.1 cold, circadian rhythm, and rna binding 2 [Arabidopsis thaliana]"
NP_179791.1,NP_179791,False,False,False,0.231,defense_signaling,False,NP_179791.1 elicitor peptide 6 precursor [Arabidopsis thaliana]
NP_179812.1,NP_179812,False,False,False,1.017,antimicrobial,False,NP_179812.1 myo-inositol-1-phosphate synthase 2 [Arabidopsis thaliana]
NP_179820.2,NP_179820,False,False,False,0.142,NBS_LRR,False,"NP_179820.2 cytochrome P450, family 79, subfamily B, polypeptide 3 [Arabidopsis thaliana]"
NP_179896.1,NP_179896,False,False,False,1.041,cell_death_HR,True,NP_179896.1 natural resistance-associated macrophage protein 3 [Arabidopsis thaliana]
NP_179937.1,NP_179937,False,False,False,1.077,NBS_LRR,False,NP_179937.1 methyl esterase 7 [Arabidopsis thaliana]
NP_179943.1,NP_179943,False,False,False,1.147,NBS_LRR,False,NP_179943.1 methyl esterase 1 [Arabidopsis thaliana]
NP_179957.1,NP_179957,False,True,False,1.583,RLK_defense,True,NP_179957.1 protein kinase family protein / peptidoglycan-binding LysM domain-containing protein [Arabidopsis thaliana]
NP_180072.1,NP_180072,False,False,False,0.712,defense_signaling,True,NP_180072.1 WRKY DNA-binding protein 60 [Arabidopsis thaliana]
NP_180171.1,NP_180171,False,False,False,0.792,PR_proteins,True,NP_180171.1 plant defensin 1.3 [Arabidopsis thaliana]
NP_180172.1,NP_180172,False,False,False,0.831,PR_proteins,True,NP_180172.1 plant defensin 1.2b [Arabidopsis thaliana]
NP_180197.1,NP_180197,False,True,False,1.43,RLK_defense,True,NP_180197.1 root-specific kinase 1 [Arabidopsis thaliana]
NP_180201.1,NP_180201,True,True,True,1.811,RLK_defense,True,NP_180201.1 Leucine-rich receptor-like protein kinase family protein [Arabidopsis thaliana]
NP_180255.1,NP_180255,False,False,False,1.273,PR_proteins,False,NP_180255.1 non-specific phospholipase C2 [Arabidopsis thaliana]
NP_180273.1,NP_180273,False,False,False,0.572,defense_signaling,True,NP_180273.1 ETHYLENE-INSENSITIVE3-like 1 [Arabidopsis thaliana]
NP_180426.1,NP_180426,False,True,False,1.399,RLK_defense,True,NP_180426.1 Protein kinase superfamily protein [Arabidopsis thaliana]
NP_180459.2,NP_180459,False,True,False,1.516,RLK_defense,True,NP_180459.2 protein kinase 1B [Arabidopsis thaliana]
NP_180485.1,NP_180485,True,False,False,1.659,RLK_defense,True,NP_180485.1 Concanavalin A-like lectin protein kinase family protein [Arabidopsis thaliana]
NP_180488.1,NP_180488,True,True,False,1.619,RLK_defense,True,NP_180488.1 Concanavalin A-like lectin protein kinase family protein [Arabidopsis thaliana]
NP_180496.1,NP_180496,False,False,False,0.486,cell_death_HR,False,NP_180496.1 senescence-associated gene 13 [Arabidopsis thaliana]
NP_180507.1,NP_180507,False,False,False,0.923,antimicrobial,False,NP_180507.1 glutathione S-transferase tau 4 [Arabidopsis thaliana]
NP_180633.3,NP_180633,False,False,False,0.721,NBS_LRR,False,NP_180633.3 cytochrome P450 family 71 polypeptide [Arabidopsis thaliana]
NP_180635.3,NP_180635,False,False,False,0.751,NBS_LRR,False,NP_180635.3 cytochrome P450 family 71 polypeptide [Arabidopsis thaliana]
NP_180643.1,NP_180643,False,False,False,0.847,antimicrobial,False,NP_180643.1 glutathione S-transferase PHI 9 [Arabidopsis thaliana]
NP_180747.1,NP_180747,True,True,True,1.835,RLK_defense,True,NP_180747.1 Leucine-rich repeat protein kinase family protein [Arabidopsis thaliana]
NP_180758.1,NP_180758,False,False,False,0.999,PR_proteins,False,NP_180758.1 PHYTOCYSTATIN 2 [Arabidopsis thaliana]
NP_180773.3,NP_180773,False,True,False,1.119,NBS_LRR,False,NP_180773.3 transmembrane receptor [Arabidopsis thaliana]
NP_180827.1,NP_180827,False,True,False,1.489,NBS_LRR,False,NP_180827.1 receptor like protein 23 [Arabidopsis thaliana]
NP_180845.2,NP_180845,False,False,False,1.196,PR_proteins,False,NP_180845.2 beta glucosidase 33 [Arabidopsis thaliana]
NP_180853.2,NP_180853,False,False,False,1.122,antimicrobial,False,NP_180853.2 Argonaute family protein [Arabidopsis thaliana]
NP_180896.1,NP_180896,False,False,False,1.172,cell_death_HR,False,NP_180896.1 Caleosin-related family protein [Arabidopsis thaliana]
NP_180912.2,NP_180912,False,False,False,0.293,defense_signaling,False,NP_180912.2 C-terminal domain phosphatase-like 3 [Arabidopsis thaliana]
NP_180916.1,NP_180916,False,True,False,1.576,RLK_defense,True,NP_180916.1 Protein kinase superfamily protein [Arabidopsis thaliana]
NP_180923.1,NP_180923,False,False,False,0.925,PR_proteins,False,NP_180923.1 Seven transmembrane MLO family protein [Arabidopsis thaliana]
NP_181007.1,NP_181007,False,False,False,0.445,NBS_LRR,False,NP_181007.1 jasmonate-zim-domain protein 7 [Arabidopsis thaliana]
NP_181016.1,NP_181016,False,False,False,0.912,antimicrobial,False,NP_181016.1 Glycolipid transfer protein (GLTP) family protein [Arabidopsis thaliana]
NP_181045.1,NP_181045,False,False,False,0.538,defense_signaling,False,NP_181045.1 RING/U-box superfamily protein [Arabidopsis thaliana]
NP_181056.2,NP_181056,False,False,False,0.668,defense_signaling,False,NP_181056.2 transcription activator [Arabidopsis thaliana]
NP_181137.2,NP_181137,False,False,False,1.403,NBS_LRR,False,NP_181137.2 plant U-box 23 [Arabidopsis thaliana]
NP_181140.1,NP_181140,False,False,False,0.394,cell_death_HR,False,NP_181140.1 NDR1/HIN1-like 12 [Arabidopsis thaliana]
NP_181142.1,NP_181142,False,False,False,0.364,cell_death_HR,False,NP_181142.1 Late embryogenesis abundant (LEA) hydroxyproline-rich glycoprotein family [Arabidopsis thaliana]
NP_181186.1,NP_181186,False,False,False,0.654,defense_signaling,False,NP_181186.1 Integrase-type DNA-binding superfamily protein [Arabidopsis thaliana]
NP_181190.3,NP_181190,False,False,False,0.387,defense_signaling,False,NP_181190.3 demeter-like 1 [Arabidopsis thaliana]
NP_181241.1,NP_181241,True,True,False,1.862,antimicrobial,False,NP_181241.1 PHE ammonia lyase 1 [Arabidopsis thaliana]
NP_181250.1,NP_181250,False,False,False,0.989,PR_proteins,True,NP_181250.1 Peroxidase superfamily protein [Arabidopsis thaliana]
NP_181259.1,NP_181259,False,False,False,0.477,RLK_defense,False,NP_181259.1 RNA-binding (RRM/RBD/RNP motifs) family protein [Arabidopsis thaliana]
NP_181299.1,NP_181299,False,False,False,0.858,defense_signaling,False,NP_181299.1 myb-like HTH transcriptional regulator family protein [Arabidopsis thaliana]
NP_181307.1,NP_181307,True,True,False,1.613,RLK_defense,True,NP_181307.1 receptor lectin kinase [Arabidopsis thaliana]
NP_181359.1,NP_181359,False,False,False,0.836,NBS_LRR,False,NP_181359.1 2-oxoglutarate (2OG) and Fe(II)-dependent oxygenase superfamily protein [Arabidopsis thaliana]
NP_181381.2,NP_181381,False,True,False,0.431,defense_signaling,True,NP_181381.2 WRKY DNA-binding protein 33 [Arabidopsis thaliana]
NP_181455.1,NP_181455,False,False,False,0.962,antimicrobial,False,NP_181455.1 PATATIN-like protein 6 [Arabidopsis thaliana]
NP_181459.4,NP_181459,False,False,False,1.102,cell_death_HR,False,NP_181459.4 regulator of nonsense transcripts UPF2 [Arabidopsis thaliana]
NP_181496.1,NP_181496,False,True,False,1.526,RLK_defense,True,NP_181496.1 botrytis-induced kinase1 [Arabidopsis thaliana]
NP_181507.1,NP_181507,False,False,False,0.817,antimicrobial,False,NP_181507.1 Glucose-1-phosphate adenylyltransferase family protein [Arabidopsis thaliana]
NP_181529.1,NP_181529,False,False,False,0.852,defense_signaling,False,NP_181529.1 ortholog of sugar beet HS1 PRO-1 2 [Arabidopsis thaliana]
NP_181532.2,NP_181532,False,False,False,0.687,defense_signaling,False,NP_181532.2 nuclear RNA polymerase D1B [Arabidopsis thaliana]
NP_181551.1,NP_181551,False,False,False,0.206,defense_signaling,False,NP_181551.1 Integrase-type DNA-binding superfamily protein [Arabidopsis thaliana]
NP_181607.1,NP_181607,False,True,False,0.443,defense_signaling,True,NP_181607.1 WRKY DNA-binding protein 54 [Arabidopsis thaliana]
NP_181620.1,NP_181620,False,False,False,0.951,PR_proteins,False,NP_181620.1 cystatin A [Arabidopsis thaliana]
NP_181635.2,NP_181635,False,False,False,0.413,defense_signaling,False,NP_181635.2 WW domain-containing protein [Arabidopsis thaliana]
NP_181639.1,NP_181639,False,False,False,0.863,cell_death_HR,False,NP_181639.1 RNA-binding (RRM/RBD/RNP motifs) family protein [Arabidopsis thaliana]
NP_181668.1,NP_181668,False,False,False,0.81,cell_death_HR,False,NP_181668.1 Ankyrin repeat family protein / BTB/POZ domain-containing protein [Arabidopsis thaliana]
NP_181679.4,NP_181679,False,False,False,1.085,PR_proteins,True,NP_181679.4 peroxidase superfamily protein [Arabidopsis thaliana]
NP_181687.1,NP_181687,False,False,False,1.258,antimicrobial,False,"NP_181687.1 autoinhibited Ca(2+)-ATPase, isoform 4 [Arabidopsis thaliana]"
NP_181730.1,NP_181730,False,False,False,0.694,defense_signaling,False,NP_181730.1 late embryogenesis abundant protein [Arabidopsis thaliana]
NP_181755.1,NP_181755,False,False,False,0.048,defense_signaling,False,NP_181755.1 uv-b-insensitive 4 [Arabidopsis thaliana]
NP_181781.1,NP_181781,False,False,False,0.018,defense_signaling,False,NP_181781.1 cold regulated 15b [Arabidopsis thaliana]
NP_181879.1,NP_181879,False,False,False,0.422,RLK_defense,False,NP_181879.1 trypsin inhibitor protein 1 [Arabidopsis thaliana]
NP_181880.1,NP_181880,False,False,False,0.482,PR_proteins,False,NP_181880.1 trypsin inhibitor protein 2 [Arabidopsis thaliana]
NP_181881.2,NP_181881,False,False,False,0.448,RLK_defense,False,NP_181881.2 scorpion toxin-like knottin superfamily protein [Arabidopsis thaliana]
NP_181885.1,NP_181885,True,True,True,2.124,PR_proteins,True,NP_181885.1 chitinase [Arabidopsis thaliana]
NP_181897.1,NP_181897,True,True,False,1.692,RLK_defense,True,NP_181897.1 Concanavalin A-like lectin protein kinase family protein [Arabidopsis thaliana]
NP_181898.1,NP_181898,True,True,False,1.715,RLK_defense,True,NP_181898.1 Concanavalin A-like lectin protein kinase family protein [Arabidopsis thaliana]
NP_181899.1,NP_181899,False,False,False,1.209,cell_death_HR,False,NP_181899.1 Plant stearoyl-acyl-carrier-protein desaturase family protein [Arabidopsis thaliana]
NP_181907.1,NP_181907,False,True,False,1.233,cell_death_HR,True,NP_181907.1 MAP kinase 6 [Arabidopsis thaliana]
NP_181913.3,NP_181913,False,True,False,0.997,antimicrobial,True,NP_181913.3 Integrin-linked protein kinase family [Arabidopsis thaliana]
NP_181919.1,NP_181919,False,False,False,1.259,antimicrobial,False,NP_181919.1 HARMLESS TO OZONE LAYER 1 [Arabidopsis thaliana]
NP_181939.1,NP_181939,False,False,False,0.908,antimicrobial,False,NP_181939.1 Seven transmembrane MLO family protein [Arabidopsis thaliana]
NP_181972.2,NP_181972,False,False,False,0.748,defense_signaling,False,NP_181972.2 Emsy N Terminus (ENT) domain-containing protein [Arabidopsis thaliana]
NP_181977.1,NP_181977,False,False,False,1.169,PR_proteins,False,NP_181977.1 Glycosyl hydrolase superfamily protein [Arabidopsis thaliana]
NP_182011.1,NP_182011,False,False,False,0.582,defense_signaling,True,NP_182011.1 ethylene-responsive element binding factor 13 [Arabidopsis thaliana]
NP_182022.2,NP_182022,False,False,False,0.698,defense_signaling,False,NP_182022.2 histone mono-ubiquitination 1 [Arabidopsis thaliana]
NP_182100.2,NP_182100,False,False,False,0.73,NBS_LRR,False,NP_182100.2 BON association protein 2 [Arabidopsis thaliana]
NP_182106.1,NP_182106,False,False,False,0.123,defense_signaling,False,NP_182106.1 Remorin family protein [Arabidopsis thaliana]
NP_182113.2,NP_182113,False,False,False,0.275,defense_signaling,False,NP_182113.2 RHO guanyl-nucleotide exchange factor 4 [Arabidopsis thaliana]
NP_182147.1,NP_182147,False,False,False,0.127,defense_signaling,False,NP_182147.1 BCL-2-associated athanogene 6 [Arabidopsis thaliana]
NP_182153.2,NP_182153,False,False,False,0.595,RLK_defense,False,NP_182153.2 Late embryogenesis abundant (LEA) hydroxyproline-rich glycoprotein family [Arabidopsis thaliana]
NP_182163.1,NP_182163,False,True,False,0.598,defense_signaling,True,NP_182163.1 WRKY DNA-binding protein 46 [Arabidopsis thaliana]
NP_182167.2,NP_182167,False,False,False,0.965,NBS_LRR,False,NP_182167.2 cyclic nucleotide-gated channels [Arabidopsis thaliana]
NP_182235.1,NP_182235,False,False,False,0.59,antimicrobial,False,NP_182235.1 NAD(P)-binding Rossmann-fold superfamily protein [Arabidopsis thaliana]
NP_182274.1,NP_182274,False,False,False,0.644,defense_signaling,False,NP_182274.1 Integrase-type DNA-binding superfamily protein [Arabidopsis thaliana]
NP_186770.3,NP_186770,False,False,False,0.946,cell_death_HR,False,NP_186770.3 RNA-binding (RRM/RBD/RNP motifs) family protein [Arabidopsis thaliana]
NP_186777.1,NP_186777,False,False,False,0.188,cell_death_HR,False,NP_186777.1 voltage dependent anion channel 1 [Arabidopsis thaliana]
NP_186779.1,NP_186779,False,True,False,1.347,RLK_defense,True,NP_186779.1 Protein kinase superfamily protein [Arabidopsis thaliana]
NP_186791.1,NP_186791,False,False,False,0.324,antimicrobial,True,NP_186791.1 Peroxidase superfamily protein [Arabidopsis thaliana]
NP_186799.2,NP_186799,False,False,False,1.16,cell_death_HR,False,NP_186799.2 carbonic anhydrase 1 [Arabidopsis thaliana]
NP_186817.1,NP_186817,False,False,False,0.985,PR_proteins,False,NP_186817.1 sieve element occlusion amino-terminus protein [Arabidopsis thaliana]
NP_186857.1,NP_186857,False,False,False,0.994,PR_proteins,False,NP_186857.1 Ribosomal protein S19e family protein [Arabidopsis thaliana]
NP_186995.1,NP_186995,False,False,False,1.078,cell_death_HR,False,NP_186995.1 RGA-like 2 [Arabidopsis thaliana]
NP_187014.1,NP_187014,False,False,False,1.218,PR_proteins,False,NP_187014.1 beta glucosidase 25 [Arabidopsis thaliana]
NP_187047.1,NP_187047,False,False,False,0.803,defense_signaling,False,NP_187047.1 ARM repeat superfamily protein [Arabidopsis thaliana]
NP_187051.3,NP_187051,True,False,True,1.825,PR_proteins,False,NP_187051.3 O-Glycosyl hydrolases family 17 protein [Arabidopsis thaliana]
NP_187123.1,NP_187123,True,False,False,1.621,PR_proteins,True,NP_187123.1 pathogenesis-related 4 [Arabidopsis thaliana]
NP_187125.1,NP_187125,False,False,False,0.81,defense_signaling,False,NP_187125.1 RNA polymerase II transcription mediator [Arabidopsis thaliana]
NP_187187.1,NP_187187,False,True,False,1.35,NBS_LRR,False,NP_187187.1 receptor like protein 30 [Arabidopsis thaliana]
NP_187274.1,NP_187274,False,False,False,1.172,RLK_defense,True,NP_187274.1 MAP kinase kinase 8 [Arabidopsis thaliana]
NP_187301.1,NP_187301,False,False,False,0.661,defense_signaling,False,NP_187301.1 myb domain protein 108 [Arabidopsis thaliana]
NP_187307.3,NP_187307,False,False,False,0.853,antimicrobial,False,NP_187307.3 O-acetyltransferase family protein [Arabidopsis thaliana]
NP_187354.1,NP_187354,False,False,False,0.476,defense_signaling,False,NP_187354.1 DEA(D/H)-box RNA helicase family protein [Arabidopsis thaliana]
NP_187360.1,NP_187360,True,True,True,2.338,NBS_LRR,True,NP_187360.1 NB-ARC domain-containing disease resistance protein [Arabidopsis thaliana]
NP_187401.1,NP_187401,False,False,False,0.645,PR_proteins,False,NP_187401.1 Bifunctional inhibitor/lipid-transfer protein/seed storage 2S albumin superfamily protein [Arabidopsis thaliana]
NP_187464.1,NP_187464,False,False,False,1.265,cell_death_HR,False,NP_187464.1 phospholipase C 2 [Arabidopsis thaliana]
NP_187499.1,NP_187499,True,True,False,1.683,RLK_defense,True,NP_187499.1 Concanavalin A-like lectin protein kinase family protein [Arabidopsis thaliana]
NP_187508.5,NP_187508,False,False,False,0.972,antimicrobial,False,NP_187508.5 ARM repeat superfamily protein [Arabidopsis thaliana]
NP_187515.1,NP_187515,False,False,False,0.693,antimicrobial,False,NP_187515.1 BTB/POZ domain-containing protein [Arabidopsis thaliana]
NP_187531.1,NP_187531,False,False,False,0.954,cell_death_HR,False,NP_187531.1 Ribosomal protein L10 family protein [Arabidopsis thaliana]
NP_187537.1,NP_187537,False,False,False,1.247,PR_proteins,False,NP_187537.1 Glycosyl hydrolase superfamily protein [Arabidopsis thaliana]
NP_187582.1,NP_187582,False,False,False,0.6,defense_signaling,False,NP_187582.1 IQ-domain 1 [Arabidopsis thaliana]
NP_187594.1,NP_187594,False,True,False,1.502,RLK_defense,True,NP_187594.1 Protein kinase superfamily protein [Arabidopsis thaliana]
NP_187609.2,NP_187609,False,False,False,0.614,defense_signaling,False,NP_187609.2 ankyrin repeat 30A-like protein (DUF662) [Arabidopsis thaliana]
NP_187630.1,NP_187630,False,False,False,0.734,NBS_LRR,False,NP_187630.1 Calcium-binding EF-hand family protein [Arabidopsis thaliana]
NP_187650.4,NP_187650,True,False,False,1.012,defense_signaling,False,NP_187650.4 protein FLOWERING locus D-like protein [Arabidopsis thaliana]
NP_187679.1,NP_187679,False,False,False,0.036,defense_signaling,False,NP_187679.1 HSP20-like chaperones superfamily protein [Arabidopsis thaliana]
NP_187728.1,NP_187728,False,False,False,0.98,NBS_LRR,False,NP_187728.1 2-oxoglutarate (2OG) and Fe(II)-dependent oxygenase superfamily protein [Arabidopsis thaliana]
NP_187733.1,NP_187733,False,False,False,0.782,defense_signaling,False,NP_187733.1 arginine-tRNA protein transferase 2 [Arabidopsis thaliana]
NP_187734.1,NP_187734,False,False,False,0.925,cell_death_HR,False,NP_187734.1 Ribosomal protein L10 family protein [Arabidopsis thaliana]
NP_187742.1,NP_187742,False,False,False,1.265,NBS_LRR,False,NP_187742.1 UDP-Glycosyltransferase superfamily protein [Arabidopsis thaliana]
NP_187748.1,NP_187748,False,False,False,0.854,cell_death_HR,False,NP_187748.1 protein phosphatase 2CA [Arabidopsis thaliana]
NP_187755.2,NP_187755,False,False,False,1.235,NBS_LRR,False,NP_187755.2 S-adenosyl-L-methionine-dependent methyltransferases superfamily protein [Arabidopsis thaliana]
NP_187788.1,NP_187788,True,False,False,1.509,cell_death_HR,False,NP_187788.1 syntaxin of plants 121 [Arabidopsis thaliana]
NP_187821.1,NP_187821,False,False,False,0.742,cell_death_HR,False,NP_187821.1 Emsy N Terminus (ENT)/ plant Tudor-like domains-containing protein [Arabidopsis thaliana]
NP_187965.1,NP_187965,True,False,True,1.502,PR_proteins,False,NP_187965.1 O-Glycosyl hydrolases family 17 protein [Arabidopsis thaliana]
NP_188048.1,NP_188048,True,False,False,1.429,PR_proteins,False,NP_188048.1 pectin methylesterase 3 [Arabidopsis thaliana]
NP_188064.1,NP_188064,True,True,True,2.242,NBS_LRR,True,NP_188064.1 LRR and NB-ARC domains-containing disease resistance protein [Arabidopsis thaliana]
NP_188065.1,NP_188065,True,True,True,2.292,NBS_LRR,True,NP_188065.1 NB-ARC domain-containing disease resistance protein [Arabidopsis thaliana]
NP_188102.5,NP_188102,True,True,True,1.727,RLK_defense,True,NP_188102.5 Leucine-rich repeat transmembrane protein kinase [Arabidopsis thaliana]
NP_188119.1,NP_188119,False,False,False,0.669,cell_death_HR,False,NP_188119.1 RNA-binding (RRM/RBD/RNP motifs) family protein [Arabidopsis thaliana]
NP_188139.1,NP_188139,False,False,False,0.405,defense_signaling,True,NP_188139.1 ethylene responsive element binding factor 4 [Arabidopsis thaliana]
NP_188158.4,NP_188158,False,False,False,0.767,defense_signaling,False,NP_188158.4 silencing defective 5 [Arabidopsis thaliana]
NP_188191.1,NP_188191,True,True,True,1.704,NBS_LRR,False,NP_188191.1 P-loop containing nucleoside triphosphate hydrolases superfamily protein [Arabidopsis thaliana]
NP_188224.1,NP_188224,False,True,False,1.491,RLK_defense,True,NP_188224.1 lectin protein kinase family protein [Arabidopsis thaliana]
NP_188272.1,NP_188272,False,False,False,0.471,PR_proteins,False,NP_188272.1 Calcium-dependent lipid-binding (CaLB domain) family protein [Arabidopsis thaliana]
NP_188294.1,NP_188294,False,False,False,0.605,defense_signaling,False,NP_188294.1 TOXICOS EN LEVADURA 2 [Arabidopsis thaliana]
NP_188425.2,NP_188425,False,False,False,0.986,cell_death_HR,False,NP_188425.2 Calcium-dependent lipid-binding (CaLB domain) family protein [Arabidopsis thaliana]
NP_188465.1,NP_188465,False,False,False,0.112,defense_signaling,False,NP_188465.1 VQ motif-containing protein [Arabidopsis thaliana]
NP_188478.1,NP_188478,False,False,False,0.499,PR_proteins,False,NP_188478.1 Eukaryotic aspartyl protease family protein [Arabidopsis thaliana]
NP_188550.3,NP_188550,False,False,False,0.624,defense_signaling,False,NP_188550.3 autophagy 2 [Arabidopsis thaliana]
NP_188603.1,NP_188603,False,True,True,1.127,PR_proteins,True,"NP_188603.1 CAP (Cysteine-rich secretory proteins, Antigen 5, and Pathogenesis-related 1 protein) superfamily protein [Arabidopsis thaliana]"
NP_188666.1,NP_188666,False,False,False,0.298,defense_signaling,True,NP_188666.1 ethylene response factor 7 [Arabidopsis thaliana]
NP_188689.1,NP_188689,False,True,False,1.441,RLK_defense,True,NP_188689.1 Protein kinase superfamily protein [Arabidopsis thaliana]
NP_188695.2,NP_188695,False,True,False,0.294,defense_signaling,False,NP_188695.2 Late embryogenesis abundant (LEA) hydroxyproline-rich glycoprotein family [Arabidopsis thaliana]
NP_188696.1,NP_188696,False,True,False,0.201,RLK_defense,False,NP_188696.1 Late embryogenesis abundant (LEA) hydroxyproline-rich glycoprotein family [Arabidopsis thaliana]
NP_188713.1,NP_188713,False,False,False,0.636,defense_signaling,True,NP_188713.1 Ethylene insensitive 3 family protein [Arabidopsis thaliana]
NP_188745.1,NP_188745,False,False,False,0.21,defense_signaling,False,NP_188745.1 ABC transporter-like protein [Arabidopsis thaliana]
NP_188746.2,NP_188746,False,False,False,1.103,antimicrobial,False,NP_188746.2 ABC-2 type transporter family protein [Arabidopsis thaliana]
NP_188759.1,NP_188759,False,False,False,1.306,cell_death_HR,True,NP_188759.1 MAP kinase kinase 5 [Arabidopsis thaliana]
NP_188774.2,NP_188774,False,False,False,1.133,PR_proteins,False,NP_188774.2 beta glucosidase 19 [Arabidopsis thaliana]
NP_188802.1,NP_188802,False,False,False,1.086,antimicrobial,False,NP_188802.1 Protein phosphatase 2A regulatory B subunit family protein [Arabidopsis thaliana]
NP_188879.2,NP_188879,False,False,False,0.908,antimicrobial,False,NP_188879.2 PLAT/LH2 domain-containing lipoxygenase family protein [Arabidopsis thaliana]
NP_188965.1,NP_188965,False,False,False,0.591,defense_signaling,True,NP_188965.1 ethylene response factor 1 [Arabidopsis thaliana]
NP_188997.1,NP_188997,False,False,False,-0.479,cell_death_HR,False,NP_188997.1 MATE efflux family protein [Arabidopsis thaliana]
NP_189020.2,NP_189020,False,False,False,1.048,antimicrobial,False,NP_189020.2 nuclear RNA polymerase D2A [Arabidopsis thaliana]
NP_189024.1,NP_189024,False,False,False,0.854,antimicrobial,False,NP_189024.1 UDP-D-glucuronate 4-epimerase 6 [Arabidopsis thaliana]
NP_189076.1,NP_189076,True,True,True,1.526,PR_proteins,False,NP_189076.1 O-Glycosyl hydrolases family 17 protein [Arabidopsis thaliana]
NP_189094.1,NP_189094,False,False,False,0.47,RLK_defense,True,NP_189094.1 Defensin-like (DEFL) family protein [Arabidopsis thaliana]
NP_189123.2,NP_189123,False,True,False,1.403,RLK_defense,True,NP_189123.2 Protein kinase superfamily protein [Arabidopsis thaliana]
NP_189124.1,NP_189124,False,False,False,0.882,NBS_LRR,False,NP_189124.1 proteolysis 1 [Arabidopsis thaliana]
NP_189138.1,NP_189138,False,True,False,1.466,NBS_LRR,False,NP_189138.1 receptor like protein 42 [Arabidopsis thaliana]
NP_189143.2,NP_189143,False,False,False,0.356,cell_death_HR,False,NP_189143.2 RPM1 interacting protein 4 [Arabidopsis thaliana]
NP_189154.1,NP_189154,False,False,False,0.983,NBS_LRR,False,"NP_189154.1 cytochrome P450, family 82, subfamily G, polypeptide 1 [Arabidopsis thaliana]"
NP_189162.1,NP_189162,False,False,False,0.913,RLK_defense,True,"NP_189162.1 AGC (cAMP-dependent, cGMP-dependent and protein kinase C) kinase family protein [Arabidopsis thaliana]"
NP_189183.2,NP_189183,True,True,True,1.892,RLK_defense,True,NP_189183.2 NSP-interacting kinase 2 [Arabidopsis thaliana]
NP_189231.1,NP_189231,False,False,False,1.193,cell_death_HR,False,NP_189231.1 Protein phosphatase 2A regulatory B subunit family protein [Arabidopsis thaliana]
NP_189266.1,NP_189266,False,False,False,0.435,defense_signaling,True,NP_189266.1 proline-rich receptor-like kinase [Arabidopsis thaliana]
NP_189276.1,NP_189276,False,False,False,0.625,NBS_LRR,False,NP_189276.1 Polyketide cyclase/dehydrase and lipid transport superfamily protein [Arabidopsis thaliana]
NP_189277.1,NP_189277,False,False,False,0.6,NBS_LRR,False,NP_189277.1 Polyketide cyclase/dehydrase and lipid transport superfamily protein [Arabidopsis thaliana]
NP_189318.1,NP_189318,False,False,False,1.049,NBS_LRR,False,NP_189318.1 Cytochrome P450 superfamily protein [Arabidopsis thaliana]
NP_189404.2,NP_189404,False,False,False,0.718,defense_signaling,False,NP_189404.2 ARM repeat superfamily protein [Arabidopsis thaliana]
NP_189486.1,NP_189486,True,True,True,1.864,RLK_defense,True,NP_189486.1 Leucine-rich repeat protein kinase family protein [Arabidopsis thaliana]
NP_189510.2,NP_189510,False,True,False,1.426,RLK_defense,True,NP_189510.2 Protein kinase superfamily protein [Arabidopsis thaliana]
NP_189516.1,NP_189516,False,False,False,0.81,NBS_LRR,False,NP_189516.1 Cytochrome P450 superfamily protein [Arabidopsis thaliana]
NP_189533.1,NP_189533,False,False,False,0.725,defense_signaling,False,NP_189533.1 myb domain protein 30 [Arabidopsis thaliana]
NP_189535.1,NP_189535,False,False,False,0.902,antimicrobial,False,NP_189535.1 AIG2-like (avirulence induced gene) family protein [Arabidopsis thaliana]
NP_189586.1,NP_189586,False,False,False,0.961,NBS_LRR,False,NP_189586.1 exocyst subunit exo70 family protein E1 [Arabidopsis thaliana]
NP_189695.1,NP_189695,False,False,False,-0.707,defense_signaling,False,NP_189695.1 qua-quine starch [Arabidopsis thaliana]
NP_189701.3,NP_189701,True,False,False,1.397,antimicrobial,True,NP_189701.3 Methylenetetrahydrofolate reductase family protein [Arabidopsis thaliana]
NP_189916.4,NP_189916,False,False,False,1.169,antimicrobial,False,NP_189916.4 HOPM interactor 7 [Arabidopsis thaliana]
NP_189930.1,NP_189930,False,False,False,0.596,NBS_LRR,False,NP_189930.1 jasmonate-zim-domain protein 11 [Arabidopsis thaliana]
NP_189958.1,NP_189958,False,False,False,0.445,RLK_defense,False,NP_189958.1 Bifunctional inhibitor/lipid-transfer protein/seed storage 2S albumin superfamily protein [Arabidopsis thaliana]
NP_189960.2,NP_189960,False,True,False,1.352,RLK_defense,True,NP_189960.2 Leucine-rich repeat (LRR) family protein [Arabidopsis thaliana]
NP_189967.1,NP_189967,False,False,False,0.486,cell_death_HR,False,NP_189967.1 calmodulin 7 [Arabidopsis thaliana]
NP_189978.1,NP_189978,False,False,False,1.277,NBS_LRR,False,NP_189978.1 dicer-like 3 [Arabidopsis thaliana]
NP_190008.1,NP_190008,False,False,False,0.06,cell_death_HR,False,NP_190008.1 Late embryogenesis abundant (LEA) hydroxyproline-rich glycoprotein family [Arabidopsis thaliana]
NP_190024.1,NP_190024,False,False,False,0.644,RLK_defense,False,NP_190024.1 Late embryogenesis abundant (LEA) hydroxyproline-rich glycoprotein family [Arabidopsis thaliana]
NP_190026.1,NP_190026,True,True,True,1.949,NBS_LRR,True,NP_190026.1 Disease resistance protein (TIR-NBS-LRR class) family [Arabidopsis thaliana]
NP_190034.2,NP_190034,False,True,True,1.263,NBS_LRR,True,NP_190034.2 Disease resistance protein (TIR-NBS-LRR class) family [Arabidopsis thaliana]
NP_190049.1,NP_190049,True,True,True,1.8,NBS_LRR,True,NP_190049.1 Disease resistance protein (TIR-NBS-LRR class) family [Arabidopsis thaliana]
NP_190053.3,NP_190053,True,True,True,1.708,NBS_LRR,True,NP_190053.3 Disease resistance protein (TIR-NBS-LRR class) family [Arabidopsis thaliana]
NP_190058.1,NP_190058,True,False,False,1.455,cell_death_HR,False,NP_190058.1 arogenate dehydratase 4 [Arabidopsis thaliana]
NP_190074.1,NP_190074,False,False,False,1.245,cell_death_HR,False,NP_190074.1 Pheophorbide a oxygenase family protein with Rieske 2Fe-2S domain-containing protein [Arabidopsis thaliana]
NP_190119.1,NP_190119,True,True,False,1.7,RLK_defense,True,NP_190119.1 Concanavalin A-like lectin protein kinase family protein [Arabidopsis thaliana]
NP_190127.1,NP_190127,True,True,False,1.678,RLK_defense,True,NP_190127.1 Concanavalin A-like lectin protein kinase family protein [Arabidopsis thaliana]
NP_190128.1,NP_190128,True,True,False,1.691,RLK_defense,True,NP_190128.1 Concanavalin A-like lectin protein kinase family protein [Arabidopsis thaliana]
NP_190129.2,NP_190129,True,True,False,1.704,RLK_defense,True,NP_190129.2 Concanavalin A-like lectin protein kinase family protein [Arabidopsis thaliana]
NP_190130.1,NP_190130,True,True,False,1.697,RLK_defense,True,NP_190130.1 Concanavalin A-like lectin protein kinase family protein [Arabidopsis thaliana]
NP_190150.1,NP_190150,False,True,False,0.934,cell_death_HR,True,NP_190150.1 mitogen-activated protein kinase 3 [Arabidopsis thaliana]
NP_190172.1,NP_190172,True,True,False,1.586,RLK_defense,True,NP_190172.1 cysteine-rich RLK (RECEPTOR-like protein kinase) 4 [Arabidopsis thaliana]
NP_190213.2,NP_190213,False,False,False,1.028,PR_proteins,True,NP_190213.2 kinase-like protein [Arabidopsis thaliana]
NP_190235.1,NP_190235,False,False,False,1.474,NBS_LRR,False,NP_190235.1 plant U-box 13 [Arabidopsis thaliana]
NP_190237.1,NP_190237,True,True,True,2.17,NBS_LRR,True,NP_190237.1 NB-ARC domain-containing disease resistance protein [Arabidopsis thaliana]
NP_190255.1,NP_190255,True,True,True,2.135,NBS_LRR,True,NP_190255.1 NB-ARC domain-containing disease resistance protein [Arabidopsis thaliana]
NP_190257.1,NP_190257,True,True,True,2.197,NBS_LRR,True,NP_190257.1 NB-ARC domain-containing disease resistance protein [Arabidopsis thaliana]
NP_190260.1,NP_190260,False,True,False,1.419,RLK_defense,True,NP_190260.1 Protein kinase superfamily protein [Arabidopsis thaliana]
NP_190270.1,NP_190270,False,False,False,1.055,PR_proteins,False,"NP_190270.1 Serine protease inhibitor, potato inhibitor I-type family protein [Arabidopsis thaliana]"
NP_190391.1,NP_190391,True,True,False,1.023,defense_signaling,False,NP_190391.1 alpha/beta-Hydrolases superfamily protein [Arabidopsis thaliana]
NP_190392.1,NP_190392,True,True,False,0.982,defense_signaling,False,NP_190392.1 alpha/beta-Hydrolases superfamily protein [Arabidopsis thaliana]
NP_190421.1,NP_190421,False,False,False,0.236,NBS_LRR,False,"NP_190421.1 cytochrome P450, family 94, subfamily B, polypeptide 3 [Arabidopsis thaliana]"
NP_190457.1,NP_190457,False,True,False,1.399,NBS_LRR,False,NP_190457.1 RNI-like superfamily protein [Arabidopsis thaliana]
NP_190468.1,NP_190468,False,False,False,0.81,antimicrobial,False,NP_190468.1 AMP-dependent synthetase and ligase family protein [Arabidopsis thaliana]
NP_190480.1,NP_190480,False,False,False,1.093,PR_proteins,True,NP_190480.1 peroxidase CA [Arabidopsis thaliana]
NP_190481.1,NP_190481,False,False,False,1.081,PR_proteins,True,NP_190481.1 peroxidase CB [Arabidopsis thaliana]
NP_190519.1,NP_190519,False,False,False,1.175,antimicrobial,False,NP_190519.1 RNA-dependent RNA polymerase 6 [Arabidopsis thaliana]
NP_190522.1,NP_190522,False,False,False,0.579,defense_signaling,False,NP_190522.1 NAC domain containing protein 62 [Arabidopsis thaliana]
NP_190555.2,NP_190555,False,False,False,0.965,cell_death_HR,False,NP_190555.2 ADP-ribosylation factor-like A1B [Arabidopsis thaliana]
NP_190556.2,NP_190556,False,False,False,1.025,cell_death_HR,False,NP_190556.2 ADP-ribosylation factor-like A1C [Arabidopsis thaliana]
NP_190571.1,NP_190571,False,False,False,0.769,PR_proteins,False,"NP_190571.1 Serine protease inhibitor, potato inhibitor I-type family protein [Arabidopsis thaliana]"
NP_190614.1,NP_190614,False,False,False,0.951,NBS_LRR,False,NP_190614.1 homolog of RPW8 1 [Arabidopsis thaliana]
NP_190615.1,NP_190615,False,False,False,0.926,NBS_LRR,False,NP_190615.1 homolog of RPW8 2 [Arabidopsis thaliana]
NP_190616.1,NP_190616,False,False,False,0.943,NBS_LRR,False,NP_190616.1 homolog of RPW8 3 [Arabidopsis thaliana]
NP_190662.2,NP_190662,False,False,False,1.469,NBS_LRR,False,NP_190662.2 cytochrome BC1 synthesi [Arabidopsis thaliana]
NP_190664.1,NP_190664,True,True,True,2.177,NBS_LRR,True,NP_190664.1 HOPZ-ACTIVATED RESISTANCE 1 [Arabidopsis thaliana]
NP_190666.1,NP_190666,False,False,False,-0.099,cell_death_HR,False,NP_190666.1 dehydrin family protein [Arabidopsis thaliana]
NP_190716.3,NP_190716,False,False,False,1.092,NBS_LRR,False,NP_190716.3 glutamate receptor 3.6 [Arabidopsis thaliana]
NP_190723.1,NP_190723,False,True,False,1.426,RLK_defense,True,NP_190723.1 Malectin/receptor-like protein kinase family protein [Arabidopsis thaliana]
NP_190724.1,NP_190724,True,True,True,2.293,NBS_LRR,True,NP_190724.1 Disease resistance protein (TIR-NBS-LRR class) family [Arabidopsis thaliana]
NP_190725.1,NP_190725,True,True,True,2.377,NBS_LRR,True,NP_190725.1 Disease resistance protein (TIR-NBS-LRR class) family [Arabidopsis thaliana]
NP_190808.1,NP_190808,True,False,False,1.439,cell_death_HR,False,NP_190808.1 syntaxin of plants 122 [Arabidopsis thaliana]
NP_190811.1,NP_190811,True,True,False,0.999,defense_signaling,False,NP_190811.1 alpha/beta-Hydrolases superfamily protein [Arabidopsis thaliana]
NP_190813.1,NP_190813,False,False,False,1.42,NBS_LRR,False,NP_190813.1 plant U-box 22 [Arabidopsis thaliana]
NP_190814.1,NP_190814,False,False,False,0.533,RLK_defense,False,NP_190814.1 hydroxyproline-rich glycoprotein family protein [Arabidopsis thaliana]
NP_190815.1,NP_190815,False,False,False,0.422,cell_death_HR,False,NP_190815.1 Late embryogenesis abundant (LEA) hydroxyproline-rich glycoprotein family [Arabidopsis thaliana]
NP_190821.1,NP_190821,False,True,False,1.401,NBS_LRR,True,NP_190821.1 Protein kinase superfamily protein [Arabidopsis thaliana]
NP_190894.1,NP_190894,True,True,False,1.876,antimicrobial,True,NP_190894.1 phenylalanine ammonia-lyase 2 [Arabidopsis thaliana]
NP_190906.1,NP_190906,True,True,False,1.686,RLK_defense,True,NP_190906.1 Concanavalin A-like lectin protein kinase family protein [Arabidopsis thaliana]
NP_190949.1,NP_190949,True,True,False,1.633,RLK_defense,True,NP_190949.1 Concanavalin A-like lectin protein kinase family protein [Arabidopsis thaliana]
NP_190966.1,NP_190966,False,False,False,1.009,PR_proteins,False,NP_190966.1 Bifunctional inhibitor/lipid-transfer protein/seed storage 2S albumin superfamily protein [Arabidopsis thaliana]
NP_190988.1,NP_190988,False,False,False,0.637,RLK_defense,False,NP_190988.1 Late embryogenesis abundant (LEA) hydroxyproline-rich glycoprotein family [Arabidopsis thaliana]
NP_191010.1,NP_191010,True,True,True,2.168,PR_proteins,True,NP_191010.1 homolog of carrot EP3-3 chitinase [Arabidopsis thaliana]
NP_191052.2,NP_191052,False,False,False,0.967,PR_proteins,False,NP_191052.2 Pectin lyase-like superfamily protein [Arabidopsis thaliana]
NP_191075.2,NP_191075,False,False,False,0.87,NBS_LRR,False,NP_191075.2 exocyst subunit exo70 family protein H1 [Arabidopsis thaliana]
NP_191103.1,NP_191103,True,True,True,1.771,PR_proteins,False,NP_191103.1 O-Glycosyl hydrolases family 17 protein [Arabidopsis thaliana]
NP_191105.2,NP_191105,False,True,False,1.494,RLK_defense,False,NP_191105.2 PBS1-like 1 [Arabidopsis thaliana]
NP_191107.1,NP_191107,False,False,False,0.974,NBS_LRR,False,NP_191107.1 Calcium-dependent lipid-binding (CaLB domain) family protein [Arabidopsis thaliana]
NP_191114.1,NP_191114,True,True,False,1.625,RLK_defense,True,NP_191114.1 Concanavalin A-like lectin protein kinase family protein [Arabidopsis thaliana]
NP_191115.1,NP_191115,False,False,False,0.777,cell_death_HR,False,NP_191115.1 AT-hook protein of GA feedback 2 [Arabidopsis thaliana]
NP_191142.1,NP_191142,False,False,False,1.022,cell_death_HR,False,NP_191142.1 Nucleotide-diphospho-sugar transferases superfamily protein [Arabidopsis thaliana]
NP_191143.1,NP_191143,False,False,False,0.837,defense_signaling,False,NP_191143.1 Hs1pro-1 protein [Arabidopsis thaliana]
NP_191156.1,NP_191156,False,False,False,0.798,NBS_LRR,False,NP_191156.1 jasmonate-regulated gene 21 [Arabidopsis thaliana]
NP_191199.1,NP_191199,False,True,False,0.548,defense_signaling,True,NP_191199.1 WRKY DNA-binding protein 70 [Arabidopsis thaliana]
NP_191230.1,NP_191230,False,False,False,0.17,defense_signaling,False,NP_191230.1 sigma factor binding protein 1 [Arabidopsis thaliana]
NP_191233.1,NP_191233,False,False,False,0.835,PR_proteins,False,NP_191233.1 Ubiquitin-associated (UBA) protein [Arabidopsis thaliana]
NP_191272.1,NP_191272,False,False,False,0.859,cell_death_HR,False,NP_191272.1 Ankyrin repeat family protein / BTB/POZ domain-containing protein [Arabidopsis thaliana]
NP_191286.1,NP_191286,True,True,True,1.757,PR_proteins,True,"NP_191286.1 beta-1,3-glucanase 1 [Arabidopsis thaliana]"
NP_191292.1,NP_191292,False,False,False,1.268,antimicrobial,False,NP_191292.1 autoinhibited Ca2+-ATPase 11 [Arabidopsis thaliana]
NP_191323.1,NP_191323,False,False,False,1.429,NBS_LRR,True,NP_191323.1 Protein kinase superfamily protein [Arabidopsis thaliana]
NP_191329.1,NP_191329,False,True,False,1.351,NBS_LRR,True,NP_191329.1 Protein kinase superfamily protein [Arabidopsis thaliana]
NP_191330.1,NP_191330,False,False,False,1.273,NBS_LRR,True,NP_191330.1 Protein kinase superfamily protein [Arabidopsis thaliana]
NP_191331.2,NP_191331,False,True,False,1.383,NBS_LRR,True,NP_191331.2 Protein kinase superfamily protein [Arabidopsis thaliana]
NP_191332.2,NP_191332,False,True,False,1.165,NBS_LRR,True,NP_191332.2 Protein kinase superfamily protein [Arabidopsis thaliana]
NP_191333.1,NP_191333,False,True,False,1.472,NBS_LRR,True,NP_191333.1 Protein kinase superfamily protein [Arabidopsis thaliana]
NP_191335.1,NP_191335,False,False,False,1.432,NBS_LRR,True,NP_191335.1 Protein kinase superfamily protein [Arabidopsis thaliana]
NP_191336.2,NP_191336,False,False,False,0.869,NBS_LRR,True,NP_191336.2 Protein kinase superfamily protein [Arabidopsis thaliana]
NP_191345.1,NP_191345,False,False,False,0.099,defense_signaling,False,NP_191345.1 UV-B-insensitive 4-like protein [Arabidopsis thaliana]
NP_191355.1,NP_191355,False,False,False,0.808,defense_signaling,False,NP_191355.1 Emsy N Terminus (ENT) domain-containing protein [Arabidopsis thaliana]
NP_191356.1,NP_191356,False,False,False,0.668,defense_signaling,False,NP_191356.1 Emsy N Terminus (ENT)/ plant Tudor-like domains-containing protein [Arabidopsis thaliana]
NP_191359.1,NP_191359,False,False,False,0.334,defense_signaling,False,NP_191359.1 VQ motif-containing protein [Arabidopsis thaliana]
NP_191523.1,NP_191523,False,False,False,0.59,defense_signaling,False,NP_191523.1 glycine-rich protein [Arabidopsis thaliana]
NP_191525.2,NP_191525,False,False,False,0.323,cell_death_HR,False,NP_191525.2 C2 domain-containing protein / GRAM domain-containing protein [Arabidopsis thaliana]
NP_191532.1,NP_191532,False,True,False,1.57,RLK_defense,True,NP_191532.1 Concanavalin A-like lectin protein kinase family protein [Arabidopsis thaliana]
NP_191533.1,NP_191533,True,True,False,1.736,RLK_defense,True,NP_191533.1 Concanavalin A-like lectin protein kinase family protein [Arabidopsis thaliana]
NP_191534.1,NP_191534,True,True,False,1.71,RLK_defense,True,NP_191534.1 Concanavalin A-like lectin protein kinase family protein [Arabidopsis thaliana]
NP_191552.2,NP_191552,False,False,False,0.46,PR_proteins,True,NP_191552.2 defensin-like protein [Arabidopsis thaliana]
NP_191571.4,NP_191571,False,False,False,1.049,PR_proteins,False,NP_191571.4 beta glucosidase 27 [Arabidopsis thaliana]
NP_191573.1,NP_191573,False,False,False,1.149,PR_proteins,False,NP_191573.1 Glycosyl hydrolase superfamily protein [Arabidopsis thaliana]
NP_191641.1,NP_191641,False,False,False,0.915,antimicrobial,False,NP_191641.1 N-terminal nucleophile aminohydrolases (Ntn hydrolases) superfamily protein [Arabidopsis thaliana]
NP_191681.1,NP_191681,False,False,False,1.089,antimicrobial,False,NP_191681.1 NAD(P)-binding Rossmann-fold superfamily protein [Arabidopsis thaliana]
NP_191685.1,NP_191685,False,False,False,0.188,defense_signaling,False,NP_191685.1 Remorin family protein [Arabidopsis thaliana]
NP_191703.1,NP_191703,False,False,False,1.331,antimicrobial,False,NP_191703.1 cysteine synthase C1 [Arabidopsis thaliana]
NP_191819.1,NP_191819,False,False,False,1.079,PR_proteins,False,NP_191819.1 DNAJ heat shock family protein [Arabidopsis thaliana]
NP_191837.1,NP_191837,False,False,False,0.549,defense_signaling,False,NP_191837.1 Calcium-dependent lipid-binding (CaLB domain) family protein [Arabidopsis thaliana]
NP_191890.1,NP_191890,False,False,False,0.996,cell_death_HR,False,NP_191890.1 Bax inhibitor-1 family protein [Arabidopsis thaliana]
NP_191946.1,NP_191946,False,False,False,0.81,cell_death_HR,False,"NP_191946.1 cytochrome P450, family 86, subfamily A, polypeptide 2 [Arabidopsis thaliana]"
NP_192008.3,NP_192008,True,False,False,0.976,defense_signaling,False,NP_192008.3 Transcription factor jumonji (jmjC) domain-containing protein [Arabidopsis thaliana]
NP_192034.1,NP_192034,False,True,False,0.474,defense_signaling,True,NP_192034.1 WRKY family transcription factor [Arabidopsis thaliana]
NP_192046.1,NP_192046,False,True,False,1.09,cell_death_HR,True,NP_192046.1 MAP kinase 4 [Arabidopsis thaliana]
NP_192124.1,NP_192124,True,False,False,1.527,cell_death_HR,False,NP_192124.1 ARM repeat superfamily protein [Arabidopsis thaliana]
NP_192139.1,NP_192139,False,False,False,1.155,PR_proteins,False,NP_192139.1 Plant invertase/pectin methylesterase inhibitor superfamily [Arabidopsis thaliana]
NP_192161.1,NP_192161,False,False,False,0.651,antimicrobial,False,NP_192161.1 glutathione S-transferase PHI 2 [Arabidopsis thaliana]
NP_192169.1,NP_192169,False,False,False,0.957,antimicrobial,False,NP_192169.1 Seven transmembrane MLO family protein [Arabidopsis thaliana]
NP_192173.1,NP_192173,False,False,False,0.39,defense_signaling,False,NP_192173.1 bZIP transcription factor family protein [Arabidopsis thaliana]
NP_192199.1,NP_192199,False,False,False,0.889,cell_death_HR,False,NP_192199.1 ERD (early-responsive to dehydration stress) family protein [Arabidopsis thaliana]
NP_192232.5,NP_192232,False,True,False,1.581,NBS_LRR,True,NP_192232.5 G-type lectin S-receptor-like Serine/Threonine-kinase [Arabidopsis thaliana]
NP_192358.1,NP_192358,True,True,False,1.651,RLK_defense,True,NP_192358.1 cysteine-rich RLK (RECEPTOR-like protein kinase) 36 [Arabidopsis thaliana]
NP_192359.1,NP_192359,True,True,False,1.626,RLK_defense,True,NP_192359.1 cysteine-rich RLK (RECEPTOR-like protein kinase) 37 [Arabidopsis thaliana]
NP_192360.1,NP_192360,True,True,False,1.612,RLK_defense,True,NP_192360.1 cysteine-rich RLK (RECEPTOR-like protein kinase) 38 [Arabidopsis thaliana]
NP_192363.1,NP_192363,True,True,False,1.67,RLK_defense,True,NP_192363.1 cysteine-rich RLK (RECEPTOR-like protein kinase) 39 [Arabidopsis thaliana]
NP_192366.1,NP_192366,True,True,False,1.663,RLK_defense,True,NP_192366.1 cysteine-rich RLK (RECEPTOR-like protein kinase) 40 [Arabidopsis thaliana]
NP_192387.2,NP_192387,False,False,False,0.677,antimicrobial,False,NP_192387.2 mediator 21 [Arabidopsis thaliana]
NP_192429.1,NP_192429,True,True,False,1.616,RLK_defense,True,NP_192429.1 cysteine-rich RLK (RECEPTOR-like protein kinase) 25 [Arabidopsis thaliana]
NP_192431.1,NP_192431,False,False,False,0.446,cell_death_HR,False,NP_192431.1 Late embryogenesis abundant (LEA) hydroxyproline-rich glycoprotein family [Arabidopsis thaliana]
NP_192588.1,NP_192588,False,True,False,0.576,defense_signaling,True,NP_192588.1 mitogen-activated protein kinase kinase kinase 9 [Arabidopsis thaliana]
NP_192590.1,NP_192590,False,True,False,0.949,RLK_defense,True,NP_192590.1 MAPK/ERK kinase kinase 1 [Arabidopsis thaliana]
NP_192625.4,NP_192625,True,True,True,1.593,RLK_defense,True,NP_192625.4 Leucine-rich repeat receptor-like protein kinase family protein [Arabidopsis thaliana]
NP_192626.1,NP_192626,False,False,False,1.318,antimicrobial,False,NP_192626.1 Arginase/deacetylase superfamily protein [Arabidopsis thaliana]
NP_192697.1,NP_192697,False,False,False,0.366,cell_death_HR,False,NP_192697.1 NDR1/HIN1-like 22 [Arabidopsis thaliana]
NP_192787.1,NP_192787,False,False,False,1.045,NBS_LRR,False,NP_192787.1 2-oxoglutarate (2OG) and Fe(II)-dependent oxygenase superfamily protein [Arabidopsis thaliana]
NP_192788.1,NP_192788,False,False,False,0.987,NBS_LRR,False,NP_192788.1 2-oxoglutarate (2OG) and Fe(II)-dependent oxygenase superfamily protein [Arabidopsis thaliana]
NP_192851.1,NP_192851,False,False,False,1.109,antimicrobial,False,NP_192851.1 RNA-dependent RNA polymerase 2 [Arabidopsis thaliana]
NP_192865.1,NP_192865,False,False,False,1.157,cell_death_HR,False,NP_192865.1 phosphatase-like protein [Arabidopsis thaliana]
NP_192867.1,NP_192867,False,False,False,1.364,cell_death_HR,False,NP_192867.1 1-aminocyclopropane-1-carboxylic acid (acc) synthase 6 [Arabidopsis thaliana]
NP_192885.1,NP_192885,False,True,False,1.542,RLK_defense,True,NP_192885.1 cysteine-rich RLK (RECEPTOR-like protein kinase) 30 [Arabidopsis thaliana]
NP_192886.1,NP_192886,True,True,False,1.63,RLK_defense,True,NP_192886.1 cysteine-rich RLK (RECEPTOR-like protein kinase) 31 [Arabidopsis thaliana]
NP_192887.1,NP_192887,True,True,False,1.596,NBS_LRR,True,NP_192887.1 cysteine-rich RLK (RECEPTOR-like protein kinase) 32 [Arabidopsis thaliana]
NP_192888.1,NP_192888,True,True,False,1.669,NBS_LRR,True,NP_192888.1 cysteine-rich RLK (RECEPTOR-like protein kinase) 33 [Arabidopsis thaliana]
NP_192902.1,NP_192902,True,False,True,1.59,PR_proteins,True,NP_192902.1 osmotin 34 [Arabidopsis thaliana]
NP_192913.1,NP_192913,False,False,False,0.503,defense_signaling,False,NP_192913.1 low-molecular-weight cysteine-rich 17 [Arabidopsis thaliana]
NP_192922.1,NP_192922,False,False,False,1.322,cell_death_HR,False,NP_192922.1 phospholipase D gamma 1 [Arabidopsis thaliana]
NP_192926.1,NP_192926,False,True,False,1.498,RLK_defense,True,NP_192926.1 Protein kinase superfamily protein [Arabidopsis thaliana]
NP_192927.5,NP_192927,False,True,False,1.614,NBS_LRR,True,NP_192927.5 S-locus lectin protein kinase family protein [Arabidopsis thaliana]
NP_192938.1,NP_192938,True,True,True,2.408,NBS_LRR,True,NP_192938.1 Disease resistance protein (TIR-NBS-LRR class) family [Arabidopsis thaliana]
NP_192939.2,NP_192939,True,True,True,1.133,NBS_LRR,True,NP_192939.2 protein kinase family protein [Arabidopsis thaliana]
NP_192984.1,NP_192984,False,False,False,0.649,cell_death_HR,False,NP_192984.1 azelaic acid induced 1 [Arabidopsis thaliana]
NP_192985.1,NP_192985,False,False,False,0.763,cell_death_HR,False,NP_192985.1 Bifunctional inhibitor/lipid-transfer protein/seed storage 2S albumin superfamily protein [Arabidopsis thaliana]
NP_192993.2,NP_192993,False,False,False,1.321,NBS_LRR,False,NP_192993.2 F-box and associated interaction domains-containing protein [Arabidopsis thaliana]
NP_193008.1,NP_193008,False,False,False,1.177,antimicrobial,False,NP_193008.1 MutT/nudix family protein [Arabidopsis thaliana]
NP_193055.2,NP_193055,False,True,False,1.541,RLK_defense,True,NP_193055.2 Protein kinase superfamily protein [Arabidopsis thaliana]
NP_193063.2,NP_193063,False,False,False,-0.129,NBS_LRR,False,NP_193063.2 Late embryogenesis abundant (LEA) hydroxyproline-rich glycoprotein family [Arabidopsis thaliana]
NP_193065.1,NP_193065,False,False,False,0.742,NBS_LRR,False,"NP_193065.1 cytochrome P450, family 71, subfamily A, polypeptide 19 [Arabidopsis thaliana]"
NP_193067.3,NP_193067,False,False,False,0.674,NBS_LRR,False,"NP_193067.3 cytochrome P450, family 71, subfamily A, polypeptide 20 [Arabidopsis thaliana]"
NP_193142.1,NP_193142,False,False,False,0.615,antimicrobial,False,NP_193142.1 Polyketide cyclase/dehydrase and lipid transport superfamily protein [Arabidopsis thaliana]
NP_193144.1,NP_193144,True,True,True,1.627,PR_proteins,False,NP_193144.1 O-Glycosyl hydrolases family 17 protein [Arabidopsis thaliana]
NP_193173.5,NP_193173,True,True,True,1.791,NBS_LRR,True,NP_193173.5 Disease resistance protein (TIR-NBS-LRR class) family [Arabidopsis thaliana]
NP_193209.2,NP_193209,False,False,False,0.894,cell_death_HR,False,NP_193209.2 Bax inhibitor-1 family protein [Arabidopsis thaliana]
NP_193268.3,NP_193268,False,False,False,0.952,NBS_LRR,False,"NP_193268.3 cytochrome P450, family 705, subfamily A, polypeptide 1 [Arabidopsis thaliana]"
NP_193309.1,NP_193309,False,False,False,0.854,defense_signaling,False,NP_193309.1 Calcium-dependent lipid-binding (CaLB domain) family protein [Arabidopsis thaliana]
NP_193325.1,NP_193325,False,False,False,0.708,defense_signaling,False,NP_193325.1 pleiotropic regulatory locus 1 [Arabidopsis thaliana]
NP_193361.4,NP_193361,True,True,True,1.693,PR_proteins,False,NP_193361.4 Glycosyl hydrolase superfamily protein [Arabidopsis thaliana]
NP_193420.2,NP_193420,True,True,True,2.194,NBS_LRR,True,NP_193420.2 Disease resistance protein (TIR-NBS-LRR class) family [Arabidopsis thaliana]
NP_193421.3,NP_193421,False,True,False,1.429,NBS_LRR,True,NP_193421.3 Leucine-rich repeat (LRR) family protein [Arabidopsis thaliana]
NP_193424.2,NP_193424,True,True,True,2.168,NBS_LRR,True,NP_193424.2 Disease resistance protein (TIR-NBS-LRR class) family [Arabidopsis thaliana]
NP_193425.1,NP_193425,True,True,True,2.187,NBS_LRR,True,NP_193425.1 Disease resistance protein (TIR-NBS-LRR class) family [Arabidopsis thaliana]
NP_193426.1,NP_193426,False,True,False,1.13,NBS_LRR,True,NP_193426.1 Toll-Interleukin-Resistance (TIR) domain-containing protein [Arabidopsis thaliana]
NP_193427.4,NP_193427,True,True,True,2.297,NBS_LRR,True,NP_193427.4 Disease resistance protein (TIR-NBS-LRR class) family [Arabidopsis thaliana]
NP_193428.2,NP_193428,True,True,True,2.176,NBS_LRR,True,NP_193428.2 Disease resistance protein (TIR-NBS-LRR class) family [Arabidopsis thaliana]
NP_193432.4,NP_193432,True,True,True,1.713,NBS_LRR,True,NP_193432.4 disease resistance protein (TIR-NBS class) [Arabidopsis thaliana]
NP_193451.2,NP_193451,True,False,True,1.743,PR_proteins,False,NP_193451.2 O-Glycosyl hydrolases family 17 protein [Arabidopsis thaliana]
NP_193501.2,NP_193501,False,True,False,1.536,RLK_defense,True,NP_193501.2 Protein kinase superfamily protein [Arabidopsis thaliana]
NP_193522.1,NP_193522,False,False,False,0.739,RLK_defense,False,NP_193522.1 Basic helix-loop-helix (bHLH) DNA-binding family protein [Arabidopsis thaliana]
NP_193570.1,NP_193570,False,False,False,0.995,antimicrobial,False,NP_193570.1 Aldolase-type TIM barrel family protein [Arabidopsis thaliana]
NP_193611.1,NP_193611,False,True,False,0.869,RLK_defense,False,NP_193611.1 receptor like protein 51 [Arabidopsis thaliana]
NP_193633.2,NP_193633,False,False,False,-0.77,defense_signaling,False,NP_193633.2 AtS40-3 [Arabidopsis thaliana]
NP_193639.2,NP_193639,False,False,False,0.599,cell_death_HR,True,NP_193639.2 ENHANCED DISEASE RESISTANCE 2 [Arabidopsis thaliana]
NP_193640.4,NP_193640,True,True,True,1.672,NBS_LRR,True,NP_193640.4 NB-ARC domain-containing disease resistance protein [Arabidopsis thaliana]
NP_193641.1,NP_193641,False,True,True,1.088,NBS_LRR,False,NP_193641.1 P-loop containing nucleoside triphosphate hydrolases superfamily protein [Arabidopsis thaliana]
NP_193685.6,NP_193685,True,True,True,2.036,NBS_LRR,False,NP_193685.6 nucleoside-triphosphatase/transmembrane receptor/nucleotide binding/ATP binding protein [Arabidopsis thaliana]
NP_193686.5,NP_193686,True,True,True,2.34,NBS_LRR,True,NP_193686.5 Disease resistance protein (TIR-NBS-LRR class) [Arabidopsis thaliana]
NP_193687.3,NP_193687,True,True,True,2.231,NBS_LRR,True,NP_193687.3 disease resistance protein (TIR-NBS-LRR class) family [Arabidopsis thaliana]
NP_193701.2,NP_193701,True,True,False,1.101,defense_signaling,True,NP_193701.2 NPR1-like protein 4 [Arabidopsis thaliana]
NP_193705.1,NP_193705,False,False,False,0.354,cell_death_HR,False,NP_193705.1 SBP (S-ribonuclease binding protein) family protein [Arabidopsis thaliana]
NP_193725.3,NP_193725,False,True,False,1.31,NBS_LRR,True,NP_193725.3 Toll-Interleukin-Resistance (TIR) domain family protein [Arabidopsis thaliana]
NP_193773.2,NP_193773,False,False,False,0.937,defense_signaling,False,NP_193773.2 JUMONJI 14 [Arabidopsis thaliana]
NP_193815.2,NP_193815,False,False,False,0.893,PR_proteins,False,NP_193815.2 FAD-binding Berberine family protein [Arabidopsis thaliana]
NP_193829.2,NP_193829,False,False,False,1.358,NBS_LRR,False,NP_193829.2 basic helix-loop-helix (bHLH) DNA-binding superfamily protein [Arabidopsis thaliana]
NP_193855.2,NP_193855,True,True,False,1.669,RLK_defense,True,NP_193855.2 cysteine-rich RLK (RECEPTOR-like protein kinase) 27 [Arabidopsis thaliana]
NP_193869.1,NP_193869,False,True,False,1.585,NBS_LRR,True,NP_193869.1 receptor kinase 3 [Arabidopsis thaliana]
NP_193870.1,NP_193870,False,True,False,1.579,RLK_defense,True,NP_193870.1 S-locus lectin protein kinase family protein [Arabidopsis thaliana]
NP_193872.2,NP_193872,True,True,False,1.678,RLK_defense,True,NP_193872.2 cysteine-rich RLK (RECEPTOR-like protein kinase) 29 [Arabidopsis thaliana]
NP_193978.2,NP_193978,False,False,False,-0.51,cell_death_HR,False,NP_193978.2 protease inhibitor/seed storage/lipid transfer protein (LTP) family protein [Arabidopsis thaliana]
NP_194013.1,NP_194013,False,False,False,0.512,PR_proteins,False,NP_194013.1 A20/AN1-like zinc finger family protein [Arabidopsis thaliana]
NP_194041.1,NP_194041,False,False,False,1.228,antimicrobial,False,NP_194041.1 glutamate-cysteine ligase [Arabidopsis thaliana]
NP_194046.2,NP_194046,False,True,False,1.556,RLK_defense,True,NP_194046.2 cysteine-rich RLK (RECEPTOR-like protein kinase) 7 [Arabidopsis thaliana]
NP_194048.1,NP_194048,False,False,False,0.418,RLK_defense,True,NP_194048.1 receptor-like protein kinase-related family protein [Arabidopsis thaliana]
NP_194050.2,NP_194050,True,True,False,1.607,RLK_defense,True,NP_194050.2 cysteine-rich RLK (RECEPTOR-like protein kinase) 11 [Arabidopsis thaliana]
NP_194052.2,NP_194052,False,True,False,1.498,RLK_defense,True,NP_194052.2 cysteine-rich RLK (RECEPTOR-like protein kinase) 13 [Arabidopsis thaliana]
NP_194054.3,NP_194054,True,True,False,1.599,RLK_defense,True,NP_194054.3 cysteine-rich RECEPTOR-like kinase [Arabidopsis thaliana]
NP_194058.2,NP_194058,True,True,False,1.632,RLK_defense,True,NP_194058.2 cysteine-rich RLK (RECEPTOR-like protein kinase) 19 [Arabidopsis thaliana]
NP_194060.3,NP_194060,True,True,False,1.658,RLK_defense,True,NP_194060.3 cysteine-rich RLK (RECEPTOR-like protein kinase) 21 [Arabidopsis thaliana]
NP_194061.2,NP_194061,False,True,False,1.576,NBS_LRR,True,NP_194061.2 cysteine-rich RLK (RECEPTOR-like protein kinase) 22 [Arabidopsis thaliana]
NP_194062.1,NP_194062,False,True,False,1.558,RLK_defense,True,NP_194062.1 cysteine-rich RLK (RECEPTOR-like protein kinase) 23 [Arabidopsis thaliana]
NP_194082.2,NP_194082,False,False,False,1.023,NBS_LRR,True,NP_194082.2 Disease resistance protein (TIR-NBS-LRR class) family [Arabidopsis thaliana]
NP_194088.1,NP_194088,False,False,False,1.043,cell_death_HR,False,NP_194088.1 phosphatase-like protein [Arabidopsis thaliana]
NP_194112.1,NP_194112,False,True,False,0.627,defense_signaling,True,NP_194112.1 WRKY family transcription factor [Arabidopsis thaliana]
NP_194149.2,NP_194149,True,False,True,1.466,PR_proteins,True,NP_194149.2 THAUMATIN-LIKE PROTEIN 1 [Arabidopsis thaliana]
NP_194154.1,NP_194154,False,False,False,0.282,defense_signaling,False,NP_194154.1 acyl-CoA-binding domain 3 [Arabidopsis thaliana]
NP_194177.2,NP_194177,False,False,False,1.228,cell_death_HR,True,NP_194177.2 CRT (chloroquine-resistance transporter)-like transporter 2 [Arabidopsis thaliana]
NP_194183.1,NP_194183,False,False,False,1.2,antimicrobial,False,NP_194183.1 P450 reductase 1 [Arabidopsis thaliana]
NP_194208.1,NP_194208,False,False,False,0.666,RLK_defense,False,NP_194208.1 31-kDa RNA binding protein [Arabidopsis thaliana]
NP_194227.2,NP_194227,True,False,False,1.103,antimicrobial,True,"NP_194227.2 Histidine kinase-, DNA gyrase B-, and HSP90-like ATPase family protein [Arabidopsis thaliana]"
NP_194233.1,NP_194233,False,False,False,1.039,cell_death_HR,True,NP_194233.1 Serine/Threonine-kinase [Arabidopsis thaliana]
NP_194235.1,NP_194235,False,False,False,0.434,PR_proteins,False,NP_194235.1 acyl carrier protein 4 [Arabidopsis thaliana]
NP_194241.3,NP_194241,True,True,False,1.74,cell_death_HR,False,NP_194241.3 metacaspase 2 [Arabidopsis thaliana]
NP_194253.2,NP_194253,False,False,False,0.718,defense_signaling,False,NP_194253.2 RPM1 interacting protein 2 [Arabidopsis thaliana]
NP_194309.1,NP_194309,True,True,True,1.518,PR_proteins,True,"NP_194309.1 CAP (Cysteine-rich secretory proteins, Antigen 5, and Pathogenesis-related 1 protein) superfamily protein [Arabidopsis thaliana]"
NP_194319.1,NP_194319,False,False,False,-0.171,defense_signaling,False,NP_194319.1 60S acidic ribosomal protein family [Arabidopsis thaliana]
NP_194337.1,NP_194337,False,True,False,0.889,antimicrobial,True,NP_194337.1 MAP kinase/ ERK kinase 1 [Arabidopsis thaliana]
NP_194339.1,NP_194339,True,True,True,2.29,NBS_LRR,True,NP_194339.1 NB-ARC domain-containing disease resistance protein [Arabidopsis thaliana]
NP_194342.1,NP_194342,True,True,False,0.956,defense_signaling,False,NP_194342.1 Ankyrin repeat family protein / BTB/POZ domain-containing protein [Arabidopsis thaliana]
NP_194404.1,NP_194404,False,False,False,1.144,cell_death_HR,False,NP_194404.1 peroxygenase 1 [Arabidopsis thaliana]
NP_194405.1,NP_194405,False,False,False,0.569,cell_death_HR,False,NP_194405.1 hydroxyproline-rich glycoprotein family protein [Arabidopsis thaliana]
NP_194456.1,NP_194456,True,False,False,1.388,antimicrobial,False,NP_194456.1 Auxin-responsive GH3 family protein [Arabidopsis thaliana]
NP_194459.4,NP_194459,False,True,False,1.584,NBS_LRR,True,NP_194459.4 S-locus lectin protein kinase family protein [Arabidopsis thaliana]
NP_194460.1,NP_194460,False,True,False,1.62,NBS_LRR,True,NP_194460.1 S-locus lectin protein kinase family protein [Arabidopsis thaliana]
NP_194542.2,NP_194542,False,False,False,1.209,cell_death_HR,True,NP_194542.2 diacylglycerol kinase 6 [Arabidopsis thaliana]
NP_194575.2,NP_194575,False,False,False,0.142,RLK_defense,False,NP_194575.2 uncharacterized protein AT4G28460 [Arabidopsis thaliana]
NP_194578.1,NP_194578,True,True,True,1.771,RLK_defense,True,NP_194578.1 Leucine-rich receptor-like protein kinase family protein [Arabidopsis thaliana]
NP_194620.1,NP_194620,False,False,False,0.392,defense_signaling,False,NP_194620.1 Putative interactor of JAZ [Arabidopsis thaliana]
NP_194633.1,NP_194633,False,False,False,0.801,antimicrobial,False,NP_194633.1 regulatory particle AAA-ATPase 2A [Arabidopsis thaliana]
NP_194634.1,NP_194634,True,True,False,1.655,RLK_defense,True,NP_194634.1 Concanavalin A-like lectin protein kinase family protein [Arabidopsis thaliana]
NP_194643.1,NP_194643,False,False,False,0.024,cell_death_HR,False,NP_194643.1 MATE efflux family protein [Arabidopsis thaliana]
NP_194657.1,NP_194657,False,False,False,0.564,RLK_defense,False,NP_194657.1 low-molecular-weight cysteine-rich 22 [Arabidopsis thaliana]
NP_194658.2,NP_194658,False,False,False,0.567,RLK_defense,False,NP_194658.2 low-molecular-weight cysteine-rich 26 [Arabidopsis thaliana]
NP_194659.2,NP_194659,False,False,False,0.496,RLK_defense,False,NP_194659.2 low-molecular-weight cysteine-rich 27 [Arabidopsis thaliana]
NP_194664.1,NP_194664,False,False,False,0.855,antimicrobial,False,NP_194664.1 profilin 2 [Arabidopsis thaliana]
NP_194709.2,NP_194709,True,False,False,0.983,defense_signaling,False,NP_194709.2 PATATIN-like protein 8 [Arabidopsis thaliana]
NP_194710.1,NP_194710,False,True,False,0.892,antimicrobial,True,NP_194710.1 MAP kinase kinase 2 [Arabidopsis thaliana]
NP_194723.1,NP_194723,False,False,False,0.37,defense_signaling,True,NP_194723.1 pathogenesis related homeodomain protein A [Arabidopsis thaliana]
NP_194761.1,NP_194761,True,True,True,1.331,PR_proteins,True,"NP_194761.1 CAP (Cysteine-rich secretory proteins, Antigen 5, and Pathogenesis-related 1 protein) superfamily protein [Arabidopsis thaliana]"
NP_194773.1,NP_194773,False,False,False,1.032,antimicrobial,False,NP_194773.1 UDP-D-glucuronate 4-epimerase 1 [Arabidopsis thaliana]
NP_194839.2,NP_194839,False,True,False,1.518,RLK_defense,True,NP_194839.2 wall-associated kinase [Arabidopsis thaliana]
NP_194840.3,NP_194840,False,True,False,1.491,RLK_defense,True,NP_194840.3 Wall-associated kinase family protein [Arabidopsis thaliana]
NP_194847.3,NP_194847,True,False,False,1.371,antimicrobial,False,NP_194847.3 Class II aminoacyl-tRNA and biotin synthetases superfamily protein [Arabidopsis thaliana]
NP_194878.1,NP_194878,False,False,False,0.661,NBS_LRR,False,"NP_194878.1 cytochrome P450, family 83, subfamily B, polypeptide 1 [Arabidopsis thaliana]"
NP_194903.2,NP_194903,False,False,False,0.83,cell_death_HR,False,NP_194903.2 HOPW1-1-interacting 2 [Arabidopsis thaliana]
NP_194925.1,NP_194925,False,False,False,0.526,NBS_LRR,False,"NP_194925.1 cytochrome P450, family 82, subfamily C, polypeptide 2 [Arabidopsis thaliana]"
NP_195098.1,NP_195098,False,True,True,0.346,PR_proteins,True,"NP_195098.1 CAP (Cysteine-rich secretory proteins, Antigen 5, and Pathogenesis-related 1 protein) superfamily protein [Arabidopsis thaliana]"
NP_195099.1,NP_195099,True,True,True,1.359,PR_proteins,True,"NP_195099.1 CAP (Cysteine-rich secretory proteins, Antigen 5, and Pathogenesis-related 1 protein) superfamily protein [Arabidopsis thaliana]"
NP_195165.2,NP_195165,True,False,False,1.074,NBS_LRR,False,NP_195165.2 extra-large GTP-binding protein 2 [Arabidopsis thaliana]
NP_195242.1,NP_195242,False,False,False,1.205,NBS_LRR,False,NP_195242.1 O-methyltransferase family protein [Arabidopsis thaliana]
NP_195270.1,NP_195270,False,False,False,0.791,antimicrobial,False,NP_195270.1 ankyrin repeat-containing protein 2 [Arabidopsis thaliana]
NP_195273.1,NP_195273,False,False,False,0.409,defense_signaling,False,NP_195273.1 RING-H2 finger A3B [Arabidopsis thaliana]
NP_195350.5,NP_195350,True,False,False,0.992,antimicrobial,False,NP_195350.5 ATP binding protein [Arabidopsis thaliana]
NP_195351.2,NP_195351,True,False,False,1.192,antimicrobial,True,"NP_195351.2 Histidine kinase-, DNA gyrase B-, and HSP90-like ATPase family protein [Arabidopsis thaliana]"
NP_195417.1,NP_195417,False,False,False,0.284,defense_signaling,False,NP_195417.1 accelerated cell death 2 (ACD2) [Arabidopsis thaliana]
NP_195422.3,NP_195422,False,False,False,1.1,cell_death_HR,False,NP_195422.3 PATATIN-like protein 4 [Arabidopsis thaliana]
NP_195423.1,NP_195423,False,False,False,0.989,cell_death_HR,False,NP_195423.1 PATATIN-like protein 5 [Arabidopsis thaliana]
NP_195432.1,NP_195432,False,False,False,1.212,NBS_LRR,False,NP_195432.1 methyl esterase 9 [Arabidopsis thaliana]
NP_195462.3,NP_195462,True,False,False,0.963,defense_signaling,False,NP_195462.3 Tetratricopeptide repeat (TPR)-like superfamily protein [Arabidopsis thaliana]
NP_195500.1,NP_195500,False,False,False,0.904,antimicrobial,True,NP_195500.1 phosphoenolpyruvate carboxykinase 1 [Arabidopsis thaliana]
NP_195506.1,NP_195506,False,False,False,1.333,antimicrobial,False,NP_195506.1 serine transhydroxymethyltransferase 1 [Arabidopsis thaliana]
NP_195526.1,NP_195526,False,False,False,1.279,antimicrobial,False,NP_195526.1 histone deacetylase 1 [Arabidopsis thaliana]
NP_195579.2,NP_195579,False,False,True,1.23,PR_proteins,True,NP_195579.2 Pathogenesis-related thaumatin superfamily protein [Arabidopsis thaliana]
NP_195585.1,NP_195585,False,False,False,0.504,PR_proteins,False,NP_195585.1 rotamase CYP 1 [Arabidopsis thaliana]
NP_195594.1,NP_195594,True,True,False,1.611,RLK_defense,True,NP_195594.1 cysteine-rich RLK (RECEPTOR-like protein kinase) 26 [Arabidopsis thaliana]
NP_195614.2,NP_195614,False,False,False,0.295,cell_death_HR,False,NP_195614.2 MATE efflux family protein [Arabidopsis thaliana]
NP_195637.1,NP_195637,False,False,False,-0.486,cell_death_HR,False,"NP_195637.1 cold, circadian rhythm, and RNA binding 1 [Arabidopsis thaliana]"
NP_195705.1,NP_195705,False,False,False,0.109,NBS_LRR,False,"NP_195705.1 cytochrome P450, family 79, subfamily B, polypeptide 2 [Arabidopsis thaliana]"
NP_195722.2,NP_195722,False,True,False,1.439,RLK_defense,True,NP_195722.2 Protein kinase superfamily protein [Arabidopsis thaliana]
NP_195774.1,NP_195774,True,True,False,1.689,RLK_defense,True,NP_195774.1 lectin receptor kinase a4.1 [Arabidopsis thaliana]
NP_195776.2,NP_195776,True,True,False,1.716,RLK_defense,True,NP_195776.2 lectin receptor kinase a4.3 [Arabidopsis thaliana]
NP_195810.2,NP_195810,False,True,False,0.516,defense_signaling,True,NP_195810.2 WRKY DNA-binding protein 62 [Arabidopsis thaliana]
NP_195849.1,NP_195849,False,True,False,1.517,RLK_defense,True,NP_195849.1 Protein kinase superfamily protein [Arabidopsis thaliana]
NP_195851.2,NP_195851,False,False,False,0.889,defense_signaling,False,NP_195851.2 proteolysis 6 [Arabidopsis thaliana]
NP_195870.1,NP_195870,True,False,False,1.454,cell_death_HR,False,NP_195870.1 heat shock cognate protein 70-1 [Arabidopsis thaliana]
NP_195934.1,NP_195934,True,True,False,1.714,RLK_defense,True,NP_195934.1 Concanavalin A-like lectin protein kinase family protein [Arabidopsis thaliana]
NP_195941.2,NP_195941,False,False,False,0.3,defense_signaling,False,NP_195941.2 E3 ubiquitin-protein ligase [Arabidopsis thaliana]
NP_195948.1,NP_195948,False,False,False,0.884,defense_signaling,False,NP_195948.1 NRAMP metal ion transporter family protein [Arabidopsis thaliana]
NP_195952.1,NP_195952,False,True,False,1.505,RLK_defense,True,NP_195952.1 Protein kinase superfamily protein [Arabidopsis thaliana]
NP_195955.1,NP_195955,False,False,False,0.971,RLK_defense,False,NP_195955.1 Legume lectin family protein [Arabidopsis thaliana]
NP_196043.2,NP_196043,True,True,False,1.817,antimicrobial,False,NP_196043.2 phenyl alanine ammonia-lyase 3 [Arabidopsis thaliana]
NP_196092.1,NP_196092,True,True,True,2.044,NBS_LRR,False,NP_196092.1 ADR1-like 2 [Arabidopsis thaliana]
NP_196130.1,NP_196130,False,False,False,0.673,NBS_LRR,False,NP_196130.1 Cystatin/monellin family protein [Arabidopsis thaliana]
NP_196136.1,NP_196136,False,False,False,0.942,defense_signaling,False,NP_196136.1 Cellulose synthase family protein [Arabidopsis thaliana]
NP_196138.1,NP_196138,False,False,False,0.31,defense_signaling,False,NP_196138.1 hypothetical protein (DUF3133) [Arabidopsis thaliana]
NP_196179.1,NP_196179,False,False,False,0.861,NBS_LRR,False,NP_196179.1 2-oxoglutarate (2OG) and Fe(II)-dependent oxygenase superfamily protein [Arabidopsis thaliana]
NP_196187.1,NP_196187,False,False,False,0.457,defense_signaling,False,NP_196187.1 nuclear pore complex protein-like protein [Arabidopsis thaliana]
NP_196189.1,NP_196189,False,False,False,0.807,defense_signaling,False,NP_196189.1 arginine-tRNA protein transferase 1 [Arabidopsis thaliana]
NP_196197.1,NP_196197,False,False,False,1.123,antimicrobial,False,NP_196197.1 RP non-ATPase subunit 8A [Arabidopsis thaliana]
NP_196250.1,NP_196250,False,False,False,0.512,cell_death_HR,False,NP_196250.1 NDR1/HIN1-like 3 [Arabidopsis thaliana]
NP_196251.1,NP_196251,False,False,False,0.363,cell_death_HR,False,NP_196251.1 Late embryogenesis abundant (LEA) hydroxyproline-rich glycoprotein family [Arabidopsis thaliana]
NP_196290.1,NP_196290,False,False,False,0.627,PR_proteins,True,NP_196290.1 peroxidase 2 [Arabidopsis thaliana]
NP_196291.1,NP_196291,False,False,False,0.777,PR_proteins,True,NP_196291.1 Peroxidase superfamily protein [Arabidopsis thaliana]
NP_196296.1,NP_196296,False,False,False,0.827,defense_signaling,False,NP_196296.1 Emsy N Terminus (ENT)/ plant Tudor-like domains-containing protein [Arabidopsis thaliana]
NP_196312.1,NP_196312,False,False,False,0.85,defense_signaling,False,NP_196312.1 bZIP transcription factor family protein [Arabidopsis thaliana]
NP_196313.1,NP_196313,False,False,False,0.833,defense_signaling,False,NP_196313.1 OCS-element binding factor 5 [Arabidopsis thaliana]
NP_196356.1,NP_196356,True,False,False,1.764,cell_death_HR,True,NP_196356.1 respiratory burst oxidase homolog A [Arabidopsis thaliana]
NP_196386.1,NP_196386,False,False,False,0.671,defense_signaling,False,NP_196386.1 myb domain protein 29 [Arabidopsis thaliana]
NP_196409.1,NP_196409,False,False,False,0.932,antimicrobial,True,NP_196409.1 diacylglycerol kinase1 [Arabidopsis thaliana]
NP_196429.1,NP_196429,False,False,False,0.599,defense_signaling,False,NP_196429.1 movement protein binding protein 2C [Arabidopsis thaliana]
NP_196591.2,NP_196591,True,True,True,1.859,RLK_defense,True,NP_196591.2 leucine-rich repeat transmembrane protein kinase family protein [Arabidopsis thaliana]
NP_196592.1,NP_196592,False,False,False,1.198,NBS_LRR,False,NP_196592.1 methyl esterase 5 [Arabidopsis thaliana]
NP_196600.1,NP_196600,False,False,False,0.442,defense_signaling,False,NP_196600.1 RING/U-box superfamily protein [Arabidopsis thaliana]
NP_196615.1,NP_196615,True,True,False,1.747,RLK_defense,True,NP_196615.1 Concanavalin A-like lectin protein kinase family protein [Arabidopsis thaliana]
NP_196633.2,NP_196633,True,False,False,0.962,defense_signaling,True,NP_196633.2 histidine kinase 5 [Arabidopsis thaliana]
NP_196637.1,NP_196637,False,False,False,0.467,NBS_LRR,False,NP_196637.1 Eukaryotic aspartyl protease family protein [Arabidopsis thaliana]
NP_196657.1,NP_196657,False,False,False,0.735,cell_death_HR,False,"NP_196657.1 Polynucleotidyl transferase, ribonuclease H-like superfamily protein [Arabidopsis thaliana]"
NP_196686.1,NP_196686,False,True,True,1.531,NBS_LRR,True,NP_196686.1 Disease resistance protein (TIR-NBS-LRR class) [Arabidopsis thaliana]
NP_196688.2,NP_196688,False,False,False,0.242,defense_signaling,True,NP_196688.2 overexpressor of cationic peroxidase 3 [Arabidopsis thaliana]
NP_196702.1,NP_196702,False,True,False,1.329,RLK_defense,True,NP_196702.1 Protein kinase superfamily protein [Arabidopsis thaliana]
NP_196724.3,NP_196724,False,False,False,-0.111,defense_signaling,False,NP_196724.3 uncharacterized protein AT5G11630 [Arabidopsis thaliana]
NP_196750.1,NP_196750,False,False,False,0.391,RLK_defense,False,NP_196750.1 harpin-induced protein [Arabidopsis thaliana]
NP_196775.1,NP_196775,False,False,False,0.915,PR_proteins,False,NP_196775.1 cystatin-1 [Arabidopsis thaliana]
NP_196791.1,NP_196791,False,False,False,0.718,defense_signaling,False,NP_196791.1 myb domain protein 46 [Arabidopsis thaliana]
NP_196805.2,NP_196805,False,False,False,0.869,defense_signaling,False,NP_196805.2 RNA helicase family protein [Arabidopsis thaliana]
NP_196806.2,NP_196806,False,False,False,0.786,cell_death_HR,False,NP_196806.2 Emsy N Terminus (ENT)/ plant Tudor-like domains-containing protein [Arabidopsis thaliana]
NP_196817.2,NP_196817,True,False,False,1.078,antimicrobial,True,"NP_196817.2 Histidine kinase-, DNA gyrase B-, and HSP90-like ATPase family protein [Arabidopsis thaliana]"
NP_196820.1,NP_196820,False,True,False,1.404,RLK_defense,True,NP_196820.1 Protein kinase superfamily protein [Arabidopsis thaliana]
NP_196836.1,NP_196836,False,False,False,1.327,antimicrobial,False,NP_196836.1 Auxin-responsive GH3 family protein [Arabidopsis thaliana]
NP_196857.2,NP_196857,False,False,False,1.025,antimicrobial,True,NP_196857.2 protein kinases;ubiquitin-protein ligase [Arabidopsis thaliana]
NP_196966.2,NP_196966,True,False,False,1.004,antimicrobial,False,NP_196966.2 domains rearranged methyltransferase 2 [Arabidopsis thaliana]
NP_197012.1,NP_197012,False,True,False,1.367,RLK_defense,True,NP_197012.1 Protein kinase superfamily protein [Arabidopsis thaliana]
NP_197013.1,NP_197013,False,False,False,0.499,cell_death_HR,False,NP_197013.1 voltage dependent anion channel 3 [Arabidopsis thaliana]
NP_197017.1,NP_197017,False,True,False,0.481,defense_signaling,True,NP_197017.1 WRKY DNA-binding protein 72 [Arabidopsis thaliana]
NP_197042.2,NP_197042,True,False,False,1.046,PR_proteins,False,NP_197042.2 domains rearranged methylase 1 [Arabidopsis thaliana]
NP_197045.1,NP_197045,False,False,False,0.573,cell_death_HR,False,NP_197045.1 Cyclic nucleotide-regulated ion channel family protein [Arabidopsis thaliana]
NP_197104.1,NP_197104,True,True,False,1.903,RLK_defense,True,NP_197104.1 NSP-interacting kinase 1 [Arabidopsis thaliana]
NP_197186.1,NP_197186,False,False,False,1.074,cell_death_HR,False,NP_197186.1 binding partner of acd11 1 [Arabidopsis thaliana]
NP_197231.1,NP_197231,False,False,False,0.903,antimicrobial,False,NP_197231.1 autophagy protein Apg5 family [Arabidopsis thaliana]
NP_197270.1,NP_197270,True,True,True,2.298,NBS_LRR,True,NP_197270.1 disease resistance protein (TIR-NBS-LRR class) [Arabidopsis thaliana]
NP_197290.1,NP_197290,True,True,True,2.37,NBS_LRR,True,NP_197290.1 disease resistance protein (TIR-NBS-LRR class) [Arabidopsis thaliana]
NP_197291.2,NP_197291,True,True,True,2.118,NBS_LRR,False,NP_197291.2 DA1-related protein 4 [Arabidopsis thaliana]
NP_197298.1,NP_197298,False,True,True,1.236,NBS_LRR,True,NP_197298.1 Disease resistance protein (TIR-NBS-LRR class) family [Arabidopsis thaliana]
NP_197323.1,NP_197323,True,True,True,1.783,PR_proteins,False,NP_197323.1 O-Glycosyl hydrolases family 17 protein [Arabidopsis thaliana]
NP_197336.4,NP_197336,True,True,True,2.142,NBS_LRR,True,NP_197336.4 Disease resistance protein (TIR-NBS-LRR class) family [Arabidopsis thaliana]
NP_197337.1,NP_197337,True,True,True,1.71,NBS_LRR,True,NP_197337.1 Disease resistance protein (TIR-NBS-LRR class) family [Arabidopsis thaliana]
NP_197362.1,NP_197362,False,True,False,1.21,RLK_defense,True,NP_197362.1 Protein kinase superfamily protein [Arabidopsis thaliana]
NP_197366.1,NP_197366,False,False,False,0.956,cell_death_HR,False,NP_197366.1 CHY-type/CTCHY-type/RING-type Zinc finger protein [Arabidopsis thaliana]
NP_197441.3,NP_197441,False,False,False,0.727,defense_signaling,False,NP_197441.3 Telomerase activating protein Est1 [Arabidopsis thaliana]
NP_197532.3,NP_197532,False,True,False,1.093,NBS_LRR,False,NP_197532.3 dicer-like 4 [Arabidopsis thaliana]
NP_197533.1,NP_197533,True,True,True,1.614,PR_proteins,True,"NP_197533.1 beta-1,3-glucanase 4 [Arabidopsis thaliana]"
NP_197534.1,NP_197534,True,True,True,1.65,PR_proteins,True,"NP_197534.1 beta-1,3-glucanase 5 [Arabidopsis thaliana]"
NP_197538.2,NP_197538,False,False,False,0.374,cell_death_HR,False,NP_197538.2 phosphate transporter 4;5 [Arabidopsis thaliana]
NP_197548.1,NP_197548,False,True,True,1.538,RLK_defense,False,NP_197548.1 EF-TU receptor [Arabidopsis thaliana]
NP_197590.1,NP_197590,False,False,False,0.542,defense_signaling,False,NP_197590.1 jasmonate-zim-domain protein 12 [Arabidopsis thaliana]
NP_197602.2,NP_197602,False,False,False,1.083,antimicrobial,False,NP_197602.2 PAZ domain-containing protein / piwi domain-containing protein [Arabidopsis thaliana]
NP_197608.1,NP_197608,False,True,False,1.309,RLK_defense,True,NP_197608.1 Leucine-rich repeat (LRR) family protein [Arabidopsis thaliana]
NP_197609.1,NP_197609,False,False,False,0.727,cell_death_HR,True,NP_197609.1 Plant L-ascorbate oxidase [Arabidopsis thaliana]
NP_197613.2,NP_197613,False,False,False,1.17,antimicrobial,False,NP_197613.2 Argonaute family protein [Arabidopsis thaliana]
NP_197646.1,NP_197646,False,False,False,1.333,NBS_LRR,False,"NP_197646.1 transmembrane protein, putative (DUF247) [Arabidopsis thaliana]"
NP_197649.2,NP_197649,False,False,False,0.582,defense_signaling,True,NP_197649.2 WRKY DNA-binding protein 38 [Arabidopsis thaliana]
NP_197655.1,NP_197655,True,False,False,1.477,cell_death_HR,False,NP_197655.1 arogenate dehydratase 5 [Arabidopsis thaliana]
NP_197661.1,NP_197661,True,True,True,1.785,NBS_LRR,True,NP_197661.1 Disease resistance protein (TIR-NBS-LRR class) family [Arabidopsis thaliana]
NP_197678.1,NP_197678,False,False,False,0.523,RLK_defense,False,NP_197678.1 Late embryogenesis abundant (LEA) hydroxyproline-rich glycoprotein family [Arabidopsis thaliana]
NP_197747.1,NP_197747,False,False,False,0.93,defense_signaling,False,NP_197747.1 XS domain-containing protein / XS zinc finger domain-containing protein-like protein [Arabidopsis thaliana]
NP_197771.1,NP_197771,False,False,False,0.665,defense_signaling,False,NP_197771.1 MD-2-related lipid recognition domain-containing protein [Arabidopsis thaliana]
NP_197783.2,NP_197783,False,False,False,0.825,cell_death_HR,False,NP_197783.2 Calcium-dependent lipid-binding (CaLB domain) family protein [Arabidopsis thaliana]
NP_197797.1,NP_197797,True,False,False,1.562,PR_proteins,True,NP_197797.1 chitinase A [Arabidopsis thaliana]
NP_197809.1,NP_197809,False,False,False,0.919,antimicrobial,False,NP_197809.1 alpha/beta-Hydrolases superfamily protein [Arabidopsis thaliana]
NP_197841.1,NP_197841,False,False,False,1.008,NBS_LRR,False,NP_197841.1 2-oxoglutarate (2OG) and Fe(II)-dependent oxygenase superfamily protein [Arabidopsis thaliana]
NP_197842.1,NP_197842,False,False,False,1.254,PR_proteins,False,NP_197842.1 beta glucosidase 31 [Arabidopsis thaliana]
NP_197843.2,NP_197843,False,False,False,1.248,PR_proteins,False,NP_197843.2 beta glucosidase 32 [Arabidopsis thaliana]
NP_197847.3,NP_197847,False,False,False,0.543,defense_signaling,False,NP_197847.3 TCV-interacting protein [Arabidopsis thaliana]
NP_197854.1,NP_197854,False,False,False,0.475,defense_signaling,False,NP_197854.1 response to low sulfur 2 [Arabidopsis thaliana]
NP_197877.1,NP_197877,False,False,False,0.727,NBS_LRR,False,"NP_197877.1 cytochrome P450, family 71, subfamily A, polypeptide 15 [Arabidopsis thaliana]"
NP_197878.1,NP_197878,False,False,False,0.672,NBS_LRR,False,"NP_197878.1 cytochrome P450, family 71, subfamily A, polypeptide 14 [Arabidopsis thaliana]"
NP_197880.3,NP_197880,False,False,False,0.048,defense_signaling,False,NP_197880.3 uncharacterized protein AT5G24980 [Arabidopsis thaliana]
NP_197926.2,NP_197926,False,True,False,1.426,RLK_defense,True,NP_197926.2 Protein kinase superfamily protein [Arabidopsis thaliana]
NP_197963.1,NP_197963,False,True,False,1.261,NBS_LRR,False,NP_197963.1 receptor like protein 52 [Arabidopsis thaliana]
NP_197972.2,NP_197972,False,False,False,1.18,PR_proteins,False,NP_197972.2 thioglucoside glucohydrolase 1 [Arabidopsis thaliana]
NP_197985.2,NP_197985,True,True,True,1.601,PR_proteins,True,"NP_197985.2 CAP (Cysteine-rich secretory proteins, Antigen 5, and Pathogenesis-related 1 protein) superfamily protein [Arabidopsis thaliana]"
NP_197989.2,NP_197989,False,True,False,0.524,defense_signaling,True,NP_197989.2 WRKY DNA-binding protein 50 [Arabidopsis thaliana]
NP_198044.2,NP_198044,False,False,False,0.944,NBS_LRR,False,NP_198044.2 Cam-binding protein 60-like G [Arabidopsis thaliana]
NP_198050.1,NP_198050,False,False,False,0.961,antimicrobial,False,NP_198050.1 syntaxin of plants 41 [Arabidopsis thaliana]
NP_198094.1,NP_198094,False,False,False,0.689,defense_signaling,False,NP_198094.1 carbon/nitrogen insensitive 1 [Arabidopsis thaliana]
NP_198152.1,NP_198152,False,False,False,0.714,NBS_LRR,False,NP_198152.1 Polyketide cyclase/dehydrase and lipid transport superfamily protein [Arabidopsis thaliana]
NP_198203.1,NP_198203,False,False,False,1.115,PR_proteins,False,NP_198203.1 beta glucosidase 24 [Arabidopsis thaliana]
NP_198319.1,NP_198319,False,False,False,0.199,cell_death_HR,False,NP_198319.1 Eukaryotic aspartyl protease family protein [Arabidopsis thaliana]
NP_198395.1,NP_198395,True,True,True,2.013,NBS_LRR,True,NP_198395.1 Disease resistance protein (CC-NBS-LRR class) family [Arabidopsis thaliana]
NP_198408.2,NP_198408,False,True,False,1.274,RLK_defense,True,NP_198408.2 Protein kinase superfamily protein [Arabidopsis thaliana]
NP_198505.2,NP_198505,False,False,False,1.074,PR_proteins,False,NP_198505.2 beta glucosidase 42 [Arabidopsis thaliana]
NP_198507.1,NP_198507,False,False,False,0.637,defense_signaling,False,NP_198507.1 thionin 2.2 [Arabidopsis thaliana]
NP_198508.1,NP_198508,False,False,False,0.221,defense_signaling,False,NP_198508.1 uncharacterized protein AT5G36920 [Arabidopsis thaliana]
NP_198509.2,NP_198509,True,True,True,2.309,NBS_LRR,True,NP_198509.2 Disease resistance protein (TIR-NBS-LRR class) family [Arabidopsis thaliana]
NP_198513.1,NP_198513,False,False,False,0.535,RLK_defense,False,NP_198513.1 NDR1/HIN1-like 25 [Arabidopsis thaliana]
NP_198565.1,NP_198565,False,False,False,1.085,NBS_LRR,False,NP_198565.1 ARM repeat superfamily protein [Arabidopsis thaliana]
NP_198588.2,NP_198588,False,False,False,0.678,cell_death_HR,False,NP_198588.2 ALWAYS EARLY 4 [Arabidopsis thaliana]
NP_198593.1,NP_198593,False,False,False,0.767,NBS_LRR,False,NP_198593.1 EF hand calcium-binding protein family [Arabidopsis thaliana]
NP_198649.2,NP_198649,False,False,False,0.838,PR_proteins,False,NP_198649.2 low-molecular-weight cysteine-rich 80 [Arabidopsis thaliana]
NP_198650.1,NP_198650,True,True,True,1.733,NBS_LRR,True,NP_198650.1 Disease resistance protein (TIR-NBS-LRR class) family [Arabidopsis thaliana]
NP_198651.1,NP_198651,False,True,True,1.649,NBS_LRR,True,NP_198651.1 Disease resistance protein (NBS-LRR class) family [Arabidopsis thaliana]
NP_198706.1,NP_198706,False,False,False,0.725,cell_death_HR,False,NP_198706.1 Thioredoxin superfamily protein [Arabidopsis thaliana]
NP_198774.1,NP_198774,False,False,False,0.832,PR_proteins,True,NP_198774.1 Peroxidase superfamily protein [Arabidopsis thaliana]
NP_198818.1,NP_198818,False,False,True,1.286,PR_proteins,True,NP_198818.1 Pathogenesis-related thaumatin superfamily protein [Arabidopsis thaliana]
NP_198822.3,NP_198822,True,True,True,2.004,NBS_LRR,True,NP_198822.3 Disease resistance protein (NBS-LRR class) family [Arabidopsis thaliana]
NP_198825.3,NP_198825,True,True,True,1.87,NBS_LRR,True,NP_198825.3 Disease resistance protein (TIR-NBS class) [Arabidopsis thaliana]
NP_198826.1,NP_198826,True,True,True,2.195,NBS_LRR,True,NP_198826.1 Disease resistance protein (TIR-NBS-LRR class) family [Arabidopsis thaliana]
NP_198860.1,NP_198860,False,False,False,1.09,antimicrobial,True,NP_198860.1 mitogen-activated protein kinase kinase 3 [Arabidopsis thaliana]
NP_198893.1,NP_198893,False,False,False,0.954,cell_death_HR,False,NP_198893.1 prohibitin 3 [Arabidopsis thaliana]
NP_198898.2,NP_198898,False,False,False,0.578,defense_signaling,False,NP_198898.2 Ataxia telangiectasia-mutated and RAD3-like protein [Arabidopsis thaliana]
NP_198907.1,NP_198907,True,True,True,1.691,NBS_LRR,True,NP_198907.1 Disease resistance protein (TIR-NBS-LRR class) family [Arabidopsis thaliana]
NP_198915.1,NP_198915,False,False,False,0.852,NBS_LRR,False,NP_198915.1 GDSL lipase 1 [Arabidopsis thaliana]
NP_198969.1,NP_198969,True,True,True,1.791,NBS_LRR,True,NP_198969.1 Disease resistance protein (TIR-NBS-LRR class) family [Arabidopsis thaliana]
NP_198970.1,NP_198970,False,True,True,1.619,NBS_LRR,True,NP_198970.1 Disease resistance protein (TIR-NBS-LRR class) family [Arabidopsis thaliana]
NP_198988.1,NP_198988,False,False,False,0.699,NBS_LRR,True,NP_198988.1 Protein kinase family protein [Arabidopsis thaliana]
NP_198989.2,NP_198989,True,True,True,2.04,NBS_LRR,True,NP_198989.2 Disease resistance protein (TIR-NBS-LRR class) family [Arabidopsis thaliana]
NP_198990.3,NP_198990,True,True,True,1.681,NBS_LRR,True,NP_198990.3 Disease resistance protein (TIR-NBS-LRR class) family [Arabidopsis thaliana]
NP_199027.1,NP_199027,True,True,False,1.584,RLK_defense,True,NP_199027.1 Concanavalin A-like lectin protein kinase family protein [Arabidopsis thaliana]
NP_199073.1,NP_199073,False,False,False,0.838,NBS_LRR,False,"NP_199073.1 cytochrome P450, family 71, subfamily A, polypeptide 16 [Arabidopsis thaliana]"
NP_199079.1,NP_199079,False,False,False,0.8,antimicrobial,False,NP_199079.1 allene oxide synthase [Arabidopsis thaliana]
NP_199088.1,NP_199088,False,False,False,1.325,antimicrobial,False,NP_199088.1 Sugar isomerase (SIS) family protein [Arabidopsis thaliana]
NP_199109.1,NP_199109,False,False,False,0.075,defense_signaling,False,NP_199109.1 GYF domain-containing protein [Arabidopsis thaliana]
NP_199112.1,NP_199112,False,False,False,0.332,PR_proteins,False,NP_199112.1 thioredoxin 3 [Arabidopsis thaliana]
NP_199160.1,NP_199160,True,True,True,1.761,NBS_LRR,True,NP_199160.1 Disease resistance protein (CC-NBS-LRR class) family [Arabidopsis thaliana]
NP_199169.1,NP_199169,False,False,False,0.493,defense_signaling,False,NP_199169.1 TRAF-like superfamily protein [Arabidopsis thaliana]
NP_199171.3,NP_199171,False,False,False,0.42,PR_proteins,False,"NP_199171.3 Serine protease inhibitor, potato inhibitor I-type family protein [Arabidopsis thaliana]"
NP_199172.1,NP_199172,False,False,False,0.768,antimicrobial,False,NP_199172.1 Acyl transferase/acyl hydrolase/lysophospholipase superfamily protein [Arabidopsis thaliana]
NP_199194.1,NP_199194,False,False,False,1.179,antimicrobial,False,NP_199194.1 Stabilizer of iron transporter SufD / Polynucleotidyl transferase [Arabidopsis thaliana]
NP_199211.2,NP_199211,False,False,False,0.588,PR_proteins,False,NP_199211.2 plasmodesmata-located protein 1 [Arabidopsis thaliana]
NP_199216.2,NP_199216,False,False,False,0.922,antimicrobial,False,NP_199216.2 cellulose synthase A4 [Arabidopsis thaliana]
NP_199220.1,NP_199220,False,False,False,0.919,cell_death_HR,False,NP_199220.1 phytochelatin synthase 1 (PCS1) [Arabidopsis thaliana]
NP_199233.1,NP_199233,False,False,False,0.282,defense_signaling,False,NP_199233.1 CAP-binding protein 20 [Arabidopsis thaliana]
NP_199234.1,NP_199234,False,False,False,0.367,defense_signaling,False,NP_199234.1 erf domain protein 9 [Arabidopsis thaliana]
NP_199255.1,NP_199255,False,False,False,0.842,PR_proteins,True,NP_199255.1 plant defensin 1.2 [Arabidopsis thaliana]
NP_199256.1,NP_199256,False,False,False,0.822,PR_proteins,True,NP_199256.1 plant defensin 1.2C [Arabidopsis thaliana]
NP_199264.1,NP_199264,True,True,True,1.9,NBS_LRR,False,NP_199264.1 target of AVRB operation1 [Arabidopsis thaliana]
NP_199270.1,NP_199270,False,False,False,-0.177,defense_signaling,False,NP_199270.1 uncharacterized protein AT5G44570 [Arabidopsis thaliana]
NP_199300.1,NP_199300,True,True,True,2.355,NBS_LRR,True,NP_199300.1 Disease resistance protein (TIR-NBS-LRR class) family [Arabidopsis thaliana]
NP_199318.2,NP_199318,True,True,True,2.128,NBS_LRR,True,NP_199318.2 Disease resistance protein (TIR-NBS-LRR class) [Arabidopsis thaliana]
NP_199319.1,NP_199319,True,True,True,2.392,NBS_LRR,True,NP_199319.1 Disease resistance protein (TIR-NBS-LRR class) family [Arabidopsis thaliana]
NP_199320.1,NP_199320,True,True,False,1.671,NBS_LRR,False,NP_199320.1 phloem protein 2-A8 [Arabidopsis thaliana]
NP_199321.1,NP_199321,False,True,False,1.572,NBS_LRR,False,NP_199321.1 phloem protein 2-A6 [Arabidopsis thaliana]
NP_199322.1,NP_199322,False,True,False,1.22,NBS_LRR,False,NP_199322.1 phloem protein 2-A7 [Arabidopsis thaliana]
NP_199323.2,NP_199323,False,False,False,0.543,cell_death_HR,False,NP_199323.2 SBP (S-ribonuclease binding protein) family protein [Arabidopsis thaliana]
NP_199324.2,NP_199324,True,True,False,1.068,defense_signaling,True,NP_199324.2 NPR1-like protein 3 [Arabidopsis thaliana]
NP_199338.1,NP_199338,True,True,True,2.406,NBS_LRR,True,NP_199338.1 Disease resistance protein (TIR-NBS-LRR class) family [Arabidopsis thaliana]
NP_199339.2,NP_199339,True,True,True,2.178,NBS_LRR,True,NP_199339.2 Disease resistance protein (TIR-NBS-LRR class) [Arabidopsis thaliana]
NP_199354.3,NP_199354,False,False,False,0.987,cell_death_HR,False,NP_199354.3 zinc finger B-box protein [Arabidopsis thaliana]
NP_199363.3,NP_199363,False,True,False,1.356,NBS_LRR,False,NP_199363.3 RNI-like superfamily protein [Arabidopsis thaliana]
NP_199364.2,NP_199364,False,True,False,1.161,NBS_LRR,True,NP_199364.2 Leucine-rich repeat (LRR) family protein [Arabidopsis thaliana]
NP_199365.1,NP_199365,False,True,False,0.432,NBS_LRR,True,NP_199365.1 Leucine-rich repeat (LRR) family protein [Arabidopsis thaliana]
NP_199369.2,NP_199369,False,False,False,0.559,cell_death_HR,False,NP_199369.2 Pleckstrin homology (PH) domain-containing protein / lipid-binding START domain-containing protein [Arabidopsis thaliana]
NP_199389.1,NP_199389,False,True,False,0.762,RLK_defense,False,NP_199389.1 receptor like protein 55 [Arabidopsis thaliana]
NP_199430.1,NP_199430,False,False,False,1.14,cell_death_HR,False,NP_199430.1 ornithine-delta-aminotransferase [Arabidopsis thaliana]
NP_199438.1,NP_199438,True,True,True,2.023,NBS_LRR,True,NP_199438.1 disease resistance protein (TIR-NBS-LRR class) family [Arabidopsis thaliana]
NP_199439.5,NP_199439,True,True,True,2.082,NBS_LRR,True,NP_199439.5 Disease resistance protein (TIR-NBS-LRR class) family [Arabidopsis thaliana]
NP_199445.1,NP_199445,False,True,True,1.554,RLK_defense,True,NP_199445.1 Leucine-rich receptor-like protein kinase family protein [Arabidopsis thaliana]
NP_199447.1,NP_199447,False,True,False,0.431,defense_signaling,True,NP_199447.1 WRKY DNA-binding protein 8 [Arabidopsis thaliana]
NP_199459.2,NP_199459,True,True,True,1.728,NBS_LRR,True,NP_199459.2 disease resistance protein (TIR-NBS-LRR class) family [Arabidopsis thaliana]
NP_199463.1,NP_199463,True,True,True,2.091,NBS_LRR,True,NP_199463.1 Disease resistance protein (TIR-NBS-LRR class) family [Arabidopsis thaliana]
NP_199464.2,NP_199464,True,True,True,2.108,NBS_LRR,True,NP_199464.2 Disease resistance protein (TIR-NBS-LRR class) family [Arabidopsis thaliana]
NP_199488.1,NP_199488,False,False,False,0.755,RLK_defense,False,NP_199488.1 Basic helix-loop-helix (bHLH) DNA-binding family protein [Arabidopsis thaliana]
NP_199491.2,NP_199491,False,False,False,0.822,cell_death_HR,False,NP_199491.2 PYR1-like 1 [Arabidopsis thaliana]
NP_199498.2,NP_199498,False,False,False,0.962,cell_death_HR,False,NP_199498.2 RNA-binding (RRM/RBD/RNP motifs) family protein [Arabidopsis thaliana]
NP_199512.2,NP_199512,False,False,False,0.94,cell_death_HR,False,NP_199512.2 RNA helicase [Arabidopsis thaliana]
NP_199518.1,NP_199518,False,True,False,1.499,RLK_defense,True,NP_199518.1 Protein kinase superfamily protein [Arabidopsis thaliana]
NP_199533.1,NP_199533,False,False,False,0.554,defense_signaling,True,NP_199533.1 ethylene responsive element binding factor 2 [Arabidopsis thaliana]
NP_199539.1,NP_199539,True,True,True,2.044,NBS_LRR,False,NP_199539.1 ADR1-like 3 [Arabidopsis thaliana]
NP_199566.1,NP_199566,False,False,False,0.825,PR_proteins,False,NP_199566.1 Cystatin/monellin superfamily protein [Arabidopsis thaliana]
NP_199597.1,NP_199597,False,False,False,1.011,cell_death_HR,False,NP_199597.1 Gut esterase (DUF1350) [Arabidopsis thaliana]
NP_199602.1,NP_199602,True,False,False,1.8,cell_death_HR,True,NP_199602.1 respiratory burst oxidase homologue D [Arabidopsis thaliana]
NP_199660.1,NP_199660,False,False,False,0.954,PR_proteins,False,NP_199660.1 Bifunctional inhibitor/lipid-transfer protein/seed storage 2S albumin superfamily protein [Arabidopsis thaliana]
NP_199673.1,NP_199673,True,True,True,1.687,NBS_LRR,True,NP_199673.1 Disease resistance protein (CC-NBS-LRR class) family [Arabidopsis thaliana]
NP_199763.1,NP_199763,False,True,False,0.197,defense_signaling,True,NP_199763.1 WRKY DNA-binding protein 48 [Arabidopsis thaliana]
NP_199836.1,NP_199836,False,False,False,0.763,RLK_defense,False,NP_199836.1 chloroplast RNA-binding protein 31B [Arabidopsis thaliana]
NP_199891.4,NP_199891,False,False,False,0.969,antimicrobial,True,"NP_199891.4 Histidine kinase-, DNA gyrase B-, and HSP90-like ATPase family protein [Arabidopsis thaliana]"
NP_199915.1,NP_199915,False,False,False,0.809,defense_signaling,False,NP_199915.1 crumpled leaf [Arabidopsis thaliana]
NP_199919.1,NP_199919,True,False,False,1.843,cell_death_HR,True,NP_199919.1 NADPH/respiratory burst oxidase protein D [Arabidopsis thaliana]
NP_199976.2,NP_199976,True,True,True,2.197,NBS_LRR,True,NP_199976.2 Disease resistance protein (TIR-NBS-LRR class) family [Arabidopsis thaliana]
NP_200015.1,NP_200015,False,False,False,0.51,defense_signaling,False,NP_200015.1 Integrase-type DNA-binding superfamily protein [Arabidopsis thaliana]
NP_200093.1,NP_200093,False,False,False,0.777,antimicrobial,False,NP_200093.1 NAD(P)-binding Rossmann-fold superfamily protein [Arabidopsis thaliana]
NP_200169.1,NP_200169,False,False,False,0.889,defense_signaling,False,NP_200169.1 Ypt/Rab-GAP domain of gyp1p superfamily protein [Arabidopsis thaliana]
NP_200184.1,NP_200184,False,False,False,0.346,RLK_defense,False,NP_200184.1 Late embryogenesis abundant (LEA) hydroxyproline-rich glycoprotein family [Arabidopsis thaliana]
NP_200187.1,NP_200187,False,False,False,0.879,defense_signaling,False,NP_200187.1 Seven transmembrane MLO family protein [Arabidopsis thaliana]
NP_200236.1,NP_200236,False,False,False,0.186,cell_death_HR,False,NP_200236.1 cyclic nucleotide-gated cation channel 4 [Arabidopsis thaliana]
NP_200249.1,NP_200249,False,True,False,1.561,RLK_defense,True,NP_200249.1 protein kinase family protein [Arabidopsis thaliana]
NP_200350.2,NP_200350,False,False,False,1.127,NBS_LRR,True,NP_200350.2 ENHANCED DOWNY MILDEW 2 [Arabidopsis thaliana]
NP_200352.2,NP_200352,False,False,False,1.008,PR_proteins,False,NP_200352.2 Bifunctional inhibitor/lipid-transfer protein/seed storage 2S albumin superfamily protein [Arabidopsis thaliana]
NP_200357.2,NP_200357,False,False,False,0.832,PR_proteins,False,NP_200357.2 Bifunctional inhibitor/lipid-transfer protein/seed storage 2S albumin superfamily protein [Arabidopsis thaliana]
NP_200394.1,NP_200394,True,True,False,1.719,RLK_defense,True,NP_200394.1 Concanavalin A-like lectin protein kinase family protein [Arabidopsis thaliana]
NP_200412.1,NP_200412,False,False,False,0.932,antimicrobial,False,NP_200412.1 heat shock protein 81-3 [Arabidopsis thaliana]
NP_200414.1,NP_200414,False,False,False,0.934,antimicrobial,False,NP_200414.1 heat shock protein 81-2 [Arabidopsis thaliana]
NP_200416.1,NP_200416,False,False,False,0.452,defense_signaling,False,NP_200416.1 late embryogenesis abundant (LEA) hydroxyproline-rich glycoprotein family protein [Arabidopsis thaliana]
NP_200457.1,NP_200457,False,True,False,1.466,RLK_defense,True,NP_200457.1 Protein kinase superfamily protein [Arabidopsis thaliana]
NP_200469.1,NP_200469,False,False,False,0.967,cell_death_HR,True,NP_200469.1 MAP kinase kinase 6 [Arabidopsis thaliana]
NP_200471.3,NP_200471,False,False,False,0.883,PR_proteins,False,NP_200471.3 profilin [Arabidopsis thaliana]
NP_200532.1,NP_200532,False,False,False,0.83,NBS_LRR,False,"NP_200532.1 cytochrome P450, family 81, subfamily F, polypeptide 2 [Arabidopsis thaliana]"
NP_200577.2,NP_200577,False,False,False,1.393,cell_death_HR,True,NP_200577.2 diacylglycerol kinase 4 [Arabidopsis thaliana]
NP_200617.2,NP_200617,True,False,True,1.816,PR_proteins,False,NP_200617.2 O-Glycosyl hydrolases family 17 protein [Arabidopsis thaliana]
NP_200634.1,NP_200634,False,False,False,0.524,defense_signaling,False,"NP_200634.1 oxidoreductases, acting on NADH or NADPH, quinone or similar compound as acceptor [Arabidopsis thaliana]"
NP_200647.1,NP_200647,False,False,False,1.065,PR_proteins,True,NP_200647.1 Peroxidase superfamily protein [Arabidopsis thaliana]
NP_200648.1,NP_200648,False,False,False,1.147,PR_proteins,True,NP_200648.1 Peroxidase superfamily protein [Arabidopsis thaliana]
NP_200651.1,NP_200651,False,False,False,1.014,cell_death_HR,False,NP_200651.1 exocyst subunit exo70 family protein B1 [Arabidopsis thaliana]
NP_200656.2,NP_200656,True,False,True,1.45,PR_proteins,False,NP_200656.2 O-Glycosyl hydrolases family 17 protein [Arabidopsis thaliana]
NP_200668.1,NP_200668,False,False,False,1.188,PR_proteins,False,NP_200668.1 Pmr5/Cas1p GDSL/SGNH-like acyl-esterase family protein (DUF828) [Arabidopsis thaliana]
NP_200734.1,NP_200734,True,True,False,1.668,RLK_defense,True,NP_200734.1 Concanavalin A-like lectin protein kinase family protein [Arabidopsis thaliana]
NP_200735.1,NP_200735,True,True,False,1.709,RLK_defense,True,NP_200735.1 Concanavalin A-like lectin protein kinase family protein [Arabidopsis thaliana]
NP_200791.2,NP_200791,False,False,False,0.474,defense_signaling,False,NP_200791.2 DNA-binding protein [Arabidopsis thaliana]
NP_200809.4,NP_200809,True,False,False,1.571,cell_death_HR,False,NP_200809.4 ferric reductase-like transmembrane component family protein [Arabidopsis thaliana]
NP_200835.1,NP_200835,True,True,False,1.715,RLK_defense,True,NP_200835.1 Concanavalin A-like lectin protein kinase family protein [Arabidopsis thaliana]
NP_200836.1,NP_200836,True,True,False,1.698,RLK_defense,True,NP_200836.1 Concanavalin A-like lectin protein kinase family protein [Arabidopsis thaliana]
NP_200839.1,NP_200839,True,True,False,1.629,RLK_defense,True,NP_200839.1 Concanavalin A-like lectin protein kinase family protein [Arabidopsis thaliana]
NP_200840.1,NP_200840,True,True,False,1.709,RLK_defense,True,NP_200840.1 Concanavalin A-like lectin protein kinase family protein [Arabidopsis thaliana]
NP_200849.2,NP_200849,False,False,False,0.898,defense_signaling,False,"NP_200849.2 DNA-binding protein with MIZ/SP-RING zinc finger, PHD-finger and SAP domain-containing protein [Arabidopsis thaliana]"
NP_200868.2,NP_200868,True,False,False,1.37,antimicrobial,False,NP_200868.2 4-hydroxy-3-methylbut-2-enyl diphosphate synthase [Arabidopsis thaliana]
NP_200897.1,NP_200897,False,False,False,0.752,defense_signaling,False,NP_200897.1 myb domain protein 34 [Arabidopsis thaliana]
NP_200909.1,NP_200909,False,False,False,1.077,NBS_LRR,False,NP_200909.1 exocyst subunit exo70 family protein E2 [Arabidopsis thaliana]
NP_200925.1,NP_200925,False,False,False,1.043,PR_proteins,False,NP_200925.1 Ribosomal protein S19e family protein [Arabidopsis thaliana]
NP_200950.1,NP_200950,False,False,False,0.624,defense_signaling,False,NP_200950.1 myb domain protein 28 [Arabidopsis thaliana]
NP_200968.1,NP_200968,False,False,False,0.37,defense_signaling,True,NP_200968.1 ethylene response factor 104 [Arabidopsis thaliana]
NP_200995.1,NP_200995,False,False,False,0.439,defense_signaling,False,NP_200995.1 Integrase-type DNA-binding superfamily protein [Arabidopsis thaliana]
NP_201053.2,NP_201053,False,True,False,0.643,defense_signaling,False,NP_201053.2 myb domain protein 96 [Arabidopsis thaliana]
NP_201107.2,NP_201107,True,True,True,2.129,NBS_LRR,True,NP_201107.2 Disease resistance protein (CC-NBS-LRR class) family [Arabidopsis thaliana]
NP_201171.1,NP_201171,False,False,False,0.503,NBS_LRR,False,NP_201171.1 Scorpion toxin-like knottin superfamily protein [Arabidopsis thaliana]
NP_201182.1,NP_201182,False,False,False,0.988,antimicrobial,True,NP_201182.1 diacylglycerol kinase 2 [Arabidopsis thaliana]
NP_201189.1,NP_201189,False,False,False,1.066,PR_proteins,False,NP_201189.1 Glycosyl hydrolases family 31 protein [Arabidopsis thaliana]
NP_201202.2,NP_201202,True,False,False,1.378,cell_death_HR,False,NP_201202.2 Copine (Calcium-dependent phospholipid-binding protein) family [Arabidopsis thaliana]
NP_201217.1,NP_201217,False,False,False,0.9,PR_proteins,True,NP_201217.1 Peroxidase superfamily protein [Arabidopsis thaliana]
NP_201249.2,NP_201249,False,False,False,1.258,antimicrobial,False,NP_201249.2 fatty acid amide hydrolase [Arabidopsis thaliana]
NP_201280.1,NP_201280,False,False,False,0.279,defense_signaling,False,NP_201280.1 Integrase-type DNA-binding superfamily protein [Arabidopsis thaliana]
NP_201284.1,NP_201284,True,False,True,1.61,PR_proteins,False,NP_201284.1 O-Glycosyl hydrolases family 17 protein [Arabidopsis thaliana]
NP_201309.1,NP_201309,False,False,False,0.711,defense_signaling,False,NP_201309.1 senescence-associated family protein (DUF581) [Arabidopsis thaliana]
NP_201324.1,NP_201324,False,False,False,0.922,defense_signaling,False,NP_201324.1 bZIP transcription factor family protein [Arabidopsis thaliana]
NP_201356.2,NP_201356,False,True,False,1.427,RLK_defense,True,NP_201356.2 Protein kinase superfamily protein [Arabidopsis thaliana]
NP_201363.1,NP_201363,True,True,False,1.728,RLK_defense,True,NP_201363.1 Concanavalin A-like lectin protein kinase family protein [Arabidopsis thaliana]
NP_201372.2,NP_201372,True,True,True,1.786,RLK_defense,False,NP_201372.2 HAESA-like 2 [Arabidopsis thaliana]
NP_201398.1,NP_201398,False,False,False,0.799,antimicrobial,False,NP_201398.1 Seven transmembrane MLO family protein [Arabidopsis thaliana]
NP_201408.1,NP_201408,False,False,False,0.49,defense_signaling,False,NP_201408.1 RING/U-box superfamily protein [Arabidopsis thaliana]
NP_201414.1,NP_201414,False,False,False,0.82,cell_death_HR,False,NP_201414.1 RADIATION SENSITIVE 17 [Arabidopsis thaliana]
NP_201422.1,NP_201422,False,False,False,0.92,antimicrobial,True,NP_201422.1 calcium-dependent protein kinase 28 [Arabidopsis thaliana]
NP_201517.1,NP_201517,False,False,False,0.935,NBS_LRR,False,NP_201517.1 HXXXD-type acyl-transferase family protein [Arabidopsis thaliana]
NP_201531.1,NP_201531,False,False,False,0.722,defense_signaling,False,NP_201531.1 myb domain protein r1 [Arabidopsis thaliana]
NP_201534.1,NP_201534,False,False,False,1.028,antimicrobial,True,NP_201534.1 natural resistance associated macrophage protein 4 [Arabidopsis thaliana]
NP_563622.1,NP_563622,False,False,False,0.665,antimicrobial,False,NP_563622.1 ORMDL family protein [Arabidopsis thaliana]
NP_563647.1,NP_563647,False,False,False,1.083,PR_proteins,False,NP_563647.1 Cysteine proteinases superfamily protein [Arabidopsis thaliana]
NP_563648.1,NP_563648,False,False,False,1.26,PR_proteins,False,NP_563648.1 Cysteine proteinases superfamily protein [Arabidopsis thaliana]
NP_563653.2,NP_563653,False,False,False,0.276,defense_signaling,False,NP_563653.2 NIM1-interacting 1 [Arabidopsis thaliana]
NP_563660.1,NP_563660,False,False,False,0.768,defense_signaling,False,NP_563660.1 alpha/beta-Hydrolases superfamily protein [Arabidopsis thaliana]
NP_563667.1,NP_563667,False,False,False,0.559,defense_signaling,False,NP_563667.1 SPX (SYG1/Pho81/XPR1) domain-containing protein [Arabidopsis thaliana]
NP_563685.2,NP_563685,False,True,False,1.193,RLK_defense,True,NP_563685.2 Leucine-rich repeat (LRR) family protein [Arabidopsis thaliana]
NP_563691.1,NP_563691,False,False,False,0.438,NBS_LRR,False,NP_563691.1 Glutaredoxin family protein [Arabidopsis thaliana]
NP_563708.1,NP_563708,False,False,False,1.126,cell_death_HR,False,NP_563708.1 MOS4-associated complex 3A [Arabidopsis thaliana]
NP_563748.1,NP_563748,False,False,False,1.044,NBS_LRR,False,NP_563748.1 alpha/beta-Hydrolases superfamily protein [Arabidopsis thaliana]
NP_563788.1,NP_563788,False,False,False,0.87,PR_proteins,False,NP_563788.1 CCCH-type zinc fingerfamily protein with RNA-binding domain-containing protein [Arabidopsis thaliana]
NP_563804.4,NP_563804,False,False,False,0.559,defense_signaling,False,NP_563804.4 tyrosylprotein sulfotransferase [Arabidopsis thaliana]
NP_563806.1,NP_563806,False,False,False,0.456,defense_signaling,False,NP_563806.1 ATP-dependent helicase family protein [Arabidopsis thaliana]
NP_563816.1,NP_563816,False,False,False,0.952,PR_proteins,False,NP_563816.1 calreticulin 3 [Arabidopsis thaliana]
NP_563824.1,NP_563824,True,True,False,1.002,defense_signaling,True,NP_563824.1 Protein kinase superfamily protein [Arabidopsis thaliana]
NP_563835.1,NP_563835,False,False,False,0.995,cell_death_HR,False,NP_563835.1 soybean gene regulated by cold-2 [Arabidopsis thaliana]
NP_563851.1,NP_563851,False,False,False,0.394,PR_proteins,False,NP_563851.1 Eukaryotic aspartyl protease family protein [Arabidopsis thaliana]
NP_563882.1,NP_563882,False,False,False,0.968,cell_death_HR,False,NP_563882.1 Seven transmembrane MLO family protein [Arabidopsis thaliana]
NP_563915.1,NP_563915,False,False,False,1.135,NBS_LRR,False,NP_563915.1 auxin signaling F-box 3 [Arabidopsis thaliana]
NP_563945.2,NP_563945,False,False,False,0.599,cell_death_HR,False,NP_563945.2 Ribosomal protein L16p/L10e family protein [Arabidopsis thaliana]
NP_563973.1,NP_563973,False,False,False,0.866,cell_death_HR,False,NP_563973.1 Lactoylglutathione lyase / glyoxalase I family protein [Arabidopsis thaliana]
NP_564001.1,NP_564001,True,False,False,1.353,antimicrobial,False,NP_564001.1 molybdenum cofactor sulfurase (LOS5) (ABA3) [Arabidopsis thaliana]
NP_564019.1,NP_564019,False,False,False,0.523,defense_signaling,False,NP_564019.1 jasmonate-zim-domain protein 5 [Arabidopsis thaliana]
NP_564021.1,NP_564021,False,False,False,0.946,antimicrobial,False,NP_564021.1 lipoxygenase 3 [Arabidopsis thaliana]
NP_564075.1,NP_564075,False,False,False,0.416,defense_signaling,False,NP_564075.1 jasmonate-zim-domain protein 1 [Arabidopsis thaliana]
NP_564081.1,NP_564081,False,False,False,0.667,defense_signaling,False,NP_564081.1 Brassinosteroid signaling positive regulator (BZR1) family protein [Arabidopsis thaliana]
NP_564094.1,NP_564094,False,False,False,1.256,antimicrobial,False,NP_564094.1 chlorophyllase 1 [Arabidopsis thaliana]
NP_564119.1,NP_564119,False,False,False,-0.161,cell_death_HR,False,NP_564119.1 Small nuclear ribonucleoprotein family protein [Arabidopsis thaliana]
NP_564126.1,NP_564126,False,False,False,1.129,PR_proteins,False,NP_564126.1 xylem cysteine peptidase 2 [Arabidopsis thaliana]
NP_564137.1,NP_564137,True,True,False,1.648,RLK_defense,True,NP_564137.1 cell wall-associated kinase [Arabidopsis thaliana]
NP_564153.1,NP_564153,False,False,False,0.694,cell_death_HR,False,NP_564153.1 lysm domain GPI-anchored protein 1 precursor [Arabidopsis thaliana]
NP_564156.1,NP_564156,False,False,False,0.903,defense_signaling,False,NP_564156.1 transcription factor TGA3 [Arabidopsis thaliana]
NP_564183.1,NP_564183,False,False,False,0.048,RLK_defense,False,NP_564183.1 uncharacterized protein AT1G22885 [Arabidopsis thaliana]
NP_564244.1,NP_564244,False,False,False,1.22,antimicrobial,False,NP_564244.1 FAD-binding Berberine family protein [Arabidopsis thaliana]
NP_564257.1,NP_564257,False,False,False,0.844,antimicrobial,False,NP_564257.1 Seven transmembrane MLO family protein [Arabidopsis thaliana]
NP_564276.1,NP_564276,False,False,False,1.054,RLK_defense,True,NP_564276.1 histidine kinase 3 [Arabidopsis thaliana]
NP_564303.2,NP_564303,False,False,False,0.065,cell_death_HR,False,NP_564303.2 VQ motif-containing protein [Arabidopsis thaliana]
NP_564307.1,NP_564307,False,False,False,0.99,cell_death_HR,False,NP_564307.1 MAC/Perforin domain-containing protein [Arabidopsis thaliana]
NP_564333.1,NP_564333,False,False,False,1.046,cell_death_HR,False,NP_564333.1 MAC/Perforin domain-containing protein [Arabidopsis thaliana]
NP_564349.1,NP_564349,False,False,False,0.581,NBS_LRR,False,NP_564349.1 jasmonate-zim-domain protein 8 [Arabidopsis thaliana]
NP_564383.1,NP_564383,False,False,False,1.148,cell_death_HR,False,NP_564383.1 ATP-binding cassette 14 [Arabidopsis thaliana]
NP_564387.1,NP_564387,False,False,False,0.359,cell_death_HR,False,NP_564387.1 nuclear shuttle interacting [Arabidopsis thaliana]
NP_564391.1,NP_564391,False,False,False,0.74,NBS_LRR,False,NP_564391.1 WWE protein-protein interaction domain protein family [Arabidopsis thaliana]
NP_564405.1,NP_564405,False,True,False,0.474,cell_death_HR,False,NP_564405.1 lsd one like 1 [Arabidopsis thaliana]
NP_564414.2,NP_564414,False,False,False,1.265,PR_proteins,False,NP_564414.2 Subtilase family protein [Arabidopsis thaliana]
NP_564455.1,NP_564455,False,False,False,-0.694,PR_proteins,False,NP_564455.1 arabinogalactan protein 5 [Arabidopsis thaliana]
NP_564456.1,NP_564456,False,False,False,0.883,NBS_LRR,False,NP_564456.1 MLP-like protein 165 [Arabidopsis thaliana]
NP_564486.1,NP_564486,False,False,False,0.64,defense_signaling,False,NP_564486.1 VIRE2-interacting protein 1 [Arabidopsis thaliana]
NP_564497.1,NP_564497,True,False,False,1.461,PR_proteins,False,NP_564497.1 Granulin repeat cysteine protease family protein [Arabidopsis thaliana]
NP_564528.1,NP_564528,False,True,True,1.26,RLK_defense,True,NP_564528.1 receptor-like kinase 1 [Arabidopsis thaliana]
NP_564529.4,NP_564529,False,False,False,0.542,defense_signaling,True,NP_564529.4 Protein kinase superfamily protein [Arabidopsis thaliana]
NP_564539.1,NP_564539,False,False,False,0.491,NBS_LRR,False,NP_564539.1 Eukaryotic aspartyl protease family protein [Arabidopsis thaliana]
NP_564607.1,NP_564607,False,False,False,0.28,defense_signaling,False,NP_564607.1 TSK-associating protein 1 [Arabidopsis thaliana]
NP_564635.1,NP_564635,False,False,False,0.799,defense_signaling,True,NP_564635.1 mitogen-activated protein kinase kinase kinase 3 [Arabidopsis thaliana]
NP_564680.4,NP_564680,False,False,False,0.729,defense_signaling,False,NP_564680.4 histone mono-ubiquitination 2 [Arabidopsis thaliana]
NP_564682.2,NP_564682,False,False,False,0.567,defense_signaling,False,NP_564682.2 Bifunctional inhibitor/lipid-transfer protein/seed storage 2S albumin superfamily protein [Arabidopsis thaliana]
NP_564768.1,NP_564768,False,False,False,0.5,defense_signaling,False,NP_564768.1 SCR-like 6 [Arabidopsis thaliana]
NP_564775.1,NP_564775,False,True,False,1.574,NBS_LRR,False,NP_564775.1 S-domain-1 29 [Arabidopsis thaliana]
NP_564789.1,NP_564789,False,False,False,0.317,defense_signaling,False,NP_564789.1 ankyrin repeat protein [Arabidopsis thaliana]
NP_564837.1,NP_564837,False,False,False,0.87,cell_death_HR,False,NP_564837.1 alpha/beta-Hydrolases superfamily protein [Arabidopsis thaliana]
NP_564844.1,NP_564844,False,True,False,1.313,NBS_LRR,True,NP_564844.1 Protein kinase superfamily protein [Arabidopsis thaliana]
NP_564855.1,NP_564855,False,False,False,-0.029,defense_signaling,False,NP_564855.1 uncharacterized protein AT1G65500 [Arabidopsis thaliana]
NP_564862.1,NP_564862,False,False,False,0.601,RLK_defense,False,NP_564862.1 Late embryogenesis abundant (LEA) hydroxyproline-rich glycoprotein family [Arabidopsis thaliana]
NP_564881.3,NP_564881,False,False,False,1.228,NBS_LRR,False,NP_564881.3 S-adenosyl-L-methionine-dependent methyltransferases superfamily protein [Arabidopsis thaliana]
NP_564898.1,NP_564898,False,True,False,1.42,NBS_LRR,True,NP_564898.1 Protein kinase superfamily protein [Arabidopsis thaliana]
NP_564911.1,NP_564911,False,False,False,0.133,defense_signaling,False,NP_564911.1 uncharacterized protein AT1G67865 [Arabidopsis thaliana]
NP_564941.1,NP_564941,False,False,False,0.017,RLK_defense,False,NP_564941.1 Putative membrane lipoprotein [Arabidopsis thaliana]
NP_564955.1,NP_564955,False,False,False,0.713,defense_signaling,True,NP_564955.1 Protein kinase superfamily protein [Arabidopsis thaliana]
NP_564997.1,NP_564997,False,False,False,0.88,PR_proteins,True,NP_564997.1 Receptor-like protein kinase-related family protein [Arabidopsis thaliana]
NP_565003.3,NP_565003,False,False,False,0.235,cell_death_HR,False,NP_565003.3 MLP-like protein 34 [Arabidopsis thaliana]
NP_565038.1,NP_565038,False,False,False,0.687,defense_signaling,False,NP_565038.1 thionin 2.1 [Arabidopsis thaliana]
NP_565043.1,NP_565043,False,False,False,0.542,defense_signaling,False,NP_565043.1 jasmonate-zim-domain protein 6 [Arabidopsis thaliana]
NP_565061.1,NP_565061,False,False,False,0.883,PR_proteins,False,NP_565061.1 kunitz trypsin inhibitor 1 [Arabidopsis thaliana]
NP_565074.2,NP_565074,False,False,False,1.202,NBS_LRR,False,NP_565074.2 Calmodulin binding protein-like protein [Arabidopsis thaliana]
NP_565085.1,NP_565085,False,False,False,0.585,defense_signaling,False,NP_565085.1 RING/U-box superfamily protein [Arabidopsis thaliana]
NP_565096.1,NP_565096,False,False,False,0.405,defense_signaling,False,NP_565096.1 TIFY domain/Divergent CCT motif family protein [Arabidopsis thaliana]
NP_565111.1,NP_565111,False,False,False,0.52,cell_death_HR,False,NP_565111.1 Walls Are Thin 1 [Arabidopsis thaliana]
NP_565119.1,NP_565119,False,False,False,0.911,PR_proteins,False,NP_565119.1 low-molecular-weight cysteine-rich 67 [Arabidopsis thaliana]
NP_565143.1,NP_565143,False,False,False,-2.442,cell_death_HR,False,NP_565143.1 extensin 4 [Arabidopsis thaliana]
NP_565162.1,NP_565162,False,False,False,0.874,defense_signaling,False,NP_565162.1 bZIP transcription factor family protein [Arabidopsis thaliana]
NP_565179.1,NP_565179,False,False,False,0.473,defense_signaling,False,NP_565179.1 VQ motif-containing protein [Arabidopsis thaliana]
NP_565199.1,NP_565199,False,False,False,0.658,defense_signaling,False,NP_565199.1 topoisomerase II-associated protein [Arabidopsis thaliana]
NP_565200.1,NP_565200,False,False,False,0.083,defense_signaling,False,NP_565200.1 zinc ion binding protein [Arabidopsis thaliana]
NP_565206.1,NP_565206,True,False,False,1.363,PR_proteins,False,NP_565206.1 Ca(2)-dependent phospholipid-binding protein (Copine) family [Arabidopsis thaliana]
NP_565255.1,NP_565255,True,False,False,1.451,cell_death_HR,False,NP_565255.1 phosphatidic acid phosphatase 1 [Arabidopsis thaliana]
NP_565264.1,NP_565264,False,False,False,0.598,NBS_LRR,False,NP_565264.1 MLP-like protein 328 [Arabidopsis thaliana]
NP_565265.1,NP_565265,False,False,False,0.653,antimicrobial,False,NP_565265.1 MLP-like protein 329 [Arabidopsis thaliana]
NP_565271.1,NP_565271,False,False,False,0.683,defense_signaling,False,NP_565271.1 plant UBX domain-containing protein 2 [Arabidopsis thaliana]
NP_565272.1,NP_565272,False,False,False,0.829,PR_proteins,False,NP_565272.1 plasmodesmata-located protein 6 [Arabidopsis thaliana]
NP_565277.1,NP_565277,False,False,False,1.103,RLK_defense,True,NP_565277.1 CHASE domain containing histidine kinase protein [Arabidopsis thaliana]
NP_565356.1,NP_565356,False,False,False,1.094,antimicrobial,False,NP_565356.1 ARM repeat superfamily protein [Arabidopsis thaliana]
NP_565357.1,NP_565357,False,False,False,-2.934,cell_death_HR,False,NP_565357.1 golgi nucleotide sugar transporter 1 [Arabidopsis thaliana]
NP_565359.1,NP_565359,False,False,False,1.068,antimicrobial,True,NP_565359.1 AGD2-like defense response protein 1 [Arabidopsis thaliana]
NP_565375.1,NP_565375,False,False,False,0.464,defense_signaling,False,NP_565375.1 low-molecular-weight cysteine-rich 10 [Arabidopsis thaliana]
NP_565383.1,NP_565383,False,False,False,0.338,defense_signaling,False,NP_565383.1 maternal effect embryo arrest 14 [Arabidopsis thaliana]
NP_565406.1,NP_565406,False,False,False,1.015,RLK_defense,False,NP_565406.1 lysm domain GPI-anchored protein 2 precursor [Arabidopsis thaliana]
NP_565408.1,NP_565408,False,True,False,1.497,RLK_defense,True,NP_565408.1 Protein kinase superfamily protein [Arabidopsis thaliana]
NP_565416.1,NP_565416,False,False,False,0.844,defense_signaling,False,NP_565416.1 Seven transmembrane MLO family protein [Arabidopsis thaliana]
NP_565419.1,NP_565419,True,False,False,1.067,defense_signaling,True,NP_565419.1 Endoribonuclease/protein kinase IRE1-like protein [Arabidopsis thaliana]
NP_565456.2,NP_565456,False,False,False,1.04,antimicrobial,False,NP_565456.2 Transducin family protein / WD-40 repeat family protein [Arabidopsis thaliana]
NP_565477.1,NP_565477,False,False,False,1.234,antimicrobial,False,NP_565477.1 26S proteasome regulatory subunit S2 1A [Arabidopsis thaliana]
NP_565491.1,NP_565491,False,False,False,0.811,defense_signaling,False,NP_565491.1 photosystem II reaction center PSB29 protein [Arabidopsis thaliana]
NP_565492.1,NP_565492,False,False,False,1.167,cell_death_HR,True,NP_565492.1 diacylglycerol kinase 5 [Arabidopsis thaliana]
NP_565534.1,NP_565534,False,False,False,0.681,defense_signaling,False,NP_565534.1 mediator of RNA polymerase II transcription subunit [Arabidopsis thaliana]
NP_565549.1,NP_565549,False,False,False,0.28,RLK_defense,False,NP_565549.1 uncharacterized protein AT2G23270 [Arabidopsis thaliana]
NP_565574.1,NP_565574,False,True,False,0.606,defense_signaling,True,NP_565574.1 WRKY DNA-binding protein 17 [Arabidopsis thaliana]
NP_565585.1,NP_565585,False,False,False,0.696,cell_death_HR,False,NP_565585.1 stromal cell-derived factor 2-like protein precursor [Arabidopsis thaliana]
NP_565633.1,NP_565633,False,False,False,1.16,antimicrobial,False,NP_565633.1 Argonaute family protein [Arabidopsis thaliana]
NP_565634.1,NP_565634,False,False,False,0.539,RLK_defense,False,NP_565634.1 Late embryogenesis abundant (LEA) hydroxyproline-rich glycoprotein family [Arabidopsis thaliana]
NP_565670.1,NP_565670,False,False,False,0.363,RLK_defense,False,NP_565670.1 low-molecular-weight cysteine-rich 5 [Arabidopsis thaliana]
NP_565730.1,NP_565730,False,False,False,0.774,defense_signaling,False,NP_565730.1 Poly (ADP-ribose) glycohydrolase (PARG) [Arabidopsis thaliana]
NP_565735.1,NP_565735,False,False,False,0.776,cell_death_HR,False,"NP_565735.1 Polynucleotidyl transferase, ribonuclease H-like superfamily protein [Arabidopsis thaliana]"
NP_565741.4,NP_565741,False,True,False,-0.747,defense_signaling,False,NP_565741.4 early endosome antigen [Arabidopsis thaliana]
NP_565898.1,NP_565898,False,False,False,0.776,antimicrobial,False,NP_565898.1 Acyl-CoA N-acyltransferases (NAT) superfamily protein [Arabidopsis thaliana]
NP_565899.1,NP_565899,False,False,False,0.486,defense_signaling,False,NP_565899.1 hydroxyproline-rich glycoprotein family protein [Arabidopsis thaliana]
NP_565902.1,NP_565902,False,False,False,0.897,antimicrobial,False,NP_565902.1 Seven transmembrane MLO family protein [Arabidopsis thaliana]
NP_565919.1,NP_565919,False,True,False,0.676,NBS_LRR,False,NP_565919.1 RNI-like superfamily protein [Arabidopsis thaliana]
NP_565939.1,NP_565939,False,False,False,1.144,antimicrobial,False,NP_565939.1 NAD-dependent glycerol-3-phosphate dehydrogenase family protein [Arabidopsis thaliana]
NP_565959.1,NP_565959,False,False,False,1.073,antimicrobial,False,NP_565959.1 amino-terminal glutamine amidohydrolase [Arabidopsis thaliana]
NP_565963.2,NP_565963,False,True,False,1.349,cell_death_HR,False,NP_565963.2 phospholipase D beta 1 [Arabidopsis thaliana]
NP_566000.1,NP_566000,False,False,False,0.359,defense_signaling,False,NP_566000.1 Scorpion toxin-like knottin superfamily protein [Arabidopsis thaliana]
NP_566002.2,NP_566002,False,False,False,0.3,defense_signaling,False,NP_566002.2 scorpion toxin-like knottin superfamily protein [Arabidopsis thaliana]
NP_566038.1,NP_566038,True,False,False,1.36,PR_proteins,False,NP_566038.1 Plant invertase/pectin methylesterase inhibitor superfamily [Arabidopsis thaliana]
NP_566071.1,NP_566071,False,False,False,1.374,cell_death_HR,False,NP_566071.1 Auxin-responsive GH3 family protein [Arabidopsis thaliana]
NP_566122.1,NP_566122,False,False,False,1.1,cell_death_HR,True,NP_566122.1 resistance to phytophthora 1 [Arabidopsis thaliana]
NP_566223.1,NP_566223,True,True,True,1.838,NBS_LRR,True,NP_566223.1 Disease resistance protein (TIR-NBS class) [Arabidopsis thaliana]
NP_566225.4,NP_566225,False,False,False,0.704,defense_signaling,False,NP_566225.4 Calcium-dependent lipid-binding (CaLB domain) family protein [Arabidopsis thaliana]
NP_566232.1,NP_566232,False,False,False,1.126,cell_death_HR,False,NP_566232.1 AT-hook motif nuclear-localized protein 19 [Arabidopsis thaliana]
NP_566249.1,NP_566249,False,False,False,0.648,defense_signaling,False,NP_566249.1 RING/U-box superfamily protein [Arabidopsis thaliana]
NP_566256.1,NP_566256,False,False,False,0.959,antimicrobial,False,NP_566256.1 syntaxin of plants 43 [Arabidopsis thaliana]
NP_566298.1,NP_566298,False,True,False,1.445,RLK_defense,True,NP_566298.1 Protein kinase superfamily protein [Arabidopsis thaliana]
NP_566375.1,NP_566375,False,False,False,0.676,NBS_LRR,False,NP_566375.1 NAC domain containing protein 52 [Arabidopsis thaliana]
NP_566377.1,NP_566377,False,False,False,0.156,defense_signaling,False,NP_566377.1 LOSS OF GIANT CELLS FROM ORGANS [Arabidopsis thaliana]
NP_566382.5,NP_566382,False,False,False,-1.163,defense_signaling,False,NP_566382.5 uncharacterized protein AT3G10930 [Arabidopsis thaliana]
NP_566395.1,NP_566395,False,False,False,0.451,cell_death_HR,False,NP_566395.1 NDR1/HIN1-like 2 [Arabidopsis thaliana]
NP_566396.1,NP_566396,False,False,False,0.171,cell_death_HR,False,NP_566396.1 NDR1/HIN1-like 1 [Arabidopsis thaliana]
NP_566402.2,NP_566402,False,False,False,1.343,NBS_LRR,False,NP_566402.2 E3 ubiquitin-protein ligase PUB24-like protein [Arabidopsis thaliana]
NP_566415.3,NP_566415,False,False,False,0.793,PR_proteins,False,NP_566415.3 TGACG motif-binding factor 6 [Arabidopsis thaliana]
NP_566438.1,NP_566438,False,False,False,0.319,NBS_LRR,False,NP_566438.1 SBP (S-ribonuclease binding protein) family protein [Arabidopsis thaliana]
NP_566485.1,NP_566485,False,False,False,0.325,defense_signaling,False,NP_566485.1 uncharacterized protein AT3G14395 [Arabidopsis thaliana]
NP_566494.1,NP_566494,False,False,True,0.591,RLK_defense,True,NP_566494.1 Leucine-rich repeat transmembrane protein kinase [Arabidopsis thaliana]
NP_566569.1,NP_566569,False,False,False,-0.646,cell_death_HR,False,NP_566569.1 heat stable protein 1 [Arabidopsis thaliana]
NP_566590.1,NP_566590,False,False,False,-0.003,defense_signaling,False,NP_566590.1 jasmonate-zim-domain protein 3 [Arabidopsis thaliana]
NP_566599.1,NP_566599,False,False,False,0.74,defense_signaling,False,"NP_566599.1 modifier of snc1,4 [Arabidopsis thaliana]"
NP_566616.1,NP_566616,False,False,False,0.425,defense_signaling,True,NP_566616.1 MAP kinase substrate 1 [Arabidopsis thaliana]
NP_566632.1,NP_566632,False,False,False,0.995,NBS_LRR,False,NP_566632.1 plant U-box 25 [Arabidopsis thaliana]
NP_566689.2,NP_566689,True,True,False,1.726,RLK_defense,True,NP_566689.2 chitin elicitor receptor kinase 1 [Arabidopsis thaliana]
NP_566702.1,NP_566702,False,False,False,0.482,defense_signaling,True,NP_566702.1 pathogen and circadian controlled 1 [Arabidopsis thaliana]
NP_566712.1,NP_566712,False,False,False,0.599,PR_proteins,False,NP_566712.1 Bifunctional inhibitor/lipid-transfer protein/seed storage 2S albumin superfamily protein [Arabidopsis thaliana]
NP_566723.1,NP_566723,False,False,False,0.352,defense_signaling,False,NP_566723.1 uncharacterized protein AT3G23170 [Arabidopsis thaliana]
NP_566728.1,NP_566728,False,False,False,0.6,RLK_defense,False,NP_566728.1 Plastid-lipid associated protein PAP / fibrillin family protein [Arabidopsis thaliana]
NP_566800.1,NP_566800,False,True,False,1.159,NBS_LRR,False,NP_566800.1 auxin signaling F-box 2 [Arabidopsis thaliana]
NP_566840.1,NP_566840,False,False,False,0.911,antimicrobial,False,NP_566840.1 AIG2-like (avirulence induced gene) family protein [Arabidopsis thaliana]
NP_566842.1,NP_566842,False,False,False,0.824,cell_death_HR,False,NP_566842.1 pectin methylesterase 31 [Arabidopsis thaliana]
NP_566861.1,NP_566861,False,False,False,0.978,cell_death_HR,False,NP_566861.1 actin-related protein 6 [Arabidopsis thaliana]
NP_566879.1,NP_566879,False,False,False,0.816,antimicrobial,False,NP_566879.1 Seven transmembrane MLO family protein [Arabidopsis thaliana]
NP_566880.1,NP_566880,False,False,False,1.238,PR_proteins,False,NP_566880.1 Cysteine proteinases superfamily protein [Arabidopsis thaliana]
NP_566882.1,NP_566882,False,False,False,0.453,PR_proteins,False,NP_566882.1 actin depolymerizing factor 2 [Arabidopsis thaliana]
NP_566933.1,NP_566933,False,False,False,0.661,NBS_LRR,False,NP_566933.1 homolog of RPW8 4 [Arabidopsis thaliana]
NP_567004.1,NP_567004,False,False,False,1.05,cell_death_HR,False,NP_567004.1 tryptophan synthase alpha chain [Arabidopsis thaliana]
NP_567018.5,NP_567018,False,False,False,0.678,defense_signaling,True,NP_567018.5 mitogen-activated protein kinase phosphatase 1 [Arabidopsis thaliana]
NP_567042.1,NP_567042,False,False,False,0.832,cell_death_HR,False,NP_567042.1 UBP1-associated protein 2A [Arabidopsis thaliana]
NP_567053.1,NP_567053,False,False,False,1.117,NBS_LRR,True,NP_567053.1 Protein kinase superfamily protein [Arabidopsis thaliana]
NP_567063.1,NP_567063,False,False,False,0.773,NBS_LRR,False,NP_567063.1 RESTRICTED TEV MOVEMENT 3 [Arabidopsis thaliana]
NP_567066.1,NP_567066,False,False,False,0.761,cell_death_HR,False,NP_567066.1 protein phosphatase 2A-4 [Arabidopsis thaliana]
NP_567078.1,NP_567078,False,False,False,0.915,cell_death_HR,False,"NP_567078.1 Protein Transporter, Pam16 [Arabidopsis thaliana]"
NP_567094.1,NP_567094,False,False,False,1.198,antimicrobial,False,NP_567094.1 DYNAMIN-like 1E [Arabidopsis thaliana]
NP_567111.1,NP_567111,False,False,False,0.823,NBS_LRR,False,NP_567111.1 BON association protein 1 [Arabidopsis thaliana]
NP_567116.1,NP_567116,False,False,False,0.929,antimicrobial,False,NP_567116.1 AUTOPHAGY 6 [Arabidopsis thaliana]
NP_567123.1,NP_567123,False,False,False,0.718,PR_proteins,False,"NP_567123.1 serine protease inhibitor, Kazal-type family protein [Arabidopsis thaliana]"
NP_567131.1,NP_567131,False,False,False,0.67,NBS_LRR,False,NP_567131.1 alpha/beta-Hydrolases superfamily protein [Arabidopsis thaliana]
NP_567132.4,NP_567132,False,False,False,1.067,cell_death_HR,False,NP_567132.4 Transducin/WD40 repeat-like superfamily protein [Arabidopsis thaliana]
NP_567135.1,NP_567135,False,False,False,1.035,NBS_LRR,False,NP_567135.1 F-box/RNI-like superfamily protein [Arabidopsis thaliana]
NP_567141.1,NP_567141,False,False,False,0.717,PR_proteins,False,"NP_567141.1 ribosome recycling factor, chloroplast precursor [Arabidopsis thaliana]"
NP_567147.1,NP_567147,False,False,False,0.679,defense_signaling,False,NP_567147.1 Ggamma-subunit 1 [Arabidopsis thaliana]
NP_567163.1,NP_567163,False,False,False,0.726,defense_signaling,False,NP_567163.1 DNA-binding storekeeper protein-related transcriptional regulator [Arabidopsis thaliana]
NP_567192.1,NP_567192,False,False,False,0.994,cell_death_HR,False,NP_567192.1 RNA-binding (RRM/RBD/RNP motifs) family protein [Arabidopsis thaliana]
NP_567204.3,NP_567204,True,True,False,1.692,RLK_defense,True,NP_567204.3 cysteine-rich RLK (RECEPTOR-like protein kinase) 41 [Arabidopsis thaliana]
NP_567215.1,NP_567215,True,False,False,1.309,PR_proteins,False,NP_567215.1 Cysteine proteinases superfamily protein [Arabidopsis thaliana]
NP_567223.1,NP_567223,False,False,False,0.89,antimicrobial,False,NP_567223.1 syntaxin of plants 42 [Arabidopsis thaliana]
NP_567231.1,NP_567231,False,False,False,0.067,cell_death_HR,False,NP_567231.1 senescence-associated gene 21 [Arabidopsis thaliana]
NP_567233.1,NP_567233,True,True,False,1.644,RLK_defense,True,NP_567233.1 Concanavalin A-like lectin protein kinase family protein [Arabidopsis thaliana]
NP_567234.1,NP_567234,True,True,False,1.595,RLK_defense,True,NP_567234.1 Concanavalin A-like lectin protein kinase family protein [Arabidopsis thaliana]
NP_567249.1,NP_567249,False,False,False,1.094,cell_death_HR,True,NP_567249.1 RNA-binding protein-defense related 1 [Arabidopsis thaliana]
NP_567255.1,NP_567255,False,True,False,1.027,NBS_LRR,False,NP_567255.1 GRR1-like protein 1 [Arabidopsis thaliana]
NP_567277.1,NP_567277,True,True,False,1.608,RLK_defense,True,NP_567277.1 Concanavalin A-like lectin protein kinase family protein [Arabidopsis thaliana]
NP_567341.1,NP_567341,False,False,False,0.695,defense_signaling,False,NP_567341.1 cryptochrome 1 [Arabidopsis thaliana]
NP_567399.3,NP_567399,False,False,False,0.529,defense_signaling,False,NP_567399.3 embryo sac development arrest 21 [Arabidopsis thaliana]
NP_567430.1,NP_567430,False,False,False,1.447,NBS_LRR,False,NP_567430.1 ankyrin repeat family protein [Arabidopsis thaliana]
NP_567432.1,NP_567432,False,False,False,1.187,cell_death_HR,False,NP_567432.1 AT-hook motif nuclear-localized protein 20 [Arabidopsis thaliana]
NP_567480.2,NP_567480,False,False,False,0.347,defense_signaling,False,NP_567480.2 RING/U-box superfamily protein [Arabidopsis thaliana]
NP_567529.1,NP_567529,False,False,False,0.278,defense_signaling,True,NP_567529.1 ethylene responsive element binding factor 6 [Arabidopsis thaliana]
NP_567530.4,NP_567530,False,False,False,0.45,defense_signaling,True,NP_567530.4 ethylene responsive element binding factor 1 [Arabidopsis thaliana]
NP_567536.1,NP_567536,False,False,False,0.887,cell_death_HR,False,NP_567536.1 RNA-binding (RRM/RBD/RNP motifs) family protein [Arabidopsis thaliana]
NP_567557.1,NP_567557,False,False,False,0.585,defense_signaling,True,NP_567557.1 negative regulator of systemic acquired resistance (SNI1) [Arabidopsis thaliana]
NP_567564.1,NP_567564,False,False,False,0.978,antimicrobial,False,NP_567564.1 cellulose synthase family protein [Arabidopsis thaliana]
NP_567581.1,NP_567581,False,False,False,-2.395,cell_death_HR,False,"NP_567581.1 cytochrome P450, family 707, subfamily A, polypeptide 1 [Arabidopsis thaliana]"
NP_567599.3,NP_567599,True,True,False,1.98,cell_death_HR,False,NP_567599.3 LSD1 zinc finger family protein [Arabidopsis thaliana]
NP_567616.1,NP_567616,False,False,False,0.838,NBS_LRR,False,NP_567616.1 double-stranded RNA binding protein-related / DsRBD protein-like protein [Arabidopsis thaliana]
NP_567626.1,NP_567626,False,False,False,0.583,defense_signaling,False,NP_567626.1 MYB-like 102 [Arabidopsis thaliana]
NP_567642.1,NP_567642,False,False,False,1.048,antimicrobial,False,NP_567642.1 Ubiquitin-like superfamily protein [Arabidopsis thaliana]
NP_567652.1,NP_567652,False,False,False,0.659,RLK_defense,False,NP_567652.1 low-molecular-weight cysteine-rich 85 [Arabidopsis thaliana]
NP_567653.1,NP_567653,False,False,False,0.566,RLK_defense,True,NP_567653.1 defensin-like protein [Arabidopsis thaliana]
NP_567654.1,NP_567654,False,False,False,0.405,defense_signaling,True,NP_567654.1 Defensin-like (DEFL) family protein [Arabidopsis thaliana]
NP_567655.1,NP_567655,False,False,False,0.564,defense_signaling,True,NP_567655.1 defensin-like protein [Arabidopsis thaliana]
NP_567657.1,NP_567657,False,False,False,0.547,defense_signaling,True,NP_567657.1 defensin-like protein [Arabidopsis thaliana]
NP_567660.1,NP_567660,False,False,False,0.682,antimicrobial,False,NP_567660.1 Alkaline phytoceramidase (aPHC) [Arabidopsis thaliana]
NP_567677.1,NP_567677,True,True,False,1.625,RLK_defense,True,NP_567677.1 cysteine-rich RLK (RECEPTOR-like protein kinase) 5 [Arabidopsis thaliana]
NP_567678.1,NP_567678,True,True,False,1.605,RLK_defense,True,NP_567678.1 cysteine-rich RLK (RECEPTOR-like protein kinase) 6 [Arabidopsis thaliana]
NP_567679.2,NP_567679,False,True,False,1.564,RLK_defense,True,NP_567679.2 cysteine-rich RLK (RECEPTOR-like protein kinase) 10 [Arabidopsis thaliana]
NP_567680.5,NP_567680,False,True,False,1.623,NBS_LRR,True,NP_567680.5 cysteine-rich RECEPTOR-like kinase [Arabidopsis thaliana]
NP_567697.1,NP_567697,False,False,False,0.887,antimicrobial,False,NP_567697.1 Seven transmembrane MLO family protein [Arabidopsis thaliana]
NP_567706.1,NP_567706,False,False,False,1.096,NBS_LRR,False,NP_567706.1 tryptophan aminotransferase related 2 [Arabidopsis thaliana]
NP_567724.1,NP_567724,False,False,False,1.073,antimicrobial,False,NP_567724.1 fibrillarin 2 [Arabidopsis thaliana]
NP_567759.1,NP_567759,False,False,False,0.441,cell_death_HR,False,NP_567759.1 GDP-L-galactose phosphorylase 1 [Arabidopsis thaliana]
NP_567827.1,NP_567827,False,False,False,0.591,RLK_defense,False,NP_567827.1 low-molecular-weight cysteine-rich 24 [Arabidopsis thaliana]
NP_567840.1,NP_567840,False,False,False,0.819,PR_proteins,False,NP_567840.1 low-molecular-weight cysteine-rich 59 [Arabidopsis thaliana]
NP_567845.4,NP_567845,False,False,False,1.377,cell_death_HR,True,NP_567845.4 diacylglycerol kinase 7 [Arabidopsis thaliana]
NP_567878.2,NP_567878,False,True,False,0.613,defense_signaling,True,NP_567878.2 WRKY DNA-binding protein 11 [Arabidopsis thaliana]
NP_567882.1,NP_567882,False,True,False,0.753,defense_signaling,True,NP_567882.1 WRKY DNA-binding protein 18 [Arabidopsis thaliana]
NP_567917.4,NP_567917,False,False,False,1.286,PR_proteins,False,NP_567917.4 pectin methylesterase 44 [Arabidopsis thaliana]
NP_567920.1,NP_567920,True,True,True,1.853,RLK_defense,True,NP_567920.1 BRI1-associated receptor kinase [Arabidopsis thaliana]
NP_567934.1,NP_567934,False,False,False,1.165,antimicrobial,False,NP_567934.1 Pyridoxal phosphate (PLP)-dependent transferases superfamily protein [Arabidopsis thaliana]
NP_567942.1,NP_567942,False,False,False,0.953,antimicrobial,False,NP_567942.1 zinc finger SWIM domain protein [Arabidopsis thaliana]
NP_567945.1,NP_567945,False,True,False,-1.155,cell_death_HR,True,NP_567945.1 Protein kinase superfamily protein [Arabidopsis thaliana]
NP_567953.1,NP_567953,False,False,False,1.068,NBS_LRR,False,NP_567953.1 UDP-glucosyl transferase 73B3 [Arabidopsis thaliana]
NP_567957.1,NP_567957,False,False,False,1.171,PR_proteins,False,NP_567957.1 Cyclase family protein [Arabidopsis thaliana]
NP_567980.1,NP_567980,False,False,False,1.339,RLK_defense,True,NP_567980.1 BR-signaling kinase 1 [Arabidopsis thaliana]
NP_568000.1,NP_568000,True,False,False,1.147,antimicrobial,False,NP_568000.1 compromized recognition of TCV 1 [Arabidopsis thaliana]
NP_568015.1,NP_568015,False,False,False,0.871,cell_death_HR,False,NP_568015.1 Acyl transferase/acyl hydrolase/lysophospholipase superfamily protein [Arabidopsis thaliana]
NP_568022.1,NP_568022,False,False,False,0.244,RLK_defense,False,NP_568022.1 uncharacterized protein AT4G37290 [Arabidopsis thaliana]
NP_568052.1,NP_568052,False,False,False,1.255,PR_proteins,False,NP_568052.1 Papain family cysteine protease [Arabidopsis thaliana]
NP_568144.1,NP_568144,False,False,False,0.469,defense_signaling,False,NP_568144.1 HSP20-like chaperones superfamily protein [Arabidopsis thaliana]
NP_568153.2,NP_568153,False,False,False,-0.577,NBS_LRR,False,NP_568153.2 phenylalanine N-monooxygenase-like protein [Arabidopsis thaliana]
NP_568180.1,NP_568180,True,False,False,1.347,PR_proteins,False,NP_568180.1 Calcium-dependent phospholipid-binding Copine family protein [Arabidopsis thaliana]
NP_568207.1,NP_568207,False,False,False,1.313,antimicrobial,False,NP_568207.1 sirtuin 2 [Arabidopsis thaliana]
NP_568219.1,NP_568219,False,False,False,0.867,antimicrobial,False,NP_568219.1 nuclear matrix protein-like protein [Arabidopsis thaliana]
NP_568223.1,NP_568223,False,False,False,0.439,defense_signaling,False,NP_568223.1 elicitor peptide 4 precursor [Arabidopsis thaliana]
NP_568224.1,NP_568224,False,False,False,-0.333,defense_signaling,False,NP_568224.1 elicitor peptide 5 precursor [Arabidopsis thaliana]
NP_568231.1,NP_568231,False,True,False,1.417,RLK_defense,True,NP_568231.1 ROP binding protein kinases 1 [Arabidopsis thaliana]
NP_568249.1,NP_568249,False,False,False,0.134,defense_signaling,False,NP_568249.1 myb domain protein 3r-4 [Arabidopsis thaliana]
NP_568271.2,NP_568271,False,False,False,0.527,cell_death_HR,False,NP_568271.2 annexin 8 [Arabidopsis thaliana]
NP_568287.1,NP_568287,False,False,False,0.589,NBS_LRR,False,NP_568287.1 jasmonate-zim-domain protein 10 [Arabidopsis thaliana]
NP_568295.2,NP_568295,False,False,False,1.117,PR_proteins,False,NP_568295.2 Myzus persicae-induced lipase 1 [Arabidopsis thaliana]
NP_568307.3,NP_568307,False,True,False,0.761,defense_signaling,False,NP_568307.3 senescence-associated gene 101 [Arabidopsis thaliana]
NP_568373.1,NP_568373,False,False,False,0.931,cell_death_HR,True,NP_568373.1 CRT (chloroquine-resistance transporter)-like transporter 1 [Arabidopsis thaliana]
NP_568414.1,NP_568414,False,False,False,0.695,defense_signaling,False,NP_568414.1 NAC domain containing protein 89 [Arabidopsis thaliana]
NP_568439.1,NP_568439,False,False,False,0.613,defense_signaling,True,NP_568439.1 WRKY DNA-binding protein 30 [Arabidopsis thaliana]
NP_568444.1,NP_568444,True,True,False,1.076,defense_signaling,False,NP_568444.1 inositol requiring 1-1 [Arabidopsis thaliana]
NP_568445.1,NP_568445,False,False,False,1.085,PR_proteins,False,NP_568445.1 NagB/RpiA/CoA transferase-like superfamily protein [Arabidopsis thaliana]
NP_568454.1,NP_568454,False,False,False,0.839,antimicrobial,False,NP_568454.1 vegetative storage protein 2 [Arabidopsis thaliana]
NP_568455.1,NP_568455,False,False,False,0.843,antimicrobial,False,NP_568455.1 vegetative storage protein 1 [Arabidopsis thaliana]
NP_568466.1,NP_568466,False,True,False,1.295,cell_death_HR,True,NP_568466.1 CBL-interacting protein kinase 25 [Arabidopsis thaliana]
NP_568479.1,NP_568479,False,False,False,1.244,PR_proteins,False,NP_568479.1 glucoside glucohydrolase 2 [Arabidopsis thaliana]
NP_568522.1,NP_568522,False,False,False,1.125,cell_death_HR,False,NP_568522.1 RNA binding (RRM/RBD/RNP motifs) family protein [Arabidopsis thaliana]
NP_568545.1,NP_568545,False,False,False,0.676,defense_signaling,False,NP_568545.1 HIT-type Zinc finger family protein [Arabidopsis thaliana]
NP_568553.1,NP_568553,False,False,False,1.038,cell_death_HR,False,NP_568553.1 ADP-ribosylation factor-like A1A [Arabidopsis thaliana]
NP_568576.2,NP_568576,False,False,False,0.413,defense_signaling,True,NP_568576.2 Defensin-like (DEFL) family protein [Arabidopsis thaliana]
NP_568613.1,NP_568613,False,False,False,0.67,antimicrobial,True,NP_568613.1 inositol-pentakisphosphate 2-kinase 1 [Arabidopsis thaliana]
NP_568651.1,NP_568651,True,False,False,1.298,PR_proteins,False,NP_568651.1 senescence-associated gene 12 [Arabidopsis thaliana]
NP_568652.1,NP_568652,False,False,False,1.405,cell_death_HR,False,NP_568652.1 ThiF family protein [Arabidopsis thaliana]
NP_568679.1,NP_568679,False,False,False,0.224,defense_signaling,True,NP_568679.1 ethylene responsive element binding factor 5 [Arabidopsis thaliana]
NP_568699.1,NP_568699,False,False,False,1.045,PR_proteins,False,NP_568699.1 Bifunctional inhibitor/lipid-transfer protein/seed storage 2S albumin superfamily protein [Arabidopsis thaliana]
NP_568722.1,NP_568722,False,False,False,1.057,PR_proteins,False,NP_568722.1 Cysteine proteinases superfamily protein [Arabidopsis thaliana]
NP_568760.1,NP_568760,False,False,False,0.726,defense_signaling,False,NP_568760.1 RPM1 interacting protein 3 [Arabidopsis thaliana]
NP_568762.6,NP_568762,False,False,False,0.882,cell_death_HR,False,NP_568762.6 cysteine and histidine-rich domain-containing protein RAR1 [Arabidopsis thaliana]
NP_568777.1,NP_568777,False,True,False,0.277,defense_signaling,True,NP_568777.1 WRKY DNA-binding protein 27 [Arabidopsis thaliana]
NP_568785.1,NP_568785,False,False,False,1.224,antimicrobial,False,NP_568785.1 spermidine synthase 3 [Arabidopsis thaliana]
NP_568807.1,NP_568807,False,False,False,0.664,defense_signaling,False,NP_568807.1 ARF-GAP domain 5 [Arabidopsis thaliana]
NP_568822.1,NP_568822,True,True,True,1.661,PR_proteins,False,NP_568822.1 O-Glycosyl hydrolases family 17 protein [Arabidopsis thaliana]
NP_568824.1,NP_568824,False,False,False,1.004,PR_proteins,False,NP_568824.1 Bifunctional inhibitor/lipid-transfer protein/seed storage 2S albumin superfamily protein [Arabidopsis thaliana]
NP_568840.3,NP_568840,False,False,False,0.515,defense_signaling,False,NP_568840.3 calmodulin-binding protein [Arabidopsis thaliana]
NP_568845.1,NP_568845,False,False,False,0.412,defense_signaling,False,NP_568845.1 cotton fiber protein [Arabidopsis thaliana]
NP_568916.2,NP_568916,False,False,False,0.452,antimicrobial,False,NP_568916.2 actin depolymerizing factor 4 [Arabidopsis thaliana]
NP_568921.1,NP_568921,False,False,False,1.281,PR_proteins,False,NP_568921.1 aleurain-like protease [Arabidopsis thaliana]
NP_568944.1,NP_568944,True,False,False,1.339,PR_proteins,False,NP_568944.1 Calcium-dependent phospholipid-binding Copine family protein [Arabidopsis thaliana]
NP_568991.2,NP_568991,False,False,False,1.205,PR_proteins,False,NP_568991.2 Plant invertase/pectin methylesterase inhibitor superfamily [Arabidopsis thaliana]
NP_568995.2,NP_568995,False,True,False,0.431,defense_signaling,True,NP_568995.2 WRKY DNA-binding protein 51 [Arabidopsis thaliana]
NP_569000.1,NP_569000,False,False,False,0.325,defense_signaling,False,NP_569000.1 elicitor peptide 2 precursor [Arabidopsis thaliana]
NP_569001.1,NP_569001,False,False,False,0.28,defense_signaling,False,NP_569001.1 precursor of peptide 1 [Arabidopsis thaliana]
NP_569002.1,NP_569002,False,False,False,-0.11,defense_signaling,False,NP_569002.1 elicitor peptide 3 precursor [Arabidopsis thaliana]
NP_569003.1,NP_569003,False,False,False,0.891,defense_signaling,False,NP_569003.1 CPR5 protein [Arabidopsis thaliana]
NP_569040.1,NP_569040,False,True,False,0.478,defense_signaling,True,NP_569040.1 mitogen-activated protein kinase kinase kinase 5 [Arabidopsis thaliana]
NP_569051.1,NP_569051,False,False,False,1.031,cell_death_HR,False,NP_569051.1 ADP-ribosylation factor-like A1D [Arabidopsis thaliana]
NP_680116.2,NP_680116,False,True,False,0.562,defense_signaling,False,NP_680116.2 relative of early flowering 6 [Arabidopsis thaliana]
NP_680202.1,NP_680202,False,False,False,0.589,defense_signaling,False,NP_680202.1 uncharacterized protein AT5G22160 [Arabidopsis thaliana]
NP_680206.1,NP_680206,False,False,False,0.419,cell_death_HR,False,NP_680206.1 Late embryogenesis abundant (LEA) hydroxyproline-rich glycoprotein family [Arabidopsis thaliana]
NP_680225.2,NP_680225,False,False,False,0.898,RLK_defense,False,NP_680225.2 DEAD box RNA helicase (RH3) [Arabidopsis thaliana]
NP_680294.1,NP_680294,False,False,False,0.387,PR_proteins,True,NP_680294.1 Defensin-like (DEFL) family protein [Arabidopsis thaliana]
NP_680396.1,NP_680396,False,False,False,0.987,cell_death_HR,False,NP_680396.1 zinc finger B-box protein [Arabidopsis thaliana]
NP_680450.1,NP_680450,True,True,True,1.636,PR_proteins,True,"NP_680450.1 CAP (Cysteine-rich secretory proteins, Antigen 5, and Pathogenesis-related 1 protein) superfamily protein [Arabidopsis thaliana]"
NP_680455.2,NP_680455,False,False,False,0.309,PR_proteins,True,NP_680455.2 Defensin-like (DEFL) family protein [Arabidopsis thaliana]
NP_680473.2,NP_680473,False,False,False,1.043,NBS_LRR,False,NP_680473.2 Phototropic-responsive NPH3 family protein [Arabidopsis thaliana]
NP_680701.1,NP_680701,False,False,False,0.8,NBS_LRR,False,NP_680701.1 Calcium-dependent lipid-binding (CaLB domain) family protein [Arabidopsis thaliana]
NP_683292.1,NP_683292,False,True,False,0.749,NBS_LRR,True,NP_683292.1 Toll-Interleukin-Resistance (TIR) domain family protein [Arabidopsis thaliana]
NP_683323.2,NP_683323,False,False,False,0.354,NBS_LRR,False,NP_683323.2 Galactose-binding protein [Arabidopsis thaliana]
NP_683343.1,NP_683343,False,False,False,0.232,defense_signaling,False,NP_683343.1 VQ motif-containing protein-like protein [Arabidopsis thaliana]
NP_683441.1,NP_683441,True,True,True,2.157,NBS_LRR,True,NP_683441.1 LRR and NB-ARC domains-containing disease resistance protein [Arabidopsis thaliana]
NP_683446.1,NP_683446,True,True,True,2.144,NBS_LRR,True,NP_683446.1 Disease resistance protein (CC-NBS-LRR class) family [Arabidopsis thaliana]
NP_683447.2,NP_683447,True,True,True,2.14,NBS_LRR,True,NP_683447.2 Disease resistance protein (CC-NBS-LRR class) family [Arabidopsis thaliana]
NP_683533.1,NP_683533,False,False,False,0.682,RLK_defense,False,NP_683533.1 Late embryogenesis abundant (LEA) hydroxyproline-rich glycoprotein family [Arabidopsis thaliana]
NP_683568.1,NP_683568,False,False,False,1.009,PR_proteins,False,NP_683568.1 Legume lectin family protein [Arabidopsis thaliana]
NP_683581.1,NP_683581,False,True,False,0.596,NBS_LRR,True,NP_683581.1 non-race specific disease resistance protein [Arabidopsis thaliana]
NP_849281.1,NP_849281,True,False,False,1.302,PR_proteins,False,NP_849281.1 Cysteine proteinases superfamily protein [Arabidopsis thaliana]
NP_849290.1,NP_849290,False,False,False,0.391,defense_signaling,False,NP_849290.1 bZIP transcription factor family protein [Arabidopsis thaliana]
NP_849294.1,NP_849294,False,False,False,0.954,cell_death_HR,True,NP_849294.1 RNA-binding protein-defense related 1 [Arabidopsis thaliana]
NP_849323.1,NP_849323,False,False,False,0.565,defense_signaling,False,NP_849323.1 zinc finger (C2H2 type) family protein [Arabidopsis thaliana]
NP_849362.1,NP_849362,False,True,False,1.494,RLK_defense,True,NP_849362.1 Protein kinase superfamily protein [Arabidopsis thaliana]
NP_849367.1,NP_849367,False,False,False,1.177,antimicrobial,False,NP_849367.1 MutT/nudix family protein [Arabidopsis thaliana]
NP_849368.1,NP_849368,False,False,False,1.177,antimicrobial,False,NP_849368.1 MutT/nudix family protein [Arabidopsis thaliana]
NP_849381.1,NP_849381,False,False,False,1.496,NBS_LRR,False,NP_849381.1 ankyrin repeat family protein [Arabidopsis thaliana]
NP_849382.1,NP_849382,False,False,False,1.496,NBS_LRR,False,NP_849382.1 ankyrin repeat family protein [Arabidopsis thaliana]
NP_849398.1,NP_849398,True,True,True,2.176,NBS_LRR,True,NP_849398.1 Disease resistance protein (TIR-NBS-LRR class) family [Arabidopsis thaliana]
NP_849399.1,NP_849399,False,True,True,1.478,NBS_LRR,True,NP_849399.1 disease resistance protein (TIR-NBS class) [Arabidopsis thaliana]
NP_849400.2,NP_849400,False,True,True,1.105,NBS_LRR,True,NP_849400.2 disease resistance protein (TIR-NBS class) [Arabidopsis thaliana]
NP_849425.1,NP_849425,True,True,False,1.63,RLK_defense,True,NP_849425.1 cysteine-rich RLK (RECEPTOR-like protein kinase) 5 [Arabidopsis thaliana]
NP_849426.1,NP_849426,True,True,False,1.61,RLK_defense,True,NP_849426.1 cysteine-rich RLK (RECEPTOR-like protein kinase) 6 [Arabidopsis thaliana]
NP_849427.1,NP_849427,False,True,False,1.458,RLK_defense,True,NP_849427.1 cysteine-rich RLK (RECEPTOR-like protein kinase) 13 [Arabidopsis thaliana]
NP_849429.1,NP_849429,False,False,False,1.043,cell_death_HR,False,NP_849429.1 phosphatase-like protein [Arabidopsis thaliana]
NP_849432.1,NP_849432,False,False,False,0.276,defense_signaling,False,NP_849432.1 acyl-CoA-binding domain 3 [Arabidopsis thaliana]
NP_849446.1,NP_849446,False,True,False,0.813,antimicrobial,True,NP_849446.1 MAP kinase/ ERK kinase 1 [Arabidopsis thaliana]
NP_849467.1,NP_849467,False,False,False,0.392,defense_signaling,False,NP_849467.1 Putative interactor of JAZ [Arabidopsis thaliana]
NP_849497.1,NP_849497,False,False,False,0.791,antimicrobial,False,NP_849497.1 ankyrin repeat-containing protein 2 [Arabidopsis thaliana]
NP_849498.1,NP_849498,False,False,False,0.791,antimicrobial,False,NP_849498.1 ankyrin repeat-containing protein 2 [Arabidopsis thaliana]
NP_849511.1,NP_849511,False,False,False,0.902,cell_death_HR,False,NP_849511.1 Acyl transferase/acyl hydrolase/lysophospholipase superfamily protein [Arabidopsis thaliana]
NP_849512.3,NP_849512,False,False,False,0.871,cell_death_HR,False,NP_849512.3 Acyl transferase/acyl hydrolase/lysophospholipase superfamily protein [Arabidopsis thaliana]
NP_849523.1,NP_849523,False,False,False,-0.038,PR_proteins,False,"NP_849523.1 cold, circadian rhythm, and RNA binding 1 [Arabidopsis thaliana]"
NP_849538.2,NP_849538,True,True,True,1.586,RLK_defense,True,NP_849538.2 Leucine-rich repeat receptor-like protein kinase family protein [Arabidopsis thaliana]
NP_849548.1,NP_849548,True,True,False,1.98,cell_death_HR,False,NP_849548.1 LSD1 zinc finger family protein [Arabidopsis thaliana]
NP_849549.1,NP_849549,True,True,False,2.036,cell_death_HR,False,NP_849549.1 LSD1 zinc finger family protein [Arabidopsis thaliana]
NP_849550.2,NP_849550,True,True,False,1.688,RLK_defense,True,NP_849550.2 cysteine-rich RLK (RECEPTOR-like protein kinase) 21 [Arabidopsis thaliana]
NP_849552.1,NP_849552,False,False,False,0.718,defense_signaling,False,NP_849552.1 RPM1 interacting protein 2 [Arabidopsis thaliana]
NP_849558.1,NP_849558,True,False,False,1.371,antimicrobial,False,NP_849558.1 Class II aminoacyl-tRNA and biotin synthetases superfamily protein [Arabidopsis thaliana]
NP_849559.1,NP_849559,False,True,False,0.602,defense_signaling,True,NP_849559.1 WRKY DNA-binding protein 11 [Arabidopsis thaliana]
NP_849569.1,NP_849569,False,False,False,0.554,PR_proteins,False,NP_849569.1 60S acidic ribosomal protein family [Arabidopsis thaliana]
NP_849586.1,NP_849586,False,False,False,0.178,defense_signaling,False,NP_849586.1 Glutaredoxin family protein [Arabidopsis thaliana]
NP_849588.1,NP_849588,False,False,False,0.816,antimicrobial,False,NP_849588.1 cryptochrome 2 [Arabidopsis thaliana]
NP_849608.1,NP_849608,False,False,False,0.456,defense_signaling,False,NP_849608.1 ATP-dependent helicase family protein [Arabidopsis thaliana]
NP_849612.1,NP_849612,False,False,False,0.69,RLK_defense,False,NP_849612.1 Late embryogenesis abundant (LEA) hydroxyproline-rich glycoprotein family [Arabidopsis thaliana]
NP_849697.1,NP_849697,False,False,False,0.78,cell_death_HR,False,NP_849697.1 lysm domain GPI-anchored protein 1 precursor [Arabidopsis thaliana]
NP_849739.1,NP_849739,False,False,False,0.742,NBS_LRR,False,NP_849739.1 WWE protein-protein interaction domain protein family [Arabidopsis thaliana]
NP_849742.2,NP_849742,False,True,False,-0.353,cell_death_HR,False,NP_849742.2 lsd one like 1 [Arabidopsis thaliana]
NP_849784.1,NP_849784,False,False,False,1.202,PR_proteins,False,NP_849784.1 Stabilizer of iron transporter SufD / Polynucleotidyl transferase [Arabidopsis thaliana]
NP_849786.1,NP_849786,False,False,False,1.109,cell_death_HR,False,NP_849786.1 Ribosomal protein S7e family protein [Arabidopsis thaliana]
NP_849794.1,NP_849794,False,False,False,0.735,cell_death_HR,False,NP_849794.1 myrosinase-binding protein 2 [Arabidopsis thaliana]
NP_849797.1,NP_849797,False,False,False,0.287,defense_signaling,False,NP_849797.1 TSK-associating protein 1 [Arabidopsis thaliana]
NP_849803.1,NP_849803,False,False,False,0.796,defense_signaling,True,NP_849803.1 mitogen-activated protein kinase kinase kinase 3 [Arabidopsis thaliana]
NP_849848.1,NP_849848,False,False,False,1.255,PR_proteins,False,NP_849848.1 Glycosyl hydrolase superfamily protein [Arabidopsis thaliana]
NP_849859.1,NP_849859,False,False,False,0.893,cell_death_HR,False,NP_849859.1 RNA-binding (RRM/RBD/RNP motifs) family protein [Arabidopsis thaliana]
NP_849865.1,NP_849865,False,False,False,0.71,defense_signaling,True,NP_849865.1 Protein kinase superfamily protein [Arabidopsis thaliana]
NP_849875.1,NP_849875,False,False,False,-1.402,cell_death_HR,False,NP_849875.1 MLP-like protein 28 [Arabidopsis thaliana]
NP_849890.1,NP_849890,False,False,False,1.196,cell_death_HR,True,NP_849890.1 bifunctional nuclease in basal defense response 1 [Arabidopsis thaliana]
NP_849891.1,NP_849891,False,False,False,1.196,cell_death_HR,True,NP_849891.1 bifunctional nuclease in basal defense response 1 [Arabidopsis thaliana]
NP_849895.1,NP_849895,False,False,False,-1.262,cell_death_HR,False,NP_849895.1 extensin 4 [Arabidopsis thaliana]
NP_849904.1,NP_849904,False,False,False,0.658,defense_signaling,False,NP_849904.1 topoisomerase II-associated protein [Arabidopsis thaliana]
NP_849915.1,NP_849915,False,False,False,0.805,cell_death_HR,False,"NP_849915.1 Polynucleotidyl transferase, ribonuclease H-like superfamily protein [Arabidopsis thaliana]"
NP_849925.1,NP_849925,False,False,False,1.07,RLK_defense,True,NP_849925.1 CHASE domain containing histidine kinase protein [Arabidopsis thaliana]
NP_849952.1,NP_849952,False,False,False,-2.088,cell_death_HR,False,NP_849952.1 golgi nucleotide sugar transporter 1 [Arabidopsis thaliana]
NP_849979.1,NP_849979,True,False,False,1.347,PR_proteins,False,NP_849979.1 plant natriuretic peptide A [Arabidopsis thaliana]
NP_849980.1,NP_849980,False,False,False,1.319,cell_death_HR,True,NP_849980.1 diacylglycerol kinase 3 [Arabidopsis thaliana]
NP_850000.1,NP_850000,False,False,False,0.523,defense_signaling,False,NP_850000.1 Molecular chaperone Hsp40/DnaJ family protein [Arabidopsis thaliana]
NP_850007.1,NP_850007,False,False,False,1.151,cell_death_HR,True,NP_850007.1 diacylglycerol kinase 5 [Arabidopsis thaliana]
NP_850023.1,NP_850023,True,True,False,1.026,defense_signaling,False,NP_850023.1 signal responsive 1 [Arabidopsis thaliana]
NP_850045.2,NP_850045,False,False,False,1.046,cell_death_HR,False,NP_850045.2 tetraspanin8 [Arabidopsis thaliana]
NP_850110.1,NP_850110,False,False,False,1.179,PR_proteins,False,NP_850110.1 Argonaute family protein [Arabidopsis thaliana]
NP_850116.1,NP_850116,False,True,False,0.534,defense_signaling,False,NP_850116.1 P-loop containing nucleoside triphosphate hydrolases superfamily protein [Arabidopsis thaliana]
NP_850117.1,NP_850117,False,True,False,0.534,defense_signaling,False,NP_850117.1 P-loop containing nucleoside triphosphate hydrolases superfamily protein [Arabidopsis thaliana]
NP_850155.1,NP_850155,False,False,False,0.617,defense_signaling,False,NP_850155.1 Pleckstrin homology (PH) domain-containing protein [Arabidopsis thaliana]
NP_850162.1,NP_850162,False,False,False,0.45,defense_signaling,True,NP_850162.1 ethylene-responsive element binding factor 15 [Arabidopsis thaliana]
NP_850164.1,NP_850164,False,False,False,0.819,cell_death_HR,False,NP_850164.1 autophagy 9 (APG9) [Arabidopsis thaliana]
NP_850175.1,NP_850175,False,False,False,0.772,defense_signaling,False,NP_850175.1 poly(ADP-ribose) glycohydrolase 2 [Arabidopsis thaliana]
NP_850176.1,NP_850176,True,False,False,0.966,defense_signaling,False,NP_850176.1 RAP [Arabidopsis thaliana]
NP_850206.4,NP_850206,False,False,False,1.218,cell_death_HR,False,NP_850206.4 MOS4-associated complex 3B [Arabidopsis thaliana]
NP_850207.4,NP_850207,False,False,False,1.218,cell_death_HR,False,NP_850207.4 MOS4-associated complex 3B [Arabidopsis thaliana]
NP_850213.1,NP_850213,False,False,False,0.665,defense_signaling,False,NP_850213.1 Homeodomain-like superfamily protein [Arabidopsis thaliana]
NP_850378.1,NP_850378,False,False,False,0.452,PR_proteins,True,NP_850378.1 Defensin-like (DEFL) family protein [Arabidopsis thaliana]
NP_850385.1,NP_850385,False,False,False,1.142,cell_death_HR,False,NP_850385.1 RmlC-like cupins superfamily protein [Arabidopsis thaliana]
NP_850416.1,NP_850416,False,False,False,1.268,PR_proteins,False,NP_850416.1 beta glucosidase 28 [Arabidopsis thaliana]
NP_850417.1,NP_850417,False,False,False,1.116,PR_proteins,False,NP_850417.1 beta glucosidase 29 [Arabidopsis thaliana]
NP_850453.1,NP_850453,False,False,False,1.374,cell_death_HR,False,NP_850453.1 Auxin-responsive GH3 family protein [Arabidopsis thaliana]
NP_850454.5,NP_850454,False,False,False,1.148,NBS_LRR,False,NP_850454.5 cyclic nucleotide-gated channel 12 [Arabidopsis thaliana]
NP_850479.1,NP_850479,False,False,False,0.729,cell_death_HR,False,NP_850479.1 glutathione S-transferase phi 8 [Arabidopsis thaliana]
NP_850484.1,NP_850484,False,False,False,1.1,cell_death_HR,True,NP_850484.1 resistance to phytophthora 1 [Arabidopsis thaliana]
NP_850490.1,NP_850490,False,False,False,1.335,cell_death_HR,False,NP_850490.1 carbonic anhydrase 1 [Arabidopsis thaliana]
NP_850491.1,NP_850491,False,False,False,1.231,cell_death_HR,False,NP_850491.1 carbonic anhydrase 1 [Arabidopsis thaliana]
NP_850519.1,NP_850519,False,False,False,0.953,antimicrobial,False,NP_850519.1 syntaxin of plants 43 [Arabidopsis thaliana]
NP_850532.1,NP_850532,False,False,False,0.791,NBS_LRR,False,NP_850532.1 autophagocytosis-associated family protein [Arabidopsis thaliana]
NP_850533.1,NP_850533,False,False,False,0.788,NBS_LRR,False,NP_850533.1 autophagocytosis-associated family protein [Arabidopsis thaliana]
NP_850554.1,NP_850554,False,False,False,0.778,defense_signaling,False,NP_850554.1 NAC domain containing protein 52 [Arabidopsis thaliana]
NP_850568.1,NP_850568,False,False,False,0.742,cell_death_HR,False,NP_850568.1 Emsy N Terminus (ENT)/ plant Tudor-like domains-containing protein [Arabidopsis thaliana]
NP_850585.2,NP_850585,False,False,False,0.929,antimicrobial,False,NP_850585.2 Aldolase-type TIM barrel family protein [Arabidopsis thaliana]
NP_850654.1,NP_850654,True,True,True,1.8,NBS_LRR,True,NP_850654.1 Disease resistance protein (TIR-NBS-LRR class) family [Arabidopsis thaliana]
NP_850655.1,NP_850655,True,True,True,1.8,NBS_LRR,True,NP_850655.1 Disease resistance protein (TIR-NBS-LRR class) family [Arabidopsis thaliana]
NP_850671.1,NP_850671,False,True,False,1.399,NBS_LRR,False,NP_850671.1 RNI-like superfamily protein [Arabidopsis thaliana]
NP_850677.1,NP_850677,True,True,True,2.177,NBS_LRR,True,NP_850677.1 HOPZ-ACTIVATED RESISTANCE 1 [Arabidopsis thaliana]
NP_850700.1,NP_850700,False,False,False,1.009,PR_proteins,False,NP_850700.1 Bifunctional inhibitor/lipid-transfer protein/seed storage 2S albumin superfamily protein [Arabidopsis thaliana]
NP_850710.1,NP_850710,False,False,False,0.832,cell_death_HR,False,NP_850710.1 UBP1-associated protein 2A [Arabidopsis thaliana]
NP_850711.1,NP_850711,False,False,False,0.832,cell_death_HR,False,NP_850711.1 UBP1-associated protein 2A [Arabidopsis thaliana]
NP_850741.1,NP_850741,False,False,False,0.679,defense_signaling,False,NP_850741.1 Ggamma-subunit 1 [Arabidopsis thaliana]
NP_850755.1,NP_850755,False,True,False,1.517,RLK_defense,True,NP_850755.1 Protein kinase superfamily protein [Arabidopsis thaliana]
NP_850776.2,NP_850776,False,False,False,0.316,RLK_defense,False,NP_850776.2 late embryogenesis abundant (LEA) hydroxyproline-rich glycoprotein family protein [Arabidopsis thaliana]
NP_850795.1,NP_850795,False,False,False,1.313,antimicrobial,False,NP_850795.1 sirtuin 2 [Arabidopsis thaliana]
NP_850884.1,NP_850884,False,False,False,0.535,defense_signaling,False,NP_850884.1 D111/G-patch domain-containing protein [Arabidopsis thaliana]
NP_850885.1,NP_850885,False,False,False,0.535,defense_signaling,False,NP_850885.1 D111/G-patch domain-containing protein [Arabidopsis thaliana]
NP_850917.2,NP_850917,False,False,False,0.201,defense_signaling,False,NP_850917.2 uncharacterized protein AT5G36925 [Arabidopsis thaliana]
NP_850920.1,NP_850920,False,False,False,0.145,defense_signaling,False,NP_850920.1 uncharacterized protein AT5G44575 [Arabidopsis thaliana]
NP_850926.1,NP_850926,False,False,False,0.541,defense_signaling,True,NP_850926.1 Defensin-like (DEFL) family protein [Arabidopsis thaliana]
NP_850932.2,NP_850932,False,False,False,1.091,antimicrobial,False,NP_850932.2 Fatty acid hydroxylase superfamily [Arabidopsis thaliana]
NP_850942.1,NP_850942,True,True,True,1.722,RLK_defense,True,NP_850942.1 Leucine-rich receptor-like protein kinase family protein [Arabidopsis thaliana]
NP_850963.1,NP_850963,False,False,False,0.743,PR_proteins,False,NP_850963.1 epithiospecifier protein [Arabidopsis thaliana]
NP_850976.1,NP_850976,False,False,False,-0.771,cell_death_HR,False,NP_850976.1 MLP-like protein 34 [Arabidopsis thaliana]
NP_851039.1,NP_851039,False,False,False,-0.934,defense_signaling,False,NP_851039.1 senescence-associated gene 101 [Arabidopsis thaliana]
NP_851076.2,NP_851076,False,False,False,1.248,PR_proteins,False,NP_851076.2 glucoside glucohydrolase 2 [Arabidopsis thaliana]
NP_851077.1,NP_851077,False,False,False,1.199,PR_proteins,False,NP_851077.1 thioglucoside glucohydrolase 1 [Arabidopsis thaliana]
NP_851109.1,NP_851109,False,False,False,-4.232,cell_death_HR,False,NP_851109.1 lysine histidine transporter 1 [Arabidopsis thaliana]
NP_851117.2,NP_851117,True,True,True,1.681,NBS_LRR,True,NP_851117.2 Disease resistance protein (TIR-NBS-LRR class) family [Arabidopsis thaliana]
NP_851124.1,NP_851124,True,True,True,1.761,NBS_LRR,True,NP_851124.1 Disease resistance protein (CC-NBS-LRR class) family [Arabidopsis thaliana]
NP_851125.1,NP_851125,False,False,False,0.493,defense_signaling,False,NP_851125.1 TRAF-like superfamily protein [Arabidopsis thaliana]
NP_851131.1,NP_851131,False,True,False,1.374,NBS_LRR,True,NP_851131.1 Toll-Interleukin-Resistance (TIR) domain family protein [Arabidopsis thaliana]
NP_851133.1,NP_851133,True,True,True,2.153,NBS_LRR,True,NP_851133.1 Disease resistance protein (TIR-NBS-LRR class) [Arabidopsis thaliana]
NP_851134.1,NP_851134,False,False,False,0.46,cell_death_HR,False,NP_851134.1 SBP (S-ribonuclease binding protein) family protein [Arabidopsis thaliana]
NP_851178.1,NP_851178,False,False,False,1.224,antimicrobial,False,NP_851178.1 spermidine synthase 3 [Arabidopsis thaliana]
NP_851179.1,NP_851179,False,False,False,1.224,antimicrobial,False,NP_851179.1 spermidine synthase 3 [Arabidopsis thaliana]
NP_851188.1,NP_851188,False,False,False,0.186,cell_death_HR,False,NP_851188.1 cyclic nucleotide-gated cation channel 4 [Arabidopsis thaliana]
NP_851228.1,NP_851228,False,False,False,0.509,antimicrobial,False,NP_851228.1 actin depolymerizing factor 4 [Arabidopsis thaliana]
NP_851233.1,NP_851233,True,False,False,1.37,antimicrobial,False,NP_851233.1 4-hydroxy-3-methylbut-2-enyl diphosphate synthase [Arabidopsis thaliana]
NP_851241.1,NP_851241,False,False,False,0.329,defense_signaling,False,NP_851241.1 myb domain protein 28 [Arabidopsis thaliana]
NP_851248.1,NP_851248,False,True,False,0.627,defense_signaling,False,NP_851248.1 myb domain protein 96 [Arabidopsis thaliana]
NP_851273.1,NP_851273,False,False,False,0.922,defense_signaling,False,NP_851273.1 bZIP transcription factor family protein [Arabidopsis thaliana]
NP_851280.1,NP_851280,False,False,False,0.92,antimicrobial,True,NP_851280.1 calcium-dependent protein kinase 28 [Arabidopsis thaliana]
NP_973389.1,NP_973389,False,False,False,1.31,cell_death_HR,False,NP_973389.1 phosphatidic acid phosphatase 1 [Arabidopsis thaliana]
NP_973394.1,NP_973394,False,False,False,0.651,PR_proteins,False,NP_973394.1 plasmodesmata-located protein 6 [Arabidopsis thaliana]
NP_973396.1,NP_973396,False,False,False,1.103,RLK_defense,True,NP_973396.1 CHASE domain containing histidine kinase protein [Arabidopsis thaliana]
NP_973403.1,NP_973403,False,True,False,1.552,RLK_defense,True,NP_973403.1 protein kinase 2B [Arabidopsis thaliana]
NP_973456.1,NP_973456,False,False,False,0.769,NBS_LRR,False,NP_973456.1 LURP-one-like protein (DUF567) [Arabidopsis thaliana]
NP_973478.1,NP_973478,False,True,False,1.495,RLK_defense,True,NP_973478.1 Protein kinase superfamily protein [Arabidopsis thaliana]
NP_973489.1,NP_973489,False,False,False,1.124,cell_death_HR,False,NP_973489.1 Tyrosine transaminase family protein [Arabidopsis thaliana]
NP_973498.1,NP_973498,False,False,False,1.167,cell_death_HR,True,NP_973498.1 diacylglycerol kinase 5 [Arabidopsis thaliana]
NP_973529.1,NP_973529,False,False,False,0.573,PR_proteins,False,NP_973529.1 Protein of unknown function (PD694200) [Arabidopsis thaliana]
NP_973531.1,NP_973531,False,False,False,0.453,defense_signaling,False,NP_973531.1 Putative membrane lipoprotein [Arabidopsis thaliana]
NP_973540.1,NP_973540,False,False,False,0.539,RLK_defense,False,NP_973540.1 Late embryogenesis abundant (LEA) hydroxyproline-rich glycoprotein family [Arabidopsis thaliana]
NP_973541.1,NP_973541,False,False,False,-0.245,RLK_defense,False,NP_973541.1 CLAVATA3 [Arabidopsis thaliana]
NP_973558.1,NP_973558,False,False,False,0.616,cell_death_HR,False,NP_973558.1 senescence-associated gene 13 [Arabidopsis thaliana]
NP_973566.1,NP_973566,False,False,False,0.674,defense_signaling,False,NP_973566.1 Late embryogenesis abundant (LEA) hydroxyproline-rich glycoprotein family [Arabidopsis thaliana]
NP_973574.1,NP_973574,False,False,False,0.109,PR_proteins,False,NP_973574.1 uncharacterized protein AT2G31345 [Arabidopsis thaliana]
NP_973578.1,NP_973578,False,False,False,0.756,defense_signaling,False,NP_973578.1 poly(ADP-ribose) glycohydrolase 2 [Arabidopsis thaliana]
NP_973587.1,NP_973587,False,False,False,1.184,PR_proteins,False,NP_973587.1 beta glucosidase 33 [Arabidopsis thaliana]
NP_973683.1,NP_973683,False,True,False,1.0,antimicrobial,True,NP_973683.1 Integrin-linked protein kinase family [Arabidopsis thaliana]
NP_973686.1,NP_973686,False,False,False,0.907,antimicrobial,False,NP_973686.1 Seven transmembrane MLO family protein [Arabidopsis thaliana]
NP_973768.1,NP_973768,False,False,False,0.241,PR_proteins,False,NP_973768.1 uncharacterized protein AT1G06135 [Arabidopsis thaliana]
NP_973778.1,NP_973778,False,True,False,1.511,RLK_defense,True,NP_973778.1 Protein kinase superfamily protein [Arabidopsis thaliana]
NP_973799.1,NP_973799,True,False,False,1.628,cell_death_HR,True,NP_973799.1 respiratory burst oxidase-like protein [Arabidopsis thaliana]
NP_973838.1,NP_973838,False,False,False,1.058,cell_death_HR,False,"NP_973838.1 Polynucleotidyl transferase, ribonuclease H-like superfamily protein [Arabidopsis thaliana]"
NP_973852.1,NP_973852,False,False,False,0.262,defense_signaling,False,NP_973852.1 uncharacterized protein AT1G17780 [Arabidopsis thaliana]
NP_973864.1,NP_973864,False,False,False,0.667,defense_signaling,False,NP_973864.1 Brassinosteroid signaling positive regulator (BZR1) family protein [Arabidopsis thaliana]
NP_973865.1,NP_973865,False,False,False,0.667,defense_signaling,False,NP_973865.1 Brassinosteroid signaling positive regulator (BZR1) family protein [Arabidopsis thaliana]
NP_973950.1,NP_973950,False,False,False,0.351,cell_death_HR,False,NP_973950.1 nuclear shuttle interacting [Arabidopsis thaliana]
NP_974058.1,NP_974058,False,False,False,0.485,defense_signaling,False,NP_974058.1 SCR-like 5 [Arabidopsis thaliana]
NP_974086.1,NP_974086,False,False,False,0.727,NBS_LRR,False,NP_974086.1 Late embryogenesis abundant (LEA) hydroxyproline-rich glycoprotein family [Arabidopsis thaliana]
NP_974096.1,NP_974096,False,False,False,1.212,NBS_LRR,False,NP_974096.1 S-adenosyl-L-methionine-dependent methyltransferases superfamily protein [Arabidopsis thaliana]
NP_974174.1,NP_974174,False,False,False,0.031,defense_signaling,False,NP_974174.1 zinc ion binding protein [Arabidopsis thaliana]
NP_974214.1,NP_974214,False,False,False,0.803,defense_signaling,False,NP_974214.1 ARM repeat superfamily protein [Arabidopsis thaliana]
NP_974215.1,NP_974215,False,False,False,0.803,defense_signaling,False,NP_974215.1 ARM repeat superfamily protein [Arabidopsis thaliana]
NP_974270.1,NP_974270,False,True,False,1.502,RLK_defense,True,NP_974270.1 Protein kinase superfamily protein [Arabidopsis thaliana]
NP_974288.1,NP_974288,True,False,False,1.419,cell_death_HR,False,NP_974288.1 syntaxin of plants 121 [Arabidopsis thaliana]
NP_974292.1,NP_974292,False,False,False,0.793,PR_proteins,False,NP_974292.1 TGACG motif-binding factor 6 [Arabidopsis thaliana]
NP_974293.1,NP_974293,False,False,False,0.806,PR_proteins,False,NP_974293.1 TGACG motif-binding factor 6 [Arabidopsis thaliana]
NP_974302.1,NP_974302,True,False,True,1.502,PR_proteins,False,NP_974302.1 O-Glycosyl hydrolases family 17 protein [Arabidopsis thaliana]
NP_974303.1,NP_974303,True,False,True,1.502,PR_proteins,False,NP_974303.1 O-Glycosyl hydrolases family 17 protein [Arabidopsis thaliana]
NP_974317.1,NP_974317,False,False,False,0.669,cell_death_HR,False,NP_974317.1 RNA-binding (RRM/RBD/RNP motifs) family protein [Arabidopsis thaliana]
NP_974325.1,NP_974325,False,False,False,0.51,RLK_defense,False,NP_974325.1 Cysteine-rich protein [Arabidopsis thaliana]
NP_974359.1,NP_974359,False,False,False,0.972,NBS_LRR,False,"NP_974359.1 cytochrome P450, family 82, subfamily G, polypeptide 1 [Arabidopsis thaliana]"
NP_974381.1,NP_974381,False,True,False,1.214,RLK_defense,True,NP_974381.1 Leucine-rich repeat (LRR) family protein [Arabidopsis thaliana]
NP_974475.1,NP_974475,False,False,False,0.854,defense_signaling,False,NP_974475.1 AUTOPHAGY 6 [Arabidopsis thaliana]
NP_974556.1,NP_974556,False,False,False,0.637,defense_signaling,False,NP_974556.1 SCR-like 10 [Arabidopsis thaliana]
NP_974577.1,NP_974577,False,False,False,1.304,NBS_LRR,True,NP_974577.1 Toll-Interleukin-Resistance (TIR) domain family protein [Arabidopsis thaliana]
NP_974578.1,NP_974578,False,False,False,1.298,NBS_LRR,True,NP_974578.1 Toll-Interleukin-Resistance (TIR) domain family protein [Arabidopsis thaliana]
NP_974594.1,NP_974594,False,False,False,0.512,PR_proteins,False,NP_974594.1 A20/AN1-like zinc finger family protein [Arabidopsis thaliana]
NP_974608.1,NP_974608,False,False,False,1.096,NBS_LRR,False,NP_974608.1 tryptophan aminotransferase related 2 [Arabidopsis thaliana]
NP_974613.1,NP_974613,False,False,False,1.039,cell_death_HR,True,NP_974613.1 Serine/Threonine-kinase [Arabidopsis thaliana]
NP_974619.1,NP_974619,False,True,False,0.889,antimicrobial,True,NP_974619.1 MAP kinase/ ERK kinase 1 [Arabidopsis thaliana]
NP_974727.1,NP_974727,False,False,False,0.42,defense_signaling,False,NP_974727.1 Putative membrane lipoprotein [Arabidopsis thaliana]
NP_974744.1,NP_974744,False,False,False,0.85,defense_signaling,False,NP_974744.1 bZIP transcription factor family protein [Arabidopsis thaliana]
NP_974745.1,NP_974745,False,False,False,0.833,defense_signaling,False,NP_974745.1 OCS-element binding factor 5 [Arabidopsis thaliana]
NP_974753.1,NP_974753,True,False,False,1.369,antimicrobial,False,NP_974753.1 sirtuin 2 [Arabidopsis thaliana]
NP_974775.1,NP_974775,False,False,False,0.6,NBS_LRR,False,NP_974775.1 jasmonate-zim-domain protein 10 [Arabidopsis thaliana]
NP_974776.1,NP_974776,False,False,False,0.6,NBS_LRR,False,NP_974776.1 jasmonate-zim-domain protein 10 [Arabidopsis thaliana]
NP_974804.4,NP_974804,False,False,False,0.835,defense_signaling,True,NP_974804.4 protein serine/threonine kinase [Arabidopsis thaliana]
NP_974869.1,NP_974869,False,False,False,0.439,defense_signaling,False,NP_974869.1 uncharacterized protein AT5G42235 [Arabidopsis thaliana]
NP_974882.1,NP_974882,False,False,False,0.064,defense_signaling,False,NP_974882.1 uncharacterized protein AT5G44565 [Arabidopsis thaliana]
NP_974938.1,NP_974938,False,False,False,0.14,defense_signaling,True,NP_974938.1 defensin-like protein [Arabidopsis thaliana]
NP_974961.1,NP_974961,False,False,False,1.142,PR_proteins,False,NP_974961.1 Pmr5/Cas1p GDSL/SGNH-like acyl-esterase family protein (DUF828) [Arabidopsis thaliana]
NP_974964.1,NP_974964,False,False,False,0.474,defense_signaling,False,NP_974964.1 DNA-binding protein [Arabidopsis thaliana]
NP_974969.1,NP_974969,False,False,False,0.897,defense_signaling,False,"NP_974969.1 DNA-binding protein with MIZ/SP-RING zinc finger, PHD-finger and SAP domain-containing protein [Arabidopsis thaliana]"
NP_974977.1,NP_974977,True,False,False,1.339,PR_proteins,False,NP_974977.1 Calcium-dependent phospholipid-binding Copine family protein [Arabidopsis thaliana]
