pid,score
NP_001030613,0.0
NP_001030614,40.0
NP_001030615,0.0
NP_001030616,0.0
NP_001030617,0.0
NP_001030619,0.0
NP_001030620,0.0
NP_001030621,0.0
NP_001030623,0.0
NP_001030624,44.0
NP_001030625,39.0
NP_001030626,0.0
NP_001030627,0.0
NP_001030628,0.0
NP_001030629,0.0
NP_001030630,0.0
NP_001030631,0.0
NP_001030632,0.0
NP_001030634,111.0
NP_001030635,41.0
NP_001030636,0.0
NP_001030637,0.0
NP_001030638,0.0
NP_001030639,0.0
NP_001030640,0.0
NP_001030641,0.0
NP_001030642,0.0
NP_001030643,0.0
NP_001030645,0.0
NP_001030646,0.0
NP_001030647,0.0
NP_001030649,0.0
NP_001030650,0.0
NP_001030651,0.0
NP_001030652,0.0
NP_001030653,0.0
NP_001030654,0.0
NP_001030655,0.0
NP_001030656,0.0
NP_001030657,0.0
NP_001030658,0.0
NP_001030659,45.0
NP_001030660,40.0
NP_001030661,39.0
NP_001030662,0.0
NP_001030663,0.0
NP_001030664,0.0
NP_001030665,0.0
NP_001030666,0.0
NP_001030667,0.0
NP_001030668,0.0
NP_001030669,0.0
NP_001030670,0.0
NP_001030671,0.0
NP_001030672,0.0
NP_001030673,0.0
NP_001030675,0.0
NP_001030677,0.0
NP_001030678,0.0
NP_001030679,0.0
NP_001030680,0.0
NP_001030681,0.0
NP_001030682,0.0
NP_001030683,0.0
NP_001030685,0.0
NP_001030686,0.0
NP_001030687,0.0
NP_001030688,0.0
NP_001030689,0.0
NP_001030690,0.0
NP_001030691,0.0
NP_001030692,0.0
NP_001030694,0.0
NP_001030695,40.0
NP_001030696,0.0
NP_001030697,0.0
NP_001030698,0.0
NP_001030699,0.0
NP_001030700,0.0
NP_001030701,0.0
NP_001030702,0.0
NP_001030703,0.0
NP_001030704,0.0
NP_001030705,0.0
NP_001030706,0.0
NP_001030707,0.0
NP_001030708,0.0
NP_001030709,0.0
NP_001030710,0.0
NP_001030711,0.0
NP_001030714,0.0
NP_001030715,0.0
NP_001030716,0.0
NP_001030717,0.0
NP_001030718,0.0
NP_001030719,0.0
NP_001030720,0.0
NP_001030721,0.0
NP_001030722,0.0
NP_001030723,0.0
NP_001030724,0.0
NP_001030725,45.0
NP_001030726,0.0
NP_001030727,0.0
NP_001030728,0.0
NP_001030729,0.0
NP_001030730,0.0
NP_001030731,0.0
NP_001030732,0.0
NP_001030733,0.0
NP_001030734,0.0
NP_001030735,0.0
NP_001030736,0.0
NP_001030737,0.0
NP_001030738,49.0
NP_001030739,0.0
NP_001030741,0.0
NP_001030742,0.0
NP_001030743,0.0
NP_001030744,0.0
NP_001030745,0.0
NP_001030746,0.0
NP_001030747,0.0
NP_001030748,0.0
NP_001030749,0.0
NP_001030750,45.0
NP_001030751,0.0
NP_001030752,0.0
NP_001030753,0.0
NP_001030754,0.0
NP_001030755,0.0
NP_001030756,0.0
NP_001030757,0.0
NP_001030758,0.0
NP_001030759,0.0
NP_001030760,0.0
NP_001030761,0.0
NP_001030762,0.0
NP_001030763,0.0
NP_001030764,0.0
NP_001030765,0.0
NP_001030766,0.0
NP_001030767,0.0
NP_001030768,0.0
NP_001030769,0.0
NP_001030770,0.0
NP_001030771,0.0
NP_001030774,0.0
NP_001030776,0.0
NP_001030777,0.0
NP_001030778,34.0
NP_001030779,0.0
NP_001030780,0.0
NP_001030781,0.0
NP_001030782,0.0
NP_001030783,0.0
NP_001030784,84.0
NP_001030785,0.0
NP_001030786,0.0
NP_001030788,0.0
NP_001030789,0.0
NP_001030790,1032.0
NP_001030791,0.0
NP_001030792,0.0
NP_001030794,0.0
NP_001030795,0.0
NP_001030796,0.0
NP_001030797,0.0
NP_001030798,0.0
NP_001030800,0.0
NP_001030801,0.0
NP_001030802,0.0
NP_001030803,0.0
NP_001030804,0.0
NP_001030806,0.0
NP_001030807,0.0
NP_001030808,0.0
NP_001030810,0.0
NP_001030811,0.0
NP_001030812,0.0
NP_001030813,0.0
NP_001030814,115.0
NP_001030815,0.0
NP_001030816,0.0
NP_001030817,0.0
NP_001030818,0.0
NP_001030819,0.0
NP_001030820,0.0
NP_001030821,0.0
NP_001030822,0.0
NP_001030823,0.0
NP_001030824,36.0
NP_001030825,0.0
NP_001030826,0.0
NP_001030827,0.0
NP_001030828,0.0
NP_001030829,2701.0
NP_001030830,0.0
NP_001030831,0.0
NP_001030832,0.0
NP_001030833,0.0
NP_001030834,0.0
NP_001030835,0.0
NP_001030836,0.0
NP_001030837,0.0
NP_001030838,0.0
NP_001030839,0.0
NP_001030840,0.0
NP_001030841,0.0
NP_001030842,0.0
NP_001030843,0.0
NP_001030844,0.0
NP_001030845,0.0
NP_001030846,0.0
NP_001030847,0.0
NP_001030848,0.0
NP_001030849,48.0
NP_001030850,50.0
NP_001030851,0.0
NP_001030852,0.0
NP_001030853,0.0
NP_001030854,0.0
NP_001030855,0.0
NP_001030856,0.0
NP_001030857,50.0
NP_001030858,0.0
NP_001030860,0.0
NP_001030861,0.0
NP_001030862,0.0
NP_001030863,0.0
NP_001030864,0.0
NP_001030865,0.0
NP_001030866,0.0
NP_001030868,0.0
NP_001030870,0.0
NP_001030871,0.0
NP_001030872,0.0
NP_001030873,0.0
NP_001030874,0.0
NP_001030875,0.0
NP_001030876,0.0
NP_001030877,0.0
NP_001030878,0.0
NP_001030879,0.0
NP_001030880,0.0
NP_001030882,0.0
NP_001030883,0.0
NP_001030884,0.0
NP_001030885,0.0
NP_001030886,0.0
NP_001030887,0.0
NP_001030888,30.0
NP_001030889,0.0
NP_001030890,0.0
NP_001030891,0.0
NP_001030892,0.0
NP_001030893,507.0
NP_001030895,0.0
NP_001030896,0.0
NP_001030897,0.0
NP_001030898,0.0
NP_001030899,0.0
NP_001030900,0.0
NP_001030901,0.0
NP_001030902,0.0
NP_001030903,0.0
NP_001030904,0.0
NP_001030905,0.0
NP_001030907,0.0
NP_001030908,0.0
NP_001030909,0.0
NP_001030910,0.0
NP_001030911,0.0
NP_001030912,0.0
NP_001030914,0.0
NP_001030915,0.0
NP_001030916,0.0
NP_001030917,0.0
NP_001030918,0.0
NP_001030921,0.0
NP_001030922,0.0
NP_001030923,0.0
NP_001030924,0.0
NP_001030925,0.0
NP_001030926,0.0
NP_001030927,0.0
NP_001030928,0.0
NP_001030929,0.0
NP_001030930,0.0
NP_001030932,42.0
NP_001030933,0.0
NP_001030934,0.0
NP_001030936,0.0
NP_001030937,0.0
NP_001030938,0.0
NP_001030939,795.0
NP_001030940,795.0
NP_001030941,795.0
NP_001030942,0.0
NP_001030943,0.0
NP_001030944,0.0
NP_001030945,0.0
NP_001030946,0.0
NP_001030947,0.0
NP_001030948,0.0
NP_001030949,0.0
NP_001030950,159.0
NP_001030951,0.0
NP_001030952,0.0
NP_001030953,0.0
NP_001030954,42.0
NP_001030955,0.0
NP_001030956,0.0
NP_001030957,0.0
NP_001030958,0.0
NP_001030959,0.0
NP_001030960,0.0
NP_001030961,0.0
NP_001030963,0.0
NP_001030964,0.0
NP_001030965,0.0
NP_001030966,0.0
NP_001030967,0.0
NP_001030969,0.0
NP_001030970,0.0
NP_001030971,48.0
NP_001030972,53.0
NP_001030973,53.0
NP_001030974,0.0
NP_001030975,0.0
NP_001030976,0.0
NP_001030977,0.0
NP_001030978,0.0
NP_001030980,0.0
NP_001030981,502.0
NP_001030983,0.0
NP_001030984,0.0
NP_001030985,0.0
NP_001030986,0.0
NP_001030988,0.0
NP_001030989,0.0
NP_001030990,1333.0
NP_001030991,0.0
NP_001030993,0.0
NP_001030994,0.0
NP_001030995,0.0
NP_001030996,0.0
NP_001030998,0.0
NP_001030999,0.0
NP_001031000,0.0
NP_001031001,0.0
NP_001031002,0.0
NP_001031003,0.0
NP_001031004,0.0
NP_001031005,0.0
NP_001031006,0.0
NP_001031007,0.0
NP_001031008,0.0
NP_001031010,0.0
NP_001031011,0.0
NP_001031012,0.0
NP_001031013,452.0
NP_001031014,0.0
NP_001031015,0.0
NP_001031016,0.0
NP_001031017,1061.0
NP_001031018,0.0
NP_001031019,0.0
NP_001031020,0.0
NP_001031021,212.0
NP_001031022,461.0
NP_001031023,0.0
NP_001031024,0.0
NP_001031025,0.0
NP_001031026,0.0
NP_001031027,0.0
NP_001031028,0.0
NP_001031029,0.0
NP_001031030,0.0
NP_001031031,0.0
NP_001031032,0.0
NP_001031033,0.0
NP_001031034,0.0
NP_001031035,0.0
NP_001031037,0.0
NP_001031038,0.0
NP_001031039,0.0
NP_001031040,0.0
NP_001031041,0.0
NP_001031042,0.0
NP_001031043,0.0
NP_001031044,0.0
NP_001031045,0.0
NP_001031046,57.0
NP_001031047,0.0
NP_001031048,0.0
NP_001031049,0.0
NP_001031050,38.0
NP_001031051,38.0
NP_001031052,0.0
NP_001031054,0.0
NP_001031055,0.0
NP_001031056,0.0
NP_001031057,0.0
NP_001031058,0.0
NP_001031059,0.0
NP_001031060,0.0
NP_001031061,0.0
NP_001031062,0.0
NP_001031063,0.0
NP_001031064,0.0
NP_001031065,0.0
NP_001031066,0.0
NP_001031067,0.0
NP_001031068,0.0
NP_001031069,0.0
NP_001031070,0.0
NP_001031072,0.0
NP_001031073,0.0
NP_001031074,0.0
NP_001031075,0.0
NP_001031076,0.0
NP_001031077,0.0
NP_001031078,0.0
NP_001031079,0.0
NP_001031080,0.0
NP_001031081,0.0
NP_001031082,0.0
NP_001031083,0.0
NP_001031084,38.0
NP_001031085,0.0
NP_001031086,0.0
NP_001031087,0.0
NP_001031088,0.0
NP_001031089,0.0
NP_001031090,0.0
NP_001031091,0.0
NP_001031093,0.0
NP_001031094,0.0
NP_001031095,0.0
NP_001031096,0.0
NP_001031097,0.0
NP_001031098,0.0
NP_001031099,0.0
NP_001031100,0.0
NP_001031101,0.0
NP_001031102,0.0
NP_001031104,0.0
NP_001031105,0.0
NP_001031107,0.0
NP_001031108,0.0
NP_001031109,0.0
NP_001031110,0.0
NP_001031111,0.0
NP_001031112,0.0
NP_001031113,0.0
NP_001031115,0.0
NP_001031116,53.0
NP_001031117,0.0
NP_001031119,0.0
NP_001031120,0.0
NP_001031121,0.0
NP_001031122,0.0
NP_001031123,0.0
NP_001031124,0.0
NP_001031125,0.0
NP_001031126,0.0
NP_001031127,0.0
NP_001031128,0.0
NP_001031129,0.0
NP_001031130,0.0
NP_001031131,0.0
NP_001031132,0.0
NP_001031133,0.0
NP_001031134,0.0
NP_001031135,0.0
NP_001031136,0.0
NP_001031137,0.0
NP_001031138,0.0
NP_001031139,0.0
NP_001031141,0.0
NP_001031142,0.0
NP_001031143,0.0
NP_001031144,0.0
NP_001031145,0.0
NP_001031146,0.0
NP_001031147,0.0
NP_001031148,0.0
NP_001031149,0.0
NP_001031150,0.0
NP_001031151,0.0
NP_001031152,0.0
NP_001031153,0.0
NP_001031154,0.0
NP_001031155,0.0
NP_001031156,0.0
NP_001031157,0.0
NP_001031158,0.0
NP_001031159,0.0
NP_001031160,0.0
NP_001031161,0.0
NP_001031162,0.0
NP_001031163,0.0
NP_001031164,362.0
NP_001031165,0.0
NP_001031166,0.0
NP_001031167,0.0
NP_001031168,0.0
NP_001031171,0.0
NP_001031172,0.0
NP_001031173,0.0
NP_001031174,0.0
NP_001031175,0.0
NP_001031177,0.0
NP_001031178,51.0
NP_001031179,51.0
NP_001031180,0.0
NP_001031181,0.0
NP_001031182,0.0
NP_001031183,0.0
NP_001031184,0.0
NP_001031185,0.0
NP_001031186,0.0
NP_001031187,0.0
NP_001031189,0.0
NP_001031191,0.0
NP_001031192,0.0
NP_001031193,0.0
NP_001031194,0.0
NP_001031195,0.0
NP_001031196,0.0
NP_001031197,0.0
NP_001031198,0.0
NP_001031199,0.0
NP_001031200,0.0
NP_001031201,0.0
NP_001031202,0.0
NP_001031203,0.0
NP_001031204,0.0
NP_001031205,0.0
NP_001031206,0.0
NP_001031207,857.0
NP_001031208,0.0
NP_001031209,0.0
NP_001031210,0.0
NP_001031211,0.0
NP_001031212,0.0
NP_001031213,0.0
NP_001031214,0.0
NP_001031215,46.0
NP_001031216,2166.0
NP_001031217,0.0
NP_001031218,0.0
NP_001031219,0.0
NP_001031220,0.0
NP_001031221,0.0
NP_001031222,0.0
NP_001031224,0.0
NP_001031225,0.0
NP_001031226,0.0
NP_001031227,0.0
NP_001031228,0.0
NP_001031229,0.0
NP_001031230,0.0
NP_001031231,0.0
NP_001031232,0.0
NP_001031233,0.0
NP_001031234,36.0
NP_001031235,0.0
NP_001031236,0.0
NP_001031237,0.0
NP_001031238,0.0
NP_001031240,0.0
NP_001031241,0.0
NP_001031242,0.0
NP_001031243,0.0
NP_001031244,0.0
NP_001031245,0.0
NP_001031247,0.0
NP_001031249,0.0
NP_001031250,0.0
NP_001031251,0.0
NP_001031252,0.0
NP_001031253,0.0
NP_001031254,0.0
NP_001031255,0.0
NP_001031256,0.0
NP_001031257,0.0
NP_001031258,0.0
NP_001031259,0.0
NP_001031260,0.0
NP_001031261,0.0
NP_001031262,0.0
NP_001031263,0.0
NP_001031264,0.0
NP_001031265,0.0
NP_001031266,0.0
NP_001031267,0.0
NP_001031268,0.0
NP_001031269,0.0
NP_001031270,0.0
NP_001031271,0.0
NP_001031272,0.0
NP_001031273,0.0
NP_001031274,0.0
NP_001031275,0.0
NP_001031276,0.0
NP_001031277,0.0
NP_001031278,37.0
NP_001031280,0.0
NP_001031281,0.0
NP_001031283,0.0
NP_001031284,0.0
NP_001031285,0.0
NP_001031286,0.0
NP_001031287,0.0
NP_001031288,0.0
NP_001031289,0.0
NP_001031290,0.0
NP_001031291,0.0
NP_001031292,0.0
NP_001031293,0.0
NP_001031294,0.0
NP_001031295,0.0
NP_001031296,0.0
NP_001031298,0.0
NP_001031299,0.0
NP_001031301,0.0
NP_001031303,0.0
NP_001031304,0.0
NP_001031305,47.0
NP_001031306,0.0
NP_001031307,0.0
NP_001031308,0.0
NP_001031309,0.0
NP_001031310,0.0
NP_001031311,0.0
NP_001031312,0.0
NP_001031313,0.0
NP_001031314,0.0
NP_001031315,0.0
NP_001031316,0.0
NP_001031317,0.0
NP_001031318,0.0
NP_001031319,0.0
NP_001031320,0.0
NP_001031321,0.0
NP_001031322,0.0
NP_001031324,0.0
NP_001031325,0.0
NP_001031326,0.0
NP_001031327,0.0
NP_001031328,0.0
NP_001031329,0.0
NP_001031330,0.0
NP_001031331,0.0
NP_001031332,0.0
NP_001031333,0.0
NP_001031334,0.0
NP_001031335,0.0
NP_001031336,0.0
NP_001031337,0.0
NP_001031338,0.0
NP_001031339,0.0
NP_001031340,0.0
NP_001031341,0.0
NP_001031342,0.0
NP_001031343,0.0
NP_001031344,0.0
NP_001031345,0.0
NP_001031347,0.0
NP_001031348,0.0
NP_001031349,0.0
NP_001031350,0.0
NP_001031351,0.0
NP_001031352,0.0
NP_001031353,0.0
NP_001031354,0.0
NP_001031355,0.0
NP_001031356,0.0
NP_001031357,0.0
NP_001031358,0.0
NP_001031359,0.0
NP_001031360,0.0
NP_001031361,0.0
NP_001031362,0.0
NP_001031363,0.0
NP_001031364,0.0
NP_001031365,0.0
NP_001031366,0.0
NP_001031367,0.0
NP_001031368,0.0
NP_001031369,0.0
NP_001031371,0.0
NP_001031372,0.0
NP_001031373,457.0
NP_001031374,0.0
NP_001031375,0.0
NP_001031376,0.0
NP_001031377,0.0
NP_001031378,0.0
NP_001031379,0.0
NP_001031380,0.0
NP_001031381,0.0
NP_001031382,0.0
NP_001031383,0.0
NP_001031384,0.0
NP_001031385,0.0
NP_001031386,0.0
NP_001031387,0.0
NP_001031388,0.0
NP_001031389,41.0
NP_001031390,0.0
NP_001031391,0.0
NP_001031392,0.0
NP_001031393,0.0
NP_001031394,0.0
NP_001031395,0.0
NP_001031396,0.0
NP_001031397,0.0
NP_001031398,0.0
NP_001031399,0.0
NP_001031401,0.0
NP_001031402,0.0
NP_001031404,0.0
NP_001031405,0.0
NP_001031406,0.0
NP_001031407,0.0
NP_001031408,0.0
NP_001031409,0.0
NP_001031410,0.0
NP_001031411,0.0
NP_001031412,0.0
NP_001031413,0.0
NP_001031414,0.0
NP_001031415,0.0
NP_001031416,0.0
NP_001031417,0.0
NP_001031418,0.0
NP_001031419,0.0
NP_001031420,0.0
NP_001031421,0.0
NP_001031422,0.0
NP_001031423,0.0
NP_001031424,0.0
NP_001031425,0.0
NP_001031426,0.0
NP_001031427,0.0
NP_001031428,0.0
NP_001031429,0.0
NP_001031430,0.0
NP_001031431,0.0
NP_001031432,434.0
NP_001031433,45.0
NP_001031434,0.0
NP_001031435,390.0
NP_001031436,0.0
NP_001031437,0.0
NP_001031438,58.0
NP_001031439,1250.0
NP_001031440,1248.0
NP_001031441,0.0
NP_001031442,0.0
NP_001031443,0.0
NP_001031444,46.0
NP_001031445,0.0
NP_001031446,0.0
NP_001031447,0.0
NP_001031448,0.0
NP_001031449,0.0
NP_001031450,0.0
NP_001031451,0.0
NP_001031452,0.0
NP_001031453,0.0
NP_001031454,0.0
NP_001031455,0.0
NP_001031456,0.0
NP_001031457,0.0
NP_001031458,0.0
NP_001031460,0.0
NP_001031461,0.0
NP_001031463,0.0
NP_001031464,0.0
NP_001031465,0.0
NP_001031466,0.0
NP_001031467,0.0
NP_001031468,0.0
NP_001031469,0.0
NP_001031470,0.0
NP_001031471,0.0
NP_001031472,0.0
NP_001031473,0.0
NP_001031474,44.0
NP_001031475,0.0
NP_001031476,0.0
NP_001031477,0.0
NP_001031478,0.0
NP_001031479,0.0
NP_001031480,0.0
NP_001031481,0.0
NP_001031482,0.0
NP_001031483,0.0
NP_001031484,0.0
NP_001031485,40.0
NP_001031486,0.0
NP_001031487,0.0
NP_001031488,0.0
NP_001031489,0.0
NP_001031490,61.0
NP_001031491,0.0
NP_001031492,0.0
NP_001031493,0.0
NP_001031495,0.0
NP_001031496,0.0
NP_001031497,0.0
NP_001031498,324.0
NP_001031499,500.0
NP_001031500,0.0
NP_001031501,0.0
NP_001031502,0.0
NP_001031503,0.0
NP_001031504,0.0
NP_001031505,0.0
NP_001031506,0.0
NP_001031507,457.0
NP_001031508,0.0
NP_001031509,0.0
NP_001031510,0.0
NP_001031511,0.0
NP_001031513,0.0
NP_001031514,0.0
NP_001031515,0.0
NP_001031516,0.0
NP_001031517,0.0
NP_001031518,0.0
NP_001031519,0.0
NP_001031521,0.0
NP_001031522,0.0
NP_001031523,0.0
NP_001031524,0.0
NP_001031525,0.0
NP_001031526,44.0
NP_001031527,0.0
NP_001031528,0.0
NP_001031529,0.0
NP_001031530,0.0
NP_001031531,0.0
NP_001031532,0.0
NP_001031533,0.0
NP_001031534,0.0
NP_001031535,0.0
NP_001031536,0.0
NP_001031537,0.0
NP_001031538,0.0
NP_001031539,0.0
NP_001031540,0.0
NP_001031541,0.0
NP_001031542,0.0
NP_001031543,0.0
NP_001031544,0.0
NP_001031545,0.0
NP_001031546,0.0
NP_001031547,0.0
NP_001031548,0.0
NP_001031549,56.0
NP_001031550,0.0
NP_001031551,0.0
NP_001031552,397.0
NP_001031553,452.0
NP_001031554,0.0
NP_001031555,0.0
NP_001031556,0.0
NP_001031557,0.0
NP_001031558,0.0
NP_001031559,0.0
NP_001031560,0.0
NP_001031561,0.0
NP_001031562,0.0
NP_001031563,0.0
NP_001031565,0.0
NP_001031566,0.0
NP_001031567,0.0
NP_001031568,0.0
NP_001031569,0.0
NP_001031570,0.0
NP_001031571,0.0
NP_001031572,0.0
NP_001031573,35.0
NP_001031574,0.0
NP_001031575,0.0
NP_001031576,0.0
NP_001031577,0.0
NP_001031578,0.0
NP_001031579,0.0
NP_001031581,0.0
NP_001031582,0.0
NP_001031583,0.0
NP_001031584,0.0
NP_001031585,0.0
NP_001031586,0.0
NP_001031587,0.0
NP_001031589,0.0
NP_001031591,0.0
NP_001031592,0.0
NP_001031593,0.0
NP_001031594,0.0
NP_001031595,0.0
NP_001031598,0.0
NP_001031599,0.0
NP_001031600,0.0
NP_001031601,0.0
NP_001031602,0.0
NP_001031603,0.0
NP_001031604,0.0
NP_001031605,0.0
NP_001031606,0.0
NP_001031607,0.0
NP_001031608,0.0
NP_001031609,0.0
NP_001031610,0.0
NP_001031611,0.0
NP_001031613,0.0
NP_001031614,0.0
NP_001031615,0.0
NP_001031616,0.0
NP_001031617,0.0
NP_001031618,0.0
NP_001031619,0.0
NP_001031620,0.0
NP_001031621,0.0
NP_001031622,488.0
NP_001031623,0.0
NP_001031624,0.0
NP_001031625,0.0
NP_001031626,0.0
NP_001031627,0.0
NP_001031628,0.0
NP_001031630,0.0
NP_001031631,0.0
NP_001031632,0.0
NP_001031633,0.0
NP_001031635,0.0
NP_001031636,0.0
NP_001031637,0.0
NP_001031638,0.0
NP_001031639,47.0
NP_001031640,0.0
NP_001031641,0.0
NP_001031642,0.0
NP_001031643,0.0
NP_001031644,0.0
NP_001031645,0.0
NP_001031646,0.0
NP_001031647,0.0
NP_001031648,0.0
NP_001031649,216.0
NP_001031651,0.0
NP_001031652,745.0
NP_001031653,0.0
NP_001031654,44.0
NP_001031655,0.0
NP_001031656,0.0
NP_001031658,0.0
NP_001031659,0.0
NP_001031660,0.0
NP_001031661,0.0
NP_001031662,0.0
NP_001031663,0.0
NP_001031664,0.0
NP_001031665,0.0
NP_001031666,0.0
NP_001031667,0.0
NP_001031669,0.0
NP_001031670,0.0
NP_001031671,0.0
NP_001031672,0.0
NP_001031673,0.0
NP_001031674,0.0
NP_001031675,0.0
NP_001031676,0.0
NP_001031677,0.0
NP_001031678,1006.0
NP_001031679,1006.0
NP_001031680,1006.0
NP_001031681,41.0
NP_001031682,0.0
NP_001031683,0.0
NP_001031684,0.0
NP_001031685,0.0
NP_001031686,0.0
NP_001031687,0.0
NP_001031689,0.0
NP_001031691,0.0
NP_001031692,0.0
NP_001031693,0.0
NP_001031694,0.0
NP_001031695,0.0
NP_001031696,0.0
NP_001031697,0.0
NP_001031698,0.0
NP_001031699,0.0
NP_001031700,0.0
NP_001031701,0.0
NP_001031702,0.0
NP_001031704,0.0
NP_001031705,0.0
NP_001031706,0.0
NP_001031707,0.0
NP_001031708,0.0
NP_001031709,0.0
NP_001031710,0.0
NP_001031711,1068.0
NP_001031712,0.0
NP_001031713,0.0
NP_001031714,0.0
NP_001031715,0.0
NP_001031716,0.0
NP_001031717,0.0
NP_001031718,0.0
NP_001031719,0.0
NP_001031720,0.0
NP_001031721,0.0
NP_001031724,0.0
NP_001031725,0.0
NP_001031726,0.0
NP_001031727,0.0
NP_001031728,0.0
NP_001031729,0.0
NP_001031730,0.0
NP_001031731,0.0
NP_001031732,0.0
NP_001031733,0.0
NP_001031734,0.0
NP_001031735,0.0
NP_001031736,0.0
NP_001031737,0.0
NP_001031738,0.0
NP_001031739,0.0
NP_001031740,0.0
NP_001031741,0.0
NP_001031742,0.0
NP_001031743,0.0
NP_001031744,0.0
NP_001031745,0.0
NP_001031746,0.0
NP_001031747,0.0
NP_001031748,0.0
NP_001031749,0.0
NP_001031750,0.0
NP_001031751,207.0
NP_001031752,0.0
NP_001031753,0.0
NP_001031754,0.0
NP_001031755,0.0
NP_001031756,0.0
NP_001031757,0.0
NP_001031758,50.0
NP_001031759,0.0
NP_001031760,0.0
NP_001031763,0.0
NP_001031764,0.0
NP_001031765,39.0
NP_001031767,0.0
NP_001031768,50.0
NP_001031769,0.0
NP_001031770,0.0
NP_001031771,0.0
NP_001031772,0.0
NP_001031773,50.0
NP_001031774,0.0
NP_001031775,0.0
NP_001031776,0.0
NP_001031777,0.0
NP_001031778,0.0
NP_001031779,0.0
NP_001031780,0.0
NP_001031781,292.0
NP_001031782,0.0
NP_001031783,0.0
NP_001031784,0.0
NP_001031785,0.0
NP_001031787,0.0
NP_001031788,0.0
NP_001031789,0.0
NP_001031790,0.0
NP_001031791,0.0
NP_001031792,0.0
NP_001031793,0.0
NP_001031794,0.0
NP_001031795,0.0
NP_001031796,0.0
NP_001031797,0.0
NP_001031798,0.0
NP_001031799,0.0
NP_001031800,0.0
NP_001031801,0.0
NP_001031804,0.0
NP_001031805,0.0
NP_001031806,0.0
NP_001031807,0.0
NP_001031808,0.0
NP_001031809,0.0
NP_001031810,0.0
NP_001031811,0.0
NP_001031812,0.0
NP_001031813,0.0
NP_001031814,0.0
NP_001031815,0.0
NP_001031816,0.0
NP_001031819,0.0
NP_001031820,0.0
NP_001031821,0.0
NP_001031822,0.0
NP_001031823,0.0
NP_001031824,0.0
NP_001031825,0.0
NP_001031826,0.0
NP_001031827,0.0
NP_001031828,0.0
NP_001031829,0.0
NP_001031830,0.0
NP_001031831,0.0
NP_001031832,0.0
NP_001031833,0.0
NP_001031834,0.0
NP_001031835,0.0
NP_001031836,0.0
NP_001031837,0.0
NP_001031838,0.0
NP_001031840,0.0
NP_001031841,0.0
NP_001031842,0.0
NP_001031843,0.0
NP_001031844,0.0
NP_001031845,0.0
NP_001031846,0.0
NP_001031847,0.0
NP_001031848,0.0
NP_001031850,0.0
NP_001031851,59.0
NP_001031852,0.0
NP_001031853,0.0
NP_001031854,0.0
NP_001031855,0.0
NP_001031856,0.0
NP_001031857,0.0
NP_001031858,0.0
NP_001031859,0.0
NP_001031860,0.0
NP_001031861,0.0
NP_001031862,0.0
NP_001031863,144.0
NP_001031864,0.0
NP_001031865,0.0
NP_001031866,0.0
NP_001031867,0.0
NP_001031868,0.0
NP_001031869,0.0
NP_001031871,0.0
NP_001031872,0.0
NP_001031873,0.0
NP_001031874,0.0
NP_001031875,0.0
NP_001031876,0.0
NP_001031877,0.0
NP_001031878,0.0
NP_001031879,0.0
NP_001031880,0.0
NP_001031881,0.0
NP_001031882,0.0
NP_001031883,0.0
NP_001031884,0.0
NP_001031885,0.0
NP_001031886,0.0
NP_001031887,0.0
NP_001031888,0.0
NP_001031889,0.0
NP_001031890,0.0
NP_001031891,0.0
NP_001031892,0.0
NP_001031894,0.0
NP_001031895,0.0
NP_001031896,0.0
NP_001031897,0.0
NP_001031898,456.0
NP_001031899,0.0
NP_001031900,0.0
NP_001031901,0.0
NP_001031902,0.0
NP_001031903,0.0
NP_001031904,45.0
NP_001031905,45.0
NP_001031906,0.0
NP_001031907,0.0
NP_001031908,0.0
NP_001031909,0.0
NP_001031910,0.0
NP_001031911,0.0
NP_001031912,0.0
NP_001031913,0.0
NP_001031914,0.0
NP_001031915,0.0
NP_001031916,0.0
NP_001031917,0.0
NP_001031918,0.0
NP_001031919,0.0
NP_001031920,0.0
NP_001031921,0.0
NP_001031922,0.0
NP_001031923,0.0
NP_001031924,0.0
NP_001031925,0.0
NP_001031926,42.0
NP_001031927,0.0
NP_001031929,0.0
NP_001031930,0.0
NP_001031931,0.0
NP_001031932,0.0
NP_001031933,0.0
NP_001031934,0.0
NP_001031935,0.0
NP_001031936,0.0
NP_001031937,0.0
NP_001031938,0.0
NP_001031939,0.0
NP_001031940,0.0
NP_001031941,0.0
NP_001031942,0.0
NP_001031943,0.0
NP_001031944,0.0
NP_001031945,0.0
NP_001031946,0.0
NP_001031947,0.0
NP_001031948,0.0
NP_001031949,61.0
NP_001031950,38.0
NP_001031951,0.0
NP_001031952,0.0
NP_001031953,46.0
NP_001031954,0.0
NP_001031955,0.0
NP_001031956,0.0
NP_001031957,0.0
NP_001031958,0.0
NP_001031959,0.0
NP_001031960,0.0
NP_001031961,0.0
NP_001031962,0.0
NP_001031963,0.0
NP_001031965,0.0
NP_001031966,0.0
NP_001031967,0.0
NP_001031968,0.0
NP_001031969,0.0
NP_001031970,0.0
NP_001031971,0.0
NP_001031972,0.0
NP_001031973,0.0
NP_001031974,0.0
NP_001031975,0.0
NP_001031976,0.0
NP_001031977,0.0
NP_001031978,0.0
NP_001031979,0.0
NP_001031980,472.0
NP_001031981,0.0
NP_001031983,0.0
NP_001031984,0.0
NP_001031985,0.0
NP_001031986,0.0
NP_001031987,0.0
NP_001031988,0.0
NP_001031990,0.0
NP_001031991,0.0
NP_001031992,0.0
NP_001031993,0.0
NP_001031994,0.0
NP_001031995,0.0
NP_001031996,0.0
NP_001031997,0.0
NP_001031998,0.0
NP_001031999,0.0
NP_001032000,0.0
NP_001032001,0.0
NP_001032002,0.0
NP_001032003,0.0
NP_001032004,0.0
NP_001032005,0.0
NP_001032006,48.0
NP_001032007,48.0
NP_001032008,0.0
NP_001032009,0.0
NP_001032010,0.0
NP_001032011,0.0
NP_001032012,0.0
NP_001032013,0.0
NP_001032014,0.0
NP_001032016,0.0
NP_001032017,0.0
NP_001032018,0.0
NP_001032019,0.0
NP_001032020,0.0
NP_001032021,0.0
NP_001032022,0.0
NP_001032023,0.0
NP_001032024,0.0
NP_001032025,0.0
NP_001032026,0.0
NP_001032027,0.0
NP_001032028,49.0
NP_001032029,0.0
NP_001032030,0.0
NP_001032031,0.0
NP_001032032,0.0
NP_001032033,0.0
NP_001032034,0.0
NP_001032035,0.0
NP_001032036,0.0
NP_001032037,0.0
NP_001032038,0.0
NP_001032039,0.0
NP_001032040,0.0
NP_001032041,0.0
NP_001032042,0.0
NP_001032043,0.0
NP_001032044,0.0
NP_001032045,0.0
NP_001032046,0.0
NP_001032047,0.0
NP_001032048,0.0
NP_001032049,0.0
NP_001032050,0.0
NP_001032051,0.0
NP_001032052,0.0
NP_001032053,0.0
NP_001032054,0.0
NP_001032055,0.0
NP_001032056,0.0
NP_001032057,0.0
NP_001032058,0.0
NP_001032060,0.0
NP_001032061,0.0
NP_001032062,0.0
NP_001032063,0.0
NP_001032064,0.0
NP_001032065,0.0
NP_001032066,0.0
NP_001032067,0.0
NP_001032068,0.0
NP_001032070,0.0
NP_001032071,0.0
NP_001032072,0.0
NP_001032073,0.0
NP_001032074,0.0
NP_001032075,0.0
NP_001032076,0.0
NP_001032077,0.0
NP_001032078,0.0
NP_001032079,0.0
NP_001032080,1413.0
NP_001032081,0.0
NP_001032082,0.0
NP_001032083,0.0
NP_001032084,0.0
NP_001032085,0.0
NP_001032087,0.0
NP_001032088,0.0
NP_001032089,0.0
NP_001032090,0.0
NP_001032091,0.0
NP_001032092,0.0
NP_001032093,0.0
NP_001032094,0.0
NP_001032095,0.0
NP_001032096,0.0
NP_001032097,0.0
NP_001032098,0.0
NP_001032099,0.0
NP_001032100,0.0
NP_001032101,0.0
NP_001032102,0.0
NP_001032103,0.0
NP_001032104,0.0
NP_001032105,0.0
NP_001032106,0.0
NP_001032108,0.0
NP_001032109,62.0
NP_001032110,0.0
NP_001032111,0.0
NP_001032112,0.0
NP_001032113,0.0
NP_001032114,0.0
NP_001032115,0.0
NP_001032116,0.0
NP_001032117,0.0
NP_001032118,0.0
NP_001032119,0.0
NP_001032120,0.0
NP_001032121,0.0
NP_001032122,54.0
NP_001032123,0.0
NP_001032124,0.0
NP_001032125,0.0
NP_001032126,0.0
NP_001032127,0.0
NP_001032129,0.0
NP_001032130,0.0
NP_001032131,0.0
NP_001032132,0.0
NP_001032133,0.0
NP_001032134,0.0
NP_001032135,58.0
NP_001032136,40.0
NP_001032137,0.0
NP_001032138,0.0
NP_001032139,0.0
NP_001032140,0.0
NP_001032142,0.0
NP_001032143,0.0
NP_001032144,0.0
NP_001032145,0.0
NP_001032146,0.0
NP_001032147,0.0
NP_001032148,0.0
NP_001032149,0.0
NP_001032150,0.0
NP_001032151,0.0
NP_001032152,0.0
NP_001032153,0.0
NP_001032154,0.0
NP_001032155,0.0
NP_001032157,54.0
NP_001032158,0.0
NP_001032159,0.0
NP_001032160,0.0
NP_001032161,0.0
NP_001032162,0.0
NP_001032163,52.0
NP_001032164,0.0
NP_001032165,0.0
NP_001032166,0.0
NP_001032167,0.0
NP_001032168,0.0
NP_001077437,0.0
NP_001077438,0.0
NP_001077439,0.0
NP_001077440,0.0
NP_001077441,0.0
NP_001077442,0.0
NP_001077443,0.0
NP_001077444,0.0
NP_001077445,42.0
NP_001077446,0.0
NP_001077447,0.0
NP_001077448,0.0
NP_001077449,0.0
NP_001077450,0.0
NP_001077452,42.0
NP_001077453,0.0
NP_001077454,0.0
NP_001077455,0.0
NP_001077456,0.0
NP_001077457,0.0
NP_001077458,0.0
NP_001077459,0.0
NP_001077460,0.0
NP_001077461,0.0
NP_001077462,0.0
NP_001077463,0.0
NP_001077464,0.0
NP_001077465,0.0
NP_001077466,0.0
NP_001077467,0.0
NP_001077468,0.0
NP_001077469,0.0
NP_001077470,0.0
NP_001077471,0.0
NP_001077472,0.0
NP_001077473,0.0
NP_001077474,0.0
NP_001077475,0.0
NP_001077476,0.0
NP_001077477,0.0
NP_001077478,0.0
NP_001077479,0.0
NP_001077480,0.0
NP_001077481,0.0
NP_001077482,0.0
NP_001077483,0.0
NP_001077485,0.0
NP_001077486,0.0
NP_001077487,0.0
NP_001077488,45.0
NP_001077489,0.0
NP_001077490,36.0
NP_001077491,0.0
NP_001077492,0.0
NP_001077493,0.0
NP_001077494,0.0
NP_001077495,0.0
NP_001077496,0.0
NP_001077497,0.0
NP_001077498,452.0
NP_001077499,452.0
NP_001077500,0.0
NP_001077501,0.0
NP_001077502,0.0
NP_001077503,0.0
NP_001077504,0.0
NP_001077505,0.0
NP_001077506,0.0
NP_001077507,0.0
NP_001077508,0.0
NP_001077509,0.0
NP_001077510,0.0
NP_001077511,0.0
NP_001077512,396.0
NP_001077513,0.0
NP_001077514,0.0
NP_001077515,0.0
NP_001077516,0.0
NP_001077518,0.0
NP_001077519,0.0
NP_001077520,0.0
NP_001077521,0.0
NP_001077522,0.0
NP_001077523,0.0
NP_001077524,0.0
NP_001077525,0.0
NP_001077526,0.0
NP_001077527,0.0
NP_001077529,0.0
NP_001077530,0.0
NP_001077531,0.0
NP_001077532,0.0
NP_001077534,0.0
NP_001077535,0.0
NP_001077536,0.0
NP_001077537,46.0
NP_001077538,0.0
NP_001077539,0.0
NP_001077540,0.0
NP_001077541,0.0
NP_001077542,0.0
NP_001077543,0.0
NP_001077544,0.0
NP_001077545,0.0
NP_001077546,0.0
NP_001077547,0.0
NP_001077548,0.0
NP_001077549,0.0
NP_001077550,0.0
NP_001077551,0.0
NP_001077552,0.0
NP_001077554,0.0
NP_001077555,0.0
NP_001077556,0.0
NP_001077557,0.0
NP_001077558,45.0
NP_001077559,0.0
NP_001077560,0.0
NP_001077561,0.0
NP_001077562,0.0
NP_001077563,0.0
NP_001077566,0.0
NP_001077567,33.0
NP_001077568,0.0
NP_001077569,0.0
NP_001077570,0.0
NP_001077571,44.0
NP_001077572,0.0
NP_001077573,0.0
NP_001077574,0.0
NP_001077575,0.0
NP_001077576,0.0
NP_001077577,0.0
NP_001077578,0.0
NP_001077579,0.0
NP_001077580,0.0
NP_001077581,0.0
NP_001077582,51.0
NP_001077583,0.0
NP_001077584,0.0
NP_001077585,0.0
NP_001077586,0.0
NP_001077587,0.0
NP_001077588,0.0
NP_001077589,0.0
NP_001077590,0.0
NP_001077591,0.0
NP_001077592,511.0
NP_001077593,0.0
NP_001077594,0.0
NP_001077595,0.0
NP_001077596,0.0
NP_001077597,0.0
NP_001077598,0.0
NP_001077599,0.0
NP_001077601,0.0
NP_001077602,0.0
NP_001077603,0.0
NP_001077604,0.0
NP_001077605,0.0
NP_001077606,0.0
NP_001077608,0.0
NP_001077609,0.0
NP_001077610,0.0
NP_001077611,0.0
NP_001077612,0.0
NP_001077613,0.0
NP_001077614,0.0
NP_001077615,0.0
NP_001077616,0.0
NP_001077617,0.0
NP_001077618,0.0
NP_001077619,0.0
NP_001077620,0.0
NP_001077621,0.0
NP_001077622,0.0
NP_001077623,0.0
NP_001077624,0.0
NP_001077625,0.0
NP_001077626,0.0
NP_001077627,0.0
NP_001077628,40.0
NP_001077630,0.0
NP_001077631,0.0
NP_001077632,0.0
NP_001077633,0.0
NP_001077634,0.0
NP_001077635,0.0
NP_001077636,0.0
NP_001077637,0.0
NP_001077638,0.0
NP_001077639,0.0
NP_001077640,0.0
NP_001077641,0.0
NP_001077642,0.0
NP_001077643,0.0
NP_001077644,0.0
NP_001077645,0.0
NP_001077646,51.0
NP_001077647,0.0
NP_001077648,0.0
NP_001077649,0.0
NP_001077650,0.0
NP_001077651,0.0
NP_001077652,0.0
NP_001077653,0.0
NP_001077654,0.0
NP_001077655,0.0
NP_001077656,0.0
NP_001077657,0.0
NP_001077658,0.0
NP_001077659,0.0
NP_001077660,0.0
NP_001077661,0.0
NP_001077662,0.0
NP_001077663,0.0
NP_001077664,0.0
NP_001077665,0.0
NP_001077666,0.0
NP_001077667,0.0
NP_001077668,0.0
NP_001077669,0.0
NP_001077670,0.0
NP_001077671,0.0
NP_001077672,0.0
NP_001077673,0.0
NP_001077674,0.0
NP_001077675,0.0
NP_001077676,0.0
NP_001077677,0.0
NP_001077678,0.0
NP_001077679,0.0
NP_001077680,0.0
NP_001077681,0.0
NP_001077682,0.0
NP_001077683,0.0
NP_001077684,0.0
NP_001077685,0.0
NP_001077686,0.0
NP_001077687,0.0
NP_001077688,456.0
NP_001077689,0.0
NP_001077690,0.0
NP_001077691,0.0
NP_001077693,0.0
NP_001077694,0.0
NP_001077695,378.0
NP_001077696,0.0
NP_001077697,0.0
NP_001077698,0.0
NP_001077699,0.0
NP_001077700,0.0
NP_001077701,0.0
NP_001077702,0.0
NP_001077703,0.0
NP_001077704,0.0
NP_001077705,0.0
NP_001077706,0.0
NP_001077707,0.0
NP_001077709,0.0
NP_001077710,0.0
NP_001077711,0.0
NP_001077712,0.0
NP_001077713,0.0
NP_001077714,0.0
NP_001077715,0.0
NP_001077716,429.0
NP_001077717,0.0
NP_001077718,0.0
NP_001077719,0.0
NP_001077720,0.0
NP_001077721,0.0
NP_001077722,0.0
NP_001077723,0.0
NP_001077724,0.0
NP_001077726,0.0
NP_001077727,0.0
NP_001077729,0.0
NP_001077730,0.0
NP_001077731,603.0
NP_001077732,0.0
NP_001077733,0.0
NP_001077734,0.0
NP_001077735,0.0
NP_001077736,0.0
NP_001077737,0.0
NP_001077739,0.0
NP_001077740,0.0
NP_001077741,0.0
NP_001077742,832.0
NP_001077743,0.0
NP_001077744,0.0
NP_001077745,0.0
NP_001077746,0.0
NP_001077747,0.0
NP_001077748,0.0
NP_001077749,0.0
NP_001077750,0.0
NP_001077751,0.0
NP_001077752,0.0
NP_001077753,0.0
NP_001077754,0.0
NP_001077755,0.0
NP_001077756,0.0
NP_001077757,0.0
NP_001077758,0.0
NP_001077759,0.0
NP_001077760,0.0
NP_001077761,0.0
NP_001077762,0.0
NP_001077763,0.0
NP_001077764,0.0
NP_001077765,0.0
NP_001077766,0.0
NP_001077767,0.0
NP_001077768,970.0
NP_001077769,1357.0
NP_001077770,0.0
NP_001077771,0.0
NP_001077772,0.0
NP_001077773,0.0
NP_001077774,0.0
NP_001077775,0.0
NP_001077776,0.0
NP_001077777,0.0
NP_001077778,0.0
NP_001077779,0.0
NP_001077780,0.0
NP_001077781,0.0
NP_001077782,0.0
NP_001077783,0.0
NP_001077784,0.0
NP_001077785,0.0
NP_001077786,0.0
NP_001077787,0.0
NP_001077788,241.0
NP_001077789,0.0
NP_001077790,0.0
NP_001077791,0.0
NP_001077792,0.0
NP_001077793,0.0
NP_001077794,0.0
NP_001077795,0.0
NP_001077796,0.0
NP_001077797,0.0
NP_001077798,0.0
NP_001077799,0.0
NP_001077800,0.0
NP_001077801,0.0
NP_001077802,0.0
NP_001077803,0.0
NP_001077804,0.0
NP_001077806,0.0
NP_001077807,0.0
NP_001077808,0.0
NP_001077809,0.0
NP_001077810,0.0
NP_001077811,0.0
NP_001077812,0.0
NP_001077813,51.0
NP_001077814,0.0
NP_001077815,0.0
NP_001077816,362.0
NP_001077817,0.0
NP_001077818,0.0
NP_001077819,0.0
NP_001077820,0.0
NP_001077821,0.0
NP_001077822,0.0
NP_001077823,0.0
NP_001077824,0.0
NP_001077825,0.0
NP_001077826,0.0
NP_001077827,0.0
NP_001077828,0.0
NP_001077829,0.0
NP_001077830,0.0
NP_001077831,0.0
NP_001077832,0.0
NP_001077833,0.0
NP_001077834,0.0
NP_001077836,46.0
NP_001077837,0.0
NP_001077838,0.0
NP_001077839,0.0
NP_001077840,0.0
NP_001077842,0.0
NP_001077843,0.0
NP_001077844,0.0
NP_001077845,0.0
NP_001077846,0.0
NP_001077847,0.0
NP_001077848,0.0
NP_001077849,0.0
NP_001077850,0.0
NP_001077851,0.0
NP_001077852,0.0
NP_001077853,0.0
NP_001077854,0.0
NP_001077855,0.0
NP_001077856,0.0
NP_001077857,0.0
NP_001077858,302.0
NP_001077863,0.0
NP_001077864,0.0
NP_001077865,0.0
NP_001077866,552.0
NP_001077867,0.0
NP_001077868,0.0
NP_001077869,0.0
NP_001077870,0.0
NP_001077871,0.0
NP_001077874,45.0
NP_001077875,0.0
NP_001077876,0.0
NP_001077877,0.0
NP_001077878,0.0
NP_001077879,0.0
NP_001077880,0.0
NP_001077881,0.0
NP_001077882,0.0
NP_001077883,0.0
NP_001077884,0.0
NP_001077885,0.0
NP_001077886,0.0
NP_001077887,0.0
NP_001077888,45.0
NP_001077889,0.0
NP_001077890,0.0
NP_001077891,0.0
NP_001077892,0.0
NP_001077893,0.0
NP_001077894,0.0
NP_001077895,0.0
NP_001077896,0.0
NP_001077897,0.0
NP_001077898,0.0
NP_001077899,0.0
NP_001077900,0.0
NP_001077901,0.0
NP_001077902,0.0
NP_001077903,0.0
NP_001077904,0.0
NP_001077905,0.0
NP_001077906,0.0
NP_001077907,0.0
NP_001077908,0.0
NP_001077909,0.0
NP_001077910,0.0
NP_001077911,0.0
NP_001077912,0.0
NP_001077913,0.0
NP_001077914,0.0
NP_001077915,45.0
NP_001077916,0.0
NP_001077917,0.0
NP_001077918,0.0
NP_001077919,0.0
NP_001077920,0.0
NP_001077921,0.0
NP_001077922,46.0
NP_001077923,0.0
NP_001077924,0.0
NP_001077925,0.0
NP_001077926,0.0
NP_001077929,0.0
NP_001077930,0.0
NP_001077931,0.0
NP_001077932,0.0
NP_001077933,0.0
NP_001077934,0.0
NP_001077935,0.0
NP_001077936,0.0
NP_001077937,0.0
NP_001077938,0.0
NP_001077940,0.0
NP_001077941,0.0
NP_001077942,0.0
NP_001077943,0.0
NP_001077944,0.0
NP_001077945,0.0
NP_001077947,0.0
NP_001077948,0.0
NP_001077950,0.0
NP_001077951,0.0
NP_001077952,0.0
NP_001077953,0.0
NP_001077954,0.0
NP_001077955,0.0
NP_001077956,0.0
NP_001077957,0.0
NP_001077958,0.0
NP_001077959,0.0
NP_001077960,0.0
NP_001077961,0.0
NP_001077962,0.0
NP_001077963,0.0
NP_001077964,0.0
NP_001077965,0.0
NP_001077966,39.0
NP_001077967,0.0
NP_001077968,70.0
NP_001077969,0.0
NP_001077970,0.0
NP_001077971,66.0
NP_001077972,0.0
NP_001077973,0.0
NP_001077974,0.0
NP_001077975,0.0
NP_001077976,0.0
NP_001077977,0.0
NP_001077978,0.0
NP_001077979,0.0
NP_001077980,0.0
NP_001077981,0.0
NP_001077982,0.0
NP_001077983,0.0
NP_001077984,0.0
NP_001077985,0.0
NP_001077986,0.0
NP_001077987,0.0
NP_001077988,0.0
NP_001077989,0.0
NP_001077990,0.0
NP_001077991,0.0
NP_001077992,0.0
NP_001077993,0.0
NP_001077994,0.0
NP_001077995,0.0
NP_001077996,0.0
NP_001077997,0.0
NP_001077998,0.0
NP_001077999,0.0
NP_001078000,39.0
NP_001078001,0.0
NP_001078002,0.0
NP_001078004,0.0
NP_001078006,0.0
NP_001078007,0.0
NP_001078008,0.0
NP_001078009,0.0
NP_001078010,0.0
NP_001078011,0.0
NP_001078012,0.0
NP_001078013,0.0
NP_001078014,0.0
NP_001078015,527.0
NP_001078016,0.0
NP_001078017,0.0
NP_001078018,0.0
NP_001078019,0.0
NP_001078020,0.0
NP_001078021,0.0
NP_001078022,0.0
NP_001078023,0.0
NP_001078024,0.0
NP_001078025,0.0
NP_001078026,0.0
NP_001078027,0.0
NP_001078028,0.0
NP_001078029,0.0
NP_001078030,0.0
NP_001078031,0.0
NP_001078032,0.0
NP_001078033,0.0
NP_001078034,0.0
NP_001078035,0.0
NP_001078036,0.0
NP_001078037,0.0
NP_001078038,0.0
NP_001078039,0.0
NP_001078040,0.0
NP_001078041,0.0
NP_001078042,0.0
NP_001078043,0.0
NP_001078044,0.0
NP_001078045,0.0
NP_001078046,0.0
NP_001078047,0.0
NP_001078048,0.0
NP_001078049,0.0
NP_001078050,0.0
NP_001078051,0.0
NP_001078052,0.0
NP_001078054,0.0
NP_001078055,0.0
NP_001078056,0.0
NP_001078057,0.0
NP_001078058,0.0
NP_001078059,0.0
NP_001078060,0.0
NP_001078061,0.0
NP_001078062,0.0
NP_001078063,0.0
NP_001078064,0.0
NP_001078065,0.0
NP_001078066,0.0
NP_001078067,0.0
NP_001078068,0.0
NP_001078069,0.0
NP_001078070,0.0
NP_001078071,0.0
NP_001078072,0.0
NP_001078073,0.0
NP_001078074,0.0
NP_001078075,0.0
NP_001078076,0.0
NP_001078077,0.0
NP_001078078,0.0
NP_001078079,0.0
NP_001078080,0.0
NP_001078081,0.0
NP_001078082,0.0
NP_001078083,0.0
NP_001078084,0.0
NP_001078085,0.0
NP_001078086,0.0
NP_001078087,0.0
NP_001078089,0.0
NP_001078090,0.0
NP_001078091,0.0
NP_001078092,0.0
NP_001078093,0.0
NP_001078094,0.0
NP_001078095,0.0
NP_001078096,0.0
NP_001078097,0.0
NP_001078098,0.0
NP_001078099,0.0
NP_001078100,0.0
NP_001078101,47.0
NP_001078102,0.0
NP_001078104,0.0
NP_001078105,0.0
NP_001078106,0.0
NP_001078107,0.0
NP_001078108,0.0
NP_001078109,0.0
NP_001078111,0.0
NP_001078112,0.0
NP_001078113,0.0
NP_001078114,0.0
NP_001078116,0.0
NP_001078117,0.0
NP_001078118,0.0
NP_001078119,0.0
NP_001078120,0.0
NP_001078121,0.0
NP_001078122,39.0
NP_001078123,0.0
NP_001078124,0.0
NP_001078125,0.0
NP_001078126,0.0
NP_001078127,0.0
NP_001078128,0.0
NP_001078129,0.0
NP_001078131,0.0
NP_001078132,0.0
NP_001078133,0.0
NP_001078134,0.0
NP_001078135,0.0
NP_001078136,44.0
NP_001078137,0.0
NP_001078138,0.0
NP_001078139,0.0
NP_001078141,0.0
NP_001078142,0.0
NP_001078143,0.0
NP_001078144,0.0
NP_001078145,0.0
NP_001078146,0.0
NP_001078147,0.0
NP_001078148,0.0
NP_001078149,0.0
NP_001078150,0.0
NP_001078151,0.0
NP_001078152,0.0
NP_001078153,0.0
NP_001078154,0.0
NP_001078155,0.0
NP_001078156,0.0
NP_001078157,0.0
NP_001078158,0.0
NP_001078159,0.0
NP_001078161,0.0
NP_001078162,0.0
NP_001078163,0.0
NP_001078164,0.0
NP_001078165,0.0
NP_001078166,0.0
NP_001078168,0.0
NP_001078169,0.0
NP_001078170,0.0
NP_001078171,0.0
NP_001078172,0.0
NP_001078173,0.0
NP_001078174,0.0
NP_001078175,0.0
NP_001078176,0.0
NP_001078177,0.0
NP_001078178,0.0
NP_001078179,0.0
NP_001078181,0.0
NP_001078182,0.0
NP_001078183,0.0
NP_001078184,0.0
NP_001078185,0.0
NP_001078186,0.0
NP_001078187,0.0
NP_001078188,0.0
NP_001078189,0.0
NP_001078190,0.0
NP_001078191,0.0
NP_001078192,0.0
NP_001078193,0.0
NP_001078194,0.0
NP_001078195,0.0
NP_001078196,0.0
NP_001078198,0.0
NP_001078199,0.0
NP_001078200,0.0
NP_001078201,0.0
NP_001078202,0.0
NP_001078204,0.0
NP_001078205,0.0
NP_001078206,0.0
NP_001078207,0.0
NP_001078208,0.0
NP_001078209,0.0
NP_001078210,0.0
NP_001078211,0.0
NP_001078212,0.0
NP_001078213,0.0
NP_001078214,0.0
NP_001078215,0.0
NP_001078216,0.0
NP_001078217,0.0
NP_001078218,0.0
NP_001078219,0.0
NP_001078220,0.0
NP_001078221,0.0
NP_001078222,0.0
NP_001078223,0.0
NP_001078225,0.0
NP_001078226,0.0
NP_001078227,0.0
NP_001078228,0.0
NP_001078229,0.0
NP_001078230,0.0
NP_001078231,0.0
NP_001078233,0.0
NP_001078234,0.0
NP_001078235,0.0
NP_001078237,1528.0
NP_001078238,0.0
NP_001078239,0.0
NP_001078240,0.0
NP_001078241,0.0
NP_001078242,0.0
NP_001078243,0.0
NP_001078244,0.0
NP_001078245,0.0
NP_001078247,0.0
NP_001078248,0.0
NP_001078249,0.0
NP_001078250,0.0
NP_001078251,0.0
NP_001078252,0.0
NP_001078253,0.0
NP_001078254,0.0
NP_001078255,0.0
NP_001078256,0.0
NP_001078258,0.0
NP_001078259,0.0
NP_001078260,0.0
NP_001078261,0.0
NP_001078262,0.0
NP_001078263,0.0
NP_001078264,0.0
NP_001078265,0.0
NP_001078266,0.0
NP_001078267,0.0
NP_001078268,0.0
NP_001078269,0.0
NP_001078270,0.0
NP_001078271,0.0
NP_001078272,0.0
NP_001078273,0.0
NP_001078274,0.0
NP_001078275,0.0
NP_001078276,0.0
NP_001078277,0.0
NP_001078278,0.0
NP_001078279,0.0
NP_001078280,0.0
NP_001078281,262.0
NP_001078282,0.0
NP_001078283,0.0
NP_001078284,0.0
NP_001078285,0.0
NP_001078286,0.0
NP_001078287,0.0
NP_001078288,0.0
NP_001078289,0.0
NP_001078290,0.0
NP_001078291,0.0
NP_001078292,0.0
NP_001078293,0.0
NP_001078294,0.0
NP_001078295,35.0
NP_001078296,0.0
NP_001078297,0.0
NP_001078299,0.0
NP_001078300,0.0
NP_001078302,0.0
NP_001078303,0.0
NP_001078304,0.0
NP_001078307,0.0
NP_001078308,0.0
NP_001078309,0.0
NP_001078310,0.0
NP_001078311,0.0
NP_001078312,0.0
NP_001078313,0.0
NP_001078314,0.0
NP_001078315,43.0
NP_001078316,0.0
NP_001078317,0.0
NP_001078318,0.0
NP_001078319,0.0
NP_001078320,0.0
NP_001078321,0.0
NP_001078322,0.0
NP_001078323,0.0
NP_001078324,0.0
NP_001078325,0.0
NP_001078326,0.0
NP_001078327,0.0
NP_001078328,0.0
NP_001078329,0.0
NP_001078330,42.0
NP_001078331,0.0
NP_001078333,0.0
NP_001078334,0.0
NP_001078335,0.0
NP_001078336,0.0
NP_001078337,0.0
NP_001078338,0.0
NP_001078339,0.0
NP_001078340,0.0
NP_001078341,0.0
NP_001078342,0.0
NP_001078343,0.0
NP_001078344,0.0
NP_001078345,0.0
NP_001078346,0.0
NP_001078347,0.0
NP_001078348,0.0
NP_001078349,0.0
NP_001078350,0.0
NP_001078351,451.0
NP_001078353,0.0
NP_001078354,0.0
NP_001078355,0.0
NP_001078356,45.0
NP_001078357,0.0
NP_001078358,0.0
NP_001078359,0.0
NP_001078360,0.0
NP_001078361,0.0
NP_001078362,0.0
NP_001078363,0.0
NP_001078364,0.0
NP_001078365,0.0
NP_001078366,0.0
NP_001078367,0.0
NP_001078368,0.0
NP_001078369,0.0
NP_001078370,0.0
NP_001078371,0.0
NP_001078372,0.0
NP_001078373,0.0
NP_001078374,0.0
NP_001078375,0.0
NP_001078376,0.0
NP_001078377,0.0
NP_001078378,0.0
NP_001078379,0.0
NP_001078381,0.0
NP_001078382,0.0
NP_001078383,0.0
NP_001078384,0.0
NP_001078385,0.0
NP_001078386,0.0
NP_001078387,0.0
NP_001078388,0.0
NP_001078389,0.0
NP_001078390,0.0
NP_001078391,0.0
NP_001078392,0.0
NP_001078393,0.0
NP_001078394,0.0
NP_001078395,0.0
NP_001078396,0.0
NP_001078397,0.0
NP_001078398,0.0
NP_001078399,0.0
NP_001078400,0.0
NP_001078401,0.0
NP_001078402,0.0
NP_001078403,0.0
NP_001078405,0.0
NP_001078406,0.0
NP_001078407,0.0
NP_001078408,415.0
NP_001078409,0.0
NP_001078410,0.0
NP_001078411,0.0
NP_001078412,0.0
NP_001078413,1030.0
NP_001078414,53.0
NP_001078415,44.0
NP_001078416,0.0
NP_001078417,0.0
NP_001078418,0.0
NP_001078419,0.0
NP_001078420,0.0
NP_001078421,0.0
NP_001078422,0.0
NP_001078423,0.0
NP_001078424,0.0
NP_001078425,0.0
NP_001078426,0.0
NP_001078427,0.0
NP_001078428,0.0
NP_001078429,0.0
NP_001078430,0.0
NP_001078431,0.0
NP_001078432,0.0
NP_001078433,0.0
NP_001078434,0.0
NP_001078435,374.0
NP_001078436,0.0
NP_001078437,0.0
NP_001078438,0.0
NP_001078439,0.0
NP_001078440,0.0
NP_001078441,0.0
NP_001078442,0.0
NP_001078443,0.0
NP_001078444,0.0
NP_001078445,0.0
NP_001078446,0.0
NP_001078447,0.0
NP_001078448,0.0
NP_001078449,0.0
NP_001078450,0.0
NP_001078451,0.0
NP_001078452,0.0
NP_001078453,0.0
NP_001078454,0.0
NP_001078455,0.0
NP_001078456,0.0
NP_001078457,0.0
NP_001078458,0.0
NP_001078459,0.0
NP_001078460,0.0
NP_001078461,0.0
NP_001078462,0.0
NP_001078463,0.0
NP_001078464,0.0
NP_001078465,0.0
NP_001078466,0.0
NP_001078467,0.0
NP_001078468,0.0
NP_001078469,0.0
NP_001078470,0.0
NP_001078471,0.0
NP_001078472,0.0
NP_001078473,0.0
NP_001078474,0.0
NP_001078475,0.0
NP_001078476,0.0
NP_001078479,0.0
NP_001078480,0.0
NP_001078481,0.0
NP_001078482,40.0
NP_001078484,43.0
NP_001078485,0.0
NP_001078486,0.0
NP_001078488,0.0
NP_001078489,0.0
NP_001078490,0.0
NP_001078491,0.0
NP_001078492,375.0
NP_001078493,0.0
NP_001078494,0.0
NP_001078496,0.0
NP_001078497,0.0
NP_001078498,0.0
NP_001078499,0.0
NP_001078500,0.0
NP_001078501,0.0
NP_001078502,0.0
NP_001078503,0.0
NP_001078504,0.0
NP_001078505,0.0
NP_001078506,0.0
NP_001078507,0.0
NP_001078508,0.0
NP_001078509,0.0
NP_001078510,0.0
NP_001078511,0.0
NP_001078512,0.0
NP_001078514,0.0
NP_001078515,0.0
NP_001078516,0.0
NP_001078517,0.0
NP_001078519,0.0
NP_001078520,0.0
NP_001078521,0.0
NP_001078522,0.0
NP_001078524,0.0
NP_001078525,0.0
NP_001078526,0.0
NP_001078527,45.0
NP_001078528,0.0
NP_001078529,59.0
NP_001078530,0.0
NP_001078531,0.0
NP_001078532,0.0
NP_001078533,0.0
NP_001078534,0.0
NP_001078535,0.0
NP_001078536,0.0
NP_001078537,0.0
NP_001078538,0.0
NP_001078539,0.0
NP_001078540,49.0
NP_001078541,0.0
NP_001078542,0.0
NP_001078543,55.0
NP_001078544,0.0
NP_001078545,0.0
NP_001078546,0.0
NP_001078547,0.0
NP_001078548,0.0
NP_001078549,0.0
NP_001078550,0.0
NP_001078551,0.0
NP_001078552,0.0
NP_001078553,0.0
NP_001078554,0.0
NP_001078555,0.0
NP_001078556,0.0
NP_001078557,0.0
NP_001078558,0.0
NP_001078559,0.0
NP_001078561,0.0
NP_001078562,615.0
NP_001078563,0.0
NP_001078564,0.0
NP_001078565,0.0
NP_001078566,0.0
NP_001078567,0.0
NP_001078568,0.0
NP_001078569,0.0
NP_001078570,0.0
NP_001078571,0.0
NP_001078572,0.0
NP_001078574,0.0
NP_001078575,0.0
NP_001078576,0.0
NP_001078577,0.0
NP_001078578,0.0
NP_001078579,0.0
NP_001078580,0.0
NP_001078581,0.0
NP_001078582,0.0
NP_001078583,0.0
NP_001078584,0.0
NP_001078585,200.0
NP_001078586,0.0
NP_001078587,0.0
NP_001078588,0.0
NP_001078589,0.0
NP_001078590,0.0
NP_001078591,483.0
NP_001078593,0.0
NP_001078594,0.0
NP_001078595,0.0
NP_001078596,0.0
NP_001078597,0.0
NP_001078598,0.0
NP_001078599,0.0
NP_001078601,0.0
NP_001078602,0.0
NP_001078603,0.0
NP_001078604,0.0
NP_001078605,0.0
NP_001078606,0.0
NP_001078607,0.0
NP_001078608,0.0
NP_001078609,0.0
NP_001078610,0.0
NP_001078611,0.0
NP_001078612,0.0
NP_001078613,0.0
NP_001078614,54.0
NP_001078615,0.0
NP_001078616,0.0
NP_001078617,0.0
NP_001078618,0.0
NP_001078619,0.0
NP_001078620,0.0
NP_001078622,0.0
NP_001078623,0.0
NP_001078624,0.0
NP_001078625,0.0
NP_001078626,0.0
NP_001078628,0.0
NP_001078629,0.0
NP_001078630,0.0
NP_001078631,42.0
NP_001078632,0.0
NP_001078633,0.0
NP_001078634,0.0
NP_001078635,0.0
NP_001078636,0.0
NP_001078637,0.0
NP_001078638,0.0
NP_001078639,0.0
NP_001078640,0.0
NP_001078641,0.0
NP_001078642,0.0
NP_001078643,0.0
NP_001078644,0.0
NP_001078645,0.0
NP_001078646,0.0
NP_001078647,0.0
NP_001078648,0.0
NP_001078649,0.0
NP_001078650,0.0
NP_001078651,0.0
NP_001078652,0.0
NP_001078653,0.0
NP_001078654,0.0
NP_001078655,0.0
NP_001078656,0.0
NP_001078657,0.0
NP_001078658,0.0
NP_001078659,0.0
NP_001078660,0.0
NP_001078661,0.0
NP_001078662,0.0
NP_001078663,0.0
NP_001078664,0.0
NP_001078665,0.0
NP_001078666,0.0
NP_001078667,0.0
NP_001078668,0.0
NP_001078669,0.0
NP_001078670,0.0
NP_001078671,0.0
NP_001078672,0.0
NP_001078673,0.0
NP_001078674,0.0
NP_001078675,0.0
NP_001078676,0.0
NP_001078677,0.0
NP_001078678,0.0
NP_001078679,0.0
NP_001078680,0.0
NP_001078681,0.0
NP_001078682,0.0
NP_001078683,0.0
NP_001078684,0.0
NP_001078685,47.0
NP_001078686,0.0
NP_001078687,0.0
NP_001078688,0.0
NP_001078689,0.0
NP_001078690,0.0
NP_001078691,0.0
NP_001078692,0.0
NP_001078693,0.0
NP_001078694,0.0
NP_001078695,0.0
NP_001078696,0.0
NP_001078697,0.0
NP_001078698,0.0
NP_001078699,0.0
NP_001078700,0.0
NP_001078701,0.0
NP_001078702,0.0
NP_001078703,0.0
NP_001078704,0.0
NP_001078705,0.0
NP_001078706,0.0
NP_001078707,0.0
NP_001078708,0.0
NP_001078709,0.0
NP_001078710,0.0
NP_001078711,0.0
NP_001078712,0.0
NP_001078713,0.0
NP_001078714,0.0
NP_001078715,763.0
NP_001078716,0.0
NP_001078717,0.0
NP_001078718,114.0
NP_001078719,95.0
NP_001078720,0.0
NP_001078721,0.0
NP_001078722,0.0
NP_001078723,0.0
NP_001078724,0.0
NP_001078725,0.0
NP_001078726,0.0
NP_001078727,0.0
NP_001078728,0.0
NP_001078729,0.0
NP_001078730,0.0
NP_001078731,0.0
NP_001078732,0.0
NP_001078733,0.0
NP_001078734,0.0
NP_001078735,0.0
NP_001078736,0.0
NP_001078737,0.0
NP_001078738,46.0
NP_001078739,0.0
NP_001078740,0.0
NP_001078741,0.0
NP_001078742,0.0
NP_001078743,0.0
NP_001078744,0.0
NP_001078745,0.0
NP_001078746,0.0
NP_001078747,45.0
NP_001078748,0.0
NP_001078749,0.0
NP_001078750,0.0
NP_001078751,0.0
NP_001078752,0.0
NP_001078753,0.0
NP_001078754,0.0
NP_001078755,0.0
NP_001078756,0.0
NP_001078757,0.0
NP_001078758,0.0
NP_001078759,0.0
NP_001078760,0.0
NP_001078761,0.0
NP_001078762,291.0
NP_001078763,0.0
NP_001078764,0.0
NP_001078765,36.0
NP_001078767,0.0
NP_001078768,0.0
NP_001078769,0.0
NP_001078770,0.0
NP_001078771,0.0
NP_001078772,0.0
NP_001078773,432.0
NP_001078774,0.0
NP_001078775,0.0
NP_001078776,0.0
NP_001078777,0.0
NP_001078778,0.0
NP_001078779,266.0
NP_001078780,0.0
NP_001078781,0.0
NP_001078782,0.0
NP_001078783,0.0
NP_001078786,0.0
NP_001078787,0.0
NP_001078788,0.0
NP_001078789,0.0
NP_001078790,0.0
NP_001078792,0.0
NP_001078793,0.0
NP_001078794,0.0
NP_001078795,0.0
NP_001078796,0.0
NP_001078797,426.0
NP_001078798,0.0
NP_001078799,0.0
NP_001078800,0.0
NP_001078801,0.0
NP_001078802,0.0
NP_001078803,0.0
NP_001078804,0.0
NP_001078805,0.0
NP_001078806,0.0
NP_001078807,0.0
NP_001078808,0.0
NP_001078809,0.0
NP_001078810,0.0
NP_001078811,0.0
NP_001117204,0.0
NP_001117205,0.0
NP_001117206,0.0
NP_001117207,0.0
NP_001117208,0.0
NP_001117210,1328.0
NP_001117211,0.0
NP_001117212,0.0
NP_001117214,0.0
NP_001117215,0.0
NP_001117217,0.0
NP_001117218,0.0
NP_001117219,0.0
NP_001117220,44.0
NP_001117221,0.0
NP_001117223,0.0
NP_001117225,51.0
NP_001117228,0.0
NP_001117229,0.0
NP_001117231,0.0
NP_001117232,0.0
NP_001117233,0.0
NP_001117234,0.0
NP_001117235,0.0
NP_001117237,0.0
NP_001117239,0.0
NP_001117240,0.0
NP_001117241,0.0
NP_001117242,0.0
NP_001117243,0.0
NP_001117244,0.0
NP_001117245,0.0
NP_001117246,0.0
NP_001117248,0.0
NP_001117249,0.0
NP_001117250,0.0
NP_001117252,0.0
NP_001117254,0.0
NP_001117255,0.0
NP_001117256,0.0
NP_001117257,0.0
NP_001117258,0.0
NP_001117260,0.0
NP_001117262,0.0
NP_001117264,0.0
NP_001117265,0.0
NP_001117266,403.0
NP_001117267,0.0
NP_001117268,0.0
NP_001117269,0.0
NP_001117270,0.0
NP_001117271,0.0
NP_001117273,0.0
NP_001117276,0.0
NP_001117278,0.0
NP_001117279,0.0
NP_001117280,0.0
NP_001117281,0.0
NP_001117282,0.0
NP_001117284,0.0
NP_001117285,0.0
NP_001117286,0.0
NP_001117287,0.0
NP_001117289,57.0
NP_001117290,0.0
NP_001117291,0.0
NP_001117293,0.0
NP_001117294,0.0
NP_001117297,0.0
NP_001117299,0.0
NP_001117300,0.0
NP_001117301,0.0
NP_001117302,0.0
NP_001117303,47.0
NP_001117304,0.0
NP_001117305,0.0
NP_001117306,0.0
NP_001117307,0.0
NP_001117308,0.0
NP_001117309,0.0
NP_001117310,0.0
NP_001117311,0.0
NP_001117312,0.0
NP_001117313,0.0
NP_001117314,0.0
NP_001117315,0.0
NP_001117316,0.0
NP_001117317,0.0
NP_001117318,34.0
NP_001117319,0.0
NP_001117320,0.0
NP_001117322,0.0
NP_001117325,55.0
NP_001117328,0.0
NP_001117330,0.0
NP_001117333,0.0
NP_001117334,45.0
NP_001117336,0.0
NP_001117337,0.0
NP_001117339,0.0
NP_001117340,0.0
NP_001117342,0.0
NP_001117343,0.0
NP_001117344,0.0
NP_001117345,0.0
NP_001117346,0.0
NP_001117347,0.0
NP_001117348,0.0
NP_001117349,0.0
NP_001117350,0.0
NP_001117352,0.0
NP_001117353,0.0
NP_001117355,0.0
NP_001117356,0.0
NP_001117357,0.0
NP_001117359,0.0
NP_001117361,0.0
NP_001117363,0.0
NP_001117365,0.0
NP_001117366,0.0
NP_001117368,0.0
NP_001117370,0.0
NP_001117372,0.0
NP_001117373,0.0
NP_001117374,0.0
NP_001117375,0.0
NP_001117376,0.0
NP_001117377,0.0
NP_001117378,0.0
NP_001117379,0.0
NP_001117380,0.0
NP_001117381,0.0
NP_001117383,0.0
NP_001117384,0.0
NP_001117385,0.0
NP_001117389,0.0
NP_001117390,0.0
NP_001117391,0.0
NP_001117392,0.0
NP_001117393,0.0
NP_001117394,0.0
NP_001117396,1746.0
NP_001117398,0.0
NP_001117399,389.0
NP_001117400,0.0
NP_001117401,0.0
NP_001117402,42.0
NP_001117403,0.0
NP_001117406,0.0
NP_001117408,0.0
NP_001117409,0.0
NP_001117411,0.0
NP_001117412,0.0
NP_001117413,0.0
NP_001117417,0.0
NP_001117418,0.0
NP_001117420,0.0
NP_001117422,0.0
NP_001117425,0.0
NP_001117427,0.0
NP_001117428,0.0
NP_001117429,0.0
NP_001117432,0.0
NP_001117434,75.0
NP_001117435,0.0
NP_001117437,0.0
NP_001117438,0.0
NP_001117439,0.0
NP_001117440,47.0
NP_001117442,0.0
NP_001117443,0.0
NP_001117445,0.0
NP_001117446,0.0
NP_001117447,40.0
NP_001117449,0.0
NP_001117450,0.0
NP_001117451,0.0
NP_001117453,0.0
NP_001117454,0.0
NP_001117455,0.0
NP_001117456,0.0
NP_001117457,0.0
NP_001117458,0.0
NP_001117459,43.0
NP_001117460,0.0
NP_001117461,0.0
NP_001117462,0.0
NP_001117466,0.0
NP_001117467,0.0
NP_001117468,0.0
NP_001117469,0.0
NP_001117470,0.0
NP_001117472,35.0
NP_001117473,0.0
NP_001117474,0.0
NP_001117475,0.0
NP_001117476,0.0
NP_001117478,0.0
NP_001117479,606.0
NP_001117481,0.0
NP_001117482,0.0
NP_001117484,0.0
NP_001117485,0.0
NP_001117486,0.0
NP_001117487,0.0
NP_001117488,0.0
NP_001117490,442.0
NP_001117493,48.0
NP_001117494,0.0
NP_001117495,0.0
NP_001117496,0.0
NP_001117497,0.0
NP_001117499,39.0
NP_001117500,0.0
NP_001117501,1219.0
NP_001117503,0.0
NP_001117506,0.0
NP_001117507,0.0
NP_001117508,0.0
NP_001117509,0.0
NP_001117511,0.0
NP_001117512,0.0
NP_001117514,0.0
NP_001117515,853.0
NP_001117517,0.0
NP_001117518,0.0
NP_001117519,0.0
NP_001117520,0.0
NP_001117521,0.0
NP_001117522,0.0
NP_001117523,0.0
NP_001117524,41.0
NP_001117525,41.0
NP_001117526,0.0
NP_001117527,0.0
NP_001117529,0.0
NP_001117530,0.0
NP_001117533,0.0
NP_001117534,0.0
NP_001117536,0.0
NP_001117537,0.0
NP_001117538,0.0
NP_001117539,0.0
NP_001117540,0.0
NP_001117541,0.0
NP_001117542,0.0
NP_001117543,40.0
NP_001117544,0.0
NP_001117546,0.0
NP_001117547,0.0
NP_001117549,0.0
NP_001117550,0.0
NP_001117551,0.0
NP_001117552,0.0
NP_001117553,0.0
NP_001117554,0.0
NP_001117556,0.0
NP_001117558,0.0
NP_001117559,0.0
NP_001117561,0.0
NP_001117562,0.0
NP_001117564,0.0
NP_001117565,0.0
NP_001117568,0.0
NP_001117569,0.0
NP_001117570,0.0
NP_001117572,0.0
NP_001117574,0.0
NP_001117575,0.0
NP_001117576,0.0
NP_001117577,0.0
NP_001117579,0.0
NP_001117580,0.0
NP_001117581,0.0
NP_001117582,0.0
NP_001117583,0.0
NP_001117584,0.0
NP_001117585,0.0
NP_001117586,0.0
NP_001117587,0.0
NP_001117588,0.0
NP_001117589,0.0
NP_001117590,0.0
NP_001117591,872.0
NP_001117592,0.0
NP_001117593,0.0
NP_001117594,0.0
NP_001117595,44.0
NP_001117596,0.0
NP_001117598,0.0
NP_001117599,0.0
NP_001117601,0.0
NP_001117602,0.0
NP_001117604,0.0
NP_001117605,0.0
NP_001117606,47.0
NP_001117607,0.0
NP_001117608,0.0
NP_001117609,0.0
NP_001117610,0.0
NP_001117612,0.0
NP_001117613,0.0
NP_001117614,0.0
NP_001117615,0.0
NP_001117616,0.0
NP_001117617,0.0
NP_001117619,0.0
NP_001117620,0.0
NP_001117621,0.0
NP_001117622,63.0
NP_001117623,0.0
NP_001117624,0.0
NP_001117625,0.0
NP_001117626,0.0
NP_001118243,0.0
NP_001118244,0.0
NP_001118245,0.0
NP_001118248,0.0
NP_001118249,0.0
NP_001118250,0.0
NP_001118251,0.0
NP_001118252,0.0
NP_001118253,0.0
NP_001118254,0.0
NP_001118255,0.0
NP_001118256,0.0
NP_001118257,0.0
NP_001118258,0.0
NP_001118259,0.0
NP_001118260,0.0
NP_001118261,0.0
NP_001118263,0.0
NP_001118264,0.0
NP_001118265,0.0
NP_001118266,0.0
NP_001118267,0.0
NP_001118270,0.0
NP_001118271,0.0
NP_001118272,0.0
NP_001118273,0.0
NP_001118274,0.0
NP_001118275,0.0
NP_001118276,0.0
NP_001118277,0.0
NP_001118278,0.0
NP_001118279,0.0
NP_001118281,0.0
NP_001118285,0.0
NP_001118286,0.0
NP_001118287,0.0
NP_001118288,0.0
NP_001118289,0.0
NP_001118290,0.0
NP_001118291,0.0
NP_001118293,0.0
NP_001118294,0.0
NP_001118295,0.0
NP_001118296,0.0
NP_001118299,0.0
NP_001118300,0.0
NP_001118301,0.0
NP_001118302,0.0
NP_001118303,0.0
NP_001118304,0.0
NP_001118310,0.0
NP_001118315,0.0
NP_001118316,0.0
NP_001118318,0.0
NP_001118319,0.0
NP_001118320,0.0
NP_001118321,0.0
NP_001118322,0.0
NP_001118324,0.0
NP_001118325,0.0
NP_001118326,0.0
NP_001118327,0.0
NP_001118328,38.0
NP_001118329,0.0
NP_001118331,0.0
NP_001118333,0.0
NP_001118335,0.0
NP_001118336,0.0
NP_001118337,0.0
NP_001118338,0.0
NP_001118339,0.0
NP_001118341,0.0
NP_001118343,0.0
NP_001118344,0.0
NP_001118345,0.0
NP_001118346,0.0
NP_001118347,0.0
NP_001118348,0.0
NP_001118349,0.0
NP_001118351,0.0
NP_001118352,0.0
NP_001118353,0.0
NP_001118354,0.0
NP_001118356,0.0
NP_001118357,0.0
NP_001118358,0.0
NP_001118360,0.0
NP_001118361,58.0
NP_001118362,0.0
NP_001118363,0.0
NP_001118365,0.0
NP_001118366,0.0
NP_001118367,0.0
NP_001118368,0.0
NP_001118369,0.0
NP_001118372,0.0
NP_001118373,0.0
NP_001118374,0.0
NP_001118375,0.0
NP_001118376,0.0
NP_001118379,0.0
NP_001118381,0.0
NP_001118383,0.0
NP_001118384,0.0
NP_001118386,0.0
NP_001118387,0.0
NP_001118388,0.0
NP_001118392,0.0
NP_001118393,0.0
NP_001118394,0.0
NP_001118396,0.0
NP_001118398,0.0
NP_001118399,0.0
NP_001118401,0.0
NP_001118403,58.0
NP_001118404,0.0
NP_001118405,0.0
NP_001118406,0.0
NP_001118407,0.0
NP_001118408,0.0
NP_001118409,0.0
NP_001118410,0.0
NP_001118411,0.0
NP_001118412,0.0
NP_001118413,0.0
NP_001118414,0.0
NP_001118417,0.0
NP_001118418,0.0
NP_001118420,0.0
NP_001118421,0.0
NP_001118422,0.0
NP_001118423,0.0
NP_001118424,0.0
NP_001118428,0.0
NP_001118429,0.0
NP_001118430,0.0
NP_001118431,0.0
NP_001118432,0.0
NP_001118434,0.0
NP_001118435,0.0
NP_001118437,0.0
NP_001118438,0.0
NP_001118440,0.0
NP_001118442,0.0
NP_001118443,0.0
NP_001118445,0.0
NP_001118446,0.0
NP_001118447,0.0
NP_001118448,0.0
NP_001118449,0.0
NP_001118452,0.0
NP_001118453,0.0
NP_001118457,0.0
NP_001118458,0.0
NP_001118461,0.0
NP_001118463,0.0
NP_001118464,0.0
NP_001118465,0.0
NP_001118466,0.0
NP_001118467,0.0
NP_001118468,0.0
NP_001118471,0.0
NP_001118472,0.0
NP_001118473,0.0
NP_001118474,0.0
NP_001118476,0.0
NP_001118477,0.0
NP_001118478,0.0
NP_001118479,0.0
NP_001118480,0.0
NP_001118481,0.0
NP_001118482,0.0
NP_001118485,0.0
NP_001118486,0.0
NP_001118487,0.0
NP_001118488,0.0
NP_001118490,0.0
NP_001118491,0.0
NP_001118492,0.0
NP_001118493,0.0
NP_001118495,0.0
NP_001118497,0.0
NP_001118498,0.0
NP_001118499,0.0
NP_001118500,0.0
NP_001118501,0.0
NP_001118502,0.0
NP_001118503,0.0
NP_001118504,0.0
NP_001118506,0.0
NP_001118507,0.0
NP_001118508,0.0
NP_001118509,0.0
NP_001118510,0.0
NP_001118511,0.0
NP_001118514,0.0
NP_001118515,0.0
NP_001118516,0.0
NP_001118517,0.0
NP_001118518,0.0
NP_001118519,0.0
NP_001118521,0.0
NP_001118522,0.0
NP_001118524,0.0
NP_001118525,0.0
NP_001118526,0.0
NP_001118532,0.0
NP_001118533,0.0
NP_001118534,0.0
NP_001118535,0.0
NP_001118536,0.0
NP_001118537,39.0
NP_001118538,0.0
NP_001118542,0.0
NP_001118543,0.0
NP_001118544,0.0
NP_001118545,0.0
NP_001118546,0.0
NP_001118548,0.0
NP_001118550,0.0
NP_001118551,0.0
NP_001118552,0.0
NP_001118553,0.0
NP_001118554,0.0
NP_001118555,0.0
NP_001118556,0.0
NP_001118558,0.0
NP_001118559,0.0
NP_001118563,0.0
NP_001118564,0.0
NP_001118565,0.0
NP_001118566,0.0
NP_001118567,0.0
NP_001118568,0.0
NP_001118569,0.0
NP_001118570,0.0
NP_001118574,0.0
NP_001118575,0.0
NP_001118576,0.0
NP_001118579,52.0
NP_001118580,0.0
NP_001118581,0.0
NP_001118583,0.0
NP_001118584,0.0
NP_001118585,0.0
NP_001118586,0.0
NP_001118587,0.0
NP_001118589,0.0
NP_001118590,0.0
NP_001118591,0.0
NP_001118592,0.0
NP_001118593,0.0
NP_001118594,0.0
NP_001118595,0.0
NP_001118596,0.0
NP_001118598,0.0
NP_001118599,45.0
NP_001118600,0.0
NP_001118602,0.0
NP_001118603,0.0
NP_001118604,0.0
NP_001118605,0.0
NP_001118606,0.0
NP_001118607,0.0
NP_001118609,0.0
NP_001118610,0.0
NP_001118614,0.0
NP_001118615,0.0
NP_001118617,0.0
NP_001118618,0.0
NP_001118620,0.0
NP_001118622,0.0
NP_001118623,0.0
NP_001118625,0.0
NP_001118626,0.0
NP_001118627,0.0
NP_001118628,0.0
NP_001118629,0.0
NP_001118630,0.0
NP_001118631,0.0
NP_001118632,0.0
NP_001118633,0.0
NP_001118634,0.0
NP_001118635,0.0
NP_001118637,0.0
NP_001118638,0.0
NP_001118639,0.0
NP_001118640,0.0
NP_001118641,0.0
NP_001118642,0.0
NP_001118643,0.0
NP_001118644,0.0
NP_001118645,0.0
NP_001118646,0.0
NP_001118648,0.0
NP_001118649,0.0
NP_001118650,0.0
NP_001118654,0.0
NP_001118655,0.0
NP_001118656,0.0
NP_001118658,0.0
NP_001118660,56.0
NP_001118661,56.0
NP_001118662,0.0
NP_001118663,0.0
NP_001118664,0.0
NP_001118666,0.0
NP_001118667,0.0
NP_001118669,0.0
NP_001118671,0.0
NP_001118672,0.0
NP_001118673,0.0
NP_001118674,0.0
NP_001118675,0.0
NP_001118676,46.0
NP_001118677,0.0
NP_001118678,0.0
NP_001118679,0.0
NP_001118682,0.0
NP_001118683,0.0
NP_001118684,0.0
NP_001118685,0.0
NP_001118686,42.0
NP_001118687,0.0
NP_001118688,0.0
NP_001118690,0.0
NP_001118692,0.0
NP_001118694,0.0
NP_001118695,39.0
NP_001118698,0.0
NP_001118699,0.0
NP_001118700,0.0
NP_001118701,0.0
NP_001118702,0.0
NP_001118706,0.0
NP_001118707,0.0
NP_001118709,0.0
NP_001118710,0.0
NP_001118711,0.0
NP_001118712,0.0
NP_001118713,0.0
NP_001118716,0.0
NP_001118717,0.0
NP_001118718,0.0
NP_001118719,0.0
NP_001118720,0.0
NP_001118721,0.0
NP_001118723,0.0
NP_001118724,0.0
NP_001118725,0.0
NP_001118726,0.0
NP_001118727,0.0
NP_001118728,0.0
NP_001118729,0.0
NP_001118732,0.0
NP_001118733,0.0
NP_001118734,0.0
NP_001118737,0.0
NP_001118740,0.0
NP_001118743,0.0
NP_001118754,0.0
NP_001118758,0.0
NP_001118761,0.0
NP_001118762,0.0
NP_001118763,0.0
NP_001118770,0.0
NP_001118771,0.0
NP_001118772,1375.0
NP_001118773,0.0
NP_001118774,0.0
NP_001118778,0.0
NP_001118779,0.0
NP_001118780,0.0
NP_001118781,0.0
NP_001118783,0.0
NP_001118786,0.0
NP_001118788,61.0
NP_001118790,0.0
NP_001118792,0.0
NP_001118793,0.0
NP_001118795,0.0
NP_001118797,0.0
NP_001118798,0.0
NP_001118799,0.0
NP_001118800,0.0
NP_001118801,0.0
NP_001118802,0.0
NP_001118803,0.0
NP_001118804,0.0
NP_001118805,0.0
NP_001118807,0.0
NP_001118816,0.0
NP_001118821,0.0
NP_001118822,0.0
NP_001118824,0.0
NP_001118826,0.0
NP_001118827,0.0
NP_001118829,0.0
NP_001118830,0.0
NP_001118831,0.0
NP_001118834,0.0
NP_001118836,0.0
NP_001118837,0.0
NP_001118838,0.0
NP_001118841,0.0
NP_001118842,0.0
NP_001118843,0.0
NP_001118844,0.0
NP_001118846,0.0
NP_001118847,0.0
NP_001118848,0.0
NP_001118849,0.0
NP_001118850,0.0
NP_001118851,0.0
NP_001118854,0.0
NP_001118856,0.0
NP_001118858,0.0
NP_001118859,0.0
NP_001118860,0.0
NP_001118861,0.0
NP_001118864,0.0
NP_001118866,0.0
NP_001118868,0.0
NP_001118870,0.0
NP_001118871,0.0
NP_001118872,0.0
NP_001118873,0.0
NP_001118874,0.0
NP_001118876,0.0
NP_001118877,0.0
NP_001118878,0.0
NP_001118880,0.0
NP_001118882,0.0
NP_001118884,0.0
NP_001118885,0.0
NP_001118887,0.0
NP_001118891,0.0
NP_001118892,0.0
NP_001118893,0.0
NP_001118896,0.0
NP_001118897,0.0
NP_001118899,151.0
NP_001118901,0.0
NP_001118902,0.0
NP_001118903,0.0
NP_001118904,0.0
NP_001118906,0.0
NP_001118907,0.0
NP_001118908,0.0
NP_001118909,0.0
NP_001118911,0.0
NP_001118912,0.0
NP_001118913,0.0
NP_001118914,0.0
NP_001118916,0.0
NP_001118917,0.0
NP_001118918,0.0
NP_001118919,0.0
NP_001118920,0.0
NP_001118922,0.0
NP_001118923,0.0
NP_001118924,0.0
NP_001118925,59.0
NP_001118926,0.0
NP_001118928,0.0
NP_001118929,0.0
NP_001118930,0.0
NP_001118931,0.0
NP_001118932,0.0
NP_001118934,0.0
NP_001118935,0.0
NP_001118936,0.0
NP_001118937,0.0
NP_001118940,0.0
NP_001118943,0.0
NP_001118944,0.0
NP_001118950,0.0
NP_001118954,0.0
NP_001118955,0.0
NP_001118956,0.0
NP_001118957,0.0
NP_001118959,0.0
NP_001118960,0.0
NP_001118961,0.0
NP_001118964,0.0
NP_001118967,0.0
NP_001118968,442.0
NP_001118969,0.0
NP_001118970,0.0
NP_001118972,0.0
NP_001118973,0.0
NP_001118974,486.0
NP_001118976,0.0
NP_001118977,0.0
NP_001118978,0.0
NP_001118979,0.0
NP_001118981,0.0
NP_001118982,0.0
NP_001118985,0.0
NP_001118987,0.0
NP_001118988,0.0
NP_001118989,0.0
NP_001118991,0.0
NP_001118992,0.0
NP_001118993,0.0
NP_001118995,0.0
NP_001118996,0.0
NP_001118998,42.0
NP_001119000,0.0
NP_001119002,0.0
NP_001119003,0.0
NP_001119007,0.0
NP_001119008,0.0
NP_001119009,0.0
NP_001119012,0.0
NP_001119013,0.0
NP_001119014,0.0
NP_001119018,0.0
NP_001119019,0.0
NP_001119020,0.0
NP_001119021,0.0
NP_001119023,0.0
NP_001119024,0.0
NP_001119025,0.0
NP_001119026,0.0
NP_001119027,0.0
NP_001119028,0.0
NP_001119029,0.0
NP_001119030,484.0
NP_001119032,0.0
NP_001119034,0.0
NP_001119035,0.0
NP_001119037,0.0
NP_001119038,0.0
NP_001119039,0.0
NP_001119040,0.0
NP_001119041,0.0
NP_001119042,0.0
NP_001119043,0.0
NP_001119044,0.0
NP_001119045,0.0
NP_001119046,48.0
NP_001119047,0.0
NP_001119048,0.0
NP_001119049,0.0
NP_001119050,0.0
NP_001119051,0.0
NP_001119052,0.0
NP_001119053,0.0
NP_001119059,0.0
NP_001119060,0.0
NP_001119061,0.0
NP_001119062,0.0
NP_001119063,0.0
NP_001119064,0.0
NP_001119065,0.0
NP_001119066,0.0
NP_001119067,0.0
NP_001119068,0.0
NP_001119069,0.0
NP_001119070,0.0
NP_001119071,0.0
NP_001119072,0.0
NP_001119074,0.0
NP_001119076,0.0
NP_001119077,0.0
NP_001119078,0.0
NP_001119079,193.0
NP_001119080,0.0
NP_001119081,0.0
NP_001119082,0.0
NP_001119084,0.0
NP_001119086,0.0
NP_001119087,0.0
NP_001119088,0.0
NP_001119090,0.0
NP_001119091,0.0
NP_001119092,50.0
NP_001119093,0.0
NP_001119094,43.0
NP_001119095,0.0
NP_001119097,0.0
NP_001119098,0.0
NP_001119099,0.0
NP_001119100,67.0
NP_001119101,0.0
NP_001119102,0.0
NP_001119103,0.0
NP_001119106,0.0
NP_001119107,0.0
NP_001119108,0.0
NP_001119109,0.0
NP_001119110,0.0
NP_001119112,0.0
NP_001119113,0.0
NP_001119116,0.0
NP_001119117,0.0
NP_001119118,0.0
NP_001119119,0.0
NP_001119121,0.0
NP_001119122,0.0
NP_001119124,0.0
NP_001119125,44.0
NP_001119128,0.0
NP_001119130,0.0
NP_001119131,0.0
NP_001119132,0.0
NP_001119133,0.0
NP_001119136,0.0
NP_001119137,0.0
NP_001119138,0.0
NP_001119139,0.0
NP_001119140,0.0
NP_001119141,0.0
NP_001119142,0.0
NP_001119143,0.0
NP_001119144,0.0
NP_001119146,0.0
NP_001119147,0.0
NP_001119148,0.0
NP_001119149,0.0
NP_001119153,0.0
NP_001119155,0.0
NP_001119156,0.0
NP_001119157,0.0
NP_001119159,0.0
NP_001119162,0.0
NP_001119164,0.0
NP_001119165,0.0
NP_001119166,0.0
NP_001119167,0.0
NP_001119168,0.0
NP_001119169,0.0
NP_001119171,0.0
NP_001119172,0.0
NP_001119175,0.0
NP_001119176,48.0
NP_001119177,0.0
NP_001119178,0.0
NP_001119179,0.0
NP_001119180,0.0
NP_001119181,0.0
NP_001119182,0.0
NP_001119183,0.0
NP_001119184,0.0
NP_001119185,0.0
NP_001119186,55.0
NP_001119187,0.0
NP_001119188,0.0
NP_001119190,0.0
NP_001119192,0.0
NP_001119193,0.0
NP_001119194,0.0
NP_001119195,0.0
NP_001119199,0.0
NP_001119201,0.0
NP_001119202,0.0
NP_001119203,0.0
NP_001119206,0.0
NP_001119208,0.0
NP_001119209,0.0
NP_001119210,0.0
NP_001119211,0.0
NP_001119212,0.0
NP_001119213,0.0
NP_001119214,0.0
NP_001119216,0.0
NP_001119218,0.0
NP_001119221,0.0
NP_001119223,0.0
NP_001119224,0.0
NP_001119225,0.0
NP_001119226,0.0
NP_001119227,0.0
NP_001119230,0.0
NP_001119231,0.0
NP_001119233,0.0
NP_001119234,0.0
NP_001119240,0.0
NP_001119241,0.0
NP_001119243,0.0
NP_001119244,0.0
NP_001119245,0.0
NP_001119247,0.0
NP_001119248,51.0
NP_001119250,0.0
NP_001119251,0.0
NP_001119254,0.0
NP_001119256,0.0
NP_001119259,0.0
NP_001119260,0.0
NP_001119261,0.0
NP_001119263,0.0
NP_001119264,0.0
NP_001119265,0.0
NP_001119266,0.0
NP_001119267,0.0
NP_001119268,0.0
NP_001119269,0.0
NP_001119271,0.0
NP_001119273,44.0
NP_001119274,0.0
NP_001119277,0.0
NP_001119279,0.0
NP_001119280,0.0
NP_001119283,0.0
NP_001119284,0.0
NP_001119285,0.0
NP_001119286,0.0
NP_001119288,0.0
NP_001119289,0.0
NP_001119293,0.0
NP_001119297,0.0
NP_001119299,0.0
NP_001119301,0.0
NP_001119304,0.0
NP_001119307,0.0
NP_001119309,0.0
NP_001119310,39.0
NP_001119311,0.0
NP_001119314,0.0
NP_001119315,0.0
NP_001119316,0.0
NP_001119317,0.0
NP_001119318,0.0
NP_001119319,1329.0
NP_001119323,0.0
NP_001119324,0.0
NP_001119325,0.0
NP_001119327,0.0
NP_001119328,0.0
NP_001119330,0.0
NP_001119331,0.0
NP_001119332,0.0
NP_001119333,0.0
NP_001119334,0.0
NP_001119335,0.0
NP_001119336,0.0
NP_001119337,0.0
NP_001119339,0.0
NP_001119340,0.0
NP_001119343,0.0
NP_001119344,0.0
NP_001119347,0.0
NP_001119348,0.0
NP_001119349,0.0
NP_001119350,0.0
NP_001119351,0.0
NP_001119353,0.0
NP_001119357,0.0
NP_001119360,0.0
NP_001119361,0.0
NP_001119363,0.0
NP_001119364,0.0
NP_001119365,0.0
NP_001119366,0.0
NP_001119368,0.0
NP_001119369,0.0
NP_001119370,0.0
NP_001119371,0.0
NP_001119372,0.0
NP_001119373,0.0
NP_001119375,0.0
NP_001119376,0.0
NP_001119377,38.0
NP_001119379,0.0
NP_001119380,0.0
NP_001119383,0.0
NP_001119385,0.0
NP_001119386,0.0
NP_001119387,0.0
NP_001119389,56.0
NP_001119390,56.0
NP_001119391,0.0
NP_001119392,0.0
NP_001119393,0.0
NP_001119396,0.0
NP_001119397,0.0
NP_001119398,0.0
NP_001119399,0.0
NP_001119400,0.0
NP_001119406,0.0
NP_001119407,0.0
NP_001119408,0.0
NP_001119409,0.0
NP_001119410,0.0
NP_001119413,0.0
NP_001119414,0.0
NP_001119415,0.0
NP_001119418,0.0
NP_001119420,0.0
NP_001119424,0.0
NP_001119425,0.0
NP_001119427,0.0
NP_001119428,0.0
NP_001119429,0.0
NP_001119431,0.0
NP_001119432,0.0
NP_001119433,0.0
NP_001119434,0.0
NP_001119436,0.0
NP_001119437,0.0
NP_001119438,0.0
NP_001119440,0.0
NP_001119441,0.0
NP_001119442,0.0
NP_001119443,0.0
NP_001119444,0.0
NP_001119445,0.0
NP_001119446,0.0
NP_001119448,0.0
NP_001119450,0.0
NP_001119451,0.0
NP_001119453,0.0
NP_001119454,0.0
NP_001119456,0.0
NP_001119457,0.0
NP_001119458,413.0
NP_001119459,0.0
NP_001119460,0.0
NP_001119461,0.0
NP_001119462,0.0
NP_001119463,0.0
NP_001119464,0.0
NP_001119465,43.0
NP_001119467,0.0
NP_001119468,0.0
NP_001119469,0.0
NP_001119471,0.0
NP_001119473,0.0
NP_001119474,0.0
NP_001119475,0.0
NP_001119476,0.0
NP_001119478,0.0
NP_001119481,0.0
NP_001119483,0.0
NP_001119484,523.0
NP_001119485,523.0
NP_001119486,0.0
NP_001119493,0.0
NP_001119494,0.0
NP_001119495,0.0
NP_001119498,0.0
NP_001119499,0.0
NP_001119500,0.0
NP_001119501,0.0
NP_001119503,0.0
NP_001119504,0.0
NP_001119507,0.0
NP_001119508,0.0
NP_001119510,0.0
NP_001119511,0.0
NP_001119512,0.0
NP_001119513,0.0
NP_001119514,0.0
NP_001119515,0.0
NP_001154191,0.0
NP_001154192,49.0
NP_001154194,0.0
NP_001154195,0.0
NP_001154197,0.0
NP_001154198,45.0
NP_001154199,0.0
NP_001154200,0.0
NP_001154201,0.0
NP_001154202,0.0
NP_001154203,0.0
NP_001154205,0.0
NP_001154206,0.0
NP_001154207,0.0
NP_001154208,0.0
NP_001154209,0.0
NP_001154210,0.0
NP_001154212,0.0
NP_001154213,0.0
NP_001154214,0.0
NP_001154215,0.0
NP_001154216,0.0
NP_001154217,0.0
NP_001154218,0.0
NP_001154219,0.0
NP_001154220,0.0
NP_001154221,0.0
NP_001154222,442.0
NP_001154223,0.0
NP_001154224,0.0
NP_001154226,0.0
NP_001154227,0.0
NP_001154228,0.0
NP_001154229,0.0
NP_001154230,0.0
NP_001154231,0.0
NP_001154232,62.0
NP_001154233,0.0
NP_001154234,0.0
NP_001154235,0.0
NP_001154236,0.0
NP_001154237,0.0
NP_001154238,0.0
NP_001154239,0.0
NP_001154240,216.0
NP_001154241,159.0
NP_001154242,0.0
NP_001154243,0.0
NP_001154244,0.0
NP_001154245,63.0
NP_001154246,0.0
NP_001154247,0.0
NP_001154248,0.0
NP_001154249,0.0
NP_001154250,0.0
NP_001154251,0.0
NP_001154252,0.0
NP_001154253,0.0
NP_001154254,0.0
NP_001154256,0.0
NP_001154257,970.0
NP_001154258,0.0
NP_001154260,0.0
NP_001154261,0.0
NP_001154263,0.0
NP_001154265,0.0
NP_001154266,0.0
NP_001154267,0.0
NP_001154268,0.0
NP_001154269,0.0
NP_001154271,0.0
NP_001154272,0.0
NP_001154273,0.0
NP_001154274,0.0
NP_001154275,0.0
NP_001154276,0.0
NP_001154277,0.0
NP_001154278,0.0
NP_001154280,0.0
NP_001154281,40.0
NP_001154282,47.0
NP_001154283,0.0
NP_001154284,0.0
NP_001154285,0.0
NP_001154286,0.0
NP_001154287,0.0
NP_001154288,0.0
NP_001154289,0.0
NP_001154290,0.0
NP_001154291,0.0
NP_001154292,0.0
NP_001154293,48.0
NP_001154298,0.0
NP_001154299,0.0
NP_001154300,0.0
NP_001154301,0.0
NP_001154302,0.0
NP_001154303,0.0
NP_001154304,0.0
NP_001154305,0.0
NP_001154306,0.0
NP_001154307,0.0
NP_001154308,45.0
NP_001154309,0.0
NP_001154310,0.0
NP_001154311,38.0
NP_001154312,0.0
NP_001154314,0.0
NP_001154315,0.0
NP_001154316,0.0
NP_001154317,650.0
NP_001154318,624.0
NP_001154322,0.0
NP_001154323,0.0
NP_001154324,0.0
NP_001154325,0.0
NP_001154326,0.0
NP_001154327,0.0
NP_001154328,0.0
NP_001154331,0.0
NP_001154332,0.0
NP_001154333,0.0
NP_001154334,0.0
NP_001154335,0.0
NP_001154336,0.0
NP_001154337,0.0
NP_001154338,0.0
NP_001154339,0.0
NP_001154340,0.0
NP_001154341,0.0
NP_001154342,0.0
NP_001154343,0.0
NP_001154344,0.0
NP_001154345,0.0
NP_001154346,0.0
NP_001154347,0.0
NP_001154348,0.0
NP_001154349,471.0
NP_001154350,0.0
NP_001154351,0.0
NP_001154352,55.0
NP_001154353,0.0
NP_001154354,0.0
NP_001154356,0.0
NP_001154357,42.0
NP_001154358,0.0
NP_001154359,0.0
NP_001154360,0.0
NP_001154361,0.0
NP_001154362,0.0
NP_001154363,0.0
NP_001154364,0.0
NP_001154366,0.0
NP_001154367,0.0
NP_001154368,0.0
NP_001154369,0.0
NP_001154370,0.0
NP_001154371,0.0
NP_001154372,951.0
NP_001154373,0.0
NP_001154374,0.0
NP_001154375,0.0
NP_001154378,0.0
NP_001154383,0.0
NP_001154385,0.0
NP_001154386,0.0
NP_001154387,0.0
NP_001154388,0.0
NP_001154389,0.0
NP_001154390,0.0
NP_001154391,0.0
NP_001154392,0.0
NP_001154393,0.0
NP_001154394,0.0
NP_001154395,0.0
NP_001154396,0.0
NP_001154397,0.0
NP_001154398,0.0
NP_001154399,0.0
NP_001154400,0.0
NP_001154401,0.0
NP_001154402,0.0
NP_001154403,0.0
NP_001154404,0.0
NP_001154405,0.0
NP_001154406,0.0
NP_001154407,0.0
NP_001154408,0.0
NP_001154409,0.0
NP_001154410,0.0
NP_001154411,37.0
NP_001154412,0.0
NP_001154413,0.0
NP_001154414,0.0
NP_001154416,0.0
NP_001154417,0.0
NP_001154418,376.0
NP_001154419,0.0
NP_001154421,0.0
NP_001154422,0.0
NP_001154423,0.0
NP_001154424,0.0
NP_001154425,0.0
NP_001154426,0.0
NP_001154427,0.0
NP_001154428,0.0
NP_001154429,0.0
NP_001154430,0.0
NP_001154431,0.0
NP_001154432,0.0
NP_001154433,0.0
NP_001154434,0.0
NP_001154435,0.0
NP_001154437,0.0
NP_001154438,486.0
NP_001154439,469.0
NP_001154440,0.0
NP_001154442,0.0
NP_001154443,1279.0
NP_001154444,1279.0
NP_001154445,0.0
NP_001154446,0.0
NP_001154447,55.0
NP_001154448,0.0
NP_001154449,0.0
NP_001154450,0.0
NP_001154451,0.0
NP_001154452,0.0
NP_001154453,0.0
NP_001154454,0.0
NP_001154455,0.0
NP_001154456,493.0
NP_001154457,0.0
NP_001154458,0.0
NP_001154459,0.0
NP_001154461,0.0
NP_001154462,0.0
NP_001154463,0.0
NP_001154464,0.0
NP_001154465,0.0
NP_001154466,0.0
NP_001154467,0.0
NP_001154468,0.0
NP_001154469,0.0
NP_001154470,190.0
NP_001154471,0.0
NP_001154472,0.0
NP_001154473,0.0
NP_001154474,0.0
NP_001154475,0.0
NP_001154476,0.0
NP_001154478,51.0
NP_001154479,0.0
NP_001154480,51.0
NP_001154486,0.0
NP_001154487,0.0
NP_001154488,0.0
NP_001154489,0.0
NP_001154490,0.0
NP_001154491,0.0
NP_001154492,0.0
NP_001154493,0.0
NP_001154494,0.0
NP_001154495,0.0
NP_001154496,0.0
NP_001154497,0.0
NP_001154498,0.0
NP_001154499,49.0
NP_001154500,40.0
NP_001154501,0.0
NP_001154502,0.0
NP_001154503,0.0
NP_001154504,0.0
NP_001154505,0.0
NP_001154506,0.0
NP_001154507,0.0
NP_001154508,0.0
NP_001154509,0.0
NP_001154510,0.0
NP_001154511,0.0
NP_001154512,49.0
NP_001154514,0.0
NP_001154515,0.0
NP_001154516,0.0
NP_001154517,0.0
NP_001154518,0.0
NP_001154520,0.0
NP_001154521,0.0
NP_001154522,0.0
NP_001154523,0.0
NP_001154524,0.0
NP_001154525,0.0
NP_001154526,0.0
NP_001154527,0.0
NP_001154528,0.0
NP_001154529,0.0
NP_001154530,0.0
NP_001154532,0.0
NP_001154533,0.0
NP_001154534,0.0
NP_001154535,0.0
NP_001154536,0.0
NP_001154537,0.0
NP_001154538,0.0
NP_001154539,0.0
NP_001154540,0.0
NP_001154541,0.0
NP_001154542,0.0
NP_001154543,0.0
NP_001154544,0.0
NP_001154545,0.0
NP_001154546,0.0
NP_001154547,0.0
NP_001154548,0.0
NP_001154549,0.0
NP_001154550,0.0
NP_001154552,0.0
NP_001154554,0.0
NP_001154555,0.0
NP_001154558,0.0
NP_001154559,0.0
NP_001154560,0.0
NP_001154561,0.0
NP_001154563,0.0
NP_001154564,0.0
NP_001154565,0.0
NP_001154566,0.0
NP_001154567,0.0
NP_001154568,0.0
NP_001154569,0.0
NP_001154570,0.0
NP_001154572,0.0
NP_001154573,0.0
NP_001154574,0.0
NP_001154576,0.0
NP_001154577,0.0
NP_001154578,0.0
NP_001154579,0.0
NP_001154580,0.0
NP_001154581,0.0
NP_001154584,0.0
NP_001154585,0.0
NP_001154586,0.0
NP_001154587,0.0
NP_001154588,0.0
NP_001154589,0.0
NP_001154590,0.0
NP_001154591,0.0
NP_001154592,0.0
NP_001154593,0.0
NP_001154594,0.0
NP_001154596,40.0
NP_001154597,0.0
NP_001154598,0.0
NP_001154599,0.0
NP_001154600,0.0
NP_001154601,0.0
NP_001154602,0.0
NP_001154603,0.0
NP_001154604,0.0
NP_001154605,0.0
NP_001154607,0.0
NP_001154608,0.0
NP_001154609,0.0
NP_001154610,0.0
NP_001154611,0.0
NP_001154612,0.0
NP_001154613,46.0
NP_001154615,0.0
NP_001154616,0.0
NP_001154617,0.0
NP_001154618,0.0
NP_001154619,0.0
NP_001154620,42.0
NP_001154621,0.0
NP_001154622,0.0
NP_001154623,0.0
NP_001154624,0.0
NP_001154625,0.0
NP_001154626,0.0
NP_001154627,0.0
NP_001154628,46.0
NP_001154629,0.0
NP_001154630,0.0
NP_001154631,0.0
NP_001154632,0.0
NP_001154633,0.0
NP_001154636,0.0
NP_001154637,0.0
NP_001154638,0.0
NP_001154639,0.0
NP_001154640,0.0
NP_001154641,0.0
NP_001154642,0.0
NP_001154643,0.0
NP_001154645,0.0
NP_001154646,0.0
NP_001154647,0.0
NP_001154648,0.0
NP_001154649,0.0
NP_001154650,0.0
NP_001154651,1027.0
NP_001154652,657.0
NP_001154653,0.0
NP_001154654,0.0
NP_001154655,0.0
NP_001154656,0.0
NP_001154657,0.0
NP_001154658,0.0
NP_001154659,40.0
NP_001154660,0.0
NP_001154661,0.0
NP_001154662,47.0
NP_001154663,47.0
NP_001154664,0.0
NP_001154665,0.0
NP_001154666,0.0
NP_001154667,0.0
NP_001154669,0.0
NP_001154670,0.0
NP_001154673,0.0
NP_001154674,0.0
NP_001154675,0.0
NP_001154676,0.0
NP_001154677,0.0
NP_001154678,0.0
NP_001154679,48.0
NP_001154681,0.0
NP_001154682,0.0
NP_001154683,0.0
NP_001154684,0.0
NP_001154686,0.0
NP_001154687,0.0
NP_001154688,0.0
NP_001154689,0.0
NP_001154690,0.0
NP_001154693,0.0
NP_001154694,0.0
NP_001154695,0.0
NP_001154696,0.0
NP_001154697,0.0
NP_001154700,0.0
NP_001154701,0.0
NP_001154703,0.0
NP_001154704,0.0
NP_001154705,0.0
NP_001154706,49.0
NP_001154707,49.0
NP_001154708,0.0
NP_001154710,0.0
NP_001154711,0.0
NP_001154712,41.0
NP_001154713,42.0
NP_001154714,0.0
NP_001154716,0.0
NP_001154718,0.0
NP_001154719,0.0
NP_001154720,0.0
NP_001154721,0.0
NP_001154722,0.0
NP_001154723,0.0
NP_001154724,0.0
NP_001154725,0.0
NP_001154726,0.0
NP_001154727,0.0
NP_001154728,0.0
NP_001154729,0.0
NP_001154730,0.0
NP_001154731,0.0
NP_001154733,0.0
NP_001154734,0.0
NP_001154735,0.0
NP_001154736,0.0
NP_001154737,0.0
NP_001154738,0.0
NP_001154739,0.0
NP_001154740,0.0
NP_001154741,0.0
NP_001154742,0.0
NP_001154743,0.0
NP_001154744,0.0
NP_001154745,0.0
NP_001154746,0.0
NP_001154747,43.0
NP_001154748,0.0
NP_001154749,0.0
NP_001154751,0.0
NP_001154752,0.0
NP_001154753,0.0
NP_001154754,0.0
NP_001154755,0.0
NP_001154756,0.0
NP_001154757,1443.0
NP_001154758,0.0
NP_001154759,0.0
NP_001154760,0.0
NP_001154761,0.0
NP_001154763,0.0
NP_001154764,0.0
NP_001154765,0.0
NP_001154766,0.0
NP_001154767,0.0
NP_001154768,0.0
NP_001154769,0.0
NP_001154770,0.0
NP_001154771,38.0
NP_001154772,38.0
NP_001154773,0.0
NP_001154774,0.0
NP_001154775,0.0
NP_001154776,0.0
NP_001154777,0.0
NP_001154778,0.0
NP_001154779,0.0
NP_001154780,571.0
NP_001154781,0.0
NP_001154782,0.0
NP_001154783,0.0
NP_001154784,0.0
NP_001154785,0.0
NP_001154786,0.0
NP_001154788,0.0
NP_001154789,0.0
NP_001154790,0.0
NP_001154791,0.0
NP_001154792,0.0
NP_001154793,0.0
NP_001154794,0.0
NP_001154795,0.0
NP_001154796,0.0
NP_001154797,0.0
NP_001154798,0.0
NP_001154799,81.0
NP_001154800,0.0
NP_001184881,40.0
NP_001184882,0.0
NP_001184883,0.0
NP_001184884,0.0
NP_001184885,0.0
NP_001184886,39.0
NP_001184887,0.0
NP_001184888,46.0
NP_001184889,48.0
NP_001184890,0.0
NP_001184891,0.0
NP_001184892,0.0
NP_001184893,0.0
NP_001184894,55.0
NP_001184895,0.0
NP_001184896,0.0
NP_001184897,0.0
NP_001184898,0.0
NP_001184899,0.0
NP_001184901,0.0
NP_001184902,0.0
NP_001184903,48.0
NP_001184904,0.0
NP_001184905,36.0
NP_001184906,56.0
NP_001184907,0.0
NP_001184908,0.0
NP_001184909,0.0
NP_001184910,0.0
NP_001184911,0.0
NP_001184912,0.0
NP_001184913,51.0
NP_001184914,0.0
NP_001184915,0.0
NP_001184916,0.0
NP_001184917,0.0
NP_001184918,0.0
NP_001184919,0.0
NP_001184920,0.0
NP_001184921,0.0
NP_001184922,0.0
NP_001184923,0.0
NP_001184924,0.0
NP_001184925,0.0
NP_001184926,0.0
NP_001184927,0.0
NP_001184928,0.0
NP_001184930,687.0
NP_001184931,0.0
NP_001184932,718.0
NP_001184933,0.0
NP_001184934,0.0
NP_001184935,0.0
NP_001184936,0.0
NP_001184937,0.0
NP_001184938,0.0
NP_001184939,0.0
NP_001184940,49.0
NP_001184941,0.0
NP_001184942,0.0
NP_001184943,40.0
NP_001184944,0.0
NP_001184945,0.0
NP_001184947,0.0
NP_001184948,0.0
NP_001184949,0.0
NP_001184950,0.0
NP_001184951,0.0
NP_001184952,0.0
NP_001184953,0.0
NP_001184954,0.0
NP_001184955,0.0
NP_001184956,0.0
NP_001184957,0.0
NP_001184958,39.0
NP_001184959,0.0
NP_001184961,0.0
NP_001184962,481.0
NP_001184963,0.0
NP_001184964,0.0
NP_001184965,0.0
NP_001184966,0.0
NP_001184967,0.0
NP_001184968,0.0
NP_001184970,4610.0
NP_001184971,0.0
NP_001184972,0.0
NP_001184973,0.0
NP_001184974,0.0
NP_001184975,0.0
NP_001184976,0.0
NP_001184977,0.0
NP_001184978,0.0
NP_001184979,0.0
NP_001184980,52.0
NP_001184981,0.0
NP_001184982,0.0
NP_001184983,0.0
NP_001184984,0.0
NP_001184985,0.0
NP_001184986,0.0
NP_001184988,0.0
NP_001184989,0.0
NP_001184990,0.0
NP_001184991,0.0
NP_001184992,0.0
NP_001184993,0.0
NP_001184994,59.0
NP_001184995,0.0
NP_001184996,0.0
NP_001184997,0.0
NP_001184998,0.0
NP_001184999,0.0
NP_001185000,0.0
NP_001185001,0.0
NP_001185002,0.0
NP_001185003,0.0
NP_001185004,0.0
NP_001185005,0.0
NP_001185006,0.0
NP_001185007,0.0
NP_001185008,0.0
NP_001185009,496.0
NP_001185010,46.0
NP_001185011,0.0
NP_001185012,0.0
NP_001185013,0.0
NP_001185014,0.0
NP_001185015,0.0
NP_001185016,0.0
NP_001185017,0.0
NP_001185018,45.0
NP_001185019,0.0
NP_001185021,0.0
NP_001185022,39.0
NP_001185023,0.0
NP_001185024,0.0
NP_001185025,0.0
NP_001185026,0.0
NP_001185027,847.0
NP_001185028,47.0
NP_001185029,0.0
NP_001185030,42.0
NP_001185031,0.0
NP_001185033,0.0
NP_001185034,0.0
NP_001185035,0.0
NP_001185036,0.0
NP_001185037,0.0
NP_001185038,0.0
NP_001185039,0.0
NP_001185040,55.0
NP_001185041,0.0
NP_001185042,0.0
NP_001185043,0.0
NP_001185044,0.0
NP_001185045,0.0
NP_001185046,0.0
NP_001185047,0.0
NP_001185049,0.0
NP_001185050,54.0
NP_001185051,0.0
NP_001185052,0.0
NP_001185053,45.0
NP_001185054,45.0
NP_001185055,0.0
NP_001185056,53.0
NP_001185057,39.0
NP_001185058,55.0
NP_001185059,35.0
NP_001185060,0.0
NP_001185061,0.0
NP_001185062,0.0
NP_001185063,0.0
NP_001185064,0.0
NP_001185065,0.0
NP_001185066,0.0
NP_001185067,0.0
NP_001185068,0.0
NP_001185069,0.0
NP_001185070,0.0
NP_001185071,50.0
NP_001185072,0.0
NP_001185073,0.0
NP_001185074,0.0
NP_001185075,0.0
NP_001185076,0.0
NP_001185077,0.0
NP_001185078,0.0
NP_001185079,0.0
NP_001185080,42.0
NP_001185081,0.0
NP_001185082,0.0
NP_001185083,52.0
NP_001185084,0.0
NP_001185085,69.0
NP_001185086,50.0
NP_001185087,0.0
NP_001185088,0.0
NP_001185089,0.0
NP_001185090,0.0
NP_001185091,0.0
NP_001185092,0.0
NP_001185093,0.0
NP_001185094,0.0
NP_001185095,0.0
NP_001185096,47.0
NP_001185097,0.0
NP_001185098,0.0
NP_001185099,0.0
NP_001185100,0.0
NP_001185101,0.0
NP_001185102,0.0
NP_001185103,0.0
NP_001185104,0.0
NP_001185106,275.0
NP_001185107,0.0
NP_001185108,0.0
NP_001185109,0.0
NP_001185110,0.0
NP_001185111,0.0
NP_001185113,0.0
NP_001185114,0.0
NP_001185115,0.0
NP_001185116,0.0
NP_001185117,0.0
NP_001185118,0.0
NP_001185119,0.0
NP_001185120,0.0
NP_001185121,0.0
NP_001185122,503.0
NP_001185123,0.0
NP_001185124,0.0
NP_001185125,0.0
NP_001185126,0.0
NP_001185127,0.0
NP_001185128,42.0
NP_001185129,42.0
NP_001185130,0.0
NP_001185131,388.0
NP_001185132,0.0
NP_001185133,0.0
NP_001185134,0.0
NP_001185135,0.0
NP_001185136,0.0
NP_001185138,0.0
NP_001185139,49.0
NP_001185140,0.0
NP_001185141,42.0
NP_001185142,0.0
NP_001185143,60.0
NP_001185144,0.0
NP_001185145,0.0
NP_001185146,51.0
NP_001185147,0.0
NP_001185148,0.0
NP_001185149,0.0
NP_001185150,0.0
NP_001185151,0.0
NP_001185152,0.0
NP_001185154,0.0
NP_001185155,0.0
NP_001185156,0.0
NP_001185157,0.0
NP_001185158,0.0
NP_001185159,0.0
NP_001185160,0.0
NP_001185161,0.0
NP_001185162,0.0
NP_001185163,0.0
NP_001185164,0.0
NP_001185165,0.0
NP_001185166,0.0
NP_001185167,0.0
NP_001185168,0.0
NP_001185169,0.0
NP_001185170,0.0
NP_001185172,0.0
NP_001185173,0.0
NP_001185174,0.0
NP_001185175,0.0
NP_001185176,0.0
NP_001185177,42.0
NP_001185178,219.0
NP_001185179,0.0
NP_001185180,0.0
NP_001185182,41.0
NP_001185183,0.0
NP_001185184,0.0
NP_001185185,0.0
NP_001185186,0.0
NP_001185187,0.0
NP_001185188,54.0
NP_001185189,0.0
NP_001185190,0.0
NP_001185191,0.0
NP_001185192,0.0
NP_001185193,0.0
NP_001185194,0.0
NP_001185196,0.0
NP_001185197,0.0
NP_001185199,0.0
NP_001185200,398.0
NP_001185202,0.0
NP_001185203,0.0
NP_001185204,0.0
NP_001185205,0.0
NP_001185206,0.0
NP_001185207,0.0
NP_001185208,0.0
NP_001185209,220.0
NP_001185210,0.0
NP_001185211,0.0
NP_001185212,0.0
NP_001185213,0.0
NP_001185214,0.0
NP_001185215,44.0
NP_001185216,0.0
NP_001185217,0.0
NP_001185218,0.0
NP_001185219,0.0
NP_001185220,0.0
NP_001185221,0.0
NP_001185222,0.0
NP_001185224,47.0
NP_001185225,47.0
NP_001185227,0.0
NP_001185228,0.0
NP_001185229,0.0
NP_001185230,0.0
NP_001185231,0.0
NP_001185232,0.0
NP_001185233,65.0
NP_001185234,0.0
NP_001185235,0.0
NP_001185236,0.0
NP_001185237,60.0
NP_001185238,50.0
NP_001185239,0.0
NP_001185240,0.0
NP_001185241,0.0
NP_001185242,49.0
NP_001185244,0.0
NP_001185245,49.0
NP_001185246,0.0
NP_001185247,733.0
NP_001185248,0.0
NP_001185249,0.0
NP_001185251,0.0
NP_001185252,1400.0
NP_001185253,0.0
NP_001185254,596.0
NP_001185255,0.0
NP_001185256,455.0
NP_001185257,0.0
NP_001185258,0.0
NP_001185259,0.0
NP_001185260,736.0
NP_001185261,0.0
NP_001185262,45.0
NP_001185263,0.0
NP_001185264,0.0
NP_001185265,857.0
NP_001185266,0.0
NP_001185267,48.0
NP_001185268,48.0
NP_001185269,0.0
NP_001185270,46.0
NP_001185271,0.0
NP_001185272,0.0
NP_001185273,0.0
NP_001185274,0.0
NP_001185275,0.0
NP_001185276,0.0
NP_001185277,41.0
NP_001185278,0.0
NP_001185280,0.0
NP_001185281,0.0
NP_001185283,0.0
NP_001185284,0.0
NP_001185285,0.0
NP_001185286,0.0
NP_001185287,0.0
NP_001185288,98.0
NP_001185289,0.0
NP_001185290,0.0
NP_001185292,0.0
NP_001185293,0.0
NP_001185294,0.0
NP_001185295,0.0
NP_001185296,0.0
NP_001185297,0.0
NP_001185298,0.0
NP_001185299,0.0
NP_001185301,402.0
NP_001185302,0.0
NP_001185304,0.0
NP_001185306,0.0
NP_001185307,0.0
NP_001185308,0.0
NP_001185309,0.0
NP_001185310,0.0
NP_001185311,0.0
NP_001185312,0.0
NP_001185313,42.0
NP_001185315,0.0
NP_001185316,0.0
NP_001185317,0.0
NP_001185318,0.0
NP_001185319,0.0
NP_001185320,0.0
NP_001185321,0.0
NP_001185322,0.0
NP_001185323,0.0
NP_001185324,35.0
NP_001185325,1583.0
NP_001185326,0.0
NP_001185327,0.0
NP_001185328,0.0
NP_001185329,0.0
NP_001185330,0.0
NP_001185331,0.0
NP_001185332,338.0
NP_001185333,0.0
NP_001185334,0.0
NP_001185335,0.0
NP_001185337,0.0
NP_001185338,54.0
NP_001185339,0.0
NP_001185340,0.0
NP_001185341,0.0
NP_001185342,50.0
NP_001185343,0.0
NP_001185345,0.0
NP_001185346,0.0
NP_001185347,0.0
NP_001185348,0.0
NP_001185349,0.0
NP_001185350,0.0
NP_001185352,0.0
NP_001185353,0.0
NP_001185354,0.0
NP_001185355,36.0
NP_001185356,0.0
NP_001185357,0.0
NP_001185358,0.0
NP_001185359,0.0
NP_001185360,0.0
NP_001185361,0.0
NP_001185362,42.0
NP_001185363,0.0
NP_001185364,0.0
NP_001185365,0.0
NP_001185366,511.0
NP_001185367,0.0
NP_001185368,0.0
NP_001185369,0.0
NP_001185370,0.0
NP_001185371,0.0
NP_001185372,0.0
NP_001185373,41.0
NP_001185374,47.0
NP_001185375,0.0
NP_001185376,0.0
NP_001185377,0.0
NP_001185379,0.0
NP_001185380,0.0
NP_001185382,0.0
NP_001185383,51.0
NP_001185384,0.0
NP_001185385,0.0
NP_001185386,1176.0
NP_001185387,588.0
NP_001185388,0.0
NP_001185389,0.0
NP_001185390,47.0
NP_001185391,0.0
NP_001185392,0.0
NP_001185393,0.0
NP_001185394,0.0
NP_001185395,0.0
NP_001185396,0.0
NP_001185398,0.0
NP_001185399,0.0
NP_001185400,0.0
NP_001185401,0.0
NP_001185402,0.0
NP_001185403,0.0
NP_001185404,0.0
NP_001185405,0.0
NP_001185406,44.0
NP_001185407,0.0
NP_001185408,0.0
NP_001185409,0.0
NP_001185410,0.0
NP_001185411,0.0
NP_001185412,0.0
NP_001185413,0.0
NP_001185414,0.0
NP_001185415,47.0
NP_001185416,0.0
NP_001185417,0.0
NP_001185418,0.0
NP_001185419,45.0
NP_001185420,51.0
NP_001185421,51.0
NP_001185422,52.0
NP_001185423,0.0
NP_001185424,0.0
NP_001185425,0.0
NP_001185426,0.0
NP_001185427,0.0
NP_001185428,0.0
NP_001185429,0.0
NP_001185430,0.0
NP_001185431,0.0
NP_001185432,359.0
NP_001185433,0.0
NP_001185434,0.0
NP_001185435,55.0
NP_001185436,66.0
NP_001185437,0.0
NP_001185438,0.0
NP_001185439,0.0
NP_001185440,0.0
NP_001185441,63.0
NP_001185442,63.0
NP_001185443,0.0
NP_001185444,0.0
NP_001185445,0.0
NP_001185447,0.0
NP_001185448,0.0
NP_001185449,0.0
NP_001185451,0.0
NP_001185452,0.0
NP_001185453,0.0
NP_001189491,0.0
NP_001189492,0.0
NP_001189493,0.0
NP_001189495,0.0
NP_001189496,0.0
NP_001189497,0.0
NP_001189498,0.0
NP_001189499,0.0
NP_001189500,0.0
NP_001189501,0.0
NP_001189502,0.0
NP_001189503,53.0
NP_001189504,0.0
NP_001189505,0.0
NP_001189506,0.0
NP_001189507,0.0
NP_001189509,0.0
NP_001189510,36.0
NP_001189511,49.0
NP_001189513,0.0
NP_001189514,976.0
NP_001189515,40.0
NP_001189516,0.0
NP_001189517,0.0
NP_001189518,0.0
NP_001189519,0.0
NP_001189520,0.0
NP_001189521,0.0
NP_001189522,0.0
NP_001189523,0.0
NP_001189524,0.0
NP_001189525,0.0
NP_001189526,0.0
NP_001189527,0.0
NP_001189528,0.0
NP_001189529,0.0
NP_001189530,0.0
NP_001189531,0.0
NP_001189532,0.0
NP_001189533,0.0
NP_001189534,0.0
NP_001189535,0.0
NP_001189536,0.0
NP_001189537,0.0
NP_001189538,0.0
NP_001189539,0.0
NP_001189540,0.0
NP_001189541,42.0
NP_001189542,0.0
NP_001189544,35.0
NP_001189545,0.0
NP_001189546,0.0
NP_001189547,0.0
NP_001189548,0.0
NP_001189549,0.0
NP_001189550,0.0
NP_001189551,0.0
NP_001189552,0.0
NP_001189553,0.0
NP_001189554,0.0
NP_001189555,0.0
NP_001189556,0.0
NP_001189557,78.0
NP_001189558,0.0
NP_001189559,0.0
NP_001189560,0.0
NP_001189562,0.0
NP_001189563,0.0
NP_001189564,0.0
NP_001189565,0.0
NP_001189566,0.0
NP_001189567,0.0
NP_001189570,0.0
NP_001189571,41.0
NP_001189572,0.0
NP_001189573,0.0
NP_001189574,0.0
NP_001189576,45.0
NP_001189577,0.0
NP_001189578,0.0
NP_001189579,0.0
NP_001189580,0.0
NP_001189581,0.0
NP_001189582,0.0
NP_001189583,0.0
NP_001189584,0.0
NP_001189585,0.0
NP_001189586,0.0
NP_001189587,0.0
NP_001189589,0.0
NP_001189590,0.0
NP_001189591,0.0
NP_001189592,0.0
NP_001189593,0.0
NP_001189594,0.0
NP_001189596,0.0
NP_001189598,518.0
NP_001189599,0.0
NP_001189600,0.0
NP_001189601,0.0
NP_001189602,48.0
NP_001189603,0.0
NP_001189604,0.0
NP_001189606,0.0
NP_001189608,0.0
NP_001189609,0.0
NP_001189610,0.0
NP_001189611,0.0
NP_001189612,0.0
NP_001189613,0.0
NP_001189614,0.0
NP_001189615,0.0
NP_001189616,0.0
NP_001189617,0.0
NP_001189619,0.0
NP_001189620,0.0
NP_001189621,0.0
NP_001189622,0.0
NP_001189623,0.0
NP_001189624,43.0
NP_001189625,0.0
NP_001189626,0.0
NP_001189627,0.0
NP_001189628,0.0
NP_001189629,0.0
NP_001189630,38.0
NP_001189631,0.0
NP_001189632,0.0
NP_001189633,0.0
NP_001189634,0.0
NP_001189635,46.0
NP_001189636,182.0
NP_001189637,0.0
NP_001189638,0.0
NP_001189639,53.0
NP_001189640,0.0
NP_001189641,0.0
NP_001189642,0.0
NP_001189643,0.0
NP_001189645,0.0
NP_001189646,45.0
NP_001189647,0.0
NP_001189648,0.0
NP_001189649,0.0
NP_001189650,0.0
NP_001189651,40.0
NP_001189652,0.0
NP_001189653,0.0
NP_001189654,0.0
NP_001189656,0.0
NP_001189657,0.0
NP_001189658,0.0
NP_001189659,0.0
NP_001189660,0.0
NP_001189662,45.0
NP_001189663,0.0
NP_001189664,0.0
NP_001189665,0.0
NP_001189666,0.0
NP_001189667,0.0
NP_001189668,0.0
NP_001189669,0.0
NP_001189670,0.0
NP_001189671,0.0
NP_001189672,0.0
NP_001189674,0.0
NP_001189675,52.0
NP_001189676,0.0
NP_001189677,45.0
NP_001189678,0.0
NP_001189679,52.0
NP_001189680,0.0
NP_001189681,0.0
NP_001189682,0.0
NP_001189683,0.0
NP_001189684,850.0
NP_001189685,0.0
NP_001189686,0.0
NP_001189687,0.0
NP_001189688,0.0
NP_001189689,0.0
NP_001189691,0.0
NP_001189693,0.0
NP_001189695,0.0
NP_001189696,0.0
NP_001189697,0.0
NP_001189698,0.0
NP_001189699,0.0
NP_001189700,35.0
NP_001189701,0.0
NP_001189702,0.0
NP_001189703,0.0
NP_001189704,0.0
NP_001189705,0.0
NP_001189706,0.0
NP_001189707,0.0
NP_001189708,0.0
NP_001189709,0.0
NP_001189710,40.0
NP_001189711,0.0
NP_001189712,0.0
NP_001189713,0.0
NP_001189714,0.0
NP_001189715,0.0
NP_001189716,0.0
NP_001189717,0.0
NP_001189718,0.0
NP_001189719,0.0
NP_001189720,0.0
NP_001189722,0.0
NP_001189723,0.0
NP_001189724,0.0
NP_001189725,0.0
NP_001189726,0.0
NP_001189727,0.0
NP_001189728,0.0
NP_001189729,0.0
NP_001189730,0.0
NP_001189731,0.0
NP_001189732,0.0
NP_001189733,0.0
NP_001189734,37.0
NP_001189735,46.0
NP_001189736,0.0
NP_001189737,0.0
NP_001189738,0.0
NP_001189739,0.0
NP_001189740,562.0
NP_001189741,0.0
NP_001189742,0.0
NP_001189743,0.0
NP_001189744,0.0
NP_001189745,0.0
NP_001189747,0.0
NP_001189748,0.0
NP_001189749,50.0
NP_001189750,42.0
NP_001189751,46.0
NP_001189752,47.0
NP_001189753,0.0
NP_001189755,1127.0
NP_001189756,0.0
NP_001189757,0.0
NP_001189758,35.0
NP_001189759,35.0
NP_001189760,0.0
NP_001189761,0.0
NP_001189762,0.0
NP_001189763,0.0
NP_001189764,0.0
NP_001189765,0.0
NP_001189766,424.0
NP_001189767,0.0
NP_001189768,0.0
NP_001189769,0.0
NP_001189770,0.0
NP_001189772,0.0
NP_001189773,0.0
NP_001189774,0.0
NP_001189775,0.0
NP_001189776,0.0
NP_001189777,0.0
NP_001189778,0.0
NP_001189779,0.0
NP_001189789,0.0
NP_001189790,44.0
NP_001189792,0.0
NP_001189793,0.0
NP_001189794,0.0
NP_001189795,0.0
NP_001189797,47.0
NP_001189798,41.0
NP_001189799,0.0
NP_001189801,564.0
NP_001189802,0.0
NP_001189803,0.0
NP_001189804,0.0
NP_001189805,0.0
NP_001189806,0.0
NP_001189807,0.0
NP_001189808,41.0
NP_001189809,38.0
NP_001189810,0.0
NP_001189811,0.0
NP_001189812,0.0
NP_001189813,0.0
NP_001189814,0.0
NP_001189815,0.0
NP_001189817,0.0
NP_001189819,0.0
NP_001189820,0.0
NP_001189821,0.0
NP_001189822,0.0
NP_001189823,0.0
NP_001189824,0.0
NP_001189825,0.0
NP_001189826,0.0
NP_001189827,0.0
NP_001189828,66.0
NP_001189829,66.0
NP_001189830,0.0
NP_001189831,43.0
NP_001189832,0.0
NP_001189833,45.0
NP_001189834,0.0
NP_001189835,0.0
NP_001189837,0.0
NP_001189838,0.0
NP_001189839,0.0
NP_001189840,39.0
NP_001189841,0.0
NP_001189842,0.0
NP_001189843,0.0
NP_001189844,0.0
NP_001189845,0.0
NP_001189846,0.0
NP_001189847,0.0
NP_001189848,0.0
NP_001189849,0.0
NP_001189850,0.0
NP_001189851,0.0
NP_001189852,0.0
NP_001189853,0.0
NP_001189854,0.0
NP_001189855,0.0
NP_001189856,0.0
NP_001189857,0.0
NP_001189858,0.0
NP_001189859,0.0
NP_001189861,0.0
NP_001189862,0.0
NP_001189863,0.0
NP_001189864,0.0
NP_001189865,0.0
NP_001189866,50.0
NP_001189867,38.0
NP_001189868,0.0
NP_001189869,0.0
NP_001189870,0.0
NP_001189871,0.0
NP_001189872,0.0
NP_001189874,0.0
NP_001189875,0.0
NP_001189876,0.0
NP_001189877,0.0
NP_001189878,0.0
NP_001189879,0.0
NP_001189881,0.0
NP_001189882,0.0
NP_001189883,0.0
NP_001189885,0.0
NP_001189886,0.0
NP_001189887,0.0
NP_001189888,0.0
NP_001189889,0.0
NP_001189890,0.0
NP_001189891,0.0
NP_001189892,0.0
NP_001189893,50.0
NP_001189894,0.0
NP_001189895,50.0
NP_001189896,0.0
NP_001189897,0.0
NP_001189898,41.0
NP_001189899,0.0
NP_001189900,0.0
NP_001189901,351.0
NP_001189902,0.0
NP_001189903,0.0
NP_001189904,0.0
NP_001189905,43.0
NP_001189906,0.0
NP_001189908,0.0
NP_001189909,0.0
NP_001189910,0.0
NP_001189911,44.0
NP_001189912,0.0
NP_001189913,0.0
NP_001189914,38.0
NP_001189915,0.0
NP_001189916,51.0
NP_001189917,0.0
NP_001189918,0.0
NP_001189920,42.0
NP_001189921,51.0
NP_001189922,0.0
NP_001189923,0.0
NP_001189924,0.0
NP_001189925,0.0
NP_001189926,0.0
NP_001189927,0.0
NP_001189928,0.0
NP_001189931,35.0
NP_001189932,0.0
NP_001189933,0.0
NP_001189934,0.0
NP_001189935,0.0
NP_001189936,0.0
NP_001189939,45.0
NP_001189940,0.0
NP_001189941,0.0
NP_001189942,43.0
NP_001189943,42.0
NP_001189944,50.0
NP_001189945,0.0
NP_001189946,0.0
NP_001189947,0.0
NP_001189948,0.0
NP_001189949,0.0
NP_001189950,0.0
NP_001189951,0.0
NP_001189953,0.0
NP_001189954,0.0
NP_001189955,0.0
NP_001189956,0.0
NP_001189957,40.0
NP_001189958,0.0
NP_001189959,0.0
NP_001189960,0.0
NP_001189961,0.0
NP_001189962,0.0
NP_001189963,0.0
NP_001189964,0.0
NP_001189965,57.0
NP_001189966,0.0
NP_001189968,0.0
NP_001189969,42.0
NP_001189970,0.0
NP_001189971,1488.0
NP_001189972,0.0
NP_001189973,0.0
NP_001189974,0.0
NP_001189975,0.0
NP_001189976,0.0
NP_001189977,0.0
NP_001189978,0.0
NP_001189979,0.0
NP_001189980,0.0
NP_001189981,0.0
NP_001189982,0.0
NP_001189983,0.0
NP_001189984,0.0
NP_001189985,0.0
NP_001189986,53.0
NP_001189987,0.0
NP_001189988,0.0
NP_001189989,0.0
NP_001189990,0.0
NP_001189992,0.0
NP_001189993,0.0
NP_001189994,0.0
NP_001189995,0.0
NP_001189996,0.0
NP_001189997,0.0
NP_001189998,0.0
NP_001189999,0.0
NP_001190000,0.0
NP_001190001,0.0
NP_001190004,40.0
NP_001190005,0.0
NP_001190006,48.0
NP_001190007,0.0
NP_001190008,0.0
NP_001190010,0.0
NP_001190011,0.0
NP_001190012,0.0
NP_001190013,0.0
NP_001190014,0.0
NP_001190015,0.0
NP_001190016,0.0
NP_001190017,0.0
NP_001190018,0.0
NP_001190019,0.0
NP_001190020,0.0
NP_001190021,0.0
NP_001190023,0.0
NP_001190024,39.0
NP_001190025,0.0
NP_001190026,0.0
NP_001190027,0.0
NP_001190028,0.0
NP_001190029,0.0
NP_001190030,0.0
NP_001190031,0.0
NP_001190032,0.0
NP_001190033,0.0
NP_001190034,0.0
NP_001190035,55.0
NP_001190036,0.0
NP_001190037,274.0
NP_001190038,0.0
NP_001190039,0.0
NP_001190040,41.0
NP_001190041,0.0
NP_001190042,0.0
NP_001190043,0.0
NP_001190044,0.0
NP_001190045,0.0
NP_001190046,0.0
NP_001190047,218.0
NP_001190048,0.0
NP_001190049,0.0
NP_001190050,0.0
NP_001190051,0.0
NP_001190052,0.0
NP_001190053,0.0
NP_001190054,0.0
NP_001190055,0.0
NP_001190056,0.0
NP_001190057,0.0
NP_001190059,0.0
NP_001190060,0.0
NP_001190062,0.0
NP_001190063,0.0
NP_001190064,0.0
NP_001190065,0.0
NP_001190066,50.0
NP_001190067,48.0
NP_001190068,48.0
NP_001190069,0.0
NP_001190070,0.0
NP_001190071,0.0
NP_001190072,0.0
NP_001190073,0.0
NP_001190074,0.0
NP_001190075,0.0
NP_001190076,0.0
NP_001190077,0.0
NP_001190078,0.0
NP_001190079,0.0
NP_001190080,0.0
NP_001190081,0.0
NP_001190082,0.0
NP_001190083,0.0
NP_001190084,0.0
NP_001190085,44.0
NP_001190086,0.0
NP_001190087,0.0
NP_001190089,0.0
NP_001190090,0.0
NP_001190091,0.0
NP_001190093,0.0
NP_001190094,0.0
NP_001190095,38.0
NP_001190096,0.0
NP_001190097,1497.0
NP_001190098,0.0
NP_001190099,0.0
NP_001190100,0.0
NP_001190102,0.0
NP_001190103,0.0
NP_001190104,0.0
NP_001190106,0.0
NP_001190107,0.0
NP_001190108,0.0
NP_001190109,0.0
NP_001190110,0.0
NP_001190111,0.0
NP_001190112,0.0
NP_001190113,0.0
NP_001190114,0.0
NP_001190115,0.0
NP_001190116,0.0
NP_001190117,0.0
NP_001190118,0.0
NP_001190119,60.0
NP_001190120,0.0
NP_001190121,47.0
NP_001190122,0.0
NP_001190123,0.0
NP_001190124,0.0
NP_001190125,0.0
NP_001190126,0.0
NP_001190127,0.0
NP_001190128,0.0
NP_001190129,0.0
NP_001190130,0.0
NP_001190131,45.0
NP_001190132,0.0
NP_001190133,0.0
NP_001190134,0.0
NP_001190135,98.0
NP_001190137,0.0
NP_001190138,0.0
NP_001190139,0.0
NP_001190140,0.0
NP_001190141,0.0
NP_001190142,0.0
NP_001190143,0.0
NP_001190144,0.0
NP_001190145,0.0
NP_001190146,0.0
NP_001190148,0.0
NP_001190149,0.0
NP_001190150,0.0
NP_001190151,0.0
NP_001190152,0.0
NP_001190153,0.0
NP_001190154,0.0
NP_001190156,0.0
NP_001190157,0.0
NP_001190158,39.0
NP_001190159,0.0
NP_001190160,0.0
NP_001190161,0.0
NP_001190162,0.0
NP_001190163,0.0
NP_001190164,44.0
NP_001190165,0.0
NP_001190166,99.0
NP_001190167,0.0
NP_001190168,0.0
NP_001190169,0.0
NP_001190170,0.0
NP_001190171,0.0
NP_001190172,0.0
NP_001190198,0.0
NP_001190199,0.0
NP_001190200,0.0
NP_001190201,0.0
NP_001190202,0.0
NP_001190203,0.0
NP_001190204,0.0
NP_001190205,0.0
NP_001190206,0.0
NP_001190207,0.0
NP_001190208,0.0
NP_001190209,0.0
NP_001190210,0.0
NP_001190211,0.0
NP_001190212,0.0
NP_001190213,0.0
NP_001190214,0.0
NP_001190215,0.0
NP_001190216,0.0
NP_001190217,0.0
NP_001190218,0.0
NP_001190219,0.0
NP_001190220,0.0
NP_001190221,0.0
NP_001190222,0.0
NP_001190223,2544.0
NP_001190224,45.0
NP_001190225,45.0
NP_001190226,0.0
NP_001190227,0.0
NP_001190228,0.0
NP_001190229,0.0
NP_001190230,0.0
NP_001190231,0.0
NP_001190232,0.0
NP_001190233,0.0
NP_001190234,39.0
NP_001190235,0.0
NP_001190236,0.0
NP_001190238,0.0
NP_001190239,44.0
NP_001190240,0.0
NP_001190241,0.0
NP_001190242,0.0
NP_001190244,0.0
NP_001190245,0.0
NP_001190246,0.0
NP_001190247,0.0
NP_001190248,0.0
NP_001190249,0.0
NP_001190250,0.0
NP_001190251,78.0
NP_001190252,0.0
NP_001190253,0.0
NP_001190254,0.0
NP_001190255,0.0
NP_001190256,0.0
NP_001190257,0.0
NP_001190258,0.0
NP_001190259,0.0
NP_001190260,0.0
NP_001190262,0.0
NP_001190264,0.0
NP_001190265,0.0
NP_001190266,0.0
NP_001190267,0.0
NP_001190268,0.0
NP_001190269,0.0
NP_001190270,0.0
NP_001190271,0.0
NP_001190272,41.0
NP_001190274,0.0
NP_001190275,0.0
NP_001190276,0.0
NP_001190277,0.0
NP_001190278,0.0
NP_001190279,0.0
NP_001190281,0.0
NP_001190282,0.0
NP_001190283,0.0
NP_001190284,0.0
NP_001190285,0.0
NP_001190286,0.0
NP_001190287,0.0
NP_001190289,0.0
NP_001190290,47.0
NP_001190291,0.0
NP_001190292,0.0
NP_001190293,0.0
NP_001190294,0.0
NP_001190295,0.0
NP_001190296,0.0
NP_001190298,0.0
NP_001190299,0.0
NP_001190300,0.0
NP_001190301,0.0
NP_001190303,40.0
NP_001190304,0.0
NP_001190305,0.0
NP_001190306,0.0
NP_001190307,39.0
NP_001190308,48.0
NP_001190309,0.0
NP_001190310,64.0
NP_001190311,49.0
NP_001190312,0.0
NP_001190313,38.0
NP_001190314,0.0
NP_001190316,0.0
NP_001190317,48.0
NP_001190318,0.0
NP_001190320,0.0
NP_001190321,0.0
NP_001190322,0.0
NP_001190324,0.0
NP_001190326,0.0
NP_001190327,0.0
NP_001190328,41.0
NP_001190329,0.0
NP_001190330,0.0
NP_001190331,738.0
NP_001190332,0.0
NP_001190333,0.0
NP_001190334,0.0
NP_001190335,0.0
NP_001190336,47.0
NP_001190337,47.0
NP_001190338,0.0
NP_001190339,0.0
NP_001190341,0.0
NP_001190342,0.0
NP_001190343,34.0
NP_001190344,0.0
NP_001190345,0.0
NP_001190347,0.0
NP_001190348,63.0
NP_001190349,0.0
NP_001190351,0.0
NP_001190352,0.0
NP_001190353,0.0
NP_001190354,0.0
NP_001190355,0.0
NP_001190357,0.0
NP_001190358,0.0
NP_001190359,0.0
NP_001190360,0.0
NP_001190361,0.0
NP_001190362,0.0
NP_001190363,0.0
NP_001190364,0.0
NP_001190366,0.0
NP_001190367,0.0
NP_001190369,0.0
NP_001190370,0.0
NP_001190371,0.0
NP_001190372,0.0
NP_001190373,0.0
NP_001190374,0.0
NP_001190375,0.0
NP_001190376,0.0
NP_001190377,0.0
NP_001190378,0.0
NP_001190379,0.0
NP_001190380,50.0
NP_001190381,0.0
NP_001190382,120.0
NP_001190383,120.0
NP_001190384,0.0
NP_001190385,0.0
NP_001190386,0.0
NP_001190388,48.0
NP_001190389,47.0
NP_001190390,42.0
NP_001190392,0.0
NP_001190393,0.0
NP_001190394,0.0
NP_001190395,0.0
NP_001190397,0.0
NP_001190398,0.0
NP_001190399,0.0
NP_001190400,0.0
NP_001190401,0.0
NP_001190402,0.0
NP_001190403,0.0
NP_001190404,0.0
NP_001190405,0.0
NP_001190407,52.0
NP_001190408,0.0
NP_001190409,0.0
NP_001190410,0.0
NP_001190411,0.0
NP_001190412,0.0
NP_001190413,0.0
NP_001190414,43.0
NP_001190415,0.0
NP_001190416,0.0
NP_001190417,0.0
NP_001190418,0.0
NP_001190419,0.0
NP_001190420,46.0
NP_001190421,0.0
NP_001190422,0.0
NP_001190423,0.0
NP_001190424,0.0
NP_001190425,0.0
NP_001190426,0.0
NP_001190427,0.0
NP_001190428,0.0
NP_001190429,0.0
NP_001190430,0.0
NP_001190431,0.0
NP_001190432,0.0
NP_001190433,0.0
NP_001190434,0.0
NP_001190435,0.0
NP_001190436,0.0
NP_001190437,0.0
NP_001190438,0.0
NP_001190439,0.0
NP_001190440,0.0
NP_001190441,0.0
NP_001190442,0.0
NP_001190443,0.0
NP_001190444,0.0
NP_001190445,0.0
NP_001190446,0.0
NP_001190447,0.0
NP_001190448,0.0
NP_001190449,0.0
NP_001190450,45.0
NP_001190451,0.0
NP_001190452,0.0
NP_001190453,0.0
NP_001190454,0.0
NP_001190455,0.0
NP_001190456,0.0
NP_001190457,0.0
NP_001190458,0.0
NP_001190459,0.0
NP_001190460,0.0
NP_001190461,0.0
NP_001190462,0.0
NP_001190463,0.0
NP_001190464,0.0
NP_001190465,0.0
NP_001190466,0.0
NP_001190467,49.0
NP_001190468,0.0
NP_001190469,0.0
NP_001190470,45.0
NP_001190471,0.0
NP_001190472,0.0
NP_001190473,459.0
NP_001190474,94.0
NP_001190475,0.0
NP_001190476,0.0
NP_001190477,0.0
NP_001190479,0.0
NP_001190480,0.0
NP_001190481,0.0
NP_001190482,0.0
NP_001190483,0.0
NP_001190484,39.0
NP_001190485,0.0
NP_001190486,0.0
NP_001190487,0.0
NP_001190488,0.0
NP_001190489,52.0
NP_001190490,0.0
NP_001190491,0.0
NP_001190492,0.0
NP_001190493,0.0
NP_001190494,553.0
NP_001190495,0.0
NP_001190496,0.0
NP_001190497,0.0
NP_001190498,0.0
NP_001190499,0.0
NP_001190500,289.0
NP_001190501,289.0
NP_001190502,0.0
NP_001190503,0.0
NP_001190504,0.0
NP_001190505,0.0
NP_001190506,0.0
NP_001190507,0.0
NP_001190508,0.0
NP_001190509,0.0
NP_001190510,0.0
NP_001190511,0.0
NP_001190512,0.0
NP_001190513,0.0
NP_001190514,0.0
NP_001190515,0.0
NP_001190516,2362.0
NP_001190517,0.0
NP_001190519,0.0
NP_001190520,0.0
NP_001190521,0.0
NP_001190522,0.0
NP_001190523,0.0
NP_001190524,0.0
NP_001190525,0.0
NP_001190526,0.0
NP_001190527,45.0
NP_001190528,0.0
NP_001190529,45.0
NP_001190530,45.0
NP_001190531,0.0
NP_001190532,0.0
NP_001190533,0.0
NP_001190534,0.0
NP_001190535,0.0
NP_001190536,0.0
NP_001190537,0.0
NP_001190538,0.0
NP_001190539,0.0
NP_001190540,0.0
NP_001190541,0.0
NP_001190542,0.0
NP_001190543,0.0
NP_001190544,0.0
NP_001190545,0.0
NP_001190546,0.0
NP_001190547,0.0
NP_001190548,0.0
NP_001190550,0.0
NP_001190551,0.0
NP_001190553,0.0
NP_001190554,0.0
NP_001190555,0.0
NP_001190556,0.0
NP_001190557,0.0
NP_001190558,0.0
NP_001190559,0.0
NP_001190560,0.0
NP_001190561,0.0
NP_001190563,0.0
NP_001190565,0.0
NP_001190566,0.0
NP_001190568,0.0
NP_001190569,0.0
NP_001190570,0.0
NP_001190571,0.0
NP_001190572,0.0
NP_001190573,0.0
NP_001190574,0.0
NP_001190575,0.0
NP_001190576,0.0
NP_001190577,0.0
NP_001190578,0.0
NP_001190579,0.0
NP_001190581,0.0
NP_001190582,0.0
NP_001190583,0.0
NP_001190584,55.0
NP_001190585,0.0
NP_001190586,334.0
NP_001190587,0.0
NP_001190588,323.0
NP_001190589,349.0
NP_001190590,42.0
NP_001190591,0.0
NP_001190592,0.0
NP_001190593,0.0
NP_001190594,0.0
NP_001190595,1120.0
NP_001190596,0.0
NP_001190597,0.0
NP_001190598,0.0
NP_001190599,0.0
NP_001190600,0.0
NP_001190601,0.0
NP_001190602,0.0
NP_001190603,0.0
NP_001190604,0.0
NP_001190605,523.0
NP_001190606,0.0
NP_001190607,0.0
NP_001190608,0.0
NP_001190609,0.0
NP_001190610,0.0
NP_001190611,0.0
NP_001190612,40.0
NP_001190613,0.0
NP_001190614,0.0
NP_001190615,0.0
NP_001190616,0.0
NP_001190617,0.0
NP_001190618,1518.0
NP_001190619,0.0
NP_001190620,0.0
NP_001190621,0.0
NP_001190622,0.0
NP_001190623,0.0
NP_001190624,1243.0
NP_001190625,0.0
NP_001190626,81.0
NP_001190627,81.0
NP_001190628,48.0
NP_001190629,0.0
NP_001190630,0.0
NP_001190631,0.0
NP_001190632,0.0
NP_001190633,0.0
NP_001190634,0.0
NP_001190635,0.0
NP_001190637,0.0
NP_001190638,0.0
NP_001190640,0.0
NP_001190641,0.0
NP_001190642,0.0
NP_001190643,0.0
NP_001190644,0.0
NP_001190645,0.0
NP_001190646,0.0
NP_001190647,0.0
NP_001190648,0.0
NP_001190649,0.0
NP_001190650,0.0
NP_001190651,589.0
NP_001190652,0.0
NP_001190653,0.0
NP_001190654,0.0
NP_001190655,0.0
NP_001190656,47.0
NP_001190658,0.0
NP_001190659,0.0
NP_001190660,0.0
NP_001190661,0.0
NP_001190662,0.0
NP_001190663,0.0
NP_001190664,0.0
NP_001190665,0.0
NP_001190666,0.0
NP_001190668,0.0
NP_001190669,0.0
NP_001190670,0.0
NP_001190671,0.0
NP_001190672,223.0
NP_001190673,0.0
NP_001190674,0.0
NP_001190675,0.0
NP_001190676,84.0
NP_001190677,0.0
NP_001190678,0.0
NP_001190679,0.0
NP_001190680,0.0
NP_001190681,0.0
NP_001190682,0.0
NP_001190683,0.0
NP_001190684,0.0
NP_001190685,0.0
NP_001190688,0.0
NP_001190689,0.0
NP_001190690,47.0
NP_001190691,0.0
NP_001190692,0.0
NP_001190693,0.0
NP_001190694,0.0
NP_001190695,0.0
NP_001190697,0.0
NP_001190698,0.0
NP_001190699,0.0
NP_001190700,0.0
NP_001190701,0.0
NP_001190702,0.0
NP_001190703,0.0
NP_001190704,0.0
NP_001190705,0.0
NP_001190706,0.0
NP_001190707,0.0
NP_001190708,0.0
NP_001190709,0.0
NP_001190711,0.0
NP_001190712,467.0
NP_001190713,0.0
NP_001190714,0.0
NP_001190715,0.0
NP_001190716,0.0
NP_001190717,0.0
NP_001190718,0.0
NP_001190719,0.0
NP_001190720,0.0
NP_001190721,0.0
NP_001190722,571.0
NP_001190723,0.0
NP_001190724,0.0
NP_001190725,53.0
NP_001190726,0.0
NP_001190728,0.0
NP_001190729,0.0
NP_001190730,0.0
NP_001190731,0.0
NP_001190732,0.0
NP_001190733,0.0
NP_001190734,0.0
NP_001190735,0.0
NP_001190736,0.0
NP_001190737,57.0
NP_001190738,0.0
NP_001190739,0.0
NP_001190740,0.0
NP_001190742,0.0
NP_001190743,0.0
NP_001190744,0.0
NP_001190745,0.0
NP_001190747,63.0
NP_001190748,0.0
NP_001190749,0.0
NP_001190750,50.0
NP_001190751,50.0
NP_001190752,0.0
NP_001190753,0.0
NP_001190754,0.0
NP_001190755,0.0
NP_001190756,42.0
NP_001190757,0.0
NP_001190758,0.0
NP_001190759,0.0
NP_001190760,0.0
NP_001190761,0.0
NP_001190763,0.0
NP_001190764,0.0
NP_001190765,42.0
NP_001190766,0.0
NP_001190767,0.0
NP_001190768,0.0
NP_001190769,0.0
NP_001190770,0.0
NP_001190771,0.0
NP_001190773,0.0
NP_001190774,0.0
NP_001190775,0.0
NP_001190776,0.0
NP_001190777,0.0
NP_001190778,0.0
NP_001190779,0.0
NP_001190780,0.0
NP_001190781,0.0
NP_001190782,0.0
NP_001190783,0.0
NP_001190784,51.0
NP_001190785,51.0
NP_001190786,0.0
NP_001190787,0.0
NP_001190788,0.0
NP_001190789,0.0
NP_001190790,0.0
NP_001190791,0.0
NP_001190792,0.0
NP_001190794,241.0
NP_001190795,0.0
NP_001190796,0.0
NP_001190797,0.0
NP_001190798,0.0
NP_001190799,0.0
NP_001190800,0.0
NP_001190802,0.0
NP_001190803,0.0
NP_001190804,53.0
NP_001190805,0.0
NP_001190806,0.0
NP_001190807,0.0
NP_001190808,0.0
NP_001190809,487.0
NP_001190811,0.0
NP_001190812,0.0
NP_001190813,0.0
NP_001190814,0.0
NP_001190815,0.0
NP_001190816,0.0
NP_001190817,0.0
NP_001190818,0.0
NP_001190819,0.0
NP_001190820,0.0
NP_001190821,0.0
NP_001190822,0.0
NP_001190823,0.0
NP_001190824,0.0
NP_001190825,0.0
NP_001190826,0.0
NP_001190827,0.0
NP_001190828,0.0
NP_001190829,0.0
NP_001190830,0.0
NP_001190831,0.0
NP_001190832,0.0
NP_001190833,0.0
NP_001190834,0.0
NP_001190835,0.0
NP_001190836,0.0
NP_001190837,0.0
NP_001190838,0.0
NP_001190839,0.0
NP_001190840,0.0
NP_001190842,0.0
NP_001190843,0.0
NP_001190844,0.0
NP_001190845,0.0
NP_001190846,0.0
NP_001190847,0.0
NP_001190848,0.0
NP_001190849,0.0
NP_001190850,0.0
NP_001190851,0.0
NP_001190852,0.0
NP_001190853,0.0
NP_001190854,0.0
NP_001190855,0.0
NP_001190856,0.0
NP_001190857,0.0
NP_001190858,0.0
NP_001190859,0.0
NP_001190860,0.0
NP_001190861,0.0
NP_001190862,0.0
NP_001190863,0.0
NP_001190864,0.0
NP_001190865,586.0
NP_001190866,0.0
NP_001190867,0.0
NP_001190868,0.0
NP_001190869,0.0
NP_001190870,0.0
NP_001190871,0.0
NP_001190872,0.0
NP_001190873,0.0
NP_001190874,0.0
NP_001190875,0.0
NP_001190876,0.0
NP_001190877,0.0
NP_001190878,50.0
NP_001190879,0.0
NP_001190880,0.0
NP_001190881,0.0
NP_001190882,48.0
NP_001190883,0.0
NP_001190884,49.0
NP_001190885,0.0
NP_001190886,508.0
NP_001190887,0.0
NP_001190888,0.0
NP_001190889,0.0
NP_001190890,0.0
NP_001190891,0.0
NP_001190892,0.0
NP_001190893,45.0
NP_001190894,45.0
NP_001190895,0.0
NP_001190896,0.0
NP_001190897,48.0
NP_001190898,48.0
NP_001190899,43.0
NP_001190900,0.0
NP_001190901,0.0
NP_001190902,0.0
NP_001190903,0.0
NP_001190904,3140.0
NP_001190905,0.0
NP_001190906,0.0
NP_001190907,0.0
NP_001190908,0.0
NP_001190909,0.0
NP_001190912,0.0
NP_001190913,0.0
NP_001190914,0.0
NP_001190915,0.0
NP_001190916,0.0
NP_001190917,0.0
NP_001190918,387.0
NP_001190919,0.0
NP_001190920,0.0
NP_001190921,0.0
NP_001190922,0.0
NP_001190923,0.0
NP_001190924,53.0
NP_001190925,0.0
NP_001190926,0.0
NP_001190927,0.0
NP_001190928,935.0
NP_001190929,0.0
NP_001190931,0.0
NP_001190932,0.0
NP_001190933,49.0
NP_001190934,49.0
NP_001190935,0.0
NP_001190936,0.0
NP_001190937,0.0
NP_001190938,53.0
NP_001190939,0.0
NP_001190940,0.0
NP_001190941,0.0
NP_001190942,0.0
NP_001190943,0.0
NP_001190944,45.0
NP_001190945,0.0
NP_001190946,0.0
NP_001190948,0.0
NP_001190949,0.0
NP_001190950,0.0
NP_001190951,0.0
NP_001190952,0.0
NP_001190953,0.0
NP_001190954,0.0
NP_001190955,0.0
NP_001190956,0.0
NP_001190957,0.0
NP_001190958,0.0
NP_001190959,0.0
NP_001190960,0.0
NP_001190961,0.0
NP_001190962,0.0
NP_001190963,0.0
NP_001190964,0.0
NP_001190965,0.0
NP_001190966,0.0
NP_001190967,0.0
NP_001190968,0.0
NP_001190969,0.0
NP_001190970,0.0
NP_001190972,41.0
NP_001190973,41.0
NP_001190974,0.0
NP_001190975,0.0
NP_001190976,0.0
NP_001318168,0.0
NP_001318169,0.0
NP_001318170,0.0
NP_001318171,0.0
NP_001318172,0.0
NP_001318173,0.0
NP_001318174,0.0
NP_001318175,0.0
NP_001318176,0.0
NP_001318177,44.0
NP_001318178,0.0
NP_001318179,0.0
NP_001318180,0.0
NP_001318181,0.0
NP_001318182,0.0
NP_001318183,0.0
NP_001318184,0.0
NP_001318185,0.0
NP_001318186,0.0
NP_001318187,0.0
NP_001318188,0.0
NP_001318189,53.0
NP_001318190,0.0
NP_001318191,0.0
NP_001318192,0.0
NP_001318193,0.0
NP_001318194,0.0
NP_001318195,0.0
NP_001318196,36.0
NP_001318197,0.0
NP_001318198,0.0
NP_001318199,0.0
NP_001318200,0.0
NP_001318201,0.0
NP_001318202,0.0
NP_001318203,0.0
NP_001318204,0.0
NP_001318205,0.0
NP_001318206,0.0
NP_001318207,0.0
NP_001318208,0.0
NP_001318209,0.0
NP_001318210,0.0
NP_001318211,0.0
NP_001318212,0.0
NP_001318213,0.0
NP_001318214,0.0
NP_001318215,0.0
NP_001318216,0.0
NP_001318217,0.0
NP_001318218,0.0
NP_001318219,0.0
NP_001318220,2368.0
NP_001318221,0.0
NP_001318222,0.0
NP_001318223,438.0
NP_001318224,0.0
NP_001318225,0.0
NP_001318226,332.0
NP_001318227,0.0
NP_001318228,0.0
NP_001318229,0.0
NP_001318230,0.0
NP_001318231,0.0
NP_001318232,389.0
NP_001318233,0.0
NP_001318234,0.0
NP_001318235,0.0
NP_001318236,0.0
NP_001318237,0.0
NP_001318238,0.0
NP_001318239,0.0
NP_001318240,0.0
NP_001318241,0.0
NP_001318242,0.0
NP_001318243,0.0
NP_001318244,0.0
NP_001318245,0.0
NP_001318246,0.0
NP_001318247,0.0
NP_001318248,0.0
NP_001318249,0.0
NP_001318250,0.0
NP_001318251,0.0
NP_001318252,0.0
NP_001318253,0.0
NP_001318254,0.0
NP_001318255,0.0
NP_001318256,0.0
NP_001318257,0.0
NP_001318258,0.0
NP_001318259,0.0
NP_001318260,0.0
NP_001318261,0.0
NP_001318262,0.0
NP_001318263,41.0
NP_001318264,0.0
NP_001318265,0.0
NP_001318266,0.0
NP_001318267,0.0
NP_001318268,0.0
NP_001318269,0.0
NP_001318270,0.0
NP_001318271,0.0
NP_001318272,0.0
NP_001318273,0.0
NP_001318274,0.0
NP_001318275,0.0
NP_001318276,0.0
NP_001318277,0.0
NP_001318278,0.0
NP_001318279,0.0
NP_001318280,0.0
NP_001318281,0.0
NP_001318282,0.0
NP_001318283,0.0
NP_001318284,0.0
NP_001318285,0.0
NP_001318286,0.0
NP_001318287,58.0
NP_001318288,0.0
NP_001318289,0.0
NP_001318290,0.0
NP_001318291,0.0
NP_001318292,0.0
NP_001318293,0.0
NP_001318294,0.0
NP_001318295,0.0
NP_001318296,0.0
NP_001318297,0.0
NP_001318298,0.0
NP_001318299,0.0
NP_001318300,0.0
NP_001318301,0.0
NP_001318302,36.0
NP_001318303,0.0
NP_001318304,0.0
NP_001318305,0.0
NP_001318306,50.0
NP_001318307,0.0
NP_001318308,0.0
NP_001318309,414.0
NP_001318310,508.0
NP_001318311,0.0
NP_001318312,0.0
NP_001318313,0.0
NP_001318314,0.0
NP_001318315,0.0
NP_001318316,0.0
NP_001318317,0.0
NP_001318318,0.0
NP_001318319,0.0
NP_001318320,0.0
NP_001318321,0.0
NP_001318322,511.0
NP_001318323,0.0
NP_001318324,0.0
NP_001318325,0.0
NP_001318326,0.0
NP_001318327,0.0
NP_001318328,0.0
NP_001318329,44.0
NP_001318330,0.0
NP_001318331,0.0
NP_001318332,0.0
NP_001318333,0.0
NP_001318334,0.0
NP_001318335,0.0
NP_001318336,0.0
NP_001318337,0.0
NP_001318338,0.0
NP_001318339,0.0
NP_001318340,45.0
NP_001318341,0.0
NP_001318342,54.0
NP_001318343,0.0
NP_001318344,0.0
NP_001318345,0.0
NP_001318346,0.0
NP_001318347,0.0
NP_001318348,0.0
NP_001318349,0.0
NP_001318350,0.0
NP_001318351,0.0
NP_001318352,0.0
NP_001318353,0.0
NP_001318354,0.0
NP_001318355,0.0
NP_001318356,0.0
NP_001318357,0.0
NP_001318358,0.0
NP_001318359,0.0
NP_001318360,0.0
NP_001318361,0.0
NP_001318362,0.0
NP_001318363,0.0
NP_001318364,0.0
NP_001318365,52.0
NP_001318366,52.0
NP_001318367,0.0
NP_001318368,0.0
NP_001318369,0.0
NP_001318370,0.0
NP_001318371,0.0
NP_001318372,0.0
NP_001318373,0.0
NP_001318374,0.0
NP_001318375,0.0
NP_001318376,0.0
NP_001318377,0.0
NP_001318378,0.0
NP_001318379,0.0
NP_001318380,0.0
NP_001318381,0.0
NP_001318382,0.0
NP_001318383,0.0
NP_001318384,53.0
NP_001318385,39.0
NP_001318386,0.0
NP_001318387,0.0
NP_001318388,40.0
NP_001318389,0.0
NP_001318390,0.0
NP_001318391,0.0
NP_001318392,0.0
NP_001318393,0.0
NP_001318394,0.0
NP_001318395,65.0
NP_001318396,0.0
NP_001318397,0.0
NP_001318398,0.0
NP_001318399,0.0
NP_001318400,0.0
NP_001318401,0.0
NP_001318402,0.0
NP_001318403,0.0
NP_001318404,218.0
NP_001318405,0.0
NP_001318406,0.0
NP_001318407,0.0
NP_001318408,621.0
NP_001318409,0.0
NP_001318410,0.0
NP_001318411,0.0
NP_001318412,0.0
NP_001318413,0.0
NP_001318414,0.0
NP_001318415,0.0
NP_001318416,0.0
NP_001318417,405.0
NP_001318418,0.0
NP_001318419,0.0
NP_001318420,0.0
NP_001318421,0.0
NP_001318422,0.0
NP_001318423,0.0
NP_001318424,0.0
NP_001318425,0.0
NP_001318426,0.0
NP_001318427,0.0
NP_001318428,0.0
NP_001318429,47.0
NP_001318430,0.0
NP_001318431,0.0
NP_001318432,50.0
NP_001318433,0.0
NP_001318434,0.0
NP_001318435,0.0
NP_001318436,0.0
NP_001318437,0.0
NP_001318438,0.0
NP_001318439,0.0
NP_001318440,0.0
NP_001318441,0.0
NP_001318442,0.0
NP_001318443,0.0
NP_001318444,0.0
NP_001318445,0.0
NP_001318446,0.0
NP_001318447,0.0
NP_001318448,0.0
NP_001318449,0.0
NP_001318450,0.0
NP_001318451,0.0
NP_001318452,0.0
NP_001318453,0.0
NP_001318454,0.0
NP_001318455,0.0
NP_001318456,0.0
NP_001318457,52.0
NP_001318458,0.0
NP_001318459,0.0
NP_001318460,0.0
NP_001318461,0.0
NP_001318462,0.0
NP_001318463,0.0
NP_001318464,0.0
NP_001318465,0.0
NP_001318466,0.0
NP_001318467,0.0
NP_001318468,0.0
NP_001318469,65.0
NP_001318470,0.0
NP_001318471,0.0
NP_001318472,85.0
NP_001318473,0.0
NP_001318474,0.0
NP_001318475,0.0
NP_001318476,51.0
NP_001318477,0.0
NP_001318478,0.0
NP_001318479,0.0
NP_001318480,45.0
NP_001318481,0.0
NP_001318482,0.0
NP_001318483,0.0
NP_001318484,0.0
NP_001318485,0.0
NP_001318486,0.0
NP_001318487,0.0
NP_001318488,0.0
NP_001318489,0.0
NP_001318490,0.0
NP_001318491,0.0
NP_001318492,0.0
NP_001318493,52.0
NP_001318494,0.0
NP_001318495,84.0
NP_001318496,280.0
NP_001318497,0.0
NP_001318498,0.0
NP_001318499,0.0
NP_001318500,0.0
NP_001318501,0.0
NP_001318502,0.0
NP_001318503,0.0
NP_001318504,59.0
NP_001318505,0.0
NP_001318506,0.0
NP_001318507,0.0
NP_001318508,0.0
NP_001318509,0.0
NP_001318510,0.0
NP_001318511,0.0
NP_001318512,0.0
NP_001318513,0.0
NP_001318514,0.0
NP_001318515,0.0
NP_001318516,0.0
NP_001318517,0.0
NP_001318518,0.0
NP_001318519,0.0
NP_001318520,43.0
NP_001318521,0.0
NP_001318522,0.0
NP_001318523,0.0
NP_001318524,0.0
NP_001318525,43.0
NP_001318526,0.0
NP_001318527,0.0
NP_001318528,0.0
NP_001318529,0.0
NP_001318530,0.0
NP_001318531,0.0
NP_001318532,0.0
NP_001318533,0.0
NP_001318534,53.0
NP_001318535,0.0
NP_001318536,0.0
NP_001318537,0.0
NP_001318538,1787.0
NP_001318539,0.0
NP_001318540,0.0
NP_001318541,0.0
NP_001318542,0.0
NP_001318543,41.0
NP_001318544,43.0
NP_001318545,0.0
NP_001318546,0.0
NP_001318547,0.0
NP_001318548,0.0
NP_001318549,0.0
NP_001318550,0.0
NP_001318551,0.0
NP_001318552,0.0
NP_001318553,0.0
NP_001318554,0.0
NP_001318555,0.0
NP_001318556,0.0
NP_001318557,0.0
NP_001318558,0.0
NP_001318559,0.0
NP_001318560,0.0
NP_001318561,0.0
NP_001318562,0.0
NP_001318563,0.0
NP_001318564,0.0
NP_001318565,0.0
NP_001318566,0.0
NP_001318567,0.0
NP_001318568,0.0
NP_001318569,0.0
NP_001318570,0.0
NP_001318571,0.0
NP_001318572,0.0
NP_001318573,0.0
NP_001318574,466.0
NP_001318575,0.0
NP_001318576,0.0
NP_001318577,0.0
NP_001318578,0.0
NP_001318579,0.0
NP_001318580,0.0
NP_001318581,0.0
NP_001318582,0.0
NP_001318583,0.0
NP_001318584,0.0
NP_001318585,0.0
NP_001318586,0.0
NP_001318587,0.0
NP_001318588,0.0
NP_001318589,39.0
NP_001318590,41.0
NP_001318591,0.0
NP_001318592,0.0
NP_001318593,1651.0
NP_001318594,738.0
NP_001318595,0.0
NP_001318596,0.0
NP_001318597,0.0
NP_001318598,0.0
NP_001318599,0.0
NP_001318600,0.0
NP_001318601,0.0
NP_001318602,0.0
NP_001318603,0.0
NP_001318604,45.0
NP_001318605,0.0
NP_001318606,0.0
NP_001318607,0.0
NP_001318608,0.0
NP_001318609,0.0
NP_001318610,5288.0
NP_001318611,0.0
NP_001318612,0.0
NP_001318613,528.0
NP_001318614,0.0
NP_001318615,0.0
NP_001318616,0.0
NP_001318617,0.0
NP_001318618,0.0
NP_001318619,0.0
NP_001318620,0.0
NP_001318621,0.0
NP_001318622,55.0
NP_001318623,0.0
NP_001318624,0.0
NP_001318625,0.0
NP_001318626,0.0
NP_001318627,0.0
NP_001318628,0.0
NP_001318629,0.0
NP_001318630,0.0
NP_001318631,0.0
NP_001318632,0.0
NP_001318633,0.0
NP_001318634,0.0
NP_001318635,0.0
NP_001318636,50.0
NP_001318637,0.0
NP_001318638,0.0
NP_001318639,0.0
NP_001318640,0.0
NP_001318641,52.0
NP_001318642,0.0
NP_001318643,0.0
NP_001318644,0.0
NP_001318645,0.0
NP_001318646,0.0
NP_001318647,0.0
NP_001318648,0.0
NP_001318649,0.0
NP_001318650,0.0
NP_001318651,0.0
NP_001318652,0.0
NP_001318653,0.0
NP_001318654,0.0
NP_001318655,0.0
NP_001318656,0.0
NP_001318657,0.0
NP_001318658,0.0
NP_001318659,0.0
NP_001318660,928.0
NP_001318661,0.0
NP_001318662,46.0
NP_001318663,0.0
NP_001318664,0.0
NP_001318665,0.0
NP_001318666,0.0
NP_001318667,41.0
NP_001318668,0.0
NP_001318669,541.0
NP_001318670,0.0
NP_001318671,0.0
NP_001318672,0.0
NP_001318673,0.0
NP_001318674,0.0
NP_001318675,0.0
NP_001318676,0.0
NP_001318677,0.0
NP_001318678,0.0
NP_001318679,0.0
NP_001318680,0.0
NP_001318681,39.0
NP_001318682,0.0
NP_001318683,0.0
NP_001318684,0.0
NP_001318685,0.0
NP_001318686,0.0
NP_001318687,0.0
NP_001318688,0.0
NP_001318689,0.0
NP_001318690,0.0
NP_001318691,0.0
NP_001318692,495.0
NP_001318693,301.0
NP_001318694,1616.0
NP_001318695,0.0
NP_001318696,0.0
NP_001318697,0.0
NP_001318698,0.0
NP_001318699,41.0
NP_001318700,0.0
NP_001318701,0.0
NP_001318702,0.0
NP_001318703,0.0
NP_001318704,0.0
NP_001318705,47.0
NP_001318706,0.0
NP_001318707,0.0
NP_001318708,0.0
NP_001318709,0.0
NP_001318710,0.0
NP_001318711,0.0
NP_001318712,0.0
NP_001318713,0.0
NP_001318714,0.0
NP_001318715,0.0
NP_001318716,33.0
NP_001318717,0.0
NP_001318718,1564.0
NP_001318719,0.0
NP_001318720,0.0
NP_001318721,0.0
NP_001318722,0.0
NP_001318723,0.0
NP_001318724,0.0
NP_001318725,0.0
NP_001318726,0.0
NP_001318727,43.0
NP_001318728,0.0
NP_001318729,0.0
NP_001318730,0.0
NP_001318731,0.0
NP_001318732,0.0
NP_001318733,0.0
NP_001318734,0.0
NP_001318735,0.0
NP_001318736,721.0
NP_001318737,1759.0
NP_001318738,45.0
NP_001318739,44.0
NP_001318740,59.0
NP_001318741,0.0
NP_001318742,763.0
NP_001318743,97.0
NP_001318744,0.0
NP_001318745,0.0
NP_001318746,235.0
NP_001318747,235.0
NP_001318748,0.0
NP_001318749,0.0
NP_001318750,0.0
NP_001318751,595.0
NP_001318752,0.0
NP_001318753,0.0
NP_001318754,0.0
NP_001318755,0.0
NP_001318756,0.0
NP_001318757,0.0
NP_001318758,0.0
NP_001318759,52.0
NP_001318760,0.0
NP_001318761,0.0
NP_001318762,0.0
NP_001318763,0.0
NP_001318764,268.0
NP_001318765,0.0
NP_001318766,0.0
NP_001318767,0.0
NP_001318768,56.0
NP_001318769,0.0
NP_001318770,0.0
NP_001318771,0.0
NP_001318772,0.0
NP_001318773,36.0
NP_001318774,0.0
NP_001318775,0.0
NP_001318776,53.0
NP_001318777,360.0
NP_001318778,0.0
NP_001318779,0.0
NP_001318780,0.0
NP_001318781,0.0
NP_001318782,0.0
NP_001318783,0.0
NP_001318784,0.0
NP_001318785,0.0
NP_001318786,0.0
NP_001318787,0.0
NP_001318788,0.0
NP_001318789,0.0
NP_001318790,0.0
NP_001318791,0.0
NP_001318792,45.0
NP_001318793,0.0
NP_001318794,0.0
NP_001318795,0.0
NP_001318796,0.0
NP_001318797,38.0
NP_001318798,564.0
NP_001318799,0.0
NP_001318800,0.0
NP_001318801,0.0
NP_001318802,0.0
NP_001318803,0.0
NP_001318804,0.0
NP_001318805,0.0
NP_001318806,0.0
NP_001318807,0.0
NP_001318808,0.0
NP_001318809,85.0
NP_001318810,62.0
NP_001318811,0.0
NP_001318812,0.0
NP_001318813,56.0
NP_001318814,0.0
NP_001318815,0.0
NP_001318816,0.0
NP_001318817,0.0
NP_001318818,0.0
NP_001318819,0.0
NP_001318820,0.0
NP_001318821,0.0
NP_001318822,0.0
NP_001318823,45.0
NP_001318824,116.0
NP_001318825,57.0
NP_001318826,0.0
NP_001318827,413.0
NP_001318828,0.0
NP_001318829,0.0
NP_001318830,0.0
NP_001318831,0.0
NP_001318832,0.0
NP_001318833,0.0
NP_001318834,47.0
NP_001318835,450.0
NP_001318836,0.0
NP_001318837,0.0
NP_001318838,0.0
NP_001318839,441.0
NP_001318840,422.0
NP_001318841,0.0
NP_001318842,0.0
NP_001318843,0.0
NP_001318844,0.0
NP_001318845,0.0
NP_001318846,0.0
NP_001318847,0.0
NP_001318848,0.0
NP_001318849,0.0
NP_001318850,0.0
NP_001318851,523.0
NP_001318852,0.0
NP_001318853,0.0
NP_001318854,0.0
NP_001318855,0.0
NP_001318856,0.0
NP_001318857,0.0
NP_001318858,0.0
NP_001318859,0.0
NP_001318860,38.0
NP_001318861,54.0
NP_001318862,0.0
NP_001318863,0.0
NP_001318864,0.0
NP_001318865,0.0
NP_001318866,0.0
NP_001318867,0.0
NP_001318868,0.0
NP_001318869,0.0
NP_001318870,0.0
NP_001318871,0.0
NP_001318872,0.0
NP_001318873,0.0
NP_001318874,40.0
NP_001318875,0.0
NP_001318876,0.0
NP_001318877,0.0
NP_001318878,0.0
NP_001318879,0.0
NP_001318880,0.0
NP_001318881,0.0
NP_001318882,0.0
NP_001318883,0.0
NP_001318884,0.0
NP_001318885,0.0
NP_001318886,0.0
NP_001318887,0.0
NP_001318888,0.0
NP_001318889,0.0
NP_001318890,0.0
NP_001318891,0.0
NP_001318892,0.0
NP_001318893,106.0
NP_001318894,0.0
NP_001318895,0.0
NP_001318896,0.0
NP_001318897,0.0
NP_001318898,0.0
NP_001318899,0.0
NP_001318900,0.0
NP_001318901,0.0
NP_001318902,0.0
NP_001318903,0.0
NP_001318904,0.0
NP_001318905,0.0
NP_001318906,0.0
NP_001318907,0.0
NP_001318908,0.0
NP_001318909,0.0
NP_001318910,0.0
NP_001318911,55.0
NP_001318912,0.0
NP_001318913,0.0
NP_001318914,0.0
NP_001318915,0.0
NP_001318916,0.0
NP_001318917,0.0
NP_001318918,0.0
NP_001318919,0.0
NP_001318920,0.0
NP_001318921,0.0
NP_001318922,0.0
NP_001318923,0.0
NP_001318924,0.0
NP_001318925,0.0
NP_001318926,0.0
NP_001318927,0.0
NP_001318928,0.0
NP_001318929,0.0
NP_001318930,0.0
NP_001318931,0.0
NP_001318932,0.0
NP_001318933,0.0
NP_001318934,0.0
NP_001318935,0.0
NP_001318936,0.0
NP_001318937,0.0
NP_001318938,0.0
NP_001318939,0.0
NP_001318940,0.0
NP_001318941,0.0
NP_001318942,0.0
NP_001318943,0.0
NP_001318944,1231.0
NP_001318945,0.0
NP_001318946,0.0
NP_001318947,0.0
NP_001318948,0.0
NP_001318949,0.0
NP_001318950,49.0
NP_001318951,0.0
NP_001318952,0.0
NP_001318953,0.0
NP_001318954,0.0
NP_001318955,49.0
NP_001318956,0.0
NP_001318957,0.0
NP_001318958,0.0
NP_001318959,40.0
NP_001318960,46.0
NP_001318961,0.0
NP_001318962,0.0
NP_001318963,41.0
NP_001318964,0.0
NP_001318965,0.0
NP_001318966,0.0
NP_001318967,452.0
NP_001318968,0.0
NP_001318969,0.0
NP_001318970,0.0
NP_001318971,0.0
NP_001318972,0.0
NP_001318973,0.0
NP_001318974,0.0
NP_001318975,0.0
NP_001318976,0.0
NP_001318977,0.0
NP_001318978,0.0
NP_001318979,0.0
NP_001318980,0.0
NP_001318981,454.0
NP_001318982,0.0
NP_001318983,0.0
NP_001318984,0.0
NP_001318985,0.0
NP_001318986,2521.0
NP_001318987,0.0
NP_001318988,0.0
NP_001318989,0.0
NP_001318990,0.0
NP_001318991,0.0
NP_001318992,0.0
NP_001318993,0.0
NP_001318994,0.0
NP_001318995,0.0
NP_001318996,0.0
NP_001318997,0.0
NP_001318998,0.0
NP_001318999,711.0
NP_001319000,0.0
NP_001319001,0.0
NP_001319002,367.0
NP_001319003,0.0
NP_001319004,0.0
NP_001319005,57.0
NP_001319006,0.0
NP_001319007,0.0
NP_001319008,0.0
NP_001319009,0.0
NP_001319010,0.0
NP_001319011,0.0
NP_001319012,0.0
NP_001319013,0.0
NP_001319014,0.0
NP_001319015,0.0
NP_001319016,0.0
NP_001319017,0.0
NP_001319018,472.0
NP_001319019,0.0
NP_001319020,0.0
NP_001319021,0.0
NP_001319022,51.0
NP_001319023,0.0
NP_001319024,0.0
NP_001319025,0.0
NP_001319026,0.0
NP_001319027,0.0
NP_001319028,40.0
NP_001319029,386.0
NP_001319030,0.0
NP_001319031,0.0
NP_001319032,0.0
NP_001319033,43.0
NP_001319034,0.0
NP_001319035,0.0
NP_001319036,0.0
NP_001319037,0.0
NP_001319038,283.0
NP_001319039,0.0
NP_001319040,472.0
NP_001319041,0.0
NP_001319042,42.0
NP_001319043,38.0
NP_001319044,55.0
NP_001319045,0.0
NP_001319046,0.0
NP_001319047,0.0
NP_001319048,0.0
NP_001319049,0.0
NP_001319050,0.0
NP_001319051,0.0
NP_001319052,0.0
NP_001319053,0.0
NP_001319054,0.0
NP_001319055,0.0
NP_001319056,0.0
NP_001319057,0.0
NP_001319058,0.0
NP_001319059,0.0
NP_001319060,0.0
NP_001319061,0.0
NP_001319062,0.0
NP_001319063,0.0
NP_001319064,0.0
NP_001319065,0.0
NP_001319066,0.0
NP_001319067,0.0
NP_001319068,0.0
NP_001319069,0.0
NP_001319070,0.0
NP_001319071,50.0
NP_001319072,0.0
NP_001319073,39.0
NP_001319074,0.0
NP_001319075,0.0
NP_001319076,0.0
NP_001319077,0.0
NP_001319078,0.0
NP_001319079,0.0
NP_001319080,0.0
NP_001319081,0.0
NP_001319082,47.0
NP_001319083,0.0
NP_001319084,0.0
NP_001319085,0.0
NP_001319086,0.0
NP_001319087,0.0
NP_001319088,0.0
NP_001319089,0.0
NP_001319090,0.0
NP_001319091,0.0
NP_001319092,0.0
NP_001319093,0.0
NP_001319094,0.0
NP_001319095,0.0
NP_001319096,0.0
NP_001319097,0.0
NP_001319098,0.0
NP_001319099,0.0
NP_001319100,0.0
NP_001319101,0.0
NP_001319102,0.0
NP_001319103,0.0
NP_001319104,0.0
NP_001319105,0.0
NP_001319106,0.0
NP_001319107,0.0
NP_001319108,0.0
NP_001319109,0.0
NP_001319110,0.0
NP_001319111,34.0
NP_001319112,0.0
NP_001319113,0.0
NP_001319114,0.0
NP_001319115,0.0
NP_001319116,0.0
NP_001319117,0.0
NP_001319118,0.0
NP_001319119,0.0
NP_001319120,0.0
NP_001319121,0.0
NP_001319122,0.0
NP_001319123,1610.0
NP_001319124,0.0
NP_001319125,0.0
NP_001319126,0.0
NP_001319127,0.0
NP_001319128,70.0
NP_001319130,0.0
NP_001319131,42.0
NP_001319132,0.0
NP_001319133,42.0
NP_001319134,0.0
NP_001319135,460.0
NP_001319136,0.0
NP_001319137,0.0
NP_001319138,0.0
NP_001319139,0.0
NP_001319140,0.0
NP_001319141,0.0
NP_001319142,0.0
NP_001319143,43.0
NP_001319144,0.0
NP_001319145,0.0
NP_001319146,0.0
NP_001319147,0.0
NP_001319148,0.0
NP_001319149,0.0
NP_001319150,0.0
NP_001319151,0.0
NP_001319152,42.0
NP_001319153,0.0
NP_001319154,0.0
NP_001319155,0.0
NP_001319156,0.0
NP_001319157,0.0
NP_001319158,0.0
NP_001319159,50.0
NP_001319160,0.0
NP_001319161,0.0
NP_001319162,0.0
NP_001319163,0.0
NP_001319164,0.0
NP_001319165,0.0
NP_001319166,0.0
NP_001319167,0.0
NP_001319168,0.0
NP_001319169,0.0
NP_001319170,0.0
NP_001319171,456.0
NP_001319172,43.0
NP_001319173,0.0
NP_001319174,0.0
NP_001319175,0.0
NP_001319176,0.0
NP_001319177,0.0
NP_001319178,0.0
NP_001319179,0.0
NP_001319180,0.0
NP_001319181,0.0
NP_001319182,0.0
NP_001319183,0.0
NP_001319184,0.0
NP_001319185,0.0
NP_001319186,0.0
NP_001319187,0.0
NP_001319188,0.0
NP_001319189,191.0
NP_001319190,0.0
NP_001319191,0.0
NP_001319192,378.0
NP_001319193,376.0
NP_001319194,0.0
NP_001319195,0.0
NP_001319196,0.0
NP_001319197,0.0
NP_001319198,0.0
NP_001319199,433.0
NP_001319200,0.0
NP_001319201,519.0
NP_001319202,411.0
NP_001319203,0.0
NP_001319204,0.0
NP_001319205,0.0
NP_001319206,0.0
NP_001319207,0.0
NP_001319208,0.0
NP_001319209,0.0
NP_001319210,0.0
NP_001319211,0.0
NP_001319212,220.0
NP_001319213,859.0
NP_001319214,606.0
NP_001319215,0.0
NP_001319216,0.0
NP_001319217,0.0
NP_001319218,48.0
NP_001319219,0.0
NP_001319220,0.0
NP_001319221,0.0
NP_001319222,0.0
NP_001319223,43.0
NP_001319224,41.0
NP_001319225,0.0
NP_001319226,47.0
NP_001319227,442.0
NP_001319228,0.0
NP_001319229,0.0
NP_001319230,0.0
NP_001319231,0.0
NP_001319232,0.0
NP_001319233,0.0
NP_001319234,0.0
NP_001319235,0.0
NP_001319236,0.0
NP_001319237,570.0
NP_001319238,0.0
NP_001319239,0.0
NP_001319240,50.0
NP_001319241,0.0
NP_001319242,0.0
NP_001319243,0.0
NP_001319244,0.0
NP_001319245,0.0
NP_001319246,0.0
NP_001319247,0.0
NP_001319248,0.0
NP_001319249,0.0
NP_001319250,0.0
NP_001319251,674.0
NP_001319252,0.0
NP_001319253,0.0
NP_001319254,0.0
NP_001319255,0.0
NP_001319256,0.0
NP_001319257,0.0
NP_001319258,0.0
NP_001319259,0.0
NP_001319260,44.0
NP_001319261,245.0
NP_001319262,455.0
NP_001319263,0.0
NP_001319264,0.0
NP_001319265,894.0
NP_001319266,808.0
NP_001319267,862.0
NP_001319268,0.0
NP_001319269,0.0
NP_001319270,0.0
NP_001319271,0.0
NP_001319272,191.0
NP_001319273,0.0
NP_001319274,0.0
NP_001319275,0.0
NP_001319276,0.0
NP_001319277,0.0
NP_001319278,46.0
NP_001319279,0.0
NP_001319280,0.0
NP_001319281,0.0
NP_001319282,0.0
NP_001319283,0.0
NP_001319284,480.0
NP_001319285,0.0
NP_001319286,0.0
NP_001319287,0.0
NP_001319288,0.0
NP_001319289,98.0
NP_001319290,0.0
NP_001319291,0.0
NP_001319292,0.0
NP_001319293,0.0
NP_001319294,0.0
NP_001319295,0.0
NP_001319296,0.0
NP_001319297,0.0
NP_001319298,0.0
NP_001319299,0.0
NP_001319300,0.0
NP_001319301,0.0
NP_001319302,0.0
NP_001319303,0.0
NP_001319304,0.0
NP_001319305,0.0
NP_001319306,0.0
NP_001319307,0.0
NP_001319308,0.0
NP_001319309,0.0
NP_001319310,209.0
NP_001319311,40.0
NP_001319312,0.0
NP_001319313,0.0
NP_001319314,0.0
NP_001319315,0.0
NP_001319316,0.0
NP_001319317,0.0
NP_001319318,0.0
NP_001319319,0.0
NP_001319320,0.0
NP_001319321,0.0
NP_001319322,0.0
NP_001319323,0.0
NP_001319324,0.0
NP_001319325,354.0
NP_001319326,0.0
NP_001319327,0.0
NP_001319328,0.0
NP_001319329,0.0
NP_001319330,0.0
NP_001319331,0.0
NP_001319332,0.0
NP_001319333,0.0
NP_001319334,0.0
NP_001319335,0.0
NP_001319336,0.0
NP_001319337,0.0
NP_001319338,0.0
NP_001319339,0.0
NP_001319340,0.0
NP_001319341,0.0
NP_001319342,0.0
NP_001319343,0.0
NP_001319344,0.0
NP_001319345,0.0
NP_001319346,0.0
NP_001319347,31.0
NP_001319348,0.0
NP_001319349,0.0
NP_001319350,0.0
NP_001319351,0.0
NP_001319352,52.0
NP_001319353,52.0
NP_001319354,0.0
NP_001319355,0.0
NP_001319356,0.0
NP_001319357,0.0
NP_001319358,0.0
NP_001319359,0.0
NP_001319360,0.0
NP_001319361,0.0
NP_001319362,0.0
NP_001319363,0.0
NP_001319364,0.0
NP_001319365,0.0
NP_001319366,0.0
NP_001319367,53.0
NP_001319368,0.0
NP_001319369,0.0
NP_001319370,0.0
NP_001319371,0.0
NP_001319372,0.0
NP_001319373,0.0
NP_001319374,47.0
NP_001319375,88.0
NP_001319376,0.0
NP_001319377,0.0
NP_001319378,0.0
NP_001319379,0.0
NP_001319380,0.0
NP_001319381,0.0
NP_001319382,0.0
NP_001319383,0.0
NP_001319384,0.0
NP_001319385,0.0
NP_001319386,0.0
NP_001319387,0.0
NP_001319388,0.0
NP_001319389,0.0
NP_001319390,0.0
NP_001319391,0.0
NP_001319392,0.0
NP_001319393,0.0
NP_001319394,349.0
NP_001319395,45.0
NP_001319396,51.0
NP_001319397,0.0
NP_001319398,0.0
NP_001319399,0.0
NP_001319400,0.0
NP_001319401,0.0
NP_001319402,0.0
NP_001319403,0.0
NP_001319404,0.0
NP_001319405,0.0
NP_001319406,47.0
NP_001319407,0.0
NP_001319408,0.0
NP_001319409,0.0
NP_001319410,0.0
NP_001319411,0.0
NP_001319412,0.0
NP_001319413,0.0
NP_001319414,0.0
NP_001319415,0.0
NP_001319416,0.0
NP_001319417,0.0
NP_001319418,0.0
NP_001319419,0.0
NP_001319420,0.0
NP_001319421,0.0
NP_001319422,46.0
NP_001319423,0.0
NP_001319424,0.0
NP_001319425,0.0
NP_001319426,0.0
NP_001319427,0.0
NP_001319428,0.0
NP_001319429,44.0
NP_001319430,0.0
NP_001319431,0.0
NP_001319432,0.0
NP_001319433,0.0
NP_001319434,0.0
NP_001319435,0.0
NP_001319436,0.0
NP_001319437,0.0
NP_001319438,0.0
NP_001319439,0.0
NP_001319440,0.0
NP_001319441,0.0
NP_001319442,0.0
NP_001319443,0.0
NP_001319444,44.0
NP_001319445,0.0
NP_001319446,0.0
NP_001319447,0.0
NP_001319448,0.0
NP_001319449,0.0
NP_001319450,0.0
NP_001319451,0.0
NP_001319452,0.0
NP_001319453,0.0
NP_001319454,0.0
NP_001319455,0.0
NP_001319456,47.0
NP_001319457,0.0
NP_001319458,0.0
NP_001319459,0.0
NP_001319460,0.0
NP_001319461,0.0
NP_001319462,0.0
NP_001319463,0.0
NP_001319464,0.0
NP_001319465,937.0
NP_001319466,0.0
NP_001319467,47.0
NP_001319468,0.0
NP_001319469,0.0
NP_001319470,0.0
NP_001319471,0.0
NP_001319472,0.0
NP_001319473,0.0
NP_001319474,0.0
NP_001319475,0.0
NP_001319476,0.0
NP_001319477,0.0
NP_001319478,0.0
NP_001319479,0.0
NP_001319480,0.0
NP_001319481,54.0
NP_001319482,0.0
NP_001319483,0.0
NP_001319484,0.0
NP_001319485,0.0
NP_001319486,0.0
NP_001319487,0.0
NP_001319488,0.0
NP_001319489,0.0
NP_001319490,0.0
NP_001319491,0.0
NP_001319492,0.0
NP_001319493,0.0
NP_001319494,0.0
NP_001319495,0.0
NP_001319496,0.0
NP_001319497,42.0
NP_001319498,0.0
NP_001319499,35.0
NP_001319500,0.0
NP_001319501,0.0
NP_001319502,0.0
NP_001319503,0.0
NP_001319504,0.0
NP_001319505,0.0
NP_001319506,0.0
NP_001319507,0.0
NP_001319508,0.0
NP_001319509,0.0
NP_001319510,0.0
NP_001319511,0.0
NP_001319512,0.0
NP_001319513,0.0
NP_001319514,0.0
NP_001319515,0.0
NP_001319516,0.0
NP_001319517,49.0
NP_001319518,0.0
NP_001319519,0.0
NP_001319520,0.0
NP_001319521,898.0
NP_001319522,0.0
NP_001319523,0.0
NP_001319524,0.0
NP_001319525,0.0
NP_001319526,0.0
NP_001319527,50.0
NP_001319528,0.0
NP_001319529,0.0
NP_001319530,0.0
NP_001319531,0.0
NP_001319532,50.0
NP_001319533,0.0
NP_001319534,0.0
NP_001319535,0.0
NP_001319536,0.0
NP_001319537,0.0
NP_001319538,41.0
NP_001319539,0.0
NP_001319540,0.0
NP_001319541,0.0
NP_001319542,0.0
NP_001319543,0.0
NP_001319544,0.0
NP_001319545,0.0
NP_001319546,0.0
NP_001319547,0.0
NP_001319548,47.0
NP_001319549,412.0
NP_001319550,0.0
NP_001319551,0.0
NP_001319552,0.0
NP_001319553,0.0
NP_001319554,40.0
NP_001319555,40.0
NP_001319556,0.0
NP_001319557,0.0
NP_001319558,0.0
NP_001319559,0.0
NP_001319560,0.0
NP_001319561,449.0
NP_001319562,0.0
NP_001319563,0.0
NP_001319564,0.0
NP_001319565,0.0
NP_001319566,0.0
NP_001319567,0.0
NP_001319568,0.0
NP_001319569,0.0
NP_001319570,0.0
NP_001319571,0.0
NP_001319572,0.0
NP_001319573,499.0
NP_001319574,0.0
NP_001319575,0.0
NP_001319576,0.0
NP_001319577,0.0
NP_001319578,34.0
NP_001319579,55.0
NP_001319580,0.0
NP_001319581,0.0
NP_001319582,0.0
NP_001319583,0.0
NP_001319584,0.0
NP_001319585,0.0
NP_001319586,0.0
NP_001319587,0.0
NP_001319588,0.0
NP_001319589,0.0
NP_001319590,0.0
NP_001319591,0.0
NP_001319592,0.0
NP_001319593,0.0
NP_001319594,0.0
NP_001319595,0.0
NP_001319596,0.0
NP_001319597,0.0
NP_001319598,62.0
NP_001319599,0.0
NP_001319600,0.0
NP_001319601,0.0
NP_001319602,0.0
NP_001319603,0.0
NP_001319604,49.0
NP_001319605,0.0
NP_001319606,0.0
NP_001319607,0.0
NP_001319608,0.0
NP_001319609,0.0
NP_001319610,0.0
NP_001319611,0.0
NP_001319612,0.0
NP_001319613,0.0
NP_001319614,0.0
NP_001319615,0.0
NP_001319616,0.0
NP_001319617,0.0
NP_001319618,0.0
NP_001319619,0.0
NP_001319620,66.0
NP_001319621,39.0
NP_001319622,0.0
NP_001319623,0.0
NP_001319624,0.0
NP_001319625,0.0
NP_001319626,0.0
NP_001319627,0.0
NP_001319628,0.0
NP_001319629,0.0
NP_001319630,0.0
NP_001319631,638.0
NP_001319632,43.0
NP_001319633,0.0
NP_001319634,0.0
NP_001319635,0.0
NP_001319636,227.0
NP_001319637,0.0
NP_001319638,0.0
NP_001319639,0.0
NP_001319640,0.0
NP_001319641,0.0
NP_001319642,1357.0
NP_001319643,0.0
NP_001319644,0.0
NP_001319645,0.0
NP_001319646,0.0
NP_001319647,0.0
NP_001319648,0.0
NP_001319649,0.0
NP_001319650,0.0
NP_001319651,0.0
NP_001319652,0.0
NP_001319653,0.0
NP_001319654,0.0
NP_001319655,0.0
NP_001319656,0.0
NP_001319657,0.0
NP_001319658,0.0
NP_001319659,0.0
NP_001319660,38.0
NP_001319661,43.0
NP_001319662,0.0
NP_001319663,0.0
NP_001319664,0.0
NP_001319665,0.0
NP_001319666,0.0
NP_001319667,0.0
NP_001319668,0.0
NP_001319669,0.0
NP_001319670,0.0
NP_001319671,0.0
NP_001319672,0.0
NP_001319673,53.0
NP_001319674,0.0
NP_001319675,0.0
NP_001319676,0.0
NP_001319677,0.0
NP_001319678,0.0
NP_001319679,0.0
NP_001319680,0.0
NP_001319681,0.0
NP_001319682,0.0
NP_001319683,0.0
NP_001319684,0.0
NP_001319685,0.0
NP_001319686,0.0
NP_001319687,0.0
NP_001319688,0.0
NP_001319689,318.0
NP_001319690,0.0
NP_001319691,40.0
NP_001319692,0.0
NP_001319693,0.0
NP_001319694,449.0
NP_001319695,0.0
NP_001319696,0.0
NP_001319697,0.0
NP_001319698,0.0
NP_001319699,240.0
NP_001319700,0.0
NP_001319701,36.0
NP_001319702,0.0
NP_001319703,0.0
NP_001319704,0.0
NP_001319705,50.0
NP_001319706,0.0
NP_001319707,52.0
NP_001319708,0.0
NP_001319709,0.0
NP_001319710,0.0
NP_001319711,52.0
NP_001319712,0.0
NP_001319713,0.0
NP_001319714,0.0
NP_001319715,0.0
NP_001319716,0.0
NP_001319717,0.0
NP_001319718,0.0
NP_001319719,0.0
NP_001319720,0.0
NP_001319721,72.0
NP_001319722,0.0
NP_001319723,0.0
NP_001319724,0.0
NP_001319725,0.0
NP_001319726,0.0
NP_001319727,0.0
NP_001319728,0.0
NP_001319729,39.0
NP_001319730,0.0
NP_001319731,0.0
NP_001319732,0.0
NP_001319733,126.0
NP_001319734,0.0
NP_001319735,0.0
NP_001319736,0.0
NP_001319737,0.0
NP_001319738,768.0
NP_001319739,0.0
NP_001319740,0.0
NP_001319741,0.0
NP_001319742,0.0
NP_001319743,0.0
NP_001319744,0.0
NP_001319745,0.0
NP_001319746,0.0
NP_001319747,0.0
NP_001319748,54.0
NP_001319749,0.0
NP_001319750,0.0
NP_001319751,0.0
NP_001319752,0.0
NP_001319753,0.0
NP_001319754,0.0
NP_001319755,45.0
NP_001319756,0.0
NP_001319757,0.0
NP_001319758,0.0
NP_001319759,0.0
NP_001319760,0.0
NP_001319761,0.0
NP_001319762,0.0
NP_001319763,0.0
NP_001319764,0.0
NP_001319765,684.0
NP_001319766,0.0
NP_001319767,0.0
NP_001319768,0.0
NP_001319769,0.0
NP_001319770,0.0
NP_001319771,0.0
NP_001319772,0.0
NP_001319773,0.0
NP_001319774,0.0
NP_001319775,0.0
NP_001319776,0.0
NP_001319777,0.0
NP_001319778,0.0
NP_001319779,38.0
NP_001319780,0.0
NP_001319781,0.0
NP_001319782,50.0
NP_001319783,48.0
NP_001319784,0.0
NP_001319785,0.0
NP_001319786,0.0
NP_001319787,0.0
NP_001319788,0.0
NP_001319789,0.0
NP_001319790,0.0
NP_001319791,0.0
NP_001319792,0.0
NP_001319793,0.0
NP_001319794,0.0
NP_001319795,0.0
NP_001319796,0.0
NP_001319797,0.0
NP_001319798,0.0
NP_001319799,0.0
NP_001319800,0.0
NP_001319801,0.0
NP_001319802,0.0
NP_001319803,0.0
NP_001319804,38.0
NP_001319805,0.0
NP_001319806,0.0
NP_001319807,0.0
NP_001319808,0.0
NP_001319809,0.0
NP_001319810,0.0
NP_001319811,0.0
NP_001319812,0.0
NP_001319813,0.0
NP_001319814,52.0
NP_001319815,0.0
NP_001319816,0.0
NP_001319817,0.0
NP_001319818,0.0
NP_001319819,0.0
NP_001319820,0.0
NP_001319821,0.0
NP_001319822,0.0
NP_001319823,45.0
NP_001319824,0.0
NP_001319825,0.0
NP_001319826,41.0
NP_001319827,42.0
NP_001319828,0.0
NP_001319829,0.0
NP_001319830,0.0
NP_001319831,0.0
NP_001319832,50.0
NP_001319833,0.0
NP_001319834,0.0
NP_001319835,0.0
NP_001319836,0.0
NP_001319837,378.0
NP_001319838,0.0
NP_001319839,38.0
NP_001319840,0.0
NP_001319841,0.0
NP_001319842,0.0
NP_001319843,0.0
NP_001319844,0.0
NP_001319845,0.0
NP_001319846,0.0
NP_001319847,0.0
NP_001319848,48.0
NP_001319849,0.0
NP_001319850,59.0
NP_001319851,0.0
NP_001319852,0.0
NP_001319853,0.0
NP_001319854,0.0
NP_001319855,0.0
NP_001319856,52.0
NP_001319857,0.0
NP_001319858,47.0
NP_001319859,40.0
NP_001319860,0.0
NP_001319861,0.0
NP_001319862,0.0
NP_001319863,0.0
NP_001319864,0.0
NP_001319865,0.0
NP_001319866,0.0
NP_001319867,0.0
NP_001319868,223.0
NP_001319869,0.0
NP_001319870,0.0
NP_001319871,0.0
NP_001319872,0.0
NP_001319873,0.0
NP_001319874,0.0
NP_001319875,0.0
NP_001319876,0.0
NP_001319877,0.0
NP_001319878,0.0
NP_001319879,0.0
NP_001319880,0.0
NP_001319881,0.0
NP_001319882,0.0
NP_001319883,45.0
NP_001319884,0.0
NP_001319885,42.0
NP_001319886,0.0
NP_001319887,804.0
NP_001319888,0.0
NP_001319889,0.0
NP_001319890,0.0
NP_001319891,0.0
NP_001319892,46.0
NP_001319893,0.0
NP_001319894,0.0
NP_001319895,0.0
NP_001319896,0.0
NP_001319897,0.0
NP_001319898,0.0
NP_001319899,0.0
NP_001319900,0.0
NP_001319901,0.0
NP_001319902,0.0
NP_001319903,0.0
NP_001319904,517.0
NP_001319905,0.0
NP_001319906,0.0
NP_001319907,0.0
NP_001319908,214.0
NP_001319909,0.0
NP_001319910,0.0
NP_001319911,0.0
NP_001319912,0.0
NP_001319913,0.0
NP_001319914,0.0
NP_001319915,0.0
NP_001319916,46.0
NP_001319917,0.0
NP_001319918,0.0
NP_001319919,0.0
NP_001319920,0.0
NP_001319921,0.0
NP_001319922,0.0
NP_001319923,0.0
NP_001319924,456.0
NP_001319925,0.0
NP_001319926,0.0
NP_001319927,0.0
NP_001319928,0.0
NP_001319929,0.0
NP_001319930,0.0
NP_001319931,53.0
NP_001319932,0.0
NP_001319933,0.0
NP_001319934,0.0
NP_001319935,0.0
NP_001319936,0.0
NP_001319937,1411.0
NP_001319938,0.0
NP_001319939,38.0
NP_001319940,0.0
NP_001319941,62.0
NP_001319942,0.0
NP_001319943,41.0
NP_001319944,56.0
NP_001319945,57.0
NP_001319946,54.0
NP_001319947,0.0
NP_001319948,0.0
NP_001319949,0.0
NP_001319950,0.0
NP_001319951,0.0
NP_001319952,0.0
NP_001319953,0.0
NP_001319954,0.0
NP_001319955,0.0
NP_001319956,0.0
NP_001319957,50.0
NP_001319958,0.0
NP_001319959,0.0
NP_001319960,0.0
NP_001319961,0.0
NP_001319962,0.0
NP_001319963,0.0
NP_001319964,0.0
NP_001319965,36.0
NP_001319966,0.0
NP_001319967,0.0
NP_001319968,0.0
NP_001319969,0.0
NP_001319970,5229.0
NP_001319971,3152.0
NP_001319972,1224.0
NP_001319973,745.0
NP_001319974,0.0
NP_001319975,0.0
NP_001319976,53.0
NP_001319977,0.0
NP_001319978,0.0
NP_001319979,0.0
NP_001319980,0.0
NP_001319981,0.0
NP_001319982,370.0
NP_001319983,0.0
NP_001319984,0.0
NP_001319985,0.0
NP_001319986,0.0
NP_001319987,414.0
NP_001319988,0.0
NP_001319989,0.0
NP_001319990,0.0
NP_001319991,0.0
NP_001319992,0.0
NP_001319993,0.0
NP_001319994,0.0
NP_001319995,0.0
NP_001319996,0.0
NP_001319997,753.0
NP_001319998,0.0
NP_001319999,0.0
NP_001320000,0.0
NP_001320001,0.0
NP_001320002,0.0
NP_001320003,0.0
NP_001320004,0.0
NP_001320005,0.0
NP_001320006,0.0
NP_001320007,0.0
NP_001320008,0.0
NP_001320009,0.0
NP_001320010,0.0
NP_001320011,0.0
NP_001320012,0.0
NP_001320013,0.0
NP_001320014,0.0
NP_001320015,0.0
NP_001320016,921.0
NP_001320017,0.0
NP_001320018,0.0
NP_001320019,555.0
NP_001320020,566.0
NP_001320021,0.0
NP_001320022,0.0
NP_001320023,0.0
NP_001320024,0.0
NP_001320025,0.0
NP_001320026,0.0
NP_001320027,0.0
NP_001320028,0.0
NP_001320029,0.0
NP_001320030,0.0
NP_001320031,0.0
NP_001320032,0.0
NP_001320033,0.0
NP_001320034,0.0
NP_001320035,0.0
NP_001320036,0.0
NP_001320037,0.0
NP_001320038,0.0
NP_001320039,520.0
NP_001320040,503.0
NP_001320041,524.0
NP_001320042,491.0
NP_001320043,491.0
NP_001320044,514.0
NP_001320045,498.0
NP_001320046,0.0
NP_001320047,0.0
NP_001320048,0.0
NP_001320049,247.0
NP_001320050,0.0
NP_001320051,0.0
NP_001320052,0.0
NP_001320053,0.0
NP_001320054,0.0
NP_001320055,0.0
NP_001320056,0.0
NP_001320057,0.0
NP_001320058,0.0
NP_001320059,0.0
NP_001320060,0.0
NP_001320061,0.0
NP_001320062,0.0
NP_001320063,0.0
NP_001320064,0.0
NP_001320065,0.0
NP_001320066,0.0
NP_001320067,0.0
NP_001320068,0.0
NP_001320069,0.0
NP_001320070,0.0
NP_001320071,0.0
NP_001320072,0.0
NP_001320073,0.0
NP_001320074,43.0
NP_001320075,0.0
NP_001320076,70.0
NP_001320077,0.0
NP_001320078,0.0
NP_001320079,0.0
NP_001320080,0.0
NP_001320081,348.0
NP_001320082,39.0
NP_001320083,0.0
NP_001320084,0.0
NP_001320085,0.0
NP_001320086,40.0
NP_001320087,0.0
NP_001320088,0.0
NP_001320089,0.0
NP_001320090,0.0
NP_001320091,0.0
NP_001320092,0.0
NP_001320093,0.0
NP_001320094,0.0
NP_001320095,0.0
NP_001320096,47.0
NP_001320097,0.0
NP_001320098,0.0
NP_001320099,0.0
NP_001320100,0.0
NP_001320101,0.0
NP_001320102,0.0
NP_001320103,0.0
NP_001320104,0.0
NP_001320105,62.0
NP_001320106,0.0
NP_001320107,0.0
NP_001320108,0.0
NP_001320109,0.0
NP_001320110,201.0
NP_001320111,0.0
NP_001320112,0.0
NP_001320113,0.0
NP_001320114,0.0
NP_001320115,67.0
NP_001320116,0.0
NP_001320117,624.0
NP_001320118,0.0
NP_001320119,0.0
NP_001320120,0.0
NP_001320121,0.0
NP_001320122,43.0
NP_001320123,292.0
NP_001320124,0.0
NP_001320125,0.0
NP_001320126,0.0
NP_001320127,0.0
NP_001320128,0.0
NP_001320129,257.0
NP_001320130,0.0
NP_001320131,0.0
NP_001320132,0.0
NP_001320133,46.0
NP_001320134,0.0
NP_001320135,0.0
NP_001320136,679.0
NP_001320137,0.0
NP_001320138,0.0
NP_001320139,0.0
NP_001320140,0.0
NP_001320141,56.0
NP_001320142,0.0
NP_001320143,43.0
NP_001320144,0.0
NP_001320145,0.0
NP_001320146,0.0
NP_001320147,0.0
NP_001320148,0.0
NP_001320149,0.0
NP_001320150,0.0
NP_001320151,0.0
NP_001320152,0.0
NP_001320153,0.0
NP_001320154,0.0
NP_001320155,0.0
NP_001320156,0.0
NP_001320157,0.0
NP_001320158,0.0
NP_001320159,0.0
NP_001320160,0.0
NP_001320161,0.0
NP_001320162,0.0
NP_001320163,0.0
NP_001320164,0.0
NP_001320165,0.0
NP_001320166,0.0
NP_001320167,0.0
NP_001320168,0.0
NP_001320169,0.0
NP_001320170,0.0
NP_001320171,0.0
NP_001320172,0.0
NP_001320173,0.0
NP_001320174,0.0
NP_001320175,46.0
NP_001320176,0.0
NP_001320177,0.0
NP_001320178,0.0
NP_001320179,0.0
NP_001320180,0.0
NP_001320181,0.0
NP_001320182,0.0
NP_001320183,0.0
NP_001320184,39.0
NP_001320185,0.0
NP_001320186,0.0
NP_001320187,0.0
NP_001320188,0.0
NP_001320189,0.0
NP_001320190,0.0
NP_001320191,0.0
NP_001320192,0.0
NP_001320193,55.0
NP_001320194,55.0
NP_001320195,55.0
NP_001320196,47.0
NP_001320197,0.0
NP_001320198,0.0
NP_001320199,48.0
NP_001320200,0.0
NP_001320201,41.0
NP_001320202,0.0
NP_001320203,0.0
NP_001320204,0.0
NP_001320205,0.0
NP_001320206,0.0
NP_001320207,0.0
NP_001320208,0.0
NP_001320209,0.0
NP_001320210,0.0
NP_001320211,0.0
NP_001320212,0.0
NP_001320213,0.0
NP_001320214,0.0
NP_001320215,0.0
NP_001320216,0.0
NP_001320217,0.0
NP_001320218,0.0
NP_001320219,0.0
NP_001320220,0.0
NP_001320221,0.0
NP_001320222,0.0
NP_001320223,0.0
NP_001320224,0.0
NP_001320225,0.0
NP_001320226,0.0
NP_001320227,0.0
NP_001320228,0.0
NP_001320229,0.0
NP_001320230,0.0
NP_001320231,0.0
NP_001320232,0.0
NP_001320233,0.0
NP_001320234,0.0
NP_001320235,0.0
NP_001320236,0.0
NP_001320237,0.0
NP_001320238,0.0
NP_001320239,0.0
NP_001320240,0.0
NP_001320241,0.0
NP_001320242,0.0
NP_001320243,425.0
NP_001320244,0.0
NP_001320245,0.0
NP_001320246,0.0
NP_001320247,0.0
NP_001320248,0.0
NP_001320249,0.0
NP_001320250,0.0
NP_001320251,0.0
NP_001320252,0.0
NP_001320253,0.0
NP_001320254,0.0
NP_001320255,474.0
NP_001320256,474.0
NP_001320257,474.0
NP_001320258,430.0
NP_001320259,474.0
NP_001320260,151.0
NP_001320261,151.0
NP_001320262,430.0
NP_001320263,151.0
NP_001320264,418.0
NP_001320265,151.0
NP_001320266,430.0
NP_001320267,0.0
NP_001320268,0.0
NP_001320269,0.0
NP_001320270,0.0
NP_001320271,0.0
NP_001320272,0.0
NP_001320273,0.0
NP_001320274,0.0
NP_001320275,0.0
NP_001320276,0.0
NP_001320277,0.0
NP_001320278,0.0
NP_001320279,0.0
NP_001320280,0.0
NP_001320281,424.0
NP_001320282,0.0
NP_001320283,0.0
NP_001320284,0.0
NP_001320285,0.0
NP_001320286,0.0
NP_001320287,0.0
NP_001320288,0.0
NP_001320289,0.0
NP_001320290,0.0
NP_001320291,0.0
NP_001320292,0.0
NP_001320293,0.0
NP_001320294,0.0
NP_001320295,0.0
NP_001320296,0.0
NP_001320297,0.0
NP_001320298,0.0
NP_001320299,0.0
NP_001320300,0.0
NP_001320301,0.0
NP_001320302,0.0
NP_001320303,0.0
NP_001320304,0.0
NP_001320305,0.0
NP_001320306,0.0
NP_001320307,0.0
NP_001320308,0.0
NP_001320309,0.0
NP_001320310,0.0
NP_001320311,0.0
NP_001320312,0.0
NP_001320313,0.0
NP_001320314,0.0
NP_001320315,0.0
NP_001320316,0.0
NP_001320317,0.0
NP_001320318,0.0
NP_001320319,0.0
NP_001320320,0.0
NP_001320321,0.0
NP_001320322,0.0
NP_001320323,191.0
NP_001320324,0.0
NP_001320325,0.0
NP_001320326,0.0
NP_001320327,0.0
NP_001320328,0.0
NP_001320329,0.0
NP_001320330,0.0
NP_001320331,0.0
NP_001320332,0.0
NP_001320333,269.0
NP_001320334,394.0
NP_001320335,269.0
NP_001320336,269.0
NP_001320337,0.0
NP_001320338,39.0
NP_001320339,0.0
NP_001320340,60.0
NP_001320341,60.0
NP_001320342,0.0
NP_001320343,0.0
NP_001320344,0.0
NP_001320345,0.0
NP_001320346,0.0
NP_001320347,0.0
NP_001320348,0.0
NP_001320349,0.0
NP_001320350,0.0
NP_001320351,0.0
NP_001320352,0.0
NP_001320353,0.0
NP_001320354,0.0
NP_001320355,0.0
NP_001320356,0.0
NP_001320357,0.0
NP_001320358,0.0
NP_001320359,0.0
NP_001320360,0.0
NP_001320361,0.0
NP_001320362,0.0
NP_001320363,0.0
NP_001320364,0.0
NP_001320365,0.0
NP_001320366,0.0
NP_001320367,0.0
NP_001320368,0.0
NP_001320369,0.0
NP_001320370,0.0
NP_001320371,0.0
NP_001320372,0.0
NP_001320373,0.0
NP_001320374,0.0
NP_001320375,0.0
NP_001320376,0.0
NP_001320377,0.0
NP_001320378,0.0
NP_001320379,0.0
NP_001320380,0.0
NP_001320381,0.0
NP_001320382,41.0
NP_001320383,46.0
NP_001320384,41.0
NP_001320385,0.0
NP_001320386,0.0
NP_001320387,0.0
NP_001320388,0.0
NP_001320389,0.0
NP_001320390,0.0
NP_001320391,0.0
NP_001320392,0.0
NP_001320393,0.0
NP_001320394,0.0
NP_001320395,0.0
NP_001320396,0.0
NP_001320397,0.0
NP_001320398,0.0
NP_001320399,0.0
NP_001320400,0.0
NP_001320401,0.0
NP_001320402,0.0
NP_001320403,0.0
NP_001320404,0.0
NP_001320405,52.0
NP_001320406,52.0
NP_001320407,52.0
NP_001320408,52.0
NP_001320409,52.0
NP_001320410,0.0
NP_001320411,0.0
NP_001320412,455.0
NP_001320413,0.0
NP_001320414,0.0
NP_001320415,0.0
NP_001320416,0.0
NP_001320417,454.0
NP_001320418,454.0
NP_001320419,0.0
NP_001320420,0.0
NP_001320421,0.0
NP_001320422,497.0
NP_001320423,430.0
NP_001320424,465.0
NP_001320425,422.0
NP_001320426,0.0
NP_001320427,0.0
NP_001320428,0.0
NP_001320429,0.0
NP_001320430,0.0
NP_001320431,0.0
NP_001320432,0.0
NP_001320433,235.0
NP_001320434,0.0
NP_001320435,49.0
NP_001320436,0.0
NP_001320437,0.0
NP_001320438,0.0
NP_001320439,0.0
NP_001320440,0.0
NP_001320441,0.0
NP_001320442,0.0
NP_001320443,0.0
NP_001320444,0.0
NP_001320445,0.0
NP_001320446,0.0
NP_001320447,0.0
NP_001320448,0.0
NP_001320449,0.0
NP_001320450,0.0
NP_001320451,0.0
NP_001320452,0.0
NP_001320453,0.0
NP_001320454,0.0
NP_001320455,0.0
NP_001320456,0.0
NP_001320457,0.0
NP_001320458,40.0
NP_001320459,70.0
NP_001320460,0.0
NP_001320461,0.0
NP_001320462,0.0
NP_001320463,301.0
NP_001320464,0.0
NP_001320465,0.0
NP_001320466,0.0
NP_001320467,2476.0
NP_001320468,0.0
NP_001320469,0.0
NP_001320470,0.0
NP_001320471,0.0
NP_001320472,0.0
NP_001320473,0.0
NP_001320474,0.0
NP_001320475,0.0
NP_001320476,0.0
NP_001320477,0.0
NP_001320478,36.0
NP_001320479,0.0
NP_001320480,0.0
NP_001320481,0.0
NP_001320482,0.0
NP_001320483,0.0
NP_001320484,0.0
NP_001320485,0.0
NP_001320486,0.0
NP_001320487,459.0
NP_001320488,0.0
NP_001320489,0.0
NP_001320490,0.0
NP_001320491,0.0
NP_001320492,0.0
NP_001320493,0.0
NP_001320494,0.0
NP_001320495,0.0
NP_001320496,0.0
NP_001320497,0.0
NP_001320498,0.0
NP_001320499,359.0
NP_001320500,0.0
NP_001320501,0.0
NP_001320502,2030.0
NP_001320503,452.0
NP_001320504,452.0
NP_001320505,452.0
NP_001320506,452.0
NP_001320507,452.0
NP_001320508,317.0
NP_001320509,452.0
NP_001320510,0.0
NP_001320511,0.0
NP_001320512,0.0
NP_001320513,0.0
NP_001320514,0.0
NP_001320515,0.0
NP_001320516,52.0
NP_001320517,0.0
NP_001320518,0.0
NP_001320519,0.0
NP_001320520,0.0
NP_001320521,0.0
NP_001320522,344.0
NP_001320523,268.0
NP_001320524,268.0
NP_001320525,0.0
NP_001320526,50.0
NP_001320527,50.0
NP_001320528,0.0
NP_001320529,0.0
NP_001320530,1061.0
NP_001320531,45.0
NP_001320532,0.0
NP_001320533,0.0
NP_001320534,0.0
NP_001320535,0.0
NP_001320536,2220.0
NP_001320537,2220.0
NP_001320538,2113.0
NP_001320539,0.0
NP_001320540,0.0
NP_001320541,0.0
NP_001320542,0.0
NP_001320543,0.0
NP_001320544,0.0
NP_001320545,0.0
NP_001320546,0.0
NP_001320547,0.0
NP_001320548,0.0
NP_001320549,0.0
NP_001320550,0.0
NP_001320551,0.0
NP_001320552,0.0
NP_001320553,0.0
NP_001320554,0.0
NP_001320555,0.0
NP_001320556,0.0
NP_001320557,0.0
NP_001320558,0.0
NP_001320559,0.0
NP_001320560,0.0
NP_001320561,0.0
NP_001320562,0.0
NP_001320563,0.0
NP_001320564,0.0
NP_001320565,0.0
NP_001320566,1371.0
NP_001320567,0.0
NP_001320568,241.0
NP_001320569,292.0
NP_001320570,0.0
NP_001320571,0.0
NP_001320572,0.0
NP_001320573,47.0
NP_001320574,450.0
NP_001320575,59.0
NP_001320576,0.0
NP_001320577,0.0
NP_001320578,0.0
NP_001320579,0.0
NP_001320580,0.0
NP_001320581,0.0
NP_001320582,0.0
NP_001320583,59.0
NP_001320584,0.0
NP_001320585,0.0
NP_001320586,0.0
NP_001320587,0.0
NP_001320588,0.0
NP_001320589,0.0
NP_001320590,0.0
NP_001320591,0.0
NP_001320592,0.0
NP_001320593,0.0
NP_001320594,0.0
NP_001320595,0.0
NP_001320596,0.0
NP_001320597,0.0
NP_001320598,0.0
NP_001320599,0.0
NP_001320600,0.0
NP_001320601,0.0
NP_001320602,0.0
NP_001320603,0.0
NP_001320604,0.0
NP_001320605,38.0
NP_001320606,0.0
NP_001320607,0.0
NP_001320608,1252.0
NP_001320609,871.0
NP_001320610,0.0
NP_001320611,0.0
NP_001320612,47.0
NP_001320613,0.0
NP_001320614,0.0
NP_001320615,0.0
NP_001320616,0.0
NP_001320617,0.0
NP_001320618,0.0
NP_001320619,0.0
NP_001320620,0.0
NP_001320621,744.0
NP_001320622,0.0
NP_001320623,0.0
NP_001320624,0.0
NP_001320625,0.0
NP_001320626,0.0
NP_001320627,0.0
NP_001320628,0.0
NP_001320629,0.0
NP_001320630,0.0
NP_001320631,0.0
NP_001320632,0.0
NP_001320633,0.0
NP_001320634,0.0
NP_001320635,0.0
NP_001320636,0.0
NP_001320637,0.0
NP_001320638,0.0
NP_001320639,0.0
NP_001320640,0.0
NP_001320641,45.0
NP_001320642,45.0
NP_001320643,0.0
NP_001320644,0.0
NP_001320645,0.0
NP_001320646,0.0
NP_001320647,0.0
NP_001320648,0.0
NP_001320649,0.0
NP_001320650,0.0
NP_001320651,0.0
NP_001320652,0.0
NP_001320653,0.0
NP_001320654,0.0
NP_001320655,0.0
NP_001320656,0.0
NP_001320657,330.0
NP_001320658,343.0
NP_001320659,0.0
NP_001320660,0.0
NP_001320661,0.0
NP_001320662,0.0
NP_001320663,0.0
NP_001320664,0.0
NP_001320665,596.0
NP_001320666,0.0
NP_001320667,0.0
NP_001320668,0.0
NP_001320669,492.0
NP_001320670,0.0
NP_001320671,0.0
NP_001320672,0.0
NP_001320673,0.0
NP_001320674,0.0
NP_001320675,0.0
NP_001320676,0.0
NP_001320677,0.0
NP_001320678,0.0
NP_001320679,0.0
NP_001320680,0.0
NP_001320681,0.0
NP_001320682,0.0
NP_001320683,0.0
NP_001320684,0.0
NP_001320685,0.0
NP_001320686,0.0
NP_001320687,0.0
NP_001320688,0.0
NP_001320689,0.0
NP_001320690,0.0
NP_001320691,0.0
NP_001320692,0.0
NP_001320693,0.0
NP_001320694,0.0
NP_001320695,0.0
NP_001320696,0.0
NP_001320697,0.0
NP_001320698,0.0
NP_001320699,0.0
NP_001320700,0.0
NP_001320701,0.0
NP_001320702,0.0
NP_001320703,0.0
NP_001320704,0.0
NP_001320705,0.0
NP_001320706,0.0
NP_001320707,0.0
NP_001320708,0.0
NP_001320709,0.0
NP_001320710,0.0
NP_001320711,0.0
NP_001320712,0.0
NP_001320713,0.0
NP_001320714,0.0
NP_001320715,0.0
NP_001320716,0.0
NP_001320717,0.0
NP_001320718,0.0
NP_001320719,1445.0
NP_001320720,0.0
NP_001320721,0.0
NP_001320722,0.0
NP_001320723,0.0
NP_001320724,47.0
NP_001320725,47.0
NP_001320726,0.0
NP_001320727,0.0
NP_001320728,0.0
NP_001320729,0.0
NP_001320730,0.0
NP_001320731,0.0
NP_001320732,0.0
NP_001320733,0.0
NP_001320734,0.0
NP_001320735,0.0
NP_001320736,0.0
NP_001320737,0.0
NP_001320738,0.0
NP_001320739,0.0
NP_001320740,0.0
NP_001320741,0.0
NP_001320742,0.0
NP_001320743,0.0
NP_001320744,0.0
NP_001320745,0.0
NP_001320746,0.0
NP_001320747,0.0
NP_001320748,0.0
NP_001320749,0.0
NP_001320750,0.0
NP_001320751,0.0
NP_001320752,0.0
NP_001320753,0.0
NP_001320754,0.0
NP_001320755,0.0
NP_001320756,0.0
NP_001320757,0.0
NP_001320758,0.0
NP_001320759,0.0
NP_001320760,0.0
NP_001320761,0.0
NP_001320762,0.0
NP_001320763,0.0
NP_001320764,0.0
NP_001320765,188.0
NP_001320766,0.0
NP_001320767,0.0
NP_001320768,0.0
NP_001320769,0.0
NP_001320770,0.0
NP_001320771,41.0
NP_001320772,41.0
NP_001320773,0.0
NP_001320774,0.0
NP_001320775,0.0
NP_001320776,0.0
NP_001320777,0.0
NP_001320778,0.0
NP_001320779,0.0
NP_001320780,0.0
NP_001320781,0.0
NP_001320782,0.0
NP_001320783,0.0
NP_001320784,0.0
NP_001320785,0.0
NP_001320786,0.0
NP_001320787,44.0
NP_001320788,44.0
NP_001320789,0.0
NP_001320790,0.0
NP_001320791,0.0
NP_001320792,0.0
NP_001320793,0.0
NP_001320794,0.0
NP_001320795,0.0
NP_001320796,0.0
NP_001320797,0.0
NP_001320798,0.0
NP_001320799,0.0
NP_001320800,0.0
NP_001320801,0.0
NP_001320802,0.0
NP_001320803,0.0
NP_001320804,0.0
NP_001320805,0.0
NP_001320806,0.0
NP_001320807,0.0
NP_001320808,0.0
NP_001320809,0.0
NP_001320810,640.0
NP_001320811,628.0
NP_001320812,640.0
NP_001320813,0.0
NP_001320814,0.0
NP_001320815,0.0
NP_001320816,0.0
NP_001320817,0.0
NP_001320818,0.0
NP_001320819,0.0
NP_001320820,0.0
NP_001320821,0.0
NP_001320822,0.0
NP_001320823,0.0
NP_001320824,0.0
NP_001320825,0.0
NP_001320826,0.0
NP_001320827,44.0
NP_001320828,39.0
NP_001320829,39.0
NP_001320830,44.0
NP_001320831,48.0
NP_001320832,0.0
NP_001320833,0.0
NP_001320834,0.0
NP_001320835,0.0
NP_001320836,154.0
NP_001320837,0.0
NP_001320838,190.0
NP_001320839,0.0
NP_001320840,0.0
NP_001320841,42.0
NP_001320842,39.0
NP_001320843,0.0
NP_001320844,0.0
NP_001320845,0.0
NP_001320846,49.0
NP_001320847,0.0
NP_001320848,0.0
NP_001320849,0.0
NP_001320850,0.0
NP_001320851,0.0
NP_001320852,0.0
NP_001320853,0.0
NP_001320854,0.0
NP_001320855,363.0
NP_001320856,0.0
NP_001320857,0.0
NP_001320858,0.0
NP_001320859,0.0
NP_001320860,0.0
NP_001320861,0.0
NP_001320862,0.0
NP_001320863,0.0
NP_001320864,0.0
NP_001320865,0.0
NP_001320866,0.0
NP_001320867,0.0
NP_001320868,0.0
NP_001320869,0.0
NP_001320870,0.0
NP_001320871,0.0
NP_001320872,0.0
NP_001320873,0.0
NP_001320874,0.0
NP_001320875,0.0
NP_001320876,0.0
NP_001320877,0.0
NP_001320878,0.0
NP_001320879,0.0
NP_001320880,0.0
NP_001320881,388.0
NP_001320882,45.0
NP_001320883,0.0
NP_001320884,0.0
NP_001320885,0.0
NP_001320886,40.0
NP_001320887,0.0
NP_001320888,0.0
NP_001320889,0.0
NP_001320890,0.0
NP_001320891,0.0
NP_001320892,0.0
NP_001320893,0.0
NP_001320894,0.0
NP_001320895,0.0
NP_001320896,0.0
NP_001320897,0.0
NP_001320898,0.0
NP_001320899,0.0
NP_001320900,0.0
NP_001320901,0.0
NP_001320902,0.0
NP_001320903,0.0
NP_001320904,0.0
NP_001320905,0.0
NP_001320906,0.0
NP_001320907,0.0
NP_001320908,2243.0
NP_001320909,2243.0
NP_001320910,2201.0
NP_001320911,0.0
NP_001320912,0.0
NP_001320913,0.0
NP_001320914,0.0
NP_001320915,0.0
NP_001320916,0.0
NP_001320917,0.0
NP_001320918,0.0
NP_001320919,0.0
NP_001320920,0.0
NP_001320921,260.0
NP_001320922,422.0
NP_001320923,0.0
NP_001320924,0.0
NP_001320925,0.0
NP_001320926,0.0
NP_001320927,0.0
NP_001320928,0.0
NP_001320929,0.0
NP_001320930,0.0
NP_001320931,0.0
NP_001320932,0.0
NP_001320933,0.0
NP_001320934,0.0
NP_001320935,0.0
NP_001320936,0.0
NP_001320937,0.0
NP_001320938,0.0
NP_001320939,40.0
NP_001320940,0.0
NP_001320941,0.0
NP_001320942,0.0
NP_001320943,0.0
NP_001320944,0.0
NP_001320945,0.0
NP_001320946,0.0
NP_001320947,0.0
NP_001320948,0.0
NP_001320949,0.0
NP_001320950,0.0
NP_001320951,0.0
NP_001320952,0.0
NP_001320953,733.0
NP_001320954,46.0
NP_001320955,0.0
NP_001320956,0.0
NP_001320957,0.0
NP_001320958,0.0
NP_001320959,2521.0
NP_001320960,2521.0
NP_001320961,0.0
NP_001320962,0.0
NP_001320963,42.0
NP_001320964,42.0
NP_001320965,42.0
NP_001320966,0.0
NP_001320967,0.0
NP_001320968,0.0
NP_001320969,0.0
NP_001320970,0.0
NP_001320971,0.0
NP_001320972,0.0
NP_001320973,0.0
NP_001320974,0.0
NP_001320975,0.0
NP_001320976,0.0
NP_001320977,41.0
NP_001320978,0.0
NP_001320979,0.0
NP_001320980,0.0
NP_001320981,0.0
NP_001320982,0.0
NP_001320983,0.0
NP_001320984,0.0
NP_001320985,0.0
NP_001320986,0.0
NP_001320987,0.0
NP_001320988,0.0
NP_001320989,0.0
NP_001320990,0.0
NP_001320991,0.0
NP_001320992,0.0
NP_001320993,0.0
NP_001320994,0.0
NP_001320995,0.0
NP_001320996,0.0
NP_001320997,0.0
NP_001320998,0.0
NP_001320999,0.0
NP_001321000,0.0
NP_001321001,0.0
NP_001321002,349.0
NP_001321003,0.0
NP_001321004,463.0
NP_001321005,0.0
NP_001321006,0.0
NP_001321007,0.0
NP_001321008,0.0
NP_001321009,0.0
NP_001321010,0.0
NP_001321011,0.0
NP_001321012,0.0
NP_001321013,0.0
NP_001321014,0.0
NP_001321015,0.0
NP_001321016,0.0
NP_001321017,0.0
NP_001321018,0.0
NP_001321019,0.0
NP_001321020,0.0
NP_001321021,0.0
NP_001321022,0.0
NP_001321023,0.0
NP_001321024,0.0
NP_001321025,0.0
NP_001321026,0.0
NP_001321027,48.0
NP_001321028,0.0
NP_001321029,0.0
NP_001321030,0.0
NP_001321031,44.0
NP_001321032,0.0
NP_001321033,0.0
NP_001321034,0.0
NP_001321035,0.0
NP_001321036,0.0
NP_001321037,0.0
NP_001321038,35.0
NP_001321039,0.0
NP_001321040,0.0
NP_001321041,0.0
NP_001321042,0.0
NP_001321043,0.0
NP_001321044,0.0
NP_001321045,0.0
NP_001321046,0.0
NP_001321047,0.0
NP_001321048,0.0
NP_001321049,0.0
NP_001321050,0.0
NP_001321051,0.0
NP_001321052,0.0
NP_001321053,0.0
NP_001321054,0.0
NP_001321055,0.0
NP_001321056,0.0
NP_001321057,0.0
NP_001321058,0.0
NP_001321059,0.0
NP_001321060,0.0
NP_001321061,0.0
NP_001321062,0.0
NP_001321063,0.0
NP_001321064,0.0
NP_001321065,0.0
NP_001321066,0.0
NP_001321067,0.0
NP_001321068,0.0
NP_001321069,0.0
NP_001321070,0.0
NP_001321071,0.0
NP_001321072,0.0
NP_001321073,0.0
NP_001321074,0.0
NP_001321075,0.0
NP_001321076,0.0
NP_001321077,0.0
NP_001321078,398.0
NP_001321079,456.0
NP_001321080,398.0
NP_001321081,398.0
NP_001321082,0.0
NP_001321083,0.0
NP_001321084,0.0
NP_001321085,0.0
NP_001321086,0.0
NP_001321087,0.0
NP_001321088,0.0
NP_001321089,0.0
NP_001321090,0.0
NP_001321091,0.0
NP_001321092,0.0
NP_001321093,0.0
NP_001321094,0.0
NP_001321095,0.0
NP_001321096,51.0
NP_001321097,0.0
NP_001321098,59.0
NP_001321099,0.0
NP_001321100,0.0
NP_001321101,0.0
NP_001321102,0.0
NP_001321103,0.0
NP_001321104,65.0
NP_001321105,0.0
NP_001321106,52.0
NP_001321107,52.0
NP_001321108,52.0
NP_001321109,52.0
NP_001321110,52.0
NP_001321111,0.0
NP_001321112,0.0
NP_001321113,0.0
NP_001321114,0.0
NP_001321115,0.0
NP_001321116,38.0
NP_001321117,49.0
NP_001321118,0.0
NP_001321119,0.0
NP_001321120,0.0
NP_001321121,344.0
NP_001321122,0.0
NP_001321123,0.0
NP_001321124,0.0
NP_001321125,0.0
NP_001321126,0.0
NP_001321127,0.0
NP_001321128,0.0
NP_001321129,0.0
NP_001321130,0.0
NP_001321131,0.0
NP_001321132,0.0
NP_001321133,0.0
NP_001321134,64.0
NP_001321135,723.0
NP_001321136,610.0
NP_001321137,689.0
NP_001321138,0.0
NP_001321139,0.0
NP_001321140,0.0
NP_001321141,53.0
NP_001321142,53.0
NP_001321143,0.0
NP_001321144,519.0
NP_001321145,46.0
NP_001321146,0.0
NP_001321147,0.0
NP_001321148,0.0
NP_001321149,0.0
NP_001321150,47.0
NP_001321151,47.0
NP_001321152,0.0
NP_001321153,0.0
NP_001321154,0.0
NP_001321155,0.0
NP_001321156,0.0
NP_001321157,0.0
NP_001321158,61.0
NP_001321159,0.0
NP_001321160,0.0
NP_001321161,0.0
NP_001321162,0.0
NP_001321163,0.0
NP_001321164,0.0
NP_001321165,0.0
NP_001321166,0.0
NP_001321167,0.0
NP_001321168,0.0
NP_001321169,0.0
NP_001321170,213.0
NP_001321171,55.0
NP_001321172,0.0
NP_001321173,0.0
NP_001321174,0.0
NP_001321175,0.0
NP_001321176,0.0
NP_001321177,0.0
NP_001321178,0.0
NP_001321179,0.0
NP_001321180,0.0
NP_001321181,0.0
NP_001321182,0.0
NP_001321183,0.0
NP_001321184,0.0
NP_001321185,0.0
NP_001321186,0.0
NP_001321187,0.0
NP_001321188,0.0
NP_001321189,0.0
NP_001321190,0.0
NP_001321191,0.0
NP_001321192,0.0
NP_001321193,0.0
NP_001321194,0.0
NP_001321195,0.0
NP_001321196,0.0
NP_001321197,0.0
NP_001321198,0.0
NP_001321199,0.0
NP_001321200,0.0
NP_001321201,0.0
NP_001321202,0.0
NP_001321203,0.0
NP_001321204,0.0
NP_001321205,0.0
NP_001321206,0.0
NP_001321207,0.0
NP_001321208,0.0
NP_001321209,0.0
NP_001321210,197.0
NP_001321211,197.0
NP_001321212,0.0
NP_001321213,0.0
NP_001321214,0.0
NP_001321215,0.0
NP_001321216,0.0
NP_001321217,0.0
NP_001321218,0.0
NP_001321219,0.0
NP_001321220,0.0
NP_001321221,0.0
NP_001321222,0.0
NP_001321223,0.0
NP_001321224,1400.0
NP_001321225,1197.0
NP_001321226,962.0
NP_001321227,0.0
NP_001321228,324.0
NP_001321229,286.0
NP_001321230,0.0
NP_001321231,0.0
NP_001321232,402.0
NP_001321233,0.0
NP_001321234,0.0
NP_001321235,0.0
NP_001321236,0.0
NP_001321237,0.0
NP_001321238,0.0
NP_001321239,191.0
NP_001321240,0.0
NP_001321241,0.0
NP_001321242,0.0
NP_001321243,0.0
NP_001321244,0.0
NP_001321245,0.0
NP_001321246,0.0
NP_001321247,0.0
NP_001321248,0.0
NP_001321249,0.0
NP_001321250,0.0
NP_001321251,0.0
NP_001321252,35.0
NP_001321253,46.0
NP_001321254,0.0
NP_001321255,0.0
NP_001321256,376.0
NP_001321257,376.0
NP_001321258,376.0
NP_001321259,378.0
NP_001321260,378.0
NP_001321261,378.0
NP_001321262,376.0
NP_001321263,378.0
NP_001321264,378.0
NP_001321265,376.0
NP_001321266,38.0
NP_001321267,0.0
NP_001321268,37.0
NP_001321269,0.0
NP_001321270,0.0
NP_001321271,0.0
NP_001321272,0.0
NP_001321273,50.0
NP_001321274,0.0
NP_001321275,0.0
NP_001321276,0.0
NP_001321277,0.0
NP_001321278,0.0
NP_001321279,0.0
NP_001321280,0.0
NP_001321281,0.0
NP_001321282,0.0
NP_001321283,0.0
NP_001321284,35.0
NP_001321285,0.0
NP_001321286,0.0
NP_001321287,0.0
NP_001321288,57.0
NP_001321289,57.0
NP_001321290,0.0
NP_001321291,223.0
NP_001321292,0.0
NP_001321293,0.0
NP_001321294,0.0
NP_001321295,0.0
NP_001321296,0.0
NP_001321297,0.0
NP_001321298,0.0
NP_001321299,0.0
NP_001321300,0.0
NP_001321301,0.0
NP_001321302,534.0
NP_001321303,0.0
NP_001321304,44.0
NP_001321305,0.0
NP_001321306,0.0
NP_001321307,0.0
NP_001321308,0.0
NP_001321309,0.0
NP_001321310,0.0
NP_001321311,603.0
NP_001321312,0.0
NP_001321313,0.0
NP_001321314,0.0
NP_001321315,0.0
NP_001321316,0.0
NP_001321317,0.0
NP_001321318,0.0
NP_001321319,1017.0
NP_001321320,0.0
NP_001321321,0.0
NP_001321322,0.0
NP_001321323,0.0
NP_001321324,0.0
NP_001321325,0.0
NP_001321326,0.0
NP_001321327,0.0
NP_001321328,0.0
NP_001321329,0.0
NP_001321330,0.0
NP_001321331,0.0
NP_001321332,50.0
NP_001321333,0.0
NP_001321334,0.0
NP_001321335,0.0
NP_001321336,0.0
NP_001321337,0.0
NP_001321338,0.0
NP_001321339,0.0
NP_001321340,0.0
NP_001321341,0.0
NP_001321342,0.0
NP_001321343,0.0
NP_001321344,0.0
NP_001321345,0.0
NP_001321346,0.0
NP_001321347,0.0
NP_001321348,0.0
NP_001321349,0.0
NP_001321350,0.0
NP_001321351,0.0
NP_001321352,0.0
NP_001321353,0.0
NP_001321354,0.0
NP_001321355,0.0
NP_001321356,0.0
NP_001321357,0.0
NP_001321358,0.0
NP_001321359,0.0
NP_001321360,0.0
NP_001321361,0.0
NP_001321362,0.0
NP_001321363,0.0
NP_001321364,0.0
NP_001321365,0.0
NP_001321366,0.0
NP_001321367,0.0
NP_001321368,0.0
NP_001321369,0.0
NP_001321370,473.0
NP_001321371,0.0
NP_001321372,0.0
NP_001321373,0.0
NP_001321374,450.0
NP_001321375,0.0
NP_001321376,0.0
NP_001321377,0.0
NP_001321378,0.0
NP_001321379,0.0
NP_001321380,1279.0
NP_001321381,1279.0
NP_001321382,1279.0
NP_001321383,1279.0
NP_001321384,0.0
NP_001321385,2676.0
NP_001321386,2676.0
NP_001321387,0.0
NP_001321388,0.0
NP_001321389,0.0
NP_001321390,0.0
NP_001321391,0.0
NP_001321392,0.0
NP_001321393,0.0
NP_001321394,0.0
NP_001321395,0.0
NP_001321396,0.0
NP_001321397,0.0
NP_001321398,0.0
NP_001321399,0.0
NP_001321400,0.0
NP_001321401,0.0
NP_001321402,0.0
NP_001321403,0.0
NP_001321404,0.0
NP_001321405,0.0
NP_001321406,0.0
NP_001321407,0.0
NP_001321408,0.0
NP_001321409,0.0
NP_001321410,0.0
NP_001321411,0.0
NP_001321412,0.0
NP_001321413,0.0
NP_001321414,0.0
NP_001321415,0.0
NP_001321416,0.0
NP_001321417,0.0
NP_001321418,0.0
NP_001321419,0.0
NP_001321420,0.0
NP_001321421,0.0
NP_001321422,0.0
NP_001321423,0.0
NP_001321424,378.0
NP_001321425,0.0
NP_001321426,484.0
NP_001321427,0.0
NP_001321428,0.0
NP_001321429,0.0
NP_001321430,0.0
NP_001321431,0.0
NP_001321432,0.0
NP_001321433,0.0
NP_001321434,0.0
NP_001321435,0.0
NP_001321436,0.0
NP_001321437,0.0
NP_001321438,63.0
NP_001321439,53.0
NP_001321440,53.0
NP_001321441,53.0
NP_001321442,53.0
NP_001321443,53.0
NP_001321444,53.0
NP_001321445,0.0
NP_001321446,0.0
NP_001321447,0.0
NP_001321448,0.0
NP_001321449,0.0
NP_001321450,53.0
NP_001321451,53.0
NP_001321452,53.0
NP_001321453,0.0
NP_001321454,0.0
NP_001321455,41.0
NP_001321456,39.0
NP_001321457,0.0
NP_001321458,39.0
NP_001321459,39.0
NP_001321460,0.0
NP_001321461,0.0
NP_001321462,0.0
NP_001321463,0.0
NP_001321464,40.0
NP_001321465,45.0
NP_001321466,0.0
NP_001321467,0.0
NP_001321468,0.0
NP_001321469,59.0
NP_001321470,0.0
NP_001321471,0.0
NP_001321472,0.0
NP_001321473,0.0
NP_001321474,0.0
NP_001321475,0.0
NP_001321476,0.0
NP_001321477,0.0
NP_001321478,0.0
NP_001321479,0.0
NP_001321480,0.0
NP_001321481,344.0
NP_001321482,344.0
NP_001321483,442.0
NP_001321484,0.0
NP_001321485,0.0
NP_001321486,0.0
NP_001321487,0.0
NP_001321488,0.0
NP_001321489,0.0
NP_001321490,0.0
NP_001321491,0.0
NP_001321492,0.0
NP_001321493,0.0
NP_001321494,0.0
NP_001321495,0.0
NP_001321496,0.0
NP_001321497,0.0
NP_001321498,0.0
NP_001321499,0.0
NP_001321500,0.0
NP_001321501,0.0
NP_001321502,0.0
NP_001321503,0.0
NP_001321504,0.0
NP_001321505,0.0
NP_001321506,0.0
NP_001321507,0.0
NP_001321508,0.0
NP_001321509,0.0
NP_001321510,0.0
NP_001321511,0.0
NP_001321512,0.0
NP_001321513,0.0
NP_001321514,0.0
NP_001321515,0.0
NP_001321516,0.0
NP_001321517,0.0
NP_001321518,0.0
NP_001321519,0.0
NP_001321520,0.0
NP_001321521,0.0
NP_001321522,0.0
NP_001321523,45.0
NP_001321524,40.0
NP_001321525,0.0
NP_001321526,0.0
NP_001321527,0.0
NP_001321528,0.0
NP_001321529,0.0
NP_001321530,0.0
NP_001321531,0.0
NP_001321532,0.0
NP_001321533,0.0
NP_001321534,0.0
NP_001321535,0.0
NP_001321536,0.0
NP_001321537,0.0
NP_001321538,1346.0
NP_001321539,0.0
NP_001321540,0.0
NP_001321541,0.0
NP_001321542,0.0
NP_001321543,0.0
NP_001321544,0.0
NP_001321545,37.0
NP_001321546,37.0
NP_001321547,53.0
NP_001321548,53.0
NP_001321549,53.0
NP_001321550,53.0
NP_001321551,0.0
NP_001321552,0.0
NP_001321553,0.0
NP_001321554,0.0
NP_001321555,0.0
NP_001321556,0.0
NP_001321557,0.0
NP_001321558,0.0
NP_001321559,0.0
NP_001321560,0.0
NP_001321561,282.0
NP_001321562,248.0
NP_001321563,0.0
NP_001321564,0.0
NP_001321565,0.0
NP_001321566,0.0
NP_001321567,0.0
NP_001321568,0.0
NP_001321569,0.0
NP_001321570,54.0
NP_001321571,0.0
NP_001321572,44.0
NP_001321573,42.0
NP_001321574,54.0
NP_001321575,47.0
NP_001321576,42.0
NP_001321577,0.0
NP_001321578,48.0
NP_001321579,589.0
NP_001321580,0.0
NP_001321581,0.0
NP_001321582,0.0
NP_001321583,0.0
NP_001321584,0.0
NP_001321585,0.0
NP_001321586,0.0
NP_001321587,0.0
NP_001321588,0.0
NP_001321589,0.0
NP_001321590,0.0
NP_001321591,0.0
NP_001321592,0.0
NP_001321593,0.0
NP_001321594,0.0
NP_001321595,0.0
NP_001321596,0.0
NP_001321597,0.0
NP_001321598,0.0
NP_001321599,0.0
NP_001321600,0.0
NP_001321601,0.0
NP_001321602,0.0
NP_001321603,451.0
NP_001321604,0.0
NP_001321605,0.0
NP_001321606,46.0
NP_001321607,0.0
NP_001321608,0.0
NP_001321609,0.0
NP_001321610,0.0
NP_001321611,0.0
NP_001321612,0.0
NP_001321613,0.0
NP_001321614,0.0
NP_001321615,0.0
NP_001321616,0.0
NP_001321617,0.0
NP_001321618,0.0
NP_001321619,0.0
NP_001321620,0.0
NP_001321621,0.0
NP_001321622,48.0
NP_001321623,45.0
NP_001321624,0.0
NP_001321625,0.0
NP_001321626,0.0
NP_001321627,0.0
NP_001321628,0.0
NP_001321629,0.0
NP_001321630,0.0
NP_001321631,0.0
NP_001321632,0.0
NP_001321633,0.0
NP_001321634,0.0
NP_001321635,0.0
NP_001321636,0.0
NP_001321637,0.0
NP_001321638,0.0
NP_001321639,0.0
NP_001321640,0.0
NP_001321641,0.0
NP_001321642,0.0
NP_001321643,0.0
NP_001321644,0.0
NP_001321645,42.0
NP_001321646,0.0
NP_001321647,0.0
NP_001321648,47.0
NP_001321649,0.0
NP_001321650,0.0
NP_001321651,0.0
NP_001321652,0.0
NP_001321653,0.0
NP_001321654,0.0
NP_001321655,0.0
NP_001321656,0.0
NP_001321657,0.0
NP_001321658,0.0
NP_001321659,0.0
NP_001321660,0.0
NP_001321661,0.0
NP_001321662,0.0
NP_001321663,0.0
NP_001321664,0.0
NP_001321665,0.0
NP_001321666,0.0
NP_001321667,0.0
NP_001321668,0.0
NP_001321669,0.0
NP_001321670,0.0
NP_001321671,37.0
NP_001321672,0.0
NP_001321673,0.0
NP_001321674,0.0
NP_001321675,0.0
NP_001321676,0.0
NP_001321677,0.0
NP_001321678,0.0
NP_001321679,0.0
NP_001321680,0.0
NP_001321681,40.0
NP_001321682,0.0
NP_001321683,0.0
NP_001321684,0.0
NP_001321685,67.0
NP_001321686,0.0
NP_001321687,0.0
NP_001321688,0.0
NP_001321689,0.0
NP_001321690,0.0
NP_001321691,0.0
NP_001321692,0.0
NP_001321693,0.0
NP_001321694,0.0
NP_001321695,0.0
NP_001321696,0.0
NP_001321697,0.0
NP_001321698,0.0
NP_001321699,0.0
NP_001321700,0.0
NP_001321701,46.0
NP_001321702,0.0
NP_001321703,0.0
NP_001321704,0.0
NP_001321705,431.0
NP_001321706,361.0
NP_001321707,0.0
NP_001321708,486.0
NP_001321709,486.0
NP_001321710,0.0
NP_001321711,0.0
NP_001321712,0.0
NP_001321713,0.0
NP_001321714,0.0
NP_001321715,0.0
NP_001321716,0.0
NP_001321717,0.0
NP_001321718,0.0
NP_001321719,0.0
NP_001321720,0.0
NP_001321721,0.0
NP_001321722,57.0
NP_001321723,57.0
NP_001321724,0.0
NP_001321725,0.0
NP_001321726,0.0
NP_001321727,0.0
NP_001321728,0.0
NP_001321729,0.0
NP_001321730,0.0
NP_001321731,0.0
NP_001321732,0.0
NP_001321733,0.0
NP_001321734,0.0
NP_001321735,0.0
NP_001321736,0.0
NP_001321737,0.0
NP_001321738,0.0
NP_001321739,0.0
NP_001321740,0.0
NP_001321741,0.0
NP_001321742,0.0
NP_001321743,0.0
NP_001321744,0.0
NP_001321745,0.0
NP_001321746,0.0
NP_001321747,0.0
NP_001321748,0.0
NP_001321749,0.0
NP_001321750,0.0
NP_001321751,0.0
NP_001321752,0.0
NP_001321753,0.0
NP_001321754,0.0
NP_001321755,0.0
NP_001321756,0.0
NP_001321757,0.0
NP_001321758,0.0
NP_001321759,0.0
NP_001321760,0.0
NP_001321761,0.0
NP_001321762,0.0
NP_001321763,0.0
NP_001321764,0.0
NP_001321765,41.0
NP_001321766,0.0
NP_001321767,0.0
NP_001321768,0.0
NP_001321769,0.0
NP_001321770,0.0
NP_001321771,0.0
NP_001321772,0.0
NP_001321773,596.0
NP_001321774,596.0
NP_001321775,0.0
NP_001321776,0.0
NP_001321777,0.0
NP_001321778,0.0
NP_001321779,0.0
NP_001321780,50.0
NP_001321781,50.0
NP_001321782,50.0
NP_001321783,50.0
NP_001321784,50.0
NP_001321785,50.0
NP_001321786,50.0
NP_001321787,0.0
NP_001321788,0.0
NP_001321789,0.0
NP_001321790,0.0
NP_001321791,0.0
NP_001321792,0.0
NP_001321793,0.0
NP_001321794,480.0
NP_001321795,480.0
NP_001321796,480.0
NP_001321797,480.0
NP_001321798,0.0
NP_001321799,0.0
NP_001321800,0.0
NP_001321801,0.0
NP_001321802,0.0
NP_001321803,0.0
NP_001321804,0.0
NP_001321805,0.0
NP_001321806,0.0
NP_001321807,0.0
NP_001321808,42.0
NP_001321809,0.0
NP_001321810,0.0
NP_001321811,0.0
NP_001321812,0.0
NP_001321813,0.0
NP_001321814,41.0
NP_001321815,41.0
NP_001321816,41.0
NP_001321817,41.0
NP_001321818,41.0
NP_001321819,41.0
NP_001321820,0.0
NP_001321821,0.0
NP_001321822,0.0
NP_001321823,41.0
NP_001321824,41.0
NP_001321825,41.0
NP_001321826,41.0
NP_001321827,608.0
NP_001321828,0.0
NP_001321829,0.0
NP_001321830,0.0
NP_001321831,0.0
NP_001321832,0.0
NP_001321833,0.0
NP_001321834,0.0
NP_001321835,0.0
NP_001321836,0.0
NP_001321837,0.0
NP_001321838,0.0
NP_001321839,0.0
NP_001321840,0.0
NP_001321841,394.0
NP_001321842,433.0
NP_001321843,0.0
NP_001321844,0.0
NP_001321845,0.0
NP_001321846,0.0
NP_001321847,0.0
NP_001321848,0.0
NP_001321849,0.0
NP_001321850,0.0
NP_001321851,0.0
NP_001321852,0.0
NP_001321853,0.0
NP_001321854,0.0
NP_001321855,0.0
NP_001321856,1779.0
NP_001321857,0.0
NP_001321858,0.0
NP_001321859,0.0
NP_001321860,0.0
NP_001321861,0.0
NP_001321862,0.0
NP_001321863,0.0
NP_001321864,0.0
NP_001321865,0.0
NP_001321866,0.0
NP_001321867,0.0
NP_001321868,0.0
NP_001321869,0.0
NP_001321870,0.0
NP_001321871,0.0
NP_001321872,0.0
NP_001321873,0.0
NP_001321874,0.0
NP_001321875,0.0
NP_001321876,0.0
NP_001321877,0.0
NP_001321878,0.0
NP_001321879,0.0
NP_001321880,0.0
NP_001321881,0.0
NP_001321882,0.0
NP_001321883,0.0
NP_001321884,0.0
NP_001321885,0.0
NP_001321886,0.0
NP_001321887,0.0
NP_001321888,0.0
NP_001321889,0.0
NP_001321890,0.0
NP_001321891,0.0
NP_001321892,0.0
NP_001321893,0.0
NP_001321894,0.0
NP_001321895,0.0
NP_001321896,0.0
NP_001321897,0.0
NP_001321898,405.0
NP_001321899,635.0
NP_001321900,497.0
NP_001321901,501.0
NP_001321902,0.0
NP_001321903,0.0
NP_001321904,0.0
NP_001321905,0.0
NP_001321906,0.0
NP_001321907,0.0
NP_001321908,0.0
NP_001321909,0.0
NP_001321910,0.0
NP_001321911,0.0
NP_001321912,0.0
NP_001321913,0.0
NP_001321914,0.0
NP_001321915,0.0
NP_001321916,0.0
NP_001321917,0.0
NP_001321918,0.0
NP_001321919,43.0
NP_001321920,43.0
NP_001321921,0.0
NP_001321922,0.0
NP_001321923,0.0
NP_001321924,0.0
NP_001321925,0.0
NP_001321926,0.0
NP_001321927,0.0
NP_001321928,0.0
NP_001321929,0.0
NP_001321930,0.0
NP_001321931,0.0
NP_001321932,0.0
NP_001321933,0.0
NP_001321934,0.0
NP_001321935,0.0
NP_001321936,0.0
NP_001321937,0.0
NP_001321938,0.0
NP_001321939,367.0
NP_001321940,357.0
NP_001321941,0.0
NP_001321942,0.0
NP_001321943,0.0
NP_001321944,475.0
NP_001321945,451.0
NP_001321946,51.0
NP_001321947,51.0
NP_001321948,51.0
NP_001321949,51.0
NP_001321950,0.0
NP_001321951,0.0
NP_001321952,0.0
NP_001321953,0.0
NP_001321954,0.0
NP_001321955,0.0
NP_001321956,0.0
NP_001321957,0.0
NP_001321958,0.0
NP_001321959,0.0
NP_001321960,0.0
NP_001321961,0.0
NP_001321962,0.0
NP_001321963,0.0
NP_001321964,0.0
NP_001321965,0.0
NP_001321966,748.0
NP_001321967,691.0
NP_001321968,371.0
NP_001321969,230.0
NP_001321970,0.0
NP_001321971,0.0
NP_001321972,0.0
NP_001321973,0.0
NP_001321974,0.0
NP_001321975,50.0
NP_001321976,0.0
NP_001321977,0.0
NP_001321978,0.0
NP_001321979,0.0
NP_001321980,0.0
NP_001321981,35.0
NP_001321982,0.0
NP_001321983,0.0
NP_001321984,0.0
NP_001321985,0.0
NP_001321986,0.0
NP_001321987,164.0
NP_001321988,221.0
NP_001321989,164.0
NP_001321990,42.0
NP_001321991,0.0
NP_001321992,0.0
NP_001321993,0.0
NP_001321994,0.0
NP_001321995,0.0
NP_001321996,0.0
NP_001321997,777.0
NP_001321998,47.0
NP_001321999,0.0
NP_001322000,0.0
NP_001322001,0.0
NP_001322002,40.0
NP_001322003,0.0
NP_001322004,0.0
NP_001322005,0.0
NP_001322006,0.0
NP_001322007,49.0
NP_001322008,0.0
NP_001322009,0.0
NP_001322010,0.0
NP_001322011,44.0
NP_001322012,44.0
NP_001322013,44.0
NP_001322014,44.0
NP_001322015,44.0
NP_001322016,0.0
NP_001322017,0.0
NP_001322018,0.0
NP_001322019,0.0
NP_001322020,0.0
NP_001322021,0.0
NP_001322022,0.0
NP_001322023,0.0
NP_001322024,885.0
NP_001322025,1176.0
NP_001322026,0.0
NP_001322027,0.0
NP_001322028,354.0
NP_001322029,0.0
NP_001322030,0.0
NP_001322031,0.0
NP_001322032,0.0
NP_001322033,0.0
NP_001322034,0.0
NP_001322035,0.0
NP_001322036,0.0
NP_001322037,0.0
NP_001322038,0.0
NP_001322039,0.0
NP_001322040,0.0
NP_001322041,0.0
NP_001322042,0.0
NP_001322043,0.0
NP_001322044,0.0
NP_001322045,0.0
NP_001322046,0.0
NP_001322047,0.0
NP_001322048,0.0
NP_001322049,0.0
NP_001322050,0.0
NP_001322051,0.0
NP_001322052,0.0
NP_001322053,0.0
NP_001322054,0.0
NP_001322055,0.0
NP_001322056,0.0
NP_001322057,0.0
NP_001322058,0.0
NP_001322059,47.0
NP_001322060,0.0
NP_001322061,361.0
NP_001322062,253.0
NP_001322063,0.0
NP_001322064,0.0
NP_001322065,0.0
NP_001322066,0.0
NP_001322067,0.0
NP_001322068,0.0
NP_001322069,0.0
NP_001322070,0.0
NP_001322071,0.0
NP_001322072,40.0
NP_001322073,40.0
NP_001322074,0.0
NP_001322075,0.0
NP_001322076,0.0
NP_001322077,56.0
NP_001322078,0.0
NP_001322079,0.0
NP_001322080,0.0
NP_001322081,0.0
NP_001322082,0.0
NP_001322083,0.0
NP_001322084,0.0
NP_001322085,0.0
NP_001322086,0.0
NP_001322087,0.0
NP_001322088,0.0
NP_001322089,0.0
NP_001322090,0.0
NP_001322091,0.0
NP_001322092,0.0
NP_001322093,0.0
NP_001322094,0.0
NP_001322095,0.0
NP_001322096,0.0
NP_001322097,0.0
NP_001322098,0.0
NP_001322099,0.0
NP_001322100,0.0
NP_001322101,47.0
NP_001322102,47.0
NP_001322103,0.0
NP_001322104,0.0
NP_001322105,0.0
NP_001322106,0.0
NP_001322107,0.0
NP_001322108,0.0
NP_001322109,0.0
NP_001322110,0.0
NP_001322111,46.0
NP_001322112,1156.0
NP_001322113,976.0
NP_001322114,0.0
NP_001322115,58.0
NP_001322116,58.0
NP_001322117,435.0
NP_001322118,369.0
NP_001322119,0.0
NP_001322120,0.0
NP_001322121,0.0
NP_001322122,0.0
NP_001322123,0.0
NP_001322124,0.0
NP_001322125,0.0
NP_001322126,0.0
NP_001322127,0.0
NP_001322128,58.0
NP_001322129,58.0
NP_001322130,58.0
NP_001322131,0.0
NP_001322132,0.0
NP_001322133,0.0
NP_001322134,0.0
NP_001322135,0.0
NP_001322136,41.0
NP_001322137,0.0
NP_001322138,0.0
NP_001322139,0.0
NP_001322140,0.0
NP_001322141,0.0
NP_001322142,1129.0
NP_001322143,1091.0
NP_001322144,0.0
NP_001322145,0.0
NP_001322146,0.0
NP_001322147,0.0
NP_001322148,0.0
NP_001322149,0.0
NP_001322150,0.0
NP_001322151,0.0
NP_001322152,0.0
NP_001322153,0.0
NP_001322154,43.0
NP_001322155,43.0
NP_001322156,0.0
NP_001322157,44.0
NP_001322158,0.0
NP_001322159,0.0
NP_001322160,0.0
NP_001322161,0.0
NP_001322162,33.0
NP_001322163,0.0
NP_001322164,0.0
NP_001322165,0.0
NP_001322166,0.0
NP_001322167,0.0
NP_001322168,0.0
NP_001322169,0.0
NP_001322170,0.0
NP_001322171,0.0
NP_001322172,0.0
NP_001322173,0.0
NP_001322174,0.0
NP_001322175,0.0
NP_001322176,39.0
NP_001322177,36.0
NP_001322178,36.0
NP_001322179,0.0
NP_001322180,0.0
NP_001322181,0.0
NP_001322182,0.0
NP_001322183,0.0
NP_001322184,51.0
NP_001322185,51.0
NP_001322186,0.0
NP_001322187,0.0
NP_001322188,0.0
NP_001322189,0.0
NP_001322190,0.0
NP_001322191,0.0
NP_001322192,0.0
NP_001322193,0.0
NP_001322194,0.0
NP_001322195,0.0
NP_001322196,0.0
NP_001322197,0.0
NP_001322198,0.0
NP_001322199,0.0
NP_001322200,0.0
NP_001322201,0.0
NP_001322202,0.0
NP_001322203,403.0
NP_001322204,467.0
NP_001322205,467.0
NP_001322206,0.0
NP_001322207,46.0
NP_001322208,0.0
NP_001322209,0.0
NP_001322210,0.0
NP_001322211,0.0
NP_001322212,0.0
NP_001322213,0.0
NP_001322214,0.0
NP_001322215,0.0
NP_001322216,0.0
NP_001322217,0.0
NP_001322218,0.0
NP_001322219,437.0
NP_001322220,291.0
NP_001322221,0.0
NP_001322222,0.0
NP_001322223,0.0
NP_001322224,0.0
NP_001322225,0.0
NP_001322226,0.0
NP_001322227,0.0
NP_001322228,42.0
NP_001322229,0.0
NP_001322230,0.0
NP_001322231,0.0
NP_001322232,0.0
NP_001322233,0.0
NP_001322234,0.0
NP_001322235,0.0
NP_001322236,0.0
NP_001322237,0.0
NP_001322238,0.0
NP_001322239,0.0
NP_001322240,0.0
NP_001322241,0.0
NP_001322242,0.0
NP_001322243,0.0
NP_001322244,0.0
NP_001322245,0.0
NP_001322246,0.0
NP_001322247,0.0
NP_001322248,0.0
NP_001322249,0.0
NP_001322250,0.0
NP_001322251,0.0
NP_001322252,0.0
NP_001322253,0.0
NP_001322254,0.0
NP_001322255,0.0
NP_001322256,0.0
NP_001322257,0.0
NP_001322258,81.0
NP_001322259,81.0
NP_001322260,58.0
NP_001322261,0.0
NP_001322262,0.0
NP_001322263,0.0
NP_001322264,0.0
NP_001322265,0.0
NP_001322266,0.0
NP_001322267,0.0
NP_001322268,0.0
NP_001322269,0.0
NP_001322270,36.0
NP_001322271,0.0
NP_001322272,0.0
NP_001322273,0.0
NP_001322274,0.0
NP_001322275,0.0
NP_001322276,0.0
NP_001322277,0.0
NP_001322278,0.0
NP_001322279,0.0
NP_001322280,37.0
NP_001322281,42.0
NP_001322282,0.0
NP_001322283,0.0
NP_001322284,0.0
NP_001322285,0.0
NP_001322286,0.0
NP_001322287,0.0
NP_001322288,0.0
NP_001322289,0.0
NP_001322290,0.0
NP_001322291,0.0
NP_001322292,0.0
NP_001322293,0.0
NP_001322294,0.0
NP_001322296,0.0
NP_001322297,0.0
NP_001322298,0.0
NP_001322299,0.0
NP_001322300,0.0
NP_001322301,47.0
NP_001322302,0.0
NP_001322303,0.0
NP_001322304,0.0
NP_001322305,0.0
NP_001322306,0.0
NP_001322307,0.0
NP_001322308,0.0
NP_001322309,0.0
NP_001322310,0.0
NP_001322311,408.0
NP_001322312,0.0
NP_001322313,0.0
NP_001322314,0.0
NP_001322315,0.0
NP_001322316,0.0
NP_001322317,72.0
NP_001322318,0.0
NP_001322319,0.0
NP_001322320,0.0
NP_001322321,0.0
NP_001322322,0.0
NP_001322323,0.0
NP_001322324,0.0
NP_001322325,0.0
NP_001322326,61.0
NP_001322327,61.0
NP_001322328,61.0
NP_001322329,61.0
NP_001322330,61.0
NP_001322331,61.0
NP_001322332,61.0
NP_001322333,61.0
NP_001322334,61.0
NP_001322335,0.0
NP_001322336,0.0
NP_001322337,0.0
NP_001322338,0.0
NP_001322339,0.0
NP_001322340,0.0
NP_001322341,1423.0
NP_001322342,0.0
NP_001322343,0.0
NP_001322344,0.0
NP_001322345,0.0
NP_001322346,0.0
NP_001322347,0.0
NP_001322348,0.0
NP_001322349,0.0
NP_001322350,0.0
NP_001322351,711.0
NP_001322352,681.0
NP_001322353,0.0
NP_001322354,0.0
NP_001322355,0.0
NP_001322356,0.0
NP_001322357,0.0
NP_001322358,0.0
NP_001322359,37.0
NP_001322360,0.0
NP_001322361,0.0
NP_001322362,0.0
NP_001322363,0.0
NP_001322364,0.0
NP_001322365,0.0
NP_001322366,50.0
NP_001322367,50.0
NP_001322368,0.0
NP_001322369,0.0
NP_001322370,0.0
NP_001322371,0.0
NP_001322372,0.0
NP_001322373,0.0
NP_001322374,0.0
NP_001322375,0.0
NP_001322376,0.0
NP_001322377,0.0
NP_001322378,0.0
NP_001322379,0.0
NP_001322380,0.0
NP_001322381,0.0
NP_001322382,0.0
NP_001322383,0.0
NP_001322384,0.0
NP_001322385,0.0
NP_001322386,0.0
NP_001322387,0.0
NP_001322388,46.0
NP_001322389,46.0
NP_001322390,0.0
NP_001322391,0.0
NP_001322392,53.0
NP_001322393,570.0
NP_001322394,570.0
NP_001322395,0.0
NP_001322396,39.0
NP_001322397,841.0
NP_001322398,841.0
NP_001322399,0.0
NP_001322400,0.0
NP_001322401,38.0
NP_001322402,0.0
NP_001322403,592.0
NP_001322404,0.0
NP_001322405,0.0
NP_001322406,0.0
NP_001322407,0.0
NP_001322408,0.0
NP_001322409,0.0
NP_001322410,0.0
NP_001322411,0.0
NP_001322412,0.0
NP_001322413,43.0
NP_001322414,0.0
NP_001322415,0.0
NP_001322416,0.0
NP_001322417,0.0
NP_001322418,0.0
NP_001322419,47.0
NP_001322420,47.0
NP_001322421,0.0
NP_001322422,54.0
NP_001322423,54.0
NP_001322424,54.0
NP_001322425,0.0
NP_001322426,0.0
NP_001322427,47.0
NP_001322428,0.0
NP_001322429,0.0
NP_001322430,0.0
NP_001322431,0.0
NP_001322432,735.0
NP_001322433,0.0
NP_001322434,0.0
NP_001322435,0.0
NP_001322436,0.0
NP_001322437,0.0
NP_001322438,0.0
NP_001322439,0.0
NP_001322440,0.0
NP_001322441,0.0
NP_001322442,0.0
NP_001322443,0.0
NP_001322444,0.0
NP_001322445,0.0
NP_001322446,0.0
NP_001322447,0.0
NP_001322448,0.0
NP_001322449,0.0
NP_001322450,0.0
NP_001322451,0.0
NP_001322452,0.0
NP_001322453,0.0
NP_001322454,0.0
NP_001322455,0.0
NP_001322456,0.0
NP_001322457,0.0
NP_001322458,0.0
NP_001322459,0.0
NP_001322460,0.0
NP_001322461,0.0
NP_001322462,0.0
NP_001322463,0.0
NP_001322464,0.0
NP_001322465,0.0
NP_001322466,0.0
NP_001322467,0.0
NP_001322468,0.0
NP_001322469,0.0
NP_001322470,0.0
NP_001322471,0.0
NP_001322472,0.0
NP_001322473,0.0
NP_001322474,0.0
NP_001322475,0.0
NP_001322476,0.0
NP_001322477,0.0
NP_001322478,335.0
NP_001322479,335.0
NP_001322480,0.0
NP_001322481,0.0
NP_001322482,51.0
NP_001322483,51.0
NP_001322484,0.0
NP_001322485,0.0
NP_001322486,0.0
NP_001322487,40.0
NP_001322488,0.0
NP_001322489,0.0
NP_001322490,0.0
NP_001322491,0.0
NP_001322492,0.0
NP_001322493,0.0
NP_001322494,0.0
NP_001322495,0.0
NP_001322496,0.0
NP_001322497,770.0
NP_001322498,0.0
NP_001322499,0.0
NP_001322500,0.0
NP_001322501,0.0
NP_001322502,0.0
NP_001322503,0.0
NP_001322504,0.0
NP_001322505,0.0
NP_001322506,0.0
NP_001322507,0.0
NP_001322508,0.0
NP_001322509,0.0
NP_001322510,0.0
NP_001322511,0.0
NP_001322512,0.0
NP_001322513,0.0
NP_001322514,0.0
NP_001322515,0.0
NP_001322516,0.0
NP_001322517,0.0
NP_001322518,0.0
NP_001322519,0.0
NP_001322520,0.0
NP_001322521,0.0
NP_001322522,0.0
NP_001322523,0.0
NP_001322524,0.0
NP_001322525,0.0
NP_001322526,0.0
NP_001322527,0.0
NP_001322528,0.0
NP_001322529,0.0
NP_001322530,0.0
NP_001322531,0.0
NP_001322532,0.0
NP_001322533,0.0
NP_001322534,0.0
NP_001322535,0.0
NP_001322536,0.0
NP_001322537,0.0
NP_001322538,0.0
NP_001322539,0.0
NP_001322540,0.0
NP_001322541,0.0
NP_001322542,0.0
NP_001322543,0.0
NP_001322544,55.0
NP_001322545,0.0
NP_001322546,0.0
NP_001322547,0.0
NP_001322548,0.0
NP_001322549,0.0
NP_001322550,0.0
NP_001322551,0.0
NP_001322552,0.0
NP_001322553,0.0
NP_001322554,0.0
NP_001322555,0.0
NP_001322556,717.0
NP_001322557,717.0
NP_001322558,717.0
NP_001322559,958.0
NP_001322560,894.0
NP_001322561,794.0
NP_001322562,958.0
NP_001322563,0.0
NP_001322564,0.0
NP_001322565,0.0
NP_001322566,0.0
NP_001322567,44.0
NP_001322568,0.0
NP_001322569,0.0
NP_001322570,0.0
NP_001322571,2622.0
NP_001322572,808.0
NP_001322573,0.0
NP_001322574,0.0
NP_001322575,0.0
NP_001322576,0.0
NP_001322577,0.0
NP_001322578,0.0
NP_001322579,0.0
NP_001322580,0.0
NP_001322581,0.0
NP_001322582,0.0
NP_001322583,0.0
NP_001322584,0.0
NP_001322585,0.0
NP_001322586,0.0
NP_001322587,0.0
NP_001322588,0.0
NP_001322589,0.0
NP_001322590,0.0
NP_001322591,50.0
NP_001322592,452.0
NP_001322593,452.0
NP_001322594,394.0
NP_001322595,452.0
NP_001322596,46.0
NP_001322597,46.0
NP_001322598,46.0
NP_001322599,46.0
NP_001322600,46.0
NP_001322601,46.0
NP_001322602,46.0
NP_001322603,46.0
NP_001322604,0.0
NP_001322605,0.0
NP_001322606,0.0
NP_001322607,0.0
NP_001322608,0.0
NP_001322609,0.0
NP_001322610,0.0
NP_001322611,0.0
NP_001322612,0.0
NP_001322613,0.0
NP_001322614,0.0
NP_001322615,0.0
NP_001322616,0.0
NP_001322617,0.0
NP_001322618,0.0
NP_001322619,0.0
NP_001322620,0.0
NP_001322621,0.0
NP_001322622,45.0
NP_001322623,45.0
NP_001322624,45.0
NP_001322625,0.0
NP_001322626,0.0
NP_001322627,0.0
NP_001322628,0.0
NP_001322629,0.0
NP_001322630,0.0
NP_001322631,41.0
NP_001322632,41.0
NP_001322633,526.0
NP_001322634,591.0
NP_001322635,525.0
NP_001322636,0.0
NP_001322637,0.0
NP_001322638,42.0
NP_001322639,43.0
NP_001322640,0.0
NP_001322641,0.0
NP_001322642,0.0
NP_001322643,0.0
NP_001322644,0.0
NP_001322645,0.0
NP_001322646,0.0
NP_001322647,0.0
NP_001322648,0.0
NP_001322649,0.0
NP_001322650,0.0
NP_001322651,0.0
NP_001322652,51.0
NP_001322653,0.0
NP_001322654,0.0
NP_001322655,41.0
NP_001322656,0.0
NP_001322657,0.0
NP_001322658,0.0
NP_001322659,0.0
NP_001322660,0.0
NP_001322661,51.0
NP_001322662,51.0
NP_001322663,0.0
NP_001322664,0.0
NP_001322665,0.0
NP_001322666,0.0
NP_001322667,0.0
NP_001322668,45.0
NP_001322669,0.0
NP_001322670,0.0
NP_001322671,0.0
NP_001322672,0.0
NP_001322673,0.0
NP_001322674,0.0
NP_001322675,0.0
NP_001322676,0.0
NP_001322677,0.0
NP_001322678,0.0
NP_001322679,0.0
NP_001322680,0.0
NP_001322681,0.0
NP_001322682,0.0
NP_001322683,0.0
NP_001322684,0.0
NP_001322685,45.0
NP_001322686,0.0
NP_001322687,0.0
NP_001322688,0.0
NP_001322689,0.0
NP_001322690,0.0
NP_001322691,0.0
NP_001322692,0.0
NP_001322693,0.0
NP_001322694,55.0
NP_001322695,0.0
NP_001322696,0.0
NP_001322697,0.0
NP_001322698,0.0
NP_001322699,0.0
NP_001322700,0.0
NP_001322701,0.0
NP_001322702,0.0
NP_001322703,0.0
NP_001322704,0.0
NP_001322705,0.0
NP_001322706,0.0
NP_001322707,0.0
NP_001322708,0.0
NP_001322709,0.0
NP_001322710,0.0
NP_001322711,0.0
NP_001322712,0.0
NP_001322713,0.0
NP_001322714,0.0
NP_001322715,0.0
NP_001322716,0.0
NP_001322717,0.0
NP_001322718,489.0
NP_001322719,0.0
NP_001322720,0.0
NP_001322721,0.0
NP_001322722,0.0
NP_001322723,0.0
NP_001322724,0.0
NP_001322725,0.0
NP_001322726,0.0
NP_001322727,0.0
NP_001322728,0.0
NP_001322729,182.0
NP_001322730,0.0
NP_001322731,0.0
NP_001322732,0.0
NP_001322733,0.0
NP_001322734,0.0
NP_001322735,0.0
NP_001322736,0.0
NP_001322737,0.0
NP_001322738,0.0
NP_001322739,0.0
NP_001322740,619.0
NP_001322741,650.0
NP_001322742,0.0
NP_001322743,0.0
NP_001322744,0.0
NP_001322745,0.0
NP_001322746,0.0
NP_001322747,0.0
NP_001322748,53.0
NP_001322749,0.0
NP_001322750,47.0
NP_001322751,47.0
NP_001322752,360.0
NP_001322753,0.0
NP_001322754,0.0
NP_001322755,0.0
NP_001322756,0.0
NP_001322757,0.0
NP_001322758,0.0
NP_001322759,0.0
NP_001322760,0.0
NP_001322761,0.0
NP_001322762,0.0
NP_001322763,0.0
NP_001322764,0.0
NP_001322765,0.0
NP_001322766,0.0
NP_001322767,44.0
NP_001322768,419.0
NP_001322769,419.0
NP_001322770,346.0
NP_001322771,0.0
NP_001322772,0.0
NP_001322773,0.0
NP_001322774,0.0
NP_001322775,0.0
NP_001322776,0.0
NP_001322777,0.0
NP_001322778,0.0
NP_001322779,0.0
NP_001322780,0.0
NP_001322781,0.0
NP_001322782,0.0
NP_001322783,70.0
NP_001322784,0.0
NP_001322785,0.0
NP_001322786,0.0
NP_001322787,0.0
NP_001322788,60.0
NP_001322789,60.0
NP_001322790,0.0
NP_001322791,0.0
NP_001322792,0.0
NP_001322793,502.0
NP_001322794,0.0
NP_001322795,0.0
NP_001322796,0.0
NP_001322797,0.0
NP_001322798,0.0
NP_001322799,45.0
NP_001322800,45.0
NP_001322801,0.0
NP_001322802,0.0
NP_001322803,0.0
NP_001322804,0.0
NP_001322805,0.0
NP_001322806,0.0
NP_001322807,41.0
NP_001322808,0.0
NP_001322809,0.0
NP_001322810,0.0
NP_001322811,0.0
NP_001322812,0.0
NP_001322813,0.0
NP_001322814,0.0
NP_001322815,0.0
NP_001322816,0.0
NP_001322817,0.0
NP_001322818,0.0
NP_001322819,0.0
NP_001322820,0.0
NP_001322821,0.0
NP_001322822,0.0
NP_001322823,0.0
NP_001322824,0.0
NP_001322825,0.0
NP_001322826,0.0
NP_001322827,0.0
NP_001322828,0.0
NP_001322829,0.0
NP_001322830,0.0
NP_001322831,0.0
NP_001322832,296.0
NP_001322833,0.0
NP_001322834,0.0
NP_001322835,0.0
NP_001322836,0.0
NP_001322837,0.0
NP_001322838,0.0
NP_001322839,0.0
NP_001322840,0.0
NP_001322841,0.0
NP_001322842,0.0
NP_001322843,0.0
NP_001322844,0.0
NP_001322845,0.0
NP_001322846,0.0
NP_001322847,0.0
NP_001322848,415.0
NP_001322849,0.0
NP_001322850,0.0
NP_001322851,0.0
NP_001322852,0.0
NP_001322853,0.0
NP_001322854,0.0
NP_001322855,0.0
NP_001322856,0.0
NP_001322857,0.0
NP_001322858,0.0
NP_001322859,0.0
NP_001322860,0.0
NP_001322861,0.0
NP_001322862,0.0
NP_001322863,0.0
NP_001322864,0.0
NP_001322865,0.0
NP_001322866,0.0
NP_001322867,0.0
NP_001322868,0.0
NP_001322869,0.0
NP_001322870,0.0
NP_001322871,0.0
NP_001322872,0.0
NP_001322873,0.0
NP_001322874,0.0
NP_001322875,0.0
NP_001322876,0.0
NP_001322877,0.0
NP_001322878,47.0
NP_001322879,0.0
NP_001322880,0.0
NP_001322881,0.0
NP_001322882,0.0
NP_001322883,95.0
NP_001322884,43.0
NP_001322885,43.0
NP_001322886,43.0
NP_001322887,0.0
NP_001322888,0.0
NP_001322889,0.0
NP_001322890,1445.0
NP_001322891,0.0
NP_001322892,0.0
NP_001322893,0.0
NP_001322894,0.0
NP_001322895,0.0
NP_001322896,0.0
NP_001322897,1332.0
NP_001322898,1491.0
NP_001322899,0.0
NP_001322900,0.0
NP_001322901,0.0
NP_001322902,0.0
NP_001322903,0.0
NP_001322904,0.0
NP_001322905,53.0
NP_001322906,0.0
NP_001322907,0.0
NP_001322908,0.0
NP_001322909,0.0
NP_001322910,0.0
NP_001322911,0.0
NP_001322912,0.0
NP_001322913,0.0
NP_001322914,865.0
NP_001322915,0.0
NP_001322916,0.0
NP_001322917,0.0
NP_001322918,0.0
NP_001322919,0.0
NP_001322920,0.0
NP_001322921,0.0
NP_001322922,0.0
NP_001322923,0.0
NP_001322924,0.0
NP_001322925,0.0
NP_001322926,0.0
NP_001322927,0.0
NP_001322928,0.0
NP_001322929,0.0
NP_001322930,0.0
NP_001322931,0.0
NP_001322932,0.0
NP_001322933,0.0
NP_001322934,0.0
NP_001322935,0.0
NP_001322936,0.0
NP_001322937,0.0
NP_001322938,0.0
NP_001322939,0.0
NP_001322940,0.0
NP_001322941,0.0
NP_001322942,0.0
NP_001322943,0.0
NP_001322944,0.0
NP_001322945,0.0
NP_001322946,0.0
NP_001322947,0.0
NP_001322948,0.0
NP_001322949,0.0
NP_001322950,469.0
NP_001322951,469.0
NP_001322952,469.0
NP_001322953,469.0
NP_001322954,469.0
NP_001322955,469.0
NP_001322956,0.0
NP_001322957,0.0
NP_001322958,0.0
NP_001322959,0.0
NP_001322960,0.0
NP_001322961,0.0
NP_001322962,0.0
NP_001322963,0.0
NP_001322964,1542.0
NP_001322965,0.0
NP_001322966,0.0
NP_001322967,0.0
NP_001322968,0.0
NP_001322969,0.0
NP_001322970,0.0
NP_001322971,0.0
NP_001322972,0.0
NP_001322973,0.0
NP_001322974,0.0
NP_001322975,0.0
NP_001322976,0.0
NP_001322977,0.0
NP_001322978,50.0
NP_001322979,50.0
NP_001322980,0.0
NP_001322981,0.0
NP_001322982,0.0
NP_001322983,0.0
NP_001322984,0.0
NP_001322985,38.0
NP_001322986,473.0
NP_001322987,0.0
NP_001322988,0.0
NP_001322989,0.0
NP_001322990,0.0
NP_001322991,0.0
NP_001322992,0.0
NP_001322993,0.0
NP_001322994,0.0
NP_001322995,0.0
NP_001322996,0.0
NP_001322997,0.0
NP_001322998,0.0
NP_001322999,0.0
NP_001323000,0.0
NP_001323001,0.0
NP_001323002,0.0
NP_001323003,0.0
NP_001323004,0.0
NP_001323005,0.0
NP_001323006,0.0
NP_001323007,0.0
NP_001323008,514.0
NP_001323009,0.0
NP_001323010,0.0
NP_001323011,0.0
NP_001323012,0.0
NP_001323013,0.0
NP_001323014,47.0
NP_001323015,0.0
NP_001323016,0.0
NP_001323017,0.0
NP_001323018,0.0
NP_001323019,0.0
NP_001323020,40.0
NP_001323021,0.0
NP_001323022,0.0
NP_001323023,0.0
NP_001323024,0.0
NP_001323025,0.0
NP_001323026,0.0
NP_001323027,0.0
NP_001323028,0.0
NP_001323029,0.0
NP_001323030,0.0
NP_001323031,0.0
NP_001323032,0.0
NP_001323033,0.0
NP_001323034,0.0
NP_001323035,0.0
NP_001323036,0.0
NP_001323037,0.0
NP_001323038,0.0
NP_001323039,0.0
NP_001323040,0.0
NP_001323041,0.0
NP_001323042,0.0
NP_001323043,0.0
NP_001323044,0.0
NP_001323045,0.0
NP_001323046,0.0
NP_001323047,0.0
NP_001323048,0.0
NP_001323049,0.0
NP_001323050,0.0
NP_001323051,0.0
NP_001323052,0.0
NP_001323053,0.0
NP_001323054,354.0
NP_001323055,0.0
NP_001323056,0.0
NP_001323057,0.0
NP_001323058,0.0
NP_001323059,0.0
NP_001323060,0.0
NP_001323061,0.0
NP_001323062,0.0
NP_001323063,0.0
NP_001323064,44.0
NP_001323065,0.0
NP_001323066,0.0
NP_001323067,0.0
NP_001323068,0.0
NP_001323069,0.0
NP_001323070,0.0
NP_001323071,0.0
NP_001323072,0.0
NP_001323073,0.0
NP_001323074,0.0
NP_001323075,0.0
NP_001323076,0.0
NP_001323077,49.0
NP_001323078,0.0
NP_001323079,0.0
NP_001323080,0.0
NP_001323081,0.0
NP_001323082,0.0
NP_001323083,0.0
NP_001323084,0.0
NP_001323085,0.0
NP_001323086,0.0
NP_001323087,0.0
NP_001323088,0.0
NP_001323089,0.0
NP_001323090,0.0
NP_001323091,0.0
NP_001323092,0.0
NP_001323093,0.0
NP_001323094,0.0
NP_001323095,0.0
NP_001323096,0.0
NP_001323097,0.0
NP_001323098,0.0
NP_001323099,0.0
NP_001323100,0.0
NP_001323101,0.0
NP_001323102,0.0
NP_001323103,0.0
NP_001323104,0.0
NP_001323105,0.0
NP_001323106,0.0
NP_001323107,0.0
NP_001323108,0.0
NP_001323109,0.0
NP_001323110,0.0
NP_001323111,0.0
NP_001323112,0.0
NP_001323113,0.0
NP_001323114,0.0
NP_001323115,0.0
NP_001323116,0.0
NP_001323117,0.0
NP_001323118,0.0
NP_001323119,0.0
NP_001323120,0.0
NP_001323121,0.0
NP_001323122,0.0
NP_001323123,34.0
NP_001323124,34.0
NP_001323125,34.0
NP_001323126,34.0
NP_001323127,0.0
NP_001323128,0.0
NP_001323129,0.0
NP_001323130,0.0
NP_001323131,388.0
NP_001323132,0.0
NP_001323133,0.0
NP_001323134,0.0
NP_001323135,0.0
NP_001323136,0.0
NP_001323137,0.0
NP_001323138,0.0
NP_001323139,0.0
NP_001323140,0.0
NP_001323141,0.0
NP_001323142,0.0
NP_001323143,0.0
NP_001323144,0.0
NP_001323145,0.0
NP_001323146,0.0
NP_001323147,0.0
NP_001323148,0.0
NP_001323149,0.0
NP_001323150,0.0
NP_001323151,0.0
NP_001323152,0.0
NP_001323153,0.0
NP_001323154,347.0
NP_001323155,3990.0
NP_001323156,0.0
NP_001323157,0.0
NP_001323158,0.0
NP_001323159,0.0
NP_001323160,48.0
NP_001323161,48.0
NP_001323162,0.0
NP_001323163,0.0
NP_001323164,0.0
NP_001323165,0.0
NP_001323166,260.0
NP_001323167,0.0
NP_001323168,0.0
NP_001323169,0.0
NP_001323170,0.0
NP_001323171,0.0
NP_001323172,0.0
NP_001323173,0.0
NP_001323174,0.0
NP_001323175,0.0
NP_001323176,0.0
NP_001323177,0.0
NP_001323178,0.0
NP_001323179,0.0
NP_001323180,0.0
NP_001323181,0.0
NP_001323182,0.0
NP_001323183,0.0
NP_001323184,0.0
NP_001323185,0.0
NP_001323186,0.0
NP_001323187,0.0
NP_001323188,41.0
NP_001323189,0.0
NP_001323190,0.0
NP_001323191,0.0
NP_001323192,0.0
NP_001323193,0.0
NP_001323194,0.0
NP_001323195,0.0
NP_001323196,0.0
NP_001323197,0.0
NP_001323198,0.0
NP_001323199,0.0
NP_001323200,0.0
NP_001323201,0.0
NP_001323202,0.0
NP_001323203,0.0
NP_001323204,327.0
NP_001323205,327.0
NP_001323206,327.0
NP_001323207,0.0
NP_001323208,0.0
NP_001323209,0.0
NP_001323210,0.0
NP_001323211,0.0
NP_001323212,0.0
NP_001323213,857.0
NP_001323214,655.0
NP_001323215,0.0
NP_001323216,0.0
NP_001323217,0.0
NP_001323218,0.0
NP_001323219,0.0
NP_001323220,0.0
NP_001323221,0.0
NP_001323222,0.0
NP_001323223,0.0
NP_001323224,0.0
NP_001323225,0.0
NP_001323226,0.0
NP_001323227,0.0
NP_001323228,0.0
NP_001323229,0.0
NP_001323230,0.0
NP_001323231,0.0
NP_001323232,0.0
NP_001323233,0.0
NP_001323234,53.0
NP_001323235,0.0
NP_001323236,0.0
NP_001323237,0.0
NP_001323238,0.0
NP_001323239,0.0
NP_001323240,0.0
NP_001323241,0.0
NP_001323242,0.0
NP_001323243,0.0
NP_001323244,46.0
NP_001323245,0.0
NP_001323246,0.0
NP_001323247,0.0
NP_001323248,0.0
NP_001323249,0.0
NP_001323250,0.0
NP_001323251,0.0
NP_001323252,0.0
NP_001323253,0.0
NP_001323254,0.0
NP_001323255,0.0
NP_001323256,0.0
NP_001323257,0.0
NP_001323258,0.0
NP_001323259,0.0
NP_001323260,0.0
NP_001323261,0.0
NP_001323262,0.0
NP_001323263,0.0
NP_001323264,0.0
NP_001323265,0.0
NP_001323266,0.0
NP_001323267,0.0
NP_001323268,0.0
NP_001323269,0.0
NP_001323270,0.0
NP_001323271,0.0
NP_001323272,0.0
NP_001323273,0.0
NP_001323274,0.0
NP_001323275,0.0
NP_001323276,0.0
NP_001323277,0.0
NP_001323278,0.0
NP_001323279,45.0
NP_001323280,45.0
NP_001323281,45.0
NP_001323282,0.0
NP_001323283,0.0
NP_001323284,768.0
NP_001323285,0.0
NP_001323286,0.0
NP_001323287,0.0
NP_001323288,0.0
NP_001323289,0.0
NP_001323290,57.0
NP_001323291,0.0
NP_001323292,0.0
NP_001323293,71.0
NP_001323294,0.0
NP_001323295,0.0
NP_001323296,0.0
NP_001323297,51.0
NP_001323298,0.0
NP_001323299,0.0
NP_001323300,33.0
NP_001323301,0.0
NP_001323302,0.0
NP_001323303,0.0
NP_001323304,44.0
NP_001323305,44.0
NP_001323306,0.0
NP_001323307,0.0
NP_001323308,780.0
NP_001323309,862.0
NP_001323310,0.0
NP_001323311,0.0
NP_001323312,0.0
NP_001323313,0.0
NP_001323314,0.0
NP_001323315,0.0
NP_001323316,0.0
NP_001323317,0.0
NP_001323318,0.0
NP_001323319,0.0
NP_001323320,0.0
NP_001323321,496.0
NP_001323322,0.0
NP_001323323,418.0
NP_001323324,0.0
NP_001323325,0.0
NP_001323326,0.0
NP_001323327,0.0
NP_001323328,0.0
NP_001323329,0.0
NP_001323330,0.0
NP_001323331,0.0
NP_001323332,0.0
NP_001323333,0.0
NP_001323334,0.0
NP_001323335,0.0
NP_001323336,0.0
NP_001323337,43.0
NP_001323338,0.0
NP_001323339,0.0
NP_001323340,0.0
NP_001323341,0.0
NP_001323342,0.0
NP_001323343,462.0
NP_001323344,0.0
NP_001323345,0.0
NP_001323346,66.0
NP_001323347,66.0
NP_001323348,66.0
NP_001323349,66.0
NP_001323350,66.0
NP_001323351,0.0
NP_001323352,0.0
NP_001323353,0.0
NP_001323354,55.0
NP_001323355,55.0
NP_001323356,36.0
NP_001323357,0.0
NP_001323358,0.0
NP_001323359,0.0
NP_001323360,0.0
NP_001323361,0.0
NP_001323362,0.0
NP_001323363,0.0
NP_001323364,0.0
NP_001323365,1072.0
NP_001323366,0.0
NP_001323367,0.0
NP_001323368,0.0
NP_001323369,0.0
NP_001323370,0.0
NP_001323371,0.0
NP_001323372,0.0
NP_001323373,0.0
NP_001323374,0.0
NP_001323375,0.0
NP_001323376,0.0
NP_001323377,0.0
NP_001323378,0.0
NP_001323379,0.0
NP_001323380,0.0
NP_001323381,0.0
NP_001323382,0.0
NP_001323383,0.0
NP_001323384,0.0
NP_001323385,0.0
NP_001323386,0.0
NP_001323387,0.0
NP_001323388,0.0
NP_001323389,0.0
NP_001323390,0.0
NP_001323391,0.0
NP_001323392,0.0
NP_001323393,0.0
NP_001323394,0.0
NP_001323395,0.0
NP_001323396,0.0
NP_001323397,0.0
NP_001323398,42.0
NP_001323399,0.0
NP_001323400,0.0
NP_001323401,460.0
NP_001323402,0.0
NP_001323403,0.0
NP_001323404,0.0
NP_001323405,0.0
NP_001323406,0.0
NP_001323407,0.0
NP_001323408,0.0
NP_001323409,0.0
NP_001323410,0.0
NP_001323411,0.0
NP_001323412,0.0
NP_001323413,0.0
NP_001323414,0.0
NP_001323415,0.0
NP_001323416,0.0
NP_001323417,0.0
NP_001323418,0.0
NP_001323419,0.0
NP_001323420,801.0
NP_001323421,801.0
NP_001323422,0.0
NP_001323423,0.0
NP_001323424,0.0
NP_001323425,0.0
NP_001323426,47.0
NP_001323427,47.0
NP_001323428,47.0
NP_001323429,0.0
NP_001323430,0.0
NP_001323431,0.0
NP_001323432,0.0
NP_001323433,0.0
NP_001323434,0.0
NP_001323435,503.0
NP_001323436,0.0
NP_001323437,0.0
NP_001323438,0.0
NP_001323439,0.0
NP_001323440,0.0
NP_001323441,0.0
NP_001323442,0.0
NP_001323443,0.0
NP_001323444,0.0
NP_001323445,0.0
NP_001323446,0.0
NP_001323447,0.0
NP_001323448,0.0
NP_001323449,0.0
NP_001323450,0.0
NP_001323451,0.0
NP_001323452,0.0
NP_001323453,0.0
NP_001323454,0.0
NP_001323455,0.0
NP_001323456,0.0
NP_001323457,0.0
NP_001323458,0.0
NP_001323459,0.0
NP_001323460,0.0
NP_001323461,34.0
NP_001323462,0.0
NP_001323463,0.0
NP_001323464,0.0
NP_001323465,0.0
NP_001323466,0.0
NP_001323467,0.0
NP_001323468,0.0
NP_001323469,58.0
NP_001323470,58.0
NP_001323471,0.0
NP_001323472,0.0
NP_001323473,0.0
NP_001323474,0.0
NP_001323475,41.0
NP_001323476,41.0
NP_001323477,0.0
NP_001323478,0.0
NP_001323479,0.0
NP_001323480,0.0
NP_001323481,0.0
NP_001323482,0.0
NP_001323483,413.0
NP_001323484,396.0
NP_001323485,0.0
NP_001323486,0.0
NP_001323487,0.0
NP_001323488,0.0
NP_001323489,0.0
NP_001323490,405.0
NP_001323491,0.0
NP_001323492,46.0
NP_001323493,0.0
NP_001323494,0.0
NP_001323495,0.0
NP_001323496,0.0
NP_001323497,0.0
NP_001323498,0.0
NP_001323499,0.0
NP_001323500,0.0
NP_001323501,0.0
NP_001323502,0.0
NP_001323503,0.0
NP_001323504,534.0
NP_001323505,0.0
NP_001323506,0.0
NP_001323507,0.0
NP_001323508,0.0
NP_001323509,0.0
NP_001323510,0.0
NP_001323511,0.0
NP_001323512,0.0
NP_001323513,0.0
NP_001323514,0.0
NP_001323515,0.0
NP_001323516,0.0
NP_001323517,0.0
NP_001323518,0.0
NP_001323519,0.0
NP_001323520,0.0
NP_001323521,0.0
NP_001323522,0.0
NP_001323523,0.0
NP_001323524,0.0
NP_001323525,0.0
NP_001323526,0.0
NP_001323527,0.0
NP_001323528,0.0
NP_001323529,0.0
NP_001323530,0.0
NP_001323531,0.0
NP_001323532,0.0
NP_001323533,0.0
NP_001323534,0.0
NP_001323535,0.0
NP_001323536,0.0
NP_001323537,0.0
NP_001323538,0.0
NP_001323539,0.0
NP_001323540,0.0
NP_001323541,0.0
NP_001323542,0.0
NP_001323543,0.0
NP_001323544,0.0
NP_001323545,0.0
NP_001323546,0.0
NP_001323547,0.0
NP_001323548,0.0
NP_001323549,0.0
NP_001323550,0.0
NP_001323551,0.0
NP_001323552,0.0
NP_001323553,0.0
NP_001323554,0.0
NP_001323555,42.0
NP_001323556,42.0
NP_001323557,0.0
NP_001323558,0.0
NP_001323559,0.0
NP_001323560,0.0
NP_001323561,0.0
NP_001323562,0.0
NP_001323563,0.0
NP_001323564,317.0
NP_001323565,0.0
NP_001323566,0.0
NP_001323567,0.0
NP_001323568,0.0
NP_001323569,0.0
NP_001323570,0.0
NP_001323571,0.0
NP_001323572,0.0
NP_001323573,0.0
NP_001323574,0.0
NP_001323575,0.0
NP_001323576,0.0
NP_001323577,0.0
NP_001323578,0.0
NP_001323579,0.0
NP_001323580,0.0
NP_001323581,0.0
NP_001323582,0.0
NP_001323583,0.0
NP_001323584,0.0
NP_001323585,0.0
NP_001323586,0.0
NP_001323587,0.0
NP_001323588,0.0
NP_001323589,0.0
NP_001323590,0.0
NP_001323591,0.0
NP_001323592,0.0
NP_001323593,0.0
NP_001323594,0.0
NP_001323595,0.0
NP_001323596,0.0
NP_001323597,0.0
NP_001323598,0.0
NP_001323599,0.0
NP_001323600,44.0
NP_001323601,0.0
NP_001323602,0.0
NP_001323603,0.0
NP_001323604,0.0
NP_001323605,0.0
NP_001323606,520.0
NP_001323607,679.0
NP_001323608,0.0
NP_001323609,0.0
NP_001323610,0.0
NP_001323611,0.0
NP_001323612,0.0
NP_001323613,0.0
NP_001323614,0.0
NP_001323615,0.0
NP_001323616,0.0
NP_001323617,0.0
NP_001323618,0.0
NP_001323619,0.0
NP_001323620,0.0
NP_001323621,0.0
NP_001323622,0.0
NP_001323623,0.0
NP_001323624,0.0
NP_001323625,0.0
NP_001323626,0.0
NP_001323627,0.0
NP_001323628,0.0
NP_001323629,0.0
NP_001323630,0.0
NP_001323631,0.0
NP_001323632,0.0
NP_001323633,0.0
NP_001323634,0.0
NP_001323635,0.0
NP_001323636,0.0
NP_001323637,0.0
NP_001323638,0.0
NP_001323639,0.0
NP_001323640,0.0
NP_001323641,1532.0
NP_001323642,0.0
NP_001323643,0.0
NP_001323644,0.0
NP_001323645,0.0
NP_001323646,0.0
NP_001323647,0.0
NP_001323648,0.0
NP_001323649,0.0
NP_001323650,0.0
NP_001323651,0.0
NP_001323652,0.0
NP_001323653,0.0
NP_001323654,44.0
NP_001323655,0.0
NP_001323656,0.0
NP_001323657,0.0
NP_001323658,0.0
NP_001323659,0.0
NP_001323660,0.0
NP_001323661,0.0
NP_001323662,0.0
NP_001323663,0.0
NP_001323664,0.0
NP_001323665,0.0
NP_001323666,0.0
NP_001323667,0.0
NP_001323668,0.0
NP_001323669,0.0
NP_001323670,0.0
NP_001323671,0.0
NP_001323672,0.0
NP_001323673,0.0
NP_001323674,0.0
NP_001323675,0.0
NP_001323676,0.0
NP_001323677,0.0
NP_001323678,0.0
NP_001323679,0.0
NP_001323680,0.0
NP_001323681,0.0
NP_001323682,0.0
NP_001323683,0.0
NP_001323684,0.0
NP_001323685,0.0
NP_001323686,0.0
NP_001323687,0.0
NP_001323688,0.0
NP_001323689,0.0
NP_001323690,0.0
NP_001323691,0.0
NP_001323692,0.0
NP_001323693,0.0
NP_001323694,0.0
NP_001323695,0.0
NP_001323696,0.0
NP_001323697,0.0
NP_001323698,0.0
NP_001323699,0.0
NP_001323700,0.0
NP_001323701,0.0
NP_001323702,0.0
NP_001323703,418.0
NP_001323704,418.0
NP_001323705,0.0
NP_001323706,1599.0
NP_001323707,0.0
NP_001323708,0.0
NP_001323709,0.0
NP_001323710,46.0
NP_001323711,40.0
NP_001323712,0.0
NP_001323713,0.0
NP_001323714,0.0
NP_001323715,0.0
NP_001323716,0.0
NP_001323717,0.0
NP_001323718,0.0
NP_001323719,0.0
NP_001323720,0.0
NP_001323721,0.0
NP_001323722,0.0
NP_001323723,0.0
NP_001323724,48.0
NP_001323725,0.0
NP_001323726,0.0
NP_001323727,0.0
NP_001323728,0.0
NP_001323729,0.0
NP_001323730,0.0
NP_001323731,0.0
NP_001323732,0.0
NP_001323733,808.0
NP_001323734,808.0
NP_001323735,390.0
NP_001323736,390.0
NP_001323737,390.0
NP_001323738,390.0
NP_001323739,0.0
NP_001323740,0.0
NP_001323741,0.0
NP_001323742,0.0
NP_001323743,0.0
NP_001323744,44.0
NP_001323745,0.0
NP_001323746,0.0
NP_001323747,0.0
NP_001323748,0.0
NP_001323749,0.0
NP_001323750,0.0
NP_001323751,0.0
NP_001323752,552.0
NP_001323753,0.0
NP_001323754,0.0
NP_001323755,0.0
NP_001323756,0.0
NP_001323757,0.0
NP_001323758,0.0
NP_001323759,0.0
NP_001323760,50.0
NP_001323761,50.0
NP_001323762,50.0
NP_001323763,0.0
NP_001323764,0.0
NP_001323765,34.0
NP_001323766,0.0
NP_001323767,0.0
NP_001323768,0.0
NP_001323769,0.0
NP_001323770,0.0
NP_001323771,0.0
NP_001323772,52.0
NP_001323773,52.0
NP_001323774,0.0
NP_001323775,0.0
NP_001323776,41.0
NP_001323777,0.0
NP_001323778,0.0
NP_001323779,0.0
NP_001323780,0.0
NP_001323781,0.0
NP_001323782,0.0
NP_001323783,0.0
NP_001323784,0.0
NP_001323785,0.0
NP_001323786,0.0
NP_001323787,48.0
NP_001323788,46.0
NP_001323789,0.0
NP_001323790,0.0
NP_001323791,0.0
NP_001323792,0.0
NP_001323793,0.0
NP_001323794,0.0
NP_001323795,0.0
NP_001323796,2198.0
NP_001323797,0.0
NP_001323798,0.0
NP_001323799,0.0
NP_001323800,0.0
NP_001323801,0.0
NP_001323802,0.0
NP_001323803,0.0
NP_001323804,0.0
NP_001323805,0.0
NP_001323806,0.0
NP_001323807,0.0
NP_001323808,0.0
NP_001323809,0.0
NP_001323810,0.0
NP_001323811,0.0
NP_001323812,0.0
NP_001323813,0.0
NP_001323814,0.0
NP_001323815,0.0
NP_001323816,0.0
NP_001323817,0.0
NP_001323818,0.0
NP_001323819,0.0
NP_001323820,0.0
NP_001323821,0.0
NP_001323822,0.0
NP_001323823,0.0
NP_001323824,0.0
NP_001323825,0.0
NP_001323826,0.0
NP_001323827,0.0
NP_001323828,0.0
NP_001323829,0.0
NP_001323830,0.0
NP_001323831,0.0
NP_001323832,0.0
NP_001323833,0.0
NP_001323834,0.0
NP_001323835,0.0
NP_001323836,0.0
NP_001323837,0.0
NP_001323838,0.0
NP_001323839,0.0
NP_001323840,35.0
NP_001323841,0.0
NP_001323842,0.0
NP_001323843,0.0
NP_001323844,36.0
NP_001323845,0.0
NP_001323846,0.0
NP_001323847,0.0
NP_001323848,0.0
NP_001323849,0.0
NP_001323850,0.0
NP_001323851,0.0
NP_001323852,0.0
NP_001323853,0.0
NP_001323854,0.0
NP_001323855,0.0
NP_001323856,0.0
NP_001323857,0.0
NP_001323858,0.0
NP_001323859,0.0
NP_001323860,0.0
NP_001323861,0.0
NP_001323862,0.0
NP_001323863,0.0
NP_001323864,0.0
NP_001323865,0.0
NP_001323866,0.0
NP_001323867,0.0
NP_001323868,0.0
NP_001323869,0.0
NP_001323870,0.0
NP_001323871,0.0
NP_001323872,0.0
NP_001323873,0.0
NP_001323874,0.0
NP_001323875,0.0
NP_001323876,0.0
NP_001323877,0.0
NP_001323878,0.0
NP_001323879,0.0
NP_001323880,0.0
NP_001323881,0.0
NP_001323882,0.0
NP_001323883,0.0
NP_001323884,0.0
NP_001323885,0.0
NP_001323886,0.0
NP_001323887,0.0
NP_001323888,0.0
NP_001323889,0.0
NP_001323890,0.0
NP_001323891,0.0
NP_001323892,0.0
NP_001323893,0.0
NP_001323894,0.0
NP_001323895,0.0
NP_001323896,0.0
NP_001323897,0.0
NP_001323898,0.0
NP_001323899,0.0
NP_001323900,0.0
NP_001323901,0.0
NP_001323902,0.0
NP_001323903,0.0
NP_001323904,0.0
NP_001323905,0.0
NP_001323906,0.0
NP_001323907,0.0
NP_001323908,42.0
NP_001323909,42.0
NP_001323910,0.0
NP_001323911,40.0
NP_001323912,0.0
NP_001323913,0.0
NP_001323914,40.0
NP_001323915,0.0
NP_001323916,0.0
NP_001323917,0.0
NP_001323918,0.0
NP_001323919,0.0
NP_001323920,0.0
NP_001323921,0.0
NP_001323922,0.0
NP_001323923,0.0
NP_001323924,0.0
NP_001323925,0.0
NP_001323926,0.0
NP_001323927,0.0
NP_001323928,0.0
NP_001323929,0.0
NP_001323930,0.0
NP_001323931,0.0
NP_001323932,0.0
NP_001323933,698.0
NP_001323934,0.0
NP_001323935,0.0
NP_001323936,47.0
NP_001323937,47.0
NP_001323938,47.0
NP_001323939,44.0
NP_001323940,47.0
NP_001323941,0.0
NP_001323942,0.0
NP_001323943,0.0
NP_001323944,0.0
NP_001323945,0.0
NP_001323946,0.0
NP_001323947,0.0
NP_001323948,0.0
NP_001323949,0.0
NP_001323950,0.0
NP_001323951,0.0
NP_001323952,0.0
NP_001323953,0.0
NP_001323954,0.0
NP_001323955,0.0
NP_001323956,0.0
NP_001323957,0.0
NP_001323958,0.0
NP_001323959,0.0
NP_001323960,0.0
NP_001323961,0.0
NP_001323962,0.0
NP_001323963,0.0
NP_001323964,0.0
NP_001323965,0.0
NP_001323966,0.0
NP_001323967,0.0
NP_001323968,0.0
NP_001323969,0.0
NP_001323970,0.0
NP_001323971,0.0
NP_001323972,0.0
NP_001323973,0.0
NP_001323974,0.0
NP_001323975,0.0
NP_001323976,0.0
NP_001323977,0.0
NP_001323978,0.0
NP_001323979,0.0
NP_001323980,0.0
NP_001323981,0.0
NP_001323982,0.0
NP_001323983,0.0
NP_001323984,0.0
NP_001323985,44.0
NP_001323986,0.0
NP_001323987,0.0
NP_001323988,0.0
NP_001323989,0.0
NP_001323990,0.0
NP_001323991,0.0
NP_001323992,0.0
NP_001323993,0.0
NP_001323994,0.0
NP_001323995,0.0
NP_001323996,0.0
NP_001323997,0.0
NP_001323998,0.0
NP_001323999,0.0
NP_001324000,0.0
NP_001324001,0.0
NP_001324002,0.0
NP_001324003,0.0
NP_001324004,0.0
NP_001324005,0.0
NP_001324006,0.0
NP_001324007,51.0
NP_001324008,51.0
NP_001324009,51.0
NP_001324010,0.0
NP_001324011,0.0
NP_001324012,0.0
NP_001324013,0.0
NP_001324014,0.0
NP_001324015,0.0
NP_001324016,0.0
NP_001324017,0.0
NP_001324018,0.0
NP_001324019,0.0
NP_001324020,0.0
NP_001324021,0.0
NP_001324022,0.0
NP_001324023,0.0
NP_001324024,0.0
NP_001324025,0.0
NP_001324026,0.0
NP_001324027,0.0
NP_001324028,0.0
NP_001324029,0.0
NP_001324030,0.0
NP_001324031,0.0
NP_001324032,0.0
NP_001324033,0.0
NP_001324034,0.0
NP_001324035,0.0
NP_001324036,0.0
NP_001324037,0.0
NP_001324038,0.0
NP_001324039,0.0
NP_001324040,0.0
NP_001324041,0.0
NP_001324042,0.0
NP_001324043,0.0
NP_001324044,0.0
NP_001324045,0.0
NP_001324046,0.0
NP_001324047,0.0
NP_001324048,38.0
NP_001324049,38.0
NP_001324050,0.0
NP_001324051,0.0
NP_001324052,0.0
NP_001324053,0.0
NP_001324054,0.0
NP_001324055,0.0
NP_001324056,0.0
NP_001324057,0.0
NP_001324058,0.0
NP_001324059,0.0
NP_001324060,0.0
NP_001324061,0.0
NP_001324062,0.0
NP_001324063,0.0
NP_001324064,0.0
NP_001324065,0.0
NP_001324066,0.0
NP_001324067,0.0
NP_001324068,0.0
NP_001324069,0.0
NP_001324070,0.0
NP_001324071,0.0
NP_001324072,0.0
NP_001324073,0.0
NP_001324074,0.0
NP_001324075,0.0
NP_001324076,0.0
NP_001324077,0.0
NP_001324078,0.0
NP_001324079,0.0
NP_001324080,0.0
NP_001324081,0.0
NP_001324082,0.0
NP_001324083,0.0
NP_001324084,0.0
NP_001324085,0.0
NP_001324087,0.0
NP_001324088,0.0
NP_001324089,0.0
NP_001324090,53.0
NP_001324091,0.0
NP_001324092,0.0
NP_001324093,0.0
NP_001324094,0.0
NP_001324095,0.0
NP_001324096,0.0
NP_001324097,0.0
NP_001324098,0.0
NP_001324099,0.0
NP_001324100,0.0
NP_001324101,627.0
NP_001324102,0.0
NP_001324103,0.0
NP_001324104,0.0
NP_001324105,0.0
NP_001324106,0.0
NP_001324107,0.0
NP_001324108,0.0
NP_001324109,0.0
NP_001324110,0.0
NP_001324111,355.0
NP_001324112,850.0
NP_001324113,850.0
NP_001324114,0.0
NP_001324115,0.0
NP_001324116,0.0
NP_001324117,0.0
NP_001324118,0.0
NP_001324119,45.0
NP_001324120,0.0
NP_001324121,0.0
NP_001324122,0.0
NP_001324123,0.0
NP_001324124,0.0
NP_001324125,40.0
NP_001324126,0.0
NP_001324127,0.0
NP_001324128,40.0
NP_001324129,40.0
NP_001324130,0.0
NP_001324131,0.0
NP_001324132,0.0
NP_001324133,0.0
NP_001324134,40.0
NP_001324135,0.0
NP_001324136,0.0
NP_001324137,0.0
NP_001324138,0.0
NP_001324139,0.0
NP_001324140,0.0
NP_001324141,51.0
NP_001324142,0.0
NP_001324143,0.0
NP_001324144,0.0
NP_001324145,0.0
NP_001324146,0.0
NP_001324147,397.0
NP_001324148,0.0
NP_001324149,0.0
NP_001324150,0.0
NP_001324151,0.0
NP_001324152,0.0
NP_001324153,0.0
NP_001324154,0.0
NP_001324155,0.0
NP_001324156,0.0
NP_001324157,0.0
NP_001324158,0.0
NP_001324159,0.0
NP_001324160,0.0
NP_001324161,0.0
NP_001324162,0.0
NP_001324163,0.0
NP_001324164,0.0
NP_001324165,0.0
NP_001324166,0.0
NP_001324167,0.0
NP_001324168,0.0
NP_001324169,0.0
NP_001324170,0.0
NP_001324171,0.0
NP_001324172,0.0
NP_001324173,46.0
NP_001324174,46.0
NP_001324175,0.0
NP_001324176,0.0
NP_001324177,0.0
NP_001324178,0.0
NP_001324179,0.0
NP_001324180,0.0
NP_001324181,0.0
NP_001324182,0.0
NP_001324183,0.0
NP_001324184,0.0
NP_001324185,0.0
NP_001324186,0.0
NP_001324187,0.0
NP_001324188,0.0
NP_001324189,0.0
NP_001324190,0.0
NP_001324191,0.0
NP_001324192,43.0
NP_001324193,43.0
NP_001324194,0.0
NP_001324195,0.0
NP_001324196,0.0
NP_001324197,0.0
NP_001324198,0.0
NP_001324199,0.0
NP_001324200,0.0
NP_001324201,0.0
NP_001324202,0.0
NP_001324203,0.0
NP_001324204,0.0
NP_001324205,0.0
NP_001324206,0.0
NP_001324207,0.0
NP_001324208,0.0
NP_001324209,0.0
NP_001324210,0.0
NP_001324211,0.0
NP_001324212,0.0
NP_001324213,0.0
NP_001324214,0.0
NP_001324215,0.0
NP_001324216,0.0
NP_001324217,0.0
NP_001324218,0.0
NP_001324219,1981.0
NP_001324220,1981.0
NP_001324221,0.0
NP_001324222,0.0
NP_001324223,214.0
NP_001324224,0.0
NP_001324225,52.0
NP_001324226,52.0
NP_001324227,0.0
NP_001324228,0.0
NP_001324229,0.0
NP_001324230,0.0
NP_001324231,0.0
NP_001324232,0.0
NP_001324233,0.0
NP_001324234,0.0
NP_001324235,0.0
NP_001324236,0.0
NP_001324237,0.0
NP_001324238,0.0
NP_001324239,0.0
NP_001324240,0.0
NP_001324241,0.0
NP_001324242,0.0
NP_001324243,0.0
NP_001324244,0.0
NP_001324245,0.0
NP_001324246,0.0
NP_001324247,0.0
NP_001324248,0.0
NP_001324249,0.0
NP_001324250,0.0
NP_001324251,0.0
NP_001324252,0.0
NP_001324253,0.0
NP_001324254,0.0
NP_001324255,0.0
NP_001324256,0.0
NP_001324257,0.0
NP_001324258,0.0
NP_001324259,0.0
NP_001324260,0.0
NP_001324261,0.0
NP_001324262,0.0
NP_001324263,0.0
NP_001324264,0.0
NP_001324265,0.0
NP_001324266,0.0
NP_001324267,0.0
NP_001324268,39.0
NP_001324269,39.0
NP_001324270,0.0
NP_001324271,0.0
NP_001324272,0.0
NP_001324273,0.0
NP_001324274,0.0
NP_001324275,0.0
NP_001324276,0.0
NP_001324277,0.0
NP_001324278,0.0
NP_001324279,0.0
NP_001324280,0.0
NP_001324281,0.0
NP_001324282,0.0
NP_001324283,0.0
NP_001324284,0.0
NP_001324285,0.0
NP_001324286,0.0
NP_001324287,0.0
NP_001324288,0.0
NP_001324289,0.0
NP_001324290,0.0
NP_001324291,41.0
NP_001324292,41.0
NP_001324293,41.0
NP_001324294,0.0
NP_001324295,0.0
NP_001324296,0.0
NP_001324297,0.0
NP_001324298,0.0
NP_001324299,0.0
NP_001324300,48.0
NP_001324301,0.0
NP_001324302,0.0
NP_001324303,0.0
NP_001324304,0.0
NP_001324305,0.0
NP_001324306,0.0
NP_001324307,0.0
NP_001324308,0.0
NP_001324309,0.0
NP_001324310,0.0
NP_001324311,0.0
NP_001324312,0.0
NP_001324313,0.0
NP_001324314,0.0
NP_001324315,0.0
NP_001324316,0.0
NP_001324317,0.0
NP_001324318,0.0
NP_001324319,0.0
NP_001324320,0.0
NP_001324321,0.0
NP_001324323,0.0
NP_001324324,0.0
NP_001324325,0.0
NP_001324326,0.0
NP_001324327,0.0
NP_001324328,0.0
NP_001324329,0.0
NP_001324330,495.0
NP_001324331,498.0
NP_001324332,525.0
NP_001324333,498.0
NP_001324334,0.0
NP_001324335,0.0
NP_001324336,0.0
NP_001324337,0.0
NP_001324338,0.0
NP_001324339,0.0
NP_001324340,0.0
NP_001324341,0.0
NP_001324342,0.0
NP_001324343,0.0
NP_001324344,0.0
NP_001324345,0.0
NP_001324346,0.0
NP_001324347,0.0
NP_001324348,0.0
NP_001324349,0.0
NP_001324350,0.0
NP_001324351,0.0
NP_001324353,0.0
NP_001324354,0.0
NP_001324355,0.0
NP_001324356,0.0
NP_001324357,0.0
NP_001324358,0.0
NP_001324359,0.0
NP_001324360,0.0
NP_001324361,0.0
NP_001324362,0.0
NP_001324363,0.0
NP_001324364,0.0
NP_001324365,0.0
NP_001324366,0.0
NP_001324367,70.0
NP_001324368,70.0
NP_001324369,0.0
NP_001324370,0.0
NP_001324371,52.0
NP_001324372,0.0
NP_001324373,0.0
NP_001324374,192.0
NP_001324375,88.0
NP_001324376,0.0
NP_001324377,41.0
NP_001324378,0.0
NP_001324379,0.0
NP_001324380,0.0
NP_001324381,0.0
NP_001324382,0.0
NP_001324383,0.0
NP_001324384,0.0
NP_001324385,0.0
NP_001324386,0.0
NP_001324387,0.0
NP_001324388,0.0
NP_001324389,0.0
NP_001324390,0.0
NP_001324391,0.0
NP_001324392,0.0
NP_001324393,0.0
NP_001324394,0.0
NP_001324395,0.0
NP_001324396,0.0
NP_001324397,0.0
NP_001324398,0.0
NP_001324399,0.0
NP_001324400,0.0
NP_001324401,0.0
NP_001324402,0.0
NP_001324403,0.0
NP_001324404,0.0
NP_001324405,0.0
NP_001324406,0.0
NP_001324407,0.0
NP_001324408,0.0
NP_001324409,386.0
NP_001324410,386.0
NP_001324411,386.0
NP_001324412,386.0
NP_001324413,0.0
NP_001324414,0.0
NP_001324415,0.0
NP_001324416,0.0
NP_001324417,0.0
NP_001324418,0.0
NP_001324419,0.0
NP_001324420,0.0
NP_001324421,0.0
NP_001324422,0.0
NP_001324423,0.0
NP_001324424,0.0
NP_001324425,0.0
NP_001324426,0.0
NP_001324427,0.0
NP_001324428,0.0
NP_001324429,0.0
NP_001324430,0.0
NP_001324431,0.0
NP_001324432,0.0
NP_001324433,0.0
NP_001324434,0.0
NP_001324435,0.0
NP_001324436,0.0
NP_001324437,0.0
NP_001324438,0.0
NP_001324439,0.0
NP_001324440,0.0
NP_001324441,0.0
NP_001324442,0.0
NP_001324443,0.0
NP_001324444,0.0
NP_001324445,0.0
NP_001324446,0.0
NP_001324447,0.0
NP_001324448,1276.0
NP_001324449,0.0
NP_001324450,0.0
NP_001324451,0.0
NP_001324452,0.0
NP_001324453,0.0
NP_001324454,0.0
NP_001324455,0.0
NP_001324456,0.0
NP_001324457,0.0
NP_001324458,0.0
NP_001324459,0.0
NP_001324460,0.0
NP_001324461,0.0
NP_001324462,0.0
NP_001324463,0.0
NP_001324464,0.0
NP_001324465,0.0
NP_001324466,0.0
NP_001324467,0.0
NP_001324468,0.0
NP_001324469,0.0
NP_001324470,0.0
NP_001324471,0.0
NP_001324472,0.0
NP_001324473,0.0
NP_001324474,0.0
NP_001324475,0.0
NP_001324476,0.0
NP_001324477,0.0
NP_001324478,0.0
NP_001324479,0.0
NP_001324480,0.0
NP_001324481,0.0
NP_001324482,43.0
NP_001324483,0.0
NP_001324484,0.0
NP_001324485,0.0
NP_001324486,35.0
NP_001324487,0.0
NP_001324488,0.0
NP_001324489,0.0
NP_001324490,0.0
NP_001324491,735.0
NP_001324492,719.0
NP_001324493,0.0
NP_001324494,0.0
NP_001324495,0.0
NP_001324496,0.0
NP_001324497,0.0
NP_001324498,0.0
NP_001324499,0.0
NP_001324500,0.0
NP_001324501,0.0
NP_001324502,0.0
NP_001324503,380.0
NP_001324504,366.0
NP_001324505,39.0
NP_001324506,0.0
NP_001324507,0.0
NP_001324508,0.0
NP_001324509,0.0
NP_001324510,0.0
NP_001324511,667.0
NP_001324512,667.0
NP_001324513,576.0
NP_001324514,0.0
NP_001324515,0.0
NP_001324516,0.0
NP_001324517,0.0
NP_001324518,0.0
NP_001324519,0.0
NP_001324520,0.0
NP_001324521,0.0
NP_001324522,0.0
NP_001324523,0.0
NP_001324524,0.0
NP_001324525,0.0
NP_001324526,0.0
NP_001324527,0.0
NP_001324528,0.0
NP_001324529,0.0
NP_001324530,0.0
NP_001324531,0.0
NP_001324532,0.0
NP_001324533,0.0
NP_001324534,0.0
NP_001324535,0.0
NP_001324536,0.0
NP_001324537,40.0
NP_001324538,0.0
NP_001324539,0.0
NP_001324540,0.0
NP_001324541,0.0
NP_001324542,0.0
NP_001324543,0.0
NP_001324544,0.0
NP_001324545,0.0
NP_001324546,0.0
NP_001324547,0.0
NP_001324548,0.0
NP_001324549,0.0
NP_001324550,0.0
NP_001324551,0.0
NP_001324552,45.0
NP_001324553,0.0
NP_001324554,0.0
NP_001324555,0.0
NP_001324556,40.0
NP_001324557,0.0
NP_001324558,0.0
NP_001324559,0.0
NP_001324560,0.0
NP_001324561,0.0
NP_001324562,0.0
NP_001324563,0.0
NP_001324564,0.0
NP_001324565,0.0
NP_001324566,0.0
NP_001324567,0.0
NP_001324568,0.0
NP_001324569,0.0
NP_001324570,0.0
NP_001324571,0.0
NP_001324572,0.0
NP_001324573,0.0
NP_001324574,876.0
NP_001324575,0.0
NP_001324576,0.0
NP_001324577,0.0
NP_001324578,0.0
NP_001324579,0.0
NP_001324580,0.0
NP_001324581,0.0
NP_001324582,811.0
NP_001324583,0.0
NP_001324584,0.0
NP_001324585,0.0
NP_001324586,0.0
NP_001324587,0.0
NP_001324588,0.0
NP_001324589,0.0
NP_001324590,0.0
NP_001324591,0.0
NP_001324592,0.0
NP_001324593,0.0
NP_001324594,0.0
NP_001324595,0.0
NP_001324596,0.0
NP_001324597,0.0
NP_001324598,383.0
NP_001324599,0.0
NP_001324600,0.0
NP_001324601,0.0
NP_001324602,0.0
NP_001324603,0.0
NP_001324604,0.0
NP_001324605,0.0
NP_001324606,44.0
NP_001324607,43.0
NP_001324608,41.0
NP_001324609,0.0
NP_001324610,0.0
NP_001324611,0.0
NP_001324612,0.0
NP_001324613,0.0
NP_001324614,0.0
NP_001324615,0.0
NP_001324616,0.0
NP_001324617,0.0
NP_001324618,0.0
NP_001324619,0.0
NP_001324620,0.0
NP_001324621,0.0
NP_001324622,0.0
NP_001324623,0.0
NP_001324624,44.0
NP_001324625,0.0
NP_001324626,0.0
NP_001324627,0.0
NP_001324628,0.0
NP_001324629,0.0
NP_001324630,0.0
NP_001324631,0.0
NP_001324632,0.0
NP_001324633,0.0
NP_001324634,0.0
NP_001324635,0.0
NP_001324636,0.0
NP_001324637,0.0
NP_001324638,0.0
NP_001324639,0.0
NP_001324640,0.0
NP_001324641,0.0
NP_001324642,0.0
NP_001324643,0.0
NP_001324644,0.0
NP_001324645,0.0
NP_001324646,0.0
NP_001324647,0.0
NP_001324648,0.0
NP_001324649,0.0
NP_001324650,47.0
NP_001324651,0.0
NP_001324652,0.0
NP_001324653,0.0
NP_001324654,0.0
NP_001324655,0.0
NP_001324656,0.0
NP_001324657,0.0
NP_001324658,0.0
NP_001324659,0.0
NP_001324660,0.0
NP_001324661,0.0
NP_001324662,0.0
NP_001324663,0.0
NP_001324664,0.0
NP_001324665,0.0
NP_001324666,0.0
NP_001324667,0.0
NP_001324668,0.0
NP_001324669,0.0
NP_001324670,0.0
NP_001324671,0.0
NP_001324672,0.0
NP_001324673,0.0
NP_001324674,0.0
NP_001324675,0.0
NP_001324676,0.0
NP_001324677,0.0
NP_001324678,0.0
NP_001324679,0.0
NP_001324680,426.0
NP_001324681,0.0
NP_001324682,0.0
NP_001324683,0.0
NP_001324684,0.0
NP_001324685,0.0
NP_001324686,0.0
NP_001324687,0.0
NP_001324688,0.0
NP_001324689,0.0
NP_001324690,0.0
NP_001324691,0.0
NP_001324692,0.0
NP_001324693,0.0
NP_001324694,0.0
NP_001324695,0.0
NP_001324696,63.0
NP_001324697,70.0
NP_001324698,0.0
NP_001324699,0.0
NP_001324700,0.0
NP_001324701,0.0
NP_001324702,0.0
NP_001324703,0.0
NP_001324704,0.0
NP_001324705,0.0
NP_001324706,0.0
NP_001324707,0.0
NP_001324708,0.0
NP_001324709,0.0
NP_001324710,0.0
NP_001324711,44.0
NP_001324712,0.0
NP_001324713,0.0
NP_001324714,0.0
NP_001324715,0.0
NP_001324716,0.0
NP_001324717,0.0
NP_001324718,0.0
NP_001324719,0.0
NP_001324720,0.0
NP_001324721,0.0
NP_001324722,0.0
NP_001324723,0.0
NP_001324724,0.0
NP_001324725,0.0
NP_001324726,0.0
NP_001324727,0.0
NP_001324728,0.0
NP_001324729,0.0
NP_001324730,0.0
NP_001324731,0.0
NP_001324732,0.0
NP_001324733,0.0
NP_001324734,0.0
NP_001324735,0.0
NP_001324736,0.0
NP_001324737,578.0
NP_001324738,0.0
NP_001324739,0.0
NP_001324740,53.0
NP_001324741,53.0
NP_001324742,53.0
NP_001324743,53.0
NP_001324744,53.0
NP_001324745,53.0
NP_001324746,53.0
NP_001324747,53.0
NP_001324748,53.0
NP_001324749,0.0
NP_001324750,0.0
NP_001324751,0.0
NP_001324752,0.0
NP_001324753,0.0
NP_001324754,0.0
NP_001324755,0.0
NP_001324756,0.0
NP_001324757,0.0
NP_001324758,0.0
NP_001324759,0.0
NP_001324760,196.0
NP_001324761,0.0
NP_001324762,0.0
NP_001324763,0.0
NP_001324764,0.0
NP_001324765,0.0
NP_001324766,0.0
NP_001324767,0.0
NP_001324768,0.0
NP_001324769,0.0
NP_001324770,0.0
NP_001324771,0.0
NP_001324772,0.0
NP_001324773,0.0
NP_001324774,0.0
NP_001324775,0.0
NP_001324776,0.0
NP_001324777,0.0
NP_001324778,0.0
NP_001324779,0.0
NP_001324780,0.0
NP_001324781,0.0
NP_001324782,0.0
NP_001324783,0.0
NP_001324784,0.0
NP_001324785,0.0
NP_001324786,0.0
NP_001324787,0.0
NP_001324788,0.0
NP_001324789,0.0
NP_001324790,0.0
NP_001324791,0.0
NP_001324792,0.0
NP_001324793,0.0
NP_001324794,0.0
NP_001324795,0.0
NP_001324796,0.0
NP_001324798,0.0
NP_001324799,0.0
NP_001324800,0.0
NP_001324801,0.0
NP_001324802,0.0
NP_001324803,0.0
NP_001324804,0.0
NP_001324805,0.0
NP_001324806,0.0
NP_001324807,45.0
NP_001324808,44.0
NP_001324809,45.0
NP_001324810,0.0
NP_001324811,46.0
NP_001324812,33.0
NP_001324813,46.0
NP_001324814,0.0
NP_001324815,0.0
NP_001324816,0.0
NP_001324817,0.0
NP_001324818,0.0
NP_001324819,0.0
NP_001324820,38.0
NP_001324821,46.0
NP_001324822,43.0
NP_001324823,46.0
NP_001324824,0.0
NP_001324825,0.0
NP_001324826,0.0
NP_001324827,0.0
NP_001324828,0.0
NP_001324829,0.0
NP_001324830,0.0
NP_001324831,0.0
NP_001324832,0.0
NP_001324833,0.0
NP_001324834,0.0
NP_001324835,0.0
NP_001324836,0.0
NP_001324837,0.0
NP_001324838,0.0
NP_001324839,0.0
NP_001324840,0.0
NP_001324841,35.0
NP_001324842,0.0
NP_001324843,0.0
NP_001324844,35.0
NP_001324845,0.0
NP_001324846,0.0
NP_001324847,53.0
NP_001324848,53.0
NP_001324849,53.0
NP_001324850,0.0
NP_001324851,0.0
NP_001324852,0.0
NP_001324853,0.0
NP_001324854,86.0
NP_001324855,0.0
NP_001324856,0.0
NP_001324857,0.0
NP_001324858,0.0
NP_001324859,0.0
NP_001324860,0.0
NP_001324861,0.0
NP_001324862,0.0
NP_001324863,0.0
NP_001324864,0.0
NP_001324865,0.0
NP_001324866,0.0
NP_001324867,0.0
NP_001324868,55.0
NP_001324869,0.0
NP_001324870,0.0
NP_001324871,0.0
NP_001324872,0.0
NP_001324873,0.0
NP_001324874,0.0
NP_001324875,0.0
NP_001324876,0.0
NP_001324877,0.0
NP_001324878,0.0
NP_001324879,0.0
NP_001324880,0.0
NP_001324881,0.0
NP_001324882,0.0
NP_001324883,0.0
NP_001324884,0.0
NP_001324885,0.0
NP_001324886,0.0
NP_001324887,0.0
NP_001324888,0.0
NP_001324889,0.0
NP_001324890,0.0
NP_001324891,0.0
NP_001324892,0.0
NP_001324893,0.0
NP_001324894,0.0
NP_001324895,0.0
NP_001324896,0.0
NP_001324897,0.0
NP_001324898,0.0
NP_001324899,0.0
NP_001324900,0.0
NP_001324901,0.0
NP_001324902,48.0
NP_001324903,48.0
NP_001324904,0.0
NP_001324905,0.0
NP_001324906,0.0
NP_001324907,0.0
NP_001324908,0.0
NP_001324909,0.0
NP_001324910,0.0
NP_001324911,0.0
NP_001324912,0.0
NP_001324913,0.0
NP_001324914,0.0
NP_001324915,0.0
NP_001324916,0.0
NP_001324917,0.0
NP_001324918,0.0
NP_001324919,0.0
NP_001324920,0.0
NP_001324921,0.0
NP_001324922,0.0
NP_001324923,0.0
NP_001324924,0.0
NP_001324925,0.0
NP_001324926,0.0
NP_001324927,0.0
NP_001324928,0.0
NP_001324929,0.0
NP_001324930,0.0
NP_001324931,0.0
NP_001324932,0.0
NP_001324933,0.0
NP_001324934,36.0
NP_001324935,0.0
NP_001324936,0.0
NP_001324937,511.0
NP_001324938,511.0
NP_001324939,511.0
NP_001324940,511.0
NP_001324941,511.0
NP_001324942,511.0
NP_001324943,511.0
NP_001324944,511.0
NP_001324945,511.0
NP_001324946,511.0
NP_001324947,511.0
NP_001324948,511.0
NP_001324949,511.0
NP_001324950,511.0
NP_001324951,0.0
NP_001324952,0.0
NP_001324953,0.0
NP_001324954,0.0
NP_001324955,0.0
NP_001324956,0.0
NP_001324957,0.0
NP_001324958,0.0
NP_001324959,0.0
NP_001324960,0.0
NP_001324961,0.0
NP_001324962,0.0
NP_001324963,0.0
NP_001324964,0.0
NP_001324965,0.0
NP_001324966,0.0
NP_001324967,0.0
NP_001324968,0.0
NP_001324969,0.0
NP_001324970,0.0
NP_001324971,0.0
NP_001324972,0.0
NP_001324973,0.0
NP_001324974,0.0
NP_001324975,0.0
NP_001324976,0.0
NP_001324977,0.0
NP_001324978,0.0
NP_001324979,0.0
NP_001324980,0.0
NP_001324981,0.0
NP_001324982,0.0
NP_001324983,0.0
NP_001324984,0.0
NP_001324985,0.0
NP_001324986,44.0
NP_001324987,44.0
NP_001324988,44.0
NP_001324989,0.0
NP_001324990,0.0
NP_001324991,0.0
NP_001324992,0.0
NP_001324993,0.0
NP_001324994,0.0
NP_001324995,0.0
NP_001324996,0.0
NP_001324997,0.0
NP_001324998,0.0
NP_001324999,0.0
NP_001325000,0.0
NP_001325001,0.0
NP_001325002,0.0
NP_001325003,0.0
NP_001325004,0.0
NP_001325005,0.0
NP_001325006,1288.0
NP_001325007,0.0
NP_001325008,0.0
NP_001325009,0.0
NP_001325010,0.0
NP_001325011,0.0
NP_001325012,0.0
NP_001325013,0.0
NP_001325014,0.0
NP_001325015,0.0
NP_001325016,0.0
NP_001325017,0.0
NP_001325018,0.0
NP_001325019,0.0
NP_001325020,0.0
NP_001325021,0.0
NP_001325022,0.0
NP_001325023,0.0
NP_001325024,0.0
NP_001325025,0.0
NP_001325026,0.0
NP_001325027,0.0
NP_001325028,0.0
NP_001325029,0.0
NP_001325030,0.0
NP_001325031,0.0
NP_001325032,85.0
NP_001325033,70.0
NP_001325034,0.0
NP_001325035,0.0
NP_001325036,0.0
NP_001325037,0.0
NP_001325038,0.0
NP_001325039,50.0
NP_001325040,50.0
NP_001325041,0.0
NP_001325042,0.0
NP_001325043,0.0
NP_001325044,0.0
NP_001325045,0.0
NP_001325046,0.0
NP_001325047,0.0
NP_001325048,0.0
NP_001325049,0.0
NP_001325050,0.0
NP_001325051,0.0
NP_001325052,0.0
NP_001325053,0.0
NP_001325054,0.0
NP_001325055,41.0
NP_001325056,0.0
NP_001325057,0.0
NP_001325058,0.0
NP_001325059,0.0
NP_001325060,0.0
NP_001325061,0.0
NP_001325062,0.0
NP_001325063,0.0
NP_001325064,0.0
NP_001325065,0.0
NP_001325066,0.0
NP_001325067,0.0
NP_001325068,54.0
NP_001325069,54.0
NP_001325070,62.0
NP_001325071,0.0
NP_001325072,0.0
NP_001325073,812.0
NP_001325074,641.0
NP_001325075,0.0
NP_001325076,0.0
NP_001325077,0.0
NP_001325078,0.0
NP_001325079,0.0
NP_001325080,0.0
NP_001325081,0.0
NP_001325082,0.0
NP_001325083,0.0
NP_001325084,0.0
NP_001325085,0.0
NP_001325086,41.0
NP_001325087,41.0
NP_001325088,0.0
NP_001325089,58.0
NP_001325090,46.0
NP_001325091,0.0
NP_001325092,0.0
NP_001325093,0.0
NP_001325094,0.0
NP_001325095,0.0
NP_001325096,1189.0
NP_001325097,0.0
NP_001325098,621.0
NP_001325099,397.0
NP_001325100,621.0
NP_001325101,0.0
NP_001325102,69.0
NP_001325103,0.0
NP_001325104,0.0
NP_001325105,0.0
NP_001325106,0.0
NP_001325107,0.0
NP_001325108,0.0
NP_001325109,37.0
NP_001325110,0.0
NP_001325111,0.0
NP_001325112,0.0
NP_001325113,0.0
NP_001325114,0.0
NP_001325115,0.0
NP_001325116,0.0
NP_001325117,0.0
NP_001325118,0.0
NP_001325119,0.0
NP_001325120,0.0
NP_001325121,0.0
NP_001325122,0.0
NP_001325123,0.0
NP_001325124,0.0
NP_001325125,0.0
NP_001325126,0.0
NP_001325127,0.0
NP_001325128,0.0
NP_001325129,0.0
NP_001325130,0.0
NP_001325131,0.0
NP_001325132,0.0
NP_001325133,34.0
NP_001325134,34.0
NP_001325135,34.0
NP_001325136,34.0
NP_001325137,32.0
NP_001325138,465.0
NP_001325139,0.0
NP_001325140,0.0
NP_001325142,0.0
NP_001325143,0.0
NP_001325144,0.0
NP_001325145,0.0
NP_001325146,0.0
NP_001325147,0.0
NP_001325148,0.0
NP_001325149,47.0
NP_001325150,0.0
NP_001325151,0.0
NP_001325152,0.0
NP_001325153,0.0
NP_001325154,0.0
NP_001325155,0.0
NP_001325156,0.0
NP_001325157,0.0
NP_001325158,0.0
NP_001325159,0.0
NP_001325160,53.0
NP_001325161,0.0
NP_001325162,0.0
NP_001325163,0.0
NP_001325164,0.0
NP_001325165,0.0
NP_001325166,0.0
NP_001325167,0.0
NP_001325168,0.0
NP_001325169,0.0
NP_001325170,0.0
NP_001325171,0.0
NP_001325172,0.0
NP_001325173,0.0
NP_001325174,0.0
NP_001325175,0.0
NP_001325176,0.0
NP_001325177,0.0
NP_001325178,65.0
NP_001325179,0.0
NP_001325180,0.0
NP_001325181,0.0
NP_001325182,0.0
NP_001325183,0.0
NP_001325184,0.0
NP_001325185,0.0
NP_001325186,0.0
NP_001325187,0.0
NP_001325188,0.0
NP_001325189,0.0
NP_001325190,0.0
NP_001325191,0.0
NP_001325192,0.0
NP_001325193,0.0
NP_001325194,0.0
NP_001325195,0.0
NP_001325196,0.0
NP_001325197,0.0
NP_001325198,0.0
NP_001325199,0.0
NP_001325200,0.0
NP_001325201,0.0
NP_001325202,0.0
NP_001325203,0.0
NP_001325204,0.0
NP_001325205,0.0
NP_001325206,0.0
NP_001325207,0.0
NP_001325208,0.0
NP_001325209,0.0
NP_001325210,0.0
NP_001325211,0.0
NP_001325212,0.0
NP_001325213,0.0
NP_001325214,0.0
NP_001325215,0.0
NP_001325216,0.0
NP_001325217,0.0
NP_001325218,0.0
NP_001325219,0.0
NP_001325220,0.0
NP_001325221,0.0
NP_001325222,0.0
NP_001325223,0.0
NP_001325224,0.0
NP_001325225,0.0
NP_001325226,0.0
NP_001325227,0.0
NP_001325228,0.0
NP_001325229,0.0
NP_001325230,0.0
NP_001325231,0.0
NP_001325232,0.0
NP_001325233,0.0
NP_001325234,0.0
NP_001325235,0.0
NP_001325236,0.0
NP_001325237,0.0
NP_001325238,0.0
NP_001325239,0.0
NP_001325240,0.0
NP_001325241,0.0
NP_001325242,0.0
NP_001325243,0.0
NP_001325244,0.0
NP_001325245,0.0
NP_001325246,45.0
NP_001325247,45.0
NP_001325248,45.0
NP_001325249,0.0
NP_001325250,0.0
NP_001325251,0.0
NP_001325252,0.0
NP_001325253,0.0
NP_001325254,0.0
NP_001325255,0.0
NP_001325256,0.0
NP_001325257,0.0
NP_001325258,0.0
NP_001325259,0.0
NP_001325260,0.0
NP_001325261,0.0
NP_001325262,0.0
NP_001325263,0.0
NP_001325264,0.0
NP_001325265,0.0
NP_001325266,0.0
NP_001325267,0.0
NP_001325268,0.0
NP_001325269,0.0
NP_001325270,529.0
NP_001325271,0.0
NP_001325272,0.0
NP_001325273,0.0
NP_001325274,0.0
NP_001325275,0.0
NP_001325276,0.0
NP_001325277,0.0
NP_001325278,0.0
NP_001325279,0.0
NP_001325280,0.0
NP_001325281,0.0
NP_001325282,0.0
NP_001325283,0.0
NP_001325284,0.0
NP_001325285,0.0
NP_001325286,55.0
NP_001325287,0.0
NP_001325288,0.0
NP_001325289,0.0
NP_001325290,0.0
NP_001325291,0.0
NP_001325292,0.0
NP_001325293,0.0
NP_001325294,0.0
NP_001325295,0.0
NP_001325296,0.0
NP_001325297,0.0
NP_001325298,0.0
NP_001325299,0.0
NP_001325300,0.0
NP_001325301,0.0
NP_001325302,0.0
NP_001325303,0.0
NP_001325304,0.0
NP_001325305,0.0
NP_001325306,0.0
NP_001325307,44.0
NP_001325308,0.0
NP_001325309,0.0
NP_001325310,433.0
NP_001325311,47.0
NP_001325312,47.0
NP_001325313,47.0
NP_001325314,0.0
NP_001325315,0.0
NP_001325316,0.0
NP_001325317,0.0
NP_001325318,0.0
NP_001325319,0.0
NP_001325320,0.0
NP_001325321,0.0
NP_001325322,0.0
NP_001325323,0.0
NP_001325324,0.0
NP_001325325,0.0
NP_001325326,0.0
NP_001325327,0.0
NP_001325328,0.0
NP_001325329,0.0
NP_001325330,0.0
NP_001325331,0.0
NP_001325332,0.0
NP_001325333,0.0
NP_001325334,0.0
NP_001325335,0.0
NP_001325336,44.0
NP_001325337,0.0
NP_001325338,0.0
NP_001325339,0.0
NP_001325340,0.0
NP_001325341,0.0
NP_001325342,0.0
NP_001325343,0.0
NP_001325344,0.0
NP_001325345,0.0
NP_001325346,0.0
NP_001325347,66.0
NP_001325348,66.0
NP_001325349,66.0
NP_001325350,0.0
NP_001325351,0.0
NP_001325352,0.0
NP_001325353,0.0
NP_001325354,0.0
NP_001325355,0.0
NP_001325356,0.0
NP_001325357,0.0
NP_001325358,0.0
NP_001325359,0.0
NP_001325360,0.0
NP_001325361,0.0
NP_001325362,0.0
NP_001325363,0.0
NP_001325364,0.0
NP_001325365,0.0
NP_001325366,242.0
NP_001325367,0.0
NP_001325368,0.0
NP_001325369,0.0
NP_001325370,36.0
NP_001325371,36.0
NP_001325372,36.0
NP_001325373,0.0
NP_001325374,0.0
NP_001325375,0.0
NP_001325376,0.0
NP_001325377,0.0
NP_001325378,0.0
NP_001325379,0.0
NP_001325380,0.0
NP_001325381,0.0
NP_001325382,0.0
NP_001325383,0.0
NP_001325384,0.0
NP_001325385,0.0
NP_001325386,0.0
NP_001325387,0.0
NP_001325388,0.0
NP_001325389,0.0
NP_001325390,0.0
NP_001325391,0.0
NP_001325392,0.0
NP_001325393,0.0
NP_001325394,0.0
NP_001325395,0.0
NP_001325396,0.0
NP_001325397,0.0
NP_001325398,0.0
NP_001325399,49.0
NP_001325400,49.0
NP_001325401,0.0
NP_001325402,221.0
NP_001325403,221.0
NP_001325404,203.0
NP_001325405,0.0
NP_001325406,0.0
NP_001325407,0.0
NP_001325408,0.0
NP_001325409,0.0
NP_001325410,0.0
NP_001325411,0.0
NP_001325412,0.0
NP_001325413,0.0
NP_001325414,0.0
NP_001325415,56.0
NP_001325416,0.0
NP_001325417,0.0
NP_001325418,0.0
NP_001325419,0.0
NP_001325420,0.0
NP_001325421,313.0
NP_001325422,0.0
NP_001325423,0.0
NP_001325424,0.0
NP_001325425,0.0
NP_001325426,0.0
NP_001325427,0.0
NP_001325428,0.0
NP_001325429,0.0
NP_001325430,0.0
NP_001325431,45.0
NP_001325432,45.0
NP_001325433,0.0
NP_001325434,0.0
NP_001325435,0.0
NP_001325436,0.0
NP_001325437,0.0
NP_001325438,0.0
NP_001325439,0.0
NP_001325440,40.0
NP_001325441,0.0
NP_001325442,0.0
NP_001325443,0.0
NP_001325444,0.0
NP_001325445,0.0
NP_001325446,0.0
NP_001325447,0.0
NP_001325448,0.0
NP_001325449,0.0
NP_001325450,0.0
NP_001325451,0.0
NP_001325452,0.0
NP_001325453,0.0
NP_001325454,0.0
NP_001325455,0.0
NP_001325456,0.0
NP_001325457,0.0
NP_001325458,0.0
NP_001325459,0.0
NP_001325460,0.0
NP_001325461,0.0
NP_001325462,0.0
NP_001325463,0.0
NP_001325464,0.0
NP_001325465,0.0
NP_001325466,0.0
NP_001325467,0.0
NP_001325468,0.0
NP_001325469,0.0
NP_001325470,0.0
NP_001325471,0.0
NP_001325472,55.0
NP_001325473,55.0
NP_001325474,54.0
NP_001325475,0.0
NP_001325476,0.0
NP_001325477,0.0
NP_001325478,0.0
NP_001325479,0.0
NP_001325480,0.0
NP_001325481,0.0
NP_001325482,0.0
NP_001325483,0.0
NP_001325484,0.0
NP_001325485,0.0
NP_001325486,0.0
NP_001325487,0.0
NP_001325488,0.0
NP_001325489,0.0
NP_001325490,0.0
NP_001325491,0.0
NP_001325492,0.0
NP_001325493,0.0
NP_001325494,0.0
NP_001325495,0.0
NP_001325496,0.0
NP_001325497,0.0
NP_001325498,0.0
NP_001325499,0.0
NP_001325500,0.0
NP_001325501,0.0
NP_001325502,0.0
NP_001325503,0.0
NP_001325504,0.0
NP_001325505,0.0
NP_001325506,0.0
NP_001325507,0.0
NP_001325508,0.0
NP_001325509,0.0
NP_001325510,64.0
NP_001325511,0.0
NP_001325512,0.0
NP_001325513,0.0
NP_001325514,0.0
NP_001325515,0.0
NP_001325516,0.0
NP_001325517,0.0
NP_001325518,0.0
NP_001325519,0.0
NP_001325520,0.0
NP_001325521,0.0
NP_001325522,0.0
NP_001325523,0.0
NP_001325524,0.0
NP_001325525,0.0
NP_001325526,0.0
NP_001325527,0.0
NP_001325528,0.0
NP_001325529,0.0
NP_001325530,0.0
NP_001325531,0.0
NP_001325532,0.0
NP_001325533,0.0
NP_001325534,0.0
NP_001325535,0.0
NP_001325536,0.0
NP_001325537,48.0
NP_001325538,47.0
NP_001325539,0.0
NP_001325540,0.0
NP_001325541,0.0
NP_001325542,0.0
NP_001325543,0.0
NP_001325544,41.0
NP_001325545,0.0
NP_001325546,0.0
NP_001325547,0.0
NP_001325548,47.0
NP_001325549,0.0
NP_001325550,0.0
NP_001325551,0.0
NP_001325552,0.0
NP_001325553,0.0
NP_001325554,0.0
NP_001325555,0.0
NP_001325556,0.0
NP_001325557,50.0
NP_001325558,50.0
NP_001325559,50.0
NP_001325560,50.0
NP_001325561,50.0
NP_001325562,50.0
NP_001325563,0.0
NP_001325564,0.0
NP_001325565,759.0
NP_001325566,756.0
NP_001325567,41.0
NP_001325568,0.0
NP_001325569,0.0
NP_001325570,0.0
NP_001325571,0.0
NP_001325572,0.0
NP_001325573,0.0
NP_001325574,0.0
NP_001325575,0.0
NP_001325576,0.0
NP_001325577,0.0
NP_001325578,0.0
NP_001325579,0.0
NP_001325580,0.0
NP_001325581,0.0
NP_001325582,0.0
NP_001325583,0.0
NP_001325584,0.0
NP_001325585,0.0
NP_001325586,0.0
NP_001325587,0.0
NP_001325588,0.0
NP_001325589,0.0
NP_001325590,0.0
NP_001325591,0.0
NP_001325592,0.0
NP_001325593,0.0
NP_001325594,0.0
NP_001325595,0.0
NP_001325596,0.0
NP_001325597,0.0
NP_001325598,0.0
NP_001325599,0.0
NP_001325600,0.0
NP_001325601,0.0
NP_001325602,0.0
NP_001325603,52.0
NP_001325604,0.0
NP_001325605,0.0
NP_001325606,0.0
NP_001325607,0.0
NP_001325608,0.0
NP_001325609,0.0
NP_001325610,0.0
NP_001325611,0.0
NP_001325612,0.0
NP_001325613,0.0
NP_001325614,0.0
NP_001325615,0.0
NP_001325616,405.0
NP_001325617,405.0
NP_001325618,671.0
NP_001325619,310.0
NP_001325620,0.0
NP_001325621,0.0
NP_001325622,0.0
NP_001325623,48.0
NP_001325624,0.0
NP_001325625,0.0
NP_001325626,0.0
NP_001325627,0.0
NP_001325628,0.0
NP_001325629,0.0
NP_001325630,0.0
NP_001325631,0.0
NP_001325632,0.0
NP_001325633,0.0
NP_001325634,0.0
NP_001325635,0.0
NP_001325636,0.0
NP_001325637,0.0
NP_001325638,0.0
NP_001325639,0.0
NP_001325640,0.0
NP_001325641,0.0
NP_001325642,71.0
NP_001325643,0.0
NP_001325644,0.0
NP_001325645,38.0
NP_001325646,38.0
NP_001325647,38.0
NP_001325648,38.0
NP_001325649,38.0
NP_001325650,0.0
NP_001325651,38.0
NP_001325652,0.0
NP_001325653,46.0
NP_001325654,46.0
NP_001325655,0.0
NP_001325656,0.0
NP_001325657,0.0
NP_001325658,0.0
NP_001325659,0.0
NP_001325660,0.0
NP_001325661,0.0
NP_001325662,0.0
NP_001325663,0.0
NP_001325664,0.0
NP_001325665,0.0
NP_001325666,0.0
NP_001325667,50.0
NP_001325668,0.0
NP_001325669,0.0
NP_001325670,0.0
NP_001325671,0.0
NP_001325672,0.0
NP_001325673,0.0
NP_001325674,0.0
NP_001325675,0.0
NP_001325676,0.0
NP_001325677,0.0
NP_001325678,0.0
NP_001325679,0.0
NP_001325680,0.0
NP_001325681,0.0
NP_001325682,0.0
NP_001325683,0.0
NP_001325684,56.0
NP_001325685,0.0
NP_001325686,0.0
NP_001325687,0.0
NP_001325688,0.0
NP_001325689,0.0
NP_001325690,0.0
NP_001325691,0.0
NP_001325692,0.0
NP_001325693,0.0
NP_001325694,0.0
NP_001325695,0.0
NP_001325696,0.0
NP_001325697,0.0
NP_001325698,0.0
NP_001325699,0.0
NP_001325700,0.0
NP_001325701,0.0
NP_001325702,55.0
NP_001325703,0.0
NP_001325704,0.0
NP_001325705,0.0
NP_001325706,0.0
NP_001325707,0.0
NP_001325708,0.0
NP_001325709,0.0
NP_001325710,0.0
NP_001325711,0.0
NP_001325712,0.0
NP_001325713,0.0
NP_001325714,0.0
NP_001325715,42.0
NP_001325716,0.0
NP_001325717,0.0
NP_001325718,0.0
NP_001325719,0.0
NP_001325720,0.0
NP_001325721,0.0
NP_001325722,0.0
NP_001325723,0.0
NP_001325724,0.0
NP_001325725,0.0
NP_001325726,0.0
NP_001325727,0.0
NP_001325728,0.0
NP_001325729,0.0
NP_001325730,0.0
NP_001325731,0.0
NP_001325732,0.0
NP_001325733,0.0
NP_001325734,453.0
NP_001325735,384.0
NP_001325736,507.0
NP_001325737,0.0
NP_001325738,0.0
NP_001325739,0.0
NP_001325740,0.0
NP_001325741,0.0
NP_001325742,0.0
NP_001325743,0.0
NP_001325744,0.0
NP_001325745,0.0
NP_001325746,0.0
NP_001325747,0.0
NP_001325748,56.0
NP_001325749,43.0
NP_001325750,35.0
NP_001325751,0.0
NP_001325752,0.0
NP_001325753,0.0
NP_001325754,0.0
NP_001325755,0.0
NP_001325756,0.0
NP_001325757,0.0
NP_001325758,0.0
NP_001325759,0.0
NP_001325760,0.0
NP_001325761,0.0
NP_001325762,53.0
NP_001325763,0.0
NP_001325764,0.0
NP_001325765,0.0
NP_001325766,0.0
NP_001325767,44.0
NP_001325768,44.0
NP_001325769,44.0
NP_001325770,0.0
NP_001325771,0.0
NP_001325772,0.0
NP_001325773,0.0
NP_001325774,0.0
NP_001325775,0.0
NP_001325776,0.0
NP_001325777,0.0
NP_001325778,0.0
NP_001325779,0.0
NP_001325780,0.0
NP_001325781,0.0
NP_001325782,0.0
NP_001325783,0.0
NP_001325784,0.0
NP_001325785,0.0
NP_001325786,0.0
NP_001325787,0.0
NP_001325788,0.0
NP_001325789,0.0
NP_001325790,0.0
NP_001325791,0.0
NP_001325792,0.0
NP_001325793,0.0
NP_001325794,0.0
NP_001325795,0.0
NP_001325796,0.0
NP_001325797,0.0
NP_001325798,0.0
NP_001325799,0.0
NP_001325800,43.0
NP_001325801,0.0
NP_001325802,0.0
NP_001325803,0.0
NP_001325804,0.0
NP_001325805,0.0
NP_001325806,0.0
NP_001325807,0.0
NP_001325808,0.0
NP_001325809,0.0
NP_001325810,0.0
NP_001325811,47.0
NP_001325812,47.0
NP_001325813,47.0
NP_001325814,0.0
NP_001325815,0.0
NP_001325816,0.0
NP_001325817,0.0
NP_001325818,0.0
NP_001325819,0.0
NP_001325820,0.0
NP_001325821,0.0
NP_001325822,0.0
NP_001325823,0.0
NP_001325824,0.0
NP_001325825,0.0
NP_001325826,531.0
NP_001325827,0.0
NP_001325828,0.0
NP_001325829,0.0
NP_001325830,218.0
NP_001325831,0.0
NP_001325832,0.0
NP_001325833,0.0
NP_001325834,0.0
NP_001325835,0.0
NP_001325836,0.0
NP_001325837,0.0
NP_001325838,0.0
NP_001325839,0.0
NP_001325840,0.0
NP_001325841,0.0
NP_001325842,0.0
NP_001325843,0.0
NP_001325844,0.0
NP_001325845,877.0
NP_001325846,0.0
NP_001325847,0.0
NP_001325848,0.0
NP_001325849,0.0
NP_001325850,0.0
NP_001325851,0.0
NP_001325852,0.0
NP_001325853,0.0
NP_001325854,0.0
NP_001325855,0.0
NP_001325856,0.0
NP_001325857,0.0
NP_001325858,0.0
NP_001325859,0.0
NP_001325860,0.0
NP_001325861,0.0
NP_001325862,0.0
NP_001325863,0.0
NP_001325864,0.0
NP_001325865,0.0
NP_001325866,0.0
NP_001325867,0.0
NP_001325868,0.0
NP_001325869,0.0
NP_001325870,0.0
NP_001325871,0.0
NP_001325872,0.0
NP_001325873,0.0
NP_001325874,0.0
NP_001325875,0.0
NP_001325876,0.0
NP_001325877,0.0
NP_001325878,51.0
NP_001325879,51.0
NP_001325880,0.0
NP_001325881,0.0
NP_001325882,0.0
NP_001325883,43.0
NP_001325884,0.0
NP_001325885,0.0
NP_001325886,0.0
NP_001325887,0.0
NP_001325888,0.0
NP_001325889,0.0
NP_001325890,0.0
NP_001325891,0.0
NP_001325892,0.0
NP_001325893,0.0
NP_001325894,0.0
NP_001325895,0.0
NP_001325896,0.0
NP_001325897,0.0
NP_001325898,0.0
NP_001325899,0.0
NP_001325900,0.0
NP_001325901,0.0
NP_001325902,0.0
NP_001325903,0.0
NP_001325904,0.0
NP_001325905,0.0
NP_001325906,0.0
NP_001325907,0.0
NP_001325908,0.0
NP_001325909,0.0
NP_001325910,0.0
NP_001325911,0.0
NP_001325912,0.0
NP_001325913,0.0
NP_001325914,0.0
NP_001325915,0.0
NP_001325916,0.0
NP_001325917,0.0
NP_001325918,0.0
NP_001325919,0.0
NP_001325920,0.0
NP_001325921,0.0
NP_001325922,0.0
NP_001325923,0.0
NP_001325924,0.0
NP_001325925,0.0
NP_001325926,0.0
NP_001325927,0.0
NP_001325928,45.0
NP_001325929,0.0
NP_001325930,0.0
NP_001325931,0.0
NP_001325932,0.0
NP_001325933,0.0
NP_001325934,0.0
NP_001325935,450.0
NP_001325936,0.0
NP_001325937,0.0
NP_001325938,0.0
NP_001325939,0.0
NP_001325940,0.0
NP_001325941,0.0
NP_001325942,0.0
NP_001325943,0.0
NP_001325944,0.0
NP_001325945,0.0
NP_001325946,0.0
NP_001325947,0.0
NP_001325948,0.0
NP_001325949,0.0
NP_001325950,49.0
NP_001325951,0.0
NP_001325952,0.0
NP_001325953,0.0
NP_001325954,0.0
NP_001325955,0.0
NP_001325956,0.0
NP_001325957,0.0
NP_001325958,0.0
NP_001325959,0.0
NP_001325960,0.0
NP_001325961,0.0
NP_001325962,0.0
NP_001325963,0.0
NP_001325964,0.0
NP_001325965,0.0
NP_001325966,0.0
NP_001325967,0.0
NP_001325968,0.0
NP_001325969,0.0
NP_001325970,0.0
NP_001325971,0.0
NP_001325972,0.0
NP_001325973,0.0
NP_001325974,0.0
NP_001325975,0.0
NP_001325976,0.0
NP_001325977,0.0
NP_001325978,0.0
NP_001325979,0.0
NP_001325980,0.0
NP_001325981,0.0
NP_001325982,0.0
NP_001325983,0.0
NP_001325984,0.0
NP_001325985,0.0
NP_001325986,0.0
NP_001325987,0.0
NP_001325988,0.0
NP_001325989,0.0
NP_001325990,0.0
NP_001325991,0.0
NP_001325992,0.0
NP_001325993,0.0
NP_001325994,0.0
NP_001325995,0.0
NP_001325996,0.0
NP_001325997,0.0
NP_001325998,0.0
NP_001325999,0.0
NP_001326000,0.0
NP_001326001,0.0
NP_001326002,0.0
NP_001326003,0.0
NP_001326004,0.0
NP_001326005,0.0
NP_001326006,0.0
NP_001326007,0.0
NP_001326008,0.0
NP_001326009,0.0
NP_001326010,0.0
NP_001326011,741.0
NP_001326012,0.0
NP_001326013,0.0
NP_001326014,0.0
NP_001326015,0.0
NP_001326016,0.0
NP_001326017,0.0
NP_001326018,0.0
NP_001326019,0.0
NP_001326020,0.0
NP_001326021,0.0
NP_001326022,0.0
NP_001326023,0.0
NP_001326024,0.0
NP_001326025,0.0
NP_001326026,0.0
NP_001326027,0.0
NP_001326028,0.0
NP_001326029,0.0
NP_001326030,0.0
NP_001326031,0.0
NP_001326032,0.0
NP_001326033,0.0
NP_001326034,0.0
NP_001326035,0.0
NP_001326036,0.0
NP_001326037,0.0
NP_001326038,0.0
NP_001326039,0.0
NP_001326040,98.0
NP_001326041,98.0
NP_001326042,98.0
NP_001326043,0.0
NP_001326044,0.0
NP_001326045,0.0
NP_001326046,0.0
NP_001326047,0.0
NP_001326048,0.0
NP_001326049,67.0
NP_001326050,67.0
NP_001326051,0.0
NP_001326052,0.0
NP_001326053,0.0
NP_001326054,0.0
NP_001326055,0.0
NP_001326056,0.0
NP_001326057,0.0
NP_001326058,0.0
NP_001326059,35.0
NP_001326060,0.0
NP_001326061,0.0
NP_001326062,0.0
NP_001326063,0.0
NP_001326064,0.0
NP_001326065,0.0
NP_001326066,0.0
NP_001326067,0.0
NP_001326068,0.0
NP_001326069,0.0
NP_001326070,0.0
NP_001326071,0.0
NP_001326072,0.0
NP_001326073,0.0
NP_001326074,0.0
NP_001326075,0.0
NP_001326076,0.0
NP_001326077,0.0
NP_001326078,47.0
NP_001326079,0.0
NP_001326080,0.0
NP_001326081,170.0
NP_001326082,0.0
NP_001326083,841.0
NP_001326084,865.0
NP_001326085,841.0
NP_001326086,865.0
NP_001326087,891.0
NP_001326088,0.0
NP_001326089,0.0
NP_001326090,0.0
NP_001326091,240.0
NP_001326092,0.0
NP_001326093,0.0
NP_001326094,0.0
NP_001326095,0.0
NP_001326096,45.0
NP_001326097,0.0
NP_001326098,0.0
NP_001326099,0.0
NP_001326100,0.0
NP_001326101,0.0
NP_001326102,0.0
NP_001326103,0.0
NP_001326104,0.0
NP_001326105,0.0
NP_001326106,420.0
NP_001326107,0.0
NP_001326108,0.0
NP_001326109,0.0
NP_001326110,0.0
NP_001326111,0.0
NP_001326112,0.0
NP_001326113,0.0
NP_001326114,0.0
NP_001326115,0.0
NP_001326116,45.0
NP_001326117,45.0
NP_001326118,0.0
NP_001326119,1312.0
NP_001326120,1536.0
NP_001326121,0.0
NP_001326122,0.0
NP_001326123,0.0
NP_001326124,0.0
NP_001326125,0.0
NP_001326126,0.0
NP_001326127,0.0
NP_001326128,0.0
NP_001326129,0.0
NP_001326130,0.0
NP_001326131,0.0
NP_001326132,0.0
NP_001326133,0.0
NP_001326134,0.0
NP_001326135,0.0
NP_001326136,0.0
NP_001326137,0.0
NP_001326138,0.0
NP_001326139,0.0
NP_001326140,0.0
NP_001326141,0.0
NP_001326142,0.0
NP_001326143,0.0
NP_001326144,0.0
NP_001326145,0.0
NP_001326146,0.0
NP_001326147,0.0
NP_001326148,0.0
NP_001326149,0.0
NP_001326150,0.0
NP_001326151,0.0
NP_001326152,0.0
NP_001326153,0.0
NP_001326154,0.0
NP_001326155,0.0
NP_001326156,0.0
NP_001326157,0.0
NP_001326158,0.0
NP_001326159,0.0
NP_001326160,0.0
NP_001326161,0.0
NP_001326162,0.0
NP_001326163,0.0
NP_001326164,0.0
NP_001326165,0.0
NP_001326166,0.0
NP_001326167,0.0
NP_001326168,0.0
NP_001326169,0.0
NP_001326170,0.0
NP_001326171,0.0
NP_001326172,0.0
NP_001326173,0.0
NP_001326174,0.0
NP_001326175,0.0
NP_001326176,0.0
NP_001326177,0.0
NP_001326178,0.0
NP_001326179,0.0
NP_001326180,0.0
NP_001326181,0.0
NP_001326182,0.0
NP_001326183,0.0
NP_001326184,0.0
NP_001326185,0.0
NP_001326186,0.0
NP_001326187,0.0
NP_001326188,0.0
NP_001326189,0.0
NP_001326190,0.0
NP_001326191,0.0
NP_001326192,0.0
NP_001326193,0.0
NP_001326194,0.0
NP_001326195,0.0
NP_001326196,0.0
NP_001326197,0.0
NP_001326198,0.0
NP_001326199,0.0
NP_001326200,0.0
NP_001326201,0.0
NP_001326202,0.0
NP_001326203,0.0
NP_001326204,0.0
NP_001326205,0.0
NP_001326206,0.0
NP_001326207,0.0
NP_001326208,0.0
NP_001326209,0.0
NP_001326210,0.0
NP_001326211,0.0
NP_001326212,0.0
NP_001326213,0.0
NP_001326214,0.0
NP_001326215,0.0
NP_001326216,0.0
NP_001326217,0.0
NP_001326218,0.0
NP_001326219,0.0
NP_001326220,0.0
NP_001326221,0.0
NP_001326222,0.0
NP_001326223,0.0
NP_001326224,0.0
NP_001326225,0.0
NP_001326226,0.0
NP_001326227,0.0
NP_001326228,0.0
NP_001326229,0.0
NP_001326230,0.0
NP_001326231,0.0
NP_001326232,35.0
NP_001326233,0.0
NP_001326234,45.0
NP_001326235,0.0
NP_001326236,0.0
NP_001326237,0.0
NP_001326238,0.0
NP_001326239,0.0
NP_001326240,0.0
NP_001326241,0.0
NP_001326242,0.0
NP_001326243,0.0
NP_001326244,0.0
NP_001326245,0.0
NP_001326246,0.0
NP_001326247,0.0
NP_001326248,0.0
NP_001326249,0.0
NP_001326250,0.0
NP_001326251,0.0
NP_001326252,0.0
NP_001326253,0.0
NP_001326254,0.0
NP_001326255,0.0
NP_001326256,0.0
NP_001326257,0.0
NP_001326258,0.0
NP_001326259,0.0
NP_001326260,0.0
NP_001326261,0.0
NP_001326262,0.0
NP_001326263,0.0
NP_001326264,0.0
NP_001326265,0.0
NP_001326266,0.0
NP_001326267,0.0
NP_001326268,0.0
NP_001326269,0.0
NP_001326270,0.0
NP_001326271,0.0
NP_001326272,0.0
NP_001326273,0.0
NP_001326274,0.0
NP_001326275,0.0
NP_001326276,0.0
NP_001326277,0.0
NP_001326278,335.0
NP_001326279,335.0
NP_001326280,335.0
NP_001326281,0.0
NP_001326282,0.0
NP_001326283,0.0
NP_001326284,0.0
NP_001326285,0.0
NP_001326286,0.0
NP_001326287,0.0
NP_001326288,0.0
NP_001326289,0.0
NP_001326290,0.0
NP_001326291,51.0
NP_001326292,0.0
NP_001326293,0.0
NP_001326294,0.0
NP_001326295,0.0
NP_001326296,0.0
NP_001326297,0.0
NP_001326298,0.0
NP_001326299,0.0
NP_001326300,0.0
NP_001326301,0.0
NP_001326302,0.0
NP_001326303,0.0
NP_001326304,0.0
NP_001326305,0.0
NP_001326306,0.0
NP_001326307,499.0
NP_001326308,403.0
NP_001326309,0.0
NP_001326310,0.0
NP_001326311,0.0
NP_001326312,0.0
NP_001326313,34.0
NP_001326314,0.0
NP_001326315,0.0
NP_001326316,0.0
NP_001326317,0.0
NP_001326318,0.0
NP_001326319,0.0
NP_001326320,0.0
NP_001326321,0.0
NP_001326322,0.0
NP_001326323,0.0
NP_001326324,0.0
NP_001326325,0.0
NP_001326326,0.0
NP_001326327,0.0
NP_001326328,0.0
NP_001326329,0.0
NP_001326330,0.0
NP_001326331,0.0
NP_001326332,0.0
NP_001326333,0.0
NP_001326334,0.0
NP_001326335,0.0
NP_001326336,0.0
NP_001326337,0.0
NP_001326338,0.0
NP_001326339,0.0
NP_001326340,0.0
NP_001326341,0.0
NP_001326342,0.0
NP_001326343,57.0
NP_001326344,0.0
NP_001326345,0.0
NP_001326346,0.0
NP_001326347,0.0
NP_001326348,0.0
NP_001326349,0.0
NP_001326350,36.0
NP_001326351,36.0
NP_001326352,36.0
NP_001326353,36.0
NP_001326354,36.0
NP_001326355,564.0
NP_001326356,0.0
NP_001326357,0.0
NP_001326358,0.0
NP_001326359,0.0
NP_001326360,224.0
NP_001326361,0.0
NP_001326362,0.0
NP_001326363,0.0
NP_001326364,0.0
NP_001326365,0.0
NP_001326366,0.0
NP_001326367,0.0
NP_001326368,0.0
NP_001326369,0.0
NP_001326370,0.0
NP_001326371,0.0
NP_001326372,66.0
NP_001326373,66.0
NP_001326374,0.0
NP_001326375,0.0
NP_001326376,0.0
NP_001326377,0.0
NP_001326378,0.0
NP_001326379,0.0
NP_001326380,0.0
NP_001326381,0.0
NP_001326382,0.0
NP_001326383,0.0
NP_001326384,0.0
NP_001326385,0.0
NP_001326386,0.0
NP_001326387,0.0
NP_001326388,0.0
NP_001326389,0.0
NP_001326390,0.0
NP_001326391,0.0
NP_001326392,0.0
NP_001326393,0.0
NP_001326394,0.0
NP_001326395,0.0
NP_001326396,0.0
NP_001326397,0.0
NP_001326398,0.0
NP_001326399,0.0
NP_001326400,0.0
NP_001326401,0.0
NP_001326402,0.0
NP_001326403,0.0
NP_001326404,0.0
NP_001326405,0.0
NP_001326406,0.0
NP_001326407,0.0
NP_001326408,0.0
NP_001326409,66.0
NP_001326410,0.0
NP_001326411,0.0
NP_001326412,757.0
NP_001326413,0.0
NP_001326414,0.0
NP_001326415,0.0
NP_001326416,0.0
NP_001326417,0.0
NP_001326418,0.0
NP_001326419,1600.0
NP_001326420,1600.0
NP_001326421,1600.0
NP_001326422,1600.0
NP_001326423,0.0
NP_001326424,0.0
NP_001326425,0.0
NP_001326426,41.0
NP_001326427,48.0
NP_001326428,0.0
NP_001326429,0.0
NP_001326430,0.0
NP_001326431,0.0
NP_001326432,0.0
NP_001326433,0.0
NP_001326434,0.0
NP_001326435,0.0
NP_001326436,0.0
NP_001326437,0.0
NP_001326438,0.0
NP_001326439,0.0
NP_001326440,0.0
NP_001326441,0.0
NP_001326442,0.0
NP_001326443,0.0
NP_001326444,0.0
NP_001326445,0.0
NP_001326446,0.0
NP_001326447,0.0
NP_001326448,46.0
NP_001326449,57.0
NP_001326450,0.0
NP_001326451,0.0
NP_001326452,0.0
NP_001326453,295.0
NP_001326454,0.0
NP_001326455,0.0
NP_001326456,0.0
NP_001326457,0.0
NP_001326458,0.0
NP_001326459,226.0
NP_001326460,68.0
NP_001326461,0.0
NP_001326462,0.0
NP_001326463,0.0
NP_001326464,0.0
NP_001326465,0.0
NP_001326466,40.0
NP_001326467,40.0
NP_001326468,40.0
NP_001326469,0.0
NP_001326470,0.0
NP_001326471,0.0
NP_001326472,0.0
NP_001326473,0.0
NP_001326474,0.0
NP_001326475,0.0
NP_001326476,0.0
NP_001326477,0.0
NP_001326478,0.0
NP_001326479,0.0
NP_001326480,0.0
NP_001326481,0.0
NP_001326482,0.0
NP_001326483,0.0
NP_001326484,0.0
NP_001326485,0.0
NP_001326486,0.0
NP_001326487,0.0
NP_001326488,0.0
NP_001326489,0.0
NP_001326490,0.0
NP_001326491,0.0
NP_001326492,0.0
NP_001326493,0.0
NP_001326494,0.0
NP_001326495,0.0
NP_001326496,47.0
NP_001326497,48.0
NP_001326498,1357.0
NP_001326499,0.0
NP_001326500,0.0
NP_001326501,0.0
NP_001326502,0.0
NP_001326503,0.0
NP_001326504,0.0
NP_001326505,0.0
NP_001326506,0.0
NP_001326507,0.0
NP_001326508,0.0
NP_001326509,0.0
NP_001326510,0.0
NP_001326511,0.0
NP_001326512,0.0
NP_001326513,0.0
NP_001326514,0.0
NP_001326515,0.0
NP_001326516,0.0
NP_001326517,0.0
NP_001326518,0.0
NP_001326519,0.0
NP_001326520,0.0
NP_001326521,0.0
NP_001326522,0.0
NP_001326523,0.0
NP_001326524,0.0
NP_001326525,0.0
NP_001326526,0.0
NP_001326527,0.0
NP_001326528,0.0
NP_001326529,0.0
NP_001326530,0.0
NP_001326531,53.0
NP_001326532,0.0
NP_001326533,0.0
NP_001326534,0.0
NP_001326535,0.0
NP_001326536,0.0
NP_001326537,0.0
NP_001326538,0.0
NP_001326539,536.0
NP_001326540,177.0
NP_001326541,302.0
NP_001326542,177.0
NP_001326543,536.0
NP_001326544,302.0
NP_001326545,177.0
NP_001326546,0.0
NP_001326547,44.0
NP_001326548,1375.0
NP_001326549,1375.0
NP_001326550,1375.0
NP_001326551,0.0
NP_001326552,0.0
NP_001326553,0.0
NP_001326554,0.0
NP_001326555,0.0
NP_001326556,0.0
NP_001326557,0.0
NP_001326558,0.0
NP_001326559,0.0
NP_001326560,0.0
NP_001326561,0.0
NP_001326562,0.0
NP_001326563,0.0
NP_001326564,36.0
NP_001326565,0.0
NP_001326566,0.0
NP_001326567,0.0
NP_001326568,0.0
NP_001326569,0.0
NP_001326570,0.0
NP_001326571,0.0
NP_001326572,0.0
NP_001326573,0.0
NP_001326574,0.0
NP_001326575,0.0
NP_001326576,0.0
NP_001326577,0.0
NP_001326578,0.0
NP_001326579,0.0
NP_001326580,0.0
NP_001326581,0.0
NP_001326582,0.0
NP_001326583,0.0
NP_001326584,0.0
NP_001326585,423.0
NP_001326586,423.0
NP_001326587,151.0
NP_001326588,151.0
NP_001326589,42.0
NP_001326590,0.0
NP_001326591,0.0
NP_001326592,0.0
NP_001326593,0.0
NP_001326594,0.0
NP_001326595,0.0
NP_001326596,0.0
NP_001326597,0.0
NP_001326598,0.0
NP_001326599,0.0
NP_001326600,0.0
NP_001326601,45.0
NP_001326602,45.0
NP_001326603,0.0
NP_001326604,0.0
NP_001326605,0.0
NP_001326606,0.0
NP_001326607,0.0
NP_001326608,0.0
NP_001326609,0.0
NP_001326610,0.0
NP_001326611,0.0
NP_001326612,0.0
NP_001326613,0.0
NP_001326614,0.0
NP_001326615,0.0
NP_001326616,0.0
NP_001326617,0.0
NP_001326618,0.0
NP_001326619,322.0
NP_001326620,322.0
NP_001326621,322.0
NP_001326622,322.0
NP_001326623,0.0
NP_001326624,322.0
NP_001326625,0.0
NP_001326626,40.0
NP_001326627,50.0
NP_001326628,50.0
NP_001326629,50.0
NP_001326630,50.0
NP_001326631,0.0
NP_001326632,0.0
NP_001326633,0.0
NP_001326634,0.0
NP_001326635,0.0
NP_001326636,42.0
NP_001326637,0.0
NP_001326638,0.0
NP_001326639,586.0
NP_001326640,0.0
NP_001326641,0.0
NP_001326642,0.0
NP_001326643,0.0
NP_001326644,0.0
NP_001326645,0.0
NP_001326646,0.0
NP_001326647,0.0
NP_001326648,0.0
NP_001326649,0.0
NP_001326650,0.0
NP_001326651,0.0
NP_001326652,0.0
NP_001326653,0.0
NP_001326654,0.0
NP_001326655,0.0
NP_001326656,0.0
NP_001326657,0.0
NP_001326658,0.0
NP_001326659,0.0
NP_001326660,0.0
NP_001326661,0.0
NP_001326662,43.0
NP_001326663,0.0
NP_001326664,0.0
NP_001326665,0.0
NP_001326666,0.0
NP_001326667,0.0
NP_001326668,0.0
NP_001326669,0.0
NP_001326670,0.0
NP_001326671,0.0
NP_001326672,0.0
NP_001326673,0.0
NP_001326674,0.0
NP_001326675,0.0
NP_001326676,0.0
NP_001326677,0.0
NP_001326678,0.0
NP_001326679,40.0
NP_001326680,40.0
NP_001326682,0.0
NP_001326683,0.0
NP_001326684,0.0
NP_001326685,0.0
NP_001326686,0.0
NP_001326687,0.0
NP_001326688,0.0
NP_001326689,0.0
NP_001326690,0.0
NP_001326691,0.0
NP_001326692,0.0
NP_001326693,0.0
NP_001326694,0.0
NP_001326695,55.0
NP_001326696,0.0
NP_001326697,0.0
NP_001326698,0.0
NP_001326699,0.0
NP_001326700,0.0
NP_001326701,0.0
NP_001326702,0.0
NP_001326703,0.0
NP_001326704,0.0
NP_001326705,0.0
NP_001326706,0.0
NP_001326707,0.0
NP_001326708,0.0
NP_001326709,0.0
NP_001326710,0.0
NP_001326711,0.0
NP_001326712,43.0
NP_001326713,43.0
NP_001326714,0.0
NP_001326715,0.0
NP_001326716,0.0
NP_001326717,46.0
NP_001326718,42.0
NP_001326719,0.0
NP_001326720,0.0
NP_001326721,333.0
NP_001326722,0.0
NP_001326723,0.0
NP_001326724,0.0
NP_001326725,0.0
NP_001326726,0.0
NP_001326727,0.0
NP_001326728,0.0
NP_001326729,0.0
NP_001326730,0.0
NP_001326731,0.0
NP_001326732,46.0
NP_001326733,50.0
NP_001326734,46.0
NP_001326735,0.0
NP_001326736,0.0
NP_001326737,0.0
NP_001326738,0.0
NP_001326739,0.0
NP_001326740,0.0
NP_001326741,0.0
NP_001326742,0.0
NP_001326743,0.0
NP_001326744,0.0
NP_001326745,53.0
NP_001326746,53.0
NP_001326747,0.0
NP_001326748,0.0
NP_001326749,0.0
NP_001326750,0.0
NP_001326751,0.0
NP_001326752,0.0
NP_001326753,47.0
NP_001326754,0.0
NP_001326755,0.0
NP_001326756,0.0
NP_001326757,0.0
NP_001326758,0.0
NP_001326759,0.0
NP_001326760,0.0
NP_001326761,0.0
NP_001326762,0.0
NP_001326763,0.0
NP_001326764,0.0
NP_001326765,0.0
NP_001326766,0.0
NP_001326767,227.0
NP_001326768,0.0
NP_001326769,0.0
NP_001326770,0.0
NP_001326771,0.0
NP_001326772,0.0
NP_001326773,0.0
NP_001326774,0.0
NP_001326775,0.0
NP_001326776,0.0
NP_001326777,0.0
NP_001326778,0.0
NP_001326779,483.0
NP_001326780,38.0
NP_001326781,0.0
NP_001326782,0.0
NP_001326783,0.0
NP_001326784,48.0
NP_001326785,42.0
NP_001326786,0.0
NP_001326787,0.0
NP_001326788,0.0
NP_001326789,51.0
NP_001326790,0.0
NP_001326791,0.0
NP_001326792,0.0
NP_001326793,0.0
NP_001326794,0.0
NP_001326795,0.0
NP_001326796,0.0
NP_001326797,0.0
NP_001326798,0.0
NP_001326799,0.0
NP_001326800,0.0
NP_001326801,52.0
NP_001326802,0.0
NP_001326803,0.0
NP_001326804,0.0
NP_001326805,0.0
NP_001326806,0.0
NP_001326807,0.0
NP_001326808,0.0
NP_001326809,0.0
NP_001326810,0.0
NP_001326811,50.0
NP_001326812,0.0
NP_001326813,0.0
NP_001326814,67.0
NP_001326815,0.0
NP_001326816,0.0
NP_001326817,52.0
NP_001326818,0.0
NP_001326819,0.0
NP_001326820,0.0
NP_001326821,0.0
NP_001326822,0.0
NP_001326823,0.0
NP_001326824,0.0
NP_001326825,0.0
NP_001326826,0.0
NP_001326827,0.0
NP_001326828,0.0
NP_001326829,482.0
NP_001326830,321.0
NP_001326831,0.0
NP_001326832,0.0
NP_001326833,0.0
NP_001326834,0.0
NP_001326835,0.0
NP_001326836,0.0
NP_001326837,0.0
NP_001326838,0.0
NP_001326839,42.0
NP_001326840,0.0
NP_001326841,0.0
NP_001326842,0.0
NP_001326843,0.0
NP_001326844,0.0
NP_001326845,0.0
NP_001326846,398.0
NP_001326847,470.0
NP_001326848,426.0
NP_001326849,398.0
NP_001326850,0.0
NP_001326851,0.0
NP_001326852,0.0
NP_001326853,0.0
NP_001326854,0.0
NP_001326855,0.0
NP_001326856,0.0
NP_001326857,0.0
NP_001326858,0.0
NP_001326859,0.0
NP_001326860,0.0
NP_001326861,0.0
NP_001326862,0.0
NP_001326863,0.0
NP_001326864,0.0
NP_001326865,49.0
NP_001326866,49.0
NP_001326867,0.0
NP_001326868,0.0
NP_001326869,0.0
NP_001326870,39.0
NP_001326871,0.0
NP_001326872,0.0
NP_001326873,0.0
NP_001326874,0.0
NP_001326875,0.0
NP_001326876,0.0
NP_001326877,0.0
NP_001326878,0.0
NP_001326879,0.0
NP_001326880,0.0
NP_001326881,0.0
NP_001326882,0.0
NP_001326883,0.0
NP_001326884,0.0
NP_001326885,0.0
NP_001326886,0.0
NP_001326887,0.0
NP_001326888,0.0
NP_001326889,0.0
NP_001326890,0.0
NP_001326891,0.0
NP_001326892,0.0
NP_001326893,0.0
NP_001326894,0.0
NP_001326895,0.0
NP_001326896,0.0
NP_001326897,0.0
NP_001326898,0.0
NP_001326899,0.0
NP_001326900,0.0
NP_001326901,0.0
NP_001326902,0.0
NP_001326903,0.0
NP_001326904,34.0
NP_001326905,0.0
NP_001326906,0.0
NP_001326907,0.0
NP_001326908,0.0
NP_001326909,0.0
NP_001326910,0.0
NP_001326911,241.0
NP_001326912,0.0
NP_001326913,0.0
NP_001326914,0.0
NP_001326915,0.0
NP_001326916,0.0
NP_001326917,0.0
NP_001326918,0.0
NP_001326919,0.0
NP_001326920,0.0
NP_001326921,0.0
NP_001326922,0.0
NP_001326923,0.0
NP_001326924,0.0
NP_001326925,0.0
NP_001326926,0.0
NP_001326927,0.0
NP_001326928,0.0
NP_001326929,0.0
NP_001326930,0.0
NP_001326931,42.0
NP_001326932,42.0
NP_001326933,42.0
NP_001326934,42.0
NP_001326935,42.0
NP_001326936,42.0
NP_001326937,42.0
NP_001326938,0.0
NP_001326939,0.0
NP_001326940,0.0
NP_001326941,0.0
NP_001326942,0.0
NP_001326943,0.0
NP_001326944,0.0
NP_001326945,0.0
NP_001326946,0.0
NP_001326947,0.0
NP_001326948,0.0
NP_001326949,0.0
NP_001326950,0.0
NP_001326951,0.0
NP_001326952,0.0
NP_001326953,0.0
NP_001326954,0.0
NP_001326955,0.0
NP_001326956,0.0
NP_001326957,0.0
NP_001326958,0.0
NP_001326959,0.0
NP_001326960,0.0
NP_001326961,0.0
NP_001326962,0.0
NP_001326963,0.0
NP_001326964,0.0
NP_001326965,0.0
NP_001326966,0.0
NP_001326967,0.0
NP_001326968,885.0
NP_001326969,885.0
NP_001326970,0.0
NP_001326971,0.0
NP_001326972,0.0
NP_001326973,0.0
NP_001326974,0.0
NP_001326975,0.0
NP_001326976,44.0
NP_001326977,49.0
NP_001326978,42.0
NP_001326979,39.0
NP_001326980,0.0
NP_001326981,0.0
NP_001326982,0.0
NP_001326983,0.0
NP_001326984,0.0
NP_001326985,0.0
NP_001326986,0.0
NP_001326987,0.0
NP_001326988,0.0
NP_001326989,51.0
NP_001326990,0.0
NP_001326991,0.0
NP_001326992,0.0
NP_001326993,0.0
NP_001326994,0.0
NP_001326995,0.0
NP_001326996,0.0
NP_001326997,0.0
NP_001326998,0.0
NP_001326999,0.0
NP_001327000,0.0
NP_001327001,0.0
NP_001327002,0.0
NP_001327003,0.0
NP_001327004,0.0
NP_001327005,0.0
NP_001327006,0.0
NP_001327007,0.0
NP_001327008,0.0
NP_001327009,0.0
NP_001327010,0.0
NP_001327011,0.0
NP_001327012,0.0
NP_001327013,0.0
NP_001327014,0.0
NP_001327015,0.0
NP_001327016,0.0
NP_001327017,0.0
NP_001327018,0.0
NP_001327019,0.0
NP_001327020,0.0
NP_001327021,0.0
NP_001327022,0.0
NP_001327023,0.0
NP_001327024,0.0
NP_001327025,0.0
NP_001327026,0.0
NP_001327027,0.0
NP_001327028,0.0
NP_001327029,0.0
NP_001327030,0.0
NP_001327031,0.0
NP_001327032,0.0
NP_001327033,0.0
NP_001327034,0.0
NP_001327035,0.0
NP_001327036,0.0
NP_001327037,0.0
NP_001327038,0.0
NP_001327039,0.0
NP_001327040,0.0
NP_001327041,0.0
NP_001327042,0.0
NP_001327043,0.0
NP_001327044,0.0
NP_001327045,0.0
NP_001327046,39.0
NP_001327047,0.0
NP_001327048,0.0
NP_001327049,0.0
NP_001327050,47.0
NP_001327051,0.0
NP_001327052,0.0
NP_001327053,0.0
NP_001327054,0.0
NP_001327055,0.0
NP_001327056,0.0
NP_001327057,0.0
NP_001327058,0.0
NP_001327059,0.0
NP_001327060,0.0
NP_001327061,0.0
NP_001327062,0.0
NP_001327063,0.0
NP_001327064,0.0
NP_001327065,0.0
NP_001327066,0.0
NP_001327067,0.0
NP_001327068,0.0
NP_001327069,0.0
NP_001327070,0.0
NP_001327071,0.0
NP_001327072,0.0
NP_001327073,0.0
NP_001327074,0.0
NP_001327075,0.0
NP_001327076,0.0
NP_001327077,0.0
NP_001327078,0.0
NP_001327079,0.0
NP_001327080,0.0
NP_001327081,0.0
NP_001327082,0.0
NP_001327083,45.0
NP_001327084,0.0
NP_001327085,0.0
NP_001327086,0.0
NP_001327087,0.0
NP_001327088,0.0
NP_001327089,681.0
NP_001327090,38.0
NP_001327091,0.0
NP_001327092,0.0
NP_001327093,0.0
NP_001327094,0.0
NP_001327095,0.0
NP_001327096,0.0
NP_001327097,0.0
NP_001327098,0.0
NP_001327099,0.0
NP_001327100,0.0
NP_001327101,44.0
NP_001327102,0.0
NP_001327103,0.0
NP_001327104,0.0
NP_001327105,0.0
NP_001327106,0.0
NP_001327107,0.0
NP_001327108,0.0
NP_001327109,0.0
NP_001327110,0.0
NP_001327111,0.0
NP_001327112,0.0
NP_001327113,0.0
NP_001327114,0.0
NP_001327115,0.0
NP_001327116,0.0
NP_001327117,0.0
NP_001327118,0.0
NP_001327119,0.0
NP_001327120,0.0
NP_001327121,0.0
NP_001327122,0.0
NP_001327123,0.0
NP_001327124,51.0
NP_001327125,0.0
NP_001327126,0.0
NP_001327127,0.0
NP_001327128,0.0
NP_001327129,0.0
NP_001327130,0.0
NP_001327131,0.0
NP_001327132,0.0
NP_001327133,0.0
NP_001327134,0.0
NP_001327135,0.0
NP_001327136,0.0
NP_001327137,0.0
NP_001327138,0.0
NP_001327139,0.0
NP_001327140,0.0
NP_001327141,0.0
NP_001327142,0.0
NP_001327143,0.0
NP_001327144,0.0
NP_001327145,0.0
NP_001327146,0.0
NP_001327147,0.0
NP_001327148,0.0
NP_001327149,0.0
NP_001327150,0.0
NP_001327151,0.0
NP_001327152,0.0
NP_001327153,0.0
NP_001327154,0.0
NP_001327155,0.0
NP_001327156,0.0
NP_001327157,0.0
NP_001327158,0.0
NP_001327159,0.0
NP_001327160,0.0
NP_001327161,0.0
NP_001327162,0.0
NP_001327163,0.0
NP_001327164,0.0
NP_001327165,0.0
NP_001327166,0.0
NP_001327167,0.0
NP_001327168,0.0
NP_001327169,40.0
NP_001327170,0.0
NP_001327171,0.0
NP_001327172,0.0
NP_001327173,0.0
NP_001327174,0.0
NP_001327175,0.0
NP_001327176,0.0
NP_001327177,39.0
NP_001327178,0.0
NP_001327179,0.0
NP_001327180,0.0
NP_001327181,0.0
NP_001327182,0.0
NP_001327183,0.0
NP_001327184,0.0
NP_001327185,0.0
NP_001327186,0.0
NP_001327187,0.0
NP_001327188,0.0
NP_001327189,0.0
NP_001327190,0.0
NP_001327191,0.0
NP_001327192,49.0
NP_001327193,49.0
NP_001327194,0.0
NP_001327195,0.0
NP_001327196,0.0
NP_001327197,0.0
NP_001327198,48.0
NP_001327199,0.0
NP_001327200,0.0
NP_001327201,0.0
NP_001327202,0.0
NP_001327203,0.0
NP_001327204,0.0
NP_001327205,0.0
NP_001327206,0.0
NP_001327207,0.0
NP_001327208,0.0
NP_001327209,42.0
NP_001327210,0.0
NP_001327211,0.0
NP_001327212,0.0
NP_001327213,0.0
NP_001327214,0.0
NP_001327215,0.0
NP_001327216,29.0
NP_001327217,0.0
NP_001327218,0.0
NP_001327219,0.0
NP_001327220,0.0
NP_001327221,0.0
NP_001327222,0.0
NP_001327223,0.0
NP_001327224,0.0
NP_001327225,0.0
NP_001327226,0.0
NP_001327227,0.0
NP_001327228,0.0
NP_001327229,0.0
NP_001327230,0.0
NP_001327231,0.0
NP_001327232,0.0
NP_001327233,0.0
NP_001327234,0.0
NP_001327235,0.0
NP_001327236,0.0
NP_001327237,0.0
NP_001327238,0.0
NP_001327239,0.0
NP_001327240,0.0
NP_001327241,0.0
NP_001327242,0.0
NP_001327243,1080.0
NP_001327244,0.0
NP_001327245,0.0
NP_001327246,0.0
NP_001327247,0.0
NP_001327248,50.0
NP_001327249,0.0
NP_001327250,0.0
NP_001327251,0.0
NP_001327252,0.0
NP_001327253,0.0
NP_001327254,0.0
NP_001327255,2843.0
NP_001327256,0.0
NP_001327257,0.0
NP_001327258,0.0
NP_001327259,0.0
NP_001327260,0.0
NP_001327261,0.0
NP_001327262,0.0
NP_001327263,0.0
NP_001327264,0.0
NP_001327265,0.0
NP_001327266,0.0
NP_001327267,0.0
NP_001327268,0.0
NP_001327269,0.0
NP_001327270,0.0
NP_001327271,0.0
NP_001327272,0.0
NP_001327273,0.0
NP_001327274,0.0
NP_001327275,0.0
NP_001327276,0.0
NP_001327277,0.0
NP_001327278,0.0
NP_001327279,0.0
NP_001327280,0.0
NP_001327281,0.0
NP_001327282,0.0
NP_001327283,98.0
NP_001327284,0.0
NP_001327285,0.0
NP_001327286,0.0
NP_001327287,0.0
NP_001327288,0.0
NP_001327289,0.0
NP_001327290,0.0
NP_001327291,0.0
NP_001327292,0.0
NP_001327293,0.0
NP_001327294,172.0
NP_001327295,172.0
NP_001327296,863.0
NP_001327297,863.0
NP_001327298,863.0
NP_001327299,0.0
NP_001327300,0.0
NP_001327301,0.0
NP_001327302,0.0
NP_001327303,41.0
NP_001327304,0.0
NP_001327305,0.0
NP_001327306,0.0
NP_001327307,44.0
NP_001327308,0.0
NP_001327309,0.0
NP_001327310,0.0
NP_001327311,0.0
NP_001327312,0.0
NP_001327313,0.0
NP_001327314,0.0
NP_001327315,0.0
NP_001327316,0.0
NP_001327317,0.0
NP_001327318,0.0
NP_001327319,0.0
NP_001327320,0.0
NP_001327321,0.0
NP_001327322,0.0
NP_001327323,0.0
NP_001327324,0.0
NP_001327325,0.0
NP_001327326,0.0
NP_001327327,380.0
NP_001327328,380.0
NP_001327329,422.0
NP_001327330,422.0
NP_001327331,0.0
NP_001327332,37.0
NP_001327333,0.0
NP_001327334,0.0
NP_001327335,0.0
NP_001327336,0.0
NP_001327337,0.0
NP_001327338,0.0
NP_001327339,0.0
NP_001327340,0.0
NP_001327341,0.0
NP_001327342,0.0
NP_001327343,0.0
NP_001327344,0.0
NP_001327345,0.0
NP_001327346,0.0
NP_001327347,0.0
NP_001327348,0.0
NP_001327349,0.0
NP_001327350,0.0
NP_001327351,0.0
NP_001327352,0.0
NP_001327353,0.0
NP_001327354,38.0
NP_001327355,0.0
NP_001327356,0.0
NP_001327357,0.0
NP_001327358,0.0
NP_001327359,0.0
NP_001327360,0.0
NP_001327361,0.0
NP_001327362,0.0
NP_001327363,0.0
NP_001327364,53.0
NP_001327365,0.0
NP_001327366,0.0
NP_001327367,0.0
NP_001327368,0.0
NP_001327369,0.0
NP_001327370,0.0
NP_001327371,0.0
NP_001327372,0.0
NP_001327373,0.0
NP_001327374,0.0
NP_001327375,0.0
NP_001327376,0.0
NP_001327377,0.0
NP_001327378,0.0
NP_001327379,0.0
NP_001327380,0.0
NP_001327381,0.0
NP_001327382,0.0
NP_001327383,0.0
NP_001327384,0.0
NP_001327385,0.0
NP_001327386,0.0
NP_001327387,0.0
NP_001327388,0.0
NP_001327389,43.0
NP_001327390,0.0
NP_001327391,0.0
NP_001327392,0.0
NP_001327393,0.0
NP_001327394,0.0
NP_001327395,0.0
NP_001327396,0.0
NP_001327397,0.0
NP_001327398,0.0
NP_001327399,0.0
NP_001327400,0.0
NP_001327401,0.0
NP_001327402,0.0
NP_001327403,0.0
NP_001327404,0.0
NP_001327405,0.0
NP_001327406,0.0
NP_001327407,0.0
NP_001327408,0.0
NP_001327409,0.0
NP_001327410,0.0
NP_001327411,0.0
NP_001327412,0.0
NP_001327413,0.0
NP_001327414,0.0
NP_001327415,0.0
NP_001327416,0.0
NP_001327417,38.0
NP_001327418,0.0
NP_001327419,0.0
NP_001327420,0.0
NP_001327421,0.0
NP_001327422,0.0
NP_001327423,0.0
NP_001327424,0.0
NP_001327425,0.0
NP_001327426,0.0
NP_001327427,0.0
NP_001327428,0.0
NP_001327429,0.0
NP_001327430,0.0
NP_001327431,0.0
NP_001327432,0.0
NP_001327433,0.0
NP_001327434,0.0
NP_001327435,0.0
NP_001327436,0.0
NP_001327437,0.0
NP_001327438,0.0
NP_001327439,146.0
NP_001327440,0.0
NP_001327441,0.0
NP_001327442,0.0
NP_001327443,0.0
NP_001327444,0.0
NP_001327445,0.0
NP_001327446,0.0
NP_001327447,0.0
NP_001327448,0.0
NP_001327449,47.0
NP_001327450,47.0
NP_001327451,0.0
NP_001327452,0.0
NP_001327453,0.0
NP_001327454,0.0
NP_001327455,0.0
NP_001327456,0.0
NP_001327457,0.0
NP_001327458,0.0
NP_001327459,0.0
NP_001327460,0.0
NP_001327461,0.0
NP_001327462,0.0
NP_001327463,38.0
NP_001327464,0.0
NP_001327465,0.0
NP_001327466,0.0
NP_001327467,0.0
NP_001327468,0.0
NP_001327469,0.0
NP_001327470,0.0
NP_001327471,0.0
NP_001327472,0.0
NP_001327473,0.0
NP_001327474,0.0
NP_001327475,0.0
NP_001327476,0.0
NP_001327477,0.0
NP_001327478,0.0
NP_001327479,0.0
NP_001327480,0.0
NP_001327481,0.0
NP_001327482,0.0
NP_001327483,0.0
NP_001327484,41.0
NP_001327485,41.0
NP_001327486,0.0
NP_001327487,0.0
NP_001327488,0.0
NP_001327489,0.0
NP_001327490,0.0
NP_001327491,0.0
NP_001327492,0.0
NP_001327493,0.0
NP_001327494,0.0
NP_001327495,0.0
NP_001327496,0.0
NP_001327497,0.0
NP_001327498,0.0
NP_001327499,0.0
NP_001327500,0.0
NP_001327501,0.0
NP_001327502,0.0
NP_001327503,0.0
NP_001327504,0.0
NP_001327505,0.0
NP_001327506,0.0
NP_001327507,0.0
NP_001327508,0.0
NP_001327509,0.0
NP_001327510,0.0
NP_001327511,0.0
NP_001327512,0.0
NP_001327513,0.0
NP_001327514,0.0
NP_001327515,0.0
NP_001327516,0.0
NP_001327517,0.0
NP_001327518,0.0
NP_001327519,0.0
NP_001327520,46.0
NP_001327521,46.0
NP_001327522,46.0
NP_001327523,59.0
NP_001327524,0.0
NP_001327525,0.0
NP_001327526,0.0
NP_001327527,0.0
NP_001327528,0.0
NP_001327529,49.0
NP_001327530,49.0
NP_001327531,0.0
NP_001327532,0.0
NP_001327533,0.0
NP_001327534,0.0
NP_001327535,0.0
NP_001327536,0.0
NP_001327537,0.0
NP_001327538,0.0
NP_001327539,0.0
NP_001327540,0.0
NP_001327541,0.0
NP_001327542,0.0
NP_001327543,0.0
NP_001327544,0.0
NP_001327545,0.0
NP_001327546,0.0
NP_001327547,0.0
NP_001327548,0.0
NP_001327549,0.0
NP_001327550,0.0
NP_001327551,0.0
NP_001327552,0.0
NP_001327553,0.0
NP_001327554,0.0
NP_001327555,0.0
NP_001327556,0.0
NP_001327557,0.0
NP_001327558,0.0
NP_001327559,0.0
NP_001327560,0.0
NP_001327561,0.0
NP_001327562,0.0
NP_001327563,0.0
NP_001327564,0.0
NP_001327565,0.0
NP_001327566,0.0
NP_001327567,0.0
NP_001327568,0.0
NP_001327569,0.0
NP_001327570,0.0
NP_001327571,0.0
NP_001327572,672.0
NP_001327573,0.0
NP_001327574,0.0
NP_001327575,0.0
NP_001327576,0.0
NP_001327577,0.0
NP_001327578,0.0
NP_001327579,0.0
NP_001327580,42.0
NP_001327581,0.0
NP_001327582,0.0
NP_001327583,0.0
NP_001327584,46.0
NP_001327585,0.0
NP_001327586,0.0
NP_001327587,0.0
NP_001327588,0.0
NP_001327589,0.0
NP_001327590,0.0
NP_001327591,0.0
NP_001327592,0.0
NP_001327593,0.0
NP_001327594,1526.0
NP_001327595,0.0
NP_001327596,0.0
NP_001327597,46.0
NP_001327598,0.0
NP_001327599,0.0
NP_001327600,0.0
NP_001327601,0.0
NP_001327602,0.0
NP_001327603,0.0
NP_001327604,0.0
NP_001327605,0.0
NP_001327606,0.0
NP_001327607,0.0
NP_001327608,0.0
NP_001327609,0.0
NP_001327610,0.0
NP_001327611,0.0
NP_001327612,0.0
NP_001327613,48.0
NP_001327614,0.0
NP_001327615,0.0
NP_001327616,0.0
NP_001327617,0.0
NP_001327618,0.0
NP_001327619,0.0
NP_001327620,0.0
NP_001327621,0.0
NP_001327622,0.0
NP_001327623,0.0
NP_001327624,0.0
NP_001327625,0.0
NP_001327626,0.0
NP_001327627,0.0
NP_001327628,0.0
NP_001327629,0.0
NP_001327630,0.0
NP_001327631,0.0
NP_001327632,0.0
NP_001327633,0.0
NP_001327634,0.0
NP_001327635,0.0
NP_001327636,0.0
NP_001327637,0.0
NP_001327638,0.0
NP_001327639,0.0
NP_001327640,0.0
NP_001327641,67.0
NP_001327642,52.0
NP_001327643,0.0
NP_001327644,0.0
NP_001327645,325.0
NP_001327646,325.0
NP_001327647,0.0
NP_001327648,0.0
NP_001327649,126.0
NP_001327650,0.0
NP_001327651,0.0
NP_001327652,0.0
NP_001327653,0.0
NP_001327654,0.0
NP_001327655,0.0
NP_001327656,0.0
NP_001327657,0.0
NP_001327658,0.0
NP_001327659,0.0
NP_001327660,0.0
NP_001327661,0.0
NP_001327662,0.0
NP_001327663,0.0
NP_001327664,0.0
NP_001327665,0.0
NP_001327666,0.0
NP_001327667,0.0
NP_001327668,0.0
NP_001327669,0.0
NP_001327670,0.0
NP_001327671,0.0
NP_001327672,0.0
NP_001327673,0.0
NP_001327674,0.0
NP_001327675,0.0
NP_001327676,0.0
NP_001327677,0.0
NP_001327678,0.0
NP_001327679,0.0
NP_001327680,0.0
NP_001327681,0.0
NP_001327682,0.0
NP_001327683,0.0
NP_001327684,0.0
NP_001327685,0.0
NP_001327686,50.0
NP_001327687,50.0
NP_001327688,233.0
NP_001327689,0.0
NP_001327690,0.0
NP_001327691,0.0
NP_001327692,0.0
NP_001327693,0.0
NP_001327694,0.0
NP_001327695,0.0
NP_001327696,0.0
NP_001327697,0.0
NP_001327698,0.0
NP_001327699,0.0
NP_001327700,0.0
NP_001327701,0.0
NP_001327702,0.0
NP_001327703,0.0
NP_001327704,0.0
NP_001327705,0.0
NP_001327706,0.0
NP_001327707,0.0
NP_001327708,0.0
NP_001327709,0.0
NP_001327710,0.0
NP_001327711,0.0
NP_001327712,0.0
NP_001327713,0.0
NP_001327714,0.0
NP_001327715,0.0
NP_001327716,0.0
NP_001327717,0.0
NP_001327718,0.0
NP_001327719,0.0
NP_001327720,0.0
NP_001327721,0.0
NP_001327722,0.0
NP_001327723,0.0
NP_001327724,0.0
NP_001327725,0.0
NP_001327726,0.0
NP_001327727,0.0
NP_001327728,0.0
NP_001327729,0.0
NP_001327730,0.0
NP_001327731,0.0
NP_001327732,0.0
NP_001327733,0.0
NP_001327734,0.0
NP_001327735,0.0
NP_001327736,0.0
NP_001327737,0.0
NP_001327738,41.0
NP_001327739,40.0
NP_001327740,0.0
NP_001327741,0.0
NP_001327742,0.0
NP_001327743,0.0
NP_001327744,0.0
NP_001327745,0.0
NP_001327746,0.0
NP_001327747,0.0
NP_001327748,0.0
NP_001327749,0.0
NP_001327750,0.0
NP_001327751,40.0
NP_001327752,40.0
NP_001327753,37.0
NP_001327754,36.0
NP_001327755,0.0
NP_001327756,62.0
NP_001327757,0.0
NP_001327758,42.0
NP_001327759,62.0
NP_001327760,62.0
NP_001327761,62.0
NP_001327762,0.0
NP_001327763,0.0
NP_001327764,0.0
NP_001327765,0.0
NP_001327766,521.0
NP_001327767,0.0
NP_001327768,0.0
NP_001327769,47.0
NP_001327770,0.0
NP_001327771,0.0
NP_001327772,0.0
NP_001327773,0.0
NP_001327774,0.0
NP_001327775,40.0
NP_001327776,0.0
NP_001327777,0.0
NP_001327778,0.0
NP_001327779,0.0
NP_001327780,0.0
NP_001327781,0.0
NP_001327782,0.0
NP_001327783,0.0
NP_001327784,1073.0
NP_001327785,0.0
NP_001327786,48.0
NP_001327787,0.0
NP_001327788,0.0
NP_001327789,0.0
NP_001327790,0.0
NP_001327791,0.0
NP_001327792,0.0
NP_001327793,0.0
NP_001327794,0.0
NP_001327795,0.0
NP_001327796,0.0
NP_001327797,0.0
NP_001327798,0.0
NP_001327799,0.0
NP_001327800,0.0
NP_001327801,0.0
NP_001327802,0.0
NP_001327803,263.0
NP_001327804,0.0
NP_001327805,0.0
NP_001327806,0.0
NP_001327807,0.0
NP_001327808,0.0
NP_001327809,0.0
NP_001327810,0.0
NP_001327811,0.0
NP_001327812,0.0
NP_001327813,0.0
NP_001327814,0.0
NP_001327815,0.0
NP_001327816,0.0
NP_001327817,0.0
NP_001327818,0.0
NP_001327819,577.0
NP_001327820,577.0
NP_001327821,0.0
NP_001327822,0.0
NP_001327823,0.0
NP_001327824,0.0
NP_001327825,38.0
NP_001327826,38.0
NP_001327827,38.0
NP_001327828,0.0
NP_001327829,0.0
NP_001327830,0.0
NP_001327831,40.0
NP_001327832,0.0
NP_001327833,0.0
NP_001327834,0.0
NP_001327835,0.0
NP_001327836,0.0
NP_001327837,0.0
NP_001327838,0.0
NP_001327839,0.0
NP_001327840,0.0
NP_001327841,0.0
NP_001327842,0.0
NP_001327843,0.0
NP_001327844,0.0
NP_001327845,0.0
NP_001327846,67.0
NP_001327847,0.0
NP_001327848,0.0
NP_001327849,0.0
NP_001327850,0.0
NP_001327851,0.0
NP_001327852,0.0
NP_001327853,0.0
NP_001327854,0.0
NP_001327855,0.0
NP_001327856,0.0
NP_001327857,36.0
NP_001327858,36.0
NP_001327859,36.0
NP_001327860,36.0
NP_001327861,0.0
NP_001327862,0.0
NP_001327863,0.0
NP_001327864,0.0
NP_001327865,0.0
NP_001327866,502.0
NP_001327867,502.0
NP_001327868,502.0
NP_001327869,0.0
NP_001327870,0.0
NP_001327871,0.0
NP_001327872,0.0
NP_001327873,0.0
NP_001327874,0.0
NP_001327875,0.0
NP_001327876,0.0
NP_001327877,0.0
NP_001327878,0.0
NP_001327879,0.0
NP_001327880,0.0
NP_001327881,0.0
NP_001327882,0.0
NP_001327883,0.0
NP_001327884,0.0
NP_001327885,709.0
NP_001327886,0.0
NP_001327887,0.0
NP_001327888,0.0
NP_001327889,550.0
NP_001327890,0.0
NP_001327891,0.0
NP_001327892,0.0
NP_001327893,0.0
NP_001327894,0.0
NP_001327895,0.0
NP_001327896,0.0
NP_001327897,0.0
NP_001327898,0.0
NP_001327899,0.0
NP_001327900,0.0
NP_001327901,0.0
NP_001327902,0.0
NP_001327903,38.0
NP_001327904,38.0
NP_001327905,0.0
NP_001327906,0.0
NP_001327907,75.0
NP_001327908,53.0
NP_001327909,0.0
NP_001327910,0.0
NP_001327911,0.0
NP_001327912,0.0
NP_001327913,0.0
NP_001327914,0.0
NP_001327915,0.0
NP_001327916,0.0
NP_001327917,0.0
NP_001327918,259.0
NP_001327919,0.0
NP_001327920,0.0
NP_001327921,0.0
NP_001327922,0.0
NP_001327923,0.0
NP_001327924,0.0
NP_001327925,0.0
NP_001327926,0.0
NP_001327927,0.0
NP_001327928,49.0
NP_001327929,0.0
NP_001327930,0.0
NP_001327931,0.0
NP_001327932,0.0
NP_001327933,0.0
NP_001327934,47.0
NP_001327935,0.0
NP_001327936,0.0
NP_001327937,0.0
NP_001327938,0.0
NP_001327939,0.0
NP_001327940,0.0
NP_001327941,0.0
NP_001327942,0.0
NP_001327943,0.0
NP_001327944,0.0
NP_001327945,0.0
NP_001327946,0.0
NP_001327947,45.0
NP_001327948,0.0
NP_001327949,0.0
NP_001327950,0.0
NP_001327951,0.0
NP_001327952,0.0
NP_001327953,0.0
NP_001327954,0.0
NP_001327955,0.0
NP_001327956,0.0
NP_001327957,0.0
NP_001327958,0.0
NP_001327959,0.0
NP_001327960,0.0
NP_001327961,0.0
NP_001327962,45.0
NP_001327963,0.0
NP_001327964,0.0
NP_001327965,0.0
NP_001327966,0.0
NP_001327967,0.0
NP_001327968,45.0
NP_001327969,0.0
NP_001327970,0.0
NP_001327971,0.0
NP_001327972,0.0
NP_001327973,0.0
NP_001327974,0.0
NP_001327975,0.0
NP_001327976,0.0
NP_001327977,0.0
NP_001327978,0.0
NP_001327979,0.0
NP_001327980,0.0
NP_001327981,0.0
NP_001327982,0.0
NP_001327983,0.0
NP_001327984,0.0
NP_001327985,0.0
NP_001327986,0.0
NP_001327987,0.0
NP_001327988,58.0
NP_001327989,0.0
NP_001327990,0.0
NP_001327991,492.0
NP_001327992,492.0
NP_001327993,0.0
NP_001327994,0.0
NP_001327995,0.0
NP_001327996,0.0
NP_001327997,0.0
NP_001327998,0.0
NP_001327999,0.0
NP_001328000,0.0
NP_001328001,0.0
NP_001328002,0.0
NP_001328003,0.0
NP_001328004,0.0
NP_001328005,0.0
NP_001328006,0.0
NP_001328007,54.0
NP_001328008,0.0
NP_001328009,0.0
NP_001328010,0.0
NP_001328011,0.0
NP_001328012,0.0
NP_001328013,0.0
NP_001328014,0.0
NP_001328015,0.0
NP_001328016,0.0
NP_001328017,0.0
NP_001328018,0.0
NP_001328019,7142.0
NP_001328020,6925.0
NP_001328021,6988.0
NP_001328022,7478.0
NP_001328023,0.0
NP_001328024,0.0
NP_001328025,472.0
NP_001328026,0.0
NP_001328027,929.0
NP_001328028,0.0
NP_001328029,0.0
NP_001328030,0.0
NP_001328031,0.0
NP_001328032,0.0
NP_001328033,0.0
NP_001328034,0.0
NP_001328035,0.0
NP_001328036,0.0
NP_001328037,0.0
NP_001328038,0.0
NP_001328039,0.0
NP_001328040,0.0
NP_001328041,0.0
NP_001328042,0.0
NP_001328043,0.0
NP_001328044,0.0
NP_001328045,0.0
NP_001328046,0.0
NP_001328047,0.0
NP_001328048,0.0
NP_001328049,0.0
NP_001328050,0.0
NP_001328051,0.0
NP_001328052,0.0
NP_001328053,0.0
NP_001328054,0.0
NP_001328055,0.0
NP_001328056,0.0
NP_001328057,0.0
NP_001328058,0.0
NP_001328059,0.0
NP_001328060,498.0
NP_001328061,498.0
NP_001328062,0.0
NP_001328063,0.0
NP_001328064,0.0
NP_001328065,0.0
NP_001328066,0.0
NP_001328067,0.0
NP_001328068,0.0
NP_001328069,0.0
NP_001328070,0.0
NP_001328071,0.0
NP_001328072,0.0
NP_001328073,0.0
NP_001328074,0.0
NP_001328075,0.0
NP_001328076,0.0
NP_001328077,0.0
NP_001328078,0.0
NP_001328079,0.0
NP_001328080,0.0
NP_001328081,223.0
NP_001328082,223.0
NP_001328083,223.0
NP_001328084,223.0
NP_001328085,223.0
NP_001328086,0.0
NP_001328087,0.0
NP_001328088,0.0
NP_001328089,44.0
NP_001328090,0.0
NP_001328091,0.0
NP_001328092,0.0
NP_001328093,0.0
NP_001328094,0.0
NP_001328095,0.0
NP_001328096,50.0
NP_001328097,0.0
NP_001328098,0.0
NP_001328099,0.0
NP_001328100,0.0
NP_001328101,0.0
NP_001328102,0.0
NP_001328103,0.0
NP_001328104,0.0
NP_001328105,531.0
NP_001328106,0.0
NP_001328107,0.0
NP_001328108,0.0
NP_001328109,0.0
NP_001328110,0.0
NP_001328111,0.0
NP_001328112,53.0
NP_001328113,0.0
NP_001328114,0.0
NP_001328115,399.0
NP_001328116,0.0
NP_001328117,0.0
NP_001328118,0.0
NP_001328119,48.0
NP_001328120,62.0
NP_001328121,0.0
NP_001328122,0.0
NP_001328123,0.0
NP_001328124,0.0
NP_001328125,0.0
NP_001328126,0.0
NP_001328127,0.0
NP_001328128,0.0
NP_001328129,0.0
NP_001328130,0.0
NP_001328131,0.0
NP_001328132,0.0
NP_001328133,0.0
NP_001328134,0.0
NP_001328135,0.0
NP_001328136,0.0
NP_001328137,0.0
NP_001328138,0.0
NP_001328139,0.0
NP_001328140,0.0
NP_001328141,0.0
NP_001328142,0.0
NP_001328143,0.0
NP_001328144,0.0
NP_001328145,0.0
NP_001328146,0.0
NP_001328147,0.0
NP_001328148,0.0
NP_001328149,0.0
NP_001328150,0.0
NP_001328151,0.0
NP_001328152,0.0
NP_001328153,0.0
NP_001328154,0.0
NP_001328155,0.0
NP_001328156,0.0
NP_001328157,0.0
NP_001328158,0.0
NP_001328159,0.0
NP_001328160,0.0
NP_001328161,46.0
NP_001328162,0.0
NP_001328163,0.0
NP_001328164,0.0
NP_001328165,0.0
NP_001328166,0.0
NP_001328167,0.0
NP_001328168,0.0
NP_001328169,0.0
NP_001328170,0.0
NP_001328171,0.0
NP_001328172,0.0
NP_001328173,0.0
NP_001328174,0.0
NP_001328175,0.0
NP_001328176,0.0
NP_001328177,502.0
NP_001328178,342.0
NP_001328179,0.0
NP_001328180,41.0
NP_001328181,0.0
NP_001328182,0.0
NP_001328183,0.0
NP_001328184,0.0
NP_001328185,0.0
NP_001328186,0.0
NP_001328187,0.0
NP_001328188,925.0
NP_001328189,194.0
NP_001328190,194.0
NP_001328191,0.0
NP_001328192,0.0
NP_001328193,0.0
NP_001328194,0.0
NP_001328195,0.0
NP_001328196,0.0
NP_001328197,0.0
NP_001328198,0.0
NP_001328199,0.0
NP_001328200,43.0
NP_001328201,0.0
NP_001328202,0.0
NP_001328203,0.0
NP_001328204,0.0
NP_001328205,0.0
NP_001328206,0.0
NP_001328207,0.0
NP_001328208,0.0
NP_001328209,0.0
NP_001328210,476.0
NP_001328211,471.0
NP_001328212,335.0
NP_001328213,45.0
NP_001328214,0.0
NP_001328215,0.0
NP_001328216,0.0
NP_001328217,0.0
NP_001328218,0.0
NP_001328219,0.0
NP_001328220,0.0
NP_001328221,0.0
NP_001328222,0.0
NP_001328223,0.0
NP_001328224,0.0
NP_001328225,0.0
NP_001328226,0.0
NP_001328227,0.0
NP_001328228,0.0
NP_001328229,0.0
NP_001328230,0.0
NP_001328231,0.0
NP_001328232,41.0
NP_001328233,0.0
NP_001328234,0.0
NP_001328235,0.0
NP_001328236,0.0
NP_001328237,0.0
NP_001328238,0.0
NP_001328239,0.0
NP_001328240,0.0
NP_001328241,0.0
NP_001328242,0.0
NP_001328243,0.0
NP_001328244,0.0
NP_001328245,0.0
NP_001328246,0.0
NP_001328247,0.0
NP_001328248,0.0
NP_001328249,0.0
NP_001328250,0.0
NP_001328251,48.0
NP_001328252,41.0
NP_001328253,41.0
NP_001328254,41.0
NP_001328255,41.0
NP_001328256,0.0
NP_001328257,580.0
NP_001328258,0.0
NP_001328259,0.0
NP_001328260,48.0
NP_001328261,0.0
NP_001328262,0.0
NP_001328263,0.0
NP_001328264,692.0
NP_001328265,0.0
NP_001328266,560.0
NP_001328267,0.0
NP_001328268,0.0
NP_001328269,0.0
NP_001328270,0.0
NP_001328271,0.0
NP_001328272,0.0
NP_001328273,0.0
NP_001328274,0.0
NP_001328275,0.0
NP_001328276,0.0
NP_001328277,0.0
NP_001328278,0.0
NP_001328279,0.0
NP_001328280,0.0
NP_001328281,0.0
NP_001328282,0.0
NP_001328283,0.0
NP_001328284,0.0
NP_001328285,0.0
NP_001328286,0.0
NP_001328287,0.0
NP_001328288,482.0
NP_001328289,443.0
NP_001328290,318.0
NP_001328291,0.0
NP_001328292,0.0
NP_001328293,182.0
NP_001328294,182.0
NP_001328295,0.0
NP_001328296,0.0
NP_001328297,2562.0
NP_001328298,0.0
NP_001328299,0.0
NP_001328300,0.0
NP_001328301,394.0
NP_001328302,0.0
NP_001328303,0.0
NP_001328304,0.0
NP_001328305,0.0
NP_001328306,0.0
NP_001328307,0.0
NP_001328308,0.0
NP_001328309,0.0
NP_001328310,0.0
NP_001328311,0.0
NP_001328312,0.0
NP_001328313,0.0
NP_001328314,49.0
NP_001328315,0.0
NP_001328316,0.0
NP_001328317,0.0
NP_001328318,0.0
NP_001328319,0.0
NP_001328320,179.0
NP_001328321,179.0
NP_001328322,179.0
NP_001328323,0.0
NP_001328324,0.0
NP_001328325,41.0
NP_001328326,37.0
NP_001328327,0.0
NP_001328328,0.0
NP_001328329,0.0
NP_001328330,0.0
NP_001328331,0.0
NP_001328332,0.0
NP_001328333,0.0
NP_001328334,0.0
NP_001328335,43.0
NP_001328336,0.0
NP_001328337,0.0
NP_001328338,0.0
NP_001328339,0.0
NP_001328340,0.0
NP_001328341,0.0
NP_001328342,0.0
NP_001328343,0.0
NP_001328344,0.0
NP_001328345,48.0
NP_001328346,0.0
NP_001328347,159.0
NP_001328348,190.0
NP_001328349,150.0
NP_001328350,0.0
NP_001328351,0.0
NP_001328352,0.0
NP_001328353,0.0
NP_001328354,0.0
NP_001328355,0.0
NP_001328356,0.0
NP_001328357,0.0
NP_001328358,0.0
NP_001328359,0.0
NP_001328360,0.0
NP_001328361,0.0
NP_001328362,0.0
NP_001328363,0.0
NP_001328364,0.0
NP_001328365,0.0
NP_001328366,0.0
NP_001328367,453.0
NP_001328368,0.0
NP_001328369,0.0
NP_001328370,0.0
NP_001328371,0.0
NP_001328372,43.0
NP_001328373,0.0
NP_001328374,0.0
NP_001328375,0.0
NP_001328376,0.0
NP_001328377,0.0
NP_001328378,0.0
NP_001328379,0.0
NP_001328380,0.0
NP_001328381,0.0
NP_001328382,0.0
NP_001328383,0.0
NP_001328384,42.0
NP_001328385,42.0
NP_001328386,42.0
NP_001328387,0.0
NP_001328388,0.0
NP_001328389,0.0
NP_001328390,0.0
NP_001328391,0.0
NP_001328392,0.0
NP_001328393,0.0
NP_001328394,0.0
NP_001328395,0.0
NP_001328396,0.0
NP_001328397,0.0
NP_001328398,0.0
NP_001328399,0.0
NP_001328400,0.0
NP_001328401,0.0
NP_001328402,0.0
NP_001328403,0.0
NP_001328404,0.0
NP_001328405,0.0
NP_001328406,0.0
NP_001328407,0.0
NP_001328408,41.0
NP_001328409,41.0
NP_001328410,0.0
NP_001328411,0.0
NP_001328412,0.0
NP_001328413,0.0
NP_001328414,732.0
NP_001328415,0.0
NP_001328416,0.0
NP_001328417,0.0
NP_001328418,0.0
NP_001328419,0.0
NP_001328420,0.0
NP_001328421,70.0
NP_001328422,0.0
NP_001328423,0.0
NP_001328424,0.0
NP_001328425,0.0
NP_001328426,0.0
NP_001328427,0.0
NP_001328428,50.0
NP_001328429,0.0
NP_001328430,0.0
NP_001328431,0.0
NP_001328432,0.0
NP_001328433,266.0
NP_001328434,266.0
NP_001328435,0.0
NP_001328436,0.0
NP_001328437,0.0
NP_001328438,0.0
NP_001328439,0.0
NP_001328440,47.0
NP_001328441,47.0
NP_001328442,47.0
NP_001328443,0.0
NP_001328444,1319.0
NP_001328445,1248.0
NP_001328446,1730.0
NP_001328447,1818.0
NP_001328448,1818.0
NP_001328449,1818.0
NP_001328450,1747.0
NP_001328451,1319.0
NP_001328452,0.0
NP_001328453,0.0
NP_001328454,0.0
NP_001328455,0.0
NP_001328456,0.0
NP_001328457,388.0
NP_001328458,0.0
NP_001328459,0.0
NP_001328460,0.0
NP_001328461,0.0
NP_001328462,0.0
NP_001328463,0.0
NP_001328464,0.0
NP_001328465,332.0
NP_001328466,65.0
NP_001328467,65.0
NP_001328468,65.0
NP_001328469,65.0
NP_001328470,0.0
NP_001328471,0.0
NP_001328472,0.0
NP_001328473,0.0
NP_001328474,0.0
NP_001328475,0.0
NP_001328476,0.0
NP_001328477,0.0
NP_001328478,0.0
NP_001328479,0.0
NP_001328480,0.0
NP_001328481,0.0
NP_001328482,0.0
NP_001328483,0.0
NP_001328484,0.0
NP_001328485,0.0
NP_001328486,0.0
NP_001328487,37.0
NP_001328488,0.0
NP_001328489,0.0
NP_001328490,0.0
NP_001328491,0.0
NP_001328492,0.0
NP_001328493,0.0
NP_001328494,0.0
NP_001328495,0.0
NP_001328496,0.0
NP_001328497,0.0
NP_001328498,41.0
NP_001328499,48.0
NP_001328500,41.0
NP_001328501,0.0
NP_001328502,0.0
NP_001328503,0.0
NP_001328504,0.0
NP_001328505,0.0
NP_001328506,60.0
NP_001328507,0.0
NP_001328508,0.0
NP_001328509,0.0
NP_001328510,0.0
NP_001328511,0.0
NP_001328512,0.0
NP_001328513,0.0
NP_001328514,2709.0
NP_001328515,0.0
NP_001328516,0.0
NP_001328517,0.0
NP_001328518,0.0
NP_001328519,0.0
NP_001328520,0.0
NP_001328521,62.0
NP_001328522,59.0
NP_001328523,62.0
NP_001328524,59.0
NP_001328525,59.0
NP_001328526,0.0
NP_001328527,0.0
NP_001328528,0.0
NP_001328529,0.0
NP_001328530,0.0
NP_001328531,0.0
NP_001328532,0.0
NP_001328533,46.0
NP_001328534,62.0
NP_001328535,62.0
NP_001328536,62.0
NP_001328537,0.0
NP_001328538,0.0
NP_001328539,0.0
NP_001328540,0.0
NP_001328541,0.0
NP_001328542,0.0
NP_001328543,382.0
NP_001328544,0.0
NP_001328545,0.0
NP_001328546,0.0
NP_001328547,0.0
NP_001328548,0.0
NP_001328549,0.0
NP_001328550,0.0
NP_001328551,0.0
NP_001328552,0.0
NP_001328553,0.0
NP_001328554,0.0
NP_001328555,0.0
NP_001328556,0.0
NP_001328557,511.0
NP_001328558,44.0
NP_001328559,44.0
NP_001328560,44.0
NP_001328561,0.0
NP_001328562,589.0
NP_001328563,0.0
NP_001328564,0.0
NP_001328565,0.0
NP_001328566,0.0
NP_001328567,0.0
NP_001328568,53.0
NP_001328569,53.0
NP_001328570,53.0
NP_001328571,0.0
NP_001328572,0.0
NP_001328573,50.0
NP_001328574,0.0
NP_001328575,0.0
NP_001328576,0.0
NP_001328577,0.0
NP_001328578,0.0
NP_001328579,0.0
NP_001328580,0.0
NP_001328581,0.0
NP_001328582,39.0
NP_001328583,0.0
NP_001328584,0.0
NP_001328585,0.0
NP_001328586,0.0
NP_001328587,0.0
NP_001328588,0.0
NP_001328589,0.0
NP_001328590,0.0
NP_001328591,0.0
NP_001328592,0.0
NP_001328593,0.0
NP_001328594,0.0
NP_001328595,0.0
NP_001328596,101.0
NP_001328597,0.0
NP_001328598,0.0
NP_001328599,0.0
NP_001328600,0.0
NP_001328601,0.0
NP_001328602,0.0
NP_001328603,0.0
NP_001328604,0.0
NP_001328605,0.0
NP_001328606,0.0
NP_001328607,0.0
NP_001328608,0.0
NP_001328609,639.0
NP_001328610,0.0
NP_001328611,0.0
NP_001328612,0.0
NP_001328613,0.0
NP_001328614,0.0
NP_001328615,0.0
NP_001328616,0.0
NP_001328617,0.0
NP_001328618,0.0
NP_001328619,0.0
NP_001328620,0.0
NP_001328621,0.0
NP_001328622,0.0
NP_001328623,0.0
NP_001328624,0.0
NP_001328625,0.0
NP_001328626,0.0
NP_001328627,0.0
NP_001328628,0.0
NP_001328629,0.0
NP_001328630,315.0
NP_001328631,456.0
NP_001328632,0.0
NP_001328633,0.0
NP_001328634,0.0
NP_001328635,48.0
NP_001328636,48.0
NP_001328637,37.0
NP_001328638,0.0
NP_001328639,58.0
NP_001328640,0.0
NP_001328641,0.0
NP_001328642,0.0
NP_001328643,0.0
NP_001328644,0.0
NP_001328645,0.0
NP_001328646,0.0
NP_001328647,0.0
NP_001328648,37.0
NP_001328649,0.0
NP_001328650,0.0
NP_001328651,0.0
NP_001328652,0.0
NP_001328653,0.0
NP_001328654,247.0
NP_001328655,0.0
NP_001328656,0.0
NP_001328657,0.0
NP_001328658,341.0
NP_001328659,0.0
NP_001328660,0.0
NP_001328661,3894.0
NP_001328662,0.0
NP_001328663,0.0
NP_001328664,50.0
NP_001328665,50.0
NP_001328666,50.0
NP_001328667,0.0
NP_001328668,0.0
NP_001328669,0.0
NP_001328670,0.0
NP_001328671,0.0
NP_001328672,0.0
NP_001328673,0.0
NP_001328674,0.0
NP_001328675,0.0
NP_001328676,0.0
NP_001328677,0.0
NP_001328678,0.0
NP_001328679,0.0
NP_001328680,0.0
NP_001328681,0.0
NP_001328682,0.0
NP_001328683,0.0
NP_001328684,0.0
NP_001328685,0.0
NP_001328686,0.0
NP_001328687,0.0
NP_001328688,0.0
NP_001328689,0.0
NP_001328690,0.0
NP_001328691,0.0
NP_001328692,0.0
NP_001328693,0.0
NP_001328694,0.0
NP_001328695,0.0
NP_001328696,0.0
NP_001328697,0.0
NP_001328698,0.0
NP_001328699,0.0
NP_001328700,56.0
NP_001328701,56.0
NP_001328702,0.0
NP_001328703,0.0
NP_001328704,0.0
NP_001328705,0.0
NP_001328706,0.0
NP_001328707,0.0
NP_001328708,0.0
NP_001328709,0.0
NP_001328710,0.0
NP_001328711,0.0
NP_001328712,0.0
NP_001328713,0.0
NP_001328714,0.0
NP_001328715,0.0
NP_001328716,0.0
NP_001328717,0.0
NP_001328718,0.0
NP_001328719,0.0
NP_001328720,0.0
NP_001328721,0.0
NP_001328722,0.0
NP_001328723,0.0
NP_001328724,0.0
NP_001328725,0.0
NP_001328726,0.0
NP_001328727,0.0
NP_001328728,0.0
NP_001328729,0.0
NP_001328730,0.0
NP_001328731,0.0
NP_001328732,0.0
NP_001328733,0.0
NP_001328734,40.0
NP_001328735,40.0
NP_001328736,423.0
NP_001328737,49.0
NP_001328738,49.0
NP_001328739,49.0
NP_001328740,0.0
NP_001328741,0.0
NP_001328742,0.0
NP_001328743,0.0
NP_001328744,0.0
NP_001328745,0.0
NP_001328746,0.0
NP_001328747,0.0
NP_001328748,48.0
NP_001328749,43.0
NP_001328750,43.0
NP_001328751,43.0
NP_001328752,0.0
NP_001328753,0.0
NP_001328754,0.0
NP_001328755,0.0
NP_001328756,0.0
NP_001328757,0.0
NP_001328758,0.0
NP_001328759,0.0
NP_001328760,0.0
NP_001328761,0.0
NP_001328762,0.0
NP_001328763,0.0
NP_001328764,418.0
NP_001328765,500.0
NP_001328766,0.0
NP_001328767,0.0
NP_001328768,0.0
NP_001328769,0.0
NP_001328770,0.0
NP_001328771,0.0
NP_001328772,0.0
NP_001328773,0.0
NP_001328774,474.0
NP_001328775,0.0
NP_001328776,0.0
NP_001328777,0.0
NP_001328778,0.0
NP_001328779,0.0
NP_001328780,0.0
NP_001328781,0.0
NP_001328782,0.0
NP_001328783,0.0
NP_001328784,0.0
NP_001328785,0.0
NP_001328786,0.0
NP_001328787,0.0
NP_001328788,0.0
NP_001328789,0.0
NP_001328790,0.0
NP_001328791,0.0
NP_001328792,0.0
NP_001328793,0.0
NP_001328794,0.0
NP_001328795,0.0
NP_001328796,0.0
NP_001328797,0.0
NP_001328798,0.0
NP_001328799,0.0
NP_001328800,56.0
NP_001328801,56.0
NP_001328802,0.0
NP_001328803,0.0
NP_001328804,0.0
NP_001328805,0.0
NP_001328806,0.0
NP_001328807,0.0
NP_001328808,0.0
NP_001328809,0.0
NP_001328810,0.0
NP_001328811,41.0
NP_001328812,0.0
NP_001328813,0.0
NP_001328814,0.0
NP_001328815,0.0
NP_001328816,0.0
NP_001328817,44.0
NP_001328818,0.0
NP_001328819,0.0
NP_001328820,50.0
NP_001328821,50.0
NP_001328822,0.0
NP_001328823,0.0
NP_001328824,0.0
NP_001328825,0.0
NP_001328826,0.0
NP_001328827,0.0
NP_001328828,0.0
NP_001328829,0.0
NP_001328830,0.0
NP_001328831,0.0
NP_001328832,0.0
NP_001328833,0.0
NP_001328834,570.0
NP_001328835,398.0
NP_001328836,357.0
NP_001328837,357.0
NP_001328838,357.0
NP_001328839,544.0
NP_001328840,544.0
NP_001328841,0.0
NP_001328842,0.0
NP_001328843,0.0
NP_001328844,0.0
NP_001328845,0.0
NP_001328846,0.0
NP_001328847,0.0
NP_001328848,0.0
NP_001328849,0.0
NP_001328850,0.0
NP_001328851,285.0
NP_001328852,0.0
NP_001328853,0.0
NP_001328854,0.0
NP_001328855,0.0
NP_001328856,0.0
NP_001328857,0.0
NP_001328858,0.0
NP_001328859,0.0
NP_001328860,0.0
NP_001328861,0.0
NP_001328862,0.0
NP_001328863,0.0
NP_001328864,0.0
NP_001328865,0.0
NP_001328866,0.0
NP_001328867,0.0
NP_001328868,44.0
NP_001328869,0.0
NP_001328870,0.0
NP_001328871,223.0
NP_001328872,67.0
NP_001328873,67.0
NP_001328874,67.0
NP_001328875,0.0
NP_001328876,0.0
NP_001328877,0.0
NP_001328878,37.0
NP_001328879,37.0
NP_001328880,283.0
NP_001328881,283.0
NP_001328882,283.0
NP_001328883,0.0
NP_001328884,0.0
NP_001328885,0.0
NP_001328886,50.0
NP_001328887,0.0
NP_001328888,0.0
NP_001328889,0.0
NP_001328890,0.0
NP_001328891,0.0
NP_001328892,0.0
NP_001328893,0.0
NP_001328894,59.0
NP_001328895,59.0
NP_001328896,0.0
NP_001328897,0.0
NP_001328898,0.0
NP_001328899,0.0
NP_001328900,0.0
NP_001328901,0.0
NP_001328902,279.0
NP_001328903,0.0
NP_001328904,0.0
NP_001328905,0.0
NP_001328906,0.0
NP_001328907,0.0
NP_001328908,0.0
NP_001328909,0.0
NP_001328910,0.0
NP_001328911,0.0
NP_001328912,0.0
NP_001328913,0.0
NP_001328914,0.0
NP_001328915,0.0
NP_001328916,0.0
NP_001328917,0.0
NP_001328918,0.0
NP_001328919,0.0
NP_001328920,0.0
NP_001328921,0.0
NP_001328922,0.0
NP_001328923,0.0
NP_001328924,0.0
NP_001328925,0.0
NP_001328926,0.0
NP_001328927,0.0
NP_001328928,0.0
NP_001328929,0.0
NP_001328930,0.0
NP_001328931,0.0
NP_001328932,0.0
NP_001328933,0.0
NP_001328934,0.0
NP_001328935,40.0
NP_001328936,41.0
NP_001328937,0.0
NP_001328938,0.0
NP_001328939,0.0
NP_001328940,0.0
NP_001328941,0.0
NP_001328942,0.0
NP_001328943,0.0
NP_001328944,0.0
NP_001328945,0.0
NP_001328946,0.0
NP_001328947,0.0
NP_001328948,0.0
NP_001328949,0.0
NP_001328950,0.0
NP_001328951,0.0
NP_001328952,0.0
NP_001328953,564.0
NP_001328954,0.0
NP_001328955,0.0
NP_001328956,0.0
NP_001328957,0.0
NP_001328958,0.0
NP_001328959,0.0
NP_001328960,0.0
NP_001328961,334.0
NP_001328962,355.0
NP_001328963,387.0
NP_001328964,387.0
NP_001328965,387.0
NP_001328966,3440.0
NP_001328967,3440.0
NP_001328968,3108.0
NP_001328969,3440.0
NP_001328970,3440.0
NP_001328971,156.0
NP_001328972,0.0
NP_001328973,0.0
NP_001328974,0.0
NP_001328975,0.0
NP_001328976,0.0
NP_001328977,0.0
NP_001328978,0.0
NP_001328979,0.0
NP_001328980,0.0
NP_001328981,0.0
NP_001328982,0.0
NP_001328983,0.0
NP_001328984,0.0
NP_001328985,0.0
NP_001328986,0.0
NP_001328987,0.0
NP_001328988,0.0
NP_001328989,0.0
NP_001328990,0.0
NP_001328991,0.0
NP_001328992,0.0
NP_001328993,0.0
NP_001328994,0.0
NP_001328995,0.0
NP_001328996,0.0
NP_001328997,0.0
NP_001328998,0.0
NP_001328999,0.0
NP_001329000,0.0
NP_001329001,0.0
NP_001329002,0.0
NP_001329003,0.0
NP_001329004,0.0
NP_001329005,0.0
NP_001329006,0.0
NP_001329007,0.0
NP_001329008,0.0
NP_001329009,496.0
NP_001329010,0.0
NP_001329011,0.0
NP_001329012,0.0
NP_001329013,0.0
NP_001329014,0.0
NP_001329015,0.0
NP_001329016,518.0
NP_001329017,0.0
NP_001329018,0.0
NP_001329019,0.0
NP_001329020,0.0
NP_001329021,0.0
NP_001329022,0.0
NP_001329023,0.0
NP_001329024,0.0
NP_001329025,0.0
NP_001329026,0.0
NP_001329027,0.0
NP_001329028,0.0
NP_001329029,0.0
NP_001329030,0.0
NP_001329031,0.0
NP_001329032,0.0
NP_001329033,0.0
NP_001329034,0.0
NP_001329035,0.0
NP_001329036,5731.0
NP_001329037,5945.0
NP_001329038,5945.0
NP_001329039,5765.0
NP_001329040,5765.0
NP_001329041,5765.0
NP_001329042,5945.0
NP_001329043,5945.0
NP_001329044,0.0
NP_001329045,0.0
NP_001329046,0.0
NP_001329047,0.0
NP_001329048,0.0
NP_001329049,0.0
NP_001329050,0.0
NP_001329051,0.0
NP_001329052,0.0
NP_001329053,0.0
NP_001329054,0.0
NP_001329055,0.0
NP_001329056,0.0
NP_001329057,80.0
NP_001329059,0.0
NP_001329060,0.0
NP_001329061,0.0
NP_001329062,0.0
NP_001329063,484.0
NP_001329064,484.0
NP_001329065,654.0
NP_001329066,664.0
NP_001329067,0.0
NP_001329068,0.0
NP_001329069,0.0
NP_001329070,0.0
NP_001329071,0.0
NP_001329072,0.0
NP_001329073,0.0
NP_001329074,0.0
NP_001329075,415.0
NP_001329076,0.0
NP_001329077,0.0
NP_001329078,0.0
NP_001329079,0.0
NP_001329080,0.0
NP_001329081,0.0
NP_001329082,0.0
NP_001329083,0.0
NP_001329084,0.0
NP_001329085,0.0
NP_001329086,326.0
NP_001329087,504.0
NP_001329088,326.0
NP_001329089,319.0
NP_001329090,326.0
NP_001329091,0.0
NP_001329092,319.0
NP_001329093,319.0
NP_001329094,0.0
NP_001329095,0.0
NP_001329096,0.0
NP_001329097,0.0
NP_001329098,0.0
NP_001329099,0.0
NP_001329100,0.0
NP_001329101,0.0
NP_001329102,198.0
NP_001329103,185.0
NP_001329104,206.0
NP_001329105,254.0
NP_001329106,255.0
NP_001329107,207.0
NP_001329108,198.0
NP_001329109,254.0
NP_001329110,0.0
NP_001329111,0.0
NP_001329112,50.0
NP_001329113,50.0
NP_001329114,50.0
NP_001329115,50.0
NP_001329116,50.0
NP_001329117,50.0
NP_001329118,2346.0
NP_001329119,3088.0
NP_001329120,0.0
NP_001329121,0.0
NP_001329122,0.0
NP_001329123,50.0
NP_001329124,50.0
NP_001329125,0.0
NP_001329126,0.0
NP_001329127,0.0
NP_001329128,0.0
NP_001329129,0.0
NP_001329130,0.0
NP_001329131,0.0
NP_001329132,0.0
NP_001329133,487.0
NP_001329134,487.0
NP_001329135,487.0
NP_001329136,512.0
NP_001329137,487.0
NP_001329138,512.0
NP_001329139,487.0
NP_001329140,512.0
NP_001329141,0.0
NP_001329142,0.0
NP_001329143,0.0
NP_001329144,0.0
NP_001329145,0.0
NP_001329146,0.0
NP_001329147,0.0
NP_001329148,0.0
NP_001329149,0.0
NP_001329150,0.0
NP_001329151,0.0
NP_001329152,0.0
NP_001329153,0.0
NP_001329154,0.0
NP_001329155,0.0
NP_001329156,0.0
NP_001329157,0.0
NP_001329158,0.0
NP_001329159,0.0
NP_001329160,0.0
NP_001329161,44.0
NP_001329162,0.0
NP_001329163,0.0
NP_001329164,0.0
NP_001329165,0.0
NP_001329166,0.0
NP_001329167,0.0
NP_001329168,0.0
NP_001329169,0.0
NP_001329170,0.0
NP_001329171,0.0
NP_001329172,0.0
NP_001329173,38.0
NP_001329174,38.0
NP_001329175,40.0
NP_001329176,0.0
NP_001329177,0.0
NP_001329178,0.0
NP_001329179,0.0
NP_001329180,0.0
NP_001329181,396.0
NP_001329182,0.0
NP_001329183,0.0
NP_001329184,0.0
NP_001329185,0.0
NP_001329186,0.0
NP_001329187,0.0
NP_001329188,0.0
NP_001329189,0.0
NP_001329190,0.0
NP_001329191,0.0
NP_001329192,0.0
NP_001329193,0.0
NP_001329194,0.0
NP_001329195,0.0
NP_001329196,0.0
NP_001329197,0.0
NP_001329198,0.0
NP_001329199,0.0
NP_001329200,0.0
NP_001329201,0.0
NP_001329202,44.0
NP_001329203,451.0
NP_001329204,0.0
NP_001329205,0.0
NP_001329206,0.0
NP_001329207,0.0
NP_001329208,0.0
NP_001329209,0.0
NP_001329210,0.0
NP_001329211,0.0
NP_001329212,0.0
NP_001329213,0.0
NP_001329214,0.0
NP_001329215,0.0
NP_001329216,1981.0
NP_001329217,0.0
NP_001329218,0.0
NP_001329219,0.0
NP_001329220,0.0
NP_001329221,0.0
NP_001329222,0.0
NP_001329223,0.0
NP_001329224,0.0
NP_001329225,0.0
NP_001329226,0.0
NP_001329227,0.0
NP_001329228,0.0
NP_001329229,393.0
NP_001329230,0.0
NP_001329231,0.0
NP_001329232,0.0
NP_001329233,0.0
NP_001329234,0.0
NP_001329235,0.0
NP_001329236,0.0
NP_001329237,0.0
NP_001329238,679.0
NP_001329239,708.0
NP_001329240,679.0
NP_001329241,679.0
NP_001329242,679.0
NP_001329243,0.0
NP_001329244,0.0
NP_001329245,0.0
NP_001329246,0.0
NP_001329247,255.0
NP_001329248,255.0
NP_001329249,371.0
NP_001329250,0.0
NP_001329251,0.0
NP_001329252,0.0
NP_001329253,0.0
NP_001329254,0.0
NP_001329255,0.0
NP_001329256,0.0
NP_001329257,0.0
NP_001329258,0.0
NP_001329259,0.0
NP_001329260,0.0
NP_001329261,0.0
NP_001329262,0.0
NP_001329263,0.0
NP_001329264,0.0
NP_001329265,0.0
NP_001329266,0.0
NP_001329267,0.0
NP_001329268,53.0
NP_001329269,53.0
NP_001329270,0.0
NP_001329271,0.0
NP_001329272,0.0
NP_001329273,0.0
NP_001329274,0.0
NP_001329275,39.0
NP_001329276,0.0
NP_001329277,0.0
NP_001329278,0.0
NP_001329279,0.0
NP_001329280,0.0
NP_001329281,0.0
NP_001329282,0.0
NP_001329283,0.0
NP_001329284,0.0
NP_001329285,0.0
NP_001329286,0.0
NP_001329287,0.0
NP_001329288,0.0
NP_001329289,0.0
NP_001329290,0.0
NP_001329291,0.0
NP_001329292,0.0
NP_001329293,0.0
NP_001329294,0.0
NP_001329295,0.0
NP_001329296,0.0
NP_001329297,0.0
NP_001329298,0.0
NP_001329299,0.0
NP_001329300,0.0
NP_001329301,0.0
NP_001329302,0.0
NP_001329303,0.0
NP_001329304,40.0
NP_001329305,40.0
NP_001329306,40.0
NP_001329307,0.0
NP_001329308,0.0
NP_001329309,0.0
NP_001329310,0.0
NP_001329311,0.0
NP_001329312,0.0
NP_001329313,0.0
NP_001329314,0.0
NP_001329315,0.0
NP_001329316,0.0
NP_001329317,0.0
NP_001329318,424.0
NP_001329319,0.0
NP_001329320,40.0
NP_001329321,0.0
NP_001329322,0.0
NP_001329323,46.0
NP_001329324,0.0
NP_001329325,0.0
NP_001329326,0.0
NP_001329327,0.0
NP_001329328,0.0
NP_001329329,0.0
NP_001329330,0.0
NP_001329331,0.0
NP_001329332,0.0
NP_001329333,0.0
NP_001329334,0.0
NP_001329335,0.0
NP_001329336,0.0
NP_001329337,0.0
NP_001329338,41.0
NP_001329339,0.0
NP_001329340,0.0
NP_001329341,0.0
NP_001329342,0.0
NP_001329343,0.0
NP_001329344,0.0
NP_001329345,0.0
NP_001329346,0.0
NP_001329347,46.0
NP_001329348,0.0
NP_001329349,0.0
NP_001329350,0.0
NP_001329351,0.0
NP_001329352,0.0
NP_001329353,0.0
NP_001329354,49.0
NP_001329355,451.0
NP_001329356,0.0
NP_001329357,50.0
NP_001329358,50.0
NP_001329359,50.0
NP_001329360,50.0
NP_001329361,50.0
NP_001329362,50.0
NP_001329363,50.0
NP_001329364,50.0
NP_001329365,50.0
NP_001329366,50.0
NP_001329367,0.0
NP_001329368,0.0
NP_001329369,0.0
NP_001329370,0.0
NP_001329371,0.0
NP_001329372,47.0
NP_001329373,47.0
NP_001329374,0.0
NP_001329375,0.0
NP_001329376,0.0
NP_001329377,0.0
NP_001329378,0.0
NP_001329379,0.0
NP_001329380,0.0
NP_001329381,0.0
NP_001329382,0.0
NP_001329383,0.0
NP_001329384,0.0
NP_001329385,0.0
NP_001329386,0.0
NP_001329387,59.0
NP_001329388,0.0
NP_001329389,455.0
NP_001329390,0.0
NP_001329391,0.0
NP_001329392,0.0
NP_001329393,0.0
NP_001329394,0.0
NP_001329395,0.0
NP_001329396,0.0
NP_001329397,0.0
NP_001329398,0.0
NP_001329399,0.0
NP_001329400,0.0
NP_001329401,0.0
NP_001329402,0.0
NP_001329403,0.0
NP_001329404,0.0
NP_001329405,0.0
NP_001329406,0.0
NP_001329407,0.0
NP_001329408,0.0
NP_001329409,0.0
NP_001329410,0.0
NP_001329411,792.0
NP_001329412,52.0
NP_001329413,52.0
NP_001329414,52.0
NP_001329415,0.0
NP_001329416,0.0
NP_001329417,0.0
NP_001329418,0.0
NP_001329419,0.0
NP_001329420,0.0
NP_001329421,0.0
NP_001329422,0.0
NP_001329423,0.0
NP_001329424,0.0
NP_001329425,0.0
NP_001329426,520.0
NP_001329427,0.0
NP_001329428,0.0
NP_001329429,48.0
NP_001329430,57.0
NP_001329431,57.0
NP_001329432,0.0
NP_001329433,0.0
NP_001329434,57.0
NP_001329435,57.0
NP_001329436,0.0
NP_001329437,0.0
NP_001329438,0.0
NP_001329439,0.0
NP_001329440,0.0
NP_001329441,0.0
NP_001329442,0.0
NP_001329443,0.0
NP_001329444,0.0
NP_001329445,0.0
NP_001329446,0.0
NP_001329447,0.0
NP_001329448,0.0
NP_001329449,0.0
NP_001329450,0.0
NP_001329451,0.0
NP_001329452,0.0
NP_001329453,0.0
NP_001329454,0.0
NP_001329455,0.0
NP_001329456,0.0
NP_001329457,0.0
NP_001329458,0.0
NP_001329459,0.0
NP_001329460,0.0
NP_001329461,0.0
NP_001329462,0.0
NP_001329463,0.0
NP_001329464,0.0
NP_001329465,0.0
NP_001329466,0.0
NP_001329467,0.0
NP_001329468,0.0
NP_001329469,282.0
NP_001329470,282.0
NP_001329471,50.0
NP_001329472,0.0
NP_001329473,0.0
NP_001329474,0.0
NP_001329475,0.0
NP_001329476,0.0
NP_001329477,0.0
NP_001329478,0.0
NP_001329479,486.0
NP_001329480,486.0
NP_001329481,467.0
NP_001329482,0.0
NP_001329483,0.0
NP_001329484,0.0
NP_001329485,0.0
NP_001329486,0.0
NP_001329487,0.0
NP_001329488,0.0
NP_001329489,0.0
NP_001329490,0.0
NP_001329491,0.0
NP_001329492,0.0
NP_001329493,0.0
NP_001329494,0.0
NP_001329495,0.0
NP_001329496,0.0
NP_001329497,0.0
NP_001329498,0.0
NP_001329499,0.0
NP_001329500,0.0
NP_001329501,0.0
NP_001329502,0.0
NP_001329503,0.0
NP_001329504,0.0
NP_001329505,0.0
NP_001329506,0.0
NP_001329507,0.0
NP_001329508,0.0
NP_001329509,0.0
NP_001329510,0.0
NP_001329511,0.0
NP_001329512,0.0
NP_001329513,0.0
NP_001329514,0.0
NP_001329515,0.0
NP_001329516,0.0
NP_001329517,0.0
NP_001329518,0.0
NP_001329519,0.0
NP_001329520,0.0
NP_001329521,0.0
NP_001329522,0.0
NP_001329523,335.0
NP_001329524,274.0
NP_001329525,286.0
NP_001329526,0.0
NP_001329527,520.0
NP_001329528,520.0
NP_001329529,0.0
NP_001329530,0.0
NP_001329531,53.0
NP_001329532,53.0
NP_001329533,0.0
NP_001329534,0.0
NP_001329535,0.0
NP_001329536,45.0
NP_001329537,45.0
NP_001329538,0.0
NP_001329539,0.0
NP_001329540,0.0
NP_001329541,0.0
NP_001329542,0.0
NP_001329543,0.0
NP_001329544,0.0
NP_001329545,0.0
NP_001329546,0.0
NP_001329547,0.0
NP_001329548,0.0
NP_001329549,0.0
NP_001329550,51.0
NP_001329551,41.0
NP_001329552,43.0
NP_001329553,0.0
NP_001329554,41.0
NP_001329555,41.0
NP_001329556,41.0
NP_001329557,41.0
NP_001329558,41.0
NP_001329559,41.0
NP_001329560,41.0
NP_001329561,0.0
NP_001329562,0.0
NP_001329563,0.0
NP_001329564,0.0
NP_001329565,0.0
NP_001329566,366.0
NP_001329567,366.0
NP_001329568,366.0
NP_001329569,366.0
NP_001329570,366.0
NP_001329571,366.0
NP_001329572,370.0
NP_001329573,0.0
NP_001329574,0.0
NP_001329575,0.0
NP_001329576,0.0
NP_001329577,62.0
NP_001329578,62.0
NP_001329579,62.0
NP_001329580,724.0
NP_001329581,724.0
NP_001329582,724.0
NP_001329583,724.0
NP_001329584,0.0
NP_001329585,0.0
NP_001329586,56.0
NP_001329587,56.0
NP_001329588,56.0
NP_001329589,0.0
NP_001329590,62.0
NP_001329591,62.0
NP_001329592,62.0
NP_001329593,62.0
NP_001329594,62.0
NP_001329595,0.0
NP_001329596,0.0
NP_001329597,0.0
NP_001329598,0.0
NP_001329599,991.0
NP_001329600,719.0
NP_001329601,0.0
NP_001329602,0.0
NP_001329603,0.0
NP_001329604,0.0
NP_001329605,0.0
NP_001329606,0.0
NP_001329607,0.0
NP_001329608,0.0
NP_001329609,0.0
NP_001329610,0.0
NP_001329611,0.0
NP_001329612,0.0
NP_001329613,0.0
NP_001329614,1512.0
NP_001329615,0.0
NP_001329616,0.0
NP_001329617,0.0
NP_001329618,0.0
NP_001329619,0.0
NP_001329620,0.0
NP_001329621,0.0
NP_001329622,0.0
NP_001329623,1768.0
NP_001329624,0.0
NP_001329625,0.0
NP_001329626,0.0
NP_001329627,0.0
NP_001329628,0.0
NP_001329629,0.0
NP_001329630,0.0
NP_001329631,0.0
NP_001329632,0.0
NP_001329633,210.0
NP_001329634,0.0
NP_001329635,0.0
NP_001329636,0.0
NP_001329637,0.0
NP_001329638,0.0
NP_001329639,0.0
NP_001329640,0.0
NP_001329641,0.0
NP_001329642,0.0
NP_001329643,0.0
NP_001329644,0.0
NP_001329645,0.0
NP_001329646,0.0
NP_001329647,0.0
NP_001329648,0.0
NP_001329649,0.0
NP_001329650,0.0
NP_001329651,0.0
NP_001329652,442.0
NP_001329653,442.0
NP_001329654,442.0
NP_001329655,442.0
NP_001329656,442.0
NP_001329657,442.0
NP_001329658,442.0
NP_001329659,442.0
NP_001329660,0.0
NP_001329661,0.0
NP_001329662,0.0
NP_001329663,0.0
NP_001329664,0.0
NP_001329665,0.0
NP_001329666,0.0
NP_001329667,0.0
NP_001329668,0.0
NP_001329669,0.0
NP_001329670,0.0
NP_001329671,0.0
NP_001329672,0.0
NP_001329673,0.0
NP_001329674,0.0
NP_001329675,0.0
NP_001329676,0.0
NP_001329677,0.0
NP_001329678,0.0
NP_001329679,0.0
NP_001329680,0.0
NP_001329681,0.0
NP_001329682,0.0
NP_001329683,0.0
NP_001329684,0.0
NP_001329685,0.0
NP_001329686,0.0
NP_001329687,0.0
NP_001329688,0.0
NP_001329689,459.0
NP_001329690,505.0
NP_001329691,505.0
NP_001329692,0.0
NP_001329693,0.0
NP_001329694,0.0
NP_001329695,0.0
NP_001329696,0.0
NP_001329697,0.0
NP_001329698,0.0
NP_001329699,0.0
NP_001329700,0.0
NP_001329701,0.0
NP_001329702,0.0
NP_001329703,0.0
NP_001329704,0.0
NP_001329705,0.0
NP_001329706,65.0
NP_001329707,0.0
NP_001329708,257.0
NP_001329709,0.0
NP_001329710,44.0
NP_001329711,0.0
NP_001329712,0.0
NP_001329713,119.0
NP_001329714,0.0
NP_001329715,0.0
NP_001329716,0.0
NP_001329717,0.0
NP_001329718,0.0
NP_001329719,5284.0
NP_001329720,4888.0
NP_001329721,5229.0
NP_001329722,4353.0
NP_001329723,0.0
NP_001329724,40.0
NP_001329725,494.0
NP_001329726,0.0
NP_001329727,0.0
NP_001329728,0.0
NP_001329729,43.0
NP_001329730,43.0
NP_001329731,46.0
NP_001329732,46.0
NP_001329733,43.0
NP_001329734,43.0
NP_001329735,43.0
NP_001329736,43.0
NP_001329737,0.0
NP_001329738,0.0
NP_001329739,0.0
NP_001329740,0.0
NP_001329741,0.0
NP_001329742,0.0
NP_001329743,0.0
NP_001329744,0.0
NP_001329745,0.0
NP_001329746,0.0
NP_001329747,0.0
NP_001329748,0.0
NP_001329749,0.0
NP_001329750,0.0
NP_001329751,0.0
NP_001329752,0.0
NP_001329753,0.0
NP_001329754,0.0
NP_001329755,0.0
NP_001329756,0.0
NP_001329757,0.0
NP_001329758,56.0
NP_001329759,0.0
NP_001329760,0.0
NP_001329761,0.0
NP_001329762,0.0
NP_001329763,0.0
NP_001329764,40.0
NP_001329765,0.0
NP_001329766,0.0
NP_001329767,0.0
NP_001329768,0.0
NP_001329769,0.0
NP_001329770,0.0
NP_001329771,0.0
NP_001329772,0.0
NP_001329773,0.0
NP_001329774,0.0
NP_001329775,37.0
NP_001329776,0.0
NP_001329777,0.0
NP_001329778,0.0
NP_001329779,0.0
NP_001329780,0.0
NP_001329781,0.0
NP_001329782,0.0
NP_001329783,0.0
NP_001329784,0.0
NP_001329785,0.0
NP_001329786,0.0
NP_001329787,0.0
NP_001329788,0.0
NP_001329789,0.0
NP_001329790,0.0
NP_001329791,0.0
NP_001329792,0.0
NP_001329793,0.0
NP_001329794,0.0
NP_001329795,0.0
NP_001329796,0.0
NP_001329797,0.0
NP_001329798,0.0
NP_001329799,0.0
NP_001329800,0.0
NP_001329801,0.0
NP_001329802,0.0
NP_001329803,0.0
NP_001329804,0.0
NP_001329805,0.0
NP_001329806,0.0
NP_001329807,45.0
NP_001329808,0.0
NP_001329809,0.0
NP_001329810,390.0
NP_001329811,0.0
NP_001329812,0.0
NP_001329813,0.0
NP_001329814,0.0
NP_001329815,0.0
NP_001329816,0.0
NP_001329817,0.0
NP_001329818,0.0
NP_001329819,0.0
NP_001329820,0.0
NP_001329821,0.0
NP_001329822,0.0
NP_001329823,0.0
NP_001329824,0.0
NP_001329825,0.0
NP_001329826,0.0
NP_001329827,0.0
NP_001329828,0.0
NP_001329829,0.0
NP_001329830,0.0
NP_001329831,0.0
NP_001329832,0.0
NP_001329833,0.0
NP_001329834,0.0
NP_001329835,0.0
NP_001329836,0.0
NP_001329837,0.0
NP_001329838,42.0
NP_001329839,0.0
NP_001329840,564.0
NP_001329841,0.0
NP_001329842,237.0
NP_001329843,0.0
NP_001329844,0.0
NP_001329845,241.0
NP_001329846,0.0
NP_001329847,135.0
NP_001329848,0.0
NP_001329849,0.0
NP_001329850,0.0
NP_001329851,0.0
NP_001329852,0.0
NP_001329853,0.0
NP_001329854,0.0
NP_001329855,0.0
NP_001329856,0.0
NP_001329857,0.0
NP_001329858,0.0
NP_001329859,0.0
NP_001329860,0.0
NP_001329861,0.0
NP_001329862,0.0
NP_001329864,0.0
NP_001329865,0.0
NP_001329866,0.0
NP_001329867,0.0
NP_001329868,0.0
NP_001329869,0.0
NP_001329870,0.0
NP_001329871,745.0
NP_001329872,745.0
NP_001329873,1224.0
NP_001329874,1224.0
NP_001329875,1224.0
NP_001329876,745.0
NP_001329877,1224.0
NP_001329878,745.0
NP_001329879,745.0
NP_001329880,1224.0
NP_001329881,1181.0
NP_001329882,1224.0
NP_001329883,1224.0
NP_001329884,0.0
NP_001329885,0.0
NP_001329886,0.0
NP_001329887,0.0
NP_001329888,0.0
NP_001329889,0.0
NP_001329890,454.0
NP_001329891,0.0
NP_001329892,0.0
NP_001329893,0.0
NP_001329894,0.0
NP_001329895,0.0
NP_001329896,0.0
NP_001329897,0.0
NP_001329898,0.0
NP_001329899,0.0
NP_001329900,0.0
NP_001329901,0.0
NP_001329903,0.0
NP_001329904,0.0
NP_001329905,0.0
NP_001329906,0.0
NP_001329907,0.0
NP_001329908,0.0
NP_001329909,0.0
NP_001329910,0.0
NP_001329911,0.0
NP_001329912,0.0
NP_001329913,0.0
NP_001329914,0.0
NP_001329915,0.0
NP_001329916,0.0
NP_001329917,0.0
NP_001329918,0.0
NP_001329919,0.0
NP_001329920,0.0
NP_001329921,0.0
NP_001329922,0.0
NP_001329923,0.0
NP_001329924,0.0
NP_001329925,0.0
NP_001329926,0.0
NP_001329927,0.0
NP_001329928,0.0
NP_001329929,0.0
NP_001329930,0.0
NP_001329931,0.0
NP_001329932,0.0
NP_001329933,0.0
NP_001329934,0.0
NP_001329935,48.0
NP_001329936,48.0
NP_001329937,0.0
NP_001329938,48.0
NP_001329939,38.0
NP_001329940,38.0
NP_001329941,0.0
NP_001329942,0.0
NP_001329943,0.0
NP_001329944,0.0
NP_001329945,0.0
NP_001329946,0.0
NP_001329947,0.0
NP_001329948,0.0
NP_001329949,0.0
NP_001329950,0.0
NP_001329951,0.0
NP_001329952,0.0
NP_001329953,0.0
NP_001329954,0.0
NP_001329955,0.0
NP_001329956,0.0
NP_001329957,0.0
NP_001329958,0.0
NP_001329959,0.0
NP_001329960,0.0
NP_001329961,0.0
NP_001329962,0.0
NP_001329963,0.0
NP_001329964,0.0
NP_001329965,0.0
NP_001329966,0.0
NP_001329967,0.0
NP_001329968,0.0
NP_001329969,0.0
NP_001329970,0.0
NP_001329971,41.0
NP_001329972,0.0
NP_001329973,0.0
NP_001329974,0.0
NP_001329975,454.0
NP_001329976,0.0
NP_001329977,0.0
NP_001329978,0.0
NP_001329979,42.0
NP_001329980,42.0
NP_001329981,42.0
NP_001329982,42.0
NP_001329984,0.0
NP_001329985,0.0
NP_001329986,0.0
NP_001329987,52.0
NP_001329988,52.0
NP_001329989,0.0
NP_001329990,0.0
NP_001329991,0.0
NP_001329992,0.0
NP_001329993,0.0
NP_001329994,0.0
NP_001329995,0.0
NP_001329996,0.0
NP_001329997,0.0
NP_001329998,0.0
NP_001329999,0.0
NP_001330000,0.0
NP_001330001,0.0
NP_001330002,0.0
NP_001330003,0.0
NP_001330004,0.0
NP_001330005,0.0
NP_001330006,0.0
NP_001330007,0.0
NP_001330008,0.0
NP_001330009,5954.0
NP_001330010,0.0
NP_001330011,0.0
NP_001330012,0.0
NP_001330013,0.0
NP_001330014,0.0
NP_001330015,0.0
NP_001330016,0.0
NP_001330017,0.0
NP_001330018,0.0
NP_001330019,0.0
NP_001330020,0.0
NP_001330021,0.0
NP_001330022,0.0
NP_001330023,0.0
NP_001330024,0.0
NP_001330025,0.0
NP_001330026,0.0
NP_001330027,0.0
NP_001330028,0.0
NP_001330029,94.0
NP_001330030,94.0
NP_001330031,94.0
NP_001330032,94.0
NP_001330033,94.0
NP_001330034,94.0
NP_001330035,94.0
NP_001330036,0.0
NP_001330037,0.0
NP_001330038,0.0
NP_001330039,0.0
NP_001330040,0.0
NP_001330041,0.0
NP_001330042,0.0
NP_001330043,0.0
NP_001330044,0.0
NP_001330045,0.0
NP_001330046,0.0
NP_001330047,0.0
NP_001330048,0.0
NP_001330049,0.0
NP_001330050,0.0
NP_001330051,0.0
NP_001330052,0.0
NP_001330053,44.0
NP_001330054,0.0
NP_001330055,0.0
NP_001330056,0.0
NP_001330057,0.0
NP_001330058,0.0
NP_001330059,0.0
NP_001330060,0.0
NP_001330061,0.0
NP_001330062,0.0
NP_001330063,0.0
NP_001330064,0.0
NP_001330065,0.0
NP_001330066,0.0
NP_001330067,0.0
NP_001330068,0.0
NP_001330069,0.0
NP_001330070,0.0
NP_001330071,0.0
NP_001330072,0.0
NP_001330073,0.0
NP_001330074,0.0
NP_001330075,0.0
NP_001330076,0.0
NP_001330077,0.0
NP_001330078,63.0
NP_001330079,0.0
NP_001330080,0.0
NP_001330081,0.0
NP_001330082,0.0
NP_001330083,0.0
NP_001330084,0.0
NP_001330085,0.0
NP_001330086,0.0
NP_001330087,0.0
NP_001330088,0.0
NP_001330089,0.0
NP_001330090,0.0
NP_001330091,0.0
NP_001330092,0.0
NP_001330093,0.0
NP_001330094,0.0
NP_001330095,0.0
NP_001330096,0.0
NP_001330097,0.0
NP_001330098,0.0
NP_001330099,0.0
NP_001330100,0.0
NP_001330101,0.0
NP_001330102,0.0
NP_001330103,0.0
NP_001330104,0.0
NP_001330105,0.0
NP_001330106,0.0
NP_001330107,470.0
NP_001330108,0.0
NP_001330109,0.0
NP_001330110,0.0
NP_001330111,0.0
NP_001330112,0.0
NP_001330113,0.0
NP_001330114,0.0
NP_001330115,0.0
NP_001330116,0.0
NP_001330117,0.0
NP_001330118,0.0
NP_001330119,0.0
NP_001330120,0.0
NP_001330121,0.0
NP_001330122,0.0
NP_001330123,0.0
NP_001330124,0.0
NP_001330125,0.0
NP_001330126,0.0
NP_001330127,0.0
NP_001330128,0.0
NP_001330129,43.0
NP_001330130,0.0
NP_001330131,0.0
NP_001330132,0.0
NP_001330133,0.0
NP_001330134,0.0
NP_001330135,61.0
NP_001330136,0.0
NP_001330137,1846.0
NP_001330138,1841.0
NP_001330139,1846.0
NP_001330140,1841.0
NP_001330141,0.0
NP_001330142,0.0
NP_001330143,0.0
NP_001330144,0.0
NP_001330145,0.0
NP_001330146,0.0
NP_001330147,0.0
NP_001330148,0.0
NP_001330149,0.0
NP_001330150,44.0
NP_001330151,0.0
NP_001330152,0.0
NP_001330153,0.0
NP_001330154,0.0
NP_001330155,0.0
NP_001330156,0.0
NP_001330157,0.0
NP_001330158,0.0
NP_001330159,0.0
NP_001330160,0.0
NP_001330161,0.0
NP_001330162,0.0
NP_001330163,0.0
NP_001330164,0.0
NP_001330165,0.0
NP_001330166,0.0
NP_001330167,0.0
NP_001330168,0.0
NP_001330169,0.0
NP_001330170,0.0
NP_001330171,0.0
NP_001330172,0.0
NP_001330173,0.0
NP_001330174,0.0
NP_001330175,0.0
NP_001330176,0.0
NP_001330177,39.0
NP_001330178,39.0
NP_001330179,39.0
NP_001330180,39.0
NP_001330181,40.0
NP_001330182,40.0
NP_001330183,40.0
NP_001330184,0.0
NP_001330185,0.0
NP_001330186,0.0
NP_001330187,0.0
NP_001330188,0.0
NP_001330189,0.0
NP_001330190,0.0
NP_001330191,0.0
NP_001330192,48.0
NP_001330193,0.0
NP_001330194,0.0
NP_001330195,0.0
NP_001330196,0.0
NP_001330197,0.0
NP_001330198,0.0
NP_001330199,0.0
NP_001330200,0.0
NP_001330201,0.0
NP_001330202,0.0
NP_001330203,169.0
NP_001330204,0.0
NP_001330205,0.0
NP_001330206,0.0
NP_001330207,0.0
NP_001330208,0.0
NP_001330209,0.0
NP_001330210,0.0
NP_001330211,0.0
NP_001330212,0.0
NP_001330213,47.0
NP_001330214,0.0
NP_001330215,0.0
NP_001330216,0.0
NP_001330217,0.0
NP_001330218,0.0
NP_001330219,0.0
NP_001330220,0.0
NP_001330221,0.0
NP_001330222,0.0
NP_001330223,0.0
NP_001330224,0.0
NP_001330225,0.0
NP_001330226,0.0
NP_001330227,0.0
NP_001330228,0.0
NP_001330229,0.0
NP_001330230,0.0
NP_001330231,0.0
NP_001330232,0.0
NP_001330233,0.0
NP_001330234,0.0
NP_001330235,0.0
NP_001330236,0.0
NP_001330237,0.0
NP_001330238,0.0
NP_001330239,421.0
NP_001330240,441.0
NP_001330241,0.0
NP_001330242,46.0
NP_001330243,46.0
NP_001330244,52.0
NP_001330245,43.0
NP_001330246,43.0
NP_001330247,0.0
NP_001330248,0.0
NP_001330249,0.0
NP_001330250,0.0
NP_001330251,0.0
NP_001330252,47.0
NP_001330253,50.0
NP_001330254,1227.0
NP_001330255,1287.0
NP_001330256,1287.0
NP_001330257,1227.0
NP_001330258,1287.0
NP_001330259,1227.0
NP_001330260,0.0
NP_001330261,0.0
NP_001330262,0.0
NP_001330263,45.0
NP_001330264,0.0
NP_001330265,0.0
NP_001330266,325.0
NP_001330267,0.0
NP_001330268,0.0
NP_001330269,0.0
NP_001330270,0.0
NP_001330271,0.0
NP_001330272,0.0
NP_001330273,0.0
NP_001330274,0.0
NP_001330275,0.0
NP_001330276,0.0
NP_001330277,0.0
NP_001330278,0.0
NP_001330279,0.0
NP_001330280,0.0
NP_001330281,0.0
NP_001330282,0.0
NP_001330283,0.0
NP_001330284,0.0
NP_001330285,0.0
NP_001330286,0.0
NP_001330287,0.0
NP_001330288,0.0
NP_001330289,0.0
NP_001330290,0.0
NP_001330291,0.0
NP_001330292,0.0
NP_001330293,0.0
NP_001330294,0.0
NP_001330295,0.0
NP_001330296,0.0
NP_001330297,0.0
NP_001330298,0.0
NP_001330299,0.0
NP_001330300,0.0
NP_001330301,53.0
NP_001330302,0.0
NP_001330303,0.0
NP_001330304,0.0
NP_001330305,0.0
NP_001330306,0.0
NP_001330307,0.0
NP_001330308,0.0
NP_001330309,0.0
NP_001330310,0.0
NP_001330311,45.0
NP_001330312,45.0
NP_001330313,45.0
NP_001330314,45.0
NP_001330315,45.0
NP_001330316,45.0
NP_001330317,45.0
NP_001330318,45.0
NP_001330319,0.0
NP_001330320,0.0
NP_001330321,0.0
NP_001330322,0.0
NP_001330323,1169.0
NP_001330324,0.0
NP_001330325,0.0
NP_001330326,0.0
NP_001330327,0.0
NP_001330328,0.0
NP_001330329,0.0
NP_001330330,0.0
NP_001330331,0.0
NP_001330332,0.0
NP_001330333,0.0
NP_001330334,0.0
NP_001330335,0.0
NP_001330336,0.0
NP_001330337,0.0
NP_001330338,0.0
NP_001330339,0.0
NP_001330340,0.0
NP_001330341,0.0
NP_001330342,0.0
NP_001330343,0.0
NP_001330344,0.0
NP_001330345,0.0
NP_001330346,0.0
NP_001330347,0.0
NP_001330348,0.0
NP_001330349,0.0
NP_001330350,0.0
NP_001330351,0.0
NP_001330352,0.0
NP_001330353,0.0
NP_001330354,0.0
NP_001330355,116.0
NP_001330356,116.0
NP_001330357,0.0
NP_001330358,0.0
NP_001330359,0.0
NP_001330360,53.0
NP_001330361,0.0
NP_001330362,0.0
NP_001330363,0.0
NP_001330364,0.0
NP_001330365,0.0
NP_001330366,45.0
NP_001330367,0.0
NP_001330368,0.0
NP_001330369,0.0
NP_001330370,0.0
NP_001330371,0.0
NP_001330372,0.0
NP_001330373,0.0
NP_001330374,0.0
NP_001330375,0.0
NP_001330376,0.0
NP_001330377,0.0
NP_001330378,0.0
NP_001330379,0.0
NP_001330380,0.0
NP_001330381,0.0
NP_001330382,127.0
NP_001330383,127.0
NP_001330384,0.0
NP_001330385,0.0
NP_001330386,839.0
NP_001330387,0.0
NP_001330388,0.0
NP_001330389,0.0
NP_001330390,0.0
NP_001330391,0.0
NP_001330392,0.0
NP_001330393,0.0
NP_001330394,0.0
NP_001330395,0.0
NP_001330396,0.0
NP_001330397,0.0
NP_001330398,0.0
NP_001330399,0.0
NP_001330400,0.0
NP_001330401,0.0
NP_001330402,0.0
NP_001330403,0.0
NP_001330404,0.0
NP_001330405,0.0
NP_001330406,0.0
NP_001330407,0.0
NP_001330408,0.0
NP_001330409,0.0
NP_001330410,0.0
NP_001330411,0.0
NP_001330412,0.0
NP_001330413,0.0
NP_001330414,0.0
NP_001330415,0.0
NP_001330416,0.0
NP_001330417,0.0
NP_001330418,387.0
NP_001330419,0.0
NP_001330420,0.0
NP_001330421,43.0
NP_001330422,43.0
NP_001330423,43.0
NP_001330424,53.0
NP_001330425,53.0
NP_001330426,53.0
NP_001330427,53.0
NP_001330428,769.0
NP_001330429,551.0
NP_001330430,769.0
NP_001330431,765.0
NP_001330432,639.0
NP_001330433,769.0
NP_001330434,768.0
NP_001330435,0.0
NP_001330436,438.0
NP_001330437,0.0
NP_001330438,0.0
NP_001330439,0.0
NP_001330440,0.0
NP_001330441,0.0
NP_001330442,0.0
NP_001330443,0.0
NP_001330444,0.0
NP_001330445,0.0
NP_001330446,0.0
NP_001330447,0.0
NP_001330448,0.0
NP_001330449,0.0
NP_001330450,0.0
NP_001330451,0.0
NP_001330452,0.0
NP_001330453,219.0
NP_001330454,753.0
NP_001330455,670.0
NP_001330456,753.0
NP_001330457,754.0
NP_001330458,578.0
NP_001330459,753.0
NP_001330460,750.0
NP_001330461,753.0
NP_001330462,0.0
NP_001330463,0.0
NP_001330464,422.0
NP_001330465,0.0
NP_001330466,0.0
NP_001330467,0.0
NP_001330468,0.0
NP_001330469,0.0
NP_001330470,0.0
NP_001330471,0.0
NP_001330472,0.0
NP_001330473,0.0
NP_001330474,0.0
NP_001330475,0.0
NP_001330476,0.0
NP_001330477,0.0
NP_001330478,0.0
NP_001330479,2338.0
NP_001330480,2217.0
NP_001330481,2338.0
NP_001330482,0.0
NP_001330483,0.0
NP_001330484,0.0
NP_001330485,0.0
NP_001330486,0.0
NP_001330487,0.0
NP_001330488,0.0
NP_001330489,0.0
NP_001330490,0.0
NP_001330491,0.0
NP_001330492,0.0
NP_001330493,0.0
NP_001330494,0.0
NP_001330495,0.0
NP_001330496,0.0
NP_001330497,0.0
NP_001330498,0.0
NP_001330499,754.0
NP_001330500,0.0
NP_001330501,0.0
NP_001330502,0.0
NP_001330503,0.0
NP_001330504,0.0
NP_001330505,0.0
NP_001330506,0.0
NP_001330507,44.0
NP_001330508,0.0
NP_001330509,0.0
NP_001330510,0.0
NP_001330511,0.0
NP_001330512,0.0
NP_001330513,0.0
NP_001330514,0.0
NP_001330515,170.0
NP_001330516,0.0
NP_001330517,0.0
NP_001330518,0.0
NP_001330519,47.0
NP_001330520,55.0
NP_001330521,0.0
NP_001330522,0.0
NP_001330523,0.0
NP_001330524,0.0
NP_001330525,0.0
NP_001330526,0.0
NP_001330527,0.0
NP_001330528,0.0
NP_001330529,0.0
NP_001330530,0.0
NP_001330531,0.0
NP_001330532,0.0
NP_001330533,0.0
NP_001330534,0.0
NP_001330535,0.0
NP_001330536,0.0
NP_001330537,0.0
NP_001330538,0.0
NP_001330539,0.0
NP_001330540,0.0
NP_001330541,0.0
NP_001330542,0.0
NP_001330543,0.0
NP_001330544,0.0
NP_001330545,0.0
NP_001330546,0.0
NP_001330547,0.0
NP_001330548,0.0
NP_001330549,0.0
NP_001330550,0.0
NP_001330551,0.0
NP_001330552,0.0
NP_001330553,0.0
NP_001330554,176.0
NP_001330555,0.0
NP_001330556,0.0
NP_001330557,0.0
NP_001330558,0.0
NP_001330559,0.0
NP_001330560,0.0
NP_001330561,0.0
NP_001330562,0.0
NP_001330563,0.0
NP_001330564,0.0
NP_001330565,0.0
NP_001330566,0.0
NP_001330567,0.0
NP_001330568,0.0
NP_001330569,0.0
NP_001330570,0.0
NP_001330571,0.0
NP_001330572,0.0
NP_001330573,0.0
NP_001330574,0.0
NP_001330575,0.0
NP_001330576,0.0
NP_001330577,0.0
NP_001330578,0.0
NP_001330579,0.0
NP_001330580,0.0
NP_001330581,0.0
NP_001330582,0.0
NP_001330583,0.0
NP_001330584,0.0
NP_001330585,0.0
NP_001330586,0.0
NP_001330587,0.0
NP_001330588,0.0
NP_001330589,0.0
NP_001330590,0.0
NP_001330591,0.0
NP_001330592,0.0
NP_001330593,0.0
NP_001330594,0.0
NP_001330595,0.0
NP_001330596,0.0
NP_001330597,0.0
NP_001330598,0.0
NP_001330599,0.0
NP_001330600,0.0
NP_001330601,0.0
NP_001330602,0.0
NP_001330603,0.0
NP_001330604,0.0
NP_001330605,0.0
NP_001330606,0.0
NP_001330607,0.0
NP_001330608,0.0
NP_001330609,0.0
NP_001330610,39.0
NP_001330611,0.0
NP_001330612,0.0
NP_001330613,0.0
NP_001330614,0.0
NP_001330615,0.0
NP_001330616,0.0
NP_001330617,0.0
NP_001330618,0.0
NP_001330619,0.0
NP_001330620,0.0
NP_001330621,0.0
NP_001330622,0.0
NP_001330623,0.0
NP_001330624,1561.0
NP_001330625,45.0
NP_001330626,0.0
NP_001330627,0.0
NP_001330628,0.0
NP_001330629,0.0
NP_001330630,0.0
NP_001330631,0.0
NP_001330632,0.0
NP_001330633,0.0
NP_001330634,0.0
NP_001330635,0.0
NP_001330636,0.0
NP_001330637,0.0
NP_001330638,0.0
NP_001330639,0.0
NP_001330640,1329.0
NP_001330641,1329.0
NP_001330642,0.0
NP_001330643,0.0
NP_001330644,0.0
NP_001330645,0.0
NP_001330646,0.0
NP_001330647,0.0
NP_001330648,0.0
NP_001330649,0.0
NP_001330650,0.0
NP_001330651,0.0
NP_001330652,0.0
NP_001330653,0.0
NP_001330654,0.0
NP_001330655,0.0
NP_001330656,0.0
NP_001330657,0.0
NP_001330658,0.0
NP_001330659,0.0
NP_001330660,0.0
NP_001330661,0.0
NP_001330662,0.0
NP_001330663,0.0
NP_001330664,0.0
NP_001330665,0.0
NP_001330666,0.0
NP_001330667,0.0
NP_001330668,0.0
NP_001330669,0.0
NP_001330670,0.0
NP_001330671,0.0
NP_001330672,0.0
NP_001330673,0.0
NP_001330674,0.0
NP_001330675,0.0
NP_001330676,37.0
NP_001330677,0.0
NP_001330678,0.0
NP_001330679,0.0
NP_001330680,0.0
NP_001330681,0.0
NP_001330682,0.0
NP_001330683,0.0
NP_001330684,0.0
NP_001330685,0.0
NP_001330686,0.0
NP_001330687,0.0
NP_001330688,0.0
NP_001330689,0.0
NP_001330690,0.0
NP_001330691,38.0
NP_001330692,38.0
NP_001330693,38.0
NP_001330694,38.0
NP_001330695,38.0
NP_001330696,483.0
NP_001330697,483.0
NP_001330698,483.0
NP_001330699,0.0
NP_001330700,0.0
NP_001330701,0.0
NP_001330702,0.0
NP_001330703,0.0
NP_001330704,0.0
NP_001330705,39.0
NP_001330706,89.0
NP_001330707,89.0
NP_001330708,877.0
NP_001330709,55.0
NP_001330710,0.0
NP_001330711,0.0
NP_001330712,1808.0
NP_001330713,1809.0
NP_001330714,1807.0
NP_001330715,63.0
NP_001330716,349.0
NP_001330717,349.0
NP_001330718,349.0
NP_001330719,0.0
NP_001330720,0.0
NP_001330721,0.0
NP_001330722,280.0
NP_001330723,0.0
NP_001330724,0.0
NP_001330725,0.0
NP_001330726,0.0
NP_001330727,0.0
NP_001330728,0.0
NP_001330729,0.0
NP_001330730,0.0
NP_001330731,0.0
NP_001330732,0.0
NP_001330733,0.0
NP_001330734,0.0
NP_001330735,0.0
NP_001330736,0.0
NP_001330737,0.0
NP_001330738,0.0
NP_001330739,0.0
NP_001330740,0.0
NP_001330741,0.0
NP_001330742,0.0
NP_001330743,0.0
NP_001330744,0.0
NP_001330745,0.0
NP_001330746,0.0
NP_001330747,0.0
NP_001330748,0.0
NP_001330749,1081.0
NP_001330750,1081.0
NP_001330751,1081.0
NP_001330752,1081.0
NP_001330753,1081.0
NP_001330754,1081.0
NP_001330755,1081.0
NP_001330756,0.0
NP_001330757,0.0
NP_001330758,382.0
NP_001330759,0.0
NP_001330760,0.0
NP_001330761,0.0
NP_001330762,0.0
NP_001330763,0.0
NP_001330764,54.0
NP_001330765,54.0
NP_001330766,54.0
NP_001330767,54.0
NP_001330768,54.0
NP_001330769,54.0
NP_001330770,54.0
NP_001330771,54.0
NP_001330772,0.0
NP_001330773,0.0
NP_001330774,0.0
NP_001330775,0.0
NP_001330776,0.0
NP_001330777,0.0
NP_001330778,0.0
NP_001330779,0.0
NP_001330780,0.0
NP_001330781,522.0
NP_001330782,522.0
NP_001330783,0.0
NP_001330784,0.0
NP_001330785,0.0
NP_001330786,0.0
NP_001330787,0.0
NP_001330788,47.0
NP_001330789,47.0
NP_001330790,0.0
NP_001330791,0.0
NP_001330792,0.0
NP_001330793,0.0
NP_001330794,0.0
NP_001330795,0.0
NP_001330796,0.0
NP_001330797,0.0
NP_001330798,0.0
NP_001330799,0.0
NP_001330800,0.0
NP_001330801,0.0
NP_001330802,0.0
NP_001330803,0.0
NP_001330804,0.0
NP_001330805,406.0
NP_001330806,406.0
NP_001330807,0.0
NP_001330808,0.0
NP_001330809,0.0
NP_001330810,0.0
NP_001330811,0.0
NP_001330812,54.0
NP_001330813,0.0
NP_001330814,0.0
NP_001330815,0.0
NP_001330816,0.0
NP_001330817,0.0
NP_001330818,0.0
NP_001330819,0.0
NP_001330820,0.0
NP_001330821,0.0
NP_001330822,0.0
NP_001330823,0.0
NP_001330824,0.0
NP_001330825,0.0
NP_001330826,0.0
NP_001330827,0.0
NP_001330828,0.0
NP_001330829,0.0
NP_001330830,0.0
NP_001330831,0.0
NP_001330832,0.0
NP_001330833,0.0
NP_001330834,0.0
NP_001330835,0.0
NP_001330836,0.0
NP_001330837,0.0
NP_001330838,0.0
NP_001330839,0.0
NP_001330840,0.0
NP_001330841,0.0
NP_001330842,0.0
NP_001330843,0.0
NP_001330844,0.0
NP_001330845,0.0
NP_001330846,0.0
NP_001330847,0.0
NP_001330848,46.0
NP_001330849,46.0
NP_001330850,1280.0
NP_001330851,1267.0
NP_001330852,1267.0
NP_001330853,43.0
NP_001330854,43.0
NP_001330855,43.0
NP_001330856,0.0
NP_001330857,0.0
NP_001330858,0.0
NP_001330859,0.0
NP_001330860,0.0
NP_001330861,0.0
NP_001330862,0.0
NP_001330863,0.0
NP_001330864,0.0
NP_001330865,0.0
NP_001330866,0.0
NP_001330867,0.0
NP_001330868,0.0
NP_001330869,0.0
NP_001330870,0.0
NP_001330871,0.0
NP_001330872,0.0
NP_001330873,0.0
NP_001330874,0.0
NP_001330875,0.0
NP_001330876,0.0
NP_001330877,0.0
NP_001330878,0.0
NP_001330879,0.0
NP_001330880,0.0
NP_001330881,0.0
NP_001330882,0.0
NP_001330883,0.0
NP_001330884,0.0
NP_001330885,0.0
NP_001330886,0.0
NP_001330887,0.0
NP_001330888,349.0
NP_001330889,0.0
NP_001330890,0.0
NP_001330891,0.0
NP_001330892,0.0
NP_001330893,0.0
NP_001330894,0.0
NP_001330895,0.0
NP_001330896,0.0
NP_001330897,0.0
NP_001330898,0.0
NP_001330899,0.0
NP_001330900,0.0
NP_001330901,0.0
NP_001330902,0.0
NP_001330903,0.0
NP_001330904,0.0
NP_001330905,0.0
NP_001330906,0.0
NP_001330907,0.0
NP_001330908,0.0
NP_001330909,0.0
NP_001330910,0.0
NP_001330911,0.0
NP_001330912,0.0
NP_001330913,0.0
NP_001330914,1794.0
NP_001330915,0.0
NP_001330916,0.0
NP_001330917,0.0
NP_001330918,0.0
NP_001330919,0.0
NP_001330920,0.0
NP_001330921,0.0
NP_001330922,0.0
NP_001330923,0.0
NP_001330924,0.0
NP_001330925,0.0
NP_001330926,0.0
NP_001330927,0.0
NP_001330928,0.0
NP_001330929,0.0
NP_001330930,0.0
NP_001330931,0.0
NP_001330932,0.0
NP_001330933,0.0
NP_001330934,0.0
NP_001330935,0.0
NP_001330936,0.0
NP_001330937,0.0
NP_001330938,0.0
NP_001330939,0.0
NP_001330940,0.0
NP_001330941,0.0
NP_001330942,0.0
NP_001330943,0.0
NP_001330944,0.0
NP_001330945,0.0
NP_001330946,0.0
NP_001330947,0.0
NP_001330948,0.0
NP_001330949,605.0
NP_001330950,0.0
NP_001330951,52.0
NP_001330952,40.0
NP_001330953,360.0
NP_001330954,50.0
NP_001330955,0.0
NP_001330956,0.0
NP_001330957,0.0
NP_001330958,0.0
NP_001330959,0.0
NP_001330960,3866.0
NP_001330961,457.0
NP_001330962,0.0
NP_001330963,0.0
NP_001330964,0.0
NP_001330965,0.0
NP_001330966,0.0
NP_001330967,0.0
NP_001330968,0.0
NP_001330969,0.0
NP_001330970,0.0
NP_001330971,0.0
NP_001330972,0.0
NP_001330973,0.0
NP_001330974,0.0
NP_001330975,0.0
NP_001330976,0.0
NP_001330977,0.0
NP_001330978,0.0
NP_001330979,0.0
NP_001330980,0.0
NP_001330981,32.0
NP_001330982,32.0
NP_001330983,0.0
NP_001330984,0.0
NP_001330985,0.0
NP_001330986,0.0
NP_001330987,0.0
NP_001330988,0.0
NP_001330989,0.0
NP_001330990,0.0
NP_001330991,0.0
NP_001330992,42.0
NP_001330993,42.0
NP_001330994,42.0
NP_001330995,0.0
NP_001330996,0.0
NP_001330997,0.0
NP_001330998,0.0
NP_001330999,0.0
NP_001331000,0.0
NP_001331001,0.0
NP_001331002,0.0
NP_001331003,0.0
NP_001331004,0.0
NP_001331005,0.0
NP_001331006,0.0
NP_001331007,0.0
NP_001331008,0.0
NP_001331009,0.0
NP_001331010,0.0
NP_001331011,0.0
NP_001331012,0.0
NP_001331013,0.0
NP_001331014,0.0
NP_001331015,0.0
NP_001331016,0.0
NP_001331017,0.0
NP_001331018,0.0
NP_001331019,0.0
NP_001331020,1759.0
NP_001331021,1759.0
NP_001331022,1759.0
NP_001331023,0.0
NP_001331024,0.0
NP_001331025,0.0
NP_001331026,0.0
NP_001331027,0.0
NP_001331028,0.0
NP_001331029,0.0
NP_001331030,0.0
NP_001331031,0.0
NP_001331032,0.0
NP_001331033,0.0
NP_001331034,0.0
NP_001331036,0.0
NP_001331037,0.0
NP_001331038,0.0
NP_001331039,0.0
NP_001331040,0.0
NP_001331041,0.0
NP_001331042,0.0
NP_001331043,0.0
NP_001331044,64.0
NP_001331045,40.0
NP_001331046,40.0
NP_001331047,0.0
NP_001331048,0.0
NP_001331049,0.0
NP_001331050,0.0
NP_001331051,0.0
NP_001331052,0.0
NP_001331053,0.0
NP_001331054,0.0
NP_001331055,0.0
NP_001331056,0.0
NP_001331057,0.0
NP_001331058,0.0
NP_001331059,0.0
NP_001331060,0.0
NP_001331061,0.0
NP_001331062,0.0
NP_001331063,0.0
NP_001331064,0.0
NP_001331065,0.0
NP_001331066,0.0
NP_001331067,0.0
NP_001331068,390.0
NP_001331069,390.0
NP_001331070,390.0
NP_001331071,390.0
NP_001331072,390.0
NP_001331073,0.0
NP_001331074,0.0
NP_001331075,0.0
NP_001331076,0.0
NP_001331077,0.0
NP_001331078,0.0
NP_001331079,0.0
NP_001331080,0.0
NP_001331081,0.0
NP_001331082,0.0
NP_001331083,0.0
NP_001331084,39.0
NP_001331085,39.0
NP_001331086,0.0
NP_001331087,0.0
NP_001331088,0.0
NP_001331089,0.0
NP_001331090,0.0
NP_001331091,0.0
NP_001331092,0.0
NP_001331093,0.0
NP_001331094,0.0
NP_001331095,0.0
NP_001331096,0.0
NP_001331097,0.0
NP_001331098,0.0
NP_001331099,0.0
NP_001331100,0.0
NP_001331101,0.0
NP_001331102,0.0
NP_001331103,0.0
NP_001331104,0.0
NP_001331105,0.0
NP_001331106,0.0
NP_001331107,0.0
NP_001331108,42.0
NP_001331109,42.0
NP_001331110,0.0
NP_001331111,0.0
NP_001331112,0.0
NP_001331113,0.0
NP_001331114,0.0
NP_001331115,0.0
NP_001331116,0.0
NP_001331117,0.0
NP_001331118,51.0
NP_001331119,51.0
NP_001331120,0.0
NP_001331121,0.0
NP_001331122,0.0
NP_001331123,0.0
NP_001331124,0.0
NP_001331125,0.0
NP_001331126,0.0
NP_001331127,0.0
NP_001331128,0.0
NP_001331129,0.0
NP_001331130,0.0
NP_001331131,0.0
NP_001331132,0.0
NP_001331133,0.0
NP_001331134,38.0
NP_001331135,44.0
NP_001331136,0.0
NP_001331137,0.0
NP_001331138,0.0
NP_001331139,0.0
NP_001331140,0.0
NP_001331141,0.0
NP_001331142,0.0
NP_001331143,0.0
NP_001331144,0.0
NP_001331145,0.0
NP_001331146,69.0
NP_001331147,69.0
NP_001331148,0.0
NP_001331149,0.0
NP_001331150,0.0
NP_001331151,0.0
NP_001331152,0.0
NP_001331153,415.0
NP_001331154,0.0
NP_001331155,0.0
NP_001331156,45.0
NP_001331157,45.0
NP_001331158,0.0
NP_001331159,0.0
NP_001331160,0.0
NP_001331161,0.0
NP_001331162,0.0
NP_001331163,0.0
NP_001331164,0.0
NP_001331165,0.0
NP_001331166,38.0
NP_001331167,0.0
NP_001331168,0.0
NP_001331169,0.0
NP_001331170,0.0
NP_001331171,0.0
NP_001331172,0.0
NP_001331173,0.0
NP_001331174,0.0
NP_001331175,0.0
NP_001331176,0.0
NP_001331177,0.0
NP_001331178,0.0
NP_001331179,0.0
NP_001331180,0.0
NP_001331181,0.0
NP_001331182,0.0
NP_001331183,0.0
NP_001331184,0.0
NP_001331185,0.0
NP_001331186,0.0
NP_001331187,0.0
NP_001331188,0.0
NP_001331189,0.0
NP_001331190,0.0
NP_001331191,36.0
NP_001331192,36.0
NP_001331193,0.0
NP_001331194,0.0
NP_001331195,0.0
NP_001331196,0.0
NP_001331197,0.0
NP_001331198,0.0
NP_001331199,0.0
NP_001331200,0.0
NP_001331201,0.0
NP_001331202,0.0
NP_001331203,0.0
NP_001331204,0.0
NP_001331205,0.0
NP_001331206,162.0
NP_001331207,0.0
NP_001331208,483.0
NP_001331209,0.0
NP_001331210,0.0
NP_001331211,0.0
NP_001331212,0.0
NP_001331213,0.0
NP_001331214,0.0
NP_001331215,0.0
NP_001331216,0.0
NP_001331217,0.0
NP_001331218,0.0
NP_001331219,0.0
NP_001331220,0.0
NP_001331221,0.0
NP_001331222,0.0
NP_001331223,0.0
NP_001331224,0.0
NP_001331225,0.0
NP_001331226,0.0
NP_001331227,61.0
NP_001331228,61.0
NP_001331229,0.0
NP_001331230,0.0
NP_001331231,0.0
NP_001331232,35.0
NP_001331233,0.0
NP_001331234,0.0
NP_001331235,0.0
NP_001331236,0.0
NP_001331237,0.0
NP_001331238,0.0
NP_001331239,0.0
NP_001331240,0.0
NP_001331241,0.0
NP_001331242,0.0
NP_001331243,0.0
NP_001331244,0.0
NP_001331245,0.0
NP_001331246,0.0
NP_001331247,0.0
NP_001331248,0.0
NP_001331249,0.0
NP_001331250,0.0
NP_001331251,0.0
NP_001331252,0.0
NP_001331253,0.0
NP_001331254,0.0
NP_001331255,0.0
NP_001331256,0.0
NP_001331257,0.0
NP_001331258,0.0
NP_001331259,0.0
NP_001331260,0.0
NP_001331261,0.0
NP_001331262,0.0
NP_001331263,0.0
NP_001331264,0.0
NP_001331265,0.0
NP_001331266,0.0
NP_001331267,0.0
NP_001331268,0.0
NP_001331269,0.0
NP_001331270,0.0
NP_001331271,0.0
NP_001331272,0.0
NP_001331273,0.0
NP_001331274,0.0
NP_001331275,0.0
NP_001331276,0.0
NP_001331277,0.0
NP_001331278,53.0
NP_001331279,0.0
NP_001331280,0.0
NP_001331281,0.0
NP_001331282,0.0
NP_001331283,0.0
NP_001331284,278.0
NP_001331285,0.0
NP_001331286,0.0
NP_001331287,0.0
NP_001331288,0.0
NP_001331289,0.0
NP_001331290,0.0
NP_001331291,0.0
NP_001331292,0.0
NP_001331293,0.0
NP_001331294,0.0
NP_001331295,0.0
NP_001331296,0.0
NP_001331297,0.0
NP_001331298,0.0
NP_001331299,0.0
NP_001331300,0.0
NP_001331301,0.0
NP_001331302,0.0
NP_001331303,0.0
NP_001331304,0.0
NP_001331305,0.0
NP_001331306,0.0
NP_001331307,0.0
NP_001331308,0.0
NP_001331309,1816.0
NP_001331310,0.0
NP_001331311,0.0
NP_001331312,0.0
NP_001331313,0.0
NP_001331314,0.0
NP_001331315,0.0
NP_001331316,51.0
NP_001331317,0.0
NP_001331318,0.0
NP_001331319,41.0
NP_001331320,41.0
NP_001331321,0.0
NP_001331322,0.0
NP_001331323,0.0
NP_001331324,0.0
NP_001331325,0.0
NP_001331326,0.0
NP_001331327,0.0
NP_001331328,0.0
NP_001331329,0.0
NP_001331330,0.0
NP_001331331,0.0
NP_001331332,0.0
NP_001331333,0.0
NP_001331334,0.0
NP_001331335,0.0
NP_001331336,0.0
NP_001331337,0.0
NP_001331338,311.0
NP_001331339,311.0
NP_001331340,0.0
NP_001331341,1689.0
NP_001331342,1689.0
NP_001331343,1689.0
NP_001331344,0.0
NP_001331345,0.0
NP_001331346,0.0
NP_001331347,0.0
NP_001331348,0.0
NP_001331349,0.0
NP_001331350,0.0
NP_001331351,0.0
NP_001331352,0.0
NP_001331353,0.0
NP_001331354,0.0
NP_001331355,0.0
NP_001331356,0.0
NP_001331357,0.0
NP_001331358,0.0
NP_001331359,0.0
NP_001331360,0.0
NP_001331361,0.0
NP_001331362,0.0
NP_001331363,0.0
NP_001331364,0.0
NP_001331365,0.0
NP_001331366,0.0
NP_001331367,0.0
NP_001331368,0.0
NP_001331369,0.0
NP_001331370,0.0
NP_001331371,0.0
NP_001331372,0.0
NP_001331373,0.0
NP_001331374,0.0
NP_001331375,0.0
NP_001331376,0.0
NP_001331377,0.0
NP_001331378,0.0
NP_001331379,0.0
NP_001331380,53.0
NP_001331381,53.0
NP_001331382,45.0
NP_001331383,53.0
NP_001331384,53.0
NP_001331385,0.0
NP_001331386,0.0
NP_001331387,0.0
NP_001331388,0.0
NP_001331389,0.0
NP_001331390,0.0
NP_001331391,0.0
NP_001331392,0.0
NP_001331393,0.0
NP_001331394,0.0
NP_001331395,0.0
NP_001331396,0.0
NP_001331397,0.0
NP_001331398,0.0
NP_001331399,0.0
NP_001331400,0.0
NP_001331401,0.0
NP_001331402,59.0
NP_001331403,0.0
NP_001331404,0.0
NP_001331405,0.0
NP_001331406,0.0
NP_001331407,0.0
NP_001331408,0.0
NP_001331409,0.0
NP_001331410,0.0
NP_001331411,0.0
NP_001331412,0.0
NP_001331413,0.0
NP_001331414,0.0
NP_001331415,0.0
NP_001331416,0.0
NP_001331417,0.0
NP_001331418,0.0
NP_001331419,0.0
NP_001331420,0.0
NP_001331421,0.0
NP_001331422,0.0
NP_001331423,0.0
NP_001331424,0.0
NP_001331425,0.0
NP_001331426,0.0
NP_001331427,0.0
NP_001331428,0.0
NP_001331429,0.0
NP_001331430,0.0
NP_001331431,0.0
NP_001331432,0.0
NP_001331433,0.0
NP_001331434,47.0
NP_001331435,0.0
NP_001331436,0.0
NP_001331437,0.0
NP_001331438,43.0
NP_001331439,0.0
NP_001331440,0.0
NP_001331441,0.0
NP_001331442,0.0
NP_001331443,0.0
NP_001331444,0.0
NP_001331445,0.0
NP_001331446,0.0
NP_001331447,46.0
NP_001331448,46.0
NP_001331449,46.0
NP_001331450,46.0
NP_001331451,0.0
NP_001331452,0.0
NP_001331453,0.0
NP_001331454,0.0
NP_001331455,0.0
NP_001331456,0.0
NP_001331457,0.0
NP_001331458,37.0
NP_001331459,37.0
NP_001331460,0.0
NP_001331461,0.0
NP_001331462,0.0
NP_001331463,0.0
NP_001331464,0.0
NP_001331465,0.0
NP_001331466,56.0
NP_001331467,1479.0
NP_001331468,0.0
NP_001331469,0.0
NP_001331470,0.0
NP_001331471,0.0
NP_001331472,0.0
NP_001331473,84.0
NP_001331474,0.0
NP_001331475,0.0
NP_001331476,0.0
NP_001331477,0.0
NP_001331478,0.0
NP_001331479,0.0
NP_001331480,0.0
NP_001331481,0.0
NP_001331482,0.0
NP_001331483,0.0
NP_001331484,0.0
NP_001331485,0.0
NP_001331486,0.0
NP_001331487,0.0
NP_001331488,0.0
NP_001331489,0.0
NP_001331490,0.0
NP_001331491,0.0
NP_001331492,0.0
NP_001331493,0.0
NP_001331494,0.0
NP_001331495,39.0
NP_001331496,0.0
NP_001331497,266.0
NP_001331498,266.0
NP_001331499,289.0
NP_001331500,0.0
NP_001331501,0.0
NP_001331502,208.0
NP_001331503,254.0
NP_001331504,0.0
NP_001331505,461.0
NP_001331506,461.0
NP_001331507,523.0
NP_001331508,523.0
NP_001331509,461.0
NP_001331510,523.0
NP_001331511,0.0
NP_001331512,0.0
NP_001331513,0.0
NP_001331514,1392.0
NP_001331515,0.0
NP_001331516,153.0
NP_001331517,0.0
NP_001331518,0.0
NP_001331519,0.0
NP_001331520,0.0
NP_001331521,0.0
NP_001331522,0.0
NP_001331523,1122.0
NP_001331524,43.0
NP_001331525,43.0
NP_001331526,43.0
NP_001331527,43.0
NP_001331528,43.0
NP_001331529,43.0
NP_001331530,43.0
NP_001331531,43.0
NP_001331532,43.0
NP_001331533,43.0
NP_001331534,54.0
NP_001331535,0.0
NP_001331536,0.0
NP_001331537,0.0
NP_001331538,0.0
NP_001331539,0.0
NP_001331540,0.0
NP_001331541,0.0
NP_001331542,0.0
NP_001331543,0.0
NP_001331544,0.0
NP_001331545,0.0
NP_001331546,0.0
NP_001331547,0.0
NP_001331548,0.0
NP_001331549,0.0
NP_001331550,0.0
NP_001331551,0.0
NP_001331552,0.0
NP_001331553,0.0
NP_001331554,0.0
NP_001331555,0.0
NP_001331556,0.0
NP_001331557,0.0
NP_001331558,0.0
NP_001331559,0.0
NP_001331560,0.0
NP_001331561,0.0
NP_001331562,0.0
NP_001331563,0.0
NP_001331564,0.0
NP_001331565,0.0
NP_001331566,0.0
NP_001331567,0.0
NP_001331568,0.0
NP_001331569,0.0
NP_001331570,0.0
NP_001331571,0.0
NP_001331572,0.0
NP_001331573,0.0
NP_001331574,0.0
NP_001331575,0.0
NP_001331576,0.0
NP_001331577,0.0
NP_001331578,0.0
NP_001331579,0.0
NP_001331580,0.0
NP_001331581,0.0
NP_001331582,149.0
NP_001331583,155.0
NP_001331584,179.0
NP_001331585,0.0
NP_001331586,0.0
NP_001331587,0.0
NP_001331588,0.0
NP_001331589,0.0
NP_001331590,0.0
NP_001331591,0.0
NP_001331592,0.0
NP_001331593,45.0
NP_001331594,0.0
NP_001331595,41.0
NP_001331596,0.0
NP_001331597,0.0
NP_001331598,0.0
NP_001331599,0.0
NP_001331600,0.0
NP_001331601,0.0
NP_001331602,0.0
NP_001331603,0.0
NP_001331604,0.0
NP_001331605,0.0
NP_001331606,0.0
NP_001331607,0.0
NP_001331608,0.0
NP_001331609,0.0
NP_001331610,0.0
NP_001331611,0.0
NP_001331612,52.0
NP_001331613,52.0
NP_001331614,52.0
NP_001331615,52.0
NP_001331616,0.0
NP_001331617,0.0
NP_001331618,0.0
NP_001331619,0.0
NP_001331620,0.0
NP_001331621,0.0
NP_001331622,0.0
NP_001331623,0.0
NP_001331624,53.0
NP_001331625,0.0
NP_001331626,0.0
NP_001331627,0.0
NP_001331628,0.0
NP_001331629,0.0
NP_001331630,0.0
NP_001331631,0.0
NP_001331632,0.0
NP_001331633,0.0
NP_001331634,0.0
NP_001331635,0.0
NP_001331636,0.0
NP_001331637,0.0
NP_001331638,0.0
NP_001331639,54.0
NP_001331640,0.0
NP_001331641,0.0
NP_001331642,0.0
NP_001331643,0.0
NP_001331644,0.0
NP_001331645,0.0
NP_001331646,0.0
NP_001331647,0.0
NP_001331648,0.0
NP_001331649,0.0
NP_001331650,0.0
NP_001331651,0.0
NP_001331652,0.0
NP_001331653,0.0
NP_001331654,0.0
NP_001331655,0.0
NP_001331656,0.0
NP_001331657,0.0
NP_001331658,0.0
NP_001331659,0.0
NP_001331660,0.0
NP_001331661,0.0
NP_001331662,0.0
NP_001331663,0.0
NP_001331664,0.0
NP_001331665,0.0
NP_001331666,0.0
NP_001331667,0.0
NP_001331668,0.0
NP_001331669,0.0
NP_001331670,342.0
NP_001331671,363.0
NP_001331672,0.0
NP_001331673,0.0
NP_001331674,0.0
NP_001331675,397.0
NP_001331676,373.0
NP_001331677,0.0
NP_001331678,0.0
NP_001331679,0.0
NP_001331680,0.0
NP_001331681,0.0
NP_001331682,0.0
NP_001331683,0.0
NP_001331684,0.0
NP_001331685,0.0
NP_001331686,0.0
NP_001331687,0.0
NP_001331688,0.0
NP_001331689,0.0
NP_001331690,0.0
NP_001331691,0.0
NP_001331692,0.0
NP_001331693,0.0
NP_001331694,0.0
NP_001331695,0.0
NP_001331696,0.0
NP_001331697,0.0
NP_001331698,0.0
NP_001331699,0.0
NP_001331700,0.0
NP_001331701,0.0
NP_001331702,0.0
NP_001331703,0.0
NP_001331704,0.0
NP_001331705,0.0
NP_001331706,0.0
NP_001331707,0.0
NP_001331708,0.0
NP_001331709,0.0
NP_001331710,0.0
NP_001331711,0.0
NP_001331712,0.0
NP_001331713,0.0
NP_001331714,0.0
NP_001331715,0.0
NP_001331716,0.0
NP_001331717,0.0
NP_001331718,0.0
NP_001331719,0.0
NP_001331720,0.0
NP_001331721,0.0
NP_001331722,0.0
NP_001331723,0.0
NP_001331724,0.0
NP_001331725,0.0
NP_001331726,1795.0
NP_001331727,0.0
NP_001331728,0.0
NP_001331729,0.0
NP_001331730,0.0
NP_001331731,0.0
NP_001331732,0.0
NP_001331733,0.0
NP_001331734,0.0
NP_001331735,0.0
NP_001331736,43.0
NP_001331737,0.0
NP_001331738,0.0
NP_001331739,44.0
NP_001331740,44.0
NP_001331741,44.0
NP_001331742,44.0
NP_001331743,44.0
NP_001331744,0.0
NP_001331745,0.0
NP_001331746,0.0
NP_001331747,0.0
NP_001331748,0.0
NP_001331749,0.0
NP_001331750,0.0
NP_001331751,0.0
NP_001331752,0.0
NP_001331753,0.0
NP_001331754,0.0
NP_001331755,0.0
NP_001331756,0.0
NP_001331757,0.0
NP_001331758,0.0
NP_001331759,0.0
NP_001331760,0.0
NP_001331761,0.0
NP_001331762,0.0
NP_001331763,0.0
NP_001331764,0.0
NP_001331765,0.0
NP_001331766,0.0
NP_001331767,0.0
NP_001331768,0.0
NP_001331769,0.0
NP_001331770,0.0
NP_001331771,0.0
NP_001331772,0.0
NP_001331773,0.0
NP_001331774,0.0
NP_001331775,0.0
NP_001331776,0.0
NP_001331777,0.0
NP_001331778,0.0
NP_001331779,0.0
NP_001331780,0.0
NP_001331781,0.0
NP_001331782,1069.0
NP_001331783,0.0
NP_001331784,0.0
NP_001331785,0.0
NP_001331786,0.0
NP_001331787,0.0
NP_001331788,0.0
NP_001331789,0.0
NP_001331790,0.0
NP_001331791,0.0
NP_001331792,0.0
NP_001331793,0.0
NP_001331794,0.0
NP_001331795,0.0
NP_001331796,0.0
NP_001331797,0.0
NP_001331798,0.0
NP_001331799,0.0
NP_001331800,0.0
NP_001331801,0.0
NP_001331802,0.0
NP_001331803,0.0
NP_001331804,0.0
NP_001331805,0.0
NP_001331806,0.0
NP_001331807,0.0
NP_001331808,0.0
NP_001331809,0.0
NP_001331810,0.0
NP_001331811,0.0
NP_001331812,0.0
NP_001331813,0.0
NP_001331814,0.0
NP_001331815,0.0
NP_001331816,0.0
NP_001331817,0.0
NP_001331818,0.0
NP_001331819,0.0
NP_001331820,0.0
NP_001331821,0.0
NP_001331822,0.0
NP_001331823,0.0
NP_001331824,0.0
NP_001331825,0.0
NP_001331826,0.0
NP_001331827,0.0
NP_001331828,0.0
NP_001331829,0.0
NP_001331830,0.0
NP_001331831,0.0
NP_001331832,0.0
NP_001331833,0.0
NP_001331834,0.0
NP_001331835,0.0
NP_001331836,0.0
NP_001331837,0.0
NP_001331838,0.0
NP_001331839,0.0
NP_001331840,0.0
NP_001331841,0.0
NP_001331842,0.0
NP_001331843,0.0
NP_001331844,0.0
NP_001331845,0.0
NP_001331846,0.0
NP_001331847,0.0
NP_001331848,0.0
NP_001331849,0.0
NP_001331850,0.0
NP_001331851,0.0
NP_001331852,0.0
NP_001331853,0.0
NP_001331854,0.0
NP_001331855,0.0
NP_001331856,0.0
NP_001331857,0.0
NP_001331858,0.0
NP_001331859,0.0
NP_001331860,0.0
NP_001331861,0.0
NP_001331862,37.0
NP_001331863,0.0
NP_001331864,0.0
NP_001331865,0.0
NP_001331866,0.0
NP_001331867,0.0
NP_001331868,0.0
NP_001331869,0.0
NP_001331870,0.0
NP_001331871,0.0
NP_001331872,0.0
NP_001331873,0.0
NP_001331874,0.0
NP_001331875,0.0
NP_001331876,0.0
NP_001331877,0.0
NP_001331878,0.0
NP_001331879,0.0
NP_001331880,0.0
NP_001331881,0.0
NP_001331882,0.0
NP_001331883,0.0
NP_001331884,0.0
NP_001331885,0.0
NP_001331886,0.0
NP_001331887,0.0
NP_001331888,0.0
NP_001331889,0.0
NP_001331890,0.0
NP_001331891,0.0
NP_001331892,0.0
NP_001331893,0.0
NP_001331894,0.0
NP_001331895,0.0
NP_001331896,0.0
NP_001331897,0.0
NP_001331898,0.0
NP_001331899,0.0
NP_001331900,0.0
NP_001331901,0.0
NP_001331902,0.0
NP_001331903,0.0
NP_001331904,0.0
NP_001331905,0.0
NP_001331906,0.0
NP_001331907,0.0
NP_001331908,0.0
NP_001331909,0.0
NP_001331910,0.0
NP_001331911,0.0
NP_001331912,0.0
NP_001331913,0.0
NP_001331914,0.0
NP_001331915,0.0
NP_001331916,0.0
NP_001331917,0.0
NP_001331918,0.0
NP_001331919,0.0
NP_001331920,0.0
NP_001331921,0.0
NP_001331922,0.0
NP_001331923,0.0
NP_001331924,38.0
NP_001331925,0.0
NP_001331926,0.0
NP_001331927,0.0
NP_001331928,0.0
NP_001331929,0.0
NP_001331930,0.0
NP_001331931,0.0
NP_001331932,39.0
NP_001331933,39.0
NP_001331934,43.0
NP_001331935,0.0
NP_001331936,0.0
NP_001331937,0.0
NP_001331938,0.0
NP_001331939,0.0
NP_001331940,0.0
NP_001331941,0.0
NP_001331942,0.0
NP_001331943,0.0
NP_001331944,0.0
NP_001331945,0.0
NP_001331946,0.0
NP_001331947,0.0
NP_001331948,0.0
NP_001331949,0.0
NP_001331950,0.0
NP_001331951,40.0
NP_001331952,40.0
NP_001331953,0.0
NP_001331954,52.0
NP_001331955,0.0
NP_001331956,0.0
NP_001331957,0.0
NP_001331958,0.0
NP_001331959,0.0
NP_001331960,0.0
NP_001331961,43.0
NP_001331962,0.0
NP_001331963,0.0
NP_001331964,0.0
NP_001331965,0.0
NP_001331966,0.0
NP_001331967,0.0
NP_001331968,0.0
NP_001331969,0.0
NP_001331970,0.0
NP_001331971,0.0
NP_001331972,0.0
NP_001331973,0.0
NP_001331974,0.0
NP_001331975,660.0
NP_001331976,660.0
NP_001331977,660.0
NP_001331978,0.0
NP_001331979,0.0
NP_001331980,0.0
NP_001331981,0.0
NP_001331982,0.0
NP_001331983,0.0
NP_001331984,49.0
NP_001331985,0.0
NP_001331986,289.0
NP_001331987,466.0
NP_001331989,0.0
NP_001331990,0.0
NP_001331991,0.0
NP_001331992,0.0
NP_001331993,0.0
NP_001331994,0.0
NP_001331995,0.0
NP_001331996,0.0
NP_001331997,0.0
NP_001331998,0.0
NP_001331999,2631.0
NP_001332000,0.0
NP_001332001,0.0
NP_001332002,0.0
NP_001332003,43.0
NP_001332004,0.0
NP_001332005,0.0
NP_001332006,0.0
NP_001332007,0.0
NP_001332008,532.0
NP_001332009,0.0
NP_001332010,0.0
NP_001332011,0.0
NP_001332012,0.0
NP_001332013,0.0
NP_001332014,49.0
NP_001332015,227.0
NP_001332016,0.0
NP_001332017,0.0
NP_001332018,0.0
NP_001332019,0.0
NP_001332020,0.0
NP_001332021,0.0
NP_001332022,0.0
NP_001332023,0.0
NP_001332024,0.0
NP_001332025,0.0
NP_001332026,1787.0
NP_001332027,0.0
NP_001332028,0.0
NP_001332029,0.0
NP_001332030,0.0
NP_001332031,0.0
NP_001332032,46.0
NP_001332033,54.0
NP_001332034,0.0
NP_001332035,0.0
NP_001332036,0.0
NP_001332037,0.0
NP_001332038,0.0
NP_001332039,0.0
NP_001332040,0.0
NP_001332041,0.0
NP_001332042,0.0
NP_001332043,0.0
NP_001332044,0.0
NP_001332045,0.0
NP_001332046,49.0
NP_001332047,656.0
NP_001332048,0.0
NP_001332049,0.0
NP_001332050,0.0
NP_001332051,0.0
NP_001332052,0.0
NP_001332053,0.0
NP_001332054,0.0
NP_001332055,0.0
NP_001332056,0.0
NP_001332057,0.0
NP_001332058,0.0
NP_001332059,0.0
NP_001332060,0.0
NP_001332061,0.0
NP_001332062,0.0
NP_001332063,0.0
NP_001332064,0.0
NP_001332065,0.0
NP_001332066,0.0
NP_001332067,0.0
NP_001332068,0.0
NP_001332069,0.0
NP_001332070,0.0
NP_001332071,0.0
NP_001332072,0.0
NP_001332073,0.0
NP_001332074,0.0
NP_001332075,0.0
NP_001332076,0.0
NP_001332077,0.0
NP_001332078,0.0
NP_001332079,0.0
NP_001332080,0.0
NP_001332081,0.0
NP_001332082,450.0
NP_001332083,450.0
NP_001332084,44.0
NP_001332085,44.0
NP_001332086,44.0
NP_001332087,0.0
NP_001332088,0.0
NP_001332089,0.0
NP_001332090,0.0
NP_001332091,0.0
NP_001332092,0.0
NP_001332093,0.0
NP_001332094,0.0
NP_001332095,0.0
NP_001332096,1508.0
NP_001332097,1508.0
NP_001332098,0.0
NP_001332099,0.0
NP_001332100,38.0
NP_001332101,38.0
NP_001332102,0.0
NP_001332103,0.0
NP_001332104,0.0
NP_001332105,0.0
NP_001332106,0.0
NP_001332107,0.0
NP_001332108,0.0
NP_001332109,0.0
NP_001332110,0.0
NP_001332111,0.0
NP_001332112,0.0
NP_001332113,0.0
NP_001332114,0.0
NP_001332115,0.0
NP_001332116,0.0
NP_001332117,43.0
NP_001332118,43.0
NP_001332119,0.0
NP_001332120,39.0
NP_001332121,39.0
NP_001332122,39.0
NP_001332123,39.0
NP_001332124,0.0
NP_001332125,0.0
NP_001332126,0.0
NP_001332127,0.0
NP_001332128,0.0
NP_001332129,0.0
NP_001332130,0.0
NP_001332131,0.0
NP_001332132,0.0
NP_001332133,45.0
NP_001332134,0.0
NP_001332135,0.0
NP_001332136,0.0
NP_001332137,0.0
NP_001332138,0.0
NP_001332139,0.0
NP_001332140,0.0
NP_001332141,0.0
NP_001332142,323.0
NP_001332143,323.0
NP_001332144,0.0
NP_001332145,0.0
NP_001332146,0.0
NP_001332147,0.0
NP_001332148,0.0
NP_001332149,0.0
NP_001332150,0.0
NP_001332151,0.0
NP_001332152,0.0
NP_001332153,0.0
NP_001332154,0.0
NP_001332155,0.0
NP_001332156,0.0
NP_001332157,0.0
NP_001332158,0.0
NP_001332159,51.0
NP_001332160,0.0
NP_001332161,0.0
NP_001332162,0.0
NP_001332163,0.0
NP_001332164,65.0
NP_001332165,0.0
NP_001332166,0.0
NP_001332167,0.0
NP_001332168,0.0
NP_001332169,0.0
NP_001332170,0.0
NP_001332171,0.0
NP_001332172,0.0
NP_001332173,0.0
NP_001332174,0.0
NP_001332175,0.0
NP_001332176,0.0
NP_001332177,0.0
NP_001332178,0.0
NP_001332179,0.0
NP_001332180,0.0
NP_001332181,0.0
NP_001332182,0.0
NP_001332183,0.0
NP_001332184,1918.0
NP_001332185,1927.0
NP_001332186,0.0
NP_001332187,0.0
NP_001332188,0.0
NP_001332189,0.0
NP_001332190,0.0
NP_001332191,0.0
NP_001332192,0.0
NP_001332193,0.0
NP_001332194,0.0
NP_001332195,417.0
NP_001332196,0.0
NP_001332197,56.0
NP_001332198,56.0
NP_001332199,56.0
NP_001332200,0.0
NP_001332201,0.0
NP_001332202,0.0
NP_001332203,0.0
NP_001332204,0.0
NP_001332205,0.0
NP_001332206,0.0
NP_001332207,0.0
NP_001332208,40.0
NP_001332209,0.0
NP_001332210,0.0
NP_001332211,0.0
NP_001332212,0.0
NP_001332213,0.0
NP_001332214,0.0
NP_001332215,0.0
NP_001332216,0.0
NP_001332217,0.0
NP_001332218,0.0
NP_001332219,0.0
NP_001332220,0.0
NP_001332221,0.0
NP_001332222,0.0
NP_001332223,0.0
NP_001332224,0.0
NP_001332225,0.0
NP_001332226,0.0
NP_001332227,0.0
NP_001332228,0.0
NP_001332229,0.0
NP_001332230,0.0
NP_001332231,0.0
NP_001332232,0.0
NP_001332233,0.0
NP_001332234,0.0
NP_001332235,0.0
NP_001332236,0.0
NP_001332237,0.0
NP_001332238,0.0
NP_001332239,0.0
NP_001332240,0.0
NP_001332241,0.0
NP_001332242,0.0
NP_001332243,0.0
NP_001332244,0.0
NP_001332245,0.0
NP_001332246,0.0
NP_001332247,0.0
NP_001332248,0.0
NP_001332249,0.0
NP_001332250,0.0
NP_001332251,0.0
NP_001332252,0.0
NP_001332253,0.0
NP_001332254,0.0
NP_001332255,0.0
NP_001332256,0.0
NP_001332257,0.0
NP_001332258,44.0
NP_001332259,0.0
NP_001332260,0.0
NP_001332261,0.0
NP_001332262,0.0
NP_001332263,0.0
NP_001332264,0.0
NP_001332265,0.0
NP_001332266,0.0
NP_001332267,0.0
NP_001332268,48.0
NP_001332269,48.0
NP_001332270,0.0
NP_001332271,0.0
NP_001332272,0.0
NP_001332273,0.0
NP_001332274,0.0
NP_001332275,0.0
NP_001332276,0.0
NP_001332277,0.0
NP_001332278,0.0
NP_001332279,39.0
NP_001332280,40.0
NP_001332281,0.0
NP_001332282,0.0
NP_001332283,0.0
NP_001332284,0.0
NP_001332285,0.0
NP_001332286,0.0
NP_001332287,0.0
NP_001332288,0.0
NP_001332289,0.0
NP_001332290,0.0
NP_001332291,0.0
NP_001332292,0.0
NP_001332293,0.0
NP_001332294,0.0
NP_001332295,0.0
NP_001332296,0.0
NP_001332297,0.0
NP_001332298,225.0
NP_001332299,0.0
NP_001332300,0.0
NP_001332301,0.0
NP_001332302,0.0
NP_001332303,0.0
NP_001332304,0.0
NP_001332305,0.0
NP_001332306,0.0
NP_001332307,0.0
NP_001332308,0.0
NP_001332309,0.0
NP_001332310,0.0
NP_001332311,0.0
NP_001332312,0.0
NP_001332313,0.0
NP_001332314,0.0
NP_001332315,0.0
NP_001332316,0.0
NP_001332317,0.0
NP_001332318,0.0
NP_001332319,0.0
NP_001332320,0.0
NP_001332321,0.0
NP_001332322,0.0
NP_001332323,0.0
NP_001332324,173.0
NP_001332325,0.0
NP_001332326,0.0
NP_001332327,0.0
NP_001332328,548.0
NP_001332329,698.0
NP_001332330,698.0
NP_001332331,390.0
NP_001332332,43.0
NP_001332333,0.0
NP_001332334,0.0
NP_001332335,0.0
NP_001332336,0.0
NP_001332337,0.0
NP_001332338,0.0
NP_001332339,0.0
NP_001332340,0.0
NP_001332342,0.0
NP_001332343,0.0
NP_001332344,0.0
NP_001332345,0.0
NP_001332346,0.0
NP_001332347,0.0
NP_001332348,0.0
NP_001332349,0.0
NP_001332350,0.0
NP_001332351,0.0
NP_001332352,0.0
NP_001332353,0.0
NP_001332354,0.0
NP_001332355,36.0
NP_001332356,0.0
NP_001332357,0.0
NP_001332358,0.0
NP_001332359,0.0
NP_001332360,0.0
NP_001332361,0.0
NP_001332362,0.0
NP_001332363,0.0
NP_001332364,0.0
NP_001332365,0.0
NP_001332366,0.0
NP_001332367,0.0
NP_001332368,0.0
NP_001332369,0.0
NP_001332370,0.0
NP_001332371,0.0
NP_001332372,52.0
NP_001332373,52.0
NP_001332374,0.0
NP_001332375,0.0
NP_001332376,0.0
NP_001332377,0.0
NP_001332378,0.0
NP_001332379,0.0
NP_001332380,0.0
NP_001332381,0.0
NP_001332382,0.0
NP_001332383,0.0
NP_001332384,0.0
NP_001332385,0.0
NP_001332386,0.0
NP_001332387,0.0
NP_001332388,0.0
NP_001332389,0.0
NP_001332390,0.0
NP_001332391,0.0
NP_001332392,0.0
NP_001332393,0.0
NP_001332394,0.0
NP_001332395,1996.0
NP_001332396,1903.0
NP_001332397,0.0
NP_001332398,0.0
NP_001332399,0.0
NP_001332400,0.0
NP_001332401,0.0
NP_001332402,49.0
NP_001332403,0.0
NP_001332404,0.0
NP_001332405,0.0
NP_001332406,0.0
NP_001332407,0.0
NP_001332408,59.0
NP_001332409,0.0
NP_001332410,0.0
NP_001332411,0.0
NP_001332412,0.0
NP_001332413,0.0
NP_001332414,0.0
NP_001332415,0.0
NP_001332416,0.0
NP_001332417,0.0
NP_001332418,0.0
NP_001332419,0.0
NP_001332420,0.0
NP_001332421,0.0
NP_001332422,0.0
NP_001332423,0.0
NP_001332424,0.0
NP_001332425,0.0
NP_001332426,0.0
NP_001332427,0.0
NP_001332428,0.0
NP_001332429,43.0
NP_001332430,43.0
NP_001332431,0.0
NP_001332432,0.0
NP_001332433,0.0
NP_001332434,0.0
NP_001332435,0.0
NP_001332436,0.0
NP_001332437,0.0
NP_001332438,0.0
NP_001332439,0.0
NP_001332440,0.0
NP_001332441,0.0
NP_001332442,0.0
NP_001332443,0.0
NP_001332444,0.0
NP_001332445,0.0
NP_001332446,53.0
NP_001332447,53.0
NP_001332448,0.0
NP_001332449,0.0
NP_001332450,0.0
NP_001332451,0.0
NP_001332452,0.0
NP_001332453,0.0
NP_001332454,0.0
NP_001332455,0.0
NP_001332456,0.0
NP_001332457,0.0
NP_001332458,0.0
NP_001332459,0.0
NP_001332460,0.0
NP_001332461,0.0
NP_001332462,0.0
NP_001332463,0.0
NP_001332464,40.0
NP_001332465,0.0
NP_001332466,0.0
NP_001332467,0.0
NP_001332468,1469.0
NP_001332469,0.0
NP_001332470,0.0
NP_001332471,0.0
NP_001332472,0.0
NP_001332473,0.0
NP_001332474,0.0
NP_001332475,0.0
NP_001332476,0.0
NP_001332477,0.0
NP_001332479,0.0
NP_001332480,0.0
NP_001332481,0.0
NP_001332482,0.0
NP_001332483,0.0
NP_001332484,0.0
NP_001332485,0.0
NP_001332486,0.0
NP_001332487,0.0
NP_001332488,0.0
NP_001332489,0.0
NP_001332490,0.0
NP_001332491,782.0
NP_001332492,825.0
NP_001332493,0.0
NP_001332494,0.0
NP_001332495,0.0
NP_001332496,0.0
NP_001332497,0.0
NP_001332498,0.0
NP_001332499,44.0
NP_001332500,51.0
NP_001332501,0.0
NP_001332502,0.0
NP_001332503,0.0
NP_001332504,51.0
NP_001332505,0.0
NP_001332506,0.0
NP_001332507,0.0
NP_001332508,0.0
NP_001332509,0.0
NP_001332510,0.0
NP_001332511,0.0
NP_001332512,0.0
NP_001332513,39.0
NP_001332514,0.0
NP_001332515,463.0
NP_001332516,0.0
NP_001332517,0.0
NP_001332518,0.0
NP_001332519,0.0
NP_001332520,0.0
NP_001332521,0.0
NP_001332522,0.0
NP_001332523,0.0
NP_001332524,0.0
NP_001332525,0.0
NP_001332526,0.0
NP_001332527,0.0
NP_001332528,0.0
NP_001332529,0.0
NP_001332530,0.0
NP_001332531,495.0
NP_001332532,495.0
NP_001332533,0.0
NP_001332534,0.0
NP_001332535,0.0
NP_001332536,43.0
NP_001332537,0.0
NP_001332538,0.0
NP_001332539,0.0
NP_001332540,0.0
NP_001332541,0.0
NP_001332542,0.0
NP_001332543,0.0
NP_001332544,37.0
NP_001332545,0.0
NP_001332546,0.0
NP_001332547,0.0
NP_001332548,0.0
NP_001332549,0.0
NP_001332550,1291.0
NP_001332551,0.0
NP_001332552,0.0
NP_001332553,0.0
NP_001332554,66.0
NP_001332555,0.0
NP_001332556,0.0
NP_001332557,0.0
NP_001332558,0.0
NP_001332559,0.0
NP_001332560,0.0
NP_001332561,0.0
NP_001332562,0.0
NP_001332563,0.0
NP_001332564,0.0
NP_001332565,564.0
NP_001332566,43.0
NP_001332567,43.0
NP_001332568,43.0
NP_001332569,0.0
NP_001332570,0.0
NP_001332571,0.0
NP_001332572,0.0
NP_001332573,0.0
NP_001332574,0.0
NP_001332575,0.0
NP_001332576,0.0
NP_001332577,0.0
NP_001332578,0.0
NP_001332579,0.0
NP_001332580,0.0
NP_001332581,0.0
NP_001332582,0.0
NP_001332583,0.0
NP_001332584,0.0
NP_001332585,0.0
NP_001332586,0.0
NP_001332587,0.0
NP_001332588,0.0
NP_001332589,0.0
NP_001332590,0.0
NP_001332591,0.0
NP_001332592,721.0
NP_001332593,0.0
NP_001332594,0.0
NP_001332595,45.0
NP_001332596,43.0
NP_001332597,45.0
NP_001332598,0.0
NP_001332599,0.0
NP_001332600,0.0
NP_001332601,0.0
NP_001332602,0.0
NP_001332603,0.0
NP_001332604,0.0
NP_001332605,0.0
NP_001332606,0.0
NP_001332607,0.0
NP_001332608,0.0
NP_001332609,0.0
NP_001332610,36.0
NP_001332611,44.0
NP_001332612,44.0
NP_001332613,0.0
NP_001332614,0.0
NP_001332615,0.0
NP_001332616,0.0
NP_001332617,0.0
NP_001332618,0.0
NP_001332619,0.0
NP_001332620,0.0
NP_001332621,47.0
NP_001332622,47.0
NP_001332623,0.0
NP_001332624,0.0
NP_001332625,0.0
NP_001332626,0.0
NP_001332627,0.0
NP_001332628,0.0
NP_001332629,0.0
NP_001332630,43.0
NP_001332631,43.0
NP_001332632,0.0
NP_001332633,0.0
NP_001332634,0.0
NP_001332635,0.0
NP_001332636,0.0
NP_001332637,0.0
NP_001332638,0.0
NP_001332639,0.0
NP_001332640,0.0
NP_001332641,0.0
NP_001332642,41.0
NP_001332643,41.0
NP_001332644,41.0
NP_001332645,0.0
NP_001332646,42.0
NP_001332647,0.0
NP_001332648,397.0
NP_001332649,0.0
NP_001332650,0.0
NP_001332651,0.0
NP_001332652,0.0
NP_001332653,0.0
NP_001332654,0.0
NP_001332655,0.0
NP_001332656,0.0
NP_001332657,0.0
NP_001332658,0.0
NP_001332659,0.0
NP_001332660,0.0
NP_001332661,0.0
NP_001332662,0.0
NP_001332663,0.0
NP_001332664,0.0
NP_001332665,0.0
NP_001332666,0.0
NP_001332667,0.0
NP_001332668,0.0
NP_001332669,0.0
NP_001332670,0.0
NP_001332671,0.0
NP_001332672,0.0
NP_001332673,0.0
NP_001332674,0.0
NP_001332675,0.0
NP_001332676,0.0
NP_001332677,0.0
NP_001332678,0.0
NP_001332679,0.0
NP_001332680,0.0
NP_001332681,0.0
NP_001332682,33.0
NP_001332683,0.0
NP_001332684,0.0
NP_001332685,0.0
NP_001332686,0.0
NP_001332687,0.0
NP_001332688,0.0
NP_001332689,0.0
NP_001332690,0.0
NP_001332691,48.0
NP_001332692,0.0
NP_001332693,0.0
NP_001332694,78.0
NP_001332695,78.0
NP_001332696,0.0
NP_001332697,0.0
NP_001332698,0.0
NP_001332699,0.0
NP_001332700,0.0
NP_001332701,0.0
NP_001332702,0.0
NP_001332703,0.0
NP_001332704,0.0
NP_001332705,0.0
NP_001332706,0.0
NP_001332707,0.0
NP_001332708,0.0
NP_001332709,0.0
NP_001332710,0.0
NP_001332711,609.0
NP_001332712,785.0
NP_001332713,782.0
NP_001332714,456.0
NP_001332715,456.0
NP_001332716,456.0
NP_001332717,456.0
NP_001332718,0.0
NP_001332719,0.0
NP_001332720,613.0
NP_001332721,626.0
NP_001332722,0.0
NP_001332723,0.0
NP_001332724,0.0
NP_001332725,0.0
NP_001332726,0.0
NP_001332727,0.0
NP_001332728,0.0
NP_001332729,0.0
NP_001332730,0.0
NP_001332731,0.0
NP_001332732,0.0
NP_001332733,0.0
NP_001332734,0.0
NP_001332735,0.0
NP_001332736,0.0
NP_001332737,0.0
NP_001332738,0.0
NP_001332739,0.0
NP_001332740,0.0
NP_001332741,0.0
NP_001332742,0.0
NP_001332743,48.0
NP_001332744,0.0
NP_001332745,0.0
NP_001332746,46.0
NP_001332747,0.0
NP_001332748,0.0
NP_001332749,0.0
NP_001332750,0.0
NP_001332751,0.0
NP_001332752,0.0
NP_001332753,928.0
NP_001332754,46.0
NP_001332755,46.0
NP_001332756,0.0
NP_001332757,0.0
NP_001332758,0.0
NP_001332759,0.0
NP_001332760,0.0
NP_001332761,0.0
NP_001332762,0.0
NP_001332763,0.0
NP_001332764,0.0
NP_001332765,0.0
NP_027420,0.0
NP_027421,0.0
NP_027422,0.0
NP_027543,0.0
NP_027544,63.0
NP_027545,0.0
NP_027676,64.0
NP_027726,0.0
NP_027759,0.0
NP_028242,0.0
NP_028489,0.0
NP_028490,0.0
NP_029426,0.0
NP_029428,0.0
NP_029429,0.0
NP_029430,0.0
NP_029567,46.0
NP_029729,0.0
NP_030235,0.0
NP_030274,0.0
NP_030434,0.0
NP_030435,0.0
NP_030436,0.0
NP_030438,0.0
NP_030517,39.0
NP_030521,0.0
NP_030522,0.0
NP_030524,0.0
NP_030525,0.0
NP_030560,0.0
NP_030605,0.0
NP_030608,0.0
NP_030663,0.0
NP_030664,0.0
NP_030665,0.0
NP_030959,0.0
NP_030961,0.0
NP_030962,0.0
NP_030964,56.0
NP_051037,0.0
NP_051038,0.0
NP_051039,0.0
NP_051040,0.0
NP_051041,0.0
NP_051042,0.0
NP_051043,0.0
NP_051044,0.0
NP_051045,0.0
NP_051046,0.0
NP_051047,0.0
NP_051048,0.0
NP_051049,0.0
NP_051050,0.0
NP_051051,0.0
NP_051053,0.0
NP_051054,0.0
NP_051055,0.0
NP_051056,0.0
NP_051057,0.0
NP_051058,0.0
NP_051059,0.0
NP_051060,0.0
NP_051061,0.0
NP_051062,0.0
NP_051063,0.0
NP_051064,0.0
NP_051065,0.0
NP_051066,0.0
NP_051067,0.0
NP_051068,0.0
NP_051069,0.0
NP_051070,0.0
NP_051071,0.0
NP_051072,0.0
NP_051073,0.0
NP_051074,0.0
NP_051075,0.0
NP_051076,0.0
NP_051077,0.0
NP_051078,0.0
NP_051079,0.0
NP_051080,0.0
NP_051081,0.0
NP_051082,0.0
NP_051083,0.0
NP_051084,0.0
NP_051085,0.0
NP_051086,0.0
NP_051087,0.0
NP_051088,0.0
NP_051089,0.0
NP_051090,0.0
NP_051091,0.0
NP_051092,0.0
NP_051093,0.0
NP_051094,0.0
NP_051095,0.0
NP_051096,0.0
NP_051097,0.0
NP_051098,0.0
NP_051099,0.0
NP_051100,0.0
NP_051101,48.0
NP_051103,0.0
NP_051104,0.0
NP_051105,0.0
NP_051106,38.0
NP_051107,0.0
NP_051108,0.0
NP_051109,0.0
NP_051110,0.0
NP_051111,0.0
NP_051112,0.0
NP_051113,0.0
NP_051114,0.0
NP_051115,0.0
NP_051116,0.0
NP_051117,42.0
NP_051118,0.0
NP_051119,0.0
NP_051121,48.0
NP_051122,0.0
NP_051123,0.0
NP_171609,0.0
NP_171611,38.0
NP_171612,40.0
NP_171613,0.0
NP_171614,0.0
NP_171616,0.0
NP_171617,0.0
NP_171618,0.0
NP_171620,0.0
NP_171621,0.0
NP_171622,0.0
NP_171623,0.0
NP_171625,0.0
NP_171626,0.0
NP_171627,0.0
NP_171628,0.0
NP_171629,0.0
NP_171634,0.0
NP_171635,0.0
NP_171636,0.0
NP_171637,0.0
NP_171638,374.0
NP_171639,0.0
NP_171642,0.0
NP_171645,0.0
NP_171646,0.0
NP_171647,0.0
NP_171648,0.0
NP_171649,0.0
NP_171650,0.0
NP_171651,0.0
NP_171652,122.0
NP_171653,0.0
NP_171654,0.0
NP_171655,0.0
NP_171656,0.0
NP_171659,0.0
NP_171660,0.0
NP_171661,607.0
NP_171663,0.0
NP_171664,0.0
NP_171665,0.0
NP_171666,0.0
NP_171667,0.0
NP_171668,0.0
NP_171669,0.0
NP_171670,0.0
NP_171671,0.0
NP_171672,0.0
NP_171673,0.0
NP_171674,0.0
NP_171676,0.0
NP_171677,0.0
NP_171679,39.0
NP_171680,0.0
NP_171681,0.0
NP_171682,0.0
NP_171683,0.0
NP_171684,0.0
NP_171686,0.0
NP_171690,0.0
NP_171691,0.0
NP_171694,0.0
NP_171696,0.0
NP_171697,0.0
NP_171698,49.0
NP_171699,0.0
NP_171700,0.0
NP_171702,0.0
NP_171704,0.0
NP_171705,0.0
NP_171706,0.0
NP_171707,746.0
NP_171708,0.0
NP_171710,48.0
NP_171712,0.0
NP_171713,82.0
NP_171714,0.0
NP_171715,0.0
NP_171716,0.0
NP_171717,0.0
NP_171718,0.0
NP_171719,1982.0
NP_171720,0.0
NP_171721,0.0
NP_171723,0.0
NP_171724,0.0
NP_171725,0.0
NP_171726,0.0
NP_171727,0.0
NP_171728,0.0
NP_171730,0.0
NP_171731,46.0
NP_171733,0.0
NP_171734,0.0
NP_171737,0.0
NP_171738,801.0
NP_171739,0.0
NP_171740,0.0
NP_171742,0.0
NP_171743,0.0
NP_171744,0.0
NP_171745,0.0
NP_171751,0.0
NP_171752,0.0
NP_171753,0.0
NP_171754,0.0
NP_171755,0.0
NP_171756,0.0
NP_171758,0.0
NP_171760,0.0
NP_171761,0.0
NP_171763,0.0
NP_171765,0.0
NP_171767,0.0
NP_171768,0.0
NP_171769,0.0
NP_171771,0.0
NP_171772,35.0
NP_171773,0.0
NP_171774,0.0
NP_171775,0.0
NP_171776,0.0
NP_171777,0.0
NP_171778,0.0
NP_171779,0.0
NP_171781,0.0
NP_171782,0.0
NP_171788,44.0
NP_171789,0.0
NP_171790,0.0
NP_171791,0.0
NP_171792,0.0
NP_171793,0.0
NP_171796,0.0
NP_171797,0.0
NP_171798,0.0
NP_171799,0.0
NP_171800,45.0
NP_171801,0.0
NP_171802,0.0
NP_171804,0.0
NP_171805,58.0
NP_171806,0.0
NP_171807,81.0
NP_171809,0.0
NP_171811,0.0
NP_171812,0.0
NP_171815,43.0
NP_171817,0.0
NP_171818,0.0
NP_171820,0.0
NP_171821,0.0
NP_171823,0.0
NP_171825,0.0
NP_171826,0.0
NP_171828,0.0
NP_171829,0.0
NP_171830,0.0
NP_171831,0.0
NP_171833,0.0
NP_171835,0.0
NP_171836,45.0
NP_171837,0.0
NP_171838,0.0
NP_171839,0.0
NP_171840,0.0
NP_171844,0.0
NP_171845,0.0
NP_171846,0.0
NP_171847,0.0
NP_171848,0.0
NP_171849,0.0
NP_171850,0.0
NP_171851,0.0
NP_171852,0.0
NP_171853,0.0
NP_171855,0.0
NP_171856,0.0
NP_171859,0.0
NP_171860,0.0
NP_171861,0.0
NP_171863,0.0
NP_171865,0.0
NP_171867,0.0
NP_171868,0.0
NP_171870,159.0
NP_171871,0.0
NP_171872,0.0
NP_171873,0.0
NP_171874,0.0
NP_171875,0.0
NP_171876,0.0
NP_171877,0.0
NP_171878,0.0
NP_171879,48.0
NP_171880,0.0
NP_171882,0.0
NP_171884,0.0
NP_171885,0.0
NP_171887,0.0
NP_171888,0.0
NP_171890,0.0
NP_171892,0.0
NP_171893,0.0
NP_171894,0.0
NP_171895,0.0
NP_171897,0.0
NP_171899,0.0
NP_171901,47.0
NP_171905,0.0
NP_171906,0.0
NP_171908,56.0
NP_171911,0.0
NP_171912,43.0
NP_171913,0.0
NP_171914,0.0
NP_171915,0.0
NP_171916,46.0
NP_171917,100.0
NP_171918,34.0
NP_171919,0.0
NP_171920,0.0
NP_171921,0.0
NP_171923,0.0
NP_171924,0.0
NP_171926,0.0
NP_171927,0.0
NP_171928,0.0
NP_171929,0.0
NP_171930,0.0
NP_171931,0.0
NP_171932,0.0
NP_171933,0.0
NP_171935,0.0
NP_171936,0.0
NP_171937,0.0
NP_171939,88.0
NP_171940,0.0
NP_171941,0.0
NP_171943,0.0
NP_171944,0.0
NP_171946,0.0
NP_171948,0.0
NP_171949,0.0
NP_171951,40.0
NP_171954,0.0
NP_171955,0.0
NP_171956,0.0
NP_171957,0.0
NP_171958,0.0
NP_171959,47.0
NP_171961,0.0
NP_171963,0.0
NP_171964,235.0
NP_171965,0.0
NP_171966,0.0
NP_171967,0.0
NP_171968,0.0
NP_171969,0.0
NP_171972,0.0
NP_171973,0.0
NP_171974,0.0
NP_171975,0.0
NP_171976,0.0
NP_171980,0.0
NP_171981,0.0
NP_171983,0.0
NP_171984,0.0
NP_171986,0.0
NP_171987,0.0
NP_171990,0.0
NP_171991,0.0
NP_171993,0.0
NP_171994,0.0
NP_171996,0.0
NP_171997,0.0
NP_172001,0.0
NP_172002,0.0
NP_172003,0.0
NP_172004,46.0
NP_172007,0.0
NP_172008,0.0
NP_172010,0.0
NP_172011,0.0
NP_172012,48.0
NP_172014,0.0
NP_172015,0.0
NP_172018,0.0
NP_172019,0.0
NP_172021,0.0
NP_172022,0.0
NP_172023,0.0
NP_172024,53.0
NP_172025,0.0
NP_172027,0.0
NP_172029,0.0
NP_172031,0.0
NP_172033,0.0
NP_172035,0.0
NP_172037,0.0
NP_172038,0.0
NP_172040,52.0
NP_172041,0.0
NP_172042,0.0
NP_172044,0.0
NP_172045,0.0
NP_172046,0.0
NP_172049,0.0
NP_172050,0.0
NP_172051,0.0
NP_172052,0.0
NP_172054,0.0
NP_172055,0.0
NP_172056,0.0
NP_172057,0.0
NP_172058,0.0
NP_172059,0.0
NP_172060,0.0
NP_172061,567.0
NP_172064,0.0
NP_172065,0.0
NP_172066,0.0
NP_172067,0.0
NP_172068,0.0
NP_172069,0.0
NP_172070,0.0
NP_172073,0.0
NP_172074,0.0
NP_172076,484.0
NP_172077,0.0
NP_172078,0.0
NP_172079,0.0
NP_172080,0.0
NP_172083,0.0
NP_172084,0.0
NP_172086,0.0
NP_172088,0.0
NP_172089,0.0
NP_172091,0.0
NP_172092,0.0
NP_172093,0.0
NP_172094,0.0
NP_172097,0.0
NP_172098,0.0
NP_172099,0.0
NP_172100,0.0
NP_172102,0.0
NP_172104,42.0
NP_172106,0.0
NP_172107,0.0
NP_172108,0.0
NP_172110,0.0
NP_172112,0.0
NP_172113,0.0
NP_172114,0.0
NP_172115,0.0
NP_172118,0.0
NP_172119,0.0
NP_172120,0.0
NP_172121,0.0
NP_172123,0.0
NP_172124,0.0
NP_172125,0.0
NP_172126,0.0
NP_172127,515.0
NP_172128,0.0
NP_172129,0.0
NP_172130,0.0
NP_172132,0.0
NP_172133,0.0
NP_172134,0.0
NP_172135,0.0
NP_172136,40.0
NP_172138,0.0
NP_172140,0.0
NP_172141,0.0
NP_172142,0.0
NP_172143,0.0
NP_172144,41.0
NP_172145,0.0
NP_172146,51.0
NP_172147,0.0
NP_172149,0.0
NP_172150,0.0
NP_172151,0.0
NP_172152,47.0
NP_172153,0.0
NP_172155,502.0
NP_172156,0.0
NP_172157,0.0
NP_172158,0.0
NP_172160,0.0
NP_172161,0.0
NP_172162,0.0
NP_172164,0.0
NP_172166,0.0
NP_172167,0.0
NP_172168,0.0
NP_172169,743.0
NP_172170,0.0
NP_172171,0.0
NP_172172,0.0
NP_172173,0.0
NP_172174,0.0
NP_172175,0.0
NP_172176,45.0
NP_172178,53.0
NP_172181,0.0
NP_172182,0.0
NP_172184,0.0
NP_172187,0.0
NP_172188,0.0
NP_172191,0.0
NP_172192,0.0
NP_172193,0.0
NP_172194,0.0
NP_172195,0.0
NP_172196,0.0
NP_172199,0.0
NP_172200,0.0
NP_172201,0.0
NP_172202,0.0
NP_172203,0.0
NP_172204,0.0
NP_172206,0.0
NP_172207,0.0
NP_172208,0.0
NP_172210,0.0
NP_172213,0.0
NP_172214,0.0
NP_172217,0.0
NP_172218,0.0
NP_172219,650.0
NP_172220,0.0
NP_172221,0.0
NP_172223,0.0
NP_172224,0.0
NP_172225,0.0
NP_172226,0.0
NP_172228,0.0
NP_172229,0.0
NP_172231,0.0
NP_172232,0.0
NP_172233,0.0
NP_172235,460.0
NP_172236,486.0
NP_172237,1252.0
NP_172238,0.0
NP_172239,0.0
NP_172240,0.0
NP_172241,0.0
NP_172244,683.0
NP_172246,48.0
NP_172247,0.0
NP_172248,0.0
NP_172250,0.0
NP_172251,0.0
NP_172253,0.0
NP_172254,0.0
NP_172255,0.0
NP_172256,0.0
NP_172257,0.0
NP_172258,0.0
NP_172259,0.0
NP_172261,0.0
NP_172263,0.0
NP_172264,0.0
NP_172265,718.0
NP_172266,998.0
NP_172267,0.0
NP_172268,0.0
NP_172269,49.0
NP_172274,0.0
NP_172275,0.0
NP_172277,0.0
NP_172278,0.0
NP_172279,0.0
NP_172283,0.0
NP_172285,0.0
NP_172286,0.0
NP_172287,0.0
NP_172288,0.0
NP_172289,0.0
NP_172291,0.0
NP_172292,0.0
NP_172293,0.0
NP_172294,0.0
NP_172295,0.0
NP_172296,0.0
NP_172297,0.0
NP_172300,0.0
NP_172303,40.0
NP_172304,0.0
NP_172305,0.0
NP_172306,0.0
NP_172307,0.0
NP_172308,45.0
NP_172310,0.0
NP_172315,0.0
NP_172316,40.0
NP_172317,0.0
NP_172318,0.0
NP_172319,0.0
NP_172320,0.0
NP_172325,0.0
NP_172327,0.0
NP_172329,0.0
NP_172330,0.0
NP_172331,0.0
NP_172332,0.0
NP_172333,0.0
NP_172334,0.0
NP_172335,1169.0
NP_172336,0.0
NP_172337,0.0
NP_172338,49.0
NP_172341,0.0
NP_172342,0.0
NP_172343,0.0
NP_172344,0.0
NP_172346,0.0
NP_172347,0.0
NP_172349,59.0
NP_172353,0.0
NP_172356,0.0
NP_172357,0.0
NP_172358,0.0
NP_172359,0.0
NP_172360,0.0
NP_172362,0.0
NP_172363,0.0
NP_172364,50.0
NP_172366,0.0
NP_172369,0.0
NP_172370,34.0
NP_172371,0.0
NP_172373,0.0
NP_172377,0.0
NP_172378,41.0
NP_172379,46.0
NP_172380,0.0
NP_172382,0.0
NP_172383,49.0
NP_172384,0.0
NP_172386,0.0
NP_172387,0.0
NP_172388,0.0
NP_172389,0.0
NP_172390,0.0
NP_172391,0.0
NP_172392,0.0
NP_172393,0.0
NP_172394,0.0
NP_172395,0.0
NP_172397,0.0
NP_172398,0.0
NP_172400,0.0
NP_172401,0.0
NP_172403,0.0
NP_172405,0.0
NP_172406,0.0
NP_172407,0.0
NP_172408,0.0
NP_172409,0.0
NP_172410,0.0
NP_172411,0.0
NP_172412,0.0
NP_172414,0.0
NP_172415,608.0
NP_172416,0.0
NP_172417,0.0
NP_172418,0.0
NP_172419,0.0
NP_172420,0.0
NP_172421,0.0
NP_172422,0.0
NP_172424,0.0
NP_172425,0.0
NP_172426,0.0
NP_172427,0.0
NP_172428,0.0
NP_172429,0.0
NP_172431,459.0
NP_172432,0.0
NP_172433,0.0
NP_172434,0.0
NP_172436,0.0
NP_172437,0.0
NP_172439,0.0
NP_172442,0.0
NP_172443,0.0
NP_172444,0.0
NP_172445,0.0
NP_172447,0.0
NP_172448,42.0
NP_172450,0.0
NP_172451,37.0
NP_172452,0.0
NP_172453,0.0
NP_172454,37.0
NP_172455,452.0
NP_172457,0.0
NP_172459,0.0
NP_172460,0.0
NP_172461,0.0
NP_172462,0.0
NP_172464,0.0
NP_172465,0.0
NP_172466,0.0
NP_172467,0.0
NP_172468,1137.0
NP_172469,0.0
NP_172471,0.0
NP_172472,0.0
NP_172473,0.0
NP_172475,0.0
NP_172476,0.0
NP_172478,0.0
NP_172480,0.0
NP_172481,0.0
NP_172482,0.0
NP_172483,0.0
NP_172488,0.0
NP_172490,0.0
NP_172491,0.0
NP_172492,1061.0
NP_172496,0.0
NP_172498,54.0
NP_172499,0.0
NP_172500,0.0
NP_172501,0.0
NP_172503,0.0
NP_172504,0.0
NP_172506,0.0
NP_172507,0.0
NP_172508,0.0
NP_172510,0.0
NP_172511,0.0
NP_172512,0.0
NP_172514,0.0
NP_172515,0.0
NP_172517,0.0
NP_172518,0.0
NP_172519,0.0
NP_172520,0.0
NP_172522,0.0
NP_172523,0.0
NP_172524,0.0
NP_172525,0.0
NP_172526,0.0
NP_172527,0.0
NP_172528,0.0
NP_172530,0.0
NP_172531,0.0
NP_172532,667.0
NP_172533,0.0
NP_172535,0.0
NP_172536,0.0
NP_172537,0.0
NP_172538,0.0
NP_172539,0.0
NP_172540,0.0
NP_172543,0.0
NP_172544,0.0
NP_172545,44.0
NP_172548,0.0
NP_172549,0.0
NP_172550,0.0
NP_172551,0.0
NP_172552,0.0
NP_172556,0.0
NP_172558,0.0
NP_172559,0.0
NP_172560,0.0
NP_172561,403.0
NP_172562,63.0
NP_172563,222.0
NP_172565,0.0
NP_172567,0.0
NP_172568,0.0
NP_172571,0.0
NP_172572,512.0
NP_172573,0.0
NP_172575,0.0
NP_172576,0.0
NP_172577,42.0
NP_172579,0.0
NP_172580,366.0
NP_172582,0.0
NP_172583,0.0
NP_172584,0.0
NP_172585,0.0
NP_172588,0.0
NP_172589,0.0
NP_172591,0.0
NP_172592,0.0
NP_172594,0.0
NP_172596,0.0
NP_172597,370.0
NP_172598,0.0
NP_172599,0.0
NP_172600,481.0
NP_172601,470.0
NP_172602,517.0
NP_172604,0.0
NP_172606,53.0
NP_172608,454.0
NP_172609,0.0
NP_172610,0.0
NP_172611,0.0
NP_172612,0.0
NP_172613,0.0
NP_172614,0.0
NP_172616,0.0
NP_172617,0.0
NP_172618,0.0
NP_172619,0.0
NP_172620,0.0
NP_172621,0.0
NP_172622,0.0
NP_172623,0.0
NP_172624,0.0
NP_172625,0.0
NP_172626,0.0
NP_172627,0.0
NP_172628,0.0
NP_172629,0.0
NP_172630,0.0
NP_172631,0.0
NP_172632,0.0
NP_172633,0.0
NP_172634,0.0
NP_172635,0.0
NP_172636,0.0
NP_172637,0.0
NP_172638,0.0
NP_172639,0.0
NP_172641,0.0
NP_172642,0.0
NP_172643,0.0
NP_172644,0.0
NP_172646,0.0
NP_172647,0.0
NP_172648,0.0
NP_172650,0.0
NP_172651,0.0
NP_172652,0.0
NP_172653,0.0
NP_172654,0.0
NP_172655,0.0
NP_172656,0.0
NP_172658,0.0
NP_172659,0.0
NP_172660,0.0
NP_172661,0.0
NP_172662,0.0
NP_172663,0.0
NP_172664,0.0
NP_172665,0.0
NP_172667,0.0
NP_172668,317.0
NP_172669,0.0
NP_172670,0.0
NP_172671,0.0
NP_172673,0.0
NP_172674,0.0
NP_172676,0.0
NP_172677,0.0
NP_172678,0.0
NP_172679,0.0
NP_172680,0.0
NP_172681,0.0
NP_172682,0.0
NP_172683,0.0
NP_172684,0.0
NP_172685,2841.0
NP_172686,4610.0
NP_172690,0.0
NP_172691,0.0
NP_172692,2901.0
NP_172693,2624.0
NP_172694,0.0
NP_172695,0.0
NP_172696,0.0
NP_172697,44.0
NP_172700,41.0
NP_172701,0.0
NP_172702,0.0
NP_172704,0.0
NP_172706,0.0
NP_172707,0.0
NP_172708,903.0
NP_172709,0.0
NP_172711,0.0
NP_172712,0.0
NP_172714,0.0
NP_172715,0.0
NP_172716,0.0
NP_172717,0.0
NP_172718,0.0
NP_172719,0.0
NP_172720,0.0
NP_172721,0.0
NP_172723,0.0
NP_172724,0.0
NP_172725,0.0
NP_172728,183.0
NP_172731,0.0
NP_172734,0.0
NP_172735,0.0
NP_172736,0.0
NP_172737,0.0
NP_172738,0.0
NP_172740,0.0
NP_172743,0.0
NP_172746,0.0
NP_172747,0.0
NP_172749,0.0
NP_172750,0.0
NP_172751,0.0
NP_172752,0.0
NP_172754,0.0
NP_172755,0.0
NP_172756,0.0
NP_172758,0.0
NP_172759,0.0
NP_172760,0.0
NP_172761,0.0
NP_172762,0.0
NP_172763,0.0
NP_172764,0.0
NP_172765,0.0
NP_172767,0.0
NP_172768,0.0
NP_172769,0.0
NP_172770,0.0
NP_172771,0.0
NP_172772,0.0
NP_172773,0.0
NP_172774,41.0
NP_172775,0.0
NP_172776,52.0
NP_172777,0.0
NP_172778,0.0
NP_172779,0.0
NP_172780,42.0
NP_172782,330.0
NP_172784,0.0
NP_172785,0.0
NP_172786,51.0
NP_172787,0.0
NP_172790,0.0
NP_172791,0.0
NP_172792,0.0
NP_172794,0.0
NP_172796,0.0
NP_172797,0.0
NP_172798,0.0
NP_172799,48.0
NP_172800,0.0
NP_172801,0.0
NP_172802,0.0
NP_172803,0.0
NP_172804,0.0
NP_172805,0.0
NP_172806,0.0
NP_172807,0.0
NP_172808,0.0
NP_172809,0.0
NP_172810,0.0
NP_172811,0.0
NP_172812,0.0
NP_172813,0.0
NP_172814,67.0
NP_172815,0.0
NP_172816,0.0
NP_172817,0.0
NP_172818,0.0
NP_172819,0.0
NP_172820,0.0
NP_172822,35.0
NP_172823,0.0
NP_172824,0.0
NP_172826,0.0
NP_172827,0.0
NP_172830,0.0
NP_172831,0.0
NP_172832,0.0
NP_172833,0.0
NP_172834,0.0
NP_172835,0.0
NP_172836,0.0
NP_172837,0.0
NP_172838,0.0
NP_172839,0.0
NP_172840,0.0
NP_172841,0.0
NP_172842,0.0
NP_172843,0.0
NP_172844,358.0
NP_172845,0.0
NP_172847,0.0
NP_172848,0.0
NP_172849,766.0
NP_172850,46.0
NP_172851,0.0
NP_172853,249.0
NP_172854,0.0
NP_172855,0.0
NP_172856,0.0
NP_172857,0.0
NP_172860,0.0
NP_172863,0.0
NP_172864,0.0
NP_172865,0.0
NP_172866,0.0
NP_172868,0.0
NP_172869,0.0
NP_172871,0.0
NP_172872,0.0
NP_172876,0.0
NP_172877,0.0
NP_172878,0.0
NP_172880,56.0
NP_172882,0.0
NP_172883,0.0
NP_172885,0.0
NP_172889,1094.0
NP_172893,0.0
NP_172894,0.0
NP_172895,0.0
NP_172896,0.0
NP_172898,46.0
NP_172899,0.0
NP_172900,0.0
NP_172901,0.0
NP_172902,0.0
NP_172903,0.0
NP_172904,0.0
NP_172906,0.0
NP_172907,0.0
NP_172908,0.0
NP_172910,59.0
NP_172911,0.0
NP_172912,0.0
NP_172913,0.0
NP_172914,0.0
NP_172915,0.0
NP_172916,0.0
NP_172917,57.0
NP_172918,0.0
NP_172919,0.0
NP_172920,0.0
NP_172922,46.0
NP_172923,0.0
NP_172925,0.0
NP_172926,0.0
NP_172928,0.0
NP_172929,0.0
NP_172930,0.0
NP_172931,0.0
NP_172932,63.0
NP_172933,0.0
NP_172934,0.0
NP_172935,0.0
NP_172936,0.0
NP_172938,45.0
NP_172939,0.0
NP_172940,0.0
NP_172941,0.0
NP_172943,0.0
NP_172944,0.0
NP_172945,0.0
NP_172946,0.0
NP_172947,0.0
NP_172948,0.0
NP_172949,0.0
NP_172950,0.0
NP_172952,0.0
NP_172953,0.0
NP_172955,0.0
NP_172956,0.0
NP_172958,0.0
NP_172959,0.0
NP_172960,0.0
NP_172961,0.0
NP_172962,0.0
NP_172963,0.0
NP_172964,0.0
NP_172965,0.0
NP_172967,46.0
NP_172968,57.0
NP_172969,47.0
NP_172971,0.0
NP_172973,52.0
NP_172976,0.0
NP_172977,0.0
NP_172980,0.0
NP_172981,54.0
NP_172984,0.0
NP_172985,0.0
NP_172988,0.0
NP_172989,0.0
NP_172993,0.0
NP_172994,0.0
NP_172998,0.0
NP_172999,0.0
NP_173001,0.0
NP_173002,0.0
NP_173003,0.0
NP_173004,0.0
NP_173005,49.0
NP_173006,575.0
NP_173007,0.0
NP_173008,0.0
NP_173010,0.0
NP_173011,0.0
NP_173012,0.0
NP_173013,0.0
NP_173014,0.0
NP_173015,0.0
NP_173016,0.0
NP_173017,0.0
NP_173018,0.0
NP_173020,0.0
NP_173021,0.0
NP_173022,0.0
NP_173023,0.0
NP_173024,0.0
NP_173025,0.0
NP_173028,0.0
NP_173029,0.0
NP_173030,47.0
NP_173031,0.0
NP_173032,0.0
NP_173034,0.0
NP_173035,0.0
NP_173036,0.0
NP_173037,0.0
NP_173041,1830.0
NP_173042,0.0
NP_173043,0.0
NP_173044,0.0
NP_173045,0.0
NP_173046,0.0
NP_173047,0.0
NP_173048,0.0
NP_173049,0.0
NP_173055,0.0
NP_173056,0.0
NP_173059,0.0
NP_173061,0.0
NP_173062,401.0
NP_173063,473.0
NP_173064,464.0
NP_173067,453.0
NP_173069,0.0
NP_173070,0.0
NP_173072,0.0
NP_173075,0.0
NP_173076,496.0
NP_173077,46.0
NP_173078,0.0
NP_173079,0.0
NP_173080,0.0
NP_173081,46.0
NP_173082,0.0
NP_173083,0.0
NP_173084,0.0
NP_173085,0.0
NP_173086,0.0
NP_173087,0.0
NP_173088,0.0
NP_173089,0.0
NP_173092,200.0
NP_173094,0.0
NP_173096,0.0
NP_173097,0.0
NP_173098,0.0
NP_173100,0.0
NP_173102,0.0
NP_173104,0.0
NP_173105,0.0
NP_173107,0.0
NP_173108,0.0
NP_173109,0.0
NP_173110,0.0
NP_173112,0.0
NP_173113,0.0
NP_173114,0.0
NP_173115,0.0
NP_173116,0.0
NP_173117,0.0
NP_173118,0.0
NP_173120,347.0
NP_173121,0.0
NP_173123,0.0
NP_173126,0.0
NP_173127,0.0
NP_173131,0.0
NP_173134,0.0
NP_173135,0.0
NP_173136,0.0
NP_173137,47.0
NP_173138,0.0
NP_173139,0.0
NP_173140,0.0
NP_173142,0.0
NP_173143,0.0
NP_173144,0.0
NP_173145,0.0
NP_173146,0.0
NP_173147,45.0
NP_173148,0.0
NP_173150,0.0
NP_173152,0.0
NP_173153,0.0
NP_173155,0.0
NP_173156,0.0
NP_173158,0.0
NP_173159,0.0
NP_173160,0.0
NP_173161,0.0
NP_173162,0.0
NP_173164,0.0
NP_173165,41.0
NP_173166,1491.0
NP_173167,733.0
NP_173168,675.0
NP_173169,0.0
NP_173170,0.0
NP_173172,0.0
NP_173173,0.0
NP_173174,40.0
NP_173175,0.0
NP_173176,0.0
NP_173177,0.0
NP_173178,0.0
NP_173179,0.0
NP_173183,0.0
NP_173184,0.0
NP_173188,50.0
NP_173190,0.0
NP_173191,0.0
NP_173193,40.0
NP_173195,0.0
NP_173197,376.0
NP_173198,0.0
NP_173199,0.0
NP_173200,0.0
NP_173201,0.0
NP_173202,0.0
NP_173203,1158.0
NP_173204,386.0
NP_173205,594.0
NP_173207,0.0
NP_173208,0.0
NP_173210,0.0
NP_173212,0.0
NP_173213,0.0
NP_173215,0.0
NP_173217,1326.0
NP_173218,0.0
NP_173220,0.0
NP_173222,0.0
NP_173223,0.0
NP_173224,0.0
NP_173226,0.0
NP_173228,0.0
NP_173229,0.0
NP_173230,0.0
NP_173233,477.0
NP_173236,0.0
NP_173237,0.0
NP_173238,0.0
NP_173239,0.0
NP_173240,49.0
NP_173241,0.0
NP_173244,511.0
NP_173247,0.0
NP_173248,0.0
NP_173250,0.0
NP_173251,0.0
NP_173252,0.0
NP_173253,847.0
NP_173254,40.0
NP_173256,0.0
NP_173257,0.0
NP_173258,0.0
NP_173259,0.0
NP_173260,0.0
NP_173261,0.0
NP_173263,47.0
NP_173264,0.0
NP_173265,0.0
NP_173266,0.0
NP_173267,0.0
NP_173268,0.0
NP_173269,0.0
NP_173271,0.0
NP_173272,0.0
NP_173273,0.0
NP_173275,464.0
NP_173276,0.0
NP_173277,57.0
NP_173278,38.0
NP_173279,0.0
NP_173281,0.0
NP_173285,0.0
NP_173286,0.0
NP_173288,0.0
NP_173289,0.0
NP_173290,0.0
NP_173292,0.0
NP_173294,0.0
NP_173296,0.0
NP_173297,45.0
NP_173298,0.0
NP_173302,197.0
NP_173303,0.0
NP_173304,0.0
NP_173305,0.0
NP_173306,0.0
NP_173308,0.0
NP_173310,0.0
NP_173311,0.0
NP_173312,0.0
NP_173313,0.0
NP_173314,0.0
NP_173317,0.0
NP_173318,0.0
NP_173321,0.0
NP_173322,0.0
NP_173324,0.0
NP_173325,51.0
NP_173328,0.0
NP_173329,43.0
NP_173330,0.0
NP_173332,0.0
NP_173333,0.0
NP_173334,34.0
NP_173338,0.0
NP_173339,0.0
NP_173340,0.0
NP_173341,0.0
NP_173342,0.0
NP_173344,0.0
NP_173345,0.0
NP_173349,0.0
NP_173350,0.0
NP_173351,0.0
NP_173353,0.0
NP_173354,0.0
NP_173355,0.0
NP_173356,0.0
NP_173357,0.0
NP_173359,0.0
NP_173360,0.0
NP_173361,0.0
NP_173362,38.0
NP_173365,0.0
NP_173371,0.0
NP_173372,353.0
NP_173373,0.0
NP_173374,58.0
NP_173376,0.0
NP_173377,0.0
NP_173378,0.0
NP_173379,0.0
NP_173381,0.0
NP_173382,0.0
NP_173385,0.0
NP_173386,0.0
NP_173387,0.0
NP_173390,0.0
NP_173391,0.0
NP_173392,0.0
NP_173393,0.0
NP_173394,0.0
NP_173398,34.0
NP_173400,55.0
NP_173401,0.0
NP_173402,0.0
NP_173403,0.0
NP_173404,0.0
NP_173405,0.0
NP_173407,0.0
NP_173408,0.0
NP_173409,0.0
NP_173410,0.0
NP_173411,0.0
NP_173412,0.0
NP_173414,0.0
NP_173417,0.0
NP_173418,0.0
NP_173419,0.0
NP_173422,0.0
NP_173423,0.0
NP_173425,0.0
NP_173426,0.0
NP_173427,0.0
NP_173428,0.0
NP_173429,0.0
NP_173431,0.0
NP_173432,0.0
NP_173433,0.0
NP_173434,61.0
NP_173435,0.0
NP_173436,0.0
NP_173437,0.0
NP_173441,0.0
NP_173445,34.0
NP_173446,0.0
NP_173447,0.0
NP_173449,0.0
NP_173450,0.0
NP_173451,0.0
NP_173454,0.0
NP_173457,0.0
NP_173458,0.0
NP_173459,0.0
NP_173460,0.0
NP_173461,0.0
NP_173463,44.0
NP_173465,0.0
NP_173466,0.0
NP_173468,0.0
NP_173470,0.0
NP_173471,0.0
NP_173472,0.0
NP_173473,0.0
NP_173474,0.0
NP_173476,0.0
NP_173477,0.0
NP_173478,0.0
NP_173479,0.0
NP_173484,0.0
NP_173485,0.0
NP_173488,0.0
NP_173489,746.0
NP_173490,0.0
NP_173493,0.0
NP_173494,0.0
NP_173495,0.0
NP_173496,0.0
NP_173497,0.0
NP_173498,0.0
NP_173499,0.0
NP_173500,0.0
NP_173502,0.0
NP_173504,0.0
NP_173505,0.0
NP_173506,0.0
NP_173507,0.0
NP_173508,0.0
NP_173510,0.0
NP_173511,0.0
NP_173513,0.0
NP_173514,0.0
NP_173515,0.0
NP_173516,44.0
NP_173517,461.0
NP_173518,0.0
NP_173519,0.0
NP_173520,54.0
NP_173521,45.0
NP_173522,64.0
NP_173523,0.0
NP_173534,0.0
NP_173535,0.0
NP_173536,0.0
NP_173537,0.0
NP_173538,0.0
NP_173539,0.0
NP_173540,54.0
NP_173541,51.0
NP_173542,0.0
NP_173544,511.0
NP_173546,506.0
NP_173547,447.0
NP_173549,508.0
NP_173550,0.0
NP_173553,0.0
NP_173554,0.0
NP_173556,0.0
NP_173557,0.0
NP_173558,0.0
NP_173559,0.0
NP_173561,0.0
NP_173562,0.0
NP_173564,0.0
NP_173565,0.0
NP_173566,44.0
NP_173570,45.0
NP_173571,0.0
NP_173572,0.0
NP_173573,0.0
NP_173575,45.0
NP_173577,46.0
NP_173578,363.0
NP_173580,0.0
NP_173581,0.0
NP_173582,53.0
NP_173584,35.0
NP_173585,0.0
NP_173589,0.0
NP_173590,0.0
NP_173592,0.0
NP_173593,59.0
NP_173594,0.0
NP_173597,0.0
NP_173599,0.0
NP_173601,0.0
NP_173602,0.0
NP_173603,0.0
NP_173604,0.0
NP_173605,0.0
NP_173607,0.0
NP_173608,0.0
NP_173609,0.0
NP_173610,0.0
NP_173611,0.0
NP_173612,0.0
NP_173614,0.0
NP_173615,0.0
NP_173616,0.0
NP_173617,0.0
NP_173618,0.0
NP_173619,62.0
NP_173620,0.0
NP_173621,0.0
NP_173623,0.0
NP_173624,0.0
NP_173625,51.0
NP_173627,0.0
NP_173629,0.0
NP_173630,0.0
NP_173631,0.0
NP_173632,0.0
NP_173637,0.0
NP_173638,0.0
NP_173640,0.0
NP_173641,0.0
NP_173642,0.0
NP_173643,0.0
NP_173644,0.0
NP_173645,57.0
NP_173650,0.0
NP_173652,0.0
NP_173653,0.0
NP_173655,0.0
NP_173656,0.0
NP_173657,0.0
NP_173658,0.0
NP_173659,0.0
NP_173660,0.0
NP_173661,0.0
NP_173662,0.0
NP_173663,0.0
NP_173664,0.0
NP_173666,0.0
NP_173669,0.0
NP_173670,0.0
NP_173671,0.0
NP_173672,0.0
NP_173674,0.0
NP_173675,0.0
NP_173676,0.0
NP_173680,0.0
NP_173681,0.0
NP_173682,0.0
NP_173683,0.0
NP_173685,0.0
NP_173686,0.0
NP_173687,0.0
NP_173688,0.0
NP_173690,0.0
NP_173692,0.0
NP_173694,0.0
NP_173695,0.0
NP_173696,51.0
NP_173697,0.0
NP_173700,0.0
NP_173701,0.0
NP_173702,0.0
NP_173703,0.0
NP_173705,0.0
NP_173706,45.0
NP_173707,0.0
NP_173708,0.0
NP_173710,0.0
NP_173712,0.0
NP_173713,0.0
NP_173714,0.0
NP_173715,0.0
NP_173716,0.0
NP_173718,0.0
NP_173720,0.0
NP_173722,0.0
NP_173723,0.0
NP_173724,0.0
NP_173725,0.0
NP_173727,0.0
NP_173728,0.0
NP_173729,41.0
NP_173730,0.0
NP_173731,0.0
NP_173732,47.0
NP_173733,0.0
NP_173734,0.0
NP_173735,0.0
NP_173736,0.0
NP_173737,50.0
NP_173738,0.0
NP_173739,0.0
NP_173741,0.0
NP_173742,0.0
NP_173743,0.0
NP_173744,0.0
NP_173746,0.0
NP_173747,0.0
NP_173748,0.0
NP_173749,0.0
NP_173750,0.0
NP_173752,0.0
NP_173754,0.0
NP_173755,0.0
NP_173758,0.0
NP_173759,0.0
NP_173760,0.0
NP_173762,38.0
NP_173764,0.0
NP_173766,0.0
NP_173767,0.0
NP_173768,674.0
NP_173769,0.0
NP_173773,0.0
NP_173774,0.0
NP_173776,0.0
NP_173778,0.0
NP_173780,0.0
NP_173781,0.0
NP_173784,0.0
NP_173785,0.0
NP_173786,0.0
NP_173788,0.0
NP_173789,0.0
NP_173791,0.0
NP_173793,0.0
NP_173794,0.0
NP_173799,0.0
NP_173800,0.0
NP_173802,0.0
NP_173803,0.0
NP_173807,0.0
NP_173809,0.0
NP_173811,0.0
NP_173812,0.0
NP_173813,0.0
NP_173814,511.0
NP_173815,0.0
NP_173816,0.0
NP_173817,0.0
NP_173818,0.0
NP_173820,0.0
NP_173821,0.0
NP_173822,0.0
NP_173823,0.0
NP_173824,0.0
NP_173826,0.0
NP_173827,0.0
NP_173828,0.0
NP_173829,42.0
NP_173830,0.0
NP_173832,0.0
NP_173833,0.0
NP_173835,0.0
NP_173837,0.0
NP_173838,0.0
NP_173839,0.0
NP_173840,52.0
NP_173841,0.0
NP_173842,0.0
NP_173843,0.0
NP_173844,67.0
NP_173848,0.0
NP_173849,0.0
NP_173851,0.0
NP_173852,0.0
NP_173854,0.0
NP_173855,60.0
NP_173856,0.0
NP_173857,0.0
NP_173858,0.0
NP_173859,0.0
NP_173860,0.0
NP_173862,0.0
NP_173863,0.0
NP_173864,0.0
NP_173866,0.0
NP_173869,621.0
NP_173871,50.0
NP_173872,0.0
NP_173873,0.0
NP_173874,0.0
NP_173875,0.0
NP_173876,0.0
NP_173877,0.0
NP_173882,0.0
NP_173883,0.0
NP_173885,0.0
NP_173886,0.0
NP_173887,0.0
NP_173888,0.0
NP_173891,0.0
NP_173893,0.0
NP_173894,0.0
NP_173895,0.0
NP_173896,0.0
NP_173898,0.0
NP_173899,0.0
NP_173900,0.0
NP_173901,0.0
NP_173902,0.0
NP_173906,0.0
NP_173907,0.0
NP_173910,489.0
NP_173912,0.0
NP_173915,0.0
NP_173916,0.0
NP_173918,0.0
NP_173919,0.0
NP_173920,0.0
NP_173921,0.0
NP_173922,0.0
NP_173923,0.0
NP_173924,0.0
NP_173925,0.0
NP_173927,0.0
NP_173930,0.0
NP_173933,0.0
NP_173934,0.0
NP_173935,0.0
NP_173937,0.0
NP_173939,0.0
NP_173940,670.0
NP_173942,55.0
NP_173943,0.0
NP_173944,0.0
NP_173946,0.0
NP_173947,0.0
NP_173948,0.0
NP_173949,0.0
NP_173950,0.0
NP_173953,0.0
NP_173954,37.0
NP_173956,0.0
NP_173957,0.0
NP_173958,0.0
NP_173959,0.0
NP_173960,0.0
NP_173961,0.0
NP_173964,0.0
NP_173965,0.0
NP_173966,0.0
NP_173968,0.0
NP_173972,0.0
NP_173973,0.0
NP_173974,0.0
NP_173975,0.0
NP_173976,0.0
NP_173978,0.0
NP_173979,0.0
NP_173980,0.0
NP_173981,0.0
NP_173983,0.0
NP_173984,0.0
NP_173985,0.0
NP_173986,0.0
NP_173990,0.0
NP_173994,0.0
NP_173995,0.0
NP_173998,0.0
NP_173999,0.0
NP_174001,0.0
NP_174003,0.0
NP_174005,0.0
NP_174006,0.0
NP_174009,0.0
NP_174010,0.0
NP_174011,0.0
NP_174012,0.0
NP_174013,0.0
NP_174015,0.0
NP_174019,1073.0
NP_174022,0.0
NP_174024,0.0
NP_174025,0.0
NP_174026,0.0
NP_174027,46.0
NP_174028,0.0
NP_174029,0.0
NP_174030,0.0
NP_174031,0.0
NP_174032,0.0
NP_174033,0.0
NP_174034,0.0
NP_174036,0.0
NP_174037,1194.0
NP_174038,844.0
NP_174039,574.0
NP_174042,0.0
NP_174043,0.0
NP_174044,0.0
NP_174045,0.0
NP_174046,0.0
NP_174047,0.0
NP_174051,0.0
NP_174057,0.0
NP_174059,0.0
NP_174060,0.0
NP_174061,0.0
NP_174062,0.0
NP_174063,51.0
NP_174064,0.0
NP_174067,0.0
NP_174069,0.0
NP_174070,0.0
NP_174074,0.0
NP_174075,0.0
NP_174077,0.0
NP_174078,0.0
NP_174079,0.0
NP_174082,0.0
NP_174083,0.0
NP_174084,0.0
NP_174085,0.0
NP_174086,0.0
NP_174087,40.0
NP_174088,0.0
NP_174089,0.0
NP_174092,0.0
NP_174093,0.0
NP_174094,0.0
NP_174096,0.0
NP_174103,0.0
NP_174105,0.0
NP_174106,53.0
NP_174107,0.0
NP_174108,0.0
NP_174109,59.0
NP_174110,0.0
NP_174112,0.0
NP_174113,72.0
NP_174115,38.0
NP_174116,0.0
NP_174117,0.0
NP_174118,0.0
NP_174119,40.0
NP_174120,0.0
NP_174121,0.0
NP_174122,54.0
NP_174123,0.0
NP_174124,0.0
NP_174125,0.0
NP_174126,0.0
NP_174127,0.0
NP_174128,0.0
NP_174129,0.0
NP_174130,0.0
NP_174131,0.0
NP_174134,0.0
NP_174135,0.0
NP_174138,0.0
NP_174139,0.0
NP_174140,0.0
NP_174141,0.0
NP_174142,0.0
NP_174143,0.0
NP_174144,0.0
NP_174145,0.0
NP_174147,0.0
NP_174148,0.0
NP_174150,0.0
NP_174152,0.0
NP_174153,0.0
NP_174154,0.0
NP_174156,68.0
NP_174157,0.0
NP_174158,0.0
NP_174159,0.0
NP_174161,275.0
NP_174162,0.0
NP_174163,0.0
NP_174164,47.0
NP_174165,0.0
NP_174166,1138.0
NP_174167,0.0
NP_174168,0.0
NP_174170,0.0
NP_174172,0.0
NP_174174,0.0
NP_174175,40.0
NP_174177,0.0
NP_174178,0.0
NP_174179,0.0
NP_174180,0.0
NP_174181,0.0
NP_174182,0.0
NP_174184,0.0
NP_174185,0.0
NP_174186,0.0
NP_174188,0.0
NP_174189,0.0
NP_174190,0.0
NP_174191,0.0
NP_174193,0.0
NP_174195,0.0
NP_174196,0.0
NP_174197,0.0
NP_174198,0.0
NP_174202,0.0
NP_174205,0.0
NP_174207,0.0
NP_174209,0.0
NP_174210,0.0
NP_174211,0.0
NP_174212,0.0
NP_174213,0.0
NP_174215,0.0
NP_174217,39.0
NP_174218,38.0
NP_174220,0.0
NP_174221,0.0
NP_174222,0.0
NP_174224,0.0
NP_174225,0.0
NP_174226,0.0
NP_174228,0.0
NP_174229,0.0
NP_174230,0.0
NP_174231,0.0
NP_174233,0.0
NP_174234,0.0
NP_174235,0.0
NP_174236,0.0
NP_174237,0.0
NP_174240,0.0
NP_174241,0.0
NP_174243,0.0
NP_174245,0.0
NP_174246,0.0
NP_174247,35.0
NP_174248,0.0
NP_174249,0.0
NP_174250,0.0
NP_174251,0.0
NP_174252,0.0
NP_174255,0.0
NP_174256,0.0
NP_174257,0.0
NP_174259,0.0
NP_174260,0.0
NP_174261,0.0
NP_174264,0.0
NP_174266,590.0
NP_174267,596.0
NP_174268,569.0
NP_174269,0.0
NP_174270,0.0
NP_174271,0.0
NP_174272,0.0
NP_174273,0.0
NP_174274,0.0
NP_174275,0.0
NP_174276,0.0
NP_174277,0.0
NP_174279,309.0
NP_174280,0.0
NP_174282,0.0
NP_174286,0.0
NP_174289,0.0
NP_174292,0.0
NP_174294,0.0
NP_174295,0.0
NP_174296,0.0
NP_174297,0.0
NP_174298,0.0
NP_174300,0.0
NP_174302,0.0
NP_174303,0.0
NP_174304,0.0
NP_174306,0.0
NP_174308,0.0
NP_174309,0.0
NP_174310,0.0
NP_174313,0.0
NP_174314,0.0
NP_174315,40.0
NP_174316,0.0
NP_174319,0.0
NP_174320,0.0
NP_174321,0.0
NP_174322,0.0
NP_174323,0.0
NP_174324,0.0
NP_174326,0.0
NP_174327,0.0
NP_174329,53.0
NP_174332,0.0
NP_174333,43.0
NP_174334,0.0
NP_174335,0.0
NP_174336,0.0
NP_174337,0.0
NP_174338,0.0
NP_174340,0.0
NP_174343,0.0
NP_174344,0.0
NP_174345,589.0
NP_174346,0.0
NP_174347,0.0
NP_174348,0.0
NP_174349,0.0
NP_174350,0.0
NP_174351,0.0
NP_174352,45.0
NP_174354,0.0
NP_174355,0.0
NP_174357,0.0
NP_174358,0.0
NP_174359,40.0
NP_174360,0.0
NP_174361,0.0
NP_174363,0.0
NP_174364,0.0
NP_174365,0.0
NP_174366,0.0
NP_174367,0.0
NP_174368,0.0
NP_174370,0.0
NP_174371,0.0
NP_174372,0.0
NP_174375,47.0
NP_174376,0.0
NP_174377,0.0
NP_174379,0.0
NP_174383,0.0
NP_174385,0.0
NP_174386,0.0
NP_174390,0.0
NP_174391,0.0
NP_174394,0.0
NP_174395,0.0
NP_174397,0.0
NP_174399,0.0
NP_174400,0.0
NP_174401,0.0
NP_174403,0.0
NP_174405,0.0
NP_174407,0.0
NP_174408,0.0
NP_174409,0.0
NP_174410,0.0
NP_174411,0.0
NP_174412,0.0
NP_174413,0.0
NP_174414,0.0
NP_174416,0.0
NP_174417,0.0
NP_174418,0.0
NP_174420,0.0
NP_174421,0.0
NP_174422,0.0
NP_174423,0.0
NP_174424,0.0
NP_174425,0.0
NP_174426,0.0
NP_174427,492.0
NP_174428,0.0
NP_174429,0.0
NP_174430,0.0
NP_174432,48.0
NP_174433,0.0
NP_174434,42.0
NP_174435,0.0
NP_174436,0.0
NP_174437,0.0
NP_174438,0.0
NP_174439,1610.0
NP_174440,0.0
NP_174441,0.0
NP_174442,0.0
NP_174443,0.0
NP_174444,0.0
NP_174445,46.0
NP_174446,49.0
NP_174447,0.0
NP_174448,40.0
NP_174450,0.0
NP_174452,0.0
NP_174453,0.0
NP_174454,0.0
NP_174458,0.0
NP_174459,0.0
NP_174461,55.0
NP_174462,0.0
NP_174463,0.0
NP_174465,0.0
NP_174466,0.0
NP_174467,0.0
NP_174468,0.0
NP_174469,0.0
NP_174470,0.0
NP_174471,0.0
NP_174472,0.0
NP_174473,0.0
NP_174474,0.0
NP_174475,0.0
NP_174478,0.0
NP_174479,0.0
NP_174480,0.0
NP_174481,0.0
NP_174482,0.0
NP_174483,0.0
NP_174485,0.0
NP_174486,0.0
NP_174489,0.0
NP_174490,0.0
NP_174491,0.0
NP_174492,0.0
NP_174493,0.0
NP_174494,0.0
NP_174496,0.0
NP_174497,40.0
NP_174498,0.0
NP_174499,0.0
NP_174500,0.0
NP_174504,0.0
NP_174505,0.0
NP_174506,0.0
NP_174507,0.0
NP_174510,0.0
NP_174511,0.0
NP_174512,0.0
NP_174516,0.0
NP_174520,0.0
NP_174521,0.0
NP_174523,0.0
NP_174525,0.0
NP_174526,0.0
NP_174527,0.0
NP_174529,0.0
NP_174530,0.0
NP_174531,0.0
NP_174533,0.0
NP_174534,0.0
NP_174535,0.0
NP_174536,0.0
NP_174538,0.0
NP_174539,0.0
NP_174540,0.0
NP_174541,0.0
NP_174543,0.0
NP_174546,0.0
NP_174548,0.0
NP_174549,0.0
NP_174552,45.0
NP_174553,0.0
NP_174554,0.0
NP_174556,0.0
NP_174562,0.0
NP_174563,0.0
NP_174565,0.0
NP_174566,0.0
NP_174567,0.0
NP_174569,0.0
NP_174573,0.0
NP_174574,0.0
NP_174575,0.0
NP_174577,0.0
NP_174578,0.0
NP_174579,0.0
NP_174581,42.0
NP_174582,0.0
NP_174583,0.0
NP_174584,0.0
NP_174585,0.0
NP_174586,0.0
NP_174587,0.0
NP_174592,532.0
NP_174594,39.0
NP_174595,0.0
NP_174597,0.0
NP_174598,0.0
NP_174599,0.0
NP_174600,0.0
NP_174601,0.0
NP_174602,0.0
NP_174603,0.0
NP_174605,0.0
NP_174606,42.0
NP_174609,0.0
NP_174610,0.0
NP_174613,0.0
NP_174614,0.0
NP_174616,0.0
NP_174617,41.0
NP_174618,0.0
NP_174620,225.0
NP_174624,450.0
NP_174625,459.0
NP_174626,0.0
NP_174628,409.0
NP_174629,0.0
NP_174631,0.0
NP_174632,0.0
NP_174633,0.0
NP_174634,0.0
NP_174635,0.0
NP_174636,0.0
NP_174637,478.0
NP_174638,0.0
NP_174644,0.0
NP_174645,0.0
NP_174647,0.0
NP_174648,0.0
NP_174650,0.0
NP_174651,0.0
NP_174652,0.0
NP_174653,0.0
NP_174654,0.0
NP_174656,0.0
NP_174658,0.0
NP_174660,0.0
NP_174661,0.0
NP_174663,0.0
NP_174666,0.0
NP_174667,0.0
NP_174669,0.0
NP_174673,1445.0
NP_174675,0.0
NP_174676,0.0
NP_174678,0.0
NP_174679,0.0
NP_174683,2476.0
NP_174684,0.0
NP_174686,43.0
NP_174689,0.0
NP_174690,435.0
NP_174691,0.0
NP_174692,0.0
NP_174694,0.0
NP_174696,0.0
NP_174697,0.0
NP_174698,0.0
NP_174699,40.0
NP_174700,0.0
NP_174701,0.0
NP_174702,881.0
NP_174703,0.0
NP_174704,37.0
NP_174707,0.0
NP_174708,0.0
NP_174709,0.0
NP_174710,0.0
NP_174711,0.0
NP_174713,0.0
NP_174715,0.0
NP_174716,0.0
NP_174718,0.0
NP_174722,0.0
NP_174724,0.0
NP_174726,0.0
NP_174731,0.0
NP_174737,0.0
NP_174738,0.0
NP_174739,0.0
NP_174746,0.0
NP_174748,0.0
NP_174750,0.0
NP_174751,0.0
NP_174753,0.0
NP_174756,0.0
NP_174759,0.0
NP_174764,0.0
NP_174765,0.0
NP_174766,0.0
NP_174767,49.0
NP_174768,0.0
NP_174771,0.0
NP_174772,0.0
NP_174775,0.0
NP_174776,0.0
NP_174777,0.0
NP_174780,0.0
NP_174786,0.0
NP_174788,0.0
NP_174789,0.0
NP_174791,0.0
NP_174794,0.0
NP_174796,0.0
NP_174797,0.0
NP_174800,0.0
NP_174804,71.0
NP_174807,0.0
NP_174808,0.0
NP_174809,1501.0
NP_174810,0.0
NP_174811,0.0
NP_174813,0.0
NP_174818,0.0
NP_174819,0.0
NP_174820,0.0
NP_174821,0.0
NP_174822,0.0
NP_174823,0.0
NP_174832,0.0
NP_174833,0.0
NP_174834,0.0
NP_174842,0.0
NP_174843,0.0
NP_174848,0.0
NP_174849,60.0
NP_174850,52.0
NP_174852,0.0
NP_174853,0.0
NP_174855,0.0
NP_174868,0.0
NP_174871,0.0
NP_174875,0.0
NP_174877,0.0
NP_174878,0.0
NP_174885,0.0
NP_174888,0.0
NP_174889,0.0
NP_174891,0.0
NP_174892,0.0
NP_174893,0.0
NP_174894,0.0
NP_174901,0.0
NP_174902,0.0
NP_174903,0.0
NP_174917,0.0
NP_174931,0.0
NP_174946,0.0
NP_174954,0.0
NP_174957,0.0
NP_174960,0.0
NP_174971,0.0
NP_174978,0.0
NP_174979,0.0
NP_174980,0.0
NP_174989,0.0
NP_174992,0.0
NP_174994,0.0
NP_174996,0.0
NP_174997,0.0
NP_174998,0.0
NP_174999,0.0
NP_175000,0.0
NP_175001,0.0
NP_175002,0.0
NP_175003,0.0
NP_175004,0.0
NP_175005,0.0
NP_175007,0.0
NP_175008,0.0
NP_175009,0.0
NP_175010,0.0
NP_175015,0.0
NP_175018,0.0
NP_175019,0.0
NP_175020,0.0
NP_175021,0.0
NP_175025,0.0
NP_175026,0.0
NP_175027,0.0
NP_175028,0.0
NP_175030,0.0
NP_175032,0.0
NP_175033,0.0
NP_175034,0.0
NP_175036,0.0
NP_175038,0.0
NP_175039,0.0
NP_175044,0.0
NP_175045,0.0
NP_175046,0.0
NP_175048,0.0
NP_175049,0.0
NP_175051,75.0
NP_175056,0.0
NP_175057,0.0
NP_175058,0.0
NP_175062,0.0
NP_175063,0.0
NP_175064,0.0
NP_175067,0.0
NP_175068,0.0
NP_175069,0.0
NP_175070,0.0
NP_175073,0.0
NP_175074,0.0
NP_175075,0.0
NP_175076,0.0
NP_175077,0.0
NP_175078,40.0
NP_175079,0.0
NP_175080,0.0
NP_175081,0.0
NP_175082,0.0
NP_175085,0.0
NP_175086,0.0
NP_175087,0.0
NP_175088,0.0
NP_175089,0.0
NP_175091,0.0
NP_175092,0.0
NP_175093,0.0
NP_175095,0.0
NP_175096,0.0
NP_175097,0.0
NP_175098,0.0
NP_175099,0.0
NP_175101,0.0
NP_175103,0.0
NP_175104,0.0
NP_175105,0.0
NP_175111,0.0
NP_175112,0.0
NP_175113,0.0
NP_175116,0.0
NP_175117,0.0
NP_175118,0.0
NP_175119,0.0
NP_175120,47.0
NP_175121,0.0
NP_175125,0.0
NP_175126,0.0
NP_175127,0.0
NP_175128,0.0
NP_175129,0.0
NP_175130,0.0
NP_175131,0.0
NP_175132,37.0
NP_175135,0.0
NP_175136,0.0
NP_175137,0.0
NP_175138,0.0
NP_175139,814.0
NP_175141,0.0
NP_175142,0.0
NP_175143,0.0
NP_175144,0.0
NP_175145,0.0
NP_175146,0.0
NP_175148,0.0
NP_175149,0.0
NP_175150,0.0
NP_175151,0.0
NP_175155,0.0
NP_175156,0.0
NP_175157,0.0
NP_175158,0.0
NP_175159,0.0
NP_175160,0.0
NP_175163,0.0
NP_175166,37.0
NP_175167,0.0
NP_175168,0.0
NP_175170,228.0
NP_175173,0.0
NP_175174,0.0
NP_175176,0.0
NP_175178,0.0
NP_175180,0.0
NP_175181,0.0
NP_175182,0.0
NP_175184,0.0
NP_175185,0.0
NP_175186,0.0
NP_175187,0.0
NP_175188,0.0
NP_175189,0.0
NP_175191,0.0
NP_175192,0.0
NP_175193,0.0
NP_175197,0.0
NP_175198,0.0
NP_175199,0.0
NP_175202,0.0
NP_175203,0.0
NP_175204,0.0
NP_175207,0.0
NP_175208,0.0
NP_175209,0.0
NP_175212,0.0
NP_175213,0.0
NP_175214,0.0
NP_175215,0.0
NP_175216,0.0
NP_175219,0.0
NP_175220,0.0
NP_175222,0.0
NP_175224,104.0
NP_175225,777.0
NP_175226,0.0
NP_175228,0.0
NP_175229,0.0
NP_175233,0.0
NP_175235,0.0
NP_175236,0.0
NP_175237,0.0
NP_175238,0.0
NP_175241,0.0
NP_175242,52.0
NP_175243,0.0
NP_175244,0.0
NP_175245,0.0
NP_175246,44.0
NP_175247,0.0
NP_175249,0.0
NP_175250,0.0
NP_175252,0.0
NP_175253,0.0
NP_175254,0.0
NP_175255,456.0
NP_175256,481.0
NP_175257,0.0
NP_175258,0.0
NP_175260,0.0
NP_175261,0.0
NP_175264,0.0
NP_175265,0.0
NP_175266,0.0
NP_175267,0.0
NP_175268,0.0
NP_175269,40.0
NP_175273,46.0
NP_175274,0.0
NP_175275,0.0
NP_175276,0.0
NP_175278,0.0
NP_175279,0.0
NP_175280,0.0
NP_175283,0.0
NP_175284,0.0
NP_175286,0.0
NP_175287,70.0
NP_175288,0.0
NP_175289,0.0
NP_175290,0.0
NP_175291,45.0
NP_175292,0.0
NP_175293,0.0
NP_175295,0.0
NP_175296,0.0
NP_175297,0.0
NP_175298,37.0
NP_175299,0.0
NP_175300,0.0
NP_175301,0.0
NP_175302,0.0
NP_175305,0.0
NP_175306,0.0
NP_175308,0.0
NP_175309,0.0
NP_175310,0.0
NP_175312,0.0
NP_175313,0.0
NP_175314,0.0
NP_175315,0.0
NP_175317,0.0
NP_175318,0.0
NP_175319,0.0
NP_175321,0.0
NP_175322,0.0
NP_175323,0.0
NP_175324,0.0
NP_175325,0.0
NP_175327,53.0
NP_175328,0.0
NP_175329,0.0
NP_175330,0.0
NP_175332,0.0
NP_175333,46.0
NP_175336,470.0
NP_175337,0.0
NP_175338,0.0
NP_175339,0.0
NP_175341,0.0
NP_175343,0.0
NP_175344,219.0
NP_175346,0.0
NP_175347,0.0
NP_175348,0.0
NP_175349,0.0
NP_175350,0.0
NP_175351,0.0
NP_175352,0.0
NP_175353,678.0
NP_175354,0.0
NP_175355,0.0
NP_175356,0.0
NP_175357,0.0
NP_175358,0.0
NP_175359,48.0
NP_175361,0.0
NP_175364,0.0
NP_175367,0.0
NP_175368,0.0
NP_175369,0.0
NP_175372,301.0
NP_175374,0.0
NP_175375,0.0
NP_175376,0.0
NP_175377,0.0
NP_175380,0.0
NP_175381,0.0
NP_175382,0.0
NP_175383,0.0
NP_175384,0.0
NP_175385,0.0
NP_175386,0.0
NP_175387,0.0
NP_175389,0.0
NP_175390,41.0
NP_175391,0.0
NP_175392,0.0
NP_175393,0.0
NP_175397,315.0
NP_175399,0.0
NP_175400,0.0
NP_175401,0.0
NP_175402,0.0
NP_175403,0.0
NP_175405,0.0
NP_175406,0.0
NP_175408,0.0
NP_175409,0.0
NP_175412,0.0
NP_175413,0.0
NP_175414,0.0
NP_175415,0.0
NP_175416,0.0
NP_175418,0.0
NP_175420,0.0
NP_175421,0.0
NP_175422,0.0
NP_175423,0.0
NP_175424,0.0
NP_175425,43.0
NP_175426,0.0
NP_175427,392.0
NP_175428,419.0
NP_175429,0.0
NP_175430,0.0
NP_175431,0.0
NP_175432,0.0
NP_175433,0.0
NP_175435,0.0
NP_175437,841.0
NP_175438,0.0
NP_175439,0.0
NP_175444,0.0
NP_175445,0.0
NP_175446,59.0
NP_175449,0.0
NP_175451,0.0
NP_175452,0.0
NP_175453,0.0
NP_175454,0.0
NP_175456,0.0
NP_175457,0.0
NP_175459,0.0
NP_175460,0.0
NP_175463,0.0
NP_175464,0.0
NP_175469,0.0
NP_175471,0.0
NP_175473,0.0
NP_175474,0.0
NP_175475,0.0
NP_175476,379.0
NP_175477,0.0
NP_175479,0.0
NP_175480,0.0
NP_175481,0.0
NP_175482,0.0
NP_175483,0.0
NP_175484,0.0
NP_175485,0.0
NP_175486,0.0
NP_175487,0.0
NP_175488,50.0
NP_175491,0.0
NP_175492,0.0
NP_175493,0.0
NP_175494,0.0
NP_175496,0.0
NP_175497,79.0
NP_175498,0.0
NP_175500,0.0
NP_175501,0.0
NP_175502,0.0
NP_175504,0.0
NP_175505,0.0
NP_175506,0.0
NP_175507,0.0
NP_175508,0.0
NP_175509,0.0
NP_175510,44.0
NP_175511,0.0
NP_175512,0.0
NP_175513,0.0
NP_175515,0.0
NP_175516,0.0
NP_175517,0.0
NP_175518,0.0
NP_175519,0.0
NP_175520,0.0
NP_175522,0.0
NP_175524,0.0
NP_175525,0.0
NP_175527,0.0
NP_175528,0.0
NP_175530,0.0
NP_175532,0.0
NP_175533,0.0
NP_175534,0.0
NP_175535,0.0
NP_175536,0.0
NP_175537,0.0
NP_175538,343.0
NP_175542,0.0
NP_175544,0.0
NP_175546,0.0
NP_175547,0.0
NP_175548,0.0
NP_175549,0.0
NP_175550,0.0
NP_175552,0.0
NP_175553,0.0
NP_175554,0.0
NP_175556,0.0
NP_175557,0.0
NP_175558,0.0
NP_175559,1740.0
NP_175561,0.0
NP_175563,0.0
NP_175564,0.0
NP_175565,0.0
NP_175567,0.0
NP_175568,0.0
NP_175569,0.0
NP_175570,0.0
NP_175573,0.0
NP_175574,0.0
NP_175575,44.0
NP_175576,0.0
NP_175577,0.0
NP_175578,0.0
NP_175579,0.0
NP_175581,0.0
NP_175583,0.0
NP_175584,0.0
NP_175587,0.0
NP_175588,0.0
NP_175589,0.0
NP_175591,461.0
NP_175592,398.0
NP_175593,414.0
NP_175594,431.0
NP_175595,418.0
NP_175597,514.0
NP_175598,442.0
NP_175599,321.0
NP_175600,512.0
NP_175601,419.0
NP_175602,0.0
NP_175603,413.0
NP_175604,0.0
NP_175605,0.0
NP_175606,728.0
NP_175607,0.0
NP_175608,0.0
NP_175609,0.0
NP_175610,0.0
NP_175611,0.0
NP_175612,47.0
NP_175615,0.0
NP_175616,0.0
NP_175617,0.0
NP_175618,0.0
NP_175619,0.0
NP_175622,0.0
NP_175623,0.0
NP_175624,0.0
NP_175625,0.0
NP_175627,0.0
NP_175628,36.0
NP_175629,0.0
NP_175630,37.0
NP_175633,0.0
NP_175634,0.0
NP_175636,0.0
NP_175637,0.0
NP_175638,0.0
NP_175639,729.0
NP_175640,0.0
NP_175641,463.0
NP_175643,0.0
NP_175644,0.0
NP_175645,0.0
NP_175648,0.0
NP_175649,0.0
NP_175651,0.0
NP_175652,0.0
NP_175653,0.0
NP_175654,0.0
NP_175655,0.0
NP_175656,0.0
NP_175658,0.0
NP_175660,0.0
NP_175661,0.0
NP_175662,0.0
NP_175665,0.0
NP_175666,0.0
NP_175667,0.0
NP_175669,0.0
NP_175671,0.0
NP_175672,0.0
NP_175673,0.0
NP_175674,0.0
NP_175675,445.0
NP_175678,0.0
NP_175679,0.0
NP_175680,0.0
NP_175682,0.0
NP_175683,0.0
NP_175684,0.0
NP_175685,0.0
NP_175686,0.0
NP_175687,47.0
NP_175688,0.0
NP_175689,0.0
NP_175690,0.0
NP_175691,0.0
NP_175692,0.0
NP_175696,0.0
NP_175697,0.0
NP_175698,0.0
NP_175700,0.0
NP_175703,0.0
NP_175705,0.0
NP_175706,0.0
NP_175708,0.0
NP_175709,0.0
NP_175711,0.0
NP_175712,0.0
NP_175713,213.0
NP_175714,0.0
NP_175715,0.0
NP_175716,0.0
NP_175717,0.0
NP_175718,0.0
NP_175719,0.0
NP_175721,0.0
NP_175722,0.0
NP_175723,0.0
NP_175724,220.0
NP_175725,0.0
NP_175726,0.0
NP_175727,0.0
NP_175728,0.0
NP_175732,0.0
NP_175733,0.0
NP_175734,0.0
NP_175736,0.0
NP_175737,0.0
NP_175738,51.0
NP_175740,0.0
NP_175741,0.0
NP_175743,0.0
NP_175744,0.0
NP_175745,0.0
NP_175747,573.0
NP_175749,608.0
NP_175752,0.0
NP_175753,0.0
NP_175754,0.0
NP_175756,861.0
NP_175757,0.0
NP_175758,0.0
NP_175759,0.0
NP_175760,0.0
NP_175765,0.0
NP_175766,0.0
NP_175767,0.0
NP_175769,0.0
NP_175770,0.0
NP_175772,0.0
NP_175774,0.0
NP_175775,0.0
NP_175776,0.0
NP_175777,431.0
NP_175778,0.0
NP_175779,0.0
NP_175780,44.0
NP_175781,0.0
NP_175782,0.0
NP_175785,0.0
NP_175786,0.0
NP_175787,0.0
NP_175788,0.0
NP_175789,0.0
NP_175794,0.0
NP_175795,0.0
NP_175796,0.0
NP_175797,48.0
NP_175798,0.0
NP_175799,0.0
NP_175801,0.0
NP_175802,0.0
NP_175804,0.0
NP_175805,0.0
NP_175806,0.0
NP_175807,0.0
NP_175809,0.0
NP_175810,0.0
NP_175811,0.0
NP_175812,47.0
NP_175816,0.0
NP_175818,0.0
NP_175819,0.0
NP_175820,0.0
NP_175822,0.0
NP_175823,0.0
NP_175825,0.0
NP_175826,0.0
NP_175827,0.0
NP_175828,0.0
NP_175829,0.0
NP_175830,43.0
NP_175831,0.0
NP_175832,0.0
NP_175835,0.0
NP_175836,0.0
NP_175837,0.0
NP_175838,0.0
NP_175839,0.0
NP_175842,0.0
NP_175843,0.0
NP_175844,0.0
NP_175846,0.0
NP_175847,0.0
NP_175849,248.0
NP_175851,0.0
NP_175852,0.0
NP_175853,47.0
NP_175855,0.0
NP_175856,0.0
NP_175858,0.0
NP_175860,0.0
NP_175861,0.0
NP_175862,442.0
NP_175863,0.0
NP_175865,0.0
NP_175866,0.0
NP_175868,0.0
NP_175871,0.0
NP_175873,0.0
NP_175874,0.0
NP_175875,0.0
NP_175879,344.0
NP_175880,0.0
NP_175881,0.0
NP_175882,0.0
NP_175886,0.0
NP_175890,0.0
NP_175891,42.0
NP_175894,0.0
NP_175895,0.0
NP_175896,0.0
NP_175899,0.0
NP_175900,0.0
NP_175901,0.0
NP_175903,48.0
NP_175904,0.0
NP_175905,0.0
NP_175906,0.0
NP_175907,0.0
NP_175909,0.0
NP_175910,0.0
NP_175911,0.0
NP_175914,0.0
NP_175916,570.0
NP_175917,0.0
NP_175918,0.0
NP_175919,0.0
NP_175920,0.0
NP_175924,0.0
NP_175925,0.0
NP_175926,0.0
NP_175929,0.0
NP_175931,0.0
NP_175932,50.0
NP_175933,0.0
NP_175935,0.0
NP_175936,0.0
NP_175940,0.0
NP_175941,0.0
NP_175945,0.0
NP_175947,0.0
NP_175948,0.0
NP_175953,0.0
NP_175954,0.0
NP_175955,72.0
NP_175956,320.0
NP_175957,1219.0
NP_175959,0.0
NP_175960,0.0
NP_175961,0.0
NP_175962,65.0
NP_175963,0.0
NP_175965,0.0
NP_175966,0.0
NP_175967,0.0
NP_175968,0.0
NP_175969,0.0
NP_175970,37.0
NP_175971,0.0
NP_175972,0.0
NP_175973,0.0
NP_175977,0.0
NP_175978,0.0
NP_175979,0.0
NP_175980,0.0
NP_175981,0.0
NP_175983,0.0
NP_175984,0.0
NP_175985,0.0
NP_175986,0.0
NP_175988,0.0
NP_175989,0.0
NP_175991,0.0
NP_175994,0.0
NP_175995,0.0
NP_175996,0.0
NP_175997,0.0
NP_175998,58.0
NP_176000,0.0
NP_176001,0.0
NP_176002,0.0
NP_176004,0.0
NP_176006,0.0
NP_176007,0.0
NP_176008,731.0
NP_176009,738.0
NP_176011,0.0
NP_176012,0.0
NP_176013,0.0
NP_176015,0.0
NP_176019,0.0
NP_176020,0.0
NP_176021,0.0
NP_176022,0.0
NP_176023,0.0
NP_176027,0.0
NP_176028,0.0
NP_176029,0.0
NP_176030,0.0
NP_176031,0.0
NP_176032,0.0
NP_176033,0.0
NP_176034,0.0
NP_176035,0.0
NP_176036,0.0
NP_176037,0.0
NP_176038,0.0
NP_176039,0.0
NP_176040,0.0
NP_176041,0.0
NP_176043,1350.0
NP_176044,1400.0
NP_176045,0.0
NP_176047,1461.0
NP_176048,0.0
NP_176049,0.0
NP_176050,0.0
NP_176052,0.0
NP_176053,0.0
NP_176054,0.0
NP_176055,0.0
NP_176057,0.0
NP_176058,0.0
NP_176059,0.0
NP_176061,411.0
NP_176062,0.0
NP_176064,0.0
NP_176067,0.0
NP_176068,0.0
NP_176069,0.0
NP_176070,0.0
NP_176071,0.0
NP_176072,0.0
NP_176073,0.0
NP_176074,0.0
NP_176075,0.0
NP_176076,349.0
NP_176078,596.0
NP_176080,355.0
NP_176081,0.0
NP_176082,0.0
NP_176083,0.0
NP_176084,0.0
NP_176085,0.0
NP_176086,0.0
NP_176087,0.0
NP_176088,0.0
NP_176089,0.0
NP_176091,0.0
NP_176092,44.0
NP_176093,355.0
NP_176094,217.0
NP_176096,455.0
NP_176097,0.0
NP_176098,0.0
NP_176099,0.0
NP_176100,0.0
NP_176101,0.0
NP_176102,51.0
NP_176103,48.0
NP_176104,0.0
NP_176105,0.0
NP_176106,0.0
NP_176107,0.0
NP_176108,0.0
NP_176109,0.0
NP_176111,0.0
NP_176112,0.0
NP_176113,0.0
NP_176114,0.0
NP_176115,722.0
NP_176116,0.0
NP_176118,0.0
NP_176121,45.0
NP_176122,0.0
NP_176124,0.0
NP_176125,0.0
NP_176126,0.0
NP_176127,52.0
NP_176128,0.0
NP_176132,35.0
NP_176133,0.0
NP_176134,0.0
NP_176135,894.0
NP_176137,862.0
NP_176139,0.0
NP_176141,0.0
NP_176142,0.0
NP_176143,0.0
NP_176150,0.0
NP_176151,853.0
NP_176152,0.0
NP_176153,857.0
NP_176158,0.0
NP_176159,0.0
NP_176162,0.0
NP_176165,0.0
NP_176170,0.0
NP_176172,0.0
NP_176175,0.0
NP_176176,0.0
NP_176177,0.0
NP_176178,0.0
NP_176180,0.0
NP_176181,0.0
NP_176182,0.0
NP_176183,0.0
NP_176184,0.0
NP_176185,0.0
NP_176187,770.0
NP_176188,0.0
NP_176189,0.0
NP_176190,0.0
NP_176191,0.0
NP_176192,0.0
NP_176193,0.0
NP_176194,0.0
NP_176195,0.0
NP_176196,48.0
NP_176197,48.0
NP_176198,0.0
NP_176199,0.0
NP_176200,0.0
NP_176201,0.0
NP_176202,0.0
NP_176203,0.0
NP_176204,0.0
NP_176205,0.0
NP_176206,41.0
NP_176207,0.0
NP_176208,0.0
NP_176211,0.0
NP_176212,0.0
NP_176213,0.0
NP_176215,46.0
NP_176216,0.0
NP_176217,0.0
NP_176219,0.0
NP_176220,0.0
NP_176221,0.0
NP_176222,0.0
NP_176225,0.0
NP_176226,0.0
NP_176228,0.0
NP_176230,0.0
NP_176231,0.0
NP_176233,0.0
NP_176234,0.0
NP_176235,0.0
NP_176236,350.0
NP_176237,0.0
NP_176238,0.0
NP_176239,0.0
NP_176240,0.0
NP_176241,0.0
NP_176242,0.0
NP_176243,0.0
NP_176244,0.0
NP_176247,0.0
NP_176248,0.0
NP_176249,0.0
NP_176250,0.0
NP_176251,0.0
NP_176252,0.0
NP_176253,0.0
NP_176255,0.0
NP_176256,0.0
NP_176257,0.0
NP_176259,0.0
NP_176260,0.0
NP_176261,0.0
NP_176262,373.0
NP_176263,0.0
NP_176265,0.0
NP_176267,0.0
NP_176268,0.0
NP_176269,0.0
NP_176271,0.0
NP_176274,0.0
NP_176275,0.0
NP_176276,0.0
NP_176277,0.0
NP_176278,0.0
NP_176279,1531.0
NP_176280,0.0
NP_176282,0.0
NP_176283,0.0
NP_176285,0.0
NP_176286,0.0
NP_176287,0.0
NP_176288,0.0
NP_176289,48.0
NP_176290,228.0
NP_176291,0.0
NP_176294,0.0
NP_176295,0.0
NP_176296,0.0
NP_176297,46.0
NP_176298,0.0
NP_176299,0.0
NP_176300,0.0
NP_176301,0.0
NP_176302,0.0
NP_176303,66.0
NP_176305,0.0
NP_176308,0.0
NP_176309,41.0
NP_176310,0.0
NP_176311,0.0
NP_176313,2166.0
NP_176314,2220.0
NP_176315,0.0
NP_176316,41.0
NP_176318,0.0
NP_176319,0.0
NP_176320,0.0
NP_176321,0.0
NP_176322,0.0
NP_176323,0.0
NP_176324,0.0
NP_176325,1882.0
NP_176326,2195.0
NP_176327,0.0
NP_176328,0.0
NP_176329,0.0
NP_176331,486.0
NP_176332,462.0
NP_176334,469.0
NP_176337,480.0
NP_176338,462.0
NP_176339,475.0
NP_176340,0.0
NP_176341,286.0
NP_176342,0.0
NP_176343,483.0
NP_176344,469.0
NP_176347,0.0
NP_176348,0.0
NP_176349,468.0
NP_176350,0.0
NP_176352,0.0
NP_176353,874.0
NP_176354,0.0
NP_176355,484.0
NP_176357,0.0
NP_176358,0.0
NP_176360,0.0
NP_176361,0.0
NP_176362,44.0
NP_176363,0.0
NP_176364,0.0
NP_176365,0.0
NP_176367,0.0
NP_176368,0.0
NP_176369,0.0
NP_176370,0.0
NP_176371,0.0
NP_176372,0.0
NP_176374,0.0
NP_176377,0.0
NP_176379,765.0
NP_176382,0.0
NP_176383,0.0
NP_176385,0.0
NP_176386,0.0
NP_176387,0.0
NP_176388,0.0
NP_176389,0.0
NP_176390,0.0
NP_176391,0.0
NP_176392,0.0
NP_176393,0.0
NP_176394,0.0
NP_176395,0.0
NP_176397,0.0
NP_176398,0.0
NP_176402,0.0
NP_176403,48.0
NP_176404,42.0
NP_176406,0.0
NP_176407,0.0
NP_176408,0.0
NP_176409,0.0
NP_176410,0.0
NP_176411,0.0
NP_176412,0.0
NP_176413,0.0
NP_176414,0.0
NP_176415,0.0
NP_176416,0.0
NP_176417,0.0
NP_176418,0.0
NP_176419,0.0
NP_176421,0.0
NP_176423,0.0
NP_176425,0.0
NP_176426,0.0
NP_176427,0.0
NP_176428,0.0
NP_176430,0.0
NP_176431,0.0
NP_176432,0.0
NP_176433,0.0
NP_176434,328.0
NP_176435,0.0
NP_176438,0.0
NP_176439,0.0
NP_176440,0.0
NP_176441,0.0
NP_176442,0.0
NP_176444,0.0
NP_176446,0.0
NP_176447,0.0
NP_176448,0.0
NP_176449,0.0
NP_176450,0.0
NP_176451,2198.0
NP_176452,0.0
NP_176454,0.0
NP_176455,0.0
NP_176457,0.0
NP_176458,40.0
NP_176459,0.0
NP_176461,0.0
NP_176463,0.0
NP_176466,0.0
NP_176467,0.0
NP_176469,0.0
NP_176470,0.0
NP_176471,0.0
NP_176472,0.0
NP_176475,45.0
NP_176476,0.0
NP_176478,0.0
NP_176479,0.0
NP_176480,0.0
NP_176481,0.0
NP_176482,0.0
NP_176483,885.0
NP_176485,0.0
NP_176486,0.0
NP_176490,0.0
NP_176491,0.0
NP_176493,0.0
NP_176495,0.0
NP_176496,0.0
NP_176497,0.0
NP_176498,0.0
NP_176499,0.0
NP_176500,0.0
NP_176501,0.0
NP_176502,0.0
NP_176504,0.0
NP_176508,0.0
NP_176509,0.0
NP_176510,0.0
NP_176511,0.0
NP_176512,0.0
NP_176514,0.0
NP_176515,0.0
NP_176516,0.0
NP_176517,0.0
NP_176518,0.0
NP_176519,36.0
NP_176520,0.0
NP_176521,0.0
NP_176522,0.0
NP_176523,0.0
NP_176524,2243.0
NP_176525,2180.0
NP_176526,0.0
NP_176527,0.0
NP_176529,0.0
NP_176530,0.0
NP_176531,0.0
NP_176532,402.0
NP_176533,0.0
NP_176534,0.0
NP_176536,0.0
NP_176537,0.0
NP_176539,0.0
NP_176540,0.0
NP_176541,53.0
NP_176542,0.0
NP_176543,0.0
NP_176545,0.0
NP_176546,0.0
NP_176547,0.0
NP_176549,0.0
NP_176550,0.0
NP_176551,0.0
NP_176552,0.0
NP_176553,0.0
NP_176554,0.0
NP_176555,0.0
NP_176557,209.0
NP_176558,0.0
NP_176560,1524.0
NP_176561,1356.0
NP_176562,970.0
NP_176563,40.0
NP_176564,0.0
NP_176566,48.0
NP_176567,0.0
NP_176568,0.0
NP_176569,0.0
NP_176570,0.0
NP_176571,1427.0
NP_176572,1422.0
NP_176574,0.0
NP_176575,0.0
NP_176576,0.0
NP_176578,0.0
NP_176579,0.0
NP_176582,0.0
NP_176583,268.0
NP_176584,0.0
NP_176585,0.0
NP_176586,0.0
NP_176587,0.0
NP_176588,0.0
NP_176590,1440.0
NP_176591,0.0
NP_176592,0.0
NP_176596,0.0
NP_176598,0.0
NP_176599,0.0
NP_176601,0.0
NP_176602,0.0
NP_176603,416.0
NP_176604,0.0
NP_176608,0.0
NP_176610,2987.0
NP_176611,0.0
NP_176613,0.0
NP_176615,0.0
NP_176616,0.0
NP_176620,0.0
NP_176621,0.0
NP_176622,0.0
NP_176624,0.0
NP_176625,0.0
NP_176626,0.0
NP_176627,0.0
NP_176629,0.0
NP_176631,0.0
NP_176632,0.0
NP_176633,0.0
NP_176634,0.0
NP_176635,0.0
NP_176636,0.0
NP_176638,41.0
NP_176639,0.0
NP_176640,45.0
NP_176641,0.0
NP_176642,46.0
NP_176644,0.0
NP_176645,0.0
NP_176646,0.0
NP_176647,0.0
NP_176650,0.0
NP_176651,0.0
NP_176652,0.0
NP_176653,0.0
NP_176654,0.0
NP_176656,0.0
NP_176658,44.0
NP_176659,46.0
NP_176661,36.0
NP_176662,0.0
NP_176663,0.0
NP_176664,36.0
NP_176666,0.0
NP_176667,0.0
NP_176670,41.0
NP_176671,0.0
NP_176672,0.0
NP_176673,0.0
NP_176674,0.0
NP_176675,0.0
NP_176676,42.0
NP_176677,0.0
NP_176678,0.0
NP_176679,0.0
NP_176680,0.0
NP_176681,72.0
NP_176682,0.0
NP_176683,0.0
NP_176684,0.0
NP_176686,0.0
NP_176687,0.0
NP_176688,0.0
NP_176689,0.0
NP_176690,45.0
NP_176691,0.0
NP_176692,53.0
NP_176693,0.0
NP_176694,0.0
NP_176696,0.0
NP_176697,0.0
NP_176699,0.0
NP_176700,0.0
NP_176702,0.0
NP_176703,0.0
NP_176704,202.0
NP_176707,0.0
NP_176708,0.0
NP_176709,0.0
NP_176710,0.0
NP_176711,0.0
NP_176712,0.0
NP_176713,0.0
NP_176714,0.0
NP_176715,0.0
NP_176717,689.0
NP_176718,354.0
NP_176722,0.0
NP_176723,0.0
NP_176725,0.0
NP_176726,0.0
NP_176729,0.0
NP_176730,0.0
NP_176732,0.0
NP_176733,0.0
NP_176734,0.0
NP_176735,0.0
NP_176736,50.0
NP_176737,0.0
NP_176738,0.0
NP_176739,0.0
NP_176744,0.0
NP_176747,0.0
NP_176748,0.0
NP_176750,0.0
NP_176751,0.0
NP_176752,0.0
NP_176753,0.0
NP_176754,0.0
NP_176755,479.0
NP_176756,491.0
NP_176757,35.0
NP_176758,0.0
NP_176759,0.0
NP_176760,1583.0
NP_176761,0.0
NP_176762,0.0
NP_176763,0.0
NP_176764,0.0
NP_176766,39.0
NP_176767,0.0
NP_176768,0.0
NP_176770,58.0
NP_176771,0.0
NP_176772,0.0
NP_176773,0.0
NP_176774,0.0
NP_176775,0.0
NP_176776,0.0
NP_176777,0.0
NP_176778,0.0
NP_176779,0.0
NP_176780,0.0
NP_176782,0.0
NP_176783,846.0
NP_176784,0.0
NP_176785,0.0
NP_176786,0.0
NP_176787,0.0
NP_176788,39.0
NP_176789,678.0
NP_176791,0.0
NP_176793,0.0
NP_176794,0.0
NP_176797,0.0
NP_176799,0.0
NP_176801,0.0
NP_176802,0.0
NP_176803,60.0
NP_176804,0.0
NP_176805,0.0
NP_176806,47.0
NP_176808,0.0
NP_176809,0.0
NP_176811,0.0
NP_176812,0.0
NP_176813,0.0
NP_176814,0.0
NP_176815,0.0
NP_176817,0.0
NP_176818,0.0
NP_176819,371.0
NP_176820,0.0
NP_176821,0.0
NP_176822,0.0
NP_176823,0.0
NP_176825,0.0
NP_176826,0.0
NP_176827,0.0
NP_176829,0.0
NP_176830,0.0
NP_176833,0.0
NP_176834,0.0
NP_176835,0.0
NP_176836,0.0
NP_176837,47.0
NP_176839,0.0
NP_176841,0.0
NP_176842,0.0
NP_176844,0.0
NP_176845,47.0
NP_176846,0.0
NP_176847,492.0
NP_176849,0.0
NP_176850,0.0
NP_176852,0.0
NP_176853,0.0
NP_176855,507.0
NP_176856,0.0
NP_176857,0.0
NP_176859,0.0
NP_176860,343.0
NP_176862,0.0
NP_176863,344.0
NP_176864,334.0
NP_176865,352.0
NP_176867,58.0
NP_176868,0.0
NP_176869,0.0
NP_176870,327.0
NP_176871,331.0
NP_176872,0.0
NP_176873,0.0
NP_176874,0.0
NP_176875,41.0
NP_176877,0.0
NP_176878,0.0
NP_176880,0.0
NP_176881,0.0
NP_176882,0.0
NP_176883,53.0
NP_176884,0.0
NP_176885,0.0
NP_176886,0.0
NP_176887,0.0
NP_176888,0.0
NP_176889,0.0
NP_176890,54.0
NP_176892,0.0
NP_176896,0.0
NP_176897,0.0
NP_176898,0.0
NP_176899,0.0
NP_176901,0.0
NP_176904,0.0
NP_176906,47.0
NP_176908,0.0
NP_176909,50.0
NP_176910,0.0
NP_176911,0.0
NP_176912,0.0
NP_176913,0.0
NP_176915,0.0
NP_176916,0.0
NP_176917,0.0
NP_176918,517.0
NP_176919,317.0
NP_176920,0.0
NP_176921,0.0
NP_176922,63.0
NP_176923,0.0
NP_176925,493.0
NP_176927,0.0
NP_176929,0.0
NP_176930,0.0
NP_176931,0.0
NP_176932,0.0
NP_176933,0.0
NP_176934,0.0
NP_176935,0.0
NP_176936,0.0
NP_176938,0.0
NP_176940,0.0
NP_176942,0.0
NP_176943,0.0
NP_176944,0.0
NP_176947,0.0
NP_176948,0.0
NP_176949,0.0
NP_176952,0.0
NP_176955,0.0
NP_176957,0.0
NP_176958,0.0
NP_176960,0.0
NP_176961,0.0
NP_176963,0.0
NP_176964,0.0
NP_176967,0.0
NP_176968,0.0
NP_176970,0.0
NP_176971,0.0
NP_176973,49.0
NP_176974,0.0
NP_176975,0.0
NP_176979,0.0
NP_176980,0.0
NP_176981,0.0
NP_176982,242.0
NP_176984,0.0
NP_176986,0.0
NP_176987,0.0
NP_176988,0.0
NP_176991,0.0
NP_176992,0.0
NP_176994,0.0
NP_176996,0.0
NP_176998,0.0
NP_176999,0.0
NP_177000,0.0
NP_177002,0.0
NP_177003,0.0
NP_177004,39.0
NP_177005,0.0
NP_177006,0.0
NP_177007,379.0
NP_177008,0.0
NP_177009,0.0
NP_177012,0.0
NP_177013,0.0
NP_177014,0.0
NP_177015,0.0
NP_177017,0.0
NP_177018,0.0
NP_177020,0.0
NP_177021,0.0
NP_177022,0.0
NP_177023,0.0
NP_177024,0.0
NP_177025,0.0
NP_177028,0.0
NP_177030,0.0
NP_177031,0.0
NP_177032,0.0
NP_177036,640.0
NP_177038,0.0
NP_177039,41.0
NP_177040,0.0
NP_177041,0.0
NP_177043,0.0
NP_177044,0.0
NP_177046,51.0
NP_177047,0.0
NP_177053,0.0
NP_177054,0.0
NP_177055,0.0
NP_177057,0.0
NP_177058,0.0
NP_177061,0.0
NP_177062,44.0
NP_177063,36.0
NP_177064,0.0
NP_177065,0.0
NP_177066,0.0
NP_177067,0.0
NP_177070,35.0
NP_177072,0.0
NP_177073,0.0
NP_177074,0.0
NP_177075,0.0
NP_177077,0.0
NP_177078,0.0
NP_177080,0.0
NP_177083,0.0
NP_177084,0.0
NP_177085,0.0
NP_177087,442.0
NP_177088,0.0
NP_177089,0.0
NP_177090,282.0
NP_177096,0.0
NP_177100,0.0
NP_177101,0.0
NP_177102,0.0
NP_177103,0.0
NP_177104,0.0
NP_177105,0.0
NP_177106,0.0
NP_177107,0.0
NP_177109,0.0
NP_177112,0.0
NP_177113,58.0
NP_177115,0.0
NP_177116,0.0
NP_177117,0.0
NP_177118,0.0
NP_177119,0.0
NP_177120,0.0
NP_177121,57.0
NP_177122,0.0
NP_177123,0.0
NP_177124,0.0
NP_177125,0.0
NP_177128,0.0
NP_177129,0.0
NP_177130,0.0
NP_177131,371.0
NP_177132,0.0
NP_177133,0.0
NP_177135,0.0
NP_177136,0.0
NP_177137,1072.0
NP_177142,0.0
NP_177144,46.0
NP_177146,0.0
NP_177148,0.0
NP_177149,409.0
NP_177150,0.0
NP_177151,0.0
NP_177152,0.0
NP_177154,0.0
NP_177155,0.0
NP_177157,426.0
NP_177158,0.0
NP_177160,0.0
NP_177161,0.0
NP_177162,0.0
NP_177163,44.0
NP_177164,51.0
NP_177165,0.0
NP_177168,510.0
NP_177169,0.0
NP_177170,529.0
NP_177171,0.0
NP_177172,0.0
NP_177174,0.0
NP_177175,0.0
NP_177177,0.0
NP_177178,0.0
NP_177179,0.0
NP_177180,0.0
NP_177182,343.0
NP_177183,0.0
NP_177184,0.0
NP_177185,0.0
NP_177186,0.0
NP_177187,0.0
NP_177188,0.0
NP_177189,57.0
NP_177191,40.0
NP_177192,0.0
NP_177193,0.0
NP_177194,0.0
NP_177195,0.0
NP_177196,0.0
NP_177197,0.0
NP_177198,0.0
NP_177201,0.0
NP_177202,599.0
NP_177203,695.0
NP_177204,0.0
NP_177206,0.0
NP_177207,0.0
NP_177208,0.0
NP_177209,470.0
NP_177210,446.0
NP_177212,0.0
NP_177213,0.0
NP_177215,0.0
NP_177217,0.0
NP_177218,0.0
NP_177219,0.0
NP_177220,0.0
NP_177221,0.0
NP_177227,0.0
NP_177228,0.0
NP_177230,0.0
NP_177231,513.0
NP_177233,0.0
NP_177234,0.0
NP_177237,0.0
NP_177239,0.0
NP_177240,0.0
NP_177241,0.0
NP_177243,0.0
NP_177244,0.0
NP_177245,0.0
NP_177247,0.0
NP_177248,0.0
NP_177250,0.0
NP_177251,0.0
NP_177252,0.0
NP_177253,0.0
NP_177254,0.0
NP_177256,0.0
NP_177257,44.0
NP_177258,0.0
NP_177259,0.0
NP_177261,0.0
NP_177262,0.0
NP_177266,0.0
NP_177267,0.0
NP_177268,0.0
NP_177270,0.0
NP_177271,46.0
NP_177272,0.0
NP_177275,0.0
NP_177276,0.0
NP_177277,0.0
NP_177278,0.0
NP_177279,0.0
NP_177280,0.0
NP_177281,0.0
NP_177282,0.0
NP_177284,0.0
NP_177285,0.0
NP_177287,0.0
NP_177288,0.0
NP_177289,0.0
NP_177290,0.0
NP_177291,0.0
NP_177292,0.0
NP_177293,0.0
NP_177294,0.0
NP_177295,777.0
NP_177296,915.0
NP_177297,0.0
NP_177298,0.0
NP_177301,0.0
NP_177302,0.0
NP_177303,0.0
NP_177304,0.0
NP_177305,0.0
NP_177307,0.0
NP_177308,442.0
NP_177313,0.0
NP_177314,0.0
NP_177315,0.0
NP_177317,0.0
NP_177318,0.0
NP_177319,0.0
NP_177320,0.0
NP_177321,0.0
NP_177322,41.0
NP_177324,0.0
NP_177325,0.0
NP_177328,2454.0
NP_177329,0.0
NP_177330,0.0
NP_177331,0.0
NP_177332,0.0
NP_177333,0.0
NP_177334,0.0
NP_177336,0.0
NP_177337,0.0
NP_177338,0.0
NP_177342,0.0
NP_177343,41.0
NP_177344,0.0
NP_177345,0.0
NP_177346,0.0
NP_177348,0.0
NP_177351,0.0
NP_177353,0.0
NP_177355,0.0
NP_177356,0.0
NP_177357,0.0
NP_177358,0.0
NP_177359,0.0
NP_177360,0.0
NP_177361,0.0
NP_177363,1074.0
NP_177364,0.0
NP_177365,0.0
NP_177366,0.0
NP_177367,0.0
NP_177368,0.0
NP_177369,0.0
NP_177370,0.0
NP_177372,0.0
NP_177373,0.0
NP_177374,1103.0
NP_177375,0.0
NP_177376,0.0
NP_177379,0.0
NP_177380,0.0
NP_177381,0.0
NP_177383,47.0
NP_177385,53.0
NP_177386,0.0
NP_177388,0.0
NP_177390,383.0
NP_177391,0.0
NP_177392,0.0
NP_177393,0.0
NP_177394,0.0
NP_177395,0.0
NP_177396,0.0
NP_177397,0.0
NP_177398,783.0
NP_177399,0.0
NP_177400,51.0
NP_177401,0.0
NP_177402,0.0
NP_177403,0.0
NP_177404,0.0
NP_177405,0.0
NP_177406,0.0
NP_177408,0.0
NP_177410,0.0
NP_177411,0.0
NP_177412,0.0
NP_177413,0.0
NP_177414,45.0
NP_177415,0.0
NP_177416,0.0
NP_177417,0.0
NP_177418,0.0
NP_177419,0.0
NP_177420,361.0
NP_177421,0.0
NP_177422,0.0
NP_177427,1176.0
NP_177428,549.0
NP_177429,1053.0
NP_177430,499.0
NP_177431,0.0
NP_177432,621.0
NP_177433,632.0
NP_177434,612.0
NP_177435,493.0
NP_177436,382.0
NP_177437,644.0
NP_177438,605.0
NP_177439,0.0
NP_177441,0.0
NP_177443,0.0
NP_177445,0.0
NP_177448,0.0
NP_177451,1503.0
NP_177454,0.0
NP_177455,0.0
NP_177456,0.0
NP_177457,0.0
NP_177458,0.0
NP_177459,0.0
NP_177460,71.0
NP_177462,35.0
NP_177463,0.0
NP_177464,0.0
NP_177466,0.0
NP_177468,0.0
NP_177470,0.0
NP_177471,0.0
NP_177473,0.0
NP_177474,0.0
NP_177475,0.0
NP_177476,0.0
NP_177478,0.0
NP_177479,0.0
NP_177480,47.0
NP_177482,0.0
NP_177483,0.0
NP_177484,0.0
NP_177485,44.0
NP_177487,90.0
NP_177488,88.0
NP_177491,0.0
NP_177492,0.0
NP_177493,0.0
NP_177494,0.0
NP_177495,0.0
NP_177496,0.0
NP_177499,0.0
NP_177500,0.0
NP_177501,0.0
NP_177502,0.0
NP_177503,0.0
NP_177504,0.0
NP_177505,0.0
NP_177507,41.0
NP_177509,0.0
NP_177510,515.0
NP_177511,0.0
NP_177512,0.0
NP_177513,0.0
NP_177514,0.0
NP_177515,0.0
NP_177517,0.0
NP_177518,0.0
NP_177522,0.0
NP_177523,0.0
NP_177524,0.0
NP_177525,0.0
NP_177526,0.0
NP_177527,47.0
NP_177528,0.0
NP_177529,0.0
NP_177530,0.0
NP_177531,0.0
NP_177533,37.0
NP_177535,0.0
NP_177536,41.0
NP_177537,0.0
NP_177538,0.0
NP_177540,0.0
NP_177541,0.0
NP_177542,32.0
NP_177543,0.0
NP_177544,0.0
NP_177545,0.0
NP_177546,0.0
NP_177548,0.0
NP_177549,0.0
NP_177550,0.0
NP_177551,0.0
NP_177553,0.0
NP_177554,0.0
NP_177555,0.0
NP_177556,44.0
NP_177557,735.0
NP_177558,768.0
NP_177559,797.0
NP_177560,344.0
NP_177561,0.0
NP_177562,0.0
NP_177563,0.0
NP_177564,0.0
NP_177565,0.0
NP_177566,0.0
NP_177567,0.0
NP_177569,0.0
NP_177572,0.0
NP_177573,190.0
NP_177574,0.0
NP_177575,0.0
NP_177577,0.0
NP_177578,0.0
NP_177579,0.0
NP_177580,0.0
NP_177582,0.0
NP_177583,0.0
NP_177584,0.0
NP_177586,0.0
NP_177587,0.0
NP_177588,0.0
NP_177589,911.0
NP_177590,0.0
NP_177591,0.0
NP_177592,0.0
NP_177593,0.0
NP_177594,0.0
NP_177595,0.0
NP_177596,0.0
NP_177597,43.0
NP_177598,0.0
NP_177599,0.0
NP_177600,0.0
NP_177601,0.0
NP_177603,60.0
NP_177605,0.0
NP_177607,0.0
NP_177608,0.0
NP_177610,0.0
NP_177612,203.0
NP_177613,0.0
NP_177615,53.0
NP_177616,0.0
NP_177617,0.0
NP_177618,0.0
NP_177619,0.0
NP_177620,0.0
NP_177621,0.0
NP_177622,0.0
NP_177623,0.0
NP_177625,0.0
NP_177627,0.0
NP_177628,0.0
NP_177629,0.0
NP_177631,0.0
NP_177635,0.0
NP_177636,0.0
NP_177637,0.0
NP_177638,0.0
NP_177640,0.0
NP_177641,0.0
NP_177642,0.0
NP_177643,0.0
NP_177648,0.0
NP_177649,0.0
NP_177650,0.0
NP_177651,0.0
NP_177652,0.0
NP_177653,0.0
NP_177656,0.0
NP_177657,0.0
NP_177658,0.0
NP_177661,0.0
NP_177662,0.0
NP_177664,0.0
NP_177665,0.0
NP_177666,47.0
NP_177667,0.0
NP_177669,0.0
NP_177670,0.0
NP_177671,0.0
NP_177672,0.0
NP_177673,0.0
NP_177674,0.0
NP_177675,0.0
NP_177676,0.0
NP_177678,0.0
NP_177679,0.0
NP_177680,0.0
NP_177681,0.0
NP_177683,0.0
NP_177684,0.0
NP_177685,0.0
NP_177686,0.0
NP_177687,0.0
NP_177688,0.0
NP_177690,0.0
NP_177692,0.0
NP_177693,0.0
NP_177694,1448.0
NP_177697,0.0
NP_177698,0.0
NP_177699,0.0
NP_177700,0.0
NP_177702,44.0
NP_177704,0.0
NP_177706,0.0
NP_177707,0.0
NP_177708,0.0
NP_177710,1178.0
NP_177712,0.0
NP_177713,0.0
NP_177714,0.0
NP_177715,0.0
NP_177718,0.0
NP_177719,0.0
NP_177721,0.0
NP_177722,0.0
NP_177724,0.0
NP_177725,0.0
NP_177726,0.0
NP_177728,0.0
NP_177729,0.0
NP_177731,0.0
NP_177732,0.0
NP_177733,0.0
NP_177735,0.0
NP_177736,0.0
NP_177737,0.0
NP_177738,0.0
NP_177740,0.0
NP_177741,47.0
NP_177742,0.0
NP_177743,0.0
NP_177744,0.0
NP_177745,0.0
NP_177746,0.0
NP_177748,0.0
NP_177749,0.0
NP_177750,0.0
NP_177751,0.0
NP_177752,45.0
NP_177753,0.0
NP_177755,0.0
NP_177756,0.0
NP_177757,0.0
NP_177758,0.0
NP_177759,0.0
NP_177760,0.0
NP_177761,0.0
NP_177762,936.0
NP_177763,732.0
NP_177764,0.0
NP_177765,0.0
NP_177766,0.0
NP_177767,0.0
NP_177768,0.0
NP_177769,41.0
NP_177770,0.0
NP_177773,0.0
NP_177774,0.0
NP_177775,0.0
NP_177776,0.0
NP_177777,0.0
NP_177780,455.0
NP_177781,0.0
NP_177783,0.0
NP_177787,0.0
NP_177789,0.0
NP_177790,0.0
NP_177791,0.0
NP_177792,0.0
NP_177794,0.0
NP_177795,0.0
NP_177796,0.0
NP_177797,0.0
NP_177798,44.0
NP_177800,0.0
NP_177801,0.0
NP_177802,0.0
NP_177803,0.0
NP_177804,57.0
NP_177805,0.0
NP_177806,0.0
NP_177807,44.0
NP_177809,0.0
NP_177810,0.0
NP_177811,48.0
NP_177812,0.0
NP_177813,0.0
NP_177814,62.0
NP_177815,0.0
NP_177816,0.0
NP_177817,0.0
NP_177820,0.0
NP_177823,0.0
NP_177824,0.0
NP_177827,0.0
NP_177828,0.0
NP_177829,40.0
NP_177833,54.0
NP_177835,0.0
NP_177836,0.0
NP_177837,0.0
NP_177838,0.0
NP_177840,0.0
NP_177841,0.0
NP_177842,0.0
NP_177844,0.0
NP_177845,0.0
NP_177847,0.0
NP_177848,0.0
NP_177849,0.0
NP_177851,0.0
NP_177853,0.0
NP_177854,54.0
NP_177855,0.0
NP_177856,0.0
NP_177858,0.0
NP_177860,0.0
NP_177861,0.0
NP_177862,0.0
NP_177863,0.0
NP_177864,0.0
NP_177865,0.0
NP_177866,0.0
NP_177867,0.0
NP_177869,0.0
NP_177870,45.0
NP_177871,0.0
NP_177872,0.0
NP_177873,0.0
NP_177874,38.0
NP_177875,0.0
NP_177876,0.0
NP_177877,0.0
NP_177879,0.0
NP_177880,0.0
NP_177881,0.0
NP_177882,0.0
NP_177885,41.0
NP_177886,0.0
NP_177887,0.0
NP_177888,0.0
NP_177889,0.0
NP_177890,0.0
NP_177891,47.0
NP_177892,0.0
NP_177893,0.0
NP_177894,0.0
NP_177896,0.0
NP_177897,0.0
NP_177898,0.0
NP_177899,0.0
NP_177900,0.0
NP_177901,0.0
NP_177902,0.0
NP_177903,52.0
NP_177906,0.0
NP_177907,0.0
NP_177909,0.0
NP_177910,0.0
NP_177911,0.0
NP_177912,0.0
NP_177914,0.0
NP_177918,0.0
NP_177919,0.0
NP_177921,45.0
NP_177924,0.0
NP_177927,0.0
NP_177928,0.0
NP_177929,0.0
NP_177931,0.0
NP_177932,0.0
NP_177935,0.0
NP_177936,0.0
NP_177937,0.0
NP_177939,0.0
NP_177940,0.0
NP_177941,0.0
NP_177943,0.0
NP_177947,80.0
NP_177948,0.0
NP_177950,0.0
NP_177951,0.0
NP_177955,0.0
NP_177956,0.0
NP_177958,0.0
NP_177960,0.0
NP_177961,0.0
NP_177964,0.0
NP_177965,0.0
NP_177967,37.0
NP_177968,0.0
NP_177969,0.0
NP_177970,0.0
NP_177971,0.0
NP_177972,0.0
NP_177973,0.0
NP_177974,402.0
NP_177975,0.0
NP_177976,0.0
NP_177978,0.0
NP_177979,0.0
NP_177980,0.0
NP_177982,0.0
NP_177984,0.0
NP_177985,0.0
NP_177987,0.0
NP_177988,0.0
NP_177990,0.0
NP_177992,0.0
NP_177993,0.0
NP_177994,0.0
NP_177995,57.0
NP_177996,47.0
NP_177997,72.0
NP_178000,0.0
NP_178001,0.0
NP_178002,0.0
NP_178003,0.0
NP_178005,0.0
NP_178006,0.0
NP_178007,0.0
NP_178009,0.0
NP_178011,0.0
NP_178012,0.0
NP_178014,0.0
NP_178015,359.0
NP_178016,0.0
NP_178017,0.0
NP_178018,0.0
NP_178019,465.0
NP_178020,0.0
NP_178022,0.0
NP_178023,0.0
NP_178024,0.0
NP_178025,0.0
NP_178027,60.0
NP_178028,0.0
NP_178029,0.0
NP_178031,0.0
NP_178033,0.0
NP_178034,0.0
NP_178036,49.0
NP_178037,0.0
NP_178038,0.0
NP_178039,0.0
NP_178040,0.0
NP_178042,0.0
NP_178045,0.0
NP_178048,66.0
NP_178049,0.0
NP_178050,0.0
NP_178051,257.0
NP_178052,263.0
NP_178053,0.0
NP_178054,0.0
NP_178055,0.0
NP_178058,0.0
NP_178059,0.0
NP_178062,0.0
NP_178064,0.0
NP_178065,0.0
NP_178066,0.0
NP_178067,0.0
NP_178068,0.0
NP_178070,0.0
NP_178071,0.0
NP_178072,0.0
NP_178073,0.0
NP_178075,221.0
NP_178076,0.0
NP_178079,0.0
NP_178080,635.0
NP_178081,0.0
NP_178085,495.0
NP_178086,362.0
NP_178088,0.0
NP_178089,0.0
NP_178091,0.0
NP_178092,0.0
NP_178093,0.0
NP_178094,0.0
NP_178096,0.0
NP_178098,0.0
NP_178100,0.0
NP_178101,63.0
NP_178103,0.0
NP_178104,0.0
NP_178105,0.0
NP_178106,0.0
NP_178107,0.0
NP_178108,0.0
NP_178109,47.0
NP_178110,46.0
NP_178111,47.0
NP_178112,0.0
NP_178113,68.0
NP_178114,0.0
NP_178118,0.0
NP_178122,0.0
NP_178123,0.0
NP_178124,0.0
NP_178125,391.0
NP_178126,0.0
NP_178127,0.0
NP_178129,0.0
NP_178131,0.0
NP_178132,0.0
NP_178136,0.0
NP_178138,0.0
NP_178139,0.0
NP_178140,0.0
NP_178141,0.0
NP_178143,0.0
NP_178144,0.0
NP_178146,0.0
NP_178147,0.0
NP_178148,0.0
NP_178149,0.0
NP_178150,0.0
NP_178151,0.0
NP_178152,0.0
NP_178153,0.0
NP_178156,0.0
NP_178157,0.0
NP_178158,0.0
NP_178160,0.0
NP_178161,0.0
NP_178163,0.0
NP_178164,44.0
NP_178165,0.0
NP_178167,0.0
NP_178168,0.0
NP_178169,0.0
NP_178170,0.0
NP_178171,0.0
NP_178173,0.0
NP_178174,0.0
NP_178175,0.0
NP_178176,50.0
NP_178179,302.0
NP_178180,0.0
NP_178181,0.0
NP_178182,0.0
NP_178183,0.0
NP_178185,0.0
NP_178186,0.0
NP_178188,0.0
NP_178190,0.0
NP_178191,0.0
NP_178192,0.0
NP_178193,0.0
NP_178194,0.0
NP_178196,0.0
NP_178197,0.0
NP_178198,46.0
NP_178199,212.0
NP_178200,0.0
NP_178202,284.0
NP_178203,0.0
NP_178204,0.0
NP_178206,0.0
NP_178207,0.0
NP_178208,0.0
NP_178211,0.0
NP_178212,0.0
NP_178213,0.0
NP_178214,0.0
NP_178215,0.0
NP_178216,0.0
NP_178217,0.0
NP_178219,0.0
NP_178222,0.0
NP_178223,45.0
NP_178224,0.0
NP_178230,488.0
NP_178231,0.0
NP_178234,0.0
NP_178237,0.0
NP_178238,0.0
NP_178239,0.0
NP_178241,0.0
NP_178242,0.0
NP_178243,0.0
NP_178245,0.0
NP_178246,0.0
NP_178248,0.0
NP_178250,0.0
NP_178252,0.0
NP_178253,0.0
NP_178254,795.0
NP_178255,0.0
NP_178256,0.0
NP_178257,0.0
NP_178260,0.0
NP_178263,0.0
NP_178265,0.0
NP_178266,0.0
NP_178267,0.0
NP_178270,0.0
NP_178281,0.0
NP_178282,53.0
NP_178283,0.0
NP_178284,0.0
NP_178285,0.0
NP_178286,0.0
NP_178287,0.0
NP_178288,0.0
NP_178289,0.0
NP_178290,35.0
NP_178291,660.0
NP_178294,0.0
NP_178295,0.0
NP_178297,0.0
NP_178298,0.0
NP_178299,42.0
NP_178300,0.0
NP_178301,0.0
NP_178303,0.0
NP_178304,1071.0
NP_178305,0.0
NP_178306,0.0
NP_178307,47.0
NP_178308,0.0
NP_178309,0.0
NP_178310,0.0
NP_178311,0.0
NP_178312,0.0
NP_178313,0.0
NP_178316,0.0
NP_178317,0.0
NP_178318,0.0
NP_178319,0.0
NP_178320,0.0
NP_178321,0.0
NP_178322,0.0
NP_178323,0.0
NP_178330,994.0
NP_178331,40.0
NP_178332,0.0
NP_178334,0.0
NP_178335,0.0
NP_178336,0.0
NP_178337,0.0
NP_178338,0.0
NP_178339,0.0
NP_178341,0.0
NP_178343,0.0
NP_178344,0.0
NP_178345,0.0
NP_178346,0.0
NP_178348,0.0
NP_178351,0.0
NP_178353,0.0
NP_178355,0.0
NP_178356,0.0
NP_178358,0.0
NP_178359,0.0
NP_178360,42.0
NP_178361,0.0
NP_178362,0.0
NP_178363,0.0
NP_178364,0.0
NP_178365,0.0
NP_178366,0.0
NP_178367,0.0
NP_178368,0.0
NP_178369,0.0
NP_178371,0.0
NP_178372,0.0
NP_178373,0.0
NP_178375,0.0
NP_178376,0.0
NP_178377,0.0
NP_178378,43.0
NP_178381,426.0
NP_178382,0.0
NP_178383,1124.0
NP_178387,0.0
NP_178388,0.0
NP_178389,0.0
NP_178390,0.0
NP_178391,0.0
NP_178392,0.0
NP_178393,0.0
NP_178394,0.0
NP_178396,0.0
NP_178398,0.0
NP_178399,0.0
NP_178400,0.0
NP_178401,0.0
NP_178402,0.0
NP_178403,411.0
NP_178404,0.0
NP_178405,0.0
NP_178407,0.0
NP_178409,0.0
NP_178410,0.0
NP_178412,0.0
NP_178413,53.0
NP_178414,0.0
NP_178417,0.0
NP_178420,0.0
NP_178421,0.0
NP_178422,0.0
NP_178423,0.0
NP_178425,0.0
NP_178427,0.0
NP_178428,0.0
NP_178429,416.0
NP_178430,0.0
NP_178432,0.0
NP_178433,722.0
NP_178435,0.0
NP_178436,0.0
NP_178437,0.0
NP_178438,0.0
NP_178440,0.0
NP_178442,0.0
NP_178443,0.0
NP_178444,0.0
NP_178445,0.0
NP_178446,0.0
NP_178450,43.0
NP_178451,45.0
NP_178453,0.0
NP_178455,0.0
NP_178456,0.0
NP_178458,0.0
NP_178459,0.0
NP_178460,0.0
NP_178462,0.0
NP_178463,0.0
NP_178464,0.0
NP_178465,0.0
NP_178466,0.0
NP_178467,0.0
NP_178469,0.0
NP_178471,0.0
NP_178472,0.0
NP_178473,0.0
NP_178474,0.0
NP_178475,0.0
NP_178476,0.0
NP_178477,0.0
NP_178478,0.0
NP_178480,0.0
NP_178481,0.0
NP_178483,0.0
NP_178485,0.0
NP_178486,0.0
NP_178487,44.0
NP_178488,0.0
NP_178489,0.0
NP_178491,35.0
NP_178492,0.0
NP_178493,45.0
NP_178494,0.0
NP_178495,0.0
NP_178496,0.0
NP_178497,0.0
NP_178498,0.0
NP_178499,0.0
NP_178502,0.0
NP_178503,0.0
NP_178505,0.0
NP_178506,0.0
NP_178507,0.0
NP_178508,36.0
NP_178510,426.0
NP_178511,0.0
NP_178516,45.0
NP_178517,38.0
NP_178519,0.0
NP_178520,0.0
NP_178521,0.0
NP_178522,0.0
NP_178523,0.0
NP_178524,0.0
NP_178525,0.0
NP_178526,0.0
NP_178528,0.0
NP_178530,0.0
NP_178531,0.0
NP_178532,0.0
NP_178533,0.0
NP_178534,0.0
NP_178535,0.0
NP_178536,0.0
NP_178539,0.0
NP_178540,0.0
NP_178542,0.0
NP_178543,0.0
NP_178545,0.0
NP_178546,0.0
NP_178547,0.0
NP_178551,0.0
NP_178552,0.0
NP_178556,0.0
NP_178557,0.0
NP_178558,0.0
NP_178560,0.0
NP_178561,0.0
NP_178563,0.0
NP_178564,0.0
NP_178565,508.0
NP_178566,0.0
NP_178568,0.0
NP_178570,0.0
NP_178581,141.0
NP_178582,0.0
NP_178585,0.0
NP_178587,0.0
NP_178588,0.0
NP_178590,0.0
NP_178592,0.0
NP_178597,0.0
NP_178601,0.0
NP_178602,0.0
NP_178603,0.0
NP_178604,0.0
NP_178605,0.0
NP_178608,0.0
NP_178609,0.0
NP_178610,0.0
NP_178611,0.0
NP_178612,0.0
NP_178619,0.0
NP_178620,0.0
NP_178621,0.0
NP_178622,0.0
NP_178626,0.0
NP_178628,0.0
NP_178631,0.0
NP_178634,58.0
NP_178635,0.0
NP_178636,0.0
NP_178637,0.0
NP_178638,0.0
NP_178641,0.0
NP_178642,0.0
NP_178647,0.0
NP_178648,0.0
NP_178651,906.0
NP_178654,0.0
NP_178657,0.0
NP_178659,0.0
NP_178661,66.0
NP_178662,0.0
NP_178663,0.0
NP_178674,0.0
NP_178683,0.0
NP_178689,0.0
NP_178690,0.0
NP_178693,0.0
NP_178698,0.0
NP_178708,0.0
NP_178713,0.0
NP_178717,0.0
NP_178719,383.0
NP_178721,312.0
NP_178722,0.0
NP_178726,0.0
NP_178727,0.0
NP_178729,0.0
NP_178730,0.0
NP_178731,976.0
NP_178732,0.0
NP_178733,0.0
NP_178735,0.0
NP_178738,0.0
NP_178739,0.0
NP_178741,0.0
NP_178744,0.0
NP_178746,40.0
NP_178754,0.0
NP_178758,0.0
NP_178762,43.0
NP_178765,0.0
NP_178769,0.0
NP_178772,0.0
NP_178773,0.0
NP_178782,0.0
NP_178783,0.0
NP_178784,0.0
NP_178786,0.0
NP_178787,0.0
NP_178788,0.0
NP_178789,0.0
NP_178791,0.0
NP_178792,0.0
NP_178793,0.0
NP_178794,0.0
NP_178795,0.0
NP_178796,0.0
NP_178797,0.0
NP_178799,0.0
NP_178800,0.0
NP_178801,0.0
NP_178802,0.0
NP_178803,0.0
NP_178804,0.0
NP_178805,0.0
NP_178806,0.0
NP_178808,0.0
NP_178809,0.0
NP_178810,0.0
NP_178811,47.0
NP_178812,0.0
NP_178818,0.0
NP_178819,0.0
NP_178821,0.0
NP_178825,0.0
NP_178826,0.0
NP_178829,0.0
NP_178842,49.0
NP_178849,0.0
NP_178850,0.0
NP_178867,0.0
NP_178868,0.0
NP_178872,0.0
NP_178873,0.0
NP_178884,0.0
NP_178899,0.0
NP_178902,0.0
NP_178922,0.0
NP_178923,0.0
NP_178929,0.0
NP_178930,0.0
NP_178935,0.0
NP_178937,0.0
NP_178939,0.0
NP_178944,0.0
NP_178948,0.0
NP_178954,0.0
NP_178956,0.0
NP_178963,0.0
NP_178968,0.0
NP_178969,0.0
NP_178970,41.0
NP_178973,0.0
NP_178974,0.0
NP_178975,0.0
NP_178976,0.0
NP_178977,0.0
NP_178979,0.0
NP_178980,0.0
NP_178981,0.0
NP_178983,38.0
NP_178984,0.0
NP_178985,0.0
NP_178986,0.0
NP_178987,0.0
NP_178989,0.0
NP_178993,0.0
NP_178996,0.0
NP_178997,0.0
NP_178999,2598.0
NP_179000,2368.0
NP_179002,51.0
NP_179007,0.0
NP_179012,0.0
NP_179013,0.0
NP_179015,0.0
NP_179016,0.0
NP_179021,0.0
NP_179023,35.0
NP_179024,1875.0
NP_179026,0.0
NP_179027,0.0
NP_179031,0.0
NP_179032,45.0
NP_179033,0.0
NP_179037,0.0
NP_179038,0.0
NP_179039,0.0
NP_179046,0.0
NP_179053,0.0
NP_179056,0.0
NP_179057,433.0
NP_179058,0.0
NP_179059,0.0
NP_179060,0.0
NP_179062,0.0
NP_179064,705.0
NP_179068,879.0
NP_179069,0.0
NP_179074,0.0
NP_179075,0.0
NP_179076,0.0
NP_179077,0.0
NP_179078,0.0
NP_179079,0.0
NP_179081,0.0
NP_179082,0.0
NP_179083,0.0
NP_179087,0.0
NP_179088,0.0
NP_179089,0.0
NP_179090,0.0
NP_179091,0.0
NP_179092,0.0
NP_179093,0.0
NP_179095,0.0
NP_179096,0.0
NP_179097,0.0
NP_179098,0.0
NP_179101,0.0
NP_179105,46.0
NP_179106,0.0
NP_179112,902.0
NP_179113,0.0
NP_179115,0.0
NP_179117,0.0
NP_179120,0.0
NP_179121,38.0
NP_179126,0.0
NP_179128,0.0
NP_179130,0.0
NP_179132,468.0
NP_179133,0.0
NP_179134,355.0
NP_179135,0.0
NP_179138,0.0
NP_179139,0.0
NP_179141,0.0
NP_179142,0.0
NP_179144,0.0
NP_179145,0.0
NP_179147,0.0
NP_179148,0.0
NP_179149,0.0
NP_179150,0.0
NP_179151,0.0
NP_179152,0.0
NP_179155,0.0
NP_179158,0.0
NP_179159,0.0
NP_179161,0.0
NP_179163,0.0
NP_179164,0.0
NP_179165,0.0
NP_179166,0.0
NP_179168,0.0
NP_179169,0.0
NP_179170,0.0
NP_179173,36.0
NP_179175,0.0
NP_179176,0.0
NP_179179,0.0
NP_179185,0.0
NP_179186,0.0
NP_179188,94.0
NP_179190,44.0
NP_179191,0.0
NP_179196,0.0
NP_179197,0.0
NP_179200,0.0
NP_179201,0.0
NP_179202,0.0
NP_179203,0.0
NP_179204,0.0
NP_179206,0.0
NP_179209,0.0
NP_179210,0.0
NP_179215,41.0
NP_179216,0.0
NP_179217,0.0
NP_179218,0.0
NP_179219,0.0
NP_179220,624.0
NP_179222,0.0
NP_179223,0.0
NP_179224,0.0
NP_179225,0.0
NP_179227,0.0
NP_179230,0.0
NP_179232,40.0
NP_179233,0.0
NP_179235,0.0
NP_179236,0.0
NP_179237,0.0
NP_179241,86.0
NP_179242,0.0
NP_179243,0.0
NP_179244,0.0
NP_179245,0.0
NP_179247,0.0
NP_179248,0.0
NP_179250,0.0
NP_179253,0.0
NP_179254,0.0
NP_179255,0.0
NP_179256,41.0
NP_179257,0.0
NP_179262,0.0
NP_179263,0.0
NP_179264,0.0
NP_179266,389.0
NP_179268,0.0
NP_179269,0.0
NP_179275,0.0
NP_179277,0.0
NP_179279,1454.0
NP_179280,0.0
NP_179281,0.0
NP_179283,0.0
NP_179284,41.0
NP_179287,0.0
NP_179290,0.0
NP_179291,0.0
NP_179292,0.0
NP_179297,735.0
NP_179298,2257.0
NP_179299,0.0
NP_179300,0.0
NP_179301,0.0
NP_179304,0.0
NP_179305,0.0
NP_179306,0.0
NP_179307,0.0
NP_179308,0.0
NP_179309,0.0
NP_179311,0.0
NP_179316,40.0
NP_179318,0.0
NP_179319,0.0
NP_179320,0.0
NP_179322,0.0
NP_179323,0.0
NP_179324,0.0
NP_179329,0.0
NP_179331,0.0
NP_179333,0.0
NP_179334,0.0
NP_179335,0.0
NP_179336,246.0
NP_179337,0.0
NP_179338,0.0
NP_179344,0.0
NP_179345,0.0
NP_179346,0.0
NP_179347,0.0
NP_179349,0.0
NP_179350,0.0
NP_179351,0.0
NP_179353,0.0
NP_179354,0.0
NP_179356,0.0
NP_179357,0.0
NP_179359,0.0
NP_179360,0.0
NP_179361,252.0
NP_179363,0.0
NP_179364,36.0
NP_179365,0.0
NP_179366,0.0
NP_179368,0.0
NP_179369,0.0
NP_179370,0.0
NP_179371,0.0
NP_179373,0.0
NP_179374,35.0
NP_179378,0.0
NP_179379,0.0
NP_179382,0.0
NP_179383,42.0
NP_179386,0.0
NP_179387,0.0
NP_179388,0.0
NP_179389,40.0
NP_179390,0.0
NP_179391,0.0
NP_179393,0.0
NP_179394,0.0
NP_179395,0.0
NP_179396,0.0
NP_179397,0.0
NP_179398,0.0
NP_179399,0.0
NP_179401,0.0
NP_179402,0.0
NP_179404,51.0
NP_179405,0.0
NP_179406,0.0
NP_179407,0.0
NP_179408,0.0
NP_179409,1054.0
NP_179410,0.0
NP_179411,0.0
NP_179412,0.0
NP_179413,0.0
NP_179414,0.0
NP_179415,0.0
NP_179417,0.0
NP_179418,0.0
NP_179419,0.0
NP_179423,0.0
NP_179425,0.0
NP_179428,0.0
NP_179429,0.0
NP_179430,0.0
NP_179432,0.0
NP_179433,0.0
NP_179435,0.0
NP_179436,0.0
NP_179437,667.0
NP_179438,0.0
NP_179439,0.0
NP_179440,0.0
NP_179441,0.0
NP_179443,0.0
NP_179444,0.0
NP_179445,0.0
NP_179446,0.0
NP_179449,0.0
NP_179452,0.0
NP_179453,0.0
NP_179454,46.0
NP_179455,0.0
NP_179457,0.0
NP_179460,0.0
NP_179461,34.0
NP_179462,0.0
NP_179464,0.0
NP_179466,0.0
NP_179467,0.0
NP_179468,0.0
NP_179469,0.0
NP_179470,0.0
NP_179471,0.0
NP_179473,0.0
NP_179475,0.0
NP_179476,45.0
NP_179477,0.0
NP_179478,0.0
NP_179479,566.0
NP_179480,0.0
NP_179482,0.0
NP_179484,0.0
NP_179486,0.0
NP_179487,0.0
NP_179488,0.0
NP_179489,0.0
NP_179491,0.0
NP_179492,0.0
NP_179493,0.0
NP_179494,0.0
NP_179495,0.0
NP_179496,0.0
NP_179497,0.0
NP_179499,46.0
NP_179501,0.0
NP_179502,0.0
NP_179503,612.0
NP_179505,0.0
NP_179509,495.0
NP_179511,559.0
NP_179512,0.0
NP_179513,471.0
NP_179514,0.0
NP_179516,0.0
NP_179517,0.0
NP_179518,0.0
NP_179519,0.0
NP_179520,0.0
NP_179521,0.0
NP_179522,0.0
NP_179523,77.0
NP_179526,0.0
NP_179531,418.0
NP_179532,0.0
NP_179534,0.0
NP_179535,0.0
NP_179537,0.0
NP_179538,0.0
NP_179539,0.0
NP_179541,0.0
NP_179543,0.0
NP_179544,0.0
NP_179545,0.0
NP_179546,0.0
NP_179547,0.0
NP_179548,0.0
NP_179549,0.0
NP_179551,0.0
NP_179552,0.0
NP_179553,0.0
NP_179555,0.0
NP_179556,0.0
NP_179557,0.0
NP_179558,0.0
NP_179559,0.0
NP_179560,0.0
NP_179561,64.0
NP_179562,0.0
NP_179563,0.0
NP_179564,0.0
NP_179566,0.0
NP_179567,0.0
NP_179568,345.0
NP_179569,0.0
NP_179571,0.0
NP_179572,0.0
NP_179573,0.0
NP_179575,0.0
NP_179576,0.0
NP_179580,0.0
NP_179581,0.0
NP_179582,44.0
NP_179583,0.0
NP_179585,0.0
NP_179586,0.0
NP_179587,306.0
NP_179588,0.0
NP_179589,439.0
NP_179591,46.0
NP_179593,0.0
NP_179595,78.0
NP_179597,0.0
NP_179598,0.0
NP_179600,0.0
NP_179601,0.0
NP_179604,0.0
NP_179605,0.0
NP_179607,0.0
NP_179611,81.0
NP_179614,0.0
NP_179615,0.0
NP_179616,0.0
NP_179617,0.0
NP_179618,0.0
NP_179619,0.0
NP_179621,0.0
NP_179622,0.0
NP_179623,0.0
NP_179625,0.0
NP_179627,0.0
NP_179628,0.0
NP_179630,0.0
NP_179632,0.0
NP_179633,0.0
NP_179634,0.0
NP_179635,0.0
NP_179637,0.0
NP_179638,0.0
NP_179640,0.0
NP_179643,0.0
NP_179644,0.0
NP_179645,0.0
NP_179646,0.0
NP_179649,0.0
NP_179650,0.0
NP_179651,0.0
NP_179652,0.0
NP_179653,0.0
NP_179654,0.0
NP_179656,0.0
NP_179657,0.0
NP_179658,0.0
NP_179660,0.0
NP_179662,0.0
NP_179663,0.0
NP_179664,0.0
NP_179667,0.0
NP_179668,0.0
NP_179671,0.0
NP_179673,0.0
NP_179674,0.0
NP_179677,0.0
NP_179679,0.0
NP_179680,0.0
NP_179682,0.0
NP_179684,0.0
NP_179685,0.0
NP_179688,0.0
NP_179692,0.0
NP_179693,0.0
NP_179694,0.0
NP_179697,0.0
NP_179699,0.0
NP_179701,0.0
NP_179702,0.0
NP_179703,0.0
NP_179704,41.0
NP_179705,40.0
NP_179707,0.0
NP_179708,0.0
NP_179709,0.0
NP_179710,0.0
NP_179711,0.0
NP_179713,0.0
NP_179716,0.0
NP_179717,0.0
NP_179718,0.0
NP_179719,0.0
NP_179721,0.0
NP_179722,0.0
NP_179726,0.0
NP_179731,0.0
NP_179732,0.0
NP_179734,0.0
NP_179735,0.0
NP_179736,48.0
NP_179737,0.0
NP_179740,0.0
NP_179742,0.0
NP_179743,462.0
NP_179744,0.0
NP_179746,0.0
NP_179747,0.0
NP_179748,0.0
NP_179750,0.0
NP_179751,0.0
NP_179752,0.0
NP_179753,0.0
NP_179754,0.0
NP_179755,0.0
NP_179757,39.0
NP_179758,0.0
NP_179759,0.0
NP_179760,0.0
NP_179761,0.0
NP_179762,0.0
NP_179763,0.0
NP_179764,0.0
NP_179765,0.0
NP_179766,0.0
NP_179767,0.0
NP_179768,0.0
NP_179770,0.0
NP_179771,0.0
NP_179772,0.0
NP_179775,0.0
NP_179776,0.0
NP_179778,0.0
NP_179780,0.0
NP_179782,0.0
NP_179783,0.0
NP_179784,0.0
NP_179785,0.0
NP_179789,0.0
NP_179790,0.0
NP_179791,0.0
NP_179794,0.0
NP_179795,0.0
NP_179796,0.0
NP_179797,0.0
NP_179798,0.0
NP_179799,0.0
NP_179802,0.0
NP_179803,44.0
NP_179804,0.0
NP_179806,0.0
NP_179808,0.0
NP_179809,0.0
NP_179810,0.0
NP_179812,0.0
NP_179816,0.0
NP_179819,0.0
NP_179820,0.0
NP_179821,0.0
NP_179827,48.0
NP_179828,0.0
NP_179830,0.0
NP_179831,0.0
NP_179832,0.0
NP_179835,45.0
NP_179836,0.0
NP_179837,0.0
NP_179838,0.0
NP_179839,0.0
NP_179840,0.0
NP_179842,71.0
NP_179846,0.0
NP_179847,0.0
NP_179848,0.0
NP_179849,0.0
NP_179851,0.0
NP_179852,0.0
NP_179853,38.0
NP_179858,0.0
NP_179860,0.0
NP_179861,0.0
NP_179863,0.0
NP_179864,0.0
NP_179865,0.0
NP_179866,0.0
NP_179867,0.0
NP_179868,0.0
NP_179869,0.0
NP_179870,0.0
NP_179871,0.0
NP_179873,0.0
NP_179874,0.0
NP_179875,0.0
NP_179876,0.0
NP_179877,0.0
NP_179878,0.0
NP_179879,0.0
NP_179880,0.0
NP_179881,0.0
NP_179883,44.0
NP_179884,0.0
NP_179885,238.0
NP_179887,56.0
NP_179888,0.0
NP_179889,0.0
NP_179890,0.0
NP_179891,0.0
NP_179892,0.0
NP_179894,0.0
NP_179895,0.0
NP_179896,0.0
NP_179897,0.0
NP_179898,0.0
NP_179899,0.0
NP_179900,0.0
NP_179901,460.0
NP_179903,0.0
NP_179904,0.0
NP_179905,0.0
NP_179906,0.0
NP_179907,0.0
NP_179910,0.0
NP_179911,525.0
NP_179913,254.0
NP_179915,0.0
NP_179916,0.0
NP_179917,0.0
NP_179919,39.0
NP_179920,0.0
NP_179923,0.0
NP_179924,0.0
NP_179925,0.0
NP_179928,0.0
NP_179932,0.0
NP_179933,0.0
NP_179934,0.0
NP_179935,0.0
NP_179936,0.0
NP_179937,0.0
NP_179939,0.0
NP_179940,0.0
NP_179941,0.0
NP_179942,0.0
NP_179943,0.0
NP_179946,0.0
NP_179948,0.0
NP_179949,0.0
NP_179950,0.0
NP_179954,0.0
NP_179956,0.0
NP_179957,525.0
NP_179958,0.0
NP_179959,0.0
NP_179960,49.0
NP_179962,0.0
NP_179963,0.0
NP_179964,0.0
NP_179967,0.0
NP_179968,0.0
NP_179971,0.0
NP_179973,1378.0
NP_179974,0.0
NP_179975,0.0
NP_179977,0.0
NP_179978,0.0
NP_179979,0.0
NP_179981,0.0
NP_179982,0.0
NP_179983,0.0
NP_179984,0.0
NP_179985,0.0
NP_179986,0.0
NP_179989,47.0
NP_179990,1261.0
NP_179994,0.0
NP_179995,0.0
NP_179996,0.0
NP_179997,0.0
NP_179998,0.0
NP_179999,0.0
NP_180001,0.0
NP_180003,0.0
NP_180004,0.0
NP_180007,39.0
NP_180008,0.0
NP_180009,0.0
NP_180010,39.0
NP_180011,0.0
NP_180012,0.0
NP_180014,308.0
NP_180015,0.0
NP_180016,0.0
NP_180017,0.0
NP_180019,0.0
NP_180021,0.0
NP_180022,0.0
NP_180023,0.0
NP_180024,0.0
NP_180026,0.0
NP_180027,0.0
NP_180028,0.0
NP_180029,0.0
NP_180032,0.0
NP_180034,0.0
NP_180035,0.0
NP_180038,0.0
NP_180039,0.0
NP_180041,0.0
NP_180043,0.0
NP_180044,0.0
NP_180045,0.0
NP_180046,0.0
NP_180047,0.0
NP_180048,0.0
NP_180049,0.0
NP_180051,0.0
NP_180052,0.0
NP_180053,0.0
NP_180054,0.0
NP_180055,0.0
NP_180056,0.0
NP_180058,0.0
NP_180067,0.0
NP_180068,0.0
NP_180070,0.0
NP_180071,0.0
NP_180072,0.0
NP_180078,0.0
NP_180079,0.0
NP_180080,0.0
NP_180081,0.0
NP_180084,0.0
NP_180085,47.0
NP_180087,0.0
NP_180088,0.0
NP_180090,0.0
NP_180093,0.0
NP_180094,525.0
NP_180095,0.0
NP_180096,0.0
NP_180097,0.0
NP_180098,0.0
NP_180099,0.0
NP_180101,0.0
NP_180102,0.0
NP_180103,0.0
NP_180104,43.0
NP_180105,0.0
NP_180106,0.0
NP_180108,0.0
NP_180109,0.0
NP_180114,495.0
NP_180115,0.0
NP_180117,835.0
NP_180118,0.0
NP_180122,0.0
NP_180123,0.0
NP_180126,0.0
NP_180127,0.0
NP_180129,0.0
NP_180130,0.0
NP_180131,0.0
NP_180132,0.0
NP_180133,0.0
NP_180135,0.0
NP_180137,51.0
NP_180139,0.0
NP_180140,0.0
NP_180147,0.0
NP_180148,0.0
NP_180149,0.0
NP_180150,1074.0
NP_180151,43.0
NP_180152,0.0
NP_180159,0.0
NP_180160,0.0
NP_180161,0.0
NP_180164,0.0
NP_180165,0.0
NP_180167,0.0
NP_180168,0.0
NP_180170,0.0
NP_180171,0.0
NP_180172,0.0
NP_180173,0.0
NP_180174,0.0
NP_180175,0.0
NP_180177,0.0
NP_180178,42.0
NP_180179,0.0
NP_180180,0.0
NP_180181,0.0
NP_180182,0.0
NP_180184,0.0
NP_180185,0.0
NP_180187,0.0
NP_180191,0.0
NP_180192,0.0
NP_180193,0.0
NP_180194,0.0
NP_180196,0.0
NP_180197,878.0
NP_180198,0.0
NP_180199,0.0
NP_180200,0.0
NP_180201,1241.0
NP_180204,0.0
NP_180205,0.0
NP_180206,390.0
NP_180207,0.0
NP_180208,0.0
NP_180209,0.0
NP_180212,0.0
NP_180214,0.0
NP_180215,0.0
NP_180216,0.0
NP_180217,41.0
NP_180219,0.0
NP_180221,0.0
NP_180223,37.0
NP_180224,0.0
NP_180225,55.0
NP_180230,0.0
NP_180232,0.0
NP_180233,0.0
NP_180234,0.0
NP_180235,0.0
NP_180238,0.0
NP_180239,0.0
NP_180240,0.0
NP_180241,364.0
NP_180242,0.0
NP_180243,0.0
NP_180244,0.0
NP_180245,0.0
NP_180247,0.0
NP_180249,0.0
NP_180250,0.0
NP_180251,0.0
NP_180252,0.0
NP_180253,0.0
NP_180254,0.0
NP_180255,0.0
NP_180256,0.0
NP_180257,50.0
NP_180259,52.0
NP_180260,0.0
NP_180261,0.0
NP_180262,0.0
NP_180263,0.0
NP_180264,0.0
NP_180268,0.0
NP_180269,0.0
NP_180270,0.0
NP_180271,0.0
NP_180273,0.0
NP_180274,690.0
NP_180277,46.0
NP_180280,53.0
NP_180283,39.0
NP_180284,0.0
NP_180285,70.0
NP_180287,0.0
NP_180288,40.0
NP_180289,0.0
NP_180290,0.0
NP_180292,0.0
NP_180295,0.0
NP_180298,0.0
NP_180299,0.0
NP_180300,48.0
NP_180304,0.0
NP_180305,0.0
NP_180307,0.0
NP_180308,0.0
NP_180310,0.0
NP_180312,46.0
NP_180316,0.0
NP_180317,0.0
NP_180318,0.0
NP_180320,0.0
NP_180323,0.0
NP_180324,0.0
NP_180325,0.0
NP_180326,0.0
NP_180328,0.0
NP_180329,0.0
NP_180331,36.0
NP_180333,0.0
NP_180334,0.0
NP_180335,0.0
NP_180337,0.0
NP_180338,0.0
NP_180339,0.0
NP_180340,0.0
NP_180342,0.0
NP_180343,0.0
NP_180345,0.0
NP_180346,0.0
NP_180347,0.0
NP_180348,0.0
NP_180350,0.0
NP_180353,0.0
NP_180357,45.0
NP_180360,0.0
NP_180361,0.0
NP_180362,0.0
NP_180363,0.0
NP_180364,0.0
NP_180365,53.0
NP_180366,0.0
NP_180367,0.0
NP_180368,0.0
NP_180369,0.0
NP_180370,0.0
NP_180371,0.0
NP_180372,0.0
NP_180375,0.0
NP_180376,0.0
NP_180377,0.0
NP_180379,0.0
NP_180380,0.0
NP_180381,0.0
NP_180382,0.0
NP_180384,0.0
NP_180385,0.0
NP_180387,0.0
NP_180389,0.0
NP_180390,0.0
NP_180391,0.0
NP_180393,0.0
NP_180394,0.0
NP_180399,0.0
NP_180401,0.0
NP_180402,0.0
NP_180403,0.0
NP_180407,0.0
NP_180411,0.0
NP_180412,0.0
NP_180413,0.0
NP_180415,0.0
NP_180416,0.0
NP_180417,0.0
NP_180421,0.0
NP_180423,58.0
NP_180425,34.0
NP_180426,707.0
NP_180427,34.0
NP_180429,0.0
NP_180430,52.0
NP_180431,0.0
NP_180432,0.0
NP_180433,0.0
NP_180434,0.0
NP_180436,0.0
NP_180437,0.0
NP_180438,0.0
NP_180439,0.0
NP_180440,0.0
NP_180441,0.0
NP_180443,0.0
NP_180444,45.0
NP_180445,0.0
NP_180446,0.0
NP_180450,0.0
NP_180451,0.0
NP_180452,0.0
NP_180455,0.0
NP_180456,0.0
NP_180458,0.0
NP_180459,1238.0
NP_180461,0.0
NP_180462,414.0
NP_180463,503.0
NP_180465,508.0
NP_180466,514.0
NP_180468,0.0
NP_180469,0.0
NP_180470,0.0
NP_180471,0.0
NP_180473,0.0
NP_180474,0.0
NP_180475,0.0
NP_180476,46.0
NP_180477,0.0
NP_180478,0.0
NP_180479,0.0
NP_180480,0.0
NP_180481,0.0
NP_180482,38.0
NP_180483,0.0
NP_180484,0.0
NP_180485,0.0
NP_180488,301.0
NP_180489,0.0
NP_180490,0.0
NP_180491,0.0
NP_180492,0.0
NP_180493,0.0
NP_180494,0.0
NP_180496,0.0
NP_180497,0.0
NP_180499,0.0
NP_180501,0.0
NP_180502,0.0
NP_180503,0.0
NP_180504,0.0
NP_180505,0.0
NP_180506,0.0
NP_180507,0.0
NP_180508,0.0
NP_180509,0.0
NP_180510,0.0
NP_180511,0.0
NP_180512,0.0
NP_180514,0.0
NP_180515,0.0
NP_180516,0.0
NP_180517,0.0
NP_180518,0.0
NP_180520,0.0
NP_180521,0.0
NP_180523,0.0
NP_180524,0.0
NP_180525,0.0
NP_180526,0.0
NP_180530,0.0
NP_180532,0.0
NP_180534,0.0
NP_180535,0.0
NP_180536,0.0
NP_180537,0.0
NP_180538,0.0
NP_180539,0.0
NP_180541,0.0
NP_180542,0.0
NP_180543,0.0
NP_180544,0.0
NP_180545,0.0
NP_180546,0.0
NP_180547,0.0
NP_180548,0.0
NP_180549,0.0
NP_180551,0.0
NP_180552,0.0
NP_180554,46.0
NP_180555,45.0
NP_180556,0.0
NP_180557,0.0
NP_180559,0.0
NP_180560,0.0
NP_180563,0.0
NP_180565,0.0
NP_180566,0.0
NP_180567,0.0
NP_180568,0.0
NP_180569,0.0
NP_180570,0.0
NP_180571,0.0
NP_180575,0.0
NP_180576,0.0
NP_180577,0.0
NP_180580,0.0
NP_180581,0.0
NP_180582,0.0
NP_180583,55.0
NP_180584,711.0
NP_180585,0.0
NP_180586,0.0
NP_180587,0.0
NP_180588,0.0
NP_180589,0.0
NP_180590,0.0
NP_180591,0.0
NP_180592,0.0
NP_180594,0.0
NP_180595,155.0
NP_180598,53.0
NP_180599,0.0
NP_180602,0.0
NP_180603,0.0
NP_180604,0.0
NP_180606,0.0
NP_180607,0.0
NP_180608,0.0
NP_180612,0.0
NP_180614,0.0
NP_180615,0.0
NP_180618,0.0
NP_180620,0.0
NP_180621,0.0
NP_180623,0.0
NP_180624,0.0
NP_180625,0.0
NP_180626,0.0
NP_180627,0.0
NP_180630,0.0
NP_180631,0.0
NP_180633,0.0
NP_180634,0.0
NP_180635,0.0
NP_180636,0.0
NP_180637,0.0
NP_180639,0.0
NP_180640,0.0
NP_180641,0.0
NP_180642,0.0
NP_180643,0.0
NP_180644,0.0
NP_180646,0.0
NP_180647,0.0
NP_180648,0.0
NP_180649,0.0
NP_180651,0.0
NP_180653,0.0
NP_180654,0.0
NP_180655,515.0
NP_180656,0.0
NP_180658,45.0
NP_180659,0.0
NP_180660,0.0
NP_180661,0.0
NP_180663,0.0
NP_180664,0.0
NP_180668,0.0
NP_180669,0.0
NP_180672,0.0
NP_180676,0.0
NP_180679,0.0
NP_180680,0.0
NP_180683,0.0
NP_180685,0.0
NP_180686,0.0
NP_180687,0.0
NP_180688,0.0
NP_180689,0.0
NP_180692,45.0
NP_180693,0.0
NP_180695,0.0
NP_180697,0.0
NP_180698,0.0
NP_180700,0.0
NP_180701,0.0
NP_180704,0.0
NP_180705,0.0
NP_180706,0.0
NP_180708,229.0
NP_180709,0.0
NP_180711,0.0
NP_180712,0.0
NP_180715,0.0
NP_180717,0.0
NP_180718,0.0
NP_180719,0.0
NP_180720,0.0
NP_180724,0.0
NP_180725,0.0
NP_180726,0.0
NP_180727,36.0
NP_180728,0.0
NP_180730,0.0
NP_180732,0.0
NP_180734,0.0
NP_180735,0.0
NP_180736,0.0
NP_180737,0.0
NP_180738,0.0
NP_180739,0.0
NP_180741,0.0
NP_180742,40.0
NP_180743,0.0
NP_180744,0.0
NP_180747,514.0
NP_180749,44.0
NP_180750,0.0
NP_180751,0.0
NP_180752,0.0
NP_180758,0.0
NP_180759,0.0
NP_180760,0.0
NP_180761,0.0
NP_180762,43.0
NP_180763,48.0
NP_180765,0.0
NP_180766,0.0
NP_180770,0.0
NP_180771,0.0
NP_180772,0.0
NP_180773,426.0
NP_180775,0.0
NP_180777,0.0
NP_180779,0.0
NP_180781,0.0
NP_180784,0.0
NP_180785,0.0
NP_180786,0.0
NP_180787,0.0
NP_180788,0.0
NP_180789,0.0
NP_180790,0.0
NP_180791,0.0
NP_180794,0.0
NP_180795,0.0
NP_180796,0.0
NP_180800,0.0
NP_180802,0.0
NP_180803,0.0
NP_180804,0.0
NP_180805,0.0
NP_180806,0.0
NP_180809,0.0
NP_180810,157.0
NP_180811,0.0
NP_180813,0.0
NP_180814,43.0
NP_180818,0.0
NP_180820,40.0
NP_180821,34.0
NP_180822,0.0
NP_180823,0.0
NP_180825,542.0
NP_180826,0.0
NP_180827,794.0
NP_180828,0.0
NP_180831,0.0
NP_180832,0.0
NP_180833,0.0
NP_180834,0.0
NP_180836,0.0
NP_180839,365.0
NP_180841,0.0
NP_180842,0.0
NP_180843,0.0
NP_180845,0.0
NP_180846,0.0
NP_180847,0.0
NP_180848,0.0
NP_180850,0.0
NP_180851,0.0
NP_180853,0.0
NP_180854,0.0
NP_180855,0.0
NP_180858,0.0
NP_180859,0.0
NP_180860,0.0
NP_180861,731.0
NP_180862,0.0
NP_180863,0.0
NP_180864,686.0
NP_180865,726.0
NP_180866,0.0
NP_180867,499.0
NP_180868,0.0
NP_180869,0.0
NP_180871,0.0
NP_180872,0.0
NP_180873,0.0
NP_180874,0.0
NP_180875,1532.0
NP_180876,0.0
NP_180877,0.0
NP_180878,0.0
NP_180881,0.0
NP_180882,0.0
NP_180884,0.0
NP_180885,0.0
NP_180886,44.0
NP_180887,0.0
NP_180888,0.0
NP_180889,0.0
NP_180890,0.0
NP_180893,0.0
NP_180894,39.0
NP_180895,0.0
NP_180896,0.0
NP_180897,0.0
NP_180898,0.0
NP_180899,0.0
NP_180900,0.0
NP_180904,0.0
NP_180906,0.0
NP_180907,0.0
NP_180909,0.0
NP_180910,0.0
NP_180912,0.0
NP_180916,302.0
NP_180917,0.0
NP_180918,35.0
NP_180919,0.0
NP_180921,0.0
NP_180922,0.0
NP_180923,0.0
NP_180924,0.0
NP_180925,0.0
NP_180926,0.0
NP_180927,0.0
NP_180928,0.0
NP_180929,54.0
NP_180930,0.0
NP_180931,0.0
NP_180932,0.0
NP_180934,0.0
NP_180935,0.0
NP_180936,0.0
NP_180938,0.0
NP_180942,0.0
NP_180943,0.0
NP_180944,0.0
NP_180946,0.0
NP_180947,0.0
NP_180948,0.0
NP_180949,0.0
NP_180950,0.0
NP_180953,0.0
NP_180956,0.0
NP_180957,0.0
NP_180958,0.0
NP_180959,0.0
NP_180961,0.0
NP_180964,0.0
NP_180965,150.0
NP_180966,0.0
NP_180967,0.0
NP_180968,0.0
NP_180969,0.0
NP_180970,0.0
NP_180971,0.0
NP_180972,0.0
NP_180974,0.0
NP_180975,0.0
NP_180976,0.0
NP_180977,0.0
NP_180979,0.0
NP_180980,35.0
NP_180983,0.0
NP_180984,0.0
NP_180986,0.0
NP_180987,0.0
NP_180988,0.0
NP_180991,0.0
NP_180994,0.0
NP_180995,0.0
NP_180996,0.0
NP_180997,0.0
NP_180998,0.0
NP_181000,0.0
NP_181002,0.0
NP_181004,0.0
NP_181006,0.0
NP_181007,0.0
NP_181009,0.0
NP_181011,0.0
NP_181012,0.0
NP_181013,52.0
NP_181014,0.0
NP_181015,70.0
NP_181016,0.0
NP_181017,0.0
NP_181018,41.0
NP_181020,45.0
NP_181021,0.0
NP_181023,0.0
NP_181025,0.0
NP_181027,0.0
NP_181028,0.0
NP_181029,214.0
NP_181030,0.0
NP_181032,0.0
NP_181034,0.0
NP_181035,0.0
NP_181036,0.0
NP_181037,0.0
NP_181038,0.0
NP_181039,833.0
NP_181040,0.0
NP_181041,0.0
NP_181042,0.0
NP_181043,0.0
NP_181044,0.0
NP_181045,0.0
NP_181046,0.0
NP_181047,0.0
NP_181048,0.0
NP_181050,242.0
NP_181051,0.0
NP_181053,0.0
NP_181054,0.0
NP_181056,40.0
NP_181057,0.0
NP_181058,0.0
NP_181059,0.0
NP_181061,0.0
NP_181064,0.0
NP_181066,0.0
NP_181067,0.0
NP_181068,0.0
NP_181070,0.0
NP_181072,0.0
NP_181073,0.0
NP_181074,0.0
NP_181076,0.0
NP_181077,47.0
NP_181078,0.0
NP_181079,0.0
NP_181080,0.0
NP_181081,0.0
NP_181082,0.0
NP_181084,0.0
NP_181085,0.0
NP_181086,0.0
NP_181089,0.0
NP_181092,0.0
NP_181097,0.0
NP_181098,0.0
NP_181101,0.0
NP_181105,850.0
NP_181107,0.0
NP_181112,0.0
NP_181113,0.0
NP_181115,0.0
NP_181117,0.0
NP_181118,0.0
NP_181120,0.0
NP_181121,0.0
NP_181129,0.0
NP_181133,0.0
NP_181134,0.0
NP_181137,0.0
NP_181138,61.0
NP_181139,0.0
NP_181140,0.0
NP_181141,0.0
NP_181142,0.0
NP_181143,0.0
NP_181147,0.0
NP_181151,0.0
NP_181152,0.0
NP_181153,0.0
NP_181154,0.0
NP_181155,0.0
NP_181156,0.0
NP_181157,0.0
NP_181158,0.0
NP_181160,0.0
NP_181162,0.0
NP_181163,0.0
NP_181165,0.0
NP_181166,0.0
NP_181168,0.0
NP_181174,0.0
NP_181175,0.0
NP_181176,0.0
NP_181179,54.0
NP_181180,39.0
NP_181181,0.0
NP_181183,0.0
NP_181184,0.0
NP_181185,0.0
NP_181186,0.0
NP_181187,0.0
NP_181190,40.0
NP_181191,0.0
NP_181192,0.0
NP_181193,0.0
NP_181194,0.0
NP_181195,0.0
NP_181196,403.0
NP_181198,0.0
NP_181202,0.0
NP_181203,0.0
NP_181204,0.0
NP_181205,0.0
NP_181207,0.0
NP_181208,0.0
NP_181209,0.0
NP_181211,0.0
NP_181212,0.0
NP_181213,0.0
NP_181214,0.0
NP_181215,0.0
NP_181216,0.0
NP_181217,0.0
NP_181218,50.0
NP_181219,50.0
NP_181221,0.0
NP_181224,0.0
NP_181225,0.0
NP_181226,0.0
NP_181227,0.0
NP_181228,52.0
NP_181229,0.0
NP_181234,0.0
NP_181235,0.0
NP_181237,0.0
NP_181238,0.0
NP_181240,0.0
NP_181241,3698.0
NP_181242,501.0
NP_181244,0.0
NP_181245,40.0
NP_181246,0.0
NP_181247,0.0
NP_181250,0.0
NP_181251,0.0
NP_181253,0.0
NP_181254,0.0
NP_181255,0.0
NP_181256,0.0
NP_181257,0.0
NP_181258,0.0
NP_181259,0.0
NP_181260,44.0
NP_181262,0.0
NP_181263,536.0
NP_181264,0.0
NP_181265,54.0
NP_181266,0.0
NP_181267,0.0
NP_181268,0.0
NP_181269,37.0
NP_181270,0.0
NP_181272,0.0
NP_181273,0.0
NP_181274,40.0
NP_181275,0.0
NP_181277,0.0
NP_181279,0.0
NP_181280,0.0
NP_181282,0.0
NP_181283,0.0
NP_181287,0.0
NP_181288,0.0
NP_181289,0.0
NP_181290,0.0
NP_181291,0.0
NP_181292,0.0
NP_181295,0.0
NP_181296,0.0
NP_181297,0.0
NP_181299,0.0
NP_181300,0.0
NP_181301,0.0
NP_181303,44.0
NP_181304,0.0
NP_181305,0.0
NP_181306,0.0
NP_181307,404.0
NP_181308,0.0
NP_181310,0.0
NP_181313,0.0
NP_181314,0.0
NP_181315,0.0
NP_181316,0.0
NP_181317,0.0
NP_181318,0.0
NP_181325,0.0
NP_181326,0.0
NP_181327,0.0
NP_181329,0.0
NP_181331,0.0
NP_181332,0.0
NP_181334,0.0
NP_181336,0.0
NP_181337,0.0
NP_181340,0.0
NP_181341,0.0
NP_181342,0.0
NP_181344,0.0
NP_181345,0.0
NP_181346,0.0
NP_181348,0.0
NP_181349,0.0
NP_181350,0.0
NP_181351,35.0
NP_181352,0.0
NP_181356,0.0
NP_181357,0.0
NP_181358,43.0
NP_181359,0.0
NP_181360,0.0
NP_181363,0.0
NP_181364,0.0
NP_181367,0.0
NP_181369,0.0
NP_181370,0.0
NP_181371,0.0
NP_181372,0.0
NP_181373,0.0
NP_181374,0.0
NP_181375,0.0
NP_181376,0.0
NP_181377,0.0
NP_181378,44.0
NP_181380,0.0
NP_181381,2750.0
NP_181383,219.0
NP_181384,42.0
NP_181385,46.0
NP_181387,0.0
NP_181388,0.0
NP_181390,0.0
NP_181391,63.0
NP_181392,44.0
NP_181393,0.0
NP_181394,0.0
NP_181395,0.0
NP_181396,366.0
NP_181397,0.0
NP_181398,0.0
NP_181400,0.0
NP_181401,0.0
NP_181403,0.0
NP_181404,0.0
NP_181407,0.0
NP_181409,0.0
NP_181410,0.0
NP_181412,0.0
NP_181413,0.0
NP_181414,0.0
NP_181415,0.0
NP_181417,0.0
NP_181418,0.0
NP_181423,0.0
NP_181425,0.0
NP_181426,0.0
NP_181428,0.0
NP_181429,0.0
NP_181430,0.0
NP_181433,0.0
NP_181434,0.0
NP_181435,0.0
NP_181437,0.0
NP_181439,0.0
NP_181441,0.0
NP_181445,0.0
NP_181447,0.0
NP_181449,0.0
NP_181450,0.0
NP_181451,420.0
NP_181454,0.0
NP_181455,0.0
NP_181456,0.0
NP_181457,0.0
NP_181459,52.0
NP_181460,40.0
NP_181461,0.0
NP_181462,0.0
NP_181463,0.0
NP_181464,0.0
NP_181465,0.0
NP_181466,0.0
NP_181467,0.0
NP_181468,584.0
NP_181469,0.0
NP_181470,40.0
NP_181471,0.0
NP_181474,0.0
NP_181475,0.0
NP_181476,0.0
NP_181477,0.0
NP_181478,0.0
NP_181480,40.0
NP_181483,0.0
NP_181484,0.0
NP_181485,0.0
NP_181486,0.0
NP_181487,0.0
NP_181488,0.0
NP_181490,44.0
NP_181491,0.0
NP_181492,0.0
NP_181493,0.0
NP_181494,0.0
NP_181495,0.0
NP_181496,2046.0
NP_181500,0.0
NP_181504,0.0
NP_181507,0.0
NP_181510,0.0
NP_181511,0.0
NP_181512,0.0
NP_181513,46.0
NP_181514,0.0
NP_181517,0.0
NP_181518,0.0
NP_181519,0.0
NP_181522,0.0
NP_181524,0.0
NP_181525,0.0
NP_181526,0.0
NP_181527,0.0
NP_181528,0.0
NP_181529,47.0
NP_181530,0.0
NP_181532,55.0
NP_181534,0.0
NP_181536,0.0
NP_181539,0.0
NP_181540,0.0
NP_181541,102.0
NP_181543,0.0
NP_181546,0.0
NP_181547,0.0
NP_181548,0.0
NP_181549,0.0
NP_181550,0.0
NP_181551,0.0
NP_181552,0.0
NP_181553,0.0
NP_181554,0.0
NP_181555,0.0
NP_181559,0.0
NP_181560,0.0
NP_181562,0.0
NP_181563,0.0
NP_181566,0.0
NP_181567,44.0
NP_181568,0.0
NP_181569,0.0
NP_181570,0.0
NP_181573,0.0
NP_181576,0.0
NP_181577,0.0
NP_181578,0.0
NP_181580,0.0
NP_181581,0.0
NP_181582,0.0
NP_181583,0.0
NP_181587,0.0
NP_181588,0.0
NP_181589,0.0
NP_181590,0.0
NP_181591,0.0
NP_181593,0.0
NP_181594,0.0
NP_181599,0.0
NP_181602,0.0
NP_181603,0.0
NP_181604,0.0
NP_181605,52.0
NP_181606,0.0
NP_181607,145.0
NP_181609,65.0
NP_181610,0.0
NP_181611,0.0
NP_181612,0.0
NP_181613,0.0
NP_181614,0.0
NP_181616,46.0
NP_181617,0.0
NP_181620,0.0
NP_181622,0.0
NP_181623,0.0
NP_181624,0.0
NP_181626,0.0
NP_181628,0.0
NP_181630,0.0
NP_181631,42.0
NP_181632,0.0
NP_181633,0.0
NP_181634,0.0
NP_181635,0.0
NP_181637,0.0
NP_181639,0.0
NP_181642,0.0
NP_181643,0.0
NP_181645,0.0
NP_181646,0.0
NP_181647,0.0
NP_181648,0.0
NP_181654,45.0
NP_181655,47.0
NP_181657,0.0
NP_181658,0.0
NP_181659,0.0
NP_181660,0.0
NP_181661,0.0
NP_181662,0.0
NP_181663,0.0
NP_181664,0.0
NP_181665,0.0
NP_181668,0.0
NP_181669,0.0
NP_181670,0.0
NP_181671,0.0
NP_181672,0.0
NP_181673,0.0
NP_181674,0.0
NP_181675,0.0
NP_181676,0.0
NP_181677,0.0
NP_181678,0.0
NP_181679,0.0
NP_181681,0.0
NP_181682,0.0
NP_181684,0.0
NP_181685,0.0
NP_181686,0.0
NP_181687,0.0
NP_181690,0.0
NP_181691,0.0
NP_181692,0.0
NP_181694,0.0
NP_181696,0.0
NP_181700,0.0
NP_181704,0.0
NP_181706,0.0
NP_181709,0.0
NP_181710,0.0
NP_181711,0.0
NP_181712,0.0
NP_181713,941.0
NP_181714,53.0
NP_181715,0.0
NP_181717,0.0
NP_181718,0.0
NP_181722,0.0
NP_181723,0.0
NP_181725,0.0
NP_181726,0.0
NP_181727,0.0
NP_181728,533.0
NP_181729,0.0
NP_181730,0.0
NP_181731,0.0
NP_181733,0.0
NP_181736,0.0
NP_181738,0.0
NP_181739,0.0
NP_181740,0.0
NP_181741,0.0
NP_181742,0.0
NP_181744,0.0
NP_181745,0.0
NP_181746,0.0
NP_181749,0.0
NP_181754,0.0
NP_181755,0.0
NP_181756,46.0
NP_181757,0.0
NP_181758,410.0
NP_181760,0.0
NP_181761,0.0
NP_181762,0.0
NP_181763,0.0
NP_181764,0.0
NP_181765,34.0
NP_181766,0.0
NP_181770,0.0
NP_181773,0.0
NP_181775,0.0
NP_181777,0.0
NP_181779,0.0
NP_181780,0.0
NP_181781,0.0
NP_181782,0.0
NP_181783,119.0
NP_181784,0.0
NP_181792,192.0
NP_181793,0.0
NP_181794,0.0
NP_181797,0.0
NP_181798,41.0
NP_181800,61.0
NP_181804,0.0
NP_181807,39.0
NP_181808,409.0
NP_181810,0.0
NP_181812,0.0
NP_181813,0.0
NP_181818,0.0
NP_181819,0.0
NP_181820,0.0
NP_181821,0.0
NP_181822,0.0
NP_181823,0.0
NP_181825,621.0
NP_181826,0.0
NP_181827,0.0
NP_181828,0.0
NP_181830,0.0
NP_181831,0.0
NP_181833,0.0
NP_181834,0.0
NP_181836,0.0
NP_181837,0.0
NP_181838,0.0
NP_181842,0.0
NP_181844,0.0
NP_181847,0.0
NP_181849,0.0
NP_181851,0.0
NP_181853,0.0
NP_181854,0.0
NP_181855,0.0
NP_181856,0.0
NP_181857,0.0
NP_181859,0.0
NP_181863,0.0
NP_181864,0.0
NP_181867,0.0
NP_181868,47.0
NP_181869,0.0
NP_181872,0.0
NP_181873,0.0
NP_181874,0.0
NP_181875,0.0
NP_181876,0.0
NP_181877,0.0
NP_181879,0.0
NP_181880,0.0
NP_181881,0.0
NP_181884,0.0
NP_181885,491.0
NP_181886,0.0
NP_181887,354.0
NP_181888,0.0
NP_181889,517.0
NP_181890,323.0
NP_181892,0.0
NP_181895,0.0
NP_181897,405.0
NP_181898,386.0
NP_181899,0.0
NP_181900,0.0
NP_181901,0.0
NP_181902,0.0
NP_181903,0.0
NP_181904,0.0
NP_181905,0.0
NP_181906,0.0
NP_181907,2081.0
NP_181908,0.0
NP_181909,0.0
NP_181910,0.0
NP_181912,0.0
NP_181913,196.0
NP_181914,0.0
NP_181915,0.0
NP_181916,0.0
NP_181917,0.0
NP_181918,0.0
NP_181919,0.0
NP_181920,0.0
NP_181924,0.0
NP_181927,0.0
NP_181928,0.0
NP_181929,0.0
NP_181931,0.0
NP_181933,0.0
NP_181934,0.0
NP_181935,0.0
NP_181938,0.0
NP_181939,30.0
NP_181947,0.0
NP_181948,0.0
NP_181951,0.0
NP_181954,0.0
NP_181956,0.0
NP_181957,0.0
NP_181958,0.0
NP_181959,0.0
NP_181961,0.0
NP_181962,60.0
NP_181964,0.0
NP_181965,0.0
NP_181966,0.0
NP_181967,0.0
NP_181968,0.0
NP_181969,0.0
NP_181971,0.0
NP_181972,0.0
NP_181973,0.0
NP_181976,0.0
NP_181977,0.0
NP_181978,0.0
NP_181981,0.0
NP_181982,0.0
NP_181983,0.0
NP_181984,0.0
NP_181985,0.0
NP_181986,0.0
NP_181988,0.0
NP_181989,0.0
NP_181990,0.0
NP_181991,0.0
NP_181994,0.0
NP_181996,0.0
NP_181998,0.0
NP_182001,0.0
NP_182002,0.0
NP_182004,0.0
NP_182006,0.0
NP_182007,0.0
NP_182008,0.0
NP_182009,0.0
NP_182011,0.0
NP_182012,0.0
NP_182013,0.0
NP_182015,0.0
NP_182018,0.0
NP_182021,0.0
NP_182022,49.0
NP_182025,38.0
NP_182026,0.0
NP_182029,0.0
NP_182030,0.0
NP_182031,0.0
NP_182033,0.0
NP_182034,0.0
NP_182035,0.0
NP_182036,0.0
NP_182037,0.0
NP_182038,0.0
NP_182039,0.0
NP_182041,0.0
NP_182042,0.0
NP_182045,0.0
NP_182046,0.0
NP_182049,0.0
NP_182050,0.0
NP_182051,0.0
NP_182055,0.0
NP_182056,0.0
NP_182058,0.0
NP_182059,470.0
NP_182060,0.0
NP_182061,0.0
NP_182064,0.0
NP_182065,0.0
NP_182067,0.0
NP_182068,0.0
NP_182073,0.0
NP_182074,0.0
NP_182075,0.0
NP_182078,47.0
NP_182079,0.0
NP_182081,0.0
NP_182082,0.0
NP_182083,212.0
NP_182085,0.0
NP_182089,0.0
NP_182090,0.0
NP_182092,0.0
NP_182094,44.0
NP_182095,0.0
NP_182096,0.0
NP_182099,39.0
NP_182100,0.0
NP_182103,0.0
NP_182104,0.0
NP_182105,0.0
NP_182106,0.0
NP_182107,0.0
NP_182108,0.0
NP_182109,0.0
NP_182110,0.0
NP_182111,0.0
NP_182112,0.0
NP_182113,0.0
NP_182114,0.0
NP_182115,355.0
NP_182116,0.0
NP_182118,0.0
NP_182120,0.0
NP_182121,0.0
NP_182126,50.0
NP_182128,0.0
NP_182129,0.0
NP_182131,1288.0
NP_182134,0.0
NP_182135,0.0
NP_182136,238.0
NP_182137,0.0
NP_182138,0.0
NP_182139,0.0
NP_182142,0.0
NP_182144,0.0
NP_182147,47.0
NP_182148,0.0
NP_182150,0.0
NP_182151,0.0
NP_182152,0.0
NP_182153,0.0
NP_182154,0.0
NP_182157,0.0
NP_182159,0.0
NP_182161,55.0
NP_182163,159.0
NP_182164,0.0
NP_182167,0.0
NP_182169,0.0
NP_182170,0.0
NP_182171,0.0
NP_182172,0.0
NP_182175,47.0
NP_182176,0.0
NP_182179,48.0
NP_182180,0.0
NP_182182,56.0
NP_182184,0.0
NP_182185,0.0
NP_182186,0.0
NP_182187,0.0
NP_182188,0.0
NP_182189,0.0
NP_182190,0.0
NP_182191,0.0
NP_182192,0.0
NP_182193,118.0
NP_182195,0.0
NP_182197,0.0
NP_182198,0.0
NP_182199,0.0
NP_182200,0.0
NP_182201,0.0
NP_182203,0.0
NP_182204,0.0
NP_182207,0.0
NP_182208,219.0
NP_182209,0.0
NP_182211,0.0
NP_182212,0.0
NP_182216,0.0
NP_182217,0.0
NP_182218,0.0
NP_182220,0.0
NP_182221,0.0
NP_182222,0.0
NP_182223,40.0
NP_182225,0.0
NP_182226,0.0
NP_182227,0.0
NP_182228,0.0
NP_182229,494.0
NP_182234,0.0
NP_182235,0.0
NP_182237,0.0
NP_182239,0.0
NP_182240,0.0
NP_182241,0.0
NP_182242,0.0
NP_182244,0.0
NP_182245,0.0
NP_182246,0.0
NP_182247,0.0
NP_182248,269.0
NP_182254,0.0
NP_182256,0.0
NP_182257,36.0
NP_182258,0.0
NP_182259,0.0
NP_182260,0.0
NP_182264,0.0
NP_182265,0.0
NP_182266,0.0
NP_182268,0.0
NP_182269,0.0
NP_182270,0.0
NP_182273,0.0
NP_182274,0.0
NP_182275,0.0
NP_182276,0.0
NP_182278,0.0
NP_182280,0.0
NP_182281,0.0
NP_182283,0.0
NP_182287,0.0
NP_182289,0.0
NP_182290,0.0
NP_182291,0.0
NP_182294,0.0
NP_182296,0.0
NP_182297,0.0
NP_182299,0.0
NP_182301,0.0
NP_182302,0.0
NP_182303,0.0
NP_182304,0.0
NP_182306,0.0
NP_182307,0.0
NP_182309,0.0
NP_182310,0.0
NP_182313,0.0
NP_182320,0.0
NP_182322,532.0
NP_182327,42.0
NP_182329,0.0
NP_182332,0.0
NP_186749,0.0
NP_186750,0.0
NP_186751,0.0
NP_186752,0.0
NP_186754,0.0
NP_186756,0.0
NP_186757,651.0
NP_186759,0.0
NP_186761,0.0
NP_186763,0.0
NP_186764,0.0
NP_186767,0.0
NP_186768,0.0
NP_186769,0.0
NP_186770,0.0
NP_186771,0.0
NP_186772,0.0
NP_186773,0.0
NP_186774,0.0
NP_186775,0.0
NP_186776,0.0
NP_186777,0.0
NP_186779,1021.0
NP_186780,40.0
NP_186781,0.0
NP_186782,53.0
NP_186783,0.0
NP_186784,0.0
NP_186785,0.0
NP_186786,0.0
NP_186788,0.0
NP_186790,0.0
NP_186791,0.0
NP_186792,0.0
NP_186795,50.0
NP_186796,0.0
NP_186797,0.0
NP_186798,0.0
NP_186799,0.0
NP_186802,0.0
NP_186805,0.0
NP_186806,0.0
NP_186807,0.0
NP_186810,0.0
NP_186811,0.0
NP_186812,0.0
NP_186814,0.0
NP_186815,0.0
NP_186817,0.0
NP_186818,0.0
NP_186824,67.0
NP_186825,0.0
NP_186827,43.0
NP_186828,0.0
NP_186829,0.0
NP_186830,44.0
NP_186831,0.0
NP_186833,0.0
NP_186835,0.0
NP_186836,0.0
NP_186837,0.0
NP_186840,0.0
NP_186844,0.0
NP_186845,0.0
NP_186846,261.0
NP_186847,0.0
NP_186848,0.0
NP_186849,0.0
NP_186850,40.0
NP_186851,0.0
NP_186852,0.0
NP_186854,0.0
NP_186856,0.0
NP_186857,0.0
NP_186858,42.0
NP_186859,0.0
NP_186860,0.0
NP_186862,1080.0
NP_186865,0.0
NP_186869,0.0
NP_186870,0.0
NP_186871,0.0
NP_186872,0.0
NP_186873,0.0
NP_186875,46.0
NP_186876,0.0
NP_186877,0.0
NP_186879,0.0
NP_186880,0.0
NP_186881,0.0
NP_186882,0.0
NP_186883,42.0
NP_186885,0.0
NP_186886,0.0
NP_186887,0.0
NP_186888,0.0
NP_186889,0.0
NP_186890,0.0
NP_186892,0.0
NP_186894,0.0
NP_186896,0.0
NP_186898,0.0
NP_186899,0.0
NP_186900,0.0
NP_186902,0.0
NP_186903,0.0
NP_186905,0.0
NP_186906,0.0
NP_186907,0.0
NP_186908,0.0
NP_186910,0.0
NP_186911,0.0
NP_186912,0.0
NP_186914,0.0
NP_186915,0.0
NP_186917,0.0
NP_186920,0.0
NP_186921,0.0
NP_186922,0.0
NP_186923,0.0
NP_186924,44.0
NP_186925,43.0
NP_186926,0.0
NP_186927,0.0
NP_186929,0.0
NP_186930,706.0
NP_186931,0.0
NP_186934,0.0
NP_186936,0.0
NP_186937,0.0
NP_186938,446.0
NP_186939,0.0
NP_186940,0.0
NP_186944,0.0
NP_186946,0.0
NP_186947,0.0
NP_186948,0.0
NP_186949,0.0
NP_186950,0.0
NP_186951,0.0
NP_186953,51.0
NP_186954,0.0
NP_186955,0.0
NP_186956,0.0
NP_186958,0.0
NP_186959,0.0
NP_186962,0.0
NP_186963,41.0
NP_186964,0.0
NP_186968,0.0
NP_186969,0.0
NP_186970,0.0
NP_186971,0.0
NP_186973,0.0
NP_186974,0.0
NP_186975,0.0
NP_186976,0.0
NP_186978,0.0
NP_186979,0.0
NP_186983,0.0
NP_186985,0.0
NP_186987,0.0
NP_186990,0.0
NP_186991,0.0
NP_186994,57.0
NP_186995,0.0
NP_186996,0.0
NP_186997,0.0
NP_186998,0.0
NP_186999,0.0
NP_187000,0.0
NP_187001,0.0
NP_187002,0.0
NP_187006,0.0
NP_187008,0.0
NP_187010,0.0
NP_187012,0.0
NP_187013,0.0
NP_187014,0.0
NP_187015,0.0
NP_187016,0.0
NP_187017,0.0
NP_187018,0.0
NP_187019,0.0
NP_187020,41.0
NP_187021,39.0
NP_187023,38.0
NP_187025,0.0
NP_187026,0.0
NP_187028,0.0
NP_187029,0.0
NP_187031,0.0
NP_187033,0.0
NP_187034,0.0
NP_187035,0.0
NP_187038,0.0
NP_187041,0.0
NP_187043,0.0
NP_187044,0.0
NP_187047,0.0
NP_187048,0.0
NP_187051,0.0
NP_187052,0.0
NP_187053,0.0
NP_187054,0.0
NP_187055,0.0
NP_187056,0.0
NP_187057,0.0
NP_187058,0.0
NP_187059,0.0
NP_187060,0.0
NP_187061,0.0
NP_187062,0.0
NP_187064,0.0
NP_187065,0.0
NP_187066,0.0
NP_187067,0.0
NP_187068,0.0
NP_187069,0.0
NP_187070,0.0
NP_187072,1419.0
NP_187073,0.0
NP_187074,0.0
NP_187075,0.0
NP_187076,0.0
NP_187078,0.0
NP_187079,0.0
NP_187080,0.0
NP_187081,47.0
NP_187082,0.0
NP_187083,0.0
NP_187084,0.0
NP_187087,0.0
NP_187088,0.0
NP_187089,0.0
NP_187090,0.0
NP_187091,0.0
NP_187093,0.0
NP_187094,41.0
NP_187096,0.0
NP_187098,0.0
NP_187099,0.0
NP_187100,0.0
NP_187101,0.0
NP_187104,0.0
NP_187108,0.0
NP_187109,0.0
NP_187110,0.0
NP_187112,0.0
NP_187113,0.0
NP_187117,0.0
NP_187119,0.0
NP_187120,525.0
NP_187121,0.0
NP_187122,41.0
NP_187123,0.0
NP_187124,0.0
NP_187125,47.0
NP_187126,0.0
NP_187128,0.0
NP_187130,0.0
NP_187131,0.0
NP_187132,146.0
NP_187133,40.0
NP_187135,0.0
NP_187136,38.0
NP_187138,0.0
NP_187141,0.0
NP_187142,0.0
NP_187143,0.0
NP_187144,38.0
NP_187146,0.0
NP_187147,0.0
NP_187148,0.0
NP_187149,0.0
NP_187150,0.0
NP_187151,0.0
NP_187153,0.0
NP_187154,0.0
NP_187155,41.0
NP_187156,0.0
NP_187157,0.0
NP_187159,0.0
NP_187161,0.0
NP_187162,0.0
NP_187163,0.0
NP_187164,0.0
NP_187165,550.0
NP_187166,0.0
NP_187168,0.0
NP_187169,0.0
NP_187170,0.0
NP_187172,0.0
NP_187173,0.0
NP_187175,0.0
NP_187176,0.0
NP_187177,0.0
NP_187178,52.0
NP_187179,0.0
NP_187181,0.0
NP_187182,52.0
NP_187183,0.0
NP_187184,0.0
NP_187185,46.0
NP_187186,0.0
NP_187187,666.0
NP_187188,711.0
NP_187189,0.0
NP_187190,0.0
NP_187191,0.0
NP_187192,0.0
NP_187193,0.0
NP_187194,0.0
NP_187195,0.0
NP_187196,0.0
NP_187198,0.0
NP_187201,0.0
NP_187203,0.0
NP_187204,0.0
NP_187205,0.0
NP_187206,0.0
NP_187207,0.0
NP_187208,0.0
NP_187209,0.0
NP_187210,0.0
NP_187211,0.0
NP_187212,0.0
NP_187213,0.0
NP_187214,0.0
NP_187215,0.0
NP_187216,754.0
NP_187217,638.0
NP_187218,0.0
NP_187219,54.0
NP_187220,0.0
NP_187221,0.0
NP_187223,0.0
NP_187224,0.0
NP_187225,0.0
NP_187226,0.0
NP_187228,0.0
NP_187235,459.0
NP_187237,0.0
NP_187238,0.0
NP_187239,0.0
NP_187240,0.0
NP_187241,0.0
NP_187244,0.0
NP_187245,0.0
NP_187246,0.0
NP_187247,0.0
NP_187250,169.0
NP_187251,0.0
NP_187252,0.0
NP_187253,0.0
NP_187254,0.0
NP_187255,0.0
NP_187257,0.0
NP_187260,0.0
NP_187263,0.0
NP_187266,0.0
NP_187267,0.0
NP_187268,0.0
NP_187269,0.0
NP_187272,0.0
NP_187273,0.0
NP_187274,0.0
NP_187277,0.0
NP_187278,0.0
NP_187279,0.0
NP_187280,0.0
NP_187283,0.0
NP_187285,0.0
NP_187286,0.0
NP_187288,0.0
NP_187289,0.0
NP_187290,0.0
NP_187291,0.0
NP_187292,35.0
NP_187294,0.0
NP_187296,0.0
NP_187297,0.0
NP_187298,0.0
NP_187299,0.0
NP_187300,0.0
NP_187301,0.0
NP_187302,0.0
NP_187304,0.0
NP_187305,66.0
NP_187306,0.0
NP_187307,0.0
NP_187308,0.0
NP_187310,0.0
NP_187312,0.0
NP_187314,337.0
NP_187315,322.0
NP_187316,325.0
NP_187317,0.0
NP_187318,0.0
NP_187319,0.0
NP_187320,0.0
NP_187321,0.0
NP_187323,43.0
NP_187324,0.0
NP_187325,0.0
NP_187326,0.0
NP_187327,0.0
NP_187328,0.0
NP_187329,0.0
NP_187332,0.0
NP_187335,0.0
NP_187337,0.0
NP_187338,0.0
NP_187339,0.0
NP_187341,0.0
NP_187342,0.0
NP_187343,0.0
NP_187344,45.0
NP_187346,0.0
NP_187347,0.0
NP_187349,0.0
NP_187351,0.0
NP_187353,0.0
NP_187354,0.0
NP_187355,0.0
NP_187356,0.0
NP_187357,0.0
NP_187359,0.0
NP_187360,4805.0
NP_187361,61.0
NP_187362,0.0
NP_187364,0.0
NP_187365,0.0
NP_187366,0.0
NP_187367,0.0
NP_187368,0.0
NP_187369,0.0
NP_187371,0.0
NP_187372,43.0
NP_187374,0.0
NP_187375,0.0
NP_187376,0.0
NP_187378,0.0
NP_187379,0.0
NP_187382,0.0
NP_187383,0.0
NP_187385,0.0
NP_187386,0.0
NP_187389,0.0
NP_187390,0.0
NP_187394,0.0
NP_187396,0.0
NP_187397,0.0
NP_187398,0.0
NP_187400,0.0
NP_187401,0.0
NP_187405,0.0
NP_187406,0.0
NP_187408,0.0
NP_187409,0.0
NP_187412,0.0
NP_187413,0.0
NP_187415,0.0
NP_187416,0.0
NP_187417,0.0
NP_187418,0.0
NP_187420,0.0
NP_187422,45.0
NP_187423,0.0
NP_187424,0.0
NP_187425,0.0
NP_187426,0.0
NP_187428,0.0
NP_187434,0.0
NP_187436,0.0
NP_187437,0.0
NP_187439,0.0
NP_187440,0.0
NP_187441,0.0
NP_187442,0.0
NP_187443,0.0
NP_187445,0.0
NP_187447,0.0
NP_187449,0.0
NP_187451,0.0
NP_187453,0.0
NP_187454,0.0
NP_187455,226.0
NP_187456,0.0
NP_187457,0.0
NP_187459,0.0
NP_187461,35.0
NP_187462,0.0
NP_187463,0.0
NP_187464,40.0
NP_187466,42.0
NP_187467,0.0
NP_187468,0.0
NP_187469,0.0
NP_187470,0.0
NP_187471,0.0
NP_187474,0.0
NP_187475,0.0
NP_187476,0.0
NP_187477,0.0
NP_187478,0.0
NP_187479,70.0
NP_187480,339.0
NP_187483,0.0
NP_187484,172.0
NP_187485,170.0
NP_187487,0.0
NP_187488,0.0
NP_187489,0.0
NP_187490,44.0
NP_187491,0.0
NP_187492,0.0
NP_187493,0.0
NP_187494,0.0
NP_187498,0.0
NP_187499,521.0
NP_187500,0.0
NP_187502,0.0
NP_187503,0.0
NP_187506,0.0
NP_187508,0.0
NP_187509,0.0
NP_187510,0.0
NP_187511,0.0
NP_187514,0.0
NP_187515,0.0
NP_187516,0.0
NP_187517,0.0
NP_187518,0.0
NP_187519,39.0
NP_187520,0.0
NP_187522,0.0
NP_187523,0.0
NP_187524,0.0
NP_187525,31.0
NP_187526,0.0
NP_187528,0.0
NP_187531,0.0
NP_187533,0.0
NP_187534,0.0
NP_187535,0.0
NP_187537,0.0
NP_187538,0.0
NP_187539,0.0
NP_187540,0.0
NP_187541,0.0
NP_187542,0.0
NP_187544,0.0
NP_187545,0.0
NP_187547,0.0
NP_187549,0.0
NP_187550,0.0
NP_187551,0.0
NP_187552,0.0
NP_187554,0.0
NP_187555,0.0
NP_187556,0.0
NP_187559,0.0
NP_187560,0.0
NP_187561,0.0
NP_187562,0.0
NP_187563,0.0
NP_187564,0.0
NP_187565,0.0
NP_187566,0.0
NP_187567,0.0
NP_187568,0.0
NP_187569,0.0
NP_187570,348.0
NP_187571,0.0
NP_187573,50.0
NP_187574,0.0
NP_187575,0.0
NP_187576,0.0
NP_187578,0.0
NP_187580,0.0
NP_187582,0.0
NP_187583,0.0
NP_187584,0.0
NP_187586,0.0
NP_187589,285.0
NP_187593,0.0
NP_187594,741.0
NP_187595,0.0
NP_187597,0.0
NP_187598,0.0
NP_187599,0.0
NP_187601,0.0
NP_187602,0.0
NP_187603,0.0
NP_187604,0.0
NP_187609,0.0
NP_187610,0.0
NP_187611,0.0
NP_187612,0.0
NP_187615,0.0
NP_187616,0.0
NP_187617,0.0
NP_187619,0.0
NP_187620,0.0
NP_187623,0.0
NP_187624,0.0
NP_187625,0.0
NP_187626,0.0
NP_187627,42.0
NP_187629,64.0
NP_187630,0.0
NP_187631,55.0
NP_187633,0.0
NP_187634,0.0
NP_187635,0.0
NP_187639,0.0
NP_187640,0.0
NP_187641,0.0
NP_187643,0.0
NP_187644,0.0
NP_187645,2910.0
NP_187646,0.0
NP_187647,0.0
NP_187648,0.0
NP_187650,0.0
NP_187651,0.0
NP_187652,0.0
NP_187654,0.0
NP_187655,0.0
NP_187656,0.0
NP_187657,0.0
NP_187658,0.0
NP_187662,0.0
NP_187663,0.0
NP_187664,0.0
NP_187665,0.0
NP_187666,0.0
NP_187667,0.0
NP_187668,38.0
NP_187669,0.0
NP_187670,0.0
NP_187671,0.0
NP_187672,0.0
NP_187673,0.0
NP_187675,0.0
NP_187676,0.0
NP_187677,0.0
NP_187678,0.0
NP_187679,0.0
NP_187680,45.0
NP_187681,0.0
NP_187682,0.0
NP_187683,0.0
NP_187685,0.0
NP_187686,0.0
NP_187687,0.0
NP_187689,0.0
NP_187690,0.0
NP_187691,0.0
NP_187692,0.0
NP_187695,0.0
NP_187696,0.0
NP_187697,0.0
NP_187698,0.0
NP_187699,0.0
NP_187700,0.0
NP_187701,0.0
NP_187702,0.0
NP_187703,0.0
NP_187706,0.0
NP_187709,0.0
NP_187710,0.0
NP_187711,0.0
NP_187712,891.0
NP_187713,0.0
NP_187714,0.0
NP_187715,0.0
NP_187716,0.0
NP_187717,0.0
NP_187718,50.0
NP_187719,898.0
NP_187720,0.0
NP_187722,0.0
NP_187724,42.0
NP_187725,0.0
NP_187726,0.0
NP_187727,0.0
NP_187728,0.0
NP_187729,0.0
NP_187733,0.0
NP_187734,0.0
NP_187735,0.0
NP_187736,0.0
NP_187737,0.0
NP_187739,0.0
NP_187740,0.0
NP_187741,181.0
NP_187742,0.0
NP_187743,0.0
NP_187744,0.0
NP_187745,0.0
NP_187746,0.0
NP_187747,0.0
NP_187748,0.0
NP_187749,0.0
NP_187750,0.0
NP_187751,0.0
NP_187752,0.0
NP_187753,0.0
NP_187754,0.0
NP_187755,0.0
NP_187756,0.0
NP_187757,0.0
NP_187758,0.0
NP_187759,0.0
NP_187761,0.0
NP_187762,0.0
NP_187763,44.0
NP_187764,0.0
NP_187765,0.0
NP_187769,0.0
NP_187770,0.0
NP_187773,0.0
NP_187774,0.0
NP_187777,0.0
NP_187778,0.0
NP_187779,0.0
NP_187780,0.0
NP_187781,0.0
NP_187782,0.0
NP_187783,0.0
NP_187787,0.0
NP_187788,0.0
NP_187789,0.0
NP_187791,0.0
NP_187792,0.0
NP_187793,48.0
NP_187796,0.0
NP_187797,0.0
NP_187800,0.0
NP_187801,0.0
NP_187802,0.0
NP_187803,51.0
NP_187805,0.0
NP_187807,0.0
NP_187808,0.0
NP_187809,48.0
NP_187811,0.0
NP_187813,0.0
NP_187814,0.0
NP_187815,0.0
NP_187817,0.0
NP_187818,0.0
NP_187819,0.0
NP_187821,0.0
NP_187822,0.0
NP_187823,0.0
NP_187824,0.0
NP_187825,0.0
NP_187826,0.0
NP_187827,38.0
NP_187828,54.0
NP_187831,0.0
NP_187832,0.0
NP_187835,0.0
NP_187837,0.0
NP_187840,0.0
NP_187842,0.0
NP_187843,0.0
NP_187845,0.0
NP_187847,0.0
NP_187848,0.0
NP_187849,0.0
NP_187850,0.0
NP_187852,0.0
NP_187854,0.0
NP_187857,0.0
NP_187858,0.0
NP_187859,0.0
NP_187860,0.0
NP_187861,0.0
NP_187862,0.0
NP_187864,0.0
NP_187865,48.0
NP_187867,459.0
NP_187868,0.0
NP_187872,0.0
NP_187873,0.0
NP_187874,0.0
NP_187875,0.0
NP_187876,0.0
NP_187879,0.0
NP_187881,0.0
NP_187883,0.0
NP_187884,0.0
NP_187886,0.0
NP_187887,42.0
NP_187888,0.0
NP_187889,0.0
NP_187891,0.0
NP_187892,0.0
NP_187893,0.0
NP_187894,0.0
NP_187896,0.0
NP_187897,0.0
NP_187900,0.0
NP_187901,0.0
NP_187902,0.0
NP_187903,0.0
NP_187904,47.0
NP_187906,0.0
NP_187907,0.0
NP_187908,0.0
NP_187909,0.0
NP_187911,40.0
NP_187912,36.0
NP_187914,0.0
NP_187915,46.0
NP_187916,47.0
NP_187917,50.0
NP_187918,0.0
NP_187919,0.0
NP_187920,0.0
NP_187921,0.0
NP_187922,0.0
NP_187923,0.0
NP_187924,0.0
NP_187925,0.0
NP_187927,0.0
NP_187928,0.0
NP_187929,0.0
NP_187930,0.0
NP_187932,0.0
NP_187936,0.0
NP_187937,0.0
NP_187938,0.0
NP_187939,0.0
NP_187945,0.0
NP_187946,1194.0
NP_187947,0.0
NP_187948,0.0
NP_187950,0.0
NP_187951,0.0
NP_187952,0.0
NP_187953,0.0
NP_187954,0.0
NP_187955,0.0
NP_187956,0.0
NP_187957,0.0
NP_187958,0.0
NP_187959,0.0
NP_187962,236.0
NP_187963,0.0
NP_187965,0.0
NP_187966,0.0
NP_187967,0.0
NP_187968,0.0
NP_187969,0.0
NP_187970,0.0
NP_187972,0.0
NP_187973,0.0
NP_187974,0.0
NP_187975,0.0
NP_187976,0.0
NP_187977,0.0
NP_187978,0.0
NP_187979,0.0
NP_187980,0.0
NP_187981,0.0
NP_187982,577.0
NP_187983,0.0
NP_187984,0.0
NP_187988,0.0
NP_187989,0.0
NP_187990,0.0
NP_187991,0.0
NP_187992,0.0
NP_187993,0.0
NP_187994,0.0
NP_187996,0.0
NP_187997,0.0
NP_187998,0.0
NP_187999,0.0
NP_188000,0.0
NP_188001,0.0
NP_188003,0.0
NP_188004,0.0
NP_188006,40.0
NP_188010,0.0
NP_188011,0.0
NP_188012,0.0
NP_188013,0.0
NP_188014,0.0
NP_188015,0.0
NP_188016,0.0
NP_188018,0.0
NP_188019,0.0
NP_188020,0.0
NP_188021,0.0
NP_188026,0.0
NP_188028,0.0
NP_188029,0.0
NP_188030,0.0
NP_188031,0.0
NP_188033,0.0
NP_188034,0.0
NP_188036,0.0
NP_188037,0.0
NP_188038,0.0
NP_188039,0.0
NP_188042,0.0
NP_188043,0.0
NP_188044,47.0
NP_188045,0.0
NP_188046,0.0
NP_188047,0.0
NP_188048,0.0
NP_188049,0.0
NP_188050,0.0
NP_188051,0.0
NP_188052,420.0
NP_188054,0.0
NP_188055,0.0
NP_188056,0.0
NP_188059,0.0
NP_188060,0.0
NP_188062,0.0
NP_188063,0.0
NP_188064,375.0
NP_188065,412.0
NP_188066,0.0
NP_188067,0.0
NP_188069,0.0
NP_188070,0.0
NP_188071,0.0
NP_188072,0.0
NP_188073,0.0
NP_188075,50.0
NP_188076,0.0
NP_188077,0.0
NP_188078,0.0
NP_188079,39.0
NP_188080,0.0
NP_188081,0.0
NP_188082,0.0
NP_188083,0.0
NP_188084,0.0
NP_188085,0.0
NP_188086,0.0
NP_188087,0.0
NP_188088,0.0
NP_188089,0.0
NP_188090,885.0
NP_188091,0.0
NP_188094,0.0
NP_188096,0.0
NP_188097,0.0
NP_188099,50.0
NP_188100,0.0
NP_188101,40.0
NP_188102,563.0
NP_188103,0.0
NP_188104,0.0
NP_188105,0.0
NP_188106,0.0
NP_188107,0.0
NP_188108,0.0
NP_188109,0.0
NP_188110,0.0
NP_188112,0.0
NP_188114,0.0
NP_188115,0.0
NP_188116,0.0
NP_188117,0.0
NP_188119,0.0
NP_188120,0.0
NP_188121,0.0
NP_188123,0.0
NP_188124,0.0
NP_188127,0.0
NP_188128,0.0
NP_188130,46.0
NP_188131,0.0
NP_188133,0.0
NP_188134,0.0
NP_188135,0.0
NP_188137,0.0
NP_188138,0.0
NP_188139,0.0
NP_188140,232.0
NP_188143,0.0
NP_188144,0.0
NP_188145,0.0
NP_188147,0.0
NP_188148,0.0
NP_188152,0.0
NP_188154,0.0
NP_188155,0.0
NP_188156,0.0
NP_188158,0.0
NP_188159,0.0
NP_188160,351.0
NP_188161,0.0
NP_188163,0.0
NP_188168,0.0
NP_188169,0.0
NP_188170,0.0
NP_188171,0.0
NP_188173,0.0
NP_188174,51.0
NP_188176,0.0
NP_188178,0.0
NP_188181,0.0
NP_188185,0.0
NP_188186,0.0
NP_188188,0.0
NP_188189,0.0
NP_188190,0.0
NP_188191,454.0
NP_188194,43.0
NP_188195,0.0
NP_188196,0.0
NP_188198,0.0
NP_188199,0.0
NP_188200,0.0
NP_188201,572.0
NP_188204,0.0
NP_188207,0.0
NP_188208,0.0
NP_188209,43.0
NP_188212,0.0
NP_188213,0.0
NP_188214,0.0
NP_188215,0.0
NP_188216,0.0
NP_188217,0.0
NP_188219,0.0
NP_188220,0.0
NP_188221,50.0
NP_188222,34.0
NP_188223,0.0
NP_188224,536.0
NP_188226,0.0
NP_188228,0.0
NP_188230,0.0
NP_188231,0.0
NP_188232,0.0
NP_188233,0.0
NP_188235,0.0
NP_188237,0.0
NP_188239,0.0
NP_188241,0.0
NP_188242,0.0
NP_188243,0.0
NP_188245,0.0
NP_188246,0.0
NP_188247,41.0
NP_188249,0.0
NP_188251,0.0
NP_188253,0.0
NP_188254,0.0
NP_188256,0.0
NP_188258,0.0
NP_188259,0.0
NP_188262,0.0
NP_188263,0.0
NP_188264,0.0
NP_188265,0.0
NP_188266,0.0
NP_188267,0.0
NP_188270,0.0
NP_188271,0.0
NP_188272,0.0
NP_188274,0.0
NP_188281,0.0
NP_188282,0.0
NP_188283,0.0
NP_188284,0.0
NP_188285,0.0
NP_188286,0.0
NP_188288,0.0
NP_188289,0.0
NP_188290,0.0
NP_188291,0.0
NP_188292,0.0
NP_188293,0.0
NP_188294,0.0
NP_188295,0.0
NP_188297,0.0
NP_188298,41.0
NP_188299,0.0
NP_188300,0.0
NP_188302,0.0
NP_188303,0.0
NP_188305,0.0
NP_188306,0.0
NP_188307,47.0
NP_188308,0.0
NP_188311,0.0
NP_188312,0.0
NP_188313,0.0
NP_188314,0.0
NP_188315,0.0
NP_188316,0.0
NP_188317,499.0
NP_188318,0.0
NP_188319,0.0
NP_188321,0.0
NP_188322,0.0
NP_188323,0.0
NP_188324,0.0
NP_188326,0.0
NP_188328,0.0
NP_188329,38.0
NP_188331,0.0
NP_188333,0.0
NP_188337,0.0
NP_188338,0.0
NP_188339,0.0
NP_188340,0.0
NP_188341,0.0
NP_188343,0.0
NP_188344,0.0
NP_188346,0.0
NP_188348,0.0
NP_188349,0.0
NP_188351,0.0
NP_188353,0.0
NP_188354,0.0
NP_188358,0.0
NP_188359,0.0
NP_188360,51.0
NP_188361,0.0
NP_188362,67.0
NP_188365,0.0
NP_188366,0.0
NP_188367,483.0
NP_188368,606.0
NP_188371,0.0
NP_188372,0.0
NP_188374,0.0
NP_188375,0.0
NP_188376,0.0
NP_188377,0.0
NP_188379,0.0
NP_188380,0.0
NP_188381,0.0
NP_188382,0.0
NP_188383,0.0
NP_188384,0.0
NP_188385,0.0
NP_188387,0.0
NP_188389,0.0
NP_188390,0.0
NP_188391,295.0
NP_188393,0.0
NP_188394,34.0
NP_188395,0.0
NP_188396,0.0
NP_188399,0.0
NP_188400,0.0
NP_188401,44.0
NP_188402,99.0
NP_188403,0.0
NP_188404,0.0
NP_188405,0.0
NP_188408,0.0
NP_188409,0.0
NP_188410,0.0
NP_188412,0.0
NP_188415,0.0
NP_188416,0.0
NP_188419,55.0
NP_188422,0.0
NP_188424,0.0
NP_188425,0.0
NP_188427,0.0
NP_188428,0.0
NP_188429,0.0
NP_188430,0.0
NP_188431,0.0
NP_188434,0.0
NP_188435,0.0
NP_188436,0.0
NP_188437,0.0
NP_188439,48.0
NP_188440,0.0
NP_188441,0.0
NP_188442,0.0
NP_188443,45.0
NP_188445,0.0
NP_188446,0.0
NP_188447,0.0
NP_188448,0.0
NP_188451,0.0
NP_188453,0.0
NP_188456,0.0
NP_188457,0.0
NP_188458,0.0
NP_188459,0.0
NP_188460,0.0
NP_188462,0.0
NP_188463,0.0
NP_188465,0.0
NP_188467,0.0
NP_188468,0.0
NP_188469,0.0
NP_188473,0.0
NP_188474,0.0
NP_188475,0.0
NP_188476,0.0
NP_188478,0.0
NP_188479,0.0
NP_188480,0.0
NP_188483,0.0
NP_188485,0.0
NP_188487,0.0
NP_188488,0.0
NP_188489,0.0
NP_188490,0.0
NP_188491,0.0
NP_188492,0.0
NP_188493,0.0
NP_188494,0.0
NP_188495,41.0
NP_188497,0.0
NP_188498,0.0
NP_188500,0.0
NP_188501,0.0
NP_188503,66.0
NP_188504,0.0
NP_188505,0.0
NP_188507,40.0
NP_188508,0.0
NP_188509,0.0
NP_188511,686.0
NP_188512,0.0
NP_188513,0.0
NP_188515,0.0
NP_188517,0.0
NP_188518,0.0
NP_188519,0.0
NP_188521,0.0
NP_188523,0.0
NP_188525,0.0
NP_188526,0.0
NP_188527,0.0
NP_188529,0.0
NP_188532,98.0
NP_188534,42.0
NP_188535,51.0
NP_188537,0.0
NP_188538,0.0
NP_188539,0.0
NP_188540,0.0
NP_188541,0.0
NP_188544,0.0
NP_188545,0.0
NP_188546,0.0
NP_188547,0.0
NP_188548,0.0
NP_188549,45.0
NP_188550,49.0
NP_188551,0.0
NP_188552,0.0
NP_188554,158.0
NP_188555,0.0
NP_188556,0.0
NP_188557,0.0
NP_188559,0.0
NP_188562,0.0
NP_188563,311.0
NP_188564,0.0
NP_188565,0.0
NP_188566,0.0
NP_188568,56.0
NP_188572,0.0
NP_188573,43.0
NP_188574,0.0
NP_188575,0.0
NP_188576,0.0
NP_188582,48.0
NP_188586,0.0
NP_188589,0.0
NP_188590,0.0
NP_188591,0.0
NP_188592,0.0
NP_188595,0.0
NP_188596,0.0
NP_188597,0.0
NP_188598,0.0
NP_188599,43.0
NP_188601,44.0
NP_188602,35.0
NP_188603,474.0
NP_188604,1060.0
NP_188605,0.0
NP_188606,0.0
NP_188608,51.0
NP_188610,0.0
NP_188616,0.0
NP_188617,0.0
NP_188618,55.0
NP_188619,0.0
NP_188620,0.0
NP_188621,44.0
NP_188622,0.0
NP_188623,0.0
NP_188626,0.0
NP_188627,0.0
NP_188628,0.0
NP_188629,0.0
NP_188630,46.0
NP_188632,0.0
NP_188633,0.0
NP_188634,0.0
NP_188635,62.0
NP_188636,0.0
NP_188637,0.0
NP_188638,0.0
NP_188639,37.0
NP_188640,0.0
NP_188642,0.0
NP_188644,0.0
NP_188645,0.0
NP_188646,0.0
NP_188647,0.0
NP_188648,0.0
NP_188649,0.0
NP_188650,51.0
NP_188651,0.0
NP_188652,50.0
NP_188653,0.0
NP_188654,405.0
NP_188655,335.0
NP_188656,0.0
NP_188657,0.0
NP_188659,0.0
NP_188661,0.0
NP_188662,0.0
NP_188666,0.0
NP_188668,0.0
NP_188669,0.0
NP_188670,0.0
NP_188671,0.0
NP_188673,0.0
NP_188674,0.0
NP_188675,0.0
NP_188676,263.0
NP_188678,0.0
NP_188679,0.0
NP_188681,0.0
NP_188682,0.0
NP_188683,0.0
NP_188685,0.0
NP_188686,0.0
NP_188687,0.0
NP_188688,0.0
NP_188689,753.0
NP_188690,43.0
NP_188691,0.0
NP_188694,0.0
NP_188695,875.0
NP_188696,1158.0
NP_188697,0.0
NP_188700,0.0
NP_188701,0.0
NP_188702,0.0
NP_188703,0.0
NP_188704,0.0
NP_188705,0.0
NP_188706,0.0
NP_188707,0.0
NP_188708,42.0
NP_188709,0.0
NP_188710,0.0
NP_188711,0.0
NP_188712,0.0
NP_188713,0.0
NP_188714,0.0
NP_188715,0.0
NP_188716,0.0
NP_188718,442.0
NP_188719,0.0
NP_188720,0.0
NP_188721,0.0
NP_188722,164.0
NP_188724,0.0
NP_188725,0.0
NP_188726,0.0
NP_188730,0.0
NP_188731,0.0
NP_188732,0.0
NP_188735,0.0
NP_188737,50.0
NP_188743,0.0
NP_188745,0.0
NP_188746,0.0
NP_188748,0.0
NP_188749,0.0
NP_188750,0.0
NP_188751,0.0
NP_188752,0.0
NP_188754,0.0
NP_188755,0.0
NP_188758,0.0
NP_188759,0.0
NP_188760,0.0
NP_188761,0.0
NP_188762,50.0
NP_188764,0.0
NP_188767,0.0
NP_188769,0.0
NP_188770,0.0
NP_188771,427.0
NP_188772,0.0
NP_188773,0.0
NP_188774,0.0
NP_188777,0.0
NP_188782,281.0
NP_188783,0.0
NP_188784,0.0
NP_188785,0.0
NP_188786,0.0
NP_188788,0.0
NP_188789,0.0
NP_188790,0.0
NP_188791,0.0
NP_188793,0.0
NP_188794,0.0
NP_188797,0.0
NP_188798,0.0
NP_188799,0.0
NP_188801,0.0
NP_188802,0.0
NP_188803,0.0
NP_188804,0.0
NP_188806,0.0
NP_188808,0.0
NP_188809,0.0
NP_188810,46.0
NP_188811,0.0
NP_188812,0.0
NP_188813,0.0
NP_188814,0.0
NP_188815,0.0
NP_188816,0.0
NP_188817,0.0
NP_188819,0.0
NP_188825,0.0
NP_188826,0.0
NP_188827,0.0
NP_188828,0.0
NP_188829,0.0
NP_188830,0.0
NP_188831,0.0
NP_188832,0.0
NP_188833,0.0
NP_188834,0.0
NP_188835,0.0
NP_188836,0.0
NP_188837,0.0
NP_188838,0.0
NP_188839,0.0
NP_188840,0.0
NP_188841,0.0
NP_188842,0.0
NP_188843,0.0
NP_188846,0.0
NP_188847,0.0
NP_188848,0.0
NP_188849,0.0
NP_188850,0.0
NP_188851,0.0
NP_188854,0.0
NP_188856,0.0
NP_188857,34.0
NP_188858,0.0
NP_188861,0.0
NP_188862,0.0
NP_188864,0.0
NP_188866,0.0
NP_188868,0.0
NP_188869,0.0
NP_188870,0.0
NP_188871,0.0
NP_188872,0.0
NP_188874,0.0
NP_188875,0.0
NP_188876,0.0
NP_188879,0.0
NP_188880,0.0
NP_188881,0.0
NP_188884,0.0
NP_188885,0.0
NP_188886,0.0
NP_188887,0.0
NP_188888,0.0
NP_188889,0.0
NP_188890,0.0
NP_188891,0.0
NP_188893,0.0
NP_188894,0.0
NP_188895,0.0
NP_188897,0.0
NP_188898,0.0
NP_188902,0.0
NP_188904,0.0
NP_188905,0.0
NP_188906,0.0
NP_188907,0.0
NP_188908,0.0
NP_188909,0.0
NP_188910,0.0
NP_188911,0.0
NP_188912,0.0
NP_188916,0.0
NP_188918,66.0
NP_188919,0.0
NP_188920,0.0
NP_188921,0.0
NP_188922,0.0
NP_188923,0.0
NP_188924,0.0
NP_188925,0.0
NP_188926,0.0
NP_188927,0.0
NP_188928,0.0
NP_188929,0.0
NP_188931,67.0
NP_188932,0.0
NP_188933,0.0
NP_188934,0.0
NP_188935,0.0
NP_188937,0.0
NP_188938,39.0
NP_188940,0.0
NP_188941,656.0
NP_188942,0.0
NP_188943,0.0
NP_188945,0.0
NP_188946,0.0
NP_188947,0.0
NP_188950,0.0
NP_188951,0.0
NP_188952,626.0
NP_188953,626.0
NP_188954,0.0
NP_188955,0.0
NP_188956,0.0
NP_188957,0.0
NP_188959,0.0
NP_188960,0.0
NP_188961,0.0
NP_188962,0.0
NP_188963,0.0
NP_188964,0.0
NP_188965,0.0
NP_188966,0.0
NP_188967,0.0
NP_188968,0.0
NP_188973,0.0
NP_188975,0.0
NP_188976,0.0
NP_188977,0.0
NP_188978,0.0
NP_188979,0.0
NP_188980,0.0
NP_188981,0.0
NP_188984,0.0
NP_188985,0.0
NP_188987,0.0
NP_188988,0.0
NP_188989,0.0
NP_188990,0.0
NP_188991,0.0
NP_188993,0.0
NP_188995,0.0
NP_188996,0.0
NP_188997,0.0
NP_189000,0.0
NP_189001,43.0
NP_189003,0.0
NP_189007,0.0
NP_189008,0.0
NP_189009,42.0
NP_189010,0.0
NP_189011,0.0
NP_189013,43.0
NP_189016,0.0
NP_189017,582.0
NP_189019,501.0
NP_189020,40.0
NP_189021,0.0
NP_189022,0.0
NP_189023,0.0
NP_189024,0.0
NP_189025,0.0
NP_189028,0.0
NP_189029,0.0
NP_189030,0.0
NP_189031,42.0
NP_189032,0.0
NP_189033,0.0
NP_189034,0.0
NP_189035,0.0
NP_189036,0.0
NP_189037,0.0
NP_189038,0.0
NP_189039,0.0
NP_189040,0.0
NP_189041,0.0
NP_189044,0.0
NP_189046,0.0
NP_189047,0.0
NP_189048,0.0
NP_189050,0.0
NP_189051,0.0
NP_189052,0.0
NP_189053,0.0
NP_189055,0.0
NP_189056,0.0
NP_189057,0.0
NP_189058,0.0
NP_189059,0.0
NP_189060,0.0
NP_189062,0.0
NP_189063,0.0
NP_189064,0.0
NP_189065,0.0
NP_189066,1375.0
NP_189067,0.0
NP_189068,52.0
NP_189069,0.0
NP_189070,0.0
NP_189071,0.0
NP_189072,0.0
NP_189073,39.0
NP_189074,0.0
NP_189075,51.0
NP_189076,477.0
NP_189077,50.0
NP_189078,0.0
NP_189079,0.0
NP_189085,0.0
NP_189086,0.0
NP_189087,0.0
NP_189089,0.0
NP_189091,262.0
NP_189092,0.0
NP_189093,0.0
NP_189094,0.0
NP_189095,0.0
NP_189098,613.0
NP_189100,0.0
NP_189101,0.0
NP_189102,0.0
NP_189103,0.0
NP_189105,0.0
NP_189106,0.0
NP_189107,0.0
NP_189108,55.0
NP_189109,544.0
NP_189110,0.0
NP_189112,0.0
NP_189113,0.0
NP_189114,0.0
NP_189115,227.0
NP_189117,0.0
NP_189118,0.0
NP_189119,0.0
NP_189120,0.0
NP_189122,0.0
NP_189123,744.0
NP_189124,0.0
NP_189125,0.0
NP_189127,0.0
NP_189128,0.0
NP_189129,0.0
NP_189130,0.0
NP_189131,57.0
NP_189132,45.0
NP_189133,0.0
NP_189134,681.0
NP_189137,709.0
NP_189138,530.0
NP_189139,0.0
NP_189141,0.0
NP_189142,0.0
NP_189143,0.0
NP_189144,0.0
NP_189145,0.0
NP_189146,0.0
NP_189147,0.0
NP_189149,0.0
NP_189150,0.0
NP_189151,0.0
NP_189152,0.0
NP_189154,0.0
NP_189156,0.0
NP_189157,0.0
NP_189158,0.0
NP_189160,39.0
NP_189161,0.0
NP_189162,0.0
NP_189163,0.0
NP_189164,0.0
NP_189165,0.0
NP_189167,0.0
NP_189170,0.0
NP_189171,0.0
NP_189173,0.0
NP_189176,487.0
NP_189177,52.0
NP_189183,1498.0
NP_189184,0.0
NP_189186,0.0
NP_189187,0.0
NP_189188,0.0
NP_189189,38.0
NP_189190,0.0
NP_189192,0.0
NP_189194,0.0
NP_189195,321.0
NP_189197,0.0
NP_189198,0.0
NP_189199,0.0
NP_189200,0.0
NP_189201,0.0
NP_189202,0.0
NP_189203,0.0
NP_189204,0.0
NP_189208,0.0
NP_189209,0.0
NP_189210,0.0
NP_189212,0.0
NP_189213,0.0
NP_189214,0.0
NP_189215,0.0
NP_189217,0.0
NP_189218,0.0
NP_189219,0.0
NP_189221,0.0
NP_189224,0.0
NP_189225,0.0
NP_189226,48.0
NP_189227,0.0
NP_189228,0.0
NP_189230,0.0
NP_189231,0.0
NP_189232,0.0
NP_189233,0.0
NP_189234,42.0
NP_189235,0.0
NP_189236,0.0
NP_189237,0.0
NP_189238,0.0
NP_189241,0.0
NP_189242,0.0
NP_189243,47.0
NP_189244,0.0
NP_189245,0.0
NP_189246,0.0
NP_189247,0.0
NP_189248,0.0
NP_189249,0.0
NP_189250,0.0
NP_189251,0.0
NP_189252,0.0
NP_189253,0.0
NP_189254,0.0
NP_189255,0.0
NP_189256,0.0
NP_189258,0.0
NP_189259,0.0
NP_189260,0.0
NP_189261,0.0
NP_189262,0.0
NP_189263,0.0
NP_189264,0.0
NP_189265,0.0
NP_189266,0.0
NP_189267,0.0
NP_189269,0.0
NP_189270,0.0
NP_189271,0.0
NP_189273,0.0
NP_189274,0.0
NP_189276,0.0
NP_189277,0.0
NP_189279,0.0
NP_189280,0.0
NP_189281,227.0
NP_189282,0.0
NP_189283,0.0
NP_189286,0.0
NP_189287,0.0
NP_189288,0.0
NP_189289,39.0
NP_189290,0.0
NP_189291,0.0
NP_189292,0.0
NP_189293,0.0
NP_189295,0.0
NP_189296,0.0
NP_189297,0.0
NP_189298,0.0
NP_189300,0.0
NP_189301,0.0
NP_189303,0.0
NP_189304,422.0
NP_189306,0.0
NP_189307,0.0
NP_189308,0.0
NP_189309,0.0
NP_189310,0.0
NP_189311,0.0
NP_189313,0.0
NP_189315,0.0
NP_189317,38.0
NP_189318,0.0
NP_189321,0.0
NP_189322,0.0
NP_189323,0.0
NP_189325,0.0
NP_189326,34.0
NP_189327,0.0
NP_189328,0.0
NP_189329,0.0
NP_189330,672.0
NP_189331,0.0
NP_189334,0.0
NP_189335,0.0
NP_189336,0.0
NP_189337,0.0
NP_189339,0.0
NP_189342,0.0
NP_189343,0.0
NP_189344,0.0
NP_189345,0.0
NP_189346,0.0
NP_189350,0.0
NP_189351,0.0
NP_189353,0.0
NP_189354,0.0
NP_189355,0.0
NP_189360,0.0
NP_189361,0.0
NP_189362,0.0
NP_189363,0.0
NP_189364,0.0
NP_189366,0.0
NP_189367,0.0
NP_189368,53.0
NP_189369,33.0
NP_189370,0.0
NP_189372,0.0
NP_189374,0.0
NP_189375,0.0
NP_189376,0.0
NP_189377,0.0
NP_189380,0.0
NP_189382,0.0
NP_189383,0.0
NP_189384,0.0
NP_189385,0.0
NP_189386,0.0
NP_189387,0.0
NP_189388,47.0
NP_189391,0.0
NP_189392,0.0
NP_189393,182.0
NP_189395,84.0
NP_189396,0.0
NP_189397,0.0
NP_189398,0.0
NP_189399,0.0
NP_189400,0.0
NP_189403,0.0
NP_189404,50.0
NP_189405,0.0
NP_189406,0.0
NP_189407,58.0
NP_189408,0.0
NP_189409,0.0
NP_189410,0.0
NP_189412,0.0
NP_189416,0.0
NP_189418,0.0
NP_189420,0.0
NP_189421,0.0
NP_189422,0.0
NP_189423,0.0
NP_189424,0.0
NP_189425,0.0
NP_189427,0.0
NP_189428,0.0
NP_189429,0.0
NP_189430,0.0
NP_189431,0.0
NP_189433,0.0
NP_189435,0.0
NP_189436,0.0
NP_189437,0.0
NP_189441,0.0
NP_189443,1016.0
NP_189446,0.0
NP_189449,0.0
NP_189451,0.0
NP_189454,0.0
NP_189457,0.0
NP_189459,0.0
NP_189460,0.0
NP_189461,0.0
NP_189462,0.0
NP_189463,0.0
NP_189465,0.0
NP_189468,0.0
NP_189469,0.0
NP_189470,0.0
NP_189471,0.0
NP_189472,0.0
NP_189474,0.0
NP_189475,0.0
NP_189477,0.0
NP_189478,0.0
NP_189479,0.0
NP_189480,0.0
NP_189482,47.0
NP_189483,0.0
NP_189486,413.0
NP_189487,0.0
NP_189488,0.0
NP_189490,0.0
NP_189491,0.0
NP_189492,59.0
NP_189493,35.0
NP_189495,0.0
NP_189496,0.0
NP_189497,0.0
NP_189498,0.0
NP_189499,0.0
NP_189500,0.0
NP_189501,0.0
NP_189502,0.0
NP_189503,0.0
NP_189504,0.0
NP_189505,0.0
NP_189506,0.0
NP_189507,0.0
NP_189509,0.0
NP_189510,1027.0
NP_189511,0.0
NP_189512,0.0
NP_189513,0.0
NP_189514,42.0
NP_189515,0.0
NP_189516,0.0
NP_189517,0.0
NP_189518,0.0
NP_189519,75.0
NP_189520,0.0
NP_189521,0.0
NP_189523,0.0
NP_189524,0.0
NP_189525,43.0
NP_189526,0.0
NP_189527,0.0
NP_189528,0.0
NP_189529,0.0
NP_189530,0.0
NP_189531,657.0
NP_189532,0.0
NP_189533,0.0
NP_189534,0.0
NP_189535,0.0
NP_189537,0.0
NP_189538,0.0
NP_189539,0.0
NP_189540,49.0
NP_189541,0.0
NP_189542,0.0
NP_189543,0.0
NP_189545,0.0
NP_189546,0.0
NP_189547,0.0
NP_189548,0.0
NP_189549,0.0
NP_189550,0.0
NP_189551,0.0
NP_189552,0.0
NP_189554,0.0
NP_189555,0.0
NP_189557,0.0
NP_189558,0.0
NP_189563,0.0
NP_189564,0.0
NP_189568,0.0
NP_189570,0.0
NP_189571,0.0
NP_189573,0.0
NP_189574,0.0
NP_189575,0.0
NP_189576,0.0
NP_189577,0.0
NP_189578,0.0
NP_189579,0.0
NP_189580,0.0
NP_189581,0.0
NP_189582,0.0
NP_189584,0.0
NP_189586,0.0
NP_189587,0.0
NP_189589,0.0
NP_189591,0.0
NP_189597,0.0
NP_189598,0.0
NP_189599,0.0
NP_189600,0.0
NP_189604,0.0
NP_189605,0.0
NP_189609,44.0
NP_189610,0.0
NP_189611,0.0
NP_189614,0.0
NP_189617,0.0
NP_189618,0.0
NP_189619,0.0
NP_189620,0.0
NP_189621,0.0
NP_189622,0.0
NP_189624,0.0
NP_189626,0.0
NP_189627,0.0
NP_189628,53.0
NP_189629,0.0
NP_189631,57.0
NP_189632,0.0
NP_189635,0.0
NP_189639,0.0
NP_189640,0.0
NP_189641,0.0
NP_189642,0.0
NP_189645,0.0
NP_189647,0.0
NP_189648,0.0
NP_189649,0.0
NP_189651,0.0
NP_189653,0.0
NP_189656,0.0
NP_189657,0.0
NP_189663,0.0
NP_189667,0.0
NP_189673,0.0
NP_189674,0.0
NP_189675,0.0
NP_189679,0.0
NP_189695,0.0
NP_189700,0.0
NP_189701,0.0
NP_189706,0.0
NP_189708,0.0
NP_189710,0.0
NP_189718,0.0
NP_189728,0.0
NP_189731,0.0
NP_189732,0.0
NP_189737,0.0
NP_189746,0.0
NP_189747,0.0
NP_189748,0.0
NP_189752,0.0
NP_189756,0.0
NP_189758,0.0
NP_189759,0.0
NP_189760,0.0
NP_189761,0.0
NP_189762,0.0
NP_189768,0.0
NP_189770,0.0
NP_189774,0.0
NP_189781,0.0
NP_189783,0.0
NP_189785,0.0
NP_189790,40.0
NP_189791,0.0
NP_189792,0.0
NP_189799,0.0
NP_189800,0.0
NP_189802,0.0
NP_189803,0.0
NP_189804,0.0
NP_189817,0.0
NP_189825,0.0
NP_189841,0.0
NP_189842,0.0
NP_189843,0.0
NP_189850,0.0
NP_189852,51.0
NP_189853,0.0
NP_189863,0.0
NP_189864,0.0
NP_189865,0.0
NP_189866,48.0
NP_189869,0.0
NP_189871,0.0
NP_189872,0.0
NP_189873,0.0
NP_189874,341.0
NP_189880,0.0
NP_189881,0.0
NP_189882,0.0
NP_189885,0.0
NP_189897,0.0
NP_189898,0.0
NP_189901,0.0
NP_189902,0.0
NP_189903,0.0
NP_189904,0.0
NP_189907,0.0
NP_189908,0.0
NP_189909,0.0
NP_189910,0.0
NP_189911,0.0
NP_189912,0.0
NP_189913,0.0
NP_189914,0.0
NP_189915,0.0
NP_189916,48.0
NP_189920,0.0
NP_189926,0.0
NP_189927,0.0
NP_189928,0.0
NP_189929,0.0
NP_189930,0.0
NP_189933,39.0
NP_189934,0.0
NP_189935,0.0
NP_189936,0.0
NP_189940,0.0
NP_189941,0.0
NP_189943,0.0
NP_189944,0.0
NP_189945,0.0
NP_189946,0.0
NP_189947,48.0
NP_189949,0.0
NP_189952,0.0
NP_189953,0.0
NP_189956,0.0
NP_189957,0.0
NP_189958,0.0
NP_189960,251.0
NP_189961,0.0
NP_189965,0.0
NP_189966,0.0
NP_189967,0.0
NP_189970,0.0
NP_189971,0.0
NP_189972,0.0
NP_189973,0.0
NP_189974,0.0
NP_189975,0.0
NP_189977,0.0
NP_189978,48.0
NP_189979,0.0
NP_189980,0.0
NP_189981,0.0
NP_189983,0.0
NP_189984,0.0
NP_189985,34.0
NP_189987,0.0
NP_189988,0.0
NP_189991,44.0
NP_189992,0.0
NP_189993,0.0
NP_189994,0.0
NP_189995,0.0
NP_189996,0.0
NP_189997,0.0
NP_189998,0.0
NP_189999,0.0
NP_190000,0.0
NP_190001,0.0
NP_190002,0.0
NP_190003,0.0
NP_190004,0.0
NP_190005,0.0
NP_190006,233.0
NP_190007,0.0
NP_190008,0.0
NP_190009,0.0
NP_190010,0.0
NP_190011,0.0
NP_190012,0.0
NP_190014,0.0
NP_190015,0.0
NP_190016,0.0
NP_190018,0.0
NP_190019,0.0
NP_190021,0.0
NP_190023,0.0
NP_190024,0.0
NP_190026,1375.0
NP_190029,0.0
NP_190030,0.0
NP_190031,0.0
NP_190034,1600.0
NP_190035,0.0
NP_190037,0.0
NP_190039,0.0
NP_190040,0.0
NP_190041,0.0
NP_190042,0.0
NP_190043,0.0
NP_190045,0.0
NP_190046,0.0
NP_190047,0.0
NP_190048,0.0
NP_190049,1526.0
NP_190052,0.0
NP_190053,1528.0
NP_190054,0.0
NP_190055,0.0
NP_190056,0.0
NP_190057,0.0
NP_190058,0.0
NP_190059,0.0
NP_190060,0.0
NP_190062,0.0
NP_190063,0.0
NP_190064,0.0
NP_190065,0.0
NP_190066,0.0
NP_190067,44.0
NP_190068,0.0
NP_190069,0.0
NP_190070,0.0
NP_190071,0.0
NP_190072,0.0
NP_190073,0.0
NP_190074,0.0
NP_190075,0.0
NP_190076,37.0
NP_190077,0.0
NP_190078,0.0
NP_190079,0.0
NP_190080,0.0
NP_190081,0.0
NP_190083,0.0
NP_190084,0.0
NP_190085,0.0
NP_190086,0.0
NP_190087,0.0
NP_190088,0.0
NP_190089,0.0
NP_190090,0.0
NP_190091,0.0
NP_190092,0.0
NP_190093,0.0
NP_190094,0.0
NP_190097,0.0
NP_190099,0.0
NP_190101,0.0
NP_190102,0.0
NP_190103,0.0
NP_190104,0.0
NP_190105,0.0
NP_190106,0.0
NP_190107,0.0
NP_190108,0.0
NP_190109,0.0
NP_190116,0.0
NP_190118,0.0
NP_190119,484.0
NP_190126,0.0
NP_190127,453.0
NP_190128,532.0
NP_190129,423.0
NP_190130,502.0
NP_190131,0.0
NP_190132,0.0
NP_190133,0.0
NP_190134,0.0
NP_190135,0.0
NP_190136,0.0
NP_190137,0.0
NP_190139,0.0
NP_190140,0.0
NP_190142,0.0
NP_190143,0.0
NP_190144,0.0
NP_190145,0.0
NP_190146,0.0
NP_190147,0.0
NP_190148,0.0
NP_190149,0.0
NP_190150,1961.0
NP_190151,0.0
NP_190152,0.0
NP_190153,0.0
NP_190154,0.0
NP_190155,0.0
NP_190156,0.0
NP_190157,0.0
NP_190158,0.0
NP_190159,0.0
NP_190160,0.0
NP_190161,0.0
NP_190162,0.0
NP_190164,115.0
NP_190165,0.0
NP_190166,0.0
NP_190167,0.0
NP_190168,0.0
NP_190170,0.0
NP_190171,0.0
NP_190172,492.0
NP_190173,0.0
NP_190174,0.0
NP_190175,0.0
NP_190176,0.0
NP_190177,0.0
NP_190178,163.0
NP_190179,0.0
NP_190180,0.0
NP_190181,0.0
NP_190182,0.0
NP_190183,0.0
NP_190184,0.0
NP_190185,0.0
NP_190187,0.0
NP_190188,0.0
NP_190189,0.0
NP_190190,0.0
NP_190191,0.0
NP_190192,0.0
NP_190193,0.0
NP_190194,0.0
NP_190195,0.0
NP_190196,0.0
NP_190197,0.0
NP_190198,0.0
NP_190199,0.0
NP_190200,0.0
NP_190201,0.0
NP_190202,0.0
NP_190203,0.0
NP_190204,0.0
NP_190205,0.0
NP_190206,0.0
NP_190207,0.0
NP_190209,0.0
NP_190210,0.0
NP_190211,0.0
NP_190212,0.0
NP_190213,0.0
NP_190214,535.0
NP_190215,0.0
NP_190216,0.0
NP_190217,449.0
NP_190218,441.0
NP_190220,0.0
NP_190221,449.0
NP_190222,0.0
NP_190223,0.0
NP_190224,444.0
NP_190225,293.0
NP_190226,358.0
NP_190227,0.0
NP_190228,0.0
NP_190229,0.0
NP_190231,0.0
NP_190232,0.0
NP_190233,0.0
NP_190234,0.0
NP_190235,0.0
NP_190236,0.0
NP_190237,4248.0
NP_190238,0.0
NP_190239,0.0
NP_190240,0.0
NP_190241,520.0
NP_190242,0.0
NP_190243,0.0
NP_190244,0.0
NP_190245,0.0
NP_190246,0.0
NP_190247,0.0
NP_190248,0.0
NP_190249,0.0
NP_190251,0.0
NP_190252,0.0
NP_190253,0.0
NP_190254,0.0
NP_190255,2398.0
NP_190256,0.0
NP_190257,2706.0
NP_190258,0.0
NP_190259,40.0
NP_190260,329.0
NP_190261,0.0
NP_190263,0.0
NP_190264,44.0
NP_190265,0.0
NP_190266,0.0
NP_190267,0.0
NP_190270,0.0
NP_190271,0.0
NP_190272,0.0
NP_190273,0.0
NP_190274,0.0
NP_190275,0.0
NP_190278,0.0
NP_190279,0.0
NP_190280,51.0
NP_190281,0.0
NP_190282,36.0
NP_190283,0.0
NP_190284,0.0
NP_190285,0.0
NP_190286,0.0
NP_190287,0.0
NP_190288,39.0
NP_190289,0.0
NP_190291,0.0
NP_190292,0.0
NP_190293,2981.0
NP_190294,0.0
NP_190295,3051.0
NP_190296,0.0
NP_190297,0.0
NP_190298,0.0
NP_190299,0.0
NP_190300,0.0
NP_190301,0.0
NP_190302,0.0
NP_190303,0.0
NP_190304,0.0
NP_190305,38.0
NP_190306,0.0
NP_190309,0.0
NP_190313,0.0
NP_190314,0.0
NP_190318,0.0
NP_190319,0.0
NP_190320,0.0
NP_190321,0.0
NP_190322,0.0
NP_190323,0.0
NP_190324,0.0
NP_190325,0.0
NP_190327,0.0
NP_190328,0.0
NP_190329,0.0
NP_190330,54.0
NP_190331,0.0
NP_190332,0.0
NP_190333,0.0
NP_190334,0.0
NP_190335,0.0
NP_190336,0.0
NP_190337,0.0
NP_190338,0.0
NP_190339,0.0
NP_190340,0.0
NP_190342,2974.0
NP_190343,0.0
NP_190344,71.0
NP_190345,0.0
NP_190346,0.0
NP_190347,0.0
NP_190348,0.0
NP_190349,0.0
NP_190350,50.0
NP_190351,0.0
NP_190352,0.0
NP_190353,0.0
NP_190354,0.0
NP_190355,0.0
NP_190356,0.0
NP_190357,0.0
NP_190358,0.0
NP_190361,0.0
NP_190362,0.0
NP_190363,0.0
NP_190364,0.0
NP_190365,0.0
NP_190366,0.0
NP_190368,0.0
NP_190369,0.0
NP_190370,0.0
NP_190371,0.0
NP_190372,50.0
NP_190374,61.0
NP_190375,0.0
NP_190376,0.0
NP_190377,0.0
NP_190378,0.0
NP_190381,0.0
NP_190382,0.0
NP_190383,0.0
NP_190384,0.0
NP_190385,0.0
NP_190386,0.0
NP_190388,38.0
NP_190389,36.0
NP_190390,0.0
NP_190391,2356.0
NP_190392,3254.0
NP_190393,0.0
NP_190394,46.0
NP_190395,0.0
NP_190397,0.0
NP_190398,0.0
NP_190399,0.0
NP_190400,0.0
NP_190401,0.0
NP_190405,0.0
NP_190406,0.0
NP_190407,0.0
NP_190408,43.0
NP_190411,0.0
NP_190412,0.0
NP_190414,0.0
NP_190416,0.0
NP_190417,0.0
NP_190419,0.0
NP_190421,0.0
NP_190422,0.0
NP_190423,0.0
NP_190424,0.0
NP_190425,0.0
NP_190428,0.0
NP_190429,0.0
NP_190430,0.0
NP_190431,0.0
NP_190432,0.0
NP_190433,0.0
NP_190435,0.0
NP_190436,45.0
NP_190437,0.0
NP_190438,0.0
NP_190439,0.0
NP_190440,0.0
NP_190441,0.0
NP_190442,0.0
NP_190443,0.0
NP_190445,0.0
NP_190446,52.0
NP_190447,0.0
NP_190448,0.0
NP_190449,0.0
NP_190450,0.0
NP_190451,0.0
NP_190453,0.0
NP_190454,0.0
NP_190455,42.0
NP_190457,67.0
NP_190458,0.0
NP_190459,0.0
NP_190461,0.0
NP_190462,0.0
NP_190463,0.0
NP_190465,0.0
NP_190467,0.0
NP_190468,0.0
NP_190470,0.0
NP_190471,0.0
NP_190472,0.0
NP_190473,0.0
NP_190474,0.0
NP_190476,0.0
NP_190477,0.0
NP_190479,0.0
NP_190480,0.0
NP_190481,0.0
NP_190482,0.0
NP_190483,0.0
NP_190485,0.0
NP_190486,0.0
NP_190487,0.0
NP_190488,0.0
NP_190489,0.0
NP_190490,0.0
NP_190491,0.0
NP_190492,0.0
NP_190493,0.0
NP_190496,0.0
NP_190498,0.0
NP_190500,0.0
NP_190501,0.0
NP_190502,0.0
NP_190504,42.0
NP_190505,0.0
NP_190506,0.0
NP_190507,0.0
NP_190508,0.0
NP_190509,41.0
NP_190510,0.0
NP_190511,0.0
NP_190512,0.0
NP_190513,0.0
NP_190514,0.0
NP_190515,0.0
NP_190516,0.0
NP_190517,42.0
NP_190519,0.0
NP_190520,0.0
NP_190521,0.0
NP_190522,0.0
NP_190523,0.0
NP_190524,0.0
NP_190525,0.0
NP_190526,0.0
NP_190527,0.0
NP_190528,0.0
NP_190530,0.0
NP_190531,0.0
NP_190532,0.0
NP_190533,0.0
NP_190534,0.0
NP_190535,0.0
NP_190536,1292.0
NP_190538,0.0
NP_190539,0.0
NP_190540,0.0
NP_190543,0.0
NP_190544,247.0
NP_190546,0.0
NP_190548,0.0
NP_190549,0.0
NP_190551,0.0
NP_190552,0.0
NP_190553,0.0
NP_190554,34.0
NP_190555,0.0
NP_190556,0.0
NP_190557,0.0
NP_190558,0.0
NP_190559,0.0
NP_190560,0.0
NP_190561,0.0
NP_190562,0.0
NP_190563,0.0
NP_190564,0.0
NP_190565,0.0
NP_190567,0.0
NP_190568,0.0
NP_190569,0.0
NP_190570,0.0
NP_190571,0.0
NP_190572,0.0
NP_190573,0.0
NP_190574,54.0
NP_190575,0.0
NP_190576,0.0
NP_190578,0.0
NP_190579,0.0
NP_190581,0.0
NP_190582,0.0
NP_190583,0.0
NP_190584,0.0
NP_190585,0.0
NP_190586,0.0
NP_190587,0.0
NP_190588,0.0
NP_190589,0.0
NP_190591,0.0
NP_190592,333.0
NP_190594,0.0
NP_190595,0.0
NP_190596,0.0
NP_190597,0.0
NP_190598,0.0
NP_190599,0.0
NP_190600,142.0
NP_190601,0.0
NP_190602,0.0
NP_190603,0.0
NP_190604,0.0
NP_190605,0.0
NP_190606,0.0
NP_190607,46.0
NP_190608,0.0
NP_190609,0.0
NP_190610,0.0
NP_190611,0.0
NP_190612,0.0
NP_190614,0.0
NP_190615,0.0
NP_190616,0.0
NP_190619,224.0
NP_190620,0.0
NP_190621,0.0
NP_190622,0.0
NP_190623,0.0
NP_190626,0.0
NP_190627,0.0
NP_190628,0.0
NP_190630,0.0
NP_190631,0.0
NP_190632,0.0
NP_190633,0.0
NP_190634,0.0
NP_190635,0.0
NP_190636,0.0
NP_190638,58.0
NP_190639,0.0
NP_190640,0.0
NP_190641,161.0
NP_190642,0.0
NP_190644,0.0
NP_190645,0.0
NP_190646,0.0
NP_190647,0.0
NP_190648,0.0
NP_190649,0.0
NP_190650,0.0
NP_190651,0.0
NP_190652,0.0
NP_190653,0.0
NP_190654,0.0
NP_190655,0.0
NP_190657,0.0
NP_190658,0.0
NP_190661,40.0
NP_190662,0.0
NP_190663,0.0
NP_190664,568.0
NP_190665,0.0
NP_190666,0.0
NP_190667,0.0
NP_190668,0.0
NP_190669,0.0
NP_190671,0.0
NP_190672,0.0
NP_190673,0.0
NP_190674,0.0
NP_190675,0.0
NP_190676,45.0
NP_190677,0.0
NP_190679,0.0
NP_190684,0.0
NP_190685,0.0
NP_190687,0.0
NP_190688,0.0
NP_190689,0.0
NP_190690,0.0
NP_190691,0.0
NP_190692,0.0
NP_190693,0.0
NP_190694,0.0
NP_190695,0.0
NP_190696,48.0
NP_190697,0.0
NP_190698,0.0
NP_190699,0.0
NP_190700,0.0
NP_190702,0.0
NP_190703,0.0
NP_190704,0.0
NP_190706,0.0
NP_190708,0.0
NP_190709,0.0
NP_190710,0.0
NP_190712,0.0
NP_190713,0.0
NP_190714,0.0
NP_190715,0.0
NP_190716,0.0
NP_190717,0.0
NP_190718,0.0
NP_190719,0.0
NP_190721,70.0
NP_190722,0.0
NP_190723,534.0
NP_190724,823.0
NP_190725,2816.0
NP_190726,0.0
NP_190727,0.0
NP_190728,0.0
NP_190730,0.0
NP_190732,0.0
NP_190733,0.0
NP_190735,0.0
NP_190736,0.0
NP_190737,0.0
NP_190738,0.0
NP_190739,0.0
NP_190740,0.0
NP_190741,0.0
NP_190742,741.0
NP_190743,0.0
NP_190744,0.0
NP_190745,0.0
NP_190746,0.0
NP_190747,0.0
NP_190748,0.0
NP_190749,0.0
NP_190750,0.0
NP_190751,0.0
NP_190752,0.0
NP_190753,0.0
NP_190754,0.0
NP_190755,0.0
NP_190756,0.0
NP_190758,0.0
NP_190759,0.0
NP_190760,0.0
NP_190761,0.0
NP_190762,0.0
NP_190763,0.0
NP_190764,0.0
NP_190765,0.0
NP_190766,0.0
NP_190767,279.0
NP_190768,0.0
NP_190769,0.0
NP_190770,0.0
NP_190771,0.0
NP_190772,0.0
NP_190773,0.0
NP_190774,0.0
NP_190775,0.0
NP_190776,0.0
NP_190777,0.0
NP_190778,0.0
NP_190779,0.0
NP_190782,50.0
NP_190784,0.0
NP_190785,0.0
NP_190788,0.0
NP_190789,0.0
NP_190792,0.0
NP_190793,0.0
NP_190794,0.0
NP_190795,0.0
NP_190796,0.0
NP_190797,41.0
NP_190798,0.0
NP_190800,0.0
NP_190801,0.0
NP_190803,0.0
NP_190805,0.0
NP_190806,0.0
NP_190807,0.0
NP_190808,0.0
NP_190810,0.0
NP_190811,2821.0
NP_190812,0.0
NP_190813,0.0
NP_190814,0.0
NP_190815,0.0
NP_190816,0.0
NP_190817,39.0
NP_190819,0.0
NP_190821,274.0
NP_190823,0.0
NP_190825,0.0
NP_190826,0.0
NP_190828,0.0
NP_190830,0.0
NP_190831,0.0
NP_190832,0.0
NP_190834,48.0
NP_190836,0.0
NP_190837,0.0
NP_190838,0.0
NP_190839,0.0
NP_190841,0.0
NP_190843,0.0
NP_190844,0.0
NP_190845,0.0
NP_190846,0.0
NP_190847,0.0
NP_190848,0.0
NP_190849,0.0
NP_190850,0.0
NP_190851,0.0
NP_190852,0.0
NP_190853,0.0
NP_190854,0.0
NP_190855,0.0
NP_190856,0.0
NP_190858,0.0
NP_190859,0.0
NP_190861,0.0
NP_190863,0.0
NP_190864,0.0
NP_190865,0.0
NP_190866,0.0
NP_190868,0.0
NP_190869,0.0
NP_190870,0.0
NP_190872,0.0
NP_190873,0.0
NP_190875,0.0
NP_190876,0.0
NP_190877,50.0
NP_190878,0.0
NP_190879,0.0
NP_190880,0.0
NP_190881,0.0
NP_190882,0.0
NP_190883,0.0
NP_190884,0.0
NP_190886,38.0
NP_190891,0.0
NP_190892,756.0
NP_190893,0.0
NP_190894,3657.0
NP_190896,0.0
NP_190897,0.0
NP_190898,0.0
NP_190900,0.0
NP_190901,0.0
NP_190902,0.0
NP_190903,0.0
NP_190904,0.0
NP_190906,622.0
NP_190907,0.0
NP_190908,0.0
NP_190909,0.0
NP_190910,0.0
NP_190911,0.0
NP_190912,0.0
NP_190913,0.0
NP_190914,0.0
NP_190915,0.0
NP_190916,52.0
NP_190917,0.0
NP_190918,0.0
NP_190919,0.0
NP_190920,0.0
NP_190921,0.0
NP_190922,0.0
NP_190923,0.0
NP_190925,0.0
NP_190926,0.0
NP_190928,0.0
NP_190929,0.0
NP_190930,0.0
NP_190931,0.0
NP_190932,0.0
NP_190935,0.0
NP_190936,0.0
NP_190937,0.0
NP_190938,0.0
NP_190939,0.0
NP_190940,40.0
NP_190941,0.0
NP_190944,0.0
NP_190945,0.0
NP_190948,0.0
NP_190949,431.0
NP_190950,0.0
NP_190952,471.0
NP_190954,0.0
NP_190955,0.0
NP_190956,0.0
NP_190957,0.0
NP_190958,0.0
NP_190959,0.0
NP_190960,0.0
NP_190961,262.0
NP_190962,0.0
NP_190963,0.0
NP_190964,0.0
NP_190965,0.0
NP_190966,0.0
NP_190970,0.0
NP_190971,0.0
NP_190972,0.0
NP_190973,0.0
NP_190974,0.0
NP_190975,0.0
NP_190976,0.0
NP_190977,0.0
NP_190978,0.0
NP_190979,0.0
NP_190980,0.0
NP_190981,0.0
NP_190982,0.0
NP_190983,0.0
NP_190984,0.0
NP_190985,0.0
NP_190986,444.0
NP_190988,0.0
NP_190989,0.0
NP_190990,0.0
NP_190991,0.0
NP_190992,0.0
NP_190995,0.0
NP_190996,44.0
NP_190998,0.0
NP_190999,0.0
NP_191000,50.0
NP_191002,0.0
NP_191004,0.0
NP_191007,0.0
NP_191008,0.0
NP_191009,0.0
NP_191010,344.0
NP_191011,0.0
NP_191013,0.0
NP_191014,0.0
NP_191015,0.0
NP_191016,0.0
NP_191017,0.0
NP_191018,0.0
NP_191019,0.0
NP_191020,0.0
NP_191021,0.0
NP_191022,0.0
NP_191023,0.0
NP_191024,43.0
NP_191026,0.0
NP_191029,0.0
NP_191030,0.0
NP_191031,40.0
NP_191033,0.0
NP_191034,0.0
NP_191035,0.0
NP_191036,0.0
NP_191037,0.0
NP_191038,0.0
NP_191039,0.0
NP_191040,0.0
NP_191041,0.0
NP_191042,0.0
NP_191043,0.0
NP_191045,0.0
NP_191047,39.0
NP_191048,0.0
NP_191049,0.0
NP_191050,0.0
NP_191051,0.0
NP_191052,0.0
NP_191053,0.0
NP_191055,0.0
NP_191056,0.0
NP_191058,0.0
NP_191059,0.0
NP_191061,0.0
NP_191063,0.0
NP_191064,0.0
NP_191065,0.0
NP_191066,0.0
NP_191067,0.0
NP_191068,0.0
NP_191069,0.0
NP_191070,0.0
NP_191071,0.0
NP_191072,0.0
NP_191073,52.0
NP_191074,0.0
NP_191075,0.0
NP_191077,0.0
NP_191078,0.0
NP_191079,0.0
NP_191081,0.0
NP_191083,0.0
NP_191084,0.0
NP_191085,0.0
NP_191088,0.0
NP_191091,0.0
NP_191092,41.0
NP_191093,0.0
NP_191094,0.0
NP_191095,0.0
NP_191096,0.0
NP_191097,47.0
NP_191099,0.0
NP_191100,35.0
NP_191101,0.0
NP_191102,0.0
NP_191103,496.0
NP_191104,0.0
NP_191105,1525.0
NP_191107,0.0
NP_191109,0.0
NP_191111,0.0
NP_191112,0.0
NP_191113,0.0
NP_191114,438.0
NP_191115,0.0
NP_191116,0.0
NP_191117,0.0
NP_191118,0.0
NP_191120,0.0
NP_191121,0.0
NP_191123,0.0
NP_191124,0.0
NP_191125,0.0
NP_191126,0.0
NP_191127,0.0
NP_191128,0.0
NP_191129,0.0
NP_191130,0.0
NP_191131,35.0
NP_191132,0.0
NP_191133,0.0
NP_191134,0.0
NP_191135,0.0
NP_191136,0.0
NP_191138,0.0
NP_191139,0.0
NP_191140,0.0
NP_191141,0.0
NP_191142,0.0
NP_191143,0.0
NP_191145,0.0
NP_191147,0.0
NP_191148,0.0
NP_191149,0.0
NP_191150,0.0
NP_191152,0.0
NP_191153,47.0
NP_191154,395.0
NP_191155,0.0
NP_191156,0.0
NP_191158,0.0
NP_191159,43.0
NP_191160,0.0
NP_191162,0.0
NP_191164,0.0
NP_191166,0.0
NP_191168,0.0
NP_191170,0.0
NP_191173,0.0
NP_191174,0.0
NP_191175,0.0
NP_191177,0.0
NP_191178,0.0
NP_191179,0.0
NP_191180,0.0
NP_191181,0.0
NP_191182,0.0
NP_191183,0.0
NP_191184,0.0
NP_191185,0.0
NP_191186,0.0
NP_191188,0.0
NP_191189,0.0
NP_191190,0.0
NP_191191,0.0
NP_191192,0.0
NP_191193,0.0
NP_191194,0.0
NP_191195,0.0
NP_191196,987.0
NP_191198,0.0
NP_191199,145.0
NP_191200,52.0
NP_191201,0.0
NP_191202,0.0
NP_191203,0.0
NP_191204,0.0
NP_191205,0.0
NP_191206,0.0
NP_191207,0.0
NP_191209,0.0
NP_191210,0.0
NP_191211,0.0
NP_191212,0.0
NP_191213,0.0
NP_191214,0.0
NP_191215,0.0
NP_191216,0.0
NP_191218,0.0
NP_191219,0.0
NP_191220,0.0
NP_191221,0.0
NP_191222,0.0
NP_191223,0.0
NP_191224,0.0
NP_191225,0.0
NP_191226,0.0
NP_191227,0.0
NP_191228,0.0
NP_191229,0.0
NP_191230,0.0
NP_191231,0.0
NP_191232,0.0
NP_191233,0.0
NP_191234,0.0
NP_191235,0.0
NP_191236,0.0
NP_191237,0.0
NP_191238,0.0
NP_191239,0.0
NP_191240,0.0
NP_191244,0.0
NP_191246,0.0
NP_191247,0.0
NP_191248,0.0
NP_191249,0.0
NP_191250,0.0
NP_191251,0.0
NP_191252,0.0
NP_191253,0.0
NP_191254,0.0
NP_191255,0.0
NP_191256,0.0
NP_191257,0.0
NP_191258,47.0
NP_191259,0.0
NP_191260,0.0
NP_191261,0.0
NP_191262,0.0
NP_191263,0.0
NP_191264,0.0
NP_191265,0.0
NP_191267,0.0
NP_191269,0.0
NP_191270,0.0
NP_191271,321.0
NP_191272,0.0
NP_191273,38.0
NP_191274,0.0
NP_191275,0.0
NP_191276,40.0
NP_191277,0.0
NP_191278,0.0
NP_191279,0.0
NP_191280,0.0
NP_191281,0.0
NP_191282,0.0
NP_191283,865.0
NP_191284,0.0
NP_191285,877.0
NP_191286,898.0
NP_191289,0.0
NP_191290,0.0
NP_191291,0.0
NP_191292,36.0
NP_191293,0.0
NP_191294,0.0
NP_191295,0.0
NP_191297,0.0
NP_191298,0.0
NP_191299,0.0
NP_191301,0.0
NP_191302,0.0
NP_191303,0.0
NP_191307,48.0
NP_191308,0.0
NP_191309,0.0
NP_191310,0.0
NP_191311,0.0
NP_191312,0.0
NP_191315,0.0
NP_191316,60.0
NP_191317,0.0
NP_191318,0.0
NP_191319,0.0
NP_191320,0.0
NP_191321,0.0
NP_191322,0.0
NP_191323,0.0
NP_191325,0.0
NP_191326,0.0
NP_191327,46.0
NP_191328,0.0
NP_191329,99.0
NP_191330,0.0
NP_191331,295.0
NP_191332,299.0
NP_191333,218.0
NP_191335,0.0
NP_191336,0.0
NP_191337,0.0
NP_191342,482.0
NP_191343,0.0
NP_191344,0.0
NP_191345,0.0
NP_191346,0.0
NP_191347,0.0
NP_191349,0.0
NP_191350,0.0
NP_191351,0.0
NP_191352,0.0
NP_191353,47.0
NP_191354,0.0
NP_191355,0.0
NP_191356,0.0
NP_191357,0.0
NP_191358,41.0
NP_191359,0.0
NP_191360,0.0
NP_191361,0.0
NP_191362,0.0
NP_191363,0.0
NP_191365,0.0
NP_191366,0.0
NP_191368,0.0
NP_191370,0.0
NP_191371,0.0
NP_191372,0.0
NP_191374,0.0
NP_191375,0.0
NP_191376,0.0
NP_191378,0.0
NP_191379,0.0
NP_191380,0.0
NP_191381,0.0
NP_191382,0.0
NP_191383,0.0
NP_191384,0.0
NP_191385,0.0
NP_191386,0.0
NP_191388,0.0
NP_191389,0.0
NP_191390,0.0
NP_191391,0.0
NP_191392,0.0
NP_191393,0.0
NP_191395,0.0
NP_191397,0.0
NP_191398,0.0
NP_191400,0.0
NP_191401,0.0
NP_191402,0.0
NP_191403,0.0
NP_191404,0.0
NP_191407,0.0
NP_191408,0.0
NP_191414,0.0
NP_191415,0.0
NP_191416,0.0
NP_191417,0.0
NP_191418,0.0
NP_191420,0.0
NP_191421,0.0
NP_191422,0.0
NP_191424,43.0
NP_191425,0.0
NP_191426,0.0
NP_191427,0.0
NP_191428,642.0
NP_191429,0.0
NP_191431,0.0
NP_191432,0.0
NP_191433,0.0
NP_191434,0.0
NP_191436,0.0
NP_191437,0.0
NP_191438,0.0
NP_191439,0.0
NP_191440,62.0
NP_191441,0.0
NP_191442,0.0
NP_191443,0.0
NP_191444,0.0
NP_191445,52.0
NP_191447,0.0
NP_191448,0.0
NP_191450,0.0
NP_191451,0.0
NP_191452,0.0
NP_191453,48.0
NP_191454,0.0
NP_191455,0.0
NP_191457,34.0
NP_191458,0.0
NP_191459,0.0
NP_191460,0.0
NP_191461,30.0
NP_191462,0.0
NP_191463,0.0
NP_191464,0.0
NP_191465,0.0
NP_191466,0.0
NP_191467,0.0
NP_191469,42.0
NP_191470,624.0
NP_191471,0.0
NP_191472,0.0
NP_191473,55.0
NP_191474,0.0
NP_191475,0.0
NP_191476,0.0
NP_191477,0.0
NP_191478,0.0
NP_191479,0.0
NP_191480,0.0
NP_191481,0.0
NP_191482,0.0
NP_191483,49.0
NP_191484,0.0
NP_191485,0.0
NP_191486,0.0
NP_191490,0.0
NP_191491,0.0
NP_191492,0.0
NP_191496,0.0
NP_191498,0.0
NP_191499,0.0
NP_191500,98.0
NP_191501,573.0
NP_191502,0.0
NP_191503,0.0
NP_191504,0.0
NP_191507,0.0
NP_191508,0.0
NP_191509,0.0
NP_191510,339.0
NP_191511,0.0
NP_191512,0.0
NP_191513,0.0
NP_191514,47.0
NP_191516,0.0
NP_191517,0.0
NP_191518,0.0
NP_191519,0.0
NP_191520,0.0
NP_191521,0.0
NP_191522,0.0
NP_191523,0.0
NP_191524,0.0
NP_191525,0.0
NP_191526,0.0
NP_191527,0.0
NP_191528,0.0
NP_191529,544.0
NP_191530,0.0
NP_191532,394.0
NP_191533,405.0
NP_191534,404.0
NP_191535,0.0
NP_191536,0.0
NP_191537,0.0
NP_191538,1461.0
NP_191539,0.0
NP_191540,0.0
NP_191541,0.0
NP_191542,0.0
NP_191544,0.0
NP_191546,0.0
NP_191547,0.0
NP_191549,0.0
NP_191550,0.0
NP_191551,0.0
NP_191552,0.0
NP_191553,0.0
NP_191554,0.0
NP_191556,42.0
NP_191557,0.0
NP_191559,0.0
NP_191562,46.0
NP_191563,56.0
NP_191564,0.0
NP_191565,0.0
NP_191566,0.0
NP_191567,0.0
NP_191568,0.0
NP_191569,0.0
NP_191571,41.0
NP_191572,0.0
NP_191573,0.0
NP_191574,0.0
NP_191575,47.0
NP_191579,0.0
NP_191580,30.0
NP_191581,0.0
NP_191584,0.0
NP_191586,0.0
NP_191587,0.0
NP_191588,0.0
NP_191589,0.0
NP_191591,0.0
NP_191592,0.0
NP_191593,0.0
NP_191594,0.0
NP_191595,0.0
NP_191597,0.0
NP_191598,0.0
NP_191599,0.0
NP_191601,0.0
NP_191603,0.0
NP_191604,0.0
NP_191605,0.0
NP_191606,0.0
NP_191608,0.0
NP_191609,0.0
NP_191610,0.0
NP_191611,0.0
NP_191612,0.0
NP_191613,0.0
NP_191614,0.0
NP_191615,0.0
NP_191617,0.0
NP_191618,0.0
NP_191621,0.0
NP_191622,0.0
NP_191623,0.0
NP_191625,0.0
NP_191626,0.0
NP_191627,0.0
NP_191628,0.0
NP_191629,0.0
NP_191630,0.0
NP_191631,0.0
NP_191632,0.0
NP_191633,0.0
NP_191635,0.0
NP_191637,0.0
NP_191638,0.0
NP_191639,0.0
NP_191640,0.0
NP_191641,0.0
NP_191644,0.0
NP_191645,53.0
NP_191646,0.0
NP_191647,0.0
NP_191648,0.0
NP_191649,35.0
NP_191650,0.0
NP_191651,55.0
NP_191653,0.0
NP_191655,0.0
NP_191656,47.0
NP_191657,0.0
NP_191658,0.0
NP_191660,0.0
NP_191663,0.0
NP_191664,0.0
NP_191666,0.0
NP_191667,0.0
NP_191668,0.0
NP_191669,0.0
NP_191670,0.0
NP_191671,0.0
NP_191672,0.0
NP_191674,0.0
NP_191675,470.0
NP_191676,0.0
NP_191679,0.0
NP_191680,0.0
NP_191681,0.0
NP_191682,0.0
NP_191683,0.0
NP_191684,0.0
NP_191685,0.0
NP_191686,0.0
NP_191687,0.0
NP_191688,0.0
NP_191689,0.0
NP_191690,0.0
NP_191691,38.0
NP_191693,0.0
NP_191695,38.0
NP_191696,0.0
NP_191697,0.0
NP_191698,0.0
NP_191699,0.0
NP_191700,0.0
NP_191701,0.0
NP_191702,0.0
NP_191703,0.0
NP_191705,0.0
NP_191706,0.0
NP_191708,0.0
NP_191709,0.0
NP_191710,0.0
NP_191711,41.0
NP_191712,0.0
NP_191713,0.0
NP_191714,0.0
NP_191715,0.0
NP_191716,0.0
NP_191717,0.0
NP_191718,0.0
NP_191720,0.0
NP_191721,0.0
NP_191722,0.0
NP_191723,0.0
NP_191724,0.0
NP_191725,0.0
NP_191726,0.0
NP_191727,0.0
NP_191728,50.0
NP_191729,0.0
NP_191731,0.0
NP_191733,0.0
NP_191734,0.0
NP_191735,0.0
NP_191737,0.0
NP_191739,0.0
NP_191740,0.0
NP_191741,0.0
NP_191743,0.0
NP_191744,0.0
NP_191746,0.0
NP_191747,0.0
NP_191748,0.0
NP_191749,0.0
NP_191750,0.0
NP_191751,0.0
NP_191752,0.0
NP_191753,0.0
NP_191756,0.0
NP_191758,0.0
NP_191759,0.0
NP_191760,39.0
NP_191761,0.0
NP_191762,0.0
NP_191765,0.0
NP_191766,0.0
NP_191768,0.0
NP_191769,0.0
NP_191771,0.0
NP_191772,0.0
NP_191773,0.0
NP_191774,49.0
NP_191775,45.0
NP_191776,46.0
NP_191777,0.0
NP_191778,0.0
NP_191779,0.0
NP_191780,0.0
NP_191781,499.0
NP_191782,42.0
NP_191783,0.0
NP_191784,0.0
NP_191785,0.0
NP_191786,0.0
NP_191787,0.0
NP_191788,0.0
NP_191789,0.0
NP_191790,0.0
NP_191791,0.0
NP_191792,0.0
NP_191794,0.0
NP_191795,0.0
NP_191796,0.0
NP_191797,0.0
NP_191798,0.0
NP_191800,0.0
NP_191801,0.0
NP_191802,0.0
NP_191803,0.0
NP_191804,0.0
NP_191805,0.0
NP_191806,0.0
NP_191809,0.0
NP_191810,0.0
NP_191813,0.0
NP_191814,0.0
NP_191815,0.0
NP_191816,0.0
NP_191819,0.0
NP_191820,0.0
NP_191821,42.0
NP_191822,0.0
NP_191823,0.0
NP_191824,0.0
NP_191825,0.0
NP_191827,0.0
NP_191828,0.0
NP_191829,60.0
NP_191830,0.0
NP_191831,0.0
NP_191832,0.0
NP_191833,0.0
NP_191834,0.0
NP_191835,0.0
NP_191837,0.0
NP_191838,0.0
NP_191839,0.0
NP_191841,0.0
NP_191842,0.0
NP_191844,0.0
NP_191845,0.0
NP_191846,0.0
NP_191847,0.0
NP_191848,0.0
NP_191850,0.0
NP_191851,0.0
NP_191852,0.0
NP_191853,0.0
NP_191854,0.0
NP_191855,0.0
NP_191856,0.0
NP_191858,0.0
NP_191859,0.0
NP_191860,0.0
NP_191861,0.0
NP_191862,0.0
NP_191863,0.0
NP_191866,48.0
NP_191867,0.0
NP_191868,0.0
NP_191871,0.0
NP_191872,99.0
NP_191873,40.0
NP_191875,0.0
NP_191877,0.0
NP_191881,0.0
NP_191882,0.0
NP_191883,0.0
NP_191884,0.0
NP_191885,191.0
NP_191887,151.0
NP_191888,0.0
NP_191889,41.0
NP_191890,0.0
NP_191891,0.0
NP_191894,0.0
NP_191895,0.0
NP_191896,42.0
NP_191897,0.0
NP_191899,0.0
NP_191900,0.0
NP_191902,0.0
NP_191903,48.0
NP_191904,0.0
NP_191905,0.0
NP_191906,39.0
NP_191908,0.0
NP_191909,47.0
NP_191911,0.0
NP_191913,49.0
NP_191914,0.0
NP_191915,740.0
NP_191916,0.0
NP_191917,53.0
NP_191918,0.0
NP_191919,0.0
NP_191922,0.0
NP_191923,0.0
NP_191924,0.0
NP_191925,0.0
NP_191926,0.0
NP_191930,0.0
NP_191931,0.0
NP_191932,0.0
NP_191933,0.0
NP_191946,0.0
NP_191949,0.0
NP_191950,0.0
NP_191954,0.0
NP_191956,0.0
NP_191957,0.0
NP_191958,0.0
NP_191959,0.0
NP_191962,0.0
NP_191964,0.0
NP_191965,0.0
NP_191966,0.0
NP_191967,0.0
NP_191968,0.0
NP_191969,0.0
NP_191970,0.0
NP_191971,0.0
NP_191972,0.0
NP_191975,0.0
NP_191976,0.0
NP_191979,45.0
NP_191980,40.0
NP_191981,432.0
NP_191984,0.0
NP_191985,0.0
NP_191995,0.0
NP_191999,0.0
NP_192003,0.0
NP_192004,0.0
NP_192008,0.0
NP_192009,0.0
NP_192010,38.0
NP_192012,47.0
NP_192013,0.0
NP_192015,0.0
NP_192016,0.0
NP_192017,0.0
NP_192018,0.0
NP_192019,0.0
NP_192020,0.0
NP_192021,0.0
NP_192022,0.0
NP_192023,0.0
NP_192025,37.0
NP_192026,0.0
NP_192027,0.0
NP_192028,0.0
NP_192029,0.0
NP_192030,0.0
NP_192032,0.0
NP_192033,42.0
NP_192034,203.0
NP_192035,0.0
NP_192036,0.0
NP_192037,0.0
NP_192038,0.0
NP_192040,0.0
NP_192042,589.0
NP_192043,0.0
NP_192044,0.0
NP_192045,0.0
NP_192046,1396.0
NP_192047,0.0
NP_192048,0.0
NP_192050,0.0
NP_192051,0.0
NP_192052,0.0
NP_192053,0.0
NP_192054,0.0
NP_192055,0.0
NP_192056,0.0
NP_192057,0.0
NP_192059,0.0
NP_192060,0.0
NP_192061,0.0
NP_192063,0.0
NP_192064,0.0
NP_192066,0.0
NP_192068,0.0
NP_192069,0.0
NP_192070,0.0
NP_192072,0.0
NP_192073,0.0
NP_192074,0.0
NP_192075,0.0
NP_192076,0.0
NP_192077,0.0
NP_192078,0.0
NP_192079,852.0
NP_192081,265.0
NP_192082,0.0
NP_192083,0.0
NP_192084,0.0
NP_192085,0.0
NP_192086,0.0
NP_192087,0.0
NP_192088,0.0
NP_192089,0.0
NP_192091,0.0
NP_192092,0.0
NP_192093,0.0
NP_192094,0.0
NP_192095,43.0
NP_192096,0.0
NP_192097,0.0
NP_192099,0.0
NP_192100,0.0
NP_192101,0.0
NP_192102,0.0
NP_192104,0.0
NP_192105,0.0
NP_192106,0.0
NP_192109,0.0
NP_192110,685.0
NP_192112,0.0
NP_192113,0.0
NP_192114,0.0
NP_192115,0.0
NP_192116,47.0
NP_192117,0.0
NP_192118,0.0
NP_192119,0.0
NP_192120,45.0
NP_192121,0.0
NP_192122,35.0
NP_192123,0.0
NP_192124,0.0
NP_192125,0.0
NP_192126,0.0
NP_192127,0.0
NP_192128,0.0
NP_192129,0.0
NP_192132,0.0
NP_192134,0.0
NP_192136,0.0
NP_192137,0.0
NP_192138,0.0
NP_192139,0.0
NP_192140,0.0
NP_192141,0.0
NP_192145,0.0
NP_192148,0.0
NP_192153,0.0
NP_192154,0.0
NP_192161,0.0
NP_192162,0.0
NP_192163,0.0
NP_192164,0.0
NP_192165,0.0
NP_192169,0.0
NP_192170,0.0
NP_192171,0.0
NP_192172,533.0
NP_192173,0.0
NP_192174,0.0
NP_192175,59.0
NP_192176,0.0
NP_192177,0.0
NP_192178,0.0
NP_192179,0.0
NP_192180,56.0
NP_192181,32.0
NP_192182,0.0
NP_192183,56.0
NP_192184,0.0
NP_192186,0.0
NP_192187,41.0
NP_192188,0.0
NP_192190,0.0
NP_192191,0.0
NP_192192,0.0
NP_192193,0.0
NP_192194,0.0
NP_192195,0.0
NP_192196,0.0
NP_192197,0.0
NP_192199,0.0
NP_192200,0.0
NP_192202,0.0
NP_192203,38.0
NP_192204,0.0
NP_192206,0.0
NP_192207,0.0
NP_192208,0.0
NP_192209,0.0
NP_192210,352.0
NP_192211,0.0
NP_192212,0.0
NP_192213,0.0
NP_192216,0.0
NP_192217,0.0
NP_192218,44.0
NP_192219,0.0
NP_192222,0.0
NP_192225,0.0
NP_192226,0.0
NP_192227,0.0
NP_192229,0.0
NP_192230,0.0
NP_192231,0.0
NP_192232,366.0
NP_192233,0.0
NP_192234,0.0
NP_192235,59.0
NP_192236,39.0
NP_192237,0.0
NP_192238,0.0
NP_192241,0.0
NP_192242,0.0
NP_192243,0.0
NP_192244,0.0
NP_192245,0.0
NP_192246,0.0
NP_192247,0.0
NP_192248,455.0
NP_192249,47.0
NP_192250,0.0
NP_192251,0.0
NP_192252,40.0
NP_192253,0.0
NP_192254,0.0
NP_192257,0.0
NP_192258,0.0
NP_192259,0.0
NP_192260,0.0
NP_192261,0.0
NP_192263,0.0
NP_192264,47.0
NP_192266,0.0
NP_192267,0.0
NP_192268,0.0
NP_192270,0.0
NP_192271,0.0
NP_192272,0.0
NP_192283,0.0
NP_192291,0.0
NP_192292,0.0
NP_192302,0.0
NP_192303,0.0
NP_192304,0.0
NP_192311,0.0
NP_192312,0.0
NP_192313,0.0
NP_192317,0.0
NP_192318,0.0
NP_192320,409.0
NP_192328,0.0
NP_192329,0.0
NP_192331,855.0
NP_192335,0.0
NP_192341,0.0
NP_192343,0.0
NP_192344,0.0
NP_192345,0.0
NP_192346,38.0
NP_192354,285.0
NP_192355,0.0
NP_192356,0.0
NP_192357,0.0
NP_192358,481.0
NP_192359,477.0
NP_192360,423.0
NP_192363,482.0
NP_192366,480.0
NP_192367,0.0
NP_192370,0.0
NP_192371,0.0
NP_192379,0.0
NP_192381,0.0
NP_192382,0.0
NP_192384,0.0
NP_192386,0.0
NP_192387,0.0
NP_192388,0.0
NP_192390,0.0
NP_192392,0.0
NP_192393,0.0
NP_192395,0.0
NP_192397,0.0
NP_192399,0.0
NP_192400,0.0
NP_192401,79.0
NP_192402,0.0
NP_192404,0.0
NP_192418,0.0
NP_192419,0.0
NP_192420,0.0
NP_192421,0.0
NP_192422,0.0
NP_192423,0.0
NP_192425,0.0
NP_192426,0.0
NP_192427,0.0
NP_192428,44.0
NP_192429,520.0
NP_192430,0.0
NP_192431,0.0
NP_192432,0.0
NP_192433,0.0
NP_192434,0.0
NP_192435,0.0
NP_192436,0.0
NP_192440,0.0
NP_192443,0.0
NP_192444,0.0
NP_192445,0.0
NP_192449,0.0
NP_192450,0.0
NP_192451,0.0
NP_192452,0.0
NP_192453,34.0
NP_192454,0.0
NP_192471,0.0
NP_192472,0.0
NP_192510,0.0
NP_192517,0.0
NP_192524,379.0
NP_192534,0.0
NP_192535,0.0
NP_192536,0.0
NP_192554,0.0
NP_192555,0.0
NP_192556,0.0
NP_192558,0.0
NP_192559,0.0
NP_192561,0.0
NP_192563,0.0
NP_192565,0.0
NP_192566,0.0
NP_192567,0.0
NP_192569,0.0
NP_192570,0.0
NP_192571,0.0
NP_192572,0.0
NP_192573,0.0
NP_192575,0.0
NP_192576,0.0
NP_192577,0.0
NP_192578,0.0
NP_192579,45.0
NP_192580,0.0
NP_192581,0.0
NP_192583,0.0
NP_192585,1981.0
NP_192586,0.0
NP_192587,0.0
NP_192588,147.0
NP_192590,165.0
NP_192591,0.0
NP_192593,0.0
NP_192594,0.0
NP_192595,0.0
NP_192596,0.0
NP_192597,0.0
NP_192598,0.0
NP_192599,0.0
NP_192602,0.0
NP_192604,0.0
NP_192607,0.0
NP_192609,0.0
NP_192613,0.0
NP_192614,0.0
NP_192616,0.0
NP_192617,0.0
NP_192618,0.0
NP_192620,0.0
NP_192621,0.0
NP_192624,0.0
NP_192625,1230.0
NP_192626,0.0
NP_192629,0.0
NP_192630,0.0
NP_192632,37.0
NP_192633,0.0
NP_192634,0.0
NP_192638,48.0
NP_192640,0.0
NP_192641,0.0
NP_192642,0.0
NP_192643,0.0
NP_192645,0.0
NP_192646,0.0
NP_192647,0.0
NP_192648,0.0
NP_192649,0.0
NP_192650,40.0
NP_192651,0.0
NP_192652,0.0
NP_192654,0.0
NP_192655,0.0
NP_192656,0.0
NP_192657,0.0
NP_192658,0.0
NP_192659,0.0
NP_192660,0.0
NP_192663,0.0
NP_192664,0.0
NP_192668,0.0
NP_192669,0.0
NP_192672,0.0
NP_192673,0.0
NP_192674,483.0
NP_192680,94.0
NP_192682,0.0
NP_192683,0.0
NP_192684,0.0
NP_192687,0.0
NP_192688,0.0
NP_192690,0.0
NP_192691,0.0
NP_192693,0.0
NP_192694,46.0
NP_192695,0.0
NP_192696,0.0
NP_192697,0.0
NP_192698,0.0
NP_192699,0.0
NP_192700,0.0
NP_192701,0.0
NP_192702,0.0
NP_192703,0.0
NP_192704,0.0
NP_192705,0.0
NP_192706,45.0
NP_192707,0.0
NP_192710,0.0
NP_192713,0.0
NP_192714,0.0
NP_192715,0.0
NP_192716,0.0
NP_192718,0.0
NP_192719,0.0
NP_192720,0.0
NP_192721,0.0
NP_192722,0.0
NP_192723,0.0
NP_192724,0.0
NP_192725,0.0
NP_192726,0.0
NP_192727,0.0
NP_192728,0.0
NP_192730,0.0
NP_192731,0.0
NP_192732,0.0
NP_192733,0.0
NP_192734,0.0
NP_192735,0.0
NP_192737,0.0
NP_192739,416.0
NP_192740,0.0
NP_192741,0.0
NP_192742,0.0
NP_192744,0.0
NP_192746,0.0
NP_192749,0.0
NP_192750,0.0
NP_192751,0.0
NP_192753,0.0
NP_192754,0.0
NP_192755,0.0
NP_192756,0.0
NP_192757,0.0
NP_192758,46.0
NP_192759,0.0
NP_192760,0.0
NP_192761,0.0
NP_192762,0.0
NP_192763,0.0
NP_192764,0.0
NP_192765,0.0
NP_192766,0.0
NP_192767,0.0
NP_192768,0.0
NP_192770,44.0
NP_192771,0.0
NP_192772,0.0
NP_192773,0.0
NP_192775,0.0
NP_192776,0.0
NP_192777,271.0
NP_192778,0.0
NP_192779,0.0
NP_192780,0.0
NP_192782,34.0
NP_192783,0.0
NP_192786,0.0
NP_192787,38.0
NP_192788,0.0
NP_192794,0.0
NP_192795,0.0
NP_192798,0.0
NP_192799,0.0
NP_192801,0.0
NP_192802,0.0
NP_192803,0.0
NP_192804,0.0
NP_192805,0.0
NP_192806,0.0
NP_192808,0.0
NP_192809,0.0
NP_192810,0.0
NP_192811,156.0
NP_192812,0.0
NP_192813,0.0
NP_192814,0.0
NP_192815,0.0
NP_192816,2562.0
NP_192817,0.0
NP_192818,0.0
NP_192819,0.0
NP_192820,0.0
NP_192822,0.0
NP_192824,0.0
NP_192825,0.0
NP_192826,0.0
NP_192830,0.0
NP_192834,0.0
NP_192835,0.0
NP_192839,0.0
NP_192840,0.0
NP_192841,0.0
NP_192842,0.0
NP_192843,0.0
NP_192844,0.0
NP_192845,145.0
NP_192846,0.0
NP_192847,0.0
NP_192849,0.0
NP_192850,0.0
NP_192851,0.0
NP_192852,0.0
NP_192853,0.0
NP_192854,0.0
NP_192855,1601.0
NP_192856,0.0
NP_192857,0.0
NP_192858,0.0
NP_192860,0.0
NP_192861,0.0
NP_192862,47.0
NP_192864,0.0
NP_192865,0.0
NP_192866,51.0
NP_192867,0.0
NP_192868,0.0
NP_192869,0.0
NP_192873,276.0
NP_192874,0.0
NP_192875,0.0
NP_192876,0.0
NP_192877,0.0
NP_192878,0.0
NP_192879,0.0
NP_192880,0.0
NP_192881,0.0
NP_192882,0.0
NP_192883,0.0
NP_192884,0.0
NP_192885,490.0
NP_192886,496.0
NP_192887,474.0
NP_192888,525.0
NP_192889,0.0
NP_192891,0.0
NP_192892,0.0
NP_192893,0.0
NP_192894,0.0
NP_192895,0.0
NP_192896,0.0
NP_192897,0.0
NP_192898,0.0
NP_192900,0.0
NP_192901,0.0
NP_192902,0.0
NP_192903,0.0
NP_192906,48.0
NP_192907,0.0
NP_192909,0.0
NP_192910,0.0
NP_192912,0.0
NP_192913,0.0
NP_192914,0.0
NP_192915,41.0
NP_192917,0.0
NP_192918,0.0
NP_192919,0.0
NP_192920,0.0
NP_192921,0.0
NP_192922,0.0
NP_192924,0.0
NP_192925,0.0
NP_192926,417.0
NP_192927,504.0
NP_192928,0.0
NP_192929,0.0
NP_192930,0.0
NP_192931,0.0
NP_192932,0.0
NP_192933,0.0
NP_192934,0.0
NP_192936,0.0
NP_192937,0.0
NP_192938,1930.0
NP_192939,442.0
NP_192941,0.0
NP_192942,0.0
NP_192945,56.0
NP_192946,0.0
NP_192947,0.0
NP_192948,0.0
NP_192950,0.0
NP_192951,0.0
NP_192952,0.0
NP_192954,0.0
NP_192956,0.0
NP_192958,0.0
NP_192959,0.0
NP_192960,0.0
NP_192961,0.0
NP_192962,0.0
NP_192964,0.0
NP_192965,0.0
NP_192966,0.0
NP_192967,0.0
NP_192968,50.0
NP_192969,0.0
NP_192970,0.0
NP_192973,0.0
NP_192974,0.0
NP_192975,0.0
NP_192976,0.0
NP_192977,0.0
NP_192978,0.0
NP_192979,0.0
NP_192980,0.0
NP_192981,0.0
NP_192982,0.0
NP_192983,45.0
NP_192984,0.0
NP_192985,0.0
NP_192986,0.0
NP_192987,0.0
NP_192990,0.0
NP_192992,0.0
NP_192993,0.0
NP_192994,45.0
NP_192995,0.0
NP_192996,0.0
NP_192997,0.0
NP_192999,0.0
NP_193001,0.0
NP_193003,0.0
NP_193004,0.0
NP_193005,0.0
NP_193006,0.0
NP_193007,0.0
NP_193008,0.0
NP_193009,0.0
NP_193010,0.0
NP_193012,0.0
NP_193013,0.0
NP_193014,0.0
NP_193016,0.0
NP_193017,0.0
NP_193018,0.0
NP_193020,0.0
NP_193021,0.0
NP_193022,0.0
NP_193023,0.0
NP_193024,0.0
NP_193026,0.0
NP_193027,0.0
NP_193028,0.0
NP_193029,0.0
NP_193030,0.0
NP_193031,0.0
NP_193032,0.0
NP_193033,0.0
NP_193034,0.0
NP_193035,0.0
NP_193036,0.0
NP_193037,0.0
NP_193038,488.0
NP_193039,0.0
NP_193040,0.0
NP_193041,56.0
NP_193042,0.0
NP_193043,0.0
NP_193044,0.0
NP_193045,0.0
NP_193046,0.0
NP_193049,0.0
NP_193051,0.0
NP_193052,0.0
NP_193053,0.0
NP_193054,0.0
NP_193055,742.0
NP_193056,0.0
NP_193057,0.0
NP_193058,0.0
NP_193060,0.0
NP_193062,0.0
NP_193063,0.0
NP_193064,54.0
NP_193065,0.0
NP_193066,54.0
NP_193067,0.0
NP_193068,0.0
NP_193069,0.0
NP_193070,195.0
NP_193071,0.0
NP_193072,0.0
NP_193073,37.0
NP_193074,0.0
NP_193075,0.0
NP_193076,0.0
NP_193077,0.0
NP_193080,0.0
NP_193081,0.0
NP_193082,0.0
NP_193084,0.0
NP_193085,0.0
NP_193086,0.0
NP_193087,0.0
NP_193090,0.0
NP_193092,0.0
NP_193093,0.0
NP_193094,0.0
NP_193095,0.0
NP_193096,0.0
NP_193097,0.0
NP_193098,0.0
NP_193101,0.0
NP_193102,0.0
NP_193103,0.0
NP_193104,0.0
NP_193105,0.0
NP_193106,0.0
NP_193109,0.0
NP_193111,60.0
NP_193112,0.0
NP_193113,0.0
NP_193114,0.0
NP_193115,0.0
NP_193118,567.0
NP_193119,0.0
NP_193120,0.0
NP_193121,0.0
NP_193122,0.0
NP_193123,0.0
NP_193124,574.0
NP_193125,0.0
NP_193129,0.0
NP_193130,0.0
NP_193133,0.0
NP_193135,0.0
NP_193139,0.0
NP_193140,0.0
NP_193141,0.0
NP_193142,0.0
NP_193143,0.0
NP_193144,511.0
NP_193146,0.0
NP_193147,0.0
NP_193148,0.0
NP_193149,0.0
NP_193150,53.0
NP_193152,0.0
NP_193153,0.0
NP_193155,0.0
NP_193156,0.0
NP_193157,0.0
NP_193158,0.0
NP_193159,0.0
NP_193160,0.0
NP_193164,0.0
NP_193165,47.0
NP_193166,0.0
NP_193167,0.0
NP_193168,0.0
NP_193170,101.0
NP_193171,0.0
NP_193173,1512.0
NP_193174,0.0
NP_193175,0.0
NP_193178,0.0
NP_193179,0.0
NP_193180,0.0
NP_193181,0.0
NP_193184,0.0
NP_193185,0.0
NP_193187,41.0
NP_193188,0.0
NP_193190,0.0
NP_193191,0.0
NP_193192,0.0
NP_193194,0.0
NP_193195,0.0
NP_193198,0.0
NP_193199,0.0
NP_193200,0.0
NP_193201,55.0
NP_193202,0.0
NP_193204,0.0
NP_193208,0.0
NP_193209,0.0
NP_193210,0.0
NP_193211,0.0
NP_193212,62.0
NP_193213,0.0
NP_193214,220.0
NP_193215,0.0
NP_193216,0.0
NP_193218,0.0
NP_193219,0.0
NP_193220,0.0
NP_193221,0.0
NP_193222,0.0
NP_193224,0.0
NP_193225,0.0
NP_193228,0.0
NP_193230,0.0
NP_193232,0.0
NP_193234,0.0
NP_193236,0.0
NP_193238,0.0
NP_193239,0.0
NP_193241,0.0
NP_193242,0.0
NP_193243,53.0
NP_193244,43.0
NP_193246,0.0
NP_193247,0.0
NP_193249,0.0
NP_193251,0.0
NP_193252,0.0
NP_193253,78.0
NP_193255,0.0
NP_193258,56.0
NP_193259,0.0
NP_193261,0.0
NP_193263,0.0
NP_193264,0.0
NP_193265,0.0
NP_193266,0.0
NP_193267,0.0
NP_193268,0.0
NP_193270,0.0
NP_193271,0.0
NP_193272,0.0
NP_193273,0.0
NP_193274,0.0
NP_193275,0.0
NP_193278,0.0
NP_193279,0.0
NP_193280,0.0
NP_193283,0.0
NP_193284,0.0
NP_193285,0.0
NP_193287,0.0
NP_193288,0.0
NP_193291,44.0
NP_193292,0.0
NP_193297,0.0
NP_193299,0.0
NP_193300,0.0
NP_193301,0.0
NP_193302,0.0
NP_193303,0.0
NP_193304,0.0
NP_193305,0.0
NP_193307,0.0
NP_193308,45.0
NP_193309,0.0
NP_193311,0.0
NP_193312,0.0
NP_193313,0.0
NP_193316,0.0
NP_193317,45.0
NP_193319,0.0
NP_193320,48.0
NP_193322,0.0
NP_193324,48.0
NP_193325,0.0
NP_193326,0.0
NP_193327,0.0
NP_193328,0.0
NP_193329,0.0
NP_193330,0.0
NP_193331,0.0
NP_193333,0.0
NP_193334,0.0
NP_193338,0.0
NP_193339,0.0
NP_193340,0.0
NP_193341,0.0
NP_193343,0.0
NP_193344,32.0
NP_193346,0.0
NP_193348,0.0
NP_193349,0.0
NP_193350,0.0
NP_193353,0.0
NP_193355,0.0
NP_193356,0.0
NP_193358,0.0
NP_193359,0.0
NP_193360,0.0
NP_193361,980.0
NP_193362,0.0
NP_193363,0.0
NP_193364,50.0
NP_193367,0.0
NP_193369,0.0
NP_193372,46.0
NP_193373,0.0
NP_193376,0.0
NP_193379,0.0
NP_193380,0.0
NP_193381,0.0
NP_193386,0.0
NP_193387,0.0
NP_193391,0.0
NP_193393,0.0
NP_193394,0.0
NP_193395,0.0
NP_193396,0.0
NP_193397,0.0
NP_193400,0.0
NP_193401,0.0
NP_193402,0.0
NP_193403,0.0
NP_193404,0.0
NP_193405,0.0
NP_193406,0.0
NP_193408,0.0
NP_193411,0.0
NP_193412,0.0
NP_193413,0.0
NP_193414,0.0
NP_193416,0.0
NP_193420,4518.0
NP_193421,467.0
NP_193424,3088.0
NP_193425,5725.0
NP_193426,476.0
NP_193427,3108.0
NP_193428,7541.0
NP_193430,0.0
NP_193431,0.0
NP_193432,1224.0
NP_193433,0.0
NP_193435,0.0
NP_193436,0.0
NP_193438,0.0
NP_193439,0.0
NP_193441,0.0
NP_193443,0.0
NP_193447,63.0
NP_193448,42.0
NP_193449,0.0
NP_193450,0.0
NP_193451,0.0
NP_193452,0.0
NP_193453,0.0
NP_193454,0.0
NP_193455,0.0
NP_193456,37.0
NP_193457,0.0
NP_193459,0.0
NP_193460,0.0
NP_193461,0.0
NP_193462,0.0
NP_193463,0.0
NP_193464,53.0
NP_193465,0.0
NP_193466,0.0
NP_193467,0.0
NP_193468,0.0
NP_193469,0.0
NP_193470,0.0
NP_193471,50.0
NP_193473,0.0
NP_193474,0.0
NP_193476,0.0
NP_193477,0.0
NP_193478,0.0
NP_193479,0.0
NP_193483,0.0
NP_193484,0.0
NP_193485,0.0
NP_193486,0.0
NP_193487,0.0
NP_193488,0.0
NP_193490,0.0
NP_193491,0.0
NP_193492,695.0
NP_193493,0.0
NP_193494,0.0
NP_193498,44.0
NP_193499,0.0
NP_193500,0.0
NP_193501,699.0
NP_193503,0.0
NP_193504,0.0
NP_193505,0.0
NP_193506,0.0
NP_193509,48.0
NP_193510,0.0
NP_193511,0.0
NP_193515,0.0
NP_193516,0.0
NP_193517,0.0
NP_193519,0.0
NP_193520,0.0
NP_193521,0.0
NP_193522,0.0
NP_193524,0.0
NP_193525,0.0
NP_193526,0.0
NP_193530,0.0
NP_193531,0.0
NP_193532,0.0
NP_193533,0.0
NP_193537,0.0
NP_193538,0.0
NP_193539,0.0
NP_193540,0.0
NP_193542,0.0
NP_193543,0.0
NP_193544,0.0
NP_193545,0.0
NP_193547,54.0
NP_193548,0.0
NP_193549,0.0
NP_193550,0.0
NP_193551,314.0
NP_193553,0.0
NP_193555,0.0
NP_193557,0.0
NP_193558,0.0
NP_193560,0.0
NP_193561,45.0
NP_193563,0.0
NP_193564,0.0
NP_193565,0.0
NP_193566,0.0
NP_193568,0.0
NP_193569,0.0
NP_193570,0.0
NP_193572,0.0
NP_193573,0.0
NP_193578,0.0
NP_193579,44.0
NP_193580,0.0
NP_193582,0.0
NP_193583,0.0
NP_193584,0.0
NP_193585,0.0
NP_193586,0.0
NP_193587,0.0
NP_193588,0.0
NP_193589,0.0
NP_193590,0.0
NP_193591,0.0
NP_193595,65.0
NP_193597,0.0
NP_193598,0.0
NP_193599,267.0
NP_193600,0.0
NP_193601,0.0
NP_193602,190.0
NP_193603,0.0
NP_193604,0.0
NP_193605,237.0
NP_193606,466.0
NP_193607,0.0
NP_193609,0.0
NP_193610,0.0
NP_193611,296.0
NP_193612,0.0
NP_193614,0.0
NP_193615,0.0
NP_193616,0.0
NP_193617,49.0
NP_193618,0.0
NP_193619,0.0
NP_193621,0.0
NP_193622,0.0
NP_193623,0.0
NP_193624,0.0
NP_193626,0.0
NP_193628,0.0
NP_193629,0.0
NP_193633,0.0
NP_193634,0.0
NP_193636,0.0
NP_193637,40.0
NP_193639,0.0
NP_193640,133.0
NP_193641,134.0
NP_193642,0.0
NP_193643,0.0
NP_193644,0.0
NP_193650,0.0
NP_193652,0.0
NP_193654,0.0
NP_193655,0.0
NP_193656,0.0
NP_193659,38.0
NP_193660,0.0
NP_193661,0.0
NP_193662,0.0
NP_193669,0.0
NP_193671,0.0
NP_193672,0.0
NP_193673,0.0
NP_193677,0.0
NP_193682,562.0
NP_193683,0.0
NP_193684,53.0
NP_193685,1430.0
NP_193686,1730.0
NP_193687,968.0
NP_193688,2604.0
NP_193689,0.0
NP_193690,0.0
NP_193691,0.0
NP_193692,0.0
NP_193693,0.0
NP_193694,0.0
NP_193695,0.0
NP_193696,0.0
NP_193697,0.0
NP_193698,0.0
NP_193699,0.0
NP_193700,0.0
NP_193701,966.0
NP_193702,0.0
NP_193703,0.0
NP_193705,0.0
NP_193706,0.0
NP_193708,0.0
NP_193709,0.0
NP_193710,0.0
NP_193711,0.0
NP_193712,0.0
NP_193715,0.0
NP_193716,0.0
NP_193718,57.0
NP_193719,0.0
NP_193721,0.0
NP_193722,0.0
NP_193723,0.0
NP_193724,0.0
NP_193725,253.0
NP_193726,0.0
NP_193727,0.0
NP_193728,0.0
NP_193729,0.0
NP_193730,0.0
NP_193733,0.0
NP_193735,0.0
NP_193738,0.0
NP_193739,76.0
NP_193740,0.0
NP_193741,0.0
NP_193742,0.0
NP_193743,0.0
NP_193744,0.0
NP_193746,0.0
NP_193747,1603.0
NP_193749,50.0
NP_193750,0.0
NP_193752,0.0
NP_193753,0.0
NP_193754,0.0
NP_193755,0.0
NP_193756,0.0
NP_193757,0.0
NP_193758,0.0
NP_193759,0.0
NP_193760,1135.0
NP_193761,0.0
NP_193762,0.0
NP_193766,0.0
NP_193767,0.0
NP_193769,37.0
NP_193770,0.0
NP_193772,0.0
NP_193773,41.0
NP_193775,0.0
NP_193777,0.0
NP_193778,435.0
NP_193779,0.0
NP_193780,0.0
NP_193785,0.0
NP_193799,0.0
NP_193800,0.0
NP_193801,0.0
NP_193802,0.0
NP_193806,0.0
NP_193808,0.0
NP_193809,43.0
NP_193810,0.0
NP_193811,0.0
NP_193812,0.0
NP_193813,0.0
NP_193814,0.0
NP_193815,0.0
NP_193816,0.0
NP_193817,0.0
NP_193818,0.0
NP_193819,0.0
NP_193820,0.0
NP_193821,0.0
NP_193822,0.0
NP_193824,0.0
NP_193829,0.0
NP_193830,0.0
NP_193831,0.0
NP_193832,0.0
NP_193833,0.0
NP_193834,0.0
NP_193835,0.0
NP_193836,0.0
NP_193837,0.0
NP_193838,0.0
NP_193839,0.0
NP_193840,0.0
NP_193841,0.0
NP_193842,0.0
NP_193843,0.0
NP_193844,0.0
NP_193845,0.0
NP_193846,0.0
NP_193847,51.0
NP_193852,0.0
NP_193853,0.0
NP_193854,0.0
NP_193855,511.0
NP_193856,0.0
NP_193857,0.0
NP_193858,0.0
NP_193859,42.0
NP_193860,0.0
NP_193861,41.0
NP_193862,0.0
NP_193864,0.0
NP_193865,0.0
NP_193866,47.0
NP_193869,463.0
NP_193870,521.0
NP_193872,566.0
NP_193874,0.0
NP_193878,0.0
NP_193879,34.0
NP_193880,0.0
NP_193881,0.0
NP_193883,0.0
NP_193884,39.0
NP_193885,0.0
NP_193886,0.0
NP_193887,0.0
NP_193888,0.0
NP_193889,0.0
NP_193892,222.0
NP_193893,0.0
NP_193895,0.0
NP_193897,0.0
NP_193898,0.0
NP_193899,0.0
NP_193900,0.0
NP_193901,0.0
NP_193902,0.0
NP_193903,0.0
NP_193905,0.0
NP_193906,0.0
NP_193907,0.0
NP_193908,46.0
NP_193911,0.0
NP_193912,0.0
NP_193913,45.0
NP_193915,0.0
NP_193917,0.0
NP_193918,0.0
NP_193919,0.0
NP_193920,0.0
NP_193921,42.0
NP_193923,0.0
NP_193924,0.0
NP_193925,241.0
NP_193928,0.0
NP_193930,0.0
NP_193932,0.0
NP_193934,0.0
NP_193936,0.0
NP_193937,0.0
NP_193939,0.0
NP_193940,0.0
NP_193941,0.0
NP_193943,0.0
NP_193944,568.0
NP_193945,0.0
NP_193946,0.0
NP_193953,0.0
NP_193955,0.0
NP_193956,0.0
NP_193959,49.0
NP_193960,0.0
NP_193961,0.0
NP_193962,0.0
NP_193963,0.0
NP_193965,0.0
NP_193966,0.0
NP_193969,0.0
NP_193970,0.0
NP_193971,0.0
NP_193974,0.0
NP_193975,0.0
NP_193977,0.0
NP_193978,0.0
NP_193980,0.0
NP_193983,0.0
NP_193984,0.0
NP_193986,0.0
NP_193987,0.0
NP_193988,0.0
NP_193989,0.0
NP_193990,0.0
NP_193991,0.0
NP_193992,0.0
NP_193993,0.0
NP_193995,0.0
NP_193996,0.0
NP_193997,0.0
NP_194001,0.0
NP_194002,0.0
NP_194003,0.0
NP_194004,517.0
NP_194007,0.0
NP_194008,0.0
NP_194009,0.0
NP_194010,0.0
NP_194012,0.0
NP_194013,0.0
NP_194014,0.0
NP_194016,0.0
NP_194017,0.0
NP_194018,0.0
NP_194019,0.0
NP_194021,47.0
NP_194022,0.0
NP_194024,0.0
NP_194025,393.0
NP_194026,0.0
NP_194027,0.0
NP_194028,53.0
NP_194029,45.0
NP_194031,0.0
NP_194032,0.0
NP_194033,0.0
NP_194034,0.0
NP_194037,0.0
NP_194038,0.0
NP_194040,0.0
NP_194041,0.0
NP_194042,0.0
NP_194043,0.0
NP_194046,478.0
NP_194048,0.0
NP_194050,505.0
NP_194052,340.0
NP_194054,392.0
NP_194056,494.0
NP_194058,520.0
NP_194060,510.0
NP_194061,442.0
NP_194062,518.0
NP_194064,0.0
NP_194065,0.0
NP_194066,0.0
NP_194067,0.0
NP_194069,0.0
NP_194070,0.0
NP_194071,0.0
NP_194072,0.0
NP_194073,0.0
NP_194077,0.0
NP_194078,0.0
NP_194081,0.0
NP_194082,0.0
NP_194084,0.0
NP_194085,0.0
NP_194086,202.0
NP_194087,0.0
NP_194088,0.0
NP_194089,0.0
NP_194090,0.0
NP_194091,0.0
NP_194093,0.0
NP_194094,0.0
NP_194095,0.0
NP_194096,0.0
NP_194098,0.0
NP_194099,0.0
NP_194100,0.0
NP_194101,0.0
NP_194102,0.0
NP_194103,0.0
NP_194104,0.0
NP_194105,382.0
NP_194106,0.0
NP_194107,0.0
NP_194108,0.0
NP_194110,0.0
NP_194111,0.0
NP_194112,142.0
NP_194113,0.0
NP_194115,122.0
NP_194116,0.0
NP_194117,0.0
NP_194118,0.0
NP_194119,0.0
NP_194120,0.0
NP_194122,0.0
NP_194123,0.0
NP_194124,0.0
NP_194126,0.0
NP_194127,0.0
NP_194128,0.0
NP_194129,0.0
NP_194130,0.0
NP_194132,0.0
NP_194133,0.0
NP_194134,0.0
NP_194135,0.0
NP_194136,0.0
NP_194138,0.0
NP_194139,0.0
NP_194140,43.0
NP_194141,179.0
NP_194142,0.0
NP_194144,0.0
NP_194145,0.0
NP_194146,0.0
NP_194147,0.0
NP_194149,0.0
NP_194150,0.0
NP_194151,0.0
NP_194152,0.0
NP_194153,0.0
NP_194154,0.0
NP_194155,248.0
NP_194157,0.0
NP_194158,48.0
NP_194159,0.0
NP_194161,0.0
NP_194162,0.0
NP_194163,0.0
NP_194164,0.0
NP_194166,0.0
NP_194171,0.0
NP_194172,0.0
NP_194173,0.0
NP_194175,0.0
NP_194176,37.0
NP_194177,0.0
NP_194178,0.0
NP_194179,267.0
NP_194180,0.0
NP_194182,0.0
NP_194183,0.0
NP_194184,0.0
NP_194185,52.0
NP_194186,0.0
NP_194188,0.0
NP_194190,0.0
NP_194191,0.0
NP_194192,0.0
NP_194193,0.0
NP_194194,0.0
NP_194195,0.0
NP_194196,0.0
NP_194197,0.0
NP_194199,0.0
NP_194200,0.0
NP_194201,0.0
NP_194202,0.0
NP_194205,255.0
NP_194206,0.0
NP_194207,0.0
NP_194208,0.0
NP_194210,48.0
NP_194212,0.0
NP_194214,0.0
NP_194217,44.0
NP_194219,0.0
NP_194220,0.0
NP_194221,0.0
NP_194222,0.0
NP_194223,0.0
NP_194225,0.0
NP_194227,0.0
NP_194228,0.0
NP_194229,0.0
NP_194231,0.0
NP_194233,0.0
NP_194234,0.0
NP_194235,0.0
NP_194237,0.0
NP_194238,0.0
NP_194239,0.0
NP_194240,0.0
NP_194241,1084.0
NP_194243,0.0
NP_194244,0.0
NP_194245,0.0
NP_194246,349.0
NP_194248,0.0
NP_194249,0.0
NP_194250,0.0
NP_194251,0.0
NP_194252,0.0
NP_194253,46.0
NP_194254,0.0
NP_194255,0.0
NP_194256,0.0
NP_194257,0.0
NP_194258,0.0
NP_194259,0.0
NP_194260,0.0
NP_194261,0.0
NP_194262,0.0
NP_194263,0.0
NP_194265,0.0
NP_194266,0.0
NP_194268,0.0
NP_194269,212.0
NP_194270,0.0
NP_194272,0.0
NP_194273,0.0
NP_194274,0.0
NP_194275,0.0
NP_194280,0.0
NP_194281,0.0
NP_194282,0.0
NP_194284,0.0
NP_194285,0.0
NP_194286,0.0
NP_194288,44.0
NP_194289,0.0
NP_194290,0.0
NP_194291,0.0
NP_194292,0.0
NP_194294,0.0
NP_194296,0.0
NP_194298,0.0
NP_194299,0.0
NP_194300,0.0
NP_194301,0.0
NP_194303,0.0
NP_194304,0.0
NP_194305,47.0
NP_194307,0.0
NP_194308,0.0
NP_194309,414.0
NP_194310,0.0
NP_194311,0.0
NP_194312,0.0
NP_194316,0.0
NP_194317,0.0
NP_194319,0.0
NP_194322,0.0
NP_194323,0.0
NP_194324,0.0
NP_194325,0.0
NP_194326,0.0
NP_194328,0.0
NP_194330,0.0
NP_194332,0.0
NP_194333,0.0
NP_194334,0.0
NP_194335,196.0
NP_194336,0.0
NP_194337,194.0
NP_194338,0.0
NP_194339,4740.0
NP_194340,120.0
NP_194341,0.0
NP_194342,1768.0
NP_194343,0.0
NP_194344,41.0
NP_194345,0.0
NP_194346,0.0
NP_194347,0.0
NP_194349,0.0
NP_194350,0.0
NP_194351,0.0
NP_194353,0.0
NP_194356,0.0
NP_194358,0.0
NP_194359,0.0
NP_194360,0.0
NP_194362,0.0
NP_194364,0.0
NP_194365,0.0
NP_194368,0.0
NP_194369,0.0
NP_194370,0.0
NP_194371,0.0
NP_194372,0.0
NP_194374,673.0
NP_194375,0.0
NP_194376,0.0
NP_194377,0.0
NP_194378,0.0
NP_194379,0.0
NP_194380,0.0
NP_194382,0.0
NP_194383,0.0
NP_194386,0.0
NP_194387,0.0
NP_194388,0.0
NP_194389,0.0
NP_194390,0.0
NP_194391,49.0
NP_194393,0.0
NP_194396,0.0
NP_194398,0.0
NP_194400,0.0
NP_194401,0.0
NP_194402,0.0
NP_194403,0.0
NP_194404,0.0
NP_194405,0.0
NP_194407,0.0
NP_194410,0.0
NP_194411,0.0
NP_194412,0.0
NP_194413,572.0
NP_194414,0.0
NP_194417,50.0
NP_194418,0.0
NP_194419,0.0
NP_194420,39.0
NP_194422,0.0
NP_194423,0.0
NP_194425,0.0
NP_194426,0.0
NP_194428,0.0
NP_194429,0.0
NP_194431,59.0
NP_194432,0.0
NP_194433,0.0
NP_194434,0.0
NP_194435,0.0
NP_194436,0.0
NP_194437,0.0
NP_194439,0.0
NP_194440,0.0
NP_194443,0.0
NP_194444,0.0
NP_194445,0.0
NP_194446,0.0
NP_194447,0.0
NP_194449,807.0
NP_194452,732.0
NP_194453,0.0
NP_194455,0.0
NP_194456,0.0
NP_194457,0.0
NP_194458,0.0
NP_194459,396.0
NP_194460,550.0
NP_194461,0.0
NP_194463,0.0
NP_194464,0.0
NP_194465,0.0
NP_194466,0.0
NP_194467,0.0
NP_194470,0.0
NP_194472,0.0
NP_194473,0.0
NP_194474,0.0
NP_194476,0.0
NP_194477,0.0
NP_194478,0.0
NP_194480,0.0
NP_194481,0.0
NP_194482,0.0
NP_194483,0.0
NP_194485,0.0
NP_194486,0.0
NP_194487,0.0
NP_194491,0.0
NP_194493,0.0
NP_194494,0.0
NP_194495,0.0
NP_194496,0.0
NP_194497,0.0
NP_194498,0.0
NP_194499,0.0
NP_194501,0.0
NP_194503,0.0
NP_194504,0.0
NP_194505,0.0
NP_194506,0.0
NP_194507,0.0
NP_194508,0.0
NP_194509,0.0
NP_194510,0.0
NP_194511,0.0
NP_194513,0.0
NP_194514,0.0
NP_194517,0.0
NP_194518,0.0
NP_194519,0.0
NP_194520,0.0
NP_194521,0.0
NP_194524,0.0
NP_194528,0.0
NP_194529,0.0
NP_194530,0.0
NP_194533,0.0
NP_194534,0.0
NP_194535,0.0
NP_194536,0.0
NP_194537,0.0
NP_194538,0.0
NP_194540,0.0
NP_194542,0.0
NP_194543,0.0
NP_194545,0.0
NP_194546,0.0
NP_194547,0.0
NP_194549,0.0
NP_194552,0.0
NP_194555,0.0
NP_194556,0.0
NP_194557,0.0
NP_194558,0.0
NP_194559,0.0
NP_194561,0.0
NP_194562,0.0
NP_194563,0.0
NP_194566,0.0
NP_194567,291.0
NP_194568,0.0
NP_194570,0.0
NP_194571,0.0
NP_194573,0.0
NP_194575,0.0
NP_194576,0.0
NP_194577,0.0
NP_194578,1226.0
NP_194579,0.0
NP_194580,0.0
NP_194581,0.0
NP_194584,0.0
NP_194585,330.0
NP_194586,39.0
NP_194587,0.0
NP_194588,0.0
NP_194589,0.0
NP_194590,0.0
NP_194591,0.0
NP_194593,0.0
NP_194594,1277.0
NP_194596,470.0
NP_194597,0.0
NP_194598,0.0
NP_194599,0.0
NP_194600,60.0
NP_194601,0.0
NP_194602,0.0
NP_194606,0.0
NP_194607,0.0
NP_194611,0.0
NP_194612,0.0
NP_194613,0.0
NP_194614,0.0
NP_194615,0.0
NP_194616,0.0
NP_194617,0.0
NP_194618,0.0
NP_194620,0.0
NP_194621,0.0
NP_194622,0.0
NP_194623,0.0
NP_194624,0.0
NP_194627,0.0
NP_194628,0.0
NP_194629,0.0
NP_194630,0.0
NP_194631,47.0
NP_194632,0.0
NP_194633,0.0
NP_194634,531.0
NP_194637,0.0
NP_194638,0.0
NP_194639,66.0
NP_194640,0.0
NP_194641,0.0
NP_194642,0.0
NP_194643,0.0
NP_194644,0.0
NP_194645,0.0
NP_194646,0.0
NP_194647,436.0
NP_194648,0.0
NP_194649,0.0
NP_194650,41.0
NP_194651,0.0
NP_194652,0.0
NP_194653,327.0
NP_194655,0.0
NP_194656,0.0
NP_194657,0.0
NP_194658,0.0
NP_194659,0.0
NP_194660,0.0
NP_194662,0.0
NP_194663,0.0
NP_194664,0.0
NP_194666,0.0
NP_194667,49.0
NP_194668,0.0
NP_194669,0.0
NP_194670,0.0
NP_194671,0.0
NP_194672,0.0
NP_194673,0.0
NP_194674,511.0
NP_194675,0.0
NP_194676,0.0
NP_194677,0.0
NP_194678,0.0
NP_194680,0.0
NP_194681,0.0
NP_194682,0.0
NP_194683,0.0
NP_194685,0.0
NP_194686,0.0
NP_194687,0.0
NP_194688,0.0
NP_194689,0.0
NP_194690,0.0
NP_194691,0.0
NP_194692,0.0
NP_194693,0.0
NP_194694,0.0
NP_194697,0.0
NP_194698,0.0
NP_194699,0.0
NP_194700,0.0
NP_194701,42.0
NP_194702,0.0
NP_194703,0.0
NP_194704,0.0
NP_194705,40.0
NP_194708,54.0
NP_194709,0.0
NP_194710,207.0
NP_194712,0.0
NP_194713,0.0
NP_194714,0.0
NP_194715,0.0
NP_194716,0.0
NP_194717,160.0
NP_194718,0.0
NP_194719,58.0
NP_194720,0.0
NP_194721,58.0
NP_194722,0.0
NP_194723,0.0
NP_194726,0.0
NP_194728,569.0
NP_194729,0.0
NP_194730,0.0
NP_194732,0.0
NP_194733,0.0
NP_194734,0.0
NP_194735,0.0
NP_194738,0.0
NP_194739,0.0
NP_194740,0.0
NP_194741,0.0
NP_194742,0.0
NP_194743,0.0
NP_194744,44.0
NP_194745,0.0
NP_194746,0.0
NP_194747,0.0
NP_194748,0.0
NP_194749,0.0
NP_194750,0.0
NP_194751,0.0
NP_194752,0.0
NP_194754,0.0
NP_194756,0.0
NP_194757,0.0
NP_194758,0.0
NP_194759,0.0
NP_194760,0.0
NP_194761,378.0
NP_194764,45.0
NP_194765,0.0
NP_194766,0.0
NP_194768,0.0
NP_194770,0.0
NP_194771,0.0
NP_194772,0.0
NP_194773,0.0
NP_194774,0.0
NP_194775,0.0
NP_194776,0.0
NP_194777,0.0
NP_194781,1377.0
NP_194782,0.0
NP_194783,0.0
NP_194784,0.0
NP_194785,0.0
NP_194786,0.0
NP_194787,0.0
NP_194788,0.0
NP_194789,0.0
NP_194790,0.0
NP_194791,0.0
NP_194792,0.0
NP_194794,0.0
NP_194795,0.0
NP_194797,0.0
NP_194799,0.0
NP_194800,0.0
NP_194801,0.0
NP_194802,0.0
NP_194803,0.0
NP_194806,0.0
NP_194807,46.0
NP_194808,0.0
NP_194809,0.0
NP_194814,0.0
NP_194816,0.0
NP_194817,0.0
NP_194819,0.0
NP_194820,0.0
NP_194821,40.0
NP_194823,0.0
NP_194824,0.0
NP_194825,0.0
NP_194826,0.0
NP_194827,0.0
NP_194828,47.0
NP_194829,0.0
NP_194830,0.0
NP_194831,0.0
NP_194832,0.0
NP_194837,0.0
NP_194839,451.0
NP_194840,451.0
NP_194841,0.0
NP_194842,0.0
NP_194843,0.0
NP_194845,46.0
NP_194846,50.0
NP_194847,0.0
NP_194848,0.0
NP_194849,40.0
NP_194851,341.0
NP_194854,0.0
NP_194855,0.0
NP_194856,0.0
NP_194858,0.0
NP_194859,0.0
NP_194860,0.0
NP_194863,0.0
NP_194864,0.0
NP_194865,0.0
NP_194867,0.0
NP_194868,0.0
NP_194872,0.0
NP_194874,0.0
NP_194875,344.0
NP_194876,0.0
NP_194877,0.0
NP_194878,0.0
NP_194879,0.0
NP_194880,0.0
NP_194881,0.0
NP_194882,43.0
NP_194884,0.0
NP_194885,62.0
NP_194886,0.0
NP_194887,0.0
NP_194891,0.0
NP_194892,0.0
NP_194893,0.0
NP_194894,0.0
NP_194895,0.0
NP_194896,0.0
NP_194898,0.0
NP_194900,0.0
NP_194901,0.0
NP_194902,0.0
NP_194903,0.0
NP_194904,0.0
NP_194906,44.0
NP_194907,0.0
NP_194909,0.0
NP_194910,0.0
NP_194911,0.0
NP_194912,0.0
NP_194913,0.0
NP_194914,0.0
NP_194915,0.0
NP_194916,48.0
NP_194917,0.0
NP_194918,49.0
NP_194919,0.0
NP_194920,0.0
NP_194922,0.0
NP_194923,0.0
NP_194924,0.0
NP_194925,0.0
NP_194926,0.0
NP_194927,0.0
NP_194928,503.0
NP_194929,0.0
NP_194930,0.0
NP_194931,0.0
NP_194932,0.0
NP_194933,0.0
NP_194934,0.0
NP_194936,0.0
NP_194937,0.0
NP_194938,0.0
NP_194939,0.0
NP_194940,0.0
NP_194941,0.0
NP_194942,0.0
NP_194944,0.0
NP_194945,50.0
NP_194947,65.0
NP_194948,0.0
NP_194950,0.0
NP_194952,0.0
NP_194953,0.0
NP_194954,0.0
NP_194956,0.0
NP_194957,613.0
NP_194958,0.0
NP_194960,0.0
NP_194961,0.0
NP_194962,0.0
NP_194963,0.0
NP_194965,0.0
NP_194966,40.0
NP_194967,0.0
NP_194968,0.0
NP_194969,50.0
NP_194970,0.0
NP_194971,0.0
NP_194973,0.0
NP_194974,0.0
NP_194975,0.0
NP_194976,0.0
NP_194977,0.0
NP_194979,0.0
NP_194980,0.0
NP_194984,0.0
NP_194986,0.0
NP_194987,0.0
NP_194988,40.0
NP_194989,67.0
NP_194990,0.0
NP_194991,50.0
NP_194992,0.0
NP_194993,0.0
NP_194999,0.0
NP_195002,0.0
NP_195004,0.0
NP_195005,0.0
NP_195006,0.0
NP_195007,0.0
NP_195008,48.0
NP_195009,0.0
NP_195010,0.0
NP_195011,0.0
NP_195012,0.0
NP_195013,0.0
NP_195014,0.0
NP_195015,0.0
NP_195020,0.0
NP_195021,0.0
NP_195022,0.0
NP_195023,0.0
NP_195024,0.0
NP_195025,0.0
NP_195026,0.0
NP_195027,0.0
NP_195028,0.0
NP_195029,0.0
NP_195030,0.0
NP_195031,0.0
NP_195032,0.0
NP_195033,0.0
NP_195034,0.0
NP_195035,0.0
NP_195036,0.0
NP_195038,0.0
NP_195039,0.0
NP_195043,0.0
NP_195044,0.0
NP_195046,48.0
NP_195049,0.0
NP_195050,43.0
NP_195051,0.0
NP_195052,0.0
NP_195053,0.0
NP_195054,0.0
NP_195055,0.0
NP_195057,0.0
NP_195058,0.0
NP_195059,0.0
NP_195061,0.0
NP_195062,0.0
NP_195063,0.0
NP_195064,0.0
NP_195065,0.0
NP_195066,0.0
NP_195070,0.0
NP_195071,0.0
NP_195072,0.0
NP_195074,35.0
NP_195077,0.0
NP_195079,0.0
NP_195080,0.0
NP_195081,0.0
NP_195082,0.0
NP_195085,0.0
NP_195086,0.0
NP_195087,0.0
NP_195093,0.0
NP_195095,0.0
NP_195096,0.0
NP_195097,437.0
NP_195098,541.0
NP_195099,445.0
NP_195100,0.0
NP_195102,0.0
NP_195103,0.0
NP_195107,0.0
NP_195109,0.0
NP_195110,0.0
NP_195112,0.0
NP_195114,0.0
NP_195115,0.0
NP_195118,0.0
NP_195119,0.0
NP_195122,0.0
NP_195123,317.0
NP_195128,0.0
NP_195130,0.0
NP_195131,0.0
NP_195132,0.0
NP_195133,0.0
NP_195134,0.0
NP_195136,0.0
NP_195137,0.0
NP_195140,0.0
NP_195142,0.0
NP_195143,0.0
NP_195146,0.0
NP_195149,0.0
NP_195151,46.0
NP_195152,0.0
NP_195153,0.0
NP_195154,43.0
NP_195155,0.0
NP_195156,0.0
NP_195157,46.0
NP_195158,0.0
NP_195159,0.0
NP_195162,0.0
NP_195164,0.0
NP_195165,0.0
NP_195166,0.0
NP_195167,0.0
NP_195168,0.0
NP_195169,0.0
NP_195170,679.0
NP_195171,43.0
NP_195172,0.0
NP_195174,0.0
NP_195175,0.0
NP_195176,605.0
NP_195177,0.0
NP_195178,0.0
NP_195179,0.0
NP_195180,0.0
NP_195181,0.0
NP_195182,0.0
NP_195183,0.0
NP_195184,0.0
NP_195185,0.0
NP_195186,0.0
NP_195187,0.0
NP_195188,0.0
NP_195189,0.0
NP_195190,0.0
NP_195191,0.0
NP_195193,0.0
NP_195194,0.0
NP_195195,0.0
NP_195197,0.0
NP_195198,0.0
NP_195199,0.0
NP_195200,0.0
NP_195201,0.0
NP_195202,0.0
NP_195203,0.0
NP_195204,0.0
NP_195205,36.0
NP_195207,0.0
NP_195209,0.0
NP_195210,0.0
NP_195212,0.0
NP_195213,0.0
NP_195214,0.0
NP_195215,52.0
NP_195216,43.0
NP_195217,0.0
NP_195218,0.0
NP_195219,0.0
NP_195220,0.0
NP_195221,0.0
NP_195222,0.0
NP_195223,0.0
NP_195225,0.0
NP_195226,0.0
NP_195228,0.0
NP_195229,0.0
NP_195231,0.0
NP_195233,0.0
NP_195235,0.0
NP_195236,0.0
NP_195237,0.0
NP_195238,0.0
NP_195239,0.0
NP_195240,0.0
NP_195241,0.0
NP_195242,0.0
NP_195243,0.0
NP_195246,0.0
NP_195247,0.0
NP_195250,0.0
NP_195251,0.0
NP_195252,0.0
NP_195253,0.0
NP_195254,0.0
NP_195256,0.0
NP_195257,0.0
NP_195263,0.0
NP_195264,65.0
NP_195265,0.0
NP_195267,0.0
NP_195268,0.0
NP_195270,0.0
NP_195271,0.0
NP_195272,257.0
NP_195273,0.0
NP_195274,0.0
NP_195275,0.0
NP_195276,0.0
NP_195277,48.0
NP_195278,38.0
NP_195279,0.0
NP_195280,0.0
NP_195281,0.0
NP_195282,0.0
NP_195284,0.0
NP_195285,935.0
NP_195286,0.0
NP_195287,0.0
NP_195288,0.0
NP_195289,0.0
NP_195290,0.0
NP_195291,0.0
NP_195292,0.0
NP_195293,0.0
NP_195294,0.0
NP_195295,0.0
NP_195296,38.0
NP_195297,0.0
NP_195298,0.0
NP_195299,0.0
NP_195300,0.0
NP_195302,0.0
NP_195303,162.0
NP_195305,0.0
NP_195306,0.0
NP_195307,0.0
NP_195308,44.0
NP_195309,0.0
NP_195311,0.0
NP_195312,0.0
NP_195313,0.0
NP_195315,0.0
NP_195317,0.0
NP_195318,0.0
NP_195319,0.0
NP_195320,0.0
NP_195321,0.0
NP_195324,0.0
NP_195325,0.0
NP_195326,0.0
NP_195327,0.0
NP_195328,0.0
NP_195329,0.0
NP_195330,0.0
NP_195331,0.0
NP_195332,0.0
NP_195334,0.0
NP_195335,0.0
NP_195336,0.0
NP_195337,792.0
NP_195338,2701.0
NP_195339,0.0
NP_195340,0.0
NP_195341,1536.0
NP_195344,0.0
NP_195345,0.0
NP_195346,0.0
NP_195347,0.0
NP_195348,0.0
NP_195349,0.0
NP_195350,0.0
NP_195351,0.0
NP_195353,0.0
NP_195355,0.0
NP_195357,40.0
NP_195360,0.0
NP_195361,0.0
NP_195362,0.0
NP_195363,1018.0
NP_195364,0.0
NP_195365,0.0
NP_195368,0.0
NP_195370,47.0
NP_195371,0.0
NP_195372,0.0
NP_195373,48.0
NP_195374,0.0
NP_195375,0.0
NP_195376,0.0
NP_195377,0.0
NP_195378,0.0
NP_195379,0.0
NP_195380,0.0
NP_195381,0.0
NP_195382,0.0
NP_195383,0.0
NP_195384,0.0
NP_195385,0.0
NP_195386,0.0
NP_195387,0.0
NP_195388,46.0
NP_195389,0.0
NP_195390,0.0
NP_195391,0.0
NP_195392,0.0
NP_195393,0.0
NP_195394,41.0
NP_195395,0.0
NP_195396,0.0
NP_195397,0.0
NP_195399,0.0
NP_195400,0.0
NP_195401,0.0
NP_195402,0.0
NP_195404,0.0
NP_195405,0.0
NP_195406,0.0
NP_195407,0.0
NP_195408,0.0
NP_195409,0.0
NP_195410,53.0
NP_195412,0.0
NP_195415,0.0
NP_195416,0.0
NP_195417,0.0
NP_195418,0.0
NP_195420,0.0
NP_195422,0.0
NP_195423,0.0
NP_195425,0.0
NP_195427,45.0
NP_195428,0.0
NP_195430,0.0
NP_195431,0.0
NP_195432,0.0
NP_195433,0.0
NP_195434,40.0
NP_195436,0.0
NP_195437,0.0
NP_195439,0.0
NP_195440,0.0
NP_195442,523.0
NP_195443,34.0
NP_195444,0.0
NP_195447,0.0
NP_195449,0.0
NP_195450,0.0
NP_195451,0.0
NP_195452,0.0
NP_195453,0.0
NP_195454,0.0
NP_195455,0.0
NP_195457,0.0
NP_195458,0.0
NP_195459,0.0
NP_195460,0.0
NP_195462,0.0
NP_195463,0.0
NP_195464,0.0
NP_195465,0.0
NP_195466,0.0
NP_195467,0.0
NP_195468,48.0
NP_195469,0.0
NP_195470,0.0
NP_195474,0.0
NP_195478,0.0
NP_195479,52.0
NP_195480,35.0
NP_195481,0.0
NP_195483,0.0
NP_195484,0.0
NP_195485,0.0
NP_195486,0.0
NP_195487,0.0
NP_195488,0.0
NP_195489,0.0
NP_195491,0.0
NP_195492,40.0
NP_195493,0.0
NP_195494,0.0
NP_195495,60.0
NP_195496,0.0
NP_195497,0.0
NP_195498,0.0
NP_195499,0.0
NP_195500,0.0
NP_195501,0.0
NP_195502,40.0
NP_195503,0.0
NP_195504,0.0
NP_195505,0.0
NP_195506,0.0
NP_195507,0.0
NP_195508,0.0
NP_195510,0.0
NP_195511,0.0
NP_195512,0.0
NP_195513,0.0
NP_195514,0.0
NP_195515,0.0
NP_195516,0.0
NP_195517,0.0
NP_195518,0.0
NP_195521,0.0
NP_195525,0.0
NP_195526,0.0
NP_195527,0.0
NP_195528,0.0
NP_195529,0.0
NP_195530,0.0
NP_195531,0.0
NP_195532,0.0
NP_195533,67.0
NP_195534,0.0
NP_195536,0.0
NP_195537,0.0
NP_195538,0.0
NP_195540,0.0
NP_195541,0.0
NP_195542,0.0
NP_195543,0.0
NP_195544,0.0
NP_195545,0.0
NP_195546,0.0
NP_195547,50.0
NP_195548,0.0
NP_195551,0.0
NP_195552,32.0
NP_195553,0.0
NP_195554,0.0
NP_195555,0.0
NP_195556,0.0
NP_195557,42.0
NP_195558,0.0
NP_195563,0.0
NP_195564,0.0
NP_195565,0.0
NP_195566,0.0
NP_195567,0.0
NP_195568,0.0
NP_195569,0.0
NP_195570,0.0
NP_195571,0.0
NP_195572,49.0
NP_195574,0.0
NP_195575,0.0
NP_195577,0.0
NP_195579,0.0
NP_195580,0.0
NP_195581,0.0
NP_195582,0.0
NP_195583,0.0
NP_195584,0.0
NP_195585,0.0
NP_195587,50.0
NP_195588,0.0
NP_195589,52.0
NP_195591,0.0
NP_195592,0.0
NP_195593,0.0
NP_195594,489.0
NP_195595,0.0
NP_195596,0.0
NP_195597,0.0
NP_195598,0.0
NP_195599,0.0
NP_195600,0.0
NP_195601,0.0
NP_195602,0.0
NP_195603,0.0
NP_195605,0.0
NP_195606,0.0
NP_195607,0.0
NP_195609,0.0
NP_195610,0.0
NP_195611,0.0
NP_195613,0.0
NP_195614,46.0
NP_195615,0.0
NP_195616,45.0
NP_195617,0.0
NP_195618,0.0
NP_195622,539.0
NP_195623,0.0
NP_195624,0.0
NP_195625,0.0
NP_195626,0.0
NP_195627,0.0
NP_195629,0.0
NP_195630,0.0
NP_195631,0.0
NP_195632,0.0
NP_195633,0.0
NP_195634,0.0
NP_195635,0.0
NP_195636,0.0
NP_195637,0.0
NP_195638,566.0
NP_195639,0.0
NP_195640,0.0
NP_195643,0.0
NP_195644,0.0
NP_195645,0.0
NP_195646,0.0
NP_195648,0.0
NP_195650,1035.0
NP_195651,299.0
NP_195652,48.0
NP_195658,0.0
NP_195660,0.0
NP_195661,0.0
NP_195662,0.0
NP_195663,0.0
NP_195664,0.0
NP_195665,0.0
NP_195666,0.0
NP_195667,0.0
NP_195668,0.0
NP_195670,0.0
NP_195671,0.0
NP_195672,0.0
NP_195674,0.0
NP_195675,0.0
NP_195677,0.0
NP_195678,0.0
NP_195680,0.0
NP_195682,0.0
NP_195683,0.0
NP_195686,0.0
NP_195687,0.0
NP_195688,0.0
NP_195689,0.0
NP_195690,0.0
NP_195691,0.0
NP_195692,0.0
NP_195693,47.0
NP_195694,0.0
NP_195696,0.0
NP_195697,0.0
NP_195698,0.0
NP_195699,0.0
NP_195702,0.0
NP_195703,0.0
NP_195704,0.0
NP_195705,0.0
NP_195708,47.0
NP_195709,0.0
NP_195710,0.0
NP_195711,233.0
NP_195712,49.0
NP_195713,0.0
NP_195716,0.0
NP_195718,0.0
NP_195720,0.0
NP_195721,0.0
NP_195722,986.0
NP_195723,0.0
NP_195724,0.0
NP_195725,0.0
NP_195726,154.0
NP_195729,46.0
NP_195730,0.0
NP_195731,44.0
NP_195732,0.0
NP_195733,0.0
NP_195734,0.0
NP_195735,0.0
NP_195736,0.0
NP_195737,0.0
NP_195738,0.0
NP_195739,0.0
NP_195740,0.0
NP_195741,0.0
NP_195744,0.0
NP_195745,0.0
NP_195747,0.0
NP_195748,0.0
NP_195749,0.0
NP_195750,0.0
NP_195751,0.0
NP_195752,0.0
NP_195753,0.0
NP_195754,0.0
NP_195757,0.0
NP_195758,0.0
NP_195759,0.0
NP_195760,0.0
NP_195761,0.0
NP_195762,0.0
NP_195763,0.0
NP_195764,0.0
NP_195765,0.0
NP_195766,0.0
NP_195768,0.0
NP_195770,0.0
NP_195771,0.0
NP_195772,0.0
NP_195773,0.0
NP_195774,482.0
NP_195775,430.0
NP_195776,494.0
NP_195778,0.0
NP_195780,0.0
NP_195781,0.0
NP_195783,52.0
NP_195784,0.0
NP_195785,0.0
NP_195786,0.0
NP_195787,0.0
NP_195788,43.0
NP_195790,0.0
NP_195791,0.0
NP_195793,0.0
NP_195794,0.0
NP_195796,53.0
NP_195797,53.0
NP_195798,0.0
NP_195799,0.0
NP_195800,0.0
NP_195801,0.0
NP_195802,0.0
NP_195803,51.0
NP_195804,0.0
NP_195805,197.0
NP_195806,0.0
NP_195807,0.0
NP_195808,0.0
NP_195809,1049.0
NP_195810,142.0
NP_195811,0.0
NP_195812,0.0
NP_195813,0.0
NP_195814,0.0
NP_195815,769.0
NP_195817,0.0
NP_195818,0.0
NP_195819,0.0
NP_195820,0.0
NP_195821,0.0
NP_195822,0.0
NP_195823,51.0
NP_195824,0.0
NP_195825,0.0
NP_195826,0.0
NP_195827,538.0
NP_195828,0.0
NP_195829,0.0
NP_195830,0.0
NP_195831,0.0
NP_195832,0.0
NP_195833,0.0
NP_195834,0.0
NP_195835,0.0
NP_195836,0.0
NP_195837,0.0
NP_195838,53.0
NP_195839,0.0
NP_195840,0.0
NP_195841,0.0
NP_195843,0.0
NP_195845,53.0
NP_195846,0.0
NP_195847,0.0
NP_195848,0.0
NP_195849,1266.0
NP_195851,52.0
NP_195853,0.0
NP_195854,0.0
NP_195855,0.0
NP_195856,0.0
NP_195857,0.0
NP_195858,0.0
NP_195859,0.0
NP_195860,0.0
NP_195861,0.0
NP_195862,0.0
NP_195863,43.0
NP_195864,39.0
NP_195865,0.0
NP_195866,0.0
NP_195867,0.0
NP_195869,0.0
NP_195870,0.0
NP_195871,0.0
NP_195873,0.0
NP_195875,0.0
NP_195876,0.0
NP_195877,0.0
NP_195881,0.0
NP_195882,0.0
NP_195883,0.0
NP_195884,0.0
NP_195885,0.0
NP_195886,45.0
NP_195887,0.0
NP_195889,0.0
NP_195890,40.0
NP_195891,0.0
NP_195893,323.0
NP_195895,0.0
NP_195896,0.0
NP_195897,0.0
NP_195898,0.0
NP_195899,0.0
NP_195900,779.0
NP_195902,54.0
NP_195903,0.0
NP_195905,47.0
NP_195906,0.0
NP_195907,0.0
NP_195908,43.0
NP_195909,0.0
NP_195910,0.0
NP_195911,0.0
NP_195913,47.0
NP_195914,0.0
NP_195915,0.0
NP_195916,0.0
NP_195917,0.0
NP_195918,0.0
NP_195920,0.0
NP_195921,0.0
NP_195922,0.0
NP_195923,0.0
NP_195925,0.0
NP_195926,0.0
NP_195927,0.0
NP_195928,0.0
NP_195929,0.0
NP_195930,47.0
NP_195931,0.0
NP_195932,0.0
NP_195933,0.0
NP_195934,643.0
NP_195935,0.0
NP_195936,0.0
NP_195937,0.0
NP_195939,0.0
NP_195940,0.0
NP_195941,0.0
NP_195942,0.0
NP_195943,0.0
NP_195945,0.0
NP_195946,0.0
NP_195948,0.0
NP_195950,0.0
NP_195951,0.0
NP_195952,754.0
NP_195953,0.0
NP_195955,0.0
NP_195957,0.0
NP_195958,0.0
NP_195959,0.0
NP_195960,0.0
NP_195962,0.0
NP_195965,0.0
NP_195967,0.0
NP_195968,0.0
NP_195969,0.0
NP_195970,0.0
NP_195971,0.0
NP_195972,0.0
NP_195974,0.0
NP_195977,0.0
NP_195978,0.0
NP_195979,0.0
NP_195981,0.0
NP_195984,85.0
NP_195985,0.0
NP_195987,0.0
NP_195988,0.0
NP_195990,0.0
NP_195991,0.0
NP_195992,0.0
NP_195993,209.0
NP_195994,0.0
NP_195995,0.0
NP_195996,46.0
NP_195997,0.0
NP_195998,0.0
NP_195999,0.0
NP_196000,41.0
NP_196001,0.0
NP_196002,0.0
NP_196003,0.0
NP_196004,0.0
NP_196005,0.0
NP_196006,0.0
NP_196007,0.0
NP_196009,0.0
NP_196011,47.0
NP_196012,0.0
NP_196013,0.0
NP_196014,0.0
NP_196016,0.0
NP_196018,0.0
NP_196020,0.0
NP_196021,0.0
NP_196023,0.0
NP_196024,0.0
NP_196025,0.0
NP_196026,53.0
NP_196027,0.0
NP_196028,0.0
NP_196029,0.0
NP_196031,0.0
NP_196032,0.0
NP_196035,0.0
NP_196036,0.0
NP_196037,0.0
NP_196038,0.0
NP_196039,0.0
NP_196040,237.0
NP_196041,0.0
NP_196043,2558.0
NP_196044,0.0
NP_196046,0.0
NP_196047,0.0
NP_196048,0.0
NP_196049,46.0
NP_196051,0.0
NP_196052,0.0
NP_196053,0.0
NP_196054,0.0
NP_196055,0.0
NP_196056,0.0
NP_196057,0.0
NP_196059,0.0
NP_196060,0.0
NP_196061,0.0
NP_196062,0.0
NP_196063,0.0
NP_196064,0.0
NP_196066,45.0
NP_196067,0.0
NP_196069,0.0
NP_196070,0.0
NP_196072,0.0
NP_196073,40.0
NP_196074,0.0
NP_196075,0.0
NP_196076,45.0
NP_196079,0.0
NP_196080,0.0
NP_196082,0.0
NP_196083,0.0
NP_196084,0.0
NP_196086,0.0
NP_196087,44.0
NP_196088,0.0
NP_196089,40.0
NP_196090,0.0
NP_196091,0.0
NP_196092,234.0
NP_196093,0.0
NP_196094,0.0
NP_196096,0.0
NP_196097,0.0
NP_196098,0.0
NP_196099,0.0
NP_196100,0.0
NP_196102,0.0
NP_196104,0.0
NP_196106,0.0
NP_196107,0.0
NP_196111,0.0
NP_196112,0.0
NP_196113,0.0
NP_196114,0.0
NP_196115,0.0
NP_196116,0.0
NP_196117,0.0
NP_196118,0.0
NP_196119,0.0
NP_196121,0.0
NP_196122,43.0
NP_196123,0.0
NP_196124,0.0
NP_196125,0.0
NP_196126,0.0
NP_196128,0.0
NP_196130,0.0
NP_196131,0.0
NP_196132,0.0
NP_196133,0.0
NP_196134,0.0
NP_196135,385.0
NP_196136,0.0
NP_196137,0.0
NP_196138,0.0
NP_196140,0.0
NP_196142,0.0
NP_196143,0.0
NP_196147,0.0
NP_196148,0.0
NP_196150,0.0
NP_196151,0.0
NP_196152,0.0
NP_196153,0.0
NP_196154,0.0
NP_196155,0.0
NP_196156,0.0
NP_196157,0.0
NP_196158,0.0
NP_196159,1818.0
NP_196160,0.0
NP_196161,0.0
NP_196162,0.0
NP_196163,0.0
NP_196164,0.0
NP_196165,0.0
NP_196166,0.0
NP_196168,0.0
NP_196170,0.0
NP_196172,0.0
NP_196173,0.0
NP_196176,0.0
NP_196177,0.0
NP_196178,0.0
NP_196179,0.0
NP_196180,0.0
NP_196181,0.0
NP_196182,0.0
NP_196183,0.0
NP_196184,0.0
NP_196185,0.0
NP_196186,0.0
NP_196187,37.0
NP_196188,0.0
NP_196189,0.0
NP_196190,0.0
NP_196191,0.0
NP_196192,0.0
NP_196193,0.0
NP_196194,0.0
NP_196195,0.0
NP_196196,0.0
NP_196197,0.0
NP_196198,0.0
NP_196199,0.0
NP_196200,0.0
NP_196201,0.0
NP_196202,0.0
NP_196203,0.0
NP_196204,240.0
NP_196205,53.0
NP_196206,0.0
NP_196207,0.0
NP_196208,0.0
NP_196209,0.0
NP_196210,0.0
NP_196211,0.0
NP_196213,39.0
NP_196214,0.0
NP_196216,48.0
NP_196217,0.0
NP_196218,0.0
NP_196219,0.0
NP_196220,0.0
NP_196221,0.0
NP_196222,0.0
NP_196223,0.0
NP_196224,40.0
NP_196225,0.0
NP_196226,0.0
NP_196227,0.0
NP_196228,0.0
NP_196229,39.0
NP_196230,0.0
NP_196231,0.0
NP_196232,0.0
NP_196233,0.0
NP_196234,0.0
NP_196235,0.0
NP_196238,0.0
NP_196239,0.0
NP_196240,44.0
NP_196242,0.0
NP_196243,0.0
NP_196244,0.0
NP_196245,0.0
NP_196246,0.0
NP_196248,0.0
NP_196249,0.0
NP_196250,0.0
NP_196251,0.0
NP_196252,0.0
NP_196253,0.0
NP_196254,0.0
NP_196256,0.0
NP_196257,0.0
NP_196258,0.0
NP_196259,0.0
NP_196260,0.0
NP_196261,0.0
NP_196262,0.0
NP_196263,0.0
NP_196265,0.0
NP_196266,0.0
NP_196267,0.0
NP_196268,0.0
NP_196269,0.0
NP_196270,0.0
NP_196272,0.0
NP_196273,0.0
NP_196274,0.0
NP_196275,32.0
NP_196277,0.0
NP_196279,0.0
NP_196280,0.0
NP_196281,0.0
NP_196282,0.0
NP_196283,0.0
NP_196284,0.0
NP_196285,52.0
NP_196286,47.0
NP_196289,0.0
NP_196290,0.0
NP_196291,0.0
NP_196292,438.0
NP_196294,0.0
NP_196295,0.0
NP_196296,0.0
NP_196297,0.0
NP_196298,0.0
NP_196299,0.0
NP_196300,447.0
NP_196301,0.0
NP_196304,301.0
NP_196305,282.0
NP_196306,0.0
NP_196307,0.0
NP_196308,0.0
NP_196309,0.0
NP_196310,84.0
NP_196311,868.0
NP_196312,0.0
NP_196313,0.0
NP_196314,54.0
NP_196316,0.0
NP_196317,0.0
NP_196320,0.0
NP_196321,0.0
NP_196322,0.0
NP_196323,0.0
NP_196324,210.0
NP_196325,0.0
NP_196327,722.0
NP_196328,0.0
NP_196329,0.0
NP_196330,0.0
NP_196331,0.0
NP_196333,0.0
NP_196335,1159.0
NP_196336,0.0
NP_196337,0.0
NP_196338,0.0
NP_196339,0.0
NP_196340,0.0
NP_196341,0.0
NP_196342,0.0
NP_196343,0.0
NP_196344,0.0
NP_196345,1187.0
NP_196346,0.0
NP_196348,0.0
NP_196349,0.0
NP_196350,0.0
NP_196351,0.0
NP_196352,0.0
NP_196353,49.0
NP_196354,0.0
NP_196355,0.0
NP_196356,0.0
NP_196357,0.0
NP_196359,0.0
NP_196360,0.0
NP_196361,0.0
NP_196362,0.0
NP_196363,0.0
NP_196364,0.0
NP_196366,0.0
NP_196367,0.0
NP_196368,0.0
NP_196369,0.0
NP_196370,0.0
NP_196371,0.0
NP_196372,55.0
NP_196373,0.0
NP_196374,36.0
NP_196375,0.0
NP_196376,0.0
NP_196377,0.0
NP_196378,0.0
NP_196379,0.0
NP_196380,0.0
NP_196381,0.0
NP_196382,0.0
NP_196383,46.0
NP_196384,0.0
NP_196386,0.0
NP_196387,0.0
NP_196388,0.0
NP_196389,0.0
NP_196391,61.0
NP_196393,0.0
NP_196394,78.0
NP_196395,0.0
NP_196396,0.0
NP_196397,0.0
NP_196399,0.0
NP_196400,0.0
NP_196402,0.0
NP_196403,0.0
NP_196404,0.0
NP_196405,0.0
NP_196406,59.0
NP_196408,0.0
NP_196409,39.0
NP_196410,0.0
NP_196411,0.0
NP_196413,0.0
NP_196414,43.0
NP_196415,54.0
NP_196416,0.0
NP_196417,0.0
NP_196418,40.0
NP_196419,0.0
NP_196420,0.0
NP_196421,0.0
NP_196422,0.0
NP_196423,0.0
NP_196424,0.0
NP_196426,0.0
NP_196427,0.0
NP_196428,0.0
NP_196429,0.0
NP_196432,0.0
NP_196433,0.0
NP_196434,0.0
NP_196435,0.0
NP_196437,0.0
NP_196440,66.0
NP_196441,0.0
NP_196442,37.0
NP_196443,0.0
NP_196444,0.0
NP_196445,0.0
NP_196446,0.0
NP_196447,0.0
NP_196448,0.0
NP_196449,0.0
NP_196450,0.0
NP_196452,0.0
NP_196453,0.0
NP_196455,0.0
NP_196457,0.0
NP_196459,0.0
NP_196460,0.0
NP_196462,0.0
NP_196463,0.0
NP_196464,37.0
NP_196466,0.0
NP_196467,0.0
NP_196468,0.0
NP_196469,0.0
NP_196470,0.0
NP_196472,0.0
NP_196473,0.0
NP_196474,0.0
NP_196476,223.0
NP_196477,0.0
NP_196478,0.0
NP_196479,0.0
NP_196480,44.0
NP_196481,0.0
NP_196482,0.0
NP_196484,0.0
NP_196486,0.0
NP_196487,0.0
NP_196488,0.0
NP_196490,0.0
NP_196491,0.0
NP_196493,0.0
NP_196494,0.0
NP_196495,0.0
NP_196496,0.0
NP_196497,0.0
NP_196498,0.0
NP_196503,0.0
NP_196504,37.0
NP_196505,0.0
NP_196506,0.0
NP_196508,0.0
NP_196509,0.0
NP_196510,0.0
NP_196511,0.0
NP_196512,0.0
NP_196513,0.0
NP_196514,0.0
NP_196515,0.0
NP_196516,0.0
NP_196517,0.0
NP_196519,0.0
NP_196520,0.0
NP_196521,0.0
NP_196522,0.0
NP_196523,0.0
NP_196524,0.0
NP_196525,0.0
NP_196527,0.0
NP_196528,0.0
NP_196529,0.0
NP_196530,0.0
NP_196531,0.0
NP_196532,0.0
NP_196534,0.0
NP_196535,0.0
NP_196536,0.0
NP_196537,0.0
NP_196538,0.0
NP_196540,0.0
NP_196542,0.0
NP_196543,0.0
NP_196544,0.0
NP_196546,46.0
NP_196549,38.0
NP_196552,0.0
NP_196553,0.0
NP_196554,0.0
NP_196555,0.0
NP_196556,0.0
NP_196557,0.0
NP_196559,0.0
NP_196562,0.0
NP_196563,0.0
NP_196564,676.0
NP_196565,0.0
NP_196566,0.0
NP_196567,0.0
NP_196568,0.0
NP_196570,0.0
NP_196571,0.0
NP_196572,43.0
NP_196573,46.0
NP_196574,0.0
NP_196575,0.0
NP_196576,42.0
NP_196577,0.0
NP_196578,0.0
NP_196579,0.0
NP_196580,0.0
NP_196581,0.0
NP_196582,0.0
NP_196583,0.0
NP_196584,0.0
NP_196585,0.0
NP_196586,0.0
NP_196587,0.0
NP_196588,0.0
NP_196589,463.0
NP_196590,0.0
NP_196591,1561.0
NP_196592,0.0
NP_196593,0.0
NP_196594,0.0
NP_196596,0.0
NP_196597,0.0
NP_196598,0.0
NP_196599,0.0
NP_196600,0.0
NP_196603,0.0
NP_196604,0.0
NP_196605,0.0
NP_196606,0.0
NP_196608,0.0
NP_196609,0.0
NP_196610,0.0
NP_196612,52.0
NP_196613,0.0
NP_196615,440.0
NP_196617,58.0
NP_196618,0.0
NP_196619,0.0
NP_196620,0.0
NP_196621,0.0
NP_196622,0.0
NP_196623,0.0
NP_196624,0.0
NP_196625,0.0
NP_196626,0.0
NP_196627,0.0
NP_196629,0.0
NP_196631,0.0
NP_196633,47.0
NP_196636,0.0
NP_196637,0.0
NP_196638,0.0
NP_196641,43.0
NP_196643,0.0
NP_196644,0.0
NP_196645,0.0
NP_196647,0.0
NP_196648,0.0
NP_196649,0.0
NP_196650,0.0
NP_196651,0.0
NP_196652,0.0
NP_196653,0.0
NP_196656,0.0
NP_196657,0.0
NP_196658,0.0
NP_196659,0.0
NP_196660,0.0
NP_196661,0.0
NP_196664,0.0
NP_196665,40.0
NP_196666,0.0
NP_196667,0.0
NP_196668,0.0
NP_196670,0.0
NP_196671,0.0
NP_196672,0.0
NP_196674,0.0
NP_196675,0.0
NP_196676,0.0
NP_196677,0.0
NP_196679,0.0
NP_196680,0.0
NP_196683,0.0
NP_196684,0.0
NP_196685,0.0
NP_196686,1857.0
NP_196688,0.0
NP_196690,0.0
NP_196692,0.0
NP_196693,0.0
NP_196694,0.0
NP_196695,0.0
NP_196696,46.0
NP_196697,0.0
NP_196698,0.0
NP_196699,0.0
NP_196700,0.0
NP_196701,324.0
NP_196702,547.0
NP_196703,0.0
NP_196704,0.0
NP_196705,0.0
NP_196706,0.0
NP_196707,0.0
NP_196709,0.0
NP_196710,47.0
NP_196711,0.0
NP_196713,0.0
NP_196714,46.0
NP_196715,0.0
NP_196716,0.0
NP_196717,41.0
NP_196718,0.0
NP_196720,0.0
NP_196721,0.0
NP_196722,0.0
NP_196723,41.0
NP_196724,0.0
NP_196725,0.0
NP_196726,0.0
NP_196727,0.0
NP_196728,0.0
NP_196729,0.0
NP_196730,0.0
NP_196731,43.0
NP_196732,0.0
NP_196733,0.0
NP_196734,0.0
NP_196735,0.0
NP_196736,0.0
NP_196737,0.0
NP_196738,0.0
NP_196739,0.0
NP_196741,42.0
NP_196742,0.0
NP_196743,0.0
NP_196744,0.0
NP_196745,0.0
NP_196746,291.0
NP_196747,0.0
NP_196748,0.0
NP_196750,0.0
NP_196751,0.0
NP_196754,0.0
NP_196756,0.0
NP_196757,0.0
NP_196758,0.0
NP_196760,0.0
NP_196761,414.0
NP_196762,0.0
NP_196763,0.0
NP_196764,0.0
NP_196765,0.0
NP_196766,0.0
NP_196767,0.0
NP_196768,0.0
NP_196769,0.0
NP_196770,94.0
NP_196771,0.0
NP_196772,0.0
NP_196773,0.0
NP_196775,0.0
NP_196776,0.0
NP_196779,0.0
NP_196780,0.0
NP_196783,0.0
NP_196784,0.0
NP_196786,0.0
NP_196787,0.0
NP_196789,0.0
NP_196791,0.0
NP_196792,0.0
NP_196793,0.0
NP_196794,0.0
NP_196795,0.0
NP_196796,0.0
NP_196797,0.0
NP_196798,386.0
NP_196799,0.0
NP_196800,0.0
NP_196801,0.0
NP_196802,0.0
NP_196803,0.0
NP_196804,41.0
NP_196805,0.0
NP_196806,0.0
NP_196807,47.0
NP_196810,0.0
NP_196811,0.0
NP_196812,256.0
NP_196814,0.0
NP_196815,0.0
NP_196816,0.0
NP_196817,0.0
NP_196818,0.0
NP_196819,0.0
NP_196820,763.0
NP_196821,0.0
NP_196822,0.0
NP_196824,0.0
NP_196825,0.0
NP_196827,0.0
NP_196828,0.0
NP_196829,49.0
NP_196830,0.0
NP_196831,0.0
NP_196832,0.0
NP_196833,0.0
NP_196834,36.0
NP_196835,0.0
NP_196836,0.0
NP_196837,0.0
NP_196838,0.0
NP_196839,0.0
NP_196840,0.0
NP_196841,0.0
NP_196842,38.0
NP_196843,35.0
NP_196844,0.0
NP_196845,0.0
NP_196846,0.0
NP_196848,0.0
NP_196849,0.0
NP_196850,0.0
NP_196851,0.0
NP_196852,0.0
NP_196853,0.0
NP_196854,0.0
NP_196855,0.0
NP_196856,0.0
NP_196857,44.0
NP_196859,0.0
NP_196860,39.0
NP_196861,0.0
NP_196862,0.0
NP_196863,44.0
NP_196864,0.0
NP_196865,0.0
NP_196866,0.0
NP_196867,0.0
NP_196868,0.0
NP_196870,0.0
NP_196871,0.0
NP_196872,50.0
NP_196873,0.0
NP_196874,0.0
NP_196875,0.0
NP_196876,0.0
NP_196877,0.0
NP_196878,0.0
NP_196880,0.0
NP_196881,0.0
NP_196882,0.0
NP_196883,0.0
NP_196884,0.0
NP_196885,0.0
NP_196886,0.0
NP_196887,0.0
NP_196888,0.0
NP_196889,0.0
NP_196890,0.0
NP_196891,0.0
NP_196893,0.0
NP_196894,0.0
NP_196895,0.0
NP_196896,0.0
NP_196897,2041.0
NP_196898,43.0
NP_196899,0.0
NP_196900,0.0
NP_196901,0.0
NP_196902,0.0
NP_196903,0.0
NP_196905,0.0
NP_196906,0.0
NP_196908,0.0
NP_196909,0.0
NP_196910,0.0
NP_196911,0.0
NP_196912,0.0
NP_196913,0.0
NP_196914,0.0
NP_196915,0.0
NP_196916,0.0
NP_196917,0.0
NP_196918,0.0
NP_196919,0.0
NP_196920,0.0
NP_196921,0.0
NP_196924,0.0
NP_196925,441.0
NP_196926,39.0
NP_196927,0.0
NP_196928,0.0
NP_196930,0.0
NP_196933,0.0
NP_196934,0.0
NP_196937,0.0
NP_196938,0.0
NP_196939,0.0
NP_196940,0.0
NP_196942,0.0
NP_196943,0.0
NP_196944,0.0
NP_196945,0.0
NP_196946,0.0
NP_196947,0.0
NP_196948,0.0
NP_196949,0.0
NP_196950,0.0
NP_196951,0.0
NP_196952,0.0
NP_196953,0.0
NP_196955,0.0
NP_196956,0.0
NP_196957,0.0
NP_196958,0.0
NP_196959,0.0
NP_196960,0.0
NP_196961,0.0
NP_196962,0.0
NP_196963,40.0
NP_196965,0.0
NP_196966,0.0
NP_196968,454.0
NP_196969,0.0
NP_196970,0.0
NP_196972,0.0
NP_196973,0.0
NP_196974,0.0
NP_196975,0.0
NP_196976,176.0
NP_196977,0.0
NP_196979,0.0
NP_196982,0.0
NP_196983,0.0
NP_196984,0.0
NP_196986,0.0
NP_196990,0.0
NP_196991,0.0
NP_196992,0.0
NP_196993,0.0
NP_196994,0.0
NP_196996,0.0
NP_196998,0.0
NP_196999,0.0
NP_197000,0.0
NP_197001,0.0
NP_197002,0.0
NP_197003,48.0
NP_197004,0.0
NP_197005,0.0
NP_197006,49.0
NP_197009,38.0
NP_197010,0.0
NP_197012,1058.0
NP_197013,0.0
NP_197014,0.0
NP_197015,0.0
NP_197016,0.0
NP_197017,278.0
NP_197018,0.0
NP_197020,0.0
NP_197021,51.0
NP_197022,0.0
NP_197023,0.0
NP_197024,0.0
NP_197025,0.0
NP_197027,0.0
NP_197028,0.0
NP_197030,0.0
NP_197031,0.0
NP_197032,48.0
NP_197033,0.0
NP_197034,0.0
NP_197035,0.0
NP_197036,0.0
NP_197038,0.0
NP_197039,0.0
NP_197040,0.0
NP_197042,0.0
NP_197043,0.0
NP_197045,0.0
NP_197046,0.0
NP_197047,0.0
NP_197048,0.0
NP_197051,0.0
NP_197052,0.0
NP_197053,0.0
NP_197054,0.0
NP_197055,0.0
NP_197056,0.0
NP_197058,48.0
NP_197059,0.0
NP_197060,0.0
NP_197061,0.0
NP_197062,0.0
NP_197064,0.0
NP_197065,0.0
NP_197066,0.0
NP_197067,0.0
NP_197069,0.0
NP_197070,0.0
NP_197071,0.0
NP_197072,53.0
NP_197073,0.0
NP_197074,0.0
NP_197075,0.0
NP_197078,0.0
NP_197080,0.0
NP_197081,0.0
NP_197082,0.0
NP_197083,0.0
NP_197085,0.0
NP_197086,0.0
NP_197087,0.0
NP_197088,0.0
NP_197089,0.0
NP_197090,0.0
NP_197091,0.0
NP_197092,0.0
NP_197093,0.0
NP_197094,0.0
NP_197096,45.0
NP_197097,0.0
NP_197098,0.0
NP_197099,0.0
NP_197100,0.0
NP_197101,35.0
NP_197102,0.0
NP_197104,1483.0
NP_197105,0.0
NP_197106,0.0
NP_197108,0.0
NP_197110,0.0
NP_197111,0.0
NP_197112,0.0
NP_197113,0.0
NP_197114,0.0
NP_197117,0.0
NP_197118,0.0
NP_197121,0.0
NP_197122,0.0
NP_197123,0.0
NP_197124,0.0
NP_197125,45.0
NP_197126,0.0
NP_197127,0.0
NP_197128,0.0
NP_197129,0.0
NP_197130,0.0
NP_197131,53.0
NP_197132,0.0
NP_197133,0.0
NP_197134,0.0
NP_197135,0.0
NP_197136,0.0
NP_197137,0.0
NP_197138,0.0
NP_197139,0.0
NP_197140,0.0
NP_197141,0.0
NP_197143,0.0
NP_197144,0.0
NP_197145,0.0
NP_197146,0.0
NP_197147,0.0
NP_197148,0.0
NP_197149,0.0
NP_197150,0.0
NP_197151,0.0
NP_197152,0.0
NP_197153,0.0
NP_197154,679.0
NP_197155,0.0
NP_197156,0.0
NP_197157,0.0
NP_197161,0.0
NP_197162,443.0
NP_197163,0.0
NP_197164,0.0
NP_197165,0.0
NP_197166,0.0
NP_197167,0.0
NP_197168,0.0
NP_197169,0.0
NP_197170,40.0
NP_197171,0.0
NP_197172,0.0
NP_197174,0.0
NP_197175,84.0
NP_197176,0.0
NP_197178,0.0
NP_197179,0.0
NP_197180,0.0
NP_197182,0.0
NP_197183,0.0
NP_197184,0.0
NP_197185,0.0
NP_197186,0.0
NP_197187,0.0
NP_197188,0.0
NP_197190,0.0
NP_197191,0.0
NP_197192,466.0
NP_197195,0.0
NP_197196,0.0
NP_197197,0.0
NP_197198,0.0
NP_197199,0.0
NP_197200,0.0
NP_197201,0.0
NP_197202,0.0
NP_197203,0.0
NP_197204,0.0
NP_197205,0.0
NP_197206,0.0
NP_197207,0.0
NP_197208,0.0
NP_197209,0.0
NP_197210,0.0
NP_197211,0.0
NP_197212,0.0
NP_197213,0.0
NP_197214,0.0
NP_197215,0.0
NP_197216,0.0
NP_197217,0.0
NP_197218,0.0
NP_197220,0.0
NP_197221,0.0
NP_197222,0.0
NP_197224,0.0
NP_197225,0.0
NP_197226,0.0
NP_197228,0.0
NP_197229,0.0
NP_197230,0.0
NP_197231,0.0
NP_197233,0.0
NP_197234,0.0
NP_197235,0.0
NP_197236,0.0
NP_197237,0.0
NP_197238,0.0
NP_197240,0.0
NP_197241,0.0
NP_197244,0.0
NP_197245,0.0
NP_197247,0.0
NP_197249,0.0
NP_197251,0.0
NP_197252,0.0
NP_197253,0.0
NP_197256,0.0
NP_197258,0.0
NP_197260,0.0
NP_197261,0.0
NP_197262,0.0
NP_197265,0.0
NP_197266,0.0
NP_197267,0.0
NP_197269,0.0
NP_197270,1483.0
NP_197271,0.0
NP_197272,0.0
NP_197274,0.0
NP_197275,41.0
NP_197276,46.0
NP_197277,0.0
NP_197279,0.0
NP_197280,0.0
NP_197281,0.0
NP_197282,0.0
NP_197283,0.0
NP_197284,0.0
NP_197285,0.0
NP_197286,0.0
NP_197287,39.0
NP_197288,0.0
NP_197290,2631.0
NP_197291,689.0
NP_197292,0.0
NP_197293,41.0
NP_197294,0.0
NP_197295,0.0
NP_197296,0.0
NP_197297,0.0
NP_197298,1654.0
NP_197299,0.0
NP_197300,0.0
NP_197301,0.0
NP_197302,0.0
NP_197303,0.0
NP_197304,0.0
NP_197305,44.0
NP_197306,0.0
NP_197307,0.0
NP_197310,0.0
NP_197311,0.0
NP_197312,0.0
NP_197314,0.0
NP_197315,0.0
NP_197316,0.0
NP_197317,0.0
NP_197318,0.0
NP_197319,0.0
NP_197320,0.0
NP_197321,0.0
NP_197322,0.0
NP_197323,485.0
NP_197325,0.0
NP_197326,0.0
NP_197327,0.0
NP_197328,0.0
NP_197329,0.0
NP_197330,0.0
NP_197331,0.0
NP_197333,0.0
NP_197334,0.0
NP_197335,0.0
NP_197336,1685.0
NP_197337,1646.0
NP_197339,0.0
NP_197340,0.0
NP_197342,51.0
NP_197343,0.0
NP_197344,0.0
NP_197345,0.0
NP_197346,0.0
NP_197347,0.0
NP_197348,0.0
NP_197349,0.0
NP_197350,0.0
NP_197351,456.0
NP_197352,0.0
NP_197353,0.0
NP_197355,0.0
NP_197356,0.0
NP_197357,0.0
NP_197358,0.0
NP_197360,0.0
NP_197361,0.0
NP_197362,738.0
NP_197365,0.0
NP_197366,0.0
NP_197367,0.0
NP_197368,0.0
NP_197369,0.0
NP_197370,0.0
NP_197371,172.0
NP_197372,0.0
NP_197373,0.0
NP_197374,0.0
NP_197375,0.0
NP_197376,0.0
NP_197377,0.0
NP_197378,60.0
NP_197379,0.0
NP_197380,0.0
NP_197381,0.0
NP_197382,0.0
NP_197383,0.0
NP_197384,0.0
NP_197386,0.0
NP_197387,0.0
NP_197388,0.0
NP_197389,0.0
NP_197390,0.0
NP_197391,0.0
NP_197392,468.0
NP_197393,0.0
NP_197394,0.0
NP_197396,0.0
NP_197397,0.0
NP_197398,33.0
NP_197399,0.0
NP_197400,44.0
NP_197401,0.0
NP_197402,884.0
NP_197403,55.0
NP_197404,0.0
NP_197405,0.0
NP_197406,0.0
NP_197407,0.0
NP_197408,0.0
NP_197409,0.0
NP_197410,0.0
NP_197411,0.0
NP_197412,0.0
NP_197413,0.0
NP_197414,0.0
NP_197415,0.0
NP_197417,0.0
NP_197418,0.0
NP_197420,0.0
NP_197421,0.0
NP_197422,0.0
NP_197423,0.0
NP_197424,0.0
NP_197425,0.0
NP_197426,0.0
NP_197427,0.0
NP_197429,0.0
NP_197430,0.0
NP_197431,0.0
NP_197432,37.0
NP_197433,0.0
NP_197434,0.0
NP_197435,59.0
NP_197436,0.0
NP_197437,0.0
NP_197440,45.0
NP_197441,47.0
NP_197442,0.0
NP_197443,0.0
NP_197445,0.0
NP_197446,0.0
NP_197447,0.0
NP_197448,0.0
NP_197449,0.0
NP_197450,0.0
NP_197451,0.0
NP_197453,41.0
NP_197455,0.0
NP_197456,0.0
NP_197457,0.0
NP_197458,0.0
NP_197459,0.0
NP_197460,0.0
NP_197462,41.0
NP_197466,0.0
NP_197467,0.0
NP_197468,0.0
NP_197469,53.0
NP_197471,0.0
NP_197472,0.0
NP_197473,0.0
NP_197474,0.0
NP_197475,0.0
NP_197476,0.0
NP_197477,0.0
NP_197478,0.0
NP_197479,0.0
NP_197480,0.0
NP_197482,0.0
NP_197483,0.0
NP_197484,0.0
NP_197487,0.0
NP_197488,0.0
NP_197490,0.0
NP_197491,0.0
NP_197492,0.0
NP_197494,0.0
NP_197497,0.0
NP_197498,0.0
NP_197500,0.0
NP_197501,0.0
NP_197502,0.0
NP_197503,0.0
NP_197505,372.0
NP_197506,0.0
NP_197507,0.0
NP_197509,0.0
NP_197510,0.0
NP_197511,0.0
NP_197512,0.0
NP_197514,0.0
NP_197515,0.0
NP_197516,0.0
NP_197517,0.0
NP_197518,0.0
NP_197519,0.0
NP_197520,0.0
NP_197523,0.0
NP_197524,0.0
NP_197525,0.0
NP_197526,0.0
NP_197527,0.0
NP_197528,0.0
NP_197529,0.0
NP_197530,0.0
NP_197531,0.0
NP_197532,63.0
NP_197533,588.0
NP_197534,585.0
NP_197535,0.0
NP_197536,0.0
NP_197537,0.0
NP_197538,0.0
NP_197539,579.0
NP_197540,0.0
NP_197542,0.0
NP_197543,0.0
NP_197544,0.0
NP_197545,0.0
NP_197546,0.0
NP_197547,0.0
NP_197548,5288.0
NP_197550,0.0
NP_197551,0.0
NP_197554,0.0
NP_197555,0.0
NP_197558,0.0
NP_197559,0.0
NP_197560,0.0
NP_197561,0.0
NP_197563,0.0
NP_197564,0.0
NP_197565,0.0
NP_197566,0.0
NP_197567,0.0
NP_197569,423.0
NP_197570,0.0
NP_197572,0.0
NP_197574,0.0
NP_197581,0.0
NP_197582,0.0
NP_197583,0.0
NP_197584,0.0
NP_197586,0.0
NP_197587,0.0
NP_197589,0.0
NP_197590,0.0
NP_197591,0.0
NP_197592,0.0
NP_197594,0.0
NP_197595,0.0
NP_197597,0.0
NP_197598,0.0
NP_197599,0.0
NP_197600,0.0
NP_197602,51.0
NP_197604,40.0
NP_197605,0.0
NP_197606,0.0
NP_197607,0.0
NP_197608,598.0
NP_197609,0.0
NP_197611,0.0
NP_197612,0.0
NP_197613,0.0
NP_197615,0.0
NP_197616,0.0
NP_197617,0.0
NP_197618,0.0
NP_197619,0.0
NP_197620,0.0
NP_197622,0.0
NP_197625,0.0
NP_197626,0.0
NP_197628,0.0
NP_197629,0.0
NP_197630,0.0
NP_197631,0.0
NP_197632,0.0
NP_197633,0.0
NP_197634,0.0
NP_197636,0.0
NP_197637,0.0
NP_197638,0.0
NP_197640,0.0
NP_197641,0.0
NP_197642,0.0
NP_197643,0.0
NP_197644,0.0
NP_197646,0.0
NP_197648,0.0
NP_197649,0.0
NP_197651,0.0
NP_197652,0.0
NP_197653,0.0
NP_197654,0.0
NP_197655,0.0
NP_197656,39.0
NP_197657,0.0
NP_197658,53.0
NP_197659,0.0
NP_197660,0.0
NP_197661,1689.0
NP_197665,51.0
NP_197666,0.0
NP_197667,42.0
NP_197668,48.0
NP_197669,0.0
NP_197670,0.0
NP_197671,0.0
NP_197672,0.0
NP_197675,0.0
NP_197676,0.0
NP_197677,0.0
NP_197678,0.0
NP_197679,0.0
NP_197680,0.0
NP_197681,0.0
NP_197682,0.0
NP_197683,0.0
NP_197684,0.0
NP_197685,0.0
NP_197686,44.0
NP_197687,0.0
NP_197688,0.0
NP_197689,0.0
NP_197690,0.0
NP_197691,0.0
NP_197692,0.0
NP_197693,0.0
NP_197694,0.0
NP_197695,0.0
NP_197696,0.0
NP_197697,0.0
NP_197699,42.0
NP_197700,0.0
NP_197701,0.0
NP_197702,65.0
NP_197703,0.0
NP_197704,0.0
NP_197706,46.0
NP_197707,0.0
NP_197708,0.0
NP_197709,0.0
NP_197710,43.0
NP_197711,0.0
NP_197712,0.0
NP_197713,0.0
NP_197714,44.0
NP_197715,33.0
NP_197716,0.0
NP_197718,38.0
NP_197719,0.0
NP_197720,0.0
NP_197722,0.0
NP_197723,0.0
NP_197725,60.0
NP_197726,0.0
NP_197727,0.0
NP_197728,0.0
NP_197729,0.0
NP_197730,0.0
NP_197731,581.0
NP_197734,0.0
NP_197735,0.0
NP_197738,0.0
NP_197740,0.0
NP_197742,0.0
NP_197743,0.0
NP_197744,0.0
NP_197745,0.0
NP_197746,0.0
NP_197747,0.0
NP_197748,0.0
NP_197749,0.0
NP_197750,0.0
NP_197751,0.0
NP_197752,0.0
NP_197754,0.0
NP_197755,0.0
NP_197756,0.0
NP_197757,0.0
NP_197758,0.0
NP_197759,0.0
NP_197760,0.0
NP_197761,0.0
NP_197763,0.0
NP_197764,0.0
NP_197768,0.0
NP_197769,0.0
NP_197770,0.0
NP_197771,0.0
NP_197772,0.0
NP_197773,0.0
NP_197774,0.0
NP_197775,0.0
NP_197776,0.0
NP_197777,41.0
NP_197778,0.0
NP_197779,0.0
NP_197780,0.0
NP_197781,51.0
NP_197782,0.0
NP_197783,0.0
NP_197784,0.0
NP_197785,0.0
NP_197786,0.0
NP_197787,0.0
NP_197788,0.0
NP_197789,467.0
NP_197790,0.0
NP_197791,0.0
NP_197792,0.0
NP_197793,0.0
NP_197794,0.0
NP_197795,0.0
NP_197797,0.0
NP_197798,447.0
NP_197800,0.0
NP_197801,0.0
NP_197802,0.0
NP_197803,0.0
NP_197804,0.0
NP_197805,0.0
NP_197806,0.0
NP_197807,0.0
NP_197808,0.0
NP_197809,0.0
NP_197810,0.0
NP_197811,0.0
NP_197812,0.0
NP_197814,0.0
NP_197815,0.0
NP_197816,43.0
NP_197818,0.0
NP_197819,0.0
NP_197820,0.0
NP_197821,0.0
NP_197822,0.0
NP_197823,50.0
NP_197825,0.0
NP_197826,0.0
NP_197827,0.0
NP_197829,0.0
NP_197830,0.0
NP_197831,0.0
NP_197832,0.0
NP_197833,0.0
NP_197834,0.0
NP_197836,0.0
NP_197838,0.0
NP_197839,0.0
NP_197840,0.0
NP_197841,0.0
NP_197842,0.0
NP_197843,0.0
NP_197847,0.0
NP_197848,0.0
NP_197849,0.0
NP_197850,0.0
NP_197851,0.0
NP_197852,0.0
NP_197853,0.0
NP_197854,0.0
NP_197855,0.0
NP_197856,0.0
NP_197857,38.0
NP_197859,50.0
NP_197866,0.0
NP_197868,0.0
NP_197870,0.0
NP_197871,0.0
NP_197872,0.0
NP_197874,0.0
NP_197875,0.0
NP_197876,0.0
NP_197877,0.0
NP_197878,0.0
NP_197879,51.0
NP_197880,0.0
NP_197881,0.0
NP_197882,0.0
NP_197883,0.0
NP_197884,0.0
NP_197885,0.0
NP_197886,42.0
NP_197887,0.0
NP_197889,0.0
NP_197890,0.0
NP_197891,0.0
NP_197894,0.0
NP_197895,0.0
NP_197896,0.0
NP_197897,0.0
NP_197898,0.0
NP_197900,0.0
NP_197901,0.0
NP_197902,0.0
NP_197904,0.0
NP_197905,0.0
NP_197906,0.0
NP_197907,0.0
NP_197908,0.0
NP_197910,0.0
NP_197911,38.0
NP_197912,0.0
NP_197913,0.0
NP_197914,0.0
NP_197915,0.0
NP_197916,0.0
NP_197917,45.0
NP_197918,0.0
NP_197919,0.0
NP_197920,0.0
NP_197921,0.0
NP_197924,0.0
NP_197926,451.0
NP_197927,0.0
NP_197928,0.0
NP_197931,0.0
NP_197932,0.0
NP_197933,0.0
NP_197934,0.0
NP_197935,0.0
NP_197936,0.0
NP_197937,321.0
NP_197938,0.0
NP_197940,0.0
NP_197941,0.0
NP_197942,0.0
NP_197943,0.0
NP_197944,0.0
NP_197945,0.0
NP_197947,0.0
NP_197949,0.0
NP_197951,0.0
NP_197952,0.0
NP_197953,0.0
NP_197954,0.0
NP_197955,0.0
NP_197956,0.0
NP_197957,0.0
NP_197958,0.0
NP_197959,0.0
NP_197960,0.0
NP_197962,0.0
NP_197963,878.0
NP_197964,0.0
NP_197965,1086.0
NP_197966,0.0
NP_197967,0.0
NP_197969,0.0
NP_197971,0.0
NP_197972,0.0
NP_197973,0.0
NP_197975,0.0
NP_197977,0.0
NP_197979,0.0
NP_197980,0.0
NP_197981,0.0
NP_197982,0.0
NP_197984,0.0
NP_197985,460.0
NP_197987,415.0
NP_197988,47.0
NP_197989,272.0
NP_197990,0.0
NP_197991,0.0
NP_197992,0.0
NP_197993,0.0
NP_197994,0.0
NP_197995,0.0
NP_197996,0.0
NP_197997,0.0
NP_197999,0.0
NP_198002,0.0
NP_198003,0.0
NP_198004,0.0
NP_198005,0.0
NP_198006,0.0
NP_198008,0.0
NP_198009,0.0
NP_198028,0.0
NP_198032,0.0
NP_198034,0.0
NP_198035,0.0
NP_198036,0.0
NP_198037,0.0
NP_198041,0.0
NP_198042,0.0
NP_198043,61.0
NP_198044,0.0
NP_198045,0.0
NP_198046,0.0
NP_198047,0.0
NP_198048,0.0
NP_198049,0.0
NP_198050,38.0
NP_198051,0.0
NP_198053,38.0
NP_198054,0.0
NP_198055,0.0
NP_198057,0.0
NP_198058,928.0
NP_198059,0.0
NP_198060,0.0
NP_198061,0.0
NP_198062,0.0
NP_198063,0.0
NP_198064,0.0
NP_198065,0.0
NP_198066,0.0
NP_198067,0.0
NP_198069,0.0
NP_198072,0.0
NP_198073,0.0
NP_198074,0.0
NP_198075,0.0
NP_198076,46.0
NP_198078,0.0
NP_198079,0.0
NP_198080,0.0
NP_198082,0.0
NP_198083,0.0
NP_198084,0.0
NP_198085,0.0
NP_198086,0.0
NP_198089,0.0
NP_198091,0.0
NP_198092,0.0
NP_198094,50.0
NP_198095,0.0
NP_198096,0.0
NP_198097,0.0
NP_198098,0.0
NP_198099,0.0
NP_198101,0.0
NP_198103,132.0
NP_198104,0.0
NP_198105,0.0
NP_198106,46.0
NP_198107,0.0
NP_198109,0.0
NP_198110,0.0
NP_198112,0.0
NP_198113,0.0
NP_198114,0.0
NP_198115,0.0
NP_198117,0.0
NP_198119,0.0
NP_198121,0.0
NP_198122,0.0
NP_198123,0.0
NP_198124,0.0
NP_198126,0.0
NP_198127,0.0
NP_198128,0.0
NP_198129,0.0
NP_198130,0.0
NP_198131,122.0
NP_198132,0.0
NP_198133,0.0
NP_198134,0.0
NP_198135,0.0
NP_198137,0.0
NP_198138,0.0
NP_198139,0.0
NP_198140,0.0
NP_198141,0.0
NP_198143,0.0
NP_198147,44.0
NP_198148,0.0
NP_198149,43.0
NP_198150,0.0
NP_198151,0.0
NP_198152,0.0
NP_198153,0.0
NP_198154,0.0
NP_198155,0.0
NP_198156,41.0
NP_198157,0.0
NP_198158,0.0
NP_198161,0.0
NP_198167,0.0
NP_198168,0.0
NP_198170,0.0
NP_198171,0.0
NP_198173,0.0
NP_198174,0.0
NP_198181,127.0
NP_198183,0.0
NP_198184,0.0
NP_198186,0.0
NP_198189,39.0
NP_198190,0.0
NP_198191,0.0
NP_198192,58.0
NP_198193,0.0
NP_198197,0.0
NP_198199,0.0
NP_198201,0.0
NP_198202,0.0
NP_198203,0.0
NP_198204,0.0
NP_198205,0.0
NP_198206,0.0
NP_198207,0.0
NP_198208,0.0
NP_198211,0.0
NP_198213,0.0
NP_198214,0.0
NP_198215,0.0
NP_198216,0.0
NP_198217,220.0
NP_198218,0.0
NP_198220,541.0
NP_198221,0.0
NP_198224,0.0
NP_198225,0.0
NP_198226,0.0
NP_198227,0.0
NP_198230,0.0
NP_198235,0.0
NP_198236,0.0
NP_198242,0.0
NP_198243,0.0
NP_198244,0.0
NP_198247,0.0
NP_198248,0.0
NP_198257,0.0
NP_198259,0.0
NP_198263,0.0
NP_198287,0.0
NP_198299,0.0
NP_198306,0.0
NP_198313,0.0
NP_198314,0.0
NP_198315,0.0
NP_198317,0.0
NP_198318,0.0
NP_198319,36.0
NP_198322,42.0
NP_198327,0.0
NP_198332,0.0
NP_198334,0.0
NP_198336,0.0
NP_198343,0.0
NP_198344,0.0
NP_198359,0.0
NP_198360,0.0
NP_198362,0.0
NP_198366,46.0
NP_198367,0.0
NP_198369,0.0
NP_198370,0.0
NP_198371,0.0
NP_198372,0.0
NP_198373,0.0
NP_198380,0.0
NP_198382,0.0
NP_198383,0.0
NP_198386,0.0
NP_198387,319.0
NP_198388,409.0
NP_198389,368.0
NP_198390,0.0
NP_198391,0.0
NP_198393,0.0
NP_198395,463.0
NP_198396,0.0
NP_198398,0.0
NP_198401,0.0
NP_198402,0.0
NP_198403,0.0
NP_198404,0.0
NP_198405,0.0
NP_198408,877.0
NP_198409,0.0
NP_198410,0.0
NP_198411,0.0
NP_198412,0.0
NP_198413,0.0
NP_198414,0.0
NP_198418,0.0
NP_198419,0.0
NP_198420,0.0
NP_198423,0.0
NP_198425,0.0
NP_198426,0.0
NP_198428,0.0
NP_198430,0.0
NP_198432,0.0
NP_198433,0.0
NP_198436,0.0
NP_198438,0.0
NP_198439,0.0
NP_198440,0.0
NP_198441,0.0
NP_198442,0.0
NP_198444,0.0
NP_198445,549.0
NP_198446,39.0
NP_198447,0.0
NP_198449,0.0
NP_198457,0.0
NP_198459,0.0
NP_198460,0.0
NP_198461,0.0
NP_198462,0.0
NP_198463,0.0
NP_198464,0.0
NP_198465,0.0
NP_198466,0.0
NP_198467,0.0
NP_198468,0.0
NP_198469,0.0
NP_198470,0.0
NP_198473,0.0
NP_198474,0.0
NP_198475,0.0
NP_198477,0.0
NP_198483,0.0
NP_198484,0.0
NP_198485,0.0
NP_198486,0.0
NP_198487,0.0
NP_198493,0.0
NP_198495,0.0
NP_198496,0.0
NP_198497,0.0
NP_198503,42.0
NP_198504,0.0
NP_198505,0.0
NP_198506,0.0
NP_198507,0.0
NP_198508,0.0
NP_198509,1329.0
NP_198510,0.0
NP_198512,0.0
NP_198513,0.0
NP_198514,0.0
NP_198517,0.0
NP_198518,0.0
NP_198519,0.0
NP_198520,0.0
NP_198522,0.0
NP_198523,0.0
NP_198529,0.0
NP_198530,0.0
NP_198531,0.0
NP_198532,0.0
NP_198533,0.0
NP_198534,0.0
NP_198536,0.0
NP_198537,0.0
NP_198538,0.0
NP_198539,0.0
NP_198540,0.0
NP_198541,0.0
NP_198542,0.0
NP_198543,0.0
NP_198544,0.0
NP_198545,0.0
NP_198547,0.0
NP_198548,0.0
NP_198550,0.0
NP_198552,0.0
NP_198553,0.0
NP_198554,0.0
NP_198556,0.0
NP_198557,0.0
NP_198558,52.0
NP_198559,0.0
NP_198560,0.0
NP_198561,731.0
NP_198562,59.0
NP_198563,0.0
NP_198565,0.0
NP_198566,43.0
NP_198568,0.0
NP_198569,0.0
NP_198571,0.0
NP_198572,0.0
NP_198573,0.0
NP_198576,0.0
NP_198577,0.0
NP_198578,0.0
NP_198579,56.0
NP_198581,0.0
NP_198582,0.0
NP_198583,0.0
NP_198585,0.0
NP_198588,0.0
NP_198589,0.0
NP_198590,0.0
NP_198591,0.0
NP_198592,0.0
NP_198593,0.0
NP_198594,0.0
NP_198595,383.0
NP_198596,0.0
NP_198597,0.0
NP_198598,0.0
NP_198599,53.0
NP_198600,0.0
NP_198601,0.0
NP_198602,0.0
NP_198603,0.0
NP_198605,0.0
NP_198606,0.0
NP_198607,0.0
NP_198608,0.0
NP_198609,0.0
NP_198610,0.0
NP_198611,0.0
NP_198612,0.0
NP_198613,0.0
NP_198614,0.0
NP_198615,0.0
NP_198616,0.0
NP_198617,0.0
NP_198618,0.0
NP_198619,0.0
NP_198620,0.0
NP_198621,0.0
NP_198622,0.0
NP_198623,0.0
NP_198624,0.0
NP_198625,0.0
NP_198626,0.0
NP_198627,0.0
NP_198628,0.0
NP_198629,0.0
NP_198630,0.0
NP_198632,0.0
NP_198633,0.0
NP_198634,0.0
NP_198635,0.0
NP_198637,477.0
NP_198638,0.0
NP_198642,393.0
NP_198643,0.0
NP_198644,325.0
NP_198645,0.0
NP_198646,0.0
NP_198647,0.0
NP_198648,0.0
NP_198649,0.0
NP_198650,1616.0
NP_198651,1161.0
NP_198654,0.0
NP_198655,0.0
NP_198656,0.0
NP_198657,0.0
NP_198658,0.0
NP_198659,0.0
NP_198660,0.0
NP_198661,0.0
NP_198662,0.0
NP_198663,0.0
NP_198665,38.0
NP_198666,0.0
NP_198667,0.0
NP_198668,0.0
NP_198669,0.0
NP_198671,0.0
NP_198672,645.0
NP_198673,0.0
NP_198674,0.0
NP_198675,64.0
NP_198677,0.0
NP_198678,0.0
NP_198679,0.0
NP_198680,42.0
NP_198681,0.0
NP_198682,0.0
NP_198683,0.0
NP_198684,0.0
NP_198685,41.0
NP_198686,0.0
NP_198687,50.0
NP_198688,48.0
NP_198689,0.0
NP_198690,0.0
NP_198691,0.0
NP_198692,0.0
NP_198693,0.0
NP_198694,0.0
NP_198695,0.0
NP_198696,0.0
NP_198697,0.0
NP_198698,0.0
NP_198699,0.0
NP_198700,0.0
NP_198701,1477.0
NP_198702,0.0
NP_198704,0.0
NP_198706,0.0
NP_198707,0.0
NP_198708,0.0
NP_198709,0.0
NP_198710,0.0
NP_198711,0.0
NP_198712,0.0
NP_198713,0.0
NP_198714,0.0
NP_198715,360.0
NP_198716,535.0
NP_198717,0.0
NP_198718,377.0
NP_198719,387.0
NP_198720,0.0
NP_198724,0.0
NP_198725,0.0
NP_198727,0.0
NP_198728,0.0
NP_198729,0.0
NP_198730,0.0
NP_198731,0.0
NP_198732,0.0
NP_198733,0.0
NP_198734,0.0
NP_198735,0.0
NP_198736,0.0
NP_198738,43.0
NP_198739,0.0
NP_198740,0.0
NP_198741,0.0
NP_198742,0.0
NP_198743,0.0
NP_198744,0.0
NP_198745,0.0
NP_198746,0.0
NP_198747,0.0
NP_198748,0.0
NP_198749,0.0
NP_198750,0.0
NP_198751,0.0
NP_198752,0.0
NP_198753,0.0
NP_198755,1591.0
NP_198756,0.0
NP_198758,184.0
NP_198759,54.0
NP_198760,182.0
NP_198761,0.0
NP_198762,0.0
NP_198763,0.0
NP_198764,0.0
NP_198765,0.0
NP_198766,47.0
NP_198767,0.0
NP_198768,0.0
NP_198769,0.0
NP_198770,0.0
NP_198771,0.0
NP_198772,0.0
NP_198774,0.0
NP_198775,0.0
NP_198777,0.0
NP_198779,0.0
NP_198780,0.0
NP_198781,0.0
NP_198784,58.0
NP_198785,0.0
NP_198787,0.0
NP_198788,0.0
NP_198789,0.0
NP_198790,0.0
NP_198791,0.0
NP_198793,0.0
NP_198797,0.0
NP_198798,0.0
NP_198800,0.0
NP_198801,0.0
NP_198802,0.0
NP_198803,0.0
NP_198804,0.0
NP_198805,0.0
NP_198806,0.0
NP_198807,0.0
NP_198808,0.0
NP_198809,0.0
NP_198810,0.0
NP_198811,0.0
NP_198812,0.0
NP_198813,0.0
NP_198814,0.0
NP_198815,0.0
NP_198816,0.0
NP_198817,0.0
NP_198818,0.0
NP_198819,0.0
NP_198820,0.0
NP_198821,0.0
NP_198822,1407.0
NP_198823,0.0
NP_198824,0.0
NP_198825,379.0
NP_198826,1114.0
NP_198828,0.0
NP_198830,0.0
NP_198831,0.0
NP_198832,0.0
NP_198833,569.0
NP_198834,0.0
NP_198835,0.0
NP_198838,0.0
NP_198839,0.0
NP_198840,0.0
NP_198841,0.0
NP_198844,0.0
NP_198845,0.0
NP_198846,0.0
NP_198847,0.0
NP_198848,0.0
NP_198849,0.0
NP_198850,0.0
NP_198851,0.0
NP_198853,0.0
NP_198854,389.0
NP_198855,0.0
NP_198856,0.0
NP_198857,0.0
NP_198858,0.0
NP_198860,0.0
NP_198861,54.0
NP_198862,0.0
NP_198863,70.0
NP_198864,69.0
NP_198865,0.0
NP_198866,0.0
NP_198867,0.0
NP_198868,47.0
NP_198869,0.0
NP_198870,179.0
NP_198871,0.0
NP_198873,0.0
NP_198874,0.0
NP_198875,0.0
NP_198876,0.0
NP_198877,0.0
NP_198878,0.0
NP_198879,0.0
NP_198880,0.0
NP_198881,0.0
NP_198882,0.0
NP_198883,0.0
NP_198884,0.0
NP_198885,0.0
NP_198886,0.0
NP_198887,0.0
NP_198888,0.0
NP_198889,0.0
NP_198891,0.0
NP_198892,0.0
NP_198893,0.0
NP_198895,0.0
NP_198896,0.0
NP_198897,0.0
NP_198898,41.0
NP_198899,0.0
NP_198901,0.0
NP_198902,0.0
NP_198903,0.0
NP_198904,0.0
NP_198905,0.0
NP_198906,34.0
NP_198907,1564.0
NP_198909,0.0
NP_198910,53.0
NP_198911,0.0
NP_198912,0.0
NP_198914,0.0
NP_198915,0.0
NP_198916,0.0
NP_198917,0.0
NP_198918,0.0
NP_198919,0.0
NP_198922,0.0
NP_198923,42.0
NP_198924,0.0
NP_198925,0.0
NP_198926,0.0
NP_198927,0.0
NP_198928,0.0
NP_198929,0.0
NP_198930,0.0
NP_198931,45.0
NP_198933,0.0
NP_198934,463.0
NP_198935,0.0
NP_198936,0.0
NP_198937,0.0
NP_198938,0.0
NP_198940,0.0
NP_198941,0.0
NP_198942,0.0
NP_198943,0.0
NP_198944,0.0
NP_198945,0.0
NP_198946,0.0
NP_198947,0.0
NP_198948,0.0
NP_198949,0.0
NP_198954,0.0
NP_198955,0.0
NP_198956,0.0
NP_198957,41.0
NP_198958,0.0
NP_198959,0.0
NP_198960,0.0
NP_198961,0.0
NP_198962,0.0
NP_198963,35.0
NP_198964,0.0
NP_198965,0.0
NP_198966,0.0
NP_198967,0.0
NP_198968,0.0
NP_198969,1508.0
NP_198970,1621.0
NP_198971,0.0
NP_198972,254.0
NP_198973,0.0
NP_198974,0.0
NP_198975,0.0
NP_198976,0.0
NP_198977,0.0
NP_198978,0.0
NP_198979,0.0
NP_198980,0.0
NP_198981,0.0
NP_198982,0.0
NP_198983,276.0
NP_198987,0.0
NP_198988,0.0
NP_198989,1443.0
NP_198990,1646.0
NP_198992,0.0
NP_198993,0.0
NP_198994,55.0
NP_198997,0.0
NP_198998,0.0
NP_198999,0.0
NP_199000,0.0
NP_199001,0.0
NP_199002,0.0
NP_199003,0.0
NP_199004,0.0
NP_199005,0.0
NP_199006,0.0
NP_199007,0.0
NP_199009,0.0
NP_199010,41.0
NP_199011,0.0
NP_199012,0.0
NP_199013,0.0
NP_199015,0.0
NP_199017,0.0
NP_199018,0.0
NP_199019,0.0
NP_199021,0.0
NP_199024,0.0
NP_199025,0.0
NP_199026,0.0
NP_199027,511.0
NP_199028,0.0
NP_199030,0.0
NP_199032,0.0
NP_199033,0.0
NP_199035,0.0
NP_199037,0.0
NP_199038,0.0
NP_199039,0.0
NP_199040,0.0
NP_199041,0.0
NP_199043,0.0
NP_199044,0.0
NP_199045,0.0
NP_199046,0.0
NP_199047,0.0
NP_199048,0.0
NP_199049,0.0
NP_199050,0.0
NP_199051,0.0
NP_199052,0.0
NP_199053,0.0
NP_199054,57.0
NP_199056,0.0
NP_199057,0.0
NP_199058,0.0
NP_199059,407.0
NP_199060,0.0
NP_199061,0.0
NP_199062,0.0
NP_199063,0.0
NP_199064,0.0
NP_199065,0.0
NP_199066,0.0
NP_199068,0.0
NP_199069,41.0
NP_199072,0.0
NP_199073,0.0
NP_199074,0.0
NP_199075,0.0
NP_199077,0.0
NP_199078,0.0
NP_199079,0.0
NP_199082,0.0
NP_199083,0.0
NP_199085,0.0
NP_199086,529.0
NP_199088,0.0
NP_199091,0.0
NP_199092,0.0
NP_199093,0.0
NP_199094,0.0
NP_199096,0.0
NP_199097,0.0
NP_199098,0.0
NP_199100,0.0
NP_199101,0.0
NP_199102,71.0
NP_199103,0.0
NP_199105,0.0
NP_199107,0.0
NP_199108,0.0
NP_199109,0.0
NP_199111,0.0
NP_199112,0.0
NP_199114,0.0
NP_199115,0.0
NP_199116,314.0
NP_199117,0.0
NP_199118,0.0
NP_199119,0.0
NP_199121,0.0
NP_199122,0.0
NP_199123,0.0
NP_199124,46.0
NP_199125,0.0
NP_199126,0.0
NP_199127,0.0
NP_199129,0.0
NP_199130,0.0
NP_199131,0.0
NP_199132,0.0
NP_199134,0.0
NP_199135,0.0
NP_199137,0.0
NP_199138,0.0
NP_199139,0.0
NP_199141,0.0
NP_199142,0.0
NP_199143,201.0
NP_199144,0.0
NP_199146,89.0
NP_199147,47.0
NP_199148,0.0
NP_199149,0.0
NP_199150,0.0
NP_199151,0.0
NP_199152,0.0
NP_199153,0.0
NP_199154,0.0
NP_199155,0.0
NP_199156,0.0
NP_199157,0.0
NP_199158,0.0
NP_199159,0.0
NP_199160,721.0
NP_199161,0.0
NP_199162,0.0
NP_199163,0.0
NP_199165,0.0
NP_199166,0.0
NP_199167,0.0
NP_199168,0.0
NP_199169,0.0
NP_199170,0.0
NP_199171,0.0
NP_199172,0.0
NP_199173,0.0
NP_199174,0.0
NP_199175,0.0
NP_199176,40.0
NP_199177,0.0
NP_199178,0.0
NP_199179,0.0
NP_199181,0.0
NP_199182,42.0
NP_199183,0.0
NP_199184,0.0
NP_199186,1759.0
NP_199187,1735.0
NP_199189,0.0
NP_199190,0.0
NP_199191,0.0
NP_199192,0.0
NP_199194,0.0
NP_199195,0.0
NP_199196,0.0
NP_199197,0.0
NP_199199,0.0
NP_199200,0.0
NP_199201,0.0
NP_199202,0.0
NP_199203,0.0
NP_199204,0.0
NP_199205,0.0
NP_199206,48.0
NP_199207,0.0
NP_199208,0.0
NP_199209,0.0
NP_199210,0.0
NP_199211,0.0
NP_199214,0.0
NP_199215,0.0
NP_199216,0.0
NP_199217,0.0
NP_199218,0.0
NP_199219,0.0
NP_199220,0.0
NP_199221,0.0
NP_199222,0.0
NP_199223,0.0
NP_199224,0.0
NP_199225,0.0
NP_199226,0.0
NP_199227,0.0
NP_199228,0.0
NP_199229,0.0
NP_199230,0.0
NP_199231,45.0
NP_199232,0.0
NP_199233,0.0
NP_199234,0.0
NP_199235,0.0
NP_199236,0.0
NP_199238,0.0
NP_199239,0.0
NP_199240,0.0
NP_199241,0.0
NP_199242,0.0
NP_199243,0.0
NP_199244,0.0
NP_199245,0.0
NP_199246,0.0
NP_199247,0.0
NP_199248,0.0
NP_199249,0.0
NP_199250,0.0
NP_199251,0.0
NP_199252,0.0
NP_199253,0.0
NP_199254,0.0
NP_199255,0.0
NP_199256,0.0
NP_199257,0.0
NP_199258,0.0
NP_199259,0.0
NP_199260,0.0
NP_199261,0.0
NP_199263,0.0
NP_199264,1809.0
NP_199265,0.0
NP_199267,0.0
NP_199268,0.0
NP_199269,0.0
NP_199270,0.0
NP_199272,0.0
NP_199273,0.0
NP_199275,43.0
NP_199276,0.0
NP_199277,0.0
NP_199279,59.0
NP_199280,0.0
NP_199281,0.0
NP_199282,45.0
NP_199283,1617.0
NP_199284,0.0
NP_199285,0.0
NP_199286,0.0
NP_199288,0.0
NP_199289,0.0
NP_199290,50.0
NP_199291,0.0
NP_199292,54.0
NP_199293,59.0
NP_199295,0.0
NP_199296,0.0
NP_199298,0.0
NP_199299,0.0
NP_199300,2079.0
NP_199303,399.0
NP_199304,203.0
NP_199305,263.0
NP_199306,0.0
NP_199307,0.0
NP_199308,0.0
NP_199309,0.0
NP_199310,0.0
NP_199311,43.0
NP_199312,0.0
NP_199313,400.0
NP_199314,0.0
NP_199315,0.0
NP_199316,0.0
NP_199318,802.0
NP_199319,3866.0
NP_199320,390.0
NP_199321,372.0
NP_199322,152.0
NP_199323,0.0
NP_199324,942.0
NP_199325,0.0
NP_199326,0.0
NP_199327,0.0
NP_199328,0.0
NP_199329,0.0
NP_199330,0.0
NP_199331,0.0
NP_199332,0.0
NP_199333,2358.0
NP_199334,698.0
NP_199335,470.0
NP_199336,2252.0
NP_199337,382.0
NP_199338,6374.0
NP_199339,763.0
NP_199341,0.0
NP_199342,38.0
NP_199343,0.0
NP_199345,0.0
NP_199346,0.0
NP_199347,0.0
NP_199350,0.0
NP_199351,0.0
NP_199353,41.0
NP_199354,0.0
NP_199357,87.0
NP_199358,0.0
NP_199359,0.0
NP_199360,41.0
NP_199361,0.0
NP_199362,114.0
NP_199363,94.0
NP_199364,95.0
NP_199365,97.0
NP_199366,0.0
NP_199367,45.0
NP_199368,0.0
NP_199369,0.0
NP_199370,0.0
NP_199371,0.0
NP_199373,0.0
NP_199374,0.0
NP_199375,0.0
NP_199376,0.0
NP_199377,0.0
NP_199378,0.0
NP_199379,0.0
NP_199380,0.0
NP_199381,0.0
NP_199382,0.0
NP_199383,0.0
NP_199384,0.0
NP_199385,0.0
NP_199386,0.0
NP_199387,0.0
NP_199389,233.0
NP_199390,1306.0
NP_199391,0.0
NP_199392,385.0
NP_199393,228.0
NP_199394,225.0
NP_199395,0.0
NP_199397,0.0
NP_199398,0.0
NP_199399,0.0
NP_199403,0.0
NP_199404,0.0
NP_199405,0.0
NP_199406,0.0
NP_199407,0.0
NP_199408,0.0
NP_199409,0.0
NP_199410,0.0
NP_199411,41.0
NP_199412,0.0
NP_199416,0.0
NP_199417,0.0
NP_199418,0.0
NP_199419,41.0
NP_199420,229.0
NP_199421,0.0
NP_199422,0.0
NP_199425,0.0
NP_199426,0.0
NP_199428,0.0
NP_199429,0.0
NP_199430,0.0
NP_199431,43.0
NP_199432,0.0
NP_199434,0.0
NP_199436,0.0
NP_199438,1819.0
NP_199439,1846.0
NP_199440,0.0
NP_199441,0.0
NP_199442,38.0
NP_199443,0.0
NP_199444,0.0
NP_199445,5954.0
NP_199447,276.0
NP_199448,0.0
NP_199449,0.0
NP_199450,0.0
NP_199451,0.0
NP_199452,0.0
NP_199453,0.0
NP_199455,0.0
NP_199456,0.0
NP_199457,1995.0
NP_199458,44.0
NP_199459,1885.0
NP_199463,1816.0
NP_199464,1794.0
NP_199465,0.0
NP_199466,50.0
NP_199467,0.0
NP_199468,0.0
NP_199469,0.0
NP_199470,0.0
NP_199471,0.0
NP_199472,0.0
NP_199473,0.0
NP_199474,0.0
NP_199475,0.0
NP_199476,0.0
NP_199477,0.0
NP_199478,0.0
NP_199479,0.0
NP_199482,0.0
NP_199483,0.0
NP_199484,0.0
NP_199485,0.0
NP_199487,0.0
NP_199488,0.0
NP_199490,0.0
NP_199491,0.0
NP_199493,0.0
NP_199494,0.0
NP_199495,0.0
NP_199496,0.0
NP_199497,0.0
NP_199498,0.0
NP_199499,0.0
NP_199500,0.0
NP_199501,0.0
NP_199502,47.0
NP_199503,0.0
NP_199504,0.0
NP_199505,0.0
NP_199508,0.0
NP_199509,0.0
NP_199510,0.0
NP_199512,0.0
NP_199513,48.0
NP_199514,0.0
NP_199516,0.0
NP_199517,0.0
NP_199518,747.0
NP_199519,0.0
NP_199521,0.0
NP_199522,0.0
NP_199523,1260.0
NP_199524,520.0
NP_199525,0.0
NP_199526,0.0
NP_199527,0.0
NP_199528,0.0
NP_199529,0.0
NP_199532,0.0
NP_199533,0.0
NP_199536,1473.0
NP_199537,1637.0
NP_199539,204.0
NP_199540,0.0
NP_199541,0.0
NP_199542,0.0
NP_199544,0.0
NP_199545,0.0
NP_199546,0.0
NP_199547,0.0
NP_199548,0.0
NP_199549,0.0
NP_199550,0.0
NP_199551,0.0
NP_199553,0.0
NP_199554,39.0
NP_199555,41.0
NP_199556,0.0
NP_199557,0.0
NP_199558,0.0
NP_199559,0.0
NP_199560,0.0
NP_199561,0.0
NP_199562,0.0
NP_199563,0.0
NP_199564,0.0
NP_199565,0.0
NP_199566,0.0
NP_199567,0.0
NP_199569,0.0
NP_199570,0.0
NP_199571,0.0
NP_199572,0.0
NP_199574,0.0
NP_199575,0.0
NP_199577,0.0
NP_199578,0.0
NP_199579,0.0
NP_199580,56.0
NP_199581,0.0
NP_199582,0.0
NP_199583,49.0
NP_199584,0.0
NP_199585,0.0
NP_199586,0.0
NP_199587,0.0
NP_199588,0.0
NP_199590,0.0
NP_199591,0.0
NP_199592,0.0
NP_199593,0.0
NP_199594,0.0
NP_199595,0.0
NP_199596,515.0
NP_199597,0.0
NP_199598,0.0
NP_199599,0.0
NP_199600,0.0
NP_199601,0.0
NP_199602,0.0
NP_199603,0.0
NP_199604,0.0
NP_199605,0.0
NP_199606,0.0
NP_199607,0.0
NP_199608,0.0
NP_199609,46.0
NP_199610,0.0
NP_199611,0.0
NP_199612,0.0
NP_199615,0.0
NP_199616,0.0
NP_199617,0.0
NP_199618,0.0
NP_199620,0.0
NP_199621,0.0
NP_199623,52.0
NP_199624,0.0
NP_199625,0.0
NP_199626,0.0
NP_199627,0.0
NP_199628,0.0
NP_199630,0.0
NP_199631,0.0
NP_199633,0.0
NP_199635,0.0
NP_199636,0.0
NP_199638,0.0
NP_199639,0.0
NP_199641,0.0
NP_199642,52.0
NP_199643,44.0
NP_199644,0.0
NP_199645,0.0
NP_199646,0.0
NP_199647,0.0
NP_199648,0.0
NP_199650,0.0
NP_199651,41.0
NP_199652,45.0
NP_199653,0.0
NP_199654,0.0
NP_199655,0.0
NP_199656,0.0
NP_199657,0.0
NP_199660,0.0
NP_199662,0.0
NP_199663,0.0
NP_199664,0.0
NP_199665,0.0
NP_199666,41.0
NP_199667,0.0
NP_199668,0.0
NP_199669,0.0
NP_199670,0.0
NP_199671,0.0
NP_199672,0.0
NP_199673,390.0
NP_199674,0.0
NP_199675,0.0
NP_199676,0.0
NP_199677,0.0
NP_199678,0.0
NP_199679,0.0
NP_199680,0.0
NP_199681,0.0
NP_199682,0.0
NP_199683,0.0
NP_199684,0.0
NP_199685,436.0
NP_199686,0.0
NP_199687,0.0
NP_199688,1107.0
NP_199691,0.0
NP_199692,0.0
NP_199693,0.0
NP_199695,0.0
NP_199696,0.0
NP_199697,0.0
NP_199698,0.0
NP_199700,0.0
NP_199702,0.0
NP_199703,0.0
NP_199704,0.0
NP_199705,1425.0
NP_199706,0.0
NP_199707,34.0
NP_199708,0.0
NP_199709,0.0
NP_199710,0.0
NP_199711,0.0
NP_199712,0.0
NP_199713,0.0
NP_199714,0.0
NP_199715,0.0
NP_199716,0.0
NP_199717,0.0
NP_199718,0.0
NP_199722,0.0
NP_199723,0.0
NP_199724,0.0
NP_199725,1502.0
NP_199726,0.0
NP_199727,38.0
NP_199728,0.0
NP_199729,0.0
NP_199730,0.0
NP_199731,0.0
NP_199733,0.0
NP_199734,0.0
NP_199735,0.0
NP_199736,0.0
NP_199737,0.0
NP_199738,0.0
NP_199740,750.0
NP_199741,0.0
NP_199742,0.0
NP_199743,0.0
NP_199744,0.0
NP_199745,0.0
NP_199746,0.0
NP_199747,0.0
NP_199751,0.0
NP_199752,0.0
NP_199753,0.0
NP_199754,56.0
NP_199756,0.0
NP_199757,0.0
NP_199758,289.0
NP_199759,0.0
NP_199760,0.0
NP_199761,0.0
NP_199762,0.0
NP_199763,327.0
NP_199764,38.0
NP_199767,0.0
NP_199768,0.0
NP_199769,0.0
NP_199770,0.0
NP_199771,0.0
NP_199772,0.0
NP_199773,0.0
NP_199774,34.0
NP_199775,0.0
NP_199776,0.0
NP_199777,1059.0
NP_199780,0.0
NP_199781,0.0
NP_199782,0.0
NP_199783,0.0
NP_199784,0.0
NP_199785,0.0
NP_199786,417.0
NP_199787,657.0
NP_199788,638.0
NP_199789,549.0
NP_199791,0.0
NP_199792,45.0
NP_199794,38.0
NP_199796,0.0
NP_199797,0.0
NP_199798,0.0
NP_199799,0.0
NP_199800,0.0
NP_199801,0.0
NP_199802,52.0
NP_199803,0.0
NP_199804,45.0
NP_199806,0.0
NP_199807,0.0
NP_199810,0.0
NP_199811,210.0
NP_199812,0.0
NP_199813,0.0
NP_199814,0.0
NP_199815,0.0
NP_199816,0.0
NP_199817,0.0
NP_199818,0.0
NP_199819,0.0
NP_199820,0.0
NP_199823,0.0
NP_199825,0.0
NP_199826,0.0
NP_199827,0.0
NP_199828,0.0
NP_199829,201.0
NP_199831,0.0
NP_199832,39.0
NP_199833,0.0
NP_199834,0.0
NP_199835,0.0
NP_199836,0.0
NP_199839,0.0
NP_199840,0.0
NP_199841,0.0
NP_199844,0.0
NP_199845,36.0
NP_199846,44.0
NP_199847,0.0
NP_199848,0.0
NP_199849,0.0
NP_199850,0.0
NP_199851,0.0
NP_199852,0.0
NP_199853,0.0
NP_199854,0.0
NP_199855,0.0
NP_199856,0.0
NP_199858,0.0
NP_199859,51.0
NP_199860,0.0
NP_199861,0.0
NP_199868,0.0
NP_199871,37.0
NP_199887,0.0
NP_199888,0.0
NP_199889,0.0
NP_199890,0.0
NP_199891,0.0
NP_199892,0.0
NP_199893,0.0
NP_199894,0.0
NP_199895,0.0
NP_199896,0.0
NP_199897,0.0
NP_199898,0.0
NP_199899,225.0
NP_199900,0.0
NP_199902,0.0
NP_199903,0.0
NP_199904,0.0
NP_199906,0.0
NP_199908,0.0
NP_199910,0.0
NP_199912,0.0
NP_199913,0.0
NP_199915,0.0
NP_199916,0.0
NP_199917,0.0
NP_199918,0.0
NP_199919,0.0
NP_199921,0.0
NP_199922,0.0
NP_199923,0.0
NP_199924,0.0
NP_199927,0.0
NP_199928,0.0
NP_199929,0.0
NP_199934,0.0
NP_199935,0.0
NP_199936,0.0
NP_199938,0.0
NP_199939,0.0
NP_199941,0.0
NP_199943,0.0
NP_199944,0.0
NP_199947,0.0
NP_199948,747.0
NP_199949,0.0
NP_199950,0.0
NP_199951,0.0
NP_199954,0.0
NP_199955,0.0
NP_199956,56.0
NP_199957,0.0
NP_199959,0.0
NP_199960,0.0
NP_199961,0.0
NP_199962,0.0
NP_199963,0.0
NP_199965,0.0
NP_199966,53.0
NP_199967,0.0
NP_199968,0.0
NP_199969,492.0
NP_199970,0.0
NP_199971,0.0
NP_199972,0.0
NP_199973,0.0
NP_199974,0.0
NP_199976,2338.0
NP_199977,0.0
NP_199978,0.0
NP_199979,0.0
NP_199980,0.0
NP_199981,0.0
NP_199982,0.0
NP_199986,0.0
NP_199987,0.0
NP_199989,0.0
NP_199990,218.0
NP_199991,0.0
NP_199992,0.0
NP_199993,0.0
NP_199994,0.0
NP_199995,0.0
NP_199996,0.0
NP_199998,0.0
NP_199999,0.0
NP_200000,0.0
NP_200002,0.0
NP_200003,0.0
NP_200004,0.0
NP_200005,0.0
NP_200006,0.0
NP_200007,0.0
NP_200008,0.0
NP_200009,0.0
NP_200010,0.0
NP_200011,0.0
NP_200012,0.0
NP_200013,0.0
NP_200014,51.0
NP_200015,0.0
NP_200017,0.0
NP_200018,0.0
NP_200019,0.0
NP_200020,0.0
NP_200021,0.0
NP_200022,0.0
NP_200023,0.0
NP_200024,0.0
NP_200025,0.0
NP_200026,0.0
NP_200027,0.0
NP_200028,0.0
NP_200029,0.0
NP_200030,0.0
NP_200031,0.0
NP_200032,0.0
NP_200034,0.0
NP_200035,0.0
NP_200036,0.0
NP_200037,0.0
NP_200038,0.0
NP_200039,0.0
NP_200041,61.0
NP_200042,63.0
NP_200043,0.0
NP_200044,0.0
NP_200045,0.0
NP_200046,0.0
NP_200047,0.0
NP_200048,0.0
NP_200051,0.0
NP_200052,0.0
NP_200053,0.0
NP_200054,0.0
NP_200056,0.0
NP_200057,0.0
NP_200058,0.0
NP_200059,0.0
NP_200061,0.0
NP_200063,0.0
NP_200064,0.0
NP_200065,0.0
NP_200066,0.0
NP_200067,0.0
NP_200070,0.0
NP_200071,0.0
NP_200073,0.0
NP_200074,0.0
NP_200075,0.0
NP_200076,0.0
NP_200077,0.0
NP_200079,0.0
NP_200080,0.0
NP_200081,0.0
NP_200082,0.0
NP_200083,0.0
NP_200084,0.0
NP_200085,0.0
NP_200086,0.0
NP_200087,0.0
NP_200088,0.0
NP_200089,0.0
NP_200090,0.0
NP_200091,0.0
NP_200092,0.0
NP_200093,0.0
NP_200094,0.0
NP_200097,49.0
NP_200098,0.0
NP_200099,0.0
NP_200101,0.0
NP_200103,43.0
NP_200104,0.0
NP_200105,0.0
NP_200106,0.0
NP_200107,0.0
NP_200108,0.0
NP_200110,0.0
NP_200111,0.0
NP_200113,0.0
NP_200114,45.0
NP_200115,0.0
NP_200116,0.0
NP_200117,0.0
NP_200118,0.0
NP_200119,0.0
NP_200121,0.0
NP_200122,0.0
NP_200123,0.0
NP_200125,0.0
NP_200127,0.0
NP_200128,0.0
NP_200130,0.0
NP_200131,0.0
NP_200132,0.0
NP_200133,0.0
NP_200134,0.0
NP_200135,0.0
NP_200136,0.0
NP_200137,0.0
NP_200138,0.0
NP_200139,0.0
NP_200140,0.0
NP_200141,0.0
NP_200144,475.0
NP_200148,0.0
NP_200149,0.0
NP_200151,0.0
NP_200152,0.0
NP_200153,0.0
NP_200155,0.0
NP_200156,0.0
NP_200157,0.0
NP_200158,45.0
NP_200159,0.0
NP_200160,0.0
NP_200161,0.0
NP_200162,0.0
NP_200163,0.0
NP_200164,0.0
NP_200165,0.0
NP_200166,0.0
NP_200167,0.0
NP_200168,0.0
NP_200169,0.0
NP_200170,0.0
NP_200171,0.0
NP_200172,0.0
NP_200173,0.0
NP_200175,0.0
NP_200177,0.0
NP_200178,47.0
NP_200179,0.0
NP_200181,0.0
NP_200183,0.0
NP_200184,0.0
NP_200185,0.0
NP_200186,0.0
NP_200187,0.0
NP_200189,0.0
NP_200190,0.0
NP_200192,0.0
NP_200193,0.0
NP_200194,0.0
NP_200196,0.0
NP_200198,0.0
NP_200200,1044.0
NP_200201,0.0
NP_200202,0.0
NP_200203,48.0
NP_200204,0.0
NP_200205,0.0
NP_200206,0.0
NP_200207,0.0
NP_200208,42.0
NP_200209,0.0
NP_200210,0.0
NP_200211,0.0
NP_200212,0.0
NP_200213,0.0
NP_200215,0.0
NP_200216,0.0
NP_200217,0.0
NP_200218,0.0
NP_200219,0.0
NP_200220,0.0
NP_200221,0.0
NP_200225,0.0
NP_200226,0.0
NP_200227,0.0
NP_200229,0.0
NP_200230,0.0
NP_200231,0.0
NP_200232,0.0
NP_200233,0.0
NP_200234,0.0
NP_200235,0.0
NP_200236,0.0
NP_200237,0.0
NP_200238,0.0
NP_200240,0.0
NP_200241,0.0
NP_200243,0.0
NP_200244,0.0
NP_200245,0.0
NP_200246,0.0
NP_200247,0.0
NP_200248,0.0
NP_200249,397.0
NP_200250,0.0
NP_200251,0.0
NP_200252,0.0
NP_200253,0.0
NP_200255,41.0
NP_200256,0.0
NP_200257,0.0
NP_200258,0.0
NP_200259,0.0
NP_200260,0.0
NP_200261,0.0
NP_200262,0.0
NP_200263,0.0
NP_200264,0.0
NP_200265,0.0
NP_200266,0.0
NP_200267,0.0
NP_200268,0.0
NP_200269,0.0
NP_200271,0.0
NP_200272,0.0
NP_200274,0.0
NP_200275,0.0
NP_200276,40.0
NP_200279,0.0
NP_200280,0.0
NP_200281,0.0
NP_200282,0.0
NP_200283,0.0
NP_200284,0.0
NP_200285,0.0
NP_200286,0.0
NP_200287,0.0
NP_200288,0.0
NP_200289,0.0
NP_200290,0.0
NP_200292,0.0
NP_200293,47.0
NP_200294,0.0
NP_200295,0.0
NP_200296,0.0
NP_200297,0.0
NP_200298,0.0
NP_200300,0.0
NP_200302,62.0
NP_200306,0.0
NP_200307,0.0
NP_200308,0.0
NP_200309,0.0
NP_200310,0.0
NP_200311,36.0
NP_200312,0.0
NP_200315,0.0
NP_200316,0.0
NP_200317,0.0
NP_200318,55.0
NP_200319,0.0
NP_200320,0.0
NP_200322,0.0
NP_200323,0.0
NP_200324,0.0
NP_200326,0.0
NP_200327,0.0
NP_200328,0.0
NP_200330,0.0
NP_200331,0.0
NP_200332,0.0
NP_200333,43.0
NP_200334,0.0
NP_200335,0.0
NP_200336,0.0
NP_200337,0.0
NP_200338,0.0
NP_200339,0.0
NP_200341,0.0
NP_200342,48.0
NP_200343,0.0
NP_200344,0.0
NP_200345,0.0
NP_200346,0.0
NP_200347,0.0
NP_200348,0.0
NP_200349,0.0
NP_200350,0.0
NP_200352,0.0
NP_200354,0.0
NP_200355,0.0
NP_200357,0.0
NP_200358,0.0
NP_200359,0.0
NP_200360,0.0
NP_200362,0.0
NP_200363,0.0
NP_200364,0.0
NP_200365,47.0
NP_200367,163.0
NP_200368,0.0
NP_200369,0.0
NP_200370,0.0
NP_200371,0.0
NP_200372,0.0
NP_200374,0.0
NP_200376,0.0
NP_200377,0.0
NP_200378,0.0
NP_200379,0.0
NP_200380,0.0
NP_200382,0.0
NP_200383,0.0
NP_200384,0.0
NP_200385,0.0
NP_200386,0.0
NP_200387,0.0
NP_200388,0.0
NP_200389,0.0
NP_200390,0.0
NP_200391,0.0
NP_200392,0.0
NP_200393,43.0
NP_200394,394.0
NP_200395,0.0
NP_200396,0.0
NP_200397,0.0
NP_200398,0.0
NP_200401,0.0
NP_200402,0.0
NP_200404,0.0
NP_200406,0.0
NP_200409,0.0
NP_200410,0.0
NP_200411,56.0
NP_200412,0.0
NP_200413,0.0
NP_200414,0.0
NP_200415,1293.0
NP_200416,0.0
NP_200417,0.0
NP_200418,0.0
NP_200419,0.0
NP_200420,0.0
NP_200421,0.0
NP_200422,0.0
NP_200423,0.0
NP_200424,0.0
NP_200425,0.0
NP_200427,0.0
NP_200428,0.0
NP_200431,0.0
NP_200432,0.0
NP_200433,85.0
NP_200434,0.0
NP_200435,0.0
NP_200436,50.0
NP_200437,0.0
NP_200438,754.0
NP_200440,0.0
NP_200441,0.0
NP_200442,0.0
NP_200443,0.0
NP_200444,0.0
NP_200445,0.0
NP_200446,0.0
NP_200448,0.0
NP_200449,0.0
NP_200450,0.0
NP_200451,47.0
NP_200452,57.0
NP_200453,62.0
NP_200455,0.0
NP_200456,0.0
NP_200457,896.0
NP_200458,0.0
NP_200459,0.0
NP_200460,0.0
NP_200461,0.0
NP_200462,0.0
NP_200464,0.0
NP_200465,0.0
NP_200466,0.0
NP_200467,59.0
NP_200468,0.0
NP_200469,0.0
NP_200470,613.0
NP_200471,0.0
NP_200472,0.0
NP_200473,0.0
NP_200475,0.0
NP_200476,0.0
NP_200477,0.0
NP_200478,0.0
NP_200479,0.0
NP_200480,75.0
NP_200482,0.0
NP_200483,0.0
NP_200485,0.0
NP_200486,0.0
NP_200487,0.0
NP_200488,0.0
NP_200489,0.0
NP_200491,0.0
NP_200492,0.0
NP_200493,0.0
NP_200495,0.0
NP_200496,0.0
NP_200497,0.0
NP_200498,0.0
NP_200499,0.0
NP_200500,0.0
NP_200501,0.0
NP_200502,0.0
NP_200503,0.0
NP_200504,0.0
NP_200506,0.0
NP_200507,0.0
NP_200509,0.0
NP_200510,0.0
NP_200511,0.0
NP_200513,0.0
NP_200514,0.0
NP_200515,0.0
NP_200517,54.0
NP_200518,0.0
NP_200520,0.0
NP_200521,0.0
NP_200522,0.0
NP_200524,0.0
NP_200527,0.0
NP_200529,0.0
NP_200530,0.0
NP_200531,0.0
NP_200532,44.0
NP_200533,0.0
NP_200534,0.0
NP_200536,0.0
NP_200537,0.0
NP_200538,0.0
NP_200539,0.0
NP_200540,0.0
NP_200543,0.0
NP_200545,0.0
NP_200548,42.0
NP_200549,59.0
NP_200550,0.0
NP_200552,0.0
NP_200554,0.0
NP_200555,53.0
NP_200556,0.0
NP_200557,0.0
NP_200558,0.0
NP_200559,0.0
NP_200560,0.0
NP_200561,0.0
NP_200562,0.0
NP_200564,0.0
NP_200565,0.0
NP_200566,0.0
NP_200567,0.0
NP_200569,187.0
NP_200570,0.0
NP_200572,0.0
NP_200573,0.0
NP_200577,40.0
NP_200579,0.0
NP_200580,0.0
NP_200582,0.0
NP_200583,0.0
NP_200584,0.0
NP_200585,0.0
NP_200586,0.0
NP_200587,0.0
NP_200588,0.0
NP_200590,0.0
NP_200591,0.0
NP_200592,0.0
NP_200593,0.0
NP_200595,0.0
NP_200597,0.0
NP_200600,0.0
NP_200601,0.0
NP_200602,0.0
NP_200604,0.0
NP_200605,0.0
NP_200606,0.0
NP_200608,0.0
NP_200609,0.0
NP_200610,0.0
NP_200611,0.0
NP_200612,0.0
NP_200613,0.0
NP_200614,0.0
NP_200615,0.0
NP_200616,0.0
NP_200617,0.0
NP_200618,45.0
NP_200619,0.0
NP_200620,1478.0
NP_200621,0.0
NP_200623,489.0
NP_200625,0.0
NP_200626,0.0
NP_200627,36.0
NP_200628,0.0
NP_200629,36.0
NP_200630,0.0
NP_200631,0.0
NP_200632,0.0
NP_200633,0.0
NP_200634,0.0
NP_200635,0.0
NP_200636,0.0
NP_200637,0.0
NP_200638,413.0
NP_200639,0.0
NP_200640,0.0
NP_200642,0.0
NP_200643,0.0
NP_200644,0.0
NP_200647,0.0
NP_200648,0.0
NP_200649,54.0
NP_200650,0.0
NP_200651,0.0
NP_200652,0.0
NP_200653,43.0
NP_200654,0.0
NP_200656,0.0
NP_200657,0.0
NP_200659,0.0
NP_200660,0.0
NP_200661,0.0
NP_200662,0.0
NP_200663,51.0
NP_200664,0.0
NP_200665,0.0
NP_200666,0.0
NP_200667,0.0
NP_200668,0.0
NP_200669,0.0
NP_200670,0.0
NP_200671,0.0
NP_200672,0.0
NP_200673,0.0
NP_200674,0.0
NP_200676,0.0
NP_200677,0.0
NP_200678,0.0
NP_200679,0.0
NP_200680,0.0
NP_200681,0.0
NP_200682,0.0
NP_200683,0.0
NP_200684,0.0
NP_200685,0.0
NP_200688,0.0
NP_200694,0.0
NP_200697,0.0
NP_200698,0.0
NP_200699,0.0
NP_200700,0.0
NP_200701,0.0
NP_200702,450.0
NP_200704,0.0
NP_200706,0.0
NP_200707,0.0
NP_200708,0.0
NP_200709,0.0
NP_200710,0.0
NP_200711,0.0
NP_200712,0.0
NP_200713,0.0
NP_200714,0.0
NP_200715,0.0
NP_200716,0.0
NP_200723,0.0
NP_200724,0.0
NP_200725,0.0
NP_200726,0.0
NP_200728,0.0
NP_200729,0.0
NP_200730,37.0
NP_200731,0.0
NP_200732,0.0
NP_200733,0.0
NP_200734,525.0
NP_200735,522.0
NP_200736,0.0
NP_200737,0.0
NP_200741,0.0
NP_200742,0.0
NP_200743,0.0
NP_200744,0.0
NP_200745,0.0
NP_200746,0.0
NP_200747,0.0
NP_200749,0.0
NP_200750,0.0
NP_200751,0.0
NP_200753,0.0
NP_200755,0.0
NP_200756,0.0
NP_200757,0.0
NP_200758,0.0
NP_200759,0.0
NP_200760,0.0
NP_200761,0.0
NP_200762,0.0
NP_200764,0.0
NP_200765,0.0
NP_200766,0.0
NP_200767,0.0
NP_200768,0.0
NP_200769,0.0
NP_200773,441.0
NP_200774,373.0
NP_200775,422.0
NP_200776,423.0
NP_200778,515.0
NP_200780,0.0
NP_200781,0.0
NP_200782,0.0
NP_200784,0.0
NP_200786,0.0
NP_200787,0.0
NP_200788,0.0
NP_200789,0.0
NP_200790,0.0
NP_200791,0.0
NP_200792,0.0
NP_200793,0.0
NP_200794,0.0
NP_200795,0.0
NP_200798,0.0
NP_200799,0.0
NP_200800,0.0
NP_200801,0.0
NP_200802,0.0
NP_200803,0.0
NP_200806,0.0
NP_200807,0.0
NP_200808,0.0
NP_200809,0.0
NP_200810,0.0
NP_200811,0.0
NP_200812,0.0
NP_200813,0.0
NP_200814,0.0
NP_200815,0.0
NP_200816,262.0
NP_200817,423.0
NP_200819,0.0
NP_200820,0.0
NP_200821,0.0
NP_200822,0.0
NP_200823,45.0
NP_200824,0.0
NP_200825,0.0
NP_200826,0.0
NP_200827,0.0
NP_200829,0.0
NP_200830,0.0
NP_200831,0.0
NP_200832,0.0
NP_200833,0.0
NP_200835,426.0
NP_200836,349.0
NP_200837,0.0
NP_200838,432.0
NP_200839,313.0
NP_200840,427.0
NP_200842,0.0
NP_200843,0.0
NP_200845,0.0
NP_200846,0.0
NP_200847,0.0
NP_200849,43.0
NP_200851,0.0
NP_200852,0.0
NP_200853,40.0
NP_200855,0.0
NP_200856,0.0
NP_200857,0.0
NP_200858,0.0
NP_200859,0.0
NP_200860,0.0
NP_200861,0.0
NP_200863,0.0
NP_200864,0.0
NP_200865,0.0
NP_200868,0.0
NP_200869,63.0
NP_200871,0.0
NP_200873,0.0
NP_200874,0.0
NP_200875,0.0
NP_200876,0.0
NP_200877,47.0
NP_200878,0.0
NP_200879,0.0
NP_200881,0.0
NP_200882,45.0
NP_200884,0.0
NP_200885,0.0
NP_200886,0.0
NP_200887,0.0
NP_200888,0.0
NP_200889,0.0
NP_200890,36.0
NP_200891,0.0
NP_200892,0.0
NP_200893,0.0
NP_200894,0.0
NP_200895,0.0
NP_200896,0.0
NP_200897,0.0
NP_200901,0.0
NP_200902,0.0
NP_200903,0.0
NP_200904,0.0
NP_200905,0.0
NP_200906,0.0
NP_200908,0.0
NP_200909,0.0
NP_200911,0.0
NP_200912,0.0
NP_200913,0.0
NP_200914,0.0
NP_200915,0.0
NP_200917,0.0
NP_200918,0.0
NP_200919,0.0
NP_200920,0.0
NP_200921,0.0
NP_200922,55.0
NP_200923,0.0
NP_200924,0.0
NP_200925,0.0
NP_200927,0.0
NP_200928,0.0
NP_200929,0.0
NP_200930,0.0
NP_200931,0.0
NP_200932,357.0
NP_200933,0.0
NP_200934,0.0
NP_200935,0.0
NP_200936,0.0
NP_200937,0.0
NP_200938,0.0
NP_200940,35.0
NP_200941,0.0
NP_200943,511.0
NP_200944,0.0
NP_200945,0.0
NP_200946,0.0
NP_200947,0.0
NP_200948,0.0
NP_200949,0.0
NP_200950,0.0
NP_200951,46.0
NP_200952,0.0
NP_200953,0.0
NP_200954,0.0
NP_200955,0.0
NP_200956,1138.0
NP_200957,0.0
NP_200959,0.0
NP_200960,0.0
NP_200962,0.0
NP_200963,323.0
NP_200964,349.0
NP_200965,263.0
NP_200966,0.0
NP_200967,0.0
NP_200968,0.0
NP_200969,0.0
NP_200970,0.0
NP_200971,0.0
NP_200973,0.0
NP_200975,0.0
NP_200979,0.0
NP_200980,0.0
NP_200981,0.0
NP_200983,0.0
NP_200984,0.0
NP_200986,0.0
NP_200987,0.0
NP_200988,0.0
NP_200990,0.0
NP_200991,0.0
NP_200993,0.0
NP_200995,0.0
NP_200997,0.0
NP_200998,0.0
NP_201000,56.0
NP_201001,43.0
NP_201004,42.0
NP_201006,0.0
NP_201008,0.0
NP_201009,0.0
NP_201010,0.0
NP_201011,0.0
NP_201012,0.0
NP_201013,0.0
NP_201015,49.0
NP_201017,59.0
NP_201018,0.0
NP_201020,0.0
NP_201021,0.0
NP_201022,0.0
NP_201023,46.0
NP_201024,0.0
NP_201025,0.0
NP_201026,0.0
NP_201027,0.0
NP_201028,0.0
NP_201029,1237.0
NP_201030,0.0
NP_201031,0.0
NP_201032,0.0
NP_201033,0.0
NP_201034,0.0
NP_201035,0.0
NP_201036,0.0
NP_201037,206.0
NP_201038,0.0
NP_201039,0.0
NP_201040,0.0
NP_201041,0.0
NP_201042,0.0
NP_201043,0.0
NP_201044,0.0
NP_201045,0.0
NP_201046,0.0
NP_201047,60.0
NP_201048,0.0
NP_201049,0.0
NP_201050,0.0
NP_201053,76.0
NP_201055,0.0
NP_201056,0.0
NP_201057,0.0
NP_201058,0.0
NP_201061,0.0
NP_201062,0.0
NP_201064,0.0
NP_201066,48.0
NP_201067,0.0
NP_201068,0.0
NP_201069,0.0
NP_201070,0.0
NP_201072,0.0
NP_201073,0.0
NP_201074,0.0
NP_201077,605.0
NP_201078,0.0
NP_201079,0.0
NP_201080,0.0
NP_201081,0.0
NP_201083,0.0
NP_201084,0.0
NP_201085,0.0
NP_201086,0.0
NP_201087,0.0
NP_201088,0.0
NP_201089,0.0
NP_201090,0.0
NP_201091,0.0
NP_201092,0.0
NP_201093,0.0
NP_201094,0.0
NP_201095,0.0
NP_201096,0.0
NP_201097,0.0
NP_201098,0.0
NP_201099,46.0
NP_201100,0.0
NP_201101,0.0
NP_201102,0.0
NP_201103,0.0
NP_201104,0.0
NP_201105,0.0
NP_201106,0.0
NP_201107,2261.0
NP_201110,0.0
NP_201111,0.0
NP_201112,0.0
NP_201113,0.0
NP_201114,0.0
NP_201115,0.0
NP_201116,0.0
NP_201118,0.0
NP_201119,0.0
NP_201121,0.0
NP_201122,0.0
NP_201125,0.0
NP_201127,0.0
NP_201128,0.0
NP_201129,0.0
NP_201130,0.0
NP_201131,0.0
NP_201132,0.0
NP_201134,0.0
NP_201135,0.0
NP_201137,0.0
NP_201139,0.0
NP_201140,0.0
NP_201142,523.0
NP_201143,0.0
NP_201144,0.0
NP_201145,0.0
NP_201147,0.0
NP_201150,0.0
NP_201151,0.0
NP_201152,0.0
NP_201154,38.0
NP_201155,0.0
NP_201156,0.0
NP_201157,0.0
NP_201159,47.0
NP_201160,0.0
NP_201161,0.0
NP_201162,0.0
NP_201163,0.0
NP_201164,0.0
NP_201165,0.0
NP_201166,446.0
NP_201168,0.0
NP_201169,0.0
NP_201170,219.0
NP_201171,0.0
NP_201173,0.0
NP_201174,0.0
NP_201175,0.0
NP_201177,0.0
NP_201178,0.0
NP_201179,0.0
NP_201180,0.0
NP_201181,43.0
NP_201182,0.0
NP_201183,0.0
NP_201184,0.0
NP_201186,0.0
NP_201187,0.0
NP_201188,0.0
NP_201189,0.0
NP_201190,0.0
NP_201191,0.0
NP_201195,0.0
NP_201196,0.0
NP_201197,0.0
NP_201198,1501.0
NP_201199,347.0
NP_201200,45.0
NP_201201,0.0
NP_201202,0.0
NP_201203,0.0
NP_201205,0.0
NP_201206,0.0
NP_201207,0.0
NP_201208,0.0
NP_201209,0.0
NP_201210,50.0
NP_201211,0.0
NP_201212,0.0
NP_201214,0.0
NP_201215,0.0
NP_201216,0.0
NP_201217,0.0
NP_201219,0.0
NP_201220,0.0
NP_201222,0.0
NP_201223,0.0
NP_201224,0.0
NP_201225,0.0
NP_201226,0.0
NP_201227,58.0
NP_201229,834.0
NP_201231,0.0
NP_201232,0.0
NP_201233,0.0
NP_201234,0.0
NP_201235,0.0
NP_201236,0.0
NP_201237,0.0
NP_201239,0.0
NP_201240,0.0
NP_201241,40.0
NP_201242,0.0
NP_201243,0.0
NP_201244,40.0
NP_201245,0.0
NP_201246,0.0
NP_201247,63.0
NP_201248,0.0
NP_201249,0.0
NP_201250,0.0
NP_201251,0.0
NP_201252,0.0
NP_201253,0.0
NP_201254,0.0
NP_201255,0.0
NP_201256,0.0
NP_201257,0.0
NP_201258,0.0
NP_201259,0.0
NP_201260,0.0
NP_201261,0.0
NP_201262,0.0
NP_201263,0.0
NP_201264,0.0
NP_201265,0.0
NP_201266,0.0
NP_201267,0.0
NP_201271,0.0
NP_201272,0.0
NP_201273,0.0
NP_201274,0.0
NP_201275,0.0
NP_201276,0.0
NP_201277,0.0
NP_201279,36.0
NP_201280,0.0
NP_201282,40.0
NP_201283,0.0
NP_201284,0.0
NP_201287,0.0
NP_201288,0.0
NP_201289,0.0
NP_201291,0.0
NP_201292,0.0
NP_201296,0.0
NP_201297,0.0
NP_201299,0.0
NP_201300,0.0
NP_201301,473.0
NP_201302,0.0
NP_201303,0.0
NP_201304,0.0
NP_201306,0.0
NP_201307,0.0
NP_201308,0.0
NP_201309,0.0
NP_201311,0.0
NP_201312,0.0
NP_201314,0.0
NP_201315,0.0
NP_201316,0.0
NP_201318,0.0
NP_201319,0.0
NP_201320,0.0
NP_201321,0.0
NP_201323,45.0
NP_201324,0.0
NP_201325,0.0
NP_201326,0.0
NP_201327,1518.0
NP_201329,0.0
NP_201330,0.0
NP_201331,0.0
NP_201332,0.0
NP_201334,0.0
NP_201335,0.0
NP_201336,40.0
NP_201337,0.0
NP_201338,0.0
NP_201339,0.0
NP_201340,0.0
NP_201341,0.0
NP_201343,0.0
NP_201344,0.0
NP_201345,0.0
NP_201347,0.0
NP_201348,0.0
NP_201349,53.0
NP_201350,0.0
NP_201351,0.0
NP_201352,0.0
NP_201353,0.0
NP_201354,0.0
NP_201355,0.0
NP_201356,473.0
NP_201357,0.0
NP_201358,0.0
NP_201359,0.0
NP_201360,0.0
NP_201361,0.0
NP_201362,0.0
NP_201363,493.0
NP_201366,0.0
NP_201371,1243.0
NP_201372,1125.0
NP_201373,0.0
NP_201375,0.0
NP_201376,0.0
NP_201377,0.0
NP_201378,81.0
NP_201379,0.0
NP_201380,0.0
NP_201381,0.0
NP_201383,0.0
NP_201384,247.0
NP_201385,0.0
NP_201386,0.0
NP_201387,0.0
NP_201388,0.0
NP_201389,0.0
NP_201390,0.0
NP_201391,0.0
NP_201393,0.0
NP_201395,0.0
NP_201396,0.0
NP_201398,0.0
NP_201399,0.0
NP_201400,0.0
NP_201402,0.0
NP_201403,0.0
NP_201406,0.0
NP_201407,0.0
NP_201408,0.0
NP_201409,0.0
NP_201411,0.0
NP_201412,0.0
NP_201414,0.0
NP_201415,0.0
NP_201416,0.0
NP_201417,0.0
NP_201419,0.0
NP_201420,0.0
NP_201421,0.0
NP_201422,0.0
NP_201423,0.0
NP_201424,0.0
NP_201426,0.0
NP_201427,0.0
NP_201428,0.0
NP_201429,0.0
NP_201430,0.0
NP_201431,0.0
NP_201432,0.0
NP_201433,0.0
NP_201434,363.0
NP_201435,0.0
NP_201436,0.0
NP_201437,0.0
NP_201438,0.0
NP_201440,0.0
NP_201441,0.0
NP_201444,0.0
NP_201445,0.0
NP_201446,43.0
NP_201447,0.0
NP_201448,0.0
NP_201450,0.0
NP_201451,41.0
NP_201453,0.0
NP_201454,0.0
NP_201456,0.0
NP_201457,52.0
NP_201458,0.0
NP_201459,0.0
NP_201460,0.0
NP_201461,0.0
NP_201462,0.0
NP_201463,0.0
NP_201464,48.0
NP_201465,0.0
NP_201466,0.0
NP_201467,0.0
NP_201468,0.0
NP_201470,0.0
NP_201471,0.0
NP_201472,194.0
NP_201473,0.0
NP_201474,0.0
NP_201475,0.0
NP_201476,44.0
NP_201477,0.0
NP_201478,0.0
NP_201479,0.0
NP_201480,510.0
NP_201481,0.0
NP_201482,0.0
NP_201483,0.0
NP_201484,0.0
NP_201485,0.0
NP_201487,0.0
NP_201488,0.0
NP_201489,106.0
NP_201490,147.0
NP_201491,254.0
NP_201492,239.0
NP_201495,0.0
NP_201496,0.0
NP_201497,0.0
NP_201498,0.0
NP_201499,0.0
NP_201500,0.0
NP_201501,0.0
NP_201502,0.0
NP_201503,0.0
NP_201504,45.0
NP_201505,0.0
NP_201506,0.0
NP_201507,0.0
NP_201508,0.0
NP_201509,0.0
NP_201511,0.0
NP_201512,0.0
NP_201513,0.0
NP_201515,0.0
NP_201516,0.0
NP_201517,0.0
NP_201518,0.0
NP_201519,0.0
NP_201520,0.0
NP_201522,0.0
NP_201523,0.0
NP_201524,0.0
NP_201525,0.0
NP_201527,0.0
NP_201528,46.0
NP_201529,418.0
NP_201530,0.0
NP_201531,0.0
NP_201532,0.0
NP_201533,0.0
NP_201534,0.0
NP_201535,0.0
NP_201536,0.0
NP_201538,0.0
NP_201539,0.0
NP_201540,0.0
NP_201541,0.0
NP_201542,0.0
NP_201543,0.0
NP_201544,0.0
NP_201545,0.0
NP_201546,0.0
NP_201547,0.0
NP_201548,0.0
NP_201549,0.0
NP_201551,0.0
NP_201552,0.0
NP_201554,0.0
NP_201555,0.0
NP_201556,0.0
NP_201558,0.0
NP_201559,0.0
NP_201560,0.0
NP_201562,0.0
NP_201563,0.0
NP_201564,0.0
NP_201565,0.0
NP_563617,0.0
NP_563619,0.0
NP_563620,0.0
NP_563621,0.0
NP_563622,0.0
NP_563623,0.0
NP_563624,0.0
NP_563625,0.0
NP_563626,0.0
NP_563627,0.0
NP_563628,0.0
NP_563629,0.0
NP_563630,0.0
NP_563631,976.0
NP_563632,0.0
NP_563633,0.0
NP_563634,0.0
NP_563635,0.0
NP_563636,0.0
NP_563637,0.0
NP_563638,0.0
NP_563639,0.0
NP_563640,42.0
NP_563641,0.0
NP_563642,0.0
NP_563643,46.0
NP_563644,0.0
NP_563645,0.0
NP_563646,0.0
NP_563647,0.0
NP_563648,0.0
NP_563649,0.0
NP_563650,0.0
NP_563651,0.0
NP_563652,0.0
NP_563653,0.0
NP_563654,0.0
NP_563655,0.0
NP_563656,0.0
NP_563657,0.0
NP_563658,0.0
NP_563659,0.0
NP_563660,0.0
NP_563661,0.0
NP_563662,0.0
NP_563663,0.0
NP_563664,0.0
NP_563666,0.0
NP_563667,0.0
NP_563668,0.0
NP_563669,0.0
NP_563670,0.0
NP_563671,0.0
NP_563672,0.0
NP_563673,0.0
NP_563674,0.0
NP_563675,0.0
NP_563676,0.0
NP_563677,0.0
NP_563678,0.0
NP_563679,0.0
NP_563680,0.0
NP_563681,0.0
NP_563682,0.0
NP_563683,0.0
NP_563684,0.0
NP_563685,338.0
NP_563686,0.0
NP_563687,0.0
NP_563688,0.0
NP_563689,0.0
NP_563690,0.0
NP_563691,0.0
NP_563692,0.0
NP_563693,0.0
NP_563694,0.0
NP_563695,92.0
NP_563696,0.0
NP_563697,0.0
NP_563698,0.0
NP_563699,0.0
NP_563700,36.0
NP_563701,0.0
NP_563702,0.0
NP_563703,48.0
NP_563704,0.0
NP_563705,0.0
NP_563706,51.0
NP_563707,0.0
NP_563708,0.0
NP_563709,0.0
NP_563710,0.0
NP_563711,0.0
NP_563712,0.0
NP_563713,0.0
NP_563714,0.0
NP_563715,0.0
NP_563716,0.0
NP_563717,0.0
NP_563718,0.0
NP_563719,45.0
NP_563720,0.0
NP_563721,0.0
NP_563722,0.0
NP_563723,0.0
NP_563724,0.0
NP_563725,0.0
NP_563726,0.0
NP_563727,0.0
NP_563728,0.0
NP_563729,32.0
NP_563730,0.0
NP_563731,0.0
NP_563732,0.0
NP_563733,0.0
NP_563734,0.0
NP_563735,0.0
NP_563736,0.0
NP_563737,0.0
NP_563738,0.0
NP_563739,0.0
NP_563740,0.0
NP_563741,0.0
NP_563742,45.0
NP_563743,51.0
NP_563744,0.0
NP_563745,0.0
NP_563746,0.0
NP_563747,0.0
NP_563748,0.0
NP_563749,54.0
NP_563750,0.0
NP_563751,41.0
NP_563752,0.0
NP_563753,0.0
NP_563754,0.0
NP_563755,0.0
NP_563756,0.0
NP_563757,0.0
NP_563758,0.0
NP_563759,0.0
NP_563760,0.0
NP_563761,0.0
NP_563762,0.0
NP_563763,0.0
NP_563764,0.0
NP_563765,0.0
NP_563766,0.0
NP_563767,0.0
NP_563768,0.0
NP_563769,0.0
NP_563770,0.0
NP_563771,0.0
NP_563772,0.0
NP_563773,0.0
NP_563774,0.0
NP_563775,0.0
NP_563776,0.0
NP_563777,0.0
NP_563778,0.0
NP_563779,0.0
NP_563780,0.0
NP_563781,0.0
NP_563782,0.0
NP_563783,0.0
NP_563784,0.0
NP_563785,0.0
NP_563786,0.0
NP_563787,0.0
NP_563788,0.0
NP_563789,0.0
NP_563790,0.0
NP_563791,0.0
NP_563792,0.0
NP_563793,0.0
NP_563794,0.0
NP_563795,0.0
NP_563796,0.0
NP_563797,0.0
NP_563798,0.0
NP_563799,0.0
NP_563800,0.0
NP_563801,0.0
NP_563802,0.0
NP_563803,0.0
NP_563804,0.0
NP_563805,0.0
NP_563806,49.0
NP_563807,0.0
NP_563808,0.0
NP_563809,0.0
NP_563810,0.0
NP_563812,0.0
NP_563813,0.0
NP_563814,0.0
NP_563815,0.0
NP_563816,0.0
NP_563817,0.0
NP_563818,0.0
NP_563819,0.0
NP_563820,0.0
NP_563821,0.0
NP_563822,0.0
NP_563823,0.0
NP_563824,182.0
NP_563825,0.0
NP_563826,0.0
NP_563827,0.0
NP_563828,0.0
NP_563829,0.0
NP_563830,0.0
NP_563831,0.0
NP_563832,0.0
NP_563833,0.0
NP_563834,0.0
NP_563835,0.0
NP_563836,0.0
NP_563837,0.0
NP_563838,0.0
NP_563839,0.0
NP_563840,0.0
NP_563841,0.0
NP_563842,0.0
NP_563843,0.0
NP_563844,0.0
NP_563845,0.0
NP_563846,0.0
NP_563847,0.0
NP_563848,0.0
NP_563849,0.0
NP_563850,0.0
NP_563851,0.0
NP_563852,0.0
NP_563853,0.0
NP_563854,0.0
NP_563855,0.0
NP_563856,0.0
NP_563857,0.0
NP_563858,0.0
NP_563859,0.0
NP_563860,45.0
NP_563861,0.0
NP_563862,0.0
NP_563863,59.0
NP_563864,0.0
NP_563865,0.0
NP_563866,0.0
NP_563867,0.0
NP_563868,0.0
NP_563869,0.0
NP_563870,0.0
NP_563871,40.0
NP_563872,0.0
NP_563873,0.0
NP_563874,0.0
NP_563875,0.0
NP_563876,0.0
NP_563877,0.0
NP_563878,0.0
NP_563879,0.0
NP_563880,0.0
NP_563881,0.0
NP_563882,0.0
NP_563883,0.0
NP_563884,0.0
NP_563885,0.0
NP_563886,0.0
NP_563887,461.0
NP_563888,0.0
NP_563889,0.0
NP_563890,0.0
NP_563891,0.0
NP_563892,0.0
NP_563893,0.0
NP_563894,0.0
NP_563895,0.0
NP_563896,0.0
NP_563897,0.0
NP_563898,0.0
NP_563899,0.0
NP_563900,0.0
NP_563901,0.0
NP_563902,0.0
NP_563903,0.0
NP_563904,42.0
NP_563905,0.0
NP_563906,0.0
NP_563907,0.0
NP_563908,0.0
NP_563909,0.0
NP_563910,0.0
NP_563911,0.0
NP_563912,0.0
NP_563913,0.0
NP_563914,0.0
NP_563915,0.0
NP_563916,0.0
NP_563917,0.0
NP_563918,0.0
NP_563919,0.0
NP_563920,0.0
NP_563921,197.0
NP_563922,0.0
NP_563923,0.0
NP_563924,70.0
NP_563925,0.0
NP_563926,0.0
NP_563927,0.0
NP_563928,75.0
NP_563929,0.0
NP_563930,0.0
NP_563931,0.0
NP_563932,0.0
NP_563933,0.0
NP_563934,0.0
NP_563935,0.0
NP_563937,0.0
NP_563938,0.0
NP_563939,0.0
NP_563940,0.0
NP_563941,0.0
NP_563942,0.0
NP_563943,0.0
NP_563944,0.0
NP_563945,0.0
NP_563946,0.0
NP_563947,0.0
NP_563948,0.0
NP_563949,0.0
NP_563950,57.0
NP_563951,0.0
NP_563952,0.0
NP_563954,0.0
NP_563955,44.0
NP_563956,0.0
NP_563957,0.0
NP_563958,61.0
NP_563959,0.0
NP_563960,0.0
NP_563961,0.0
NP_563962,0.0
NP_563963,0.0
NP_563964,0.0
NP_563965,0.0
NP_563966,0.0
NP_563967,0.0
NP_563968,0.0
NP_563969,0.0
NP_563970,0.0
NP_563971,0.0
NP_563972,0.0
NP_563973,0.0
NP_563974,0.0
NP_563975,0.0
NP_563977,0.0
NP_563978,0.0
NP_563979,0.0
NP_563980,64.0
NP_563981,38.0
NP_563982,0.0
NP_563983,0.0
NP_563984,0.0
NP_563985,0.0
NP_563986,0.0
NP_563987,0.0
NP_563988,0.0
NP_563989,0.0
NP_563990,0.0
NP_563991,0.0
NP_563992,0.0
NP_563993,0.0
NP_563994,0.0
NP_563995,0.0
NP_563996,0.0
NP_563997,0.0
NP_563998,0.0
NP_563999,0.0
NP_564000,0.0
NP_564001,0.0
NP_564002,0.0
NP_564003,596.0
NP_564004,0.0
NP_564005,0.0
NP_564006,0.0
NP_564007,0.0
NP_564008,0.0
NP_564009,0.0
NP_564010,0.0
NP_564011,0.0
NP_564012,0.0
NP_564013,0.0
NP_564014,0.0
NP_564015,0.0
NP_564016,0.0
NP_564017,0.0
NP_564018,0.0
NP_564019,0.0
NP_564021,0.0
NP_564022,0.0
NP_564023,0.0
NP_564024,0.0
NP_564025,0.0
NP_564026,0.0
NP_564027,0.0
NP_564028,0.0
NP_564029,0.0
NP_564030,0.0
NP_564031,0.0
NP_564032,0.0
NP_564033,0.0
NP_564034,0.0
NP_564036,0.0
NP_564037,0.0
NP_564038,0.0
NP_564039,0.0
NP_564040,0.0
NP_564041,0.0
NP_564042,0.0
NP_564043,0.0
NP_564044,0.0
NP_564045,0.0
NP_564046,0.0
NP_564047,0.0
NP_564048,0.0
NP_564049,0.0
NP_564050,0.0
NP_564051,0.0
NP_564052,34.0
NP_564053,0.0
NP_564054,0.0
NP_564055,0.0
NP_564056,0.0
NP_564057,0.0
NP_564058,0.0
NP_564059,0.0
NP_564060,0.0
NP_564061,0.0
NP_564062,46.0
NP_564063,0.0
NP_564064,0.0
NP_564065,0.0
NP_564066,0.0
NP_564067,0.0
NP_564068,0.0
NP_564069,0.0
NP_564070,0.0
NP_564072,0.0
NP_564073,0.0
NP_564074,0.0
NP_564075,0.0
NP_564076,0.0
NP_564077,43.0
NP_564078,0.0
NP_564079,0.0
NP_564080,0.0
NP_564081,0.0
NP_564082,0.0
NP_564083,0.0
NP_564084,0.0
NP_564085,0.0
NP_564086,0.0
NP_564087,0.0
NP_564088,0.0
NP_564090,0.0
NP_564091,0.0
NP_564092,0.0
NP_564093,0.0
NP_564094,0.0
NP_564095,0.0
NP_564096,0.0
NP_564097,0.0
NP_564098,0.0
NP_564099,0.0
NP_564100,0.0
NP_564101,0.0
NP_564102,0.0
NP_564103,0.0
NP_564104,0.0
NP_564105,0.0
NP_564106,0.0
NP_564107,0.0
NP_564108,0.0
NP_564109,0.0
NP_564110,0.0
NP_564111,0.0
NP_564112,0.0
NP_564113,0.0
NP_564114,0.0
NP_564115,0.0
NP_564116,0.0
NP_564117,0.0
NP_564118,0.0
NP_564119,0.0
NP_564120,0.0
NP_564121,0.0
NP_564122,0.0
NP_564123,0.0
NP_564124,0.0
NP_564125,0.0
NP_564126,0.0
NP_564127,0.0
NP_564128,0.0
NP_564129,0.0
NP_564130,0.0
NP_564131,0.0
NP_564132,0.0
NP_564133,0.0
NP_564134,0.0
NP_564135,0.0
NP_564136,0.0
NP_564137,400.0
NP_564138,0.0
NP_564139,64.0
NP_564140,0.0
NP_564141,0.0
NP_564142,0.0
NP_564143,0.0
NP_564144,0.0
NP_564145,39.0
NP_564146,0.0
NP_564147,0.0
NP_564148,0.0
NP_564149,0.0
NP_564150,0.0
NP_564151,0.0
NP_564152,0.0
NP_564153,0.0
NP_564154,0.0
NP_564155,49.0
NP_564156,0.0
NP_564157,0.0
NP_564158,0.0
NP_564159,0.0
NP_564160,0.0
NP_564161,0.0
NP_564162,0.0
NP_564163,0.0
NP_564164,55.0
NP_564165,0.0
NP_564166,0.0
NP_564167,0.0
NP_564168,0.0
NP_564170,0.0
NP_564171,0.0
NP_564172,0.0
NP_564173,0.0
NP_564174,0.0
NP_564175,0.0
NP_564176,0.0
NP_564177,0.0
NP_564178,0.0
NP_564179,0.0
NP_564180,0.0
NP_564181,0.0
NP_564182,41.0
NP_564183,0.0
NP_564184,0.0
NP_564185,0.0
NP_564186,0.0
NP_564187,0.0
NP_564188,0.0
NP_564189,0.0
NP_564190,0.0
NP_564191,0.0
NP_564192,0.0
NP_564193,0.0
NP_564194,0.0
NP_564195,0.0
NP_564196,0.0
NP_564197,0.0
NP_564198,0.0
NP_564199,0.0
NP_564200,0.0
NP_564201,40.0
NP_564202,0.0
NP_564203,41.0
NP_564204,0.0
NP_564205,0.0
NP_564206,0.0
NP_564207,0.0
NP_564208,0.0
NP_564209,0.0
NP_564210,0.0
NP_564211,0.0
NP_564212,0.0
NP_564213,0.0
NP_564214,0.0
NP_564215,0.0
NP_564216,0.0
NP_564217,0.0
NP_564218,0.0
NP_564219,0.0
NP_564220,0.0
NP_564221,0.0
NP_564222,0.0
NP_564223,0.0
NP_564224,0.0
NP_564225,0.0
NP_564226,0.0
NP_564227,0.0
NP_564228,562.0
NP_564229,0.0
NP_564230,0.0
NP_564231,0.0
NP_564232,0.0
NP_564233,0.0
NP_564234,0.0
NP_564235,0.0
NP_564236,0.0
NP_564237,239.0
NP_564238,0.0
NP_564239,0.0
NP_564240,0.0
NP_564241,0.0
NP_564242,0.0
NP_564243,0.0
NP_564244,0.0
NP_564245,0.0
NP_564246,0.0
NP_564247,0.0
NP_564248,0.0
NP_564249,0.0
NP_564250,0.0
NP_564251,0.0
NP_564252,0.0
NP_564253,0.0
NP_564254,0.0
NP_564255,0.0
NP_564256,0.0
NP_564257,0.0
NP_564258,0.0
NP_564259,0.0
NP_564260,0.0
NP_564261,0.0
NP_564262,0.0
NP_564263,0.0
NP_564264,0.0
NP_564265,0.0
NP_564266,0.0
NP_564267,0.0
NP_564268,0.0
NP_564269,0.0
NP_564270,0.0
NP_564271,0.0
NP_564272,0.0
NP_564273,0.0
NP_564274,0.0
NP_564275,0.0
NP_564276,0.0
NP_564277,0.0
NP_564278,0.0
NP_564279,0.0
NP_564280,0.0
NP_564281,0.0
NP_564282,0.0
NP_564283,0.0
NP_564284,0.0
NP_564285,0.0
NP_564286,0.0
NP_564287,0.0
NP_564288,0.0
NP_564289,0.0
NP_564290,0.0
NP_564291,0.0
NP_564292,0.0
NP_564293,0.0
NP_564294,0.0
NP_564295,0.0
NP_564296,0.0
NP_564297,0.0
NP_564298,0.0
NP_564299,0.0
NP_564300,0.0
NP_564301,0.0
NP_564302,0.0
NP_564303,0.0
NP_564304,0.0
NP_564305,0.0
NP_564306,0.0
NP_564307,38.0
NP_564308,0.0
NP_564309,0.0
NP_564310,0.0
NP_564311,0.0
NP_564312,0.0
NP_564313,0.0
NP_564314,0.0
NP_564315,0.0
NP_564316,0.0
NP_564317,0.0
NP_564318,0.0
NP_564319,0.0
NP_564320,0.0
NP_564321,0.0
NP_564322,0.0
NP_564323,0.0
NP_564324,0.0
NP_564325,0.0
NP_564326,0.0
NP_564327,0.0
NP_564328,0.0
NP_564329,0.0
NP_564330,0.0
NP_564331,0.0
NP_564332,0.0
NP_564333,0.0
NP_564334,0.0
NP_564335,658.0
NP_564336,0.0
NP_564337,0.0
NP_564338,52.0
NP_564339,0.0
NP_564340,0.0
NP_564341,0.0
NP_564342,0.0
NP_564343,0.0
NP_564344,0.0
NP_564345,0.0
NP_564346,0.0
NP_564347,0.0
NP_564348,0.0
NP_564349,0.0
NP_564350,0.0
NP_564351,0.0
NP_564352,0.0
NP_564353,0.0
NP_564354,47.0
NP_564355,0.0
NP_564356,0.0
NP_564357,0.0
NP_564358,0.0
NP_564359,0.0
NP_564360,0.0
NP_564361,0.0
NP_564362,0.0
NP_564363,0.0
NP_564364,0.0
NP_564365,0.0
NP_564366,0.0
NP_564367,0.0
NP_564368,0.0
NP_564369,0.0
NP_564370,0.0
NP_564371,0.0
NP_564372,0.0
NP_564374,0.0
NP_564375,0.0
NP_564376,0.0
NP_564377,0.0
NP_564378,0.0
NP_564379,0.0
NP_564380,0.0
NP_564381,0.0
NP_564382,0.0
NP_564383,0.0
NP_564384,0.0
NP_564385,0.0
NP_564386,0.0
NP_564387,0.0
NP_564388,0.0
NP_564389,0.0
NP_564390,0.0
NP_564391,0.0
NP_564392,0.0
NP_564393,0.0
NP_564394,0.0
NP_564395,0.0
NP_564396,0.0
NP_564397,0.0
NP_564398,70.0
NP_564399,0.0
NP_564400,0.0
NP_564401,0.0
NP_564402,0.0
NP_564403,0.0
NP_564404,0.0
NP_564405,389.0
NP_564406,0.0
NP_564407,0.0
NP_564408,0.0
NP_564409,0.0
NP_564410,0.0
NP_564412,0.0
NP_564413,0.0
NP_564414,0.0
NP_564415,0.0
NP_564416,0.0
NP_564417,0.0
NP_564418,0.0
NP_564419,0.0
NP_564420,0.0
NP_564421,0.0
NP_564422,0.0
NP_564423,0.0
NP_564424,0.0
NP_564425,0.0
NP_564426,460.0
NP_564427,0.0
NP_564428,0.0
NP_564429,0.0
NP_564430,0.0
NP_564431,0.0
NP_564432,0.0
NP_564433,0.0
NP_564434,0.0
NP_564435,0.0
NP_564436,0.0
NP_564437,0.0
NP_564438,0.0
NP_564439,0.0
NP_564440,0.0
NP_564441,0.0
NP_564442,0.0
NP_564443,0.0
NP_564444,0.0
NP_564445,42.0
NP_564446,0.0
NP_564447,0.0
NP_564448,0.0
NP_564449,0.0
NP_564450,0.0
NP_564451,0.0
NP_564452,0.0
NP_564453,0.0
NP_564454,0.0
NP_564455,0.0
NP_564456,0.0
NP_564457,0.0
NP_564458,0.0
NP_564459,0.0
NP_564460,50.0
NP_564461,0.0
NP_564462,0.0
NP_564463,0.0
NP_564464,0.0
NP_564467,0.0
NP_564468,0.0
NP_564469,0.0
NP_564470,0.0
NP_564471,0.0
NP_564472,0.0
NP_564473,0.0
NP_564474,0.0
NP_564475,0.0
NP_564476,51.0
NP_564477,0.0
NP_564479,0.0
NP_564480,0.0
NP_564481,0.0
NP_564482,0.0
NP_564483,0.0
NP_564484,0.0
NP_564485,0.0
NP_564486,0.0
NP_564487,0.0
NP_564488,0.0
NP_564489,0.0
NP_564490,0.0
NP_564491,0.0
NP_564492,0.0
NP_564493,0.0
NP_564494,0.0
NP_564495,0.0
NP_564496,0.0
NP_564497,0.0
NP_564498,0.0
NP_564499,0.0
NP_564500,0.0
NP_564501,0.0
NP_564502,0.0
NP_564503,0.0
NP_564504,0.0
NP_564505,0.0
NP_564506,0.0
NP_564507,0.0
NP_564508,0.0
NP_564509,0.0
NP_564510,0.0
NP_564513,0.0
NP_564514,0.0
NP_564515,0.0
NP_564516,0.0
NP_564517,0.0
NP_564518,0.0
NP_564519,0.0
NP_564520,0.0
NP_564521,0.0
NP_564522,0.0
NP_564523,0.0
NP_564524,0.0
NP_564525,0.0
NP_564526,0.0
NP_564527,0.0
NP_564528,443.0
NP_564529,0.0
NP_564530,0.0
NP_564531,0.0
NP_564532,0.0
NP_564533,0.0
NP_564534,0.0
NP_564535,0.0
NP_564536,0.0
NP_564537,0.0
NP_564538,0.0
NP_564539,0.0
NP_564540,0.0
NP_564541,41.0
NP_564542,0.0
NP_564543,0.0
NP_564544,0.0
NP_564545,0.0
NP_564546,0.0
NP_564547,0.0
NP_564548,0.0
NP_564549,0.0
NP_564550,0.0
NP_564551,0.0
NP_564552,153.0
NP_564553,0.0
NP_564554,0.0
NP_564555,0.0
NP_564556,0.0
NP_564557,0.0
NP_564558,0.0
NP_564559,0.0
NP_564560,0.0
NP_564561,0.0
NP_564562,0.0
NP_564563,0.0
NP_564564,0.0
NP_564565,0.0
NP_564566,0.0
NP_564567,0.0
NP_564568,0.0
NP_564569,0.0
NP_564570,0.0
NP_564571,0.0
NP_564572,0.0
NP_564573,54.0
NP_564574,0.0
NP_564575,0.0
NP_564576,0.0
NP_564577,0.0
NP_564578,0.0
NP_564579,0.0
NP_564580,0.0
NP_564582,0.0
NP_564583,0.0
NP_564584,34.0
NP_564585,0.0
NP_564586,0.0
NP_564587,0.0
NP_564588,0.0
NP_564589,0.0
NP_564590,0.0
NP_564591,0.0
NP_564592,0.0
NP_564593,0.0
NP_564594,0.0
NP_564595,0.0
NP_564596,0.0
NP_564597,0.0
NP_564599,0.0
NP_564600,0.0
NP_564601,0.0
NP_564602,0.0
NP_564603,0.0
NP_564605,0.0
NP_564606,0.0
NP_564607,0.0
NP_564608,0.0
NP_564609,365.0
NP_564610,0.0
NP_564611,0.0
NP_564612,0.0
NP_564613,0.0
NP_564614,0.0
NP_564615,37.0
NP_564616,0.0
NP_564617,0.0
NP_564618,0.0
NP_564620,0.0
NP_564621,0.0
NP_564622,38.0
NP_564623,0.0
NP_564624,0.0
NP_564625,0.0
NP_564626,55.0
NP_564627,0.0
NP_564628,0.0
NP_564629,0.0
NP_564630,0.0
NP_564631,0.0
NP_564632,0.0
NP_564633,0.0
NP_564634,0.0
NP_564635,0.0
NP_564636,0.0
NP_564637,0.0
NP_564638,0.0
NP_564639,0.0
NP_564640,0.0
NP_564641,0.0
NP_564642,0.0
NP_564643,0.0
NP_564644,0.0
NP_564645,0.0
NP_564646,0.0
NP_564647,0.0
NP_564648,0.0
NP_564649,0.0
NP_564650,0.0
NP_564651,0.0
NP_564652,0.0
NP_564653,0.0
NP_564654,0.0
NP_564655,0.0
NP_564656,0.0
NP_564657,0.0
NP_564658,0.0
NP_564659,0.0
NP_564660,0.0
NP_564661,0.0
NP_564662,0.0
NP_564663,0.0
NP_564664,0.0
NP_564666,0.0
NP_564667,0.0
NP_564668,0.0
NP_564669,0.0
NP_564670,0.0
NP_564671,0.0
NP_564672,0.0
NP_564673,0.0
NP_564674,0.0
NP_564675,0.0
NP_564676,0.0
NP_564677,0.0
NP_564678,0.0
NP_564679,0.0
NP_564680,54.0
NP_564682,0.0
NP_564683,0.0
NP_564684,0.0
NP_564685,0.0
NP_564686,0.0
NP_564687,0.0
NP_564688,0.0
NP_564689,0.0
NP_564690,0.0
NP_564691,0.0
NP_564692,0.0
NP_564693,0.0
NP_564694,39.0
NP_564696,0.0
NP_564697,0.0
NP_564698,0.0
NP_564699,0.0
NP_564700,0.0
NP_564702,0.0
NP_564703,0.0
NP_564704,0.0
NP_564705,0.0
NP_564706,0.0
NP_564708,0.0
NP_564709,749.0
NP_564710,753.0
NP_564711,0.0
NP_564712,0.0
NP_564713,0.0
NP_564714,0.0
NP_564715,0.0
NP_564716,0.0
NP_564717,0.0
NP_564718,49.0
NP_564720,0.0
NP_564721,0.0
NP_564722,603.0
NP_564723,0.0
NP_564724,0.0
NP_564725,0.0
NP_564726,0.0
NP_564728,41.0
NP_564729,0.0
NP_564730,0.0
NP_564731,0.0
NP_564732,0.0
NP_564733,0.0
NP_564734,0.0
NP_564736,0.0
NP_564737,0.0
NP_564738,0.0
NP_564739,0.0
NP_564740,0.0
NP_564741,0.0
NP_564742,0.0
NP_564743,0.0
NP_564744,0.0
NP_564745,0.0
NP_564746,1041.0
NP_564747,0.0
NP_564748,0.0
NP_564749,0.0
NP_564750,0.0
NP_564751,0.0
NP_564752,0.0
NP_564753,0.0
NP_564754,0.0
NP_564755,0.0
NP_564756,0.0
NP_564757,0.0
NP_564758,0.0
NP_564759,0.0
NP_564760,0.0
NP_564761,0.0
NP_564762,0.0
NP_564763,0.0
NP_564764,0.0
NP_564765,0.0
NP_564766,0.0
NP_564767,0.0
NP_564768,0.0
NP_564769,0.0
NP_564770,0.0
NP_564771,0.0
NP_564772,0.0
NP_564773,0.0
NP_564774,0.0
NP_564775,404.0
NP_564776,0.0
NP_564777,335.0
NP_564778,0.0
NP_564779,0.0
NP_564780,0.0
NP_564781,0.0
NP_564782,0.0
NP_564783,0.0
NP_564784,0.0
NP_564785,0.0
NP_564786,0.0
NP_564787,0.0
NP_564788,0.0
NP_564789,0.0
NP_564790,0.0
NP_564791,0.0
NP_564792,289.0
NP_564793,0.0
NP_564794,0.0
NP_564795,0.0
NP_564796,0.0
NP_564797,0.0
NP_564798,0.0
NP_564799,0.0
NP_564800,0.0
NP_564801,0.0
NP_564802,0.0
NP_564803,0.0
NP_564804,0.0
NP_564805,0.0
NP_564806,0.0
NP_564807,0.0
NP_564808,0.0
NP_564809,0.0
NP_564810,0.0
NP_564811,0.0
NP_564812,0.0
NP_564813,0.0
NP_564815,0.0
NP_564816,0.0
NP_564817,0.0
NP_564818,0.0
NP_564820,0.0
NP_564821,46.0
NP_564822,0.0
NP_564823,0.0
NP_564824,0.0
NP_564825,0.0
NP_564826,0.0
NP_564827,0.0
NP_564828,0.0
NP_564829,0.0
NP_564830,0.0
NP_564831,0.0
NP_564832,0.0
NP_564833,0.0
NP_564834,0.0
NP_564835,0.0
NP_564836,0.0
NP_564837,0.0
NP_564838,0.0
NP_564839,0.0
NP_564840,0.0
NP_564841,0.0
NP_564842,0.0
NP_564843,0.0
NP_564844,213.0
NP_564845,0.0
NP_564846,0.0
NP_564847,0.0
NP_564848,0.0
NP_564849,0.0
NP_564850,0.0
NP_564851,0.0
NP_564853,0.0
NP_564854,0.0
NP_564855,0.0
NP_564856,0.0
NP_564857,0.0
NP_564858,0.0
NP_564859,0.0
NP_564860,0.0
NP_564862,0.0
NP_564863,0.0
NP_564864,0.0
NP_564865,0.0
NP_564866,0.0
NP_564867,0.0
NP_564868,45.0
NP_564869,0.0
NP_564870,0.0
NP_564871,0.0
NP_564872,0.0
NP_564873,0.0
NP_564874,0.0
NP_564875,0.0
NP_564876,0.0
NP_564877,0.0
NP_564878,0.0
NP_564879,0.0
NP_564880,0.0
NP_564881,0.0
NP_564883,0.0
NP_564884,0.0
NP_564885,0.0
NP_564886,0.0
NP_564887,0.0
NP_564888,0.0
NP_564889,0.0
NP_564890,0.0
NP_564891,0.0
NP_564892,0.0
NP_564893,0.0
NP_564894,0.0
NP_564895,0.0
NP_564896,0.0
NP_564897,0.0
NP_564898,256.0
NP_564899,0.0
NP_564900,0.0
NP_564901,0.0
NP_564902,0.0
NP_564903,0.0
NP_564904,542.0
NP_564905,0.0
NP_564906,0.0
NP_564907,0.0
NP_564908,0.0
NP_564909,0.0
NP_564910,0.0
NP_564911,0.0
NP_564912,0.0
NP_564913,241.0
NP_564914,0.0
NP_564915,41.0
NP_564916,0.0
NP_564917,0.0
NP_564918,0.0
NP_564919,0.0
NP_564920,0.0
NP_564921,0.0
NP_564922,0.0
NP_564923,0.0
NP_564924,0.0
NP_564925,0.0
NP_564926,29.0
NP_564927,0.0
NP_564928,0.0
NP_564929,0.0
NP_564930,0.0
NP_564931,0.0
NP_564932,0.0
NP_564933,0.0
NP_564934,0.0
NP_564935,0.0
NP_564936,0.0
NP_564937,0.0
NP_564938,0.0
NP_564939,0.0
NP_564940,0.0
NP_564941,0.0
NP_564942,347.0
NP_564943,0.0
NP_564944,0.0
NP_564945,0.0
NP_564946,0.0
NP_564947,0.0
NP_564948,0.0
NP_564949,0.0
NP_564950,0.0
NP_564951,0.0
NP_564952,0.0
NP_564954,0.0
NP_564955,0.0
NP_564956,0.0
NP_564957,0.0
NP_564958,0.0
NP_564959,0.0
NP_564960,0.0
NP_564961,0.0
NP_564962,0.0
NP_564963,0.0
NP_564964,0.0
NP_564965,0.0
NP_564966,0.0
NP_564967,0.0
NP_564968,0.0
NP_564969,0.0
NP_564970,0.0
NP_564971,1967.0
NP_564972,0.0
NP_564973,42.0
NP_564974,0.0
NP_564975,0.0
NP_564976,223.0
NP_564977,0.0
NP_564978,0.0
NP_564979,0.0
NP_564980,0.0
NP_564981,0.0
NP_564982,0.0
NP_564983,0.0
NP_564984,0.0
NP_564985,0.0
NP_564986,0.0
NP_564987,0.0
NP_564988,0.0
NP_564989,0.0
NP_564990,0.0
NP_564991,42.0
NP_564992,0.0
NP_564993,0.0
NP_564994,0.0
NP_564995,0.0
NP_564996,0.0
NP_564997,0.0
NP_564998,0.0
NP_564999,37.0
NP_565000,0.0
NP_565001,0.0
NP_565002,0.0
NP_565003,0.0
NP_565004,0.0
NP_565005,0.0
NP_565006,0.0
NP_565007,0.0
NP_565008,0.0
NP_565009,0.0
NP_565010,0.0
NP_565011,48.0
NP_565012,0.0
NP_565013,0.0
NP_565014,0.0
NP_565015,0.0
NP_565016,0.0
NP_565017,0.0
NP_565018,39.0
NP_565019,0.0
NP_565020,0.0
NP_565021,0.0
NP_565022,0.0
NP_565023,0.0
NP_565024,0.0
NP_565025,0.0
NP_565026,47.0
NP_565027,0.0
NP_565028,0.0
NP_565029,34.0
NP_565030,0.0
NP_565031,0.0
NP_565032,0.0
NP_565033,0.0
NP_565034,0.0
NP_565035,0.0
NP_565036,0.0
NP_565037,0.0
NP_565038,0.0
NP_565039,49.0
NP_565040,0.0
NP_565041,0.0
NP_565042,0.0
NP_565043,0.0
NP_565044,0.0
NP_565045,0.0
NP_565046,0.0
NP_565047,0.0
NP_565048,0.0
NP_565049,0.0
NP_565050,0.0
NP_565051,0.0
NP_565052,0.0
NP_565053,0.0
NP_565054,39.0
NP_565055,0.0
NP_565056,0.0
NP_565057,0.0
NP_565058,0.0
NP_565059,0.0
NP_565060,0.0
NP_565061,0.0
NP_565062,0.0
NP_565063,0.0
NP_565064,0.0
NP_565065,0.0
NP_565066,0.0
NP_565067,0.0
NP_565068,0.0
NP_565069,0.0
NP_565070,851.0
NP_565071,0.0
NP_565072,0.0
NP_565074,0.0
NP_565075,0.0
NP_565076,0.0
NP_565077,34.0
NP_565078,0.0
NP_565079,35.0
NP_565080,0.0
NP_565081,0.0
NP_565082,0.0
NP_565083,52.0
NP_565084,1137.0
NP_565085,0.0
NP_565086,46.0
NP_565087,0.0
NP_565088,0.0
NP_565089,0.0
NP_565090,0.0
NP_565091,0.0
NP_565092,0.0
NP_565093,0.0
NP_565094,0.0
NP_565095,0.0
NP_565096,0.0
NP_565097,0.0
NP_565098,0.0
NP_565099,45.0
NP_565100,0.0
NP_565101,0.0
NP_565102,0.0
NP_565103,0.0
NP_565104,0.0
NP_565105,0.0
NP_565106,0.0
NP_565107,0.0
NP_565108,0.0
NP_565109,0.0
NP_565110,0.0
NP_565111,0.0
NP_565112,0.0
NP_565113,0.0
NP_565114,0.0
NP_565115,0.0
NP_565116,0.0
NP_565117,0.0
NP_565118,0.0
NP_565119,0.0
NP_565120,0.0
NP_565121,0.0
NP_565122,0.0
NP_565123,0.0
NP_565124,0.0
NP_565125,0.0
NP_565126,0.0
NP_565127,0.0
NP_565128,0.0
NP_565129,0.0
NP_565130,0.0
NP_565131,0.0
NP_565132,0.0
NP_565133,0.0
NP_565134,0.0
NP_565135,0.0
NP_565136,0.0
NP_565137,46.0
NP_565138,0.0
NP_565139,0.0
NP_565140,45.0
NP_565142,0.0
NP_565143,0.0
NP_565144,44.0
NP_565145,0.0
NP_565146,0.0
NP_565147,47.0
NP_565148,0.0
NP_565149,0.0
NP_565150,0.0
NP_565151,0.0
NP_565152,0.0
NP_565153,0.0
NP_565154,0.0
NP_565155,0.0
NP_565156,0.0
NP_565157,0.0
NP_565158,0.0
NP_565159,0.0
NP_565160,35.0
NP_565161,0.0
NP_565162,0.0
NP_565163,0.0
NP_565164,0.0
NP_565165,40.0
NP_565166,0.0
NP_565167,0.0
NP_565168,0.0
NP_565169,0.0
NP_565170,0.0
NP_565171,0.0
NP_565172,0.0
NP_565173,0.0
NP_565174,0.0
NP_565175,0.0
NP_565176,0.0
NP_565177,0.0
NP_565178,0.0
NP_565179,0.0
NP_565180,0.0
NP_565181,0.0
NP_565182,0.0
NP_565183,0.0
NP_565184,0.0
NP_565185,0.0
NP_565186,0.0
NP_565187,0.0
NP_565188,0.0
NP_565189,0.0
NP_565190,0.0
NP_565191,0.0
NP_565192,0.0
NP_565193,0.0
NP_565194,0.0
NP_565195,0.0
NP_565196,0.0
NP_565197,0.0
NP_565198,0.0
NP_565199,0.0
NP_565200,0.0
NP_565201,0.0
NP_565202,0.0
NP_565203,0.0
NP_565204,0.0
NP_565205,0.0
NP_565206,0.0
NP_565207,0.0
NP_565208,0.0
NP_565209,0.0
NP_565210,0.0
NP_565211,0.0
NP_565212,0.0
NP_565213,0.0
NP_565214,44.0
NP_565216,0.0
NP_565217,0.0
NP_565218,0.0
NP_565219,0.0
NP_565220,0.0
NP_565221,0.0
NP_565222,0.0
NP_565223,0.0
NP_565224,0.0
NP_565226,0.0
NP_565227,0.0
NP_565228,0.0
NP_565229,0.0
NP_565230,0.0
NP_565231,0.0
NP_565232,0.0
NP_565233,0.0
NP_565234,0.0
NP_565235,0.0
NP_565236,0.0
NP_565237,0.0
NP_565238,0.0
NP_565239,35.0
NP_565240,0.0
NP_565242,54.0
NP_565243,0.0
NP_565244,0.0
NP_565245,0.0
NP_565246,0.0
NP_565247,0.0
NP_565248,0.0
NP_565249,0.0
NP_565250,0.0
NP_565251,0.0
NP_565252,0.0
NP_565253,0.0
NP_565254,0.0
NP_565255,0.0
NP_565256,0.0
NP_565257,39.0
NP_565258,0.0
NP_565259,0.0
NP_565260,0.0
NP_565261,0.0
NP_565262,0.0
NP_565263,0.0
NP_565264,0.0
NP_565265,0.0
NP_565266,0.0
NP_565267,44.0
NP_565268,53.0
NP_565269,552.0
NP_565270,0.0
NP_565271,44.0
NP_565272,0.0
NP_565273,0.0
NP_565274,40.0
NP_565275,0.0
NP_565276,0.0
NP_565277,0.0
NP_565278,0.0
NP_565279,0.0
NP_565280,0.0
NP_565281,0.0
NP_565282,0.0
NP_565283,0.0
NP_565284,68.0
NP_565285,0.0
NP_565286,0.0
NP_565287,0.0
NP_565288,0.0
NP_565289,0.0
NP_565290,0.0
NP_565291,0.0
NP_565292,0.0
NP_565293,0.0
NP_565294,0.0
NP_565295,0.0
NP_565296,0.0
NP_565297,0.0
NP_565298,42.0
NP_565299,0.0
NP_565300,0.0
NP_565301,0.0
NP_565302,0.0
NP_565303,0.0
NP_565304,0.0
NP_565305,0.0
NP_565306,0.0
NP_565307,0.0
NP_565308,0.0
NP_565309,0.0
NP_565310,0.0
NP_565311,0.0
NP_565312,0.0
NP_565313,0.0
NP_565314,0.0
NP_565315,0.0
NP_565316,0.0
NP_565317,0.0
NP_565318,0.0
NP_565319,0.0
NP_565320,0.0
NP_565321,0.0
NP_565322,0.0
NP_565323,0.0
NP_565324,0.0
NP_565325,0.0
NP_565326,32.0
NP_565327,0.0
NP_565328,0.0
NP_565330,0.0
NP_565331,0.0
NP_565332,0.0
NP_565333,0.0
NP_565334,0.0
NP_565335,0.0
NP_565336,0.0
NP_565337,0.0
NP_565338,0.0
NP_565340,0.0
NP_565341,0.0
NP_565343,0.0
NP_565344,0.0
NP_565346,0.0
NP_565347,0.0
NP_565348,0.0
NP_565349,0.0
NP_565350,0.0
NP_565351,322.0
NP_565352,0.0
NP_565353,0.0
NP_565354,0.0
NP_565355,0.0
NP_565356,0.0
NP_565357,0.0
NP_565358,0.0
NP_565359,0.0
NP_565360,0.0
NP_565361,0.0
NP_565362,0.0
NP_565363,0.0
NP_565364,0.0
NP_565365,0.0
NP_565366,0.0
NP_565368,0.0
NP_565369,0.0
NP_565370,0.0
NP_565371,0.0
NP_565372,0.0
NP_565373,0.0
NP_565374,0.0
NP_565375,0.0
NP_565376,0.0
NP_565377,0.0
NP_565378,0.0
NP_565379,0.0
NP_565380,0.0
NP_565381,0.0
NP_565382,43.0
NP_565383,0.0
NP_565384,0.0
NP_565385,0.0
NP_565387,0.0
NP_565388,0.0
NP_565389,0.0
NP_565390,0.0
NP_565391,0.0
NP_565392,0.0
NP_565393,0.0
NP_565394,0.0
NP_565395,0.0
NP_565396,0.0
NP_565397,0.0
NP_565398,0.0
NP_565399,0.0
NP_565400,85.0
NP_565401,0.0
NP_565402,0.0
NP_565404,0.0
NP_565405,0.0
NP_565406,0.0
NP_565407,0.0
NP_565408,965.0
NP_565409,0.0
NP_565410,0.0
NP_565411,0.0
NP_565412,44.0
NP_565413,0.0
NP_565414,0.0
NP_565415,0.0
NP_565416,0.0
NP_565417,0.0
NP_565418,0.0
NP_565419,0.0
NP_565420,0.0
NP_565421,0.0
NP_565422,0.0
NP_565423,0.0
NP_565424,43.0
NP_565425,0.0
NP_565426,0.0
NP_565427,0.0
NP_565428,0.0
NP_565429,0.0
NP_565430,0.0
NP_565431,0.0
NP_565432,0.0
NP_565433,0.0
NP_565434,0.0
NP_565435,0.0
NP_565436,0.0
NP_565437,0.0
NP_565438,0.0
NP_565439,0.0
NP_565440,0.0
NP_565441,0.0
NP_565442,0.0
NP_565443,0.0
NP_565444,0.0
NP_565445,0.0
NP_565446,0.0
NP_565447,0.0
NP_565448,0.0
NP_565449,0.0
NP_565450,0.0
NP_565451,0.0
NP_565452,43.0
NP_565453,0.0
NP_565454,0.0
NP_565455,0.0
NP_565456,0.0
NP_565457,0.0
NP_565458,0.0
NP_565459,0.0
NP_565460,0.0
NP_565461,0.0
NP_565462,0.0
NP_565463,0.0
NP_565464,0.0
NP_565465,0.0
NP_565467,0.0
NP_565468,0.0
NP_565469,0.0
NP_565470,0.0
NP_565471,0.0
NP_565472,0.0
NP_565473,0.0
NP_565474,0.0
NP_565475,0.0
NP_565476,0.0
NP_565477,0.0
NP_565478,0.0
NP_565479,0.0
NP_565480,0.0
NP_565481,0.0
NP_565482,0.0
NP_565483,45.0
NP_565484,0.0
NP_565485,0.0
NP_565486,0.0
NP_565488,0.0
NP_565489,493.0
NP_565490,0.0
NP_565491,0.0
NP_565492,0.0
NP_565493,0.0
NP_565494,0.0
NP_565495,0.0
NP_565496,0.0
NP_565497,0.0
NP_565498,0.0
NP_565499,0.0
NP_565500,0.0
NP_565501,0.0
NP_565502,0.0
NP_565503,0.0
NP_565504,0.0
NP_565505,0.0
NP_565506,0.0
NP_565507,0.0
NP_565508,0.0
NP_565509,0.0
NP_565510,48.0
NP_565511,0.0
NP_565512,0.0
NP_565513,0.0
NP_565514,41.0
NP_565516,0.0
NP_565517,0.0
NP_565518,0.0
NP_565519,0.0
NP_565520,0.0
NP_565521,0.0
NP_565522,0.0
NP_565523,0.0
NP_565524,0.0
NP_565525,0.0
NP_565526,0.0
NP_565527,0.0
NP_565528,0.0
NP_565529,0.0
NP_565530,0.0
NP_565531,0.0
NP_565532,42.0
NP_565533,0.0
NP_565534,0.0
NP_565535,0.0
NP_565536,0.0
NP_565537,0.0
NP_565538,0.0
NP_565539,0.0
NP_565540,0.0
NP_565541,0.0
NP_565542,0.0
NP_565543,0.0
NP_565544,0.0
NP_565546,0.0
NP_565547,0.0
NP_565548,0.0
NP_565549,0.0
NP_565550,0.0
NP_565551,0.0
NP_565552,452.0
NP_565553,0.0
NP_565554,0.0
NP_565555,0.0
NP_565556,0.0
NP_565557,0.0
NP_565558,0.0
NP_565559,0.0
NP_565560,0.0
NP_565561,0.0
NP_565562,0.0
NP_565563,0.0
NP_565564,0.0
NP_565565,0.0
NP_565566,0.0
NP_565567,0.0
NP_565568,39.0
NP_565569,0.0
NP_565570,0.0
NP_565571,0.0
NP_565572,0.0
NP_565573,0.0
NP_565574,237.0
NP_565575,0.0
NP_565576,0.0
NP_565577,0.0
NP_565578,0.0
NP_565580,0.0
NP_565581,0.0
NP_565582,0.0
NP_565584,0.0
NP_565585,0.0
NP_565586,42.0
NP_565587,41.0
NP_565588,0.0
NP_565590,0.0
NP_565591,0.0
NP_565592,0.0
NP_565593,0.0
NP_565594,0.0
NP_565595,45.0
NP_565596,0.0
NP_565597,73.0
NP_565598,0.0
NP_565599,0.0
NP_565600,0.0
NP_565602,0.0
NP_565603,0.0
NP_565604,0.0
NP_565605,0.0
NP_565606,0.0
NP_565607,48.0
NP_565608,0.0
NP_565609,0.0
NP_565610,0.0
NP_565611,0.0
NP_565612,0.0
NP_565613,0.0
NP_565614,0.0
NP_565615,0.0
NP_565616,0.0
NP_565617,0.0
NP_565618,0.0
NP_565620,0.0
NP_565621,0.0
NP_565622,0.0
NP_565623,0.0
NP_565624,37.0
NP_565625,0.0
NP_565626,0.0
NP_565627,0.0
NP_565628,0.0
NP_565629,0.0
NP_565632,0.0
NP_565633,0.0
NP_565634,0.0
NP_565635,0.0
NP_565636,0.0
NP_565637,0.0
NP_565638,0.0
NP_565639,0.0
NP_565640,0.0
NP_565641,0.0
NP_565642,0.0
NP_565643,0.0
NP_565644,0.0
NP_565645,0.0
NP_565646,0.0
NP_565647,0.0
NP_565648,0.0
NP_565649,0.0
NP_565650,0.0
NP_565651,0.0
NP_565652,536.0
NP_565653,0.0
NP_565654,0.0
NP_565655,0.0
NP_565656,0.0
NP_565657,0.0
NP_565658,0.0
NP_565659,0.0
NP_565660,0.0
NP_565661,0.0
NP_565663,0.0
NP_565664,0.0
NP_565665,0.0
NP_565666,0.0
NP_565668,0.0
NP_565669,0.0
NP_565670,0.0
NP_565671,0.0
NP_565672,0.0
NP_565673,48.0
NP_565674,0.0
NP_565675,0.0
NP_565677,0.0
NP_565678,0.0
NP_565679,0.0
NP_565680,0.0
NP_565681,0.0
NP_565682,0.0
NP_565683,0.0
NP_565684,0.0
NP_565685,0.0
NP_565686,0.0
NP_565687,0.0
NP_565688,0.0
NP_565689,0.0
NP_565690,0.0
NP_565691,0.0
NP_565692,0.0
NP_565693,0.0
NP_565694,0.0
NP_565695,0.0
NP_565696,0.0
NP_565697,0.0
NP_565699,0.0
NP_565700,0.0
NP_565701,0.0
NP_565702,0.0
NP_565703,231.0
NP_565704,0.0
NP_565706,0.0
NP_565707,0.0
NP_565708,0.0
NP_565711,0.0
NP_565712,46.0
NP_565713,0.0
NP_565714,0.0
NP_565715,0.0
NP_565716,0.0
NP_565717,50.0
NP_565718,0.0
NP_565719,0.0
NP_565720,0.0
NP_565721,0.0
NP_565722,0.0
NP_565723,0.0
NP_565724,0.0
NP_565725,0.0
NP_565726,0.0
NP_565727,0.0
NP_565728,0.0
NP_565729,0.0
NP_565730,0.0
NP_565731,0.0
NP_565732,0.0
NP_565733,0.0
NP_565734,36.0
NP_565735,0.0
NP_565736,0.0
NP_565737,0.0
NP_565738,0.0
NP_565739,0.0
NP_565740,0.0
NP_565741,78.0
NP_565742,0.0
NP_565743,0.0
NP_565744,0.0
NP_565745,0.0
NP_565746,0.0
NP_565747,0.0
NP_565748,0.0
NP_565749,0.0
NP_565750,0.0
NP_565752,0.0
NP_565753,51.0
NP_565754,0.0
NP_565755,0.0
NP_565756,0.0
NP_565757,0.0
NP_565758,0.0
NP_565759,0.0
NP_565760,0.0
NP_565761,0.0
NP_565762,0.0
NP_565764,0.0
NP_565765,0.0
NP_565766,0.0
NP_565767,0.0
NP_565768,0.0
NP_565769,0.0
NP_565770,0.0
NP_565771,0.0
NP_565774,0.0
NP_565775,0.0
NP_565776,0.0
NP_565777,0.0
NP_565778,0.0
NP_565779,0.0
NP_565780,0.0
NP_565781,0.0
NP_565782,0.0
NP_565783,0.0
NP_565784,0.0
NP_565785,0.0
NP_565786,0.0
NP_565787,0.0
NP_565788,0.0
NP_565789,0.0
NP_565791,0.0
NP_565792,0.0
NP_565793,0.0
NP_565794,0.0
NP_565795,0.0
NP_565796,0.0
NP_565797,0.0
NP_565798,34.0
NP_565799,0.0
NP_565800,0.0
NP_565801,0.0
NP_565802,0.0
NP_565803,0.0
NP_565804,0.0
NP_565805,0.0
NP_565806,0.0
NP_565807,0.0
NP_565808,0.0
NP_565809,0.0
NP_565810,0.0
NP_565811,47.0
NP_565812,0.0
NP_565813,0.0
NP_565814,0.0
NP_565815,0.0
NP_565816,0.0
NP_565817,0.0
NP_565819,0.0
NP_565820,0.0
NP_565821,0.0
NP_565822,0.0
NP_565823,0.0
NP_565824,0.0
NP_565825,0.0
NP_565826,0.0
NP_565827,0.0
NP_565828,0.0
NP_565829,49.0
NP_565831,0.0
NP_565832,0.0
NP_565833,0.0
NP_565834,0.0
NP_565835,0.0
NP_565836,0.0
NP_565837,0.0
NP_565838,0.0
NP_565839,0.0
NP_565840,0.0
NP_565841,0.0
NP_565842,0.0
NP_565843,0.0
NP_565844,0.0
NP_565845,45.0
NP_565846,0.0
NP_565847,0.0
NP_565850,0.0
NP_565851,0.0
NP_565852,0.0
NP_565853,0.0
NP_565854,0.0
NP_565855,0.0
NP_565856,0.0
NP_565857,0.0
NP_565858,0.0
NP_565859,0.0
NP_565860,0.0
NP_565861,0.0
NP_565863,0.0
NP_565864,0.0
NP_565865,0.0
NP_565866,0.0
NP_565868,0.0
NP_565869,0.0
NP_565870,0.0
NP_565871,0.0
NP_565872,0.0
NP_565873,0.0
NP_565874,0.0
NP_565875,0.0
NP_565876,0.0
NP_565877,0.0
NP_565878,0.0
NP_565879,43.0
NP_565880,0.0
NP_565881,0.0
NP_565882,0.0
NP_565883,0.0
NP_565884,0.0
NP_565885,0.0
NP_565886,0.0
NP_565887,0.0
NP_565888,0.0
NP_565889,0.0
NP_565890,0.0
NP_565891,0.0
NP_565892,39.0
NP_565893,0.0
NP_565894,0.0
NP_565895,0.0
NP_565897,0.0
NP_565898,0.0
NP_565899,0.0
NP_565900,0.0
NP_565901,0.0
NP_565902,0.0
NP_565903,0.0
NP_565906,0.0
NP_565907,0.0
NP_565908,0.0
NP_565909,0.0
NP_565910,0.0
NP_565911,0.0
NP_565912,0.0
NP_565913,0.0
NP_565914,0.0
NP_565915,0.0
NP_565916,0.0
NP_565917,0.0
NP_565918,0.0
NP_565919,57.0
NP_565920,0.0
NP_565921,43.0
NP_565922,0.0
NP_565923,0.0
NP_565924,0.0
NP_565925,0.0
NP_565926,0.0
NP_565927,0.0
NP_565928,0.0
NP_565929,0.0
NP_565930,0.0
NP_565931,0.0
NP_565932,0.0
NP_565933,0.0
NP_565934,0.0
NP_565935,0.0
NP_565936,0.0
NP_565937,0.0
NP_565938,0.0
NP_565939,0.0
NP_565940,0.0
NP_565941,0.0
NP_565942,0.0
NP_565944,48.0
NP_565945,0.0
NP_565946,0.0
NP_565947,0.0
NP_565948,0.0
NP_565949,0.0
NP_565950,0.0
NP_565951,0.0
NP_565952,0.0
NP_565953,0.0
NP_565954,0.0
NP_565956,0.0
NP_565957,0.0
NP_565958,0.0
NP_565959,0.0
NP_565960,0.0
NP_565961,0.0
NP_565962,0.0
NP_565963,63.0
NP_565964,0.0
NP_565965,0.0
NP_565967,0.0
NP_565968,0.0
NP_565969,0.0
NP_565970,0.0
NP_565971,0.0
NP_565972,0.0
NP_565973,0.0
NP_565974,0.0
NP_565975,0.0
NP_565976,0.0
NP_565977,0.0
NP_565978,0.0
NP_565979,47.0
NP_565980,0.0
NP_565981,0.0
NP_565982,0.0
NP_565983,0.0
NP_565984,0.0
NP_565985,0.0
NP_565986,0.0
NP_565987,0.0
NP_565988,0.0
NP_565989,876.0
NP_565990,0.0
NP_565991,47.0
NP_565993,0.0
NP_565995,562.0
NP_565996,0.0
NP_565997,0.0
NP_565998,0.0
NP_565999,0.0
NP_566000,0.0
NP_566001,0.0
NP_566002,0.0
NP_566003,0.0
NP_566004,0.0
NP_566005,42.0
NP_566006,0.0
NP_566007,0.0
NP_566008,0.0
NP_566009,0.0
NP_566010,0.0
NP_566011,0.0
NP_566013,0.0
NP_566014,0.0
NP_566015,0.0
NP_566016,0.0
NP_566017,0.0
NP_566018,0.0
NP_566019,0.0
NP_566020,0.0
NP_566021,0.0
NP_566022,0.0
NP_566023,0.0
NP_566024,0.0
NP_566025,309.0
NP_566026,0.0
NP_566027,0.0
NP_566028,0.0
NP_566029,0.0
NP_566030,0.0
NP_566031,0.0
NP_566032,43.0
NP_566033,0.0
NP_566034,0.0
NP_566035,0.0
NP_566036,0.0
NP_566037,0.0
NP_566038,0.0
NP_566039,0.0
NP_566040,49.0
NP_566041,0.0
NP_566042,0.0
NP_566043,35.0
NP_566044,0.0
NP_566045,0.0
NP_566047,0.0
NP_566048,34.0
NP_566049,0.0
NP_566050,0.0
NP_566051,0.0
NP_566052,0.0
NP_566053,0.0
NP_566054,0.0
NP_566055,0.0
NP_566056,0.0
NP_566057,0.0
NP_566058,0.0
NP_566059,0.0
NP_566060,0.0
NP_566061,0.0
NP_566062,0.0
NP_566063,0.0
NP_566064,0.0
NP_566065,0.0
NP_566066,0.0
NP_566067,0.0
NP_566068,0.0
NP_566069,0.0
NP_566070,0.0
NP_566071,0.0
NP_566072,0.0
NP_566073,0.0
NP_566074,0.0
NP_566075,39.0
NP_566076,0.0
NP_566077,0.0
NP_566078,0.0
NP_566079,0.0
NP_566080,0.0
NP_566081,0.0
NP_566082,0.0
NP_566084,0.0
NP_566085,0.0
NP_566086,0.0
NP_566089,0.0
NP_566090,0.0
NP_566091,0.0
NP_566092,0.0
NP_566093,0.0
NP_566094,0.0
NP_566095,0.0
NP_566096,0.0
NP_566097,0.0
NP_566098,0.0
NP_566099,0.0
NP_566100,0.0
NP_566101,0.0
NP_566102,0.0
NP_566103,47.0
NP_566105,0.0
NP_566106,0.0
NP_566107,0.0
NP_566108,0.0
NP_566110,0.0
NP_566111,0.0
NP_566112,0.0
NP_566113,0.0
NP_566114,0.0
NP_566115,0.0
NP_566116,0.0
NP_566117,0.0
NP_566118,0.0
NP_566119,41.0
NP_566120,0.0
NP_566121,0.0
NP_566122,0.0
NP_566123,0.0
NP_566124,0.0
NP_566125,40.0
NP_566126,0.0
NP_566127,0.0
NP_566128,0.0
NP_566129,0.0
NP_566130,0.0
NP_566131,0.0
NP_566132,0.0
NP_566133,0.0
NP_566135,0.0
NP_566136,0.0
NP_566137,0.0
NP_566138,0.0
NP_566139,0.0
NP_566140,0.0
NP_566141,0.0
NP_566142,0.0
NP_566143,0.0
NP_566144,0.0
NP_566145,0.0
NP_566146,0.0
NP_566147,0.0
NP_566148,0.0
NP_566149,0.0
NP_566150,0.0
NP_566151,0.0
NP_566152,0.0
NP_566153,0.0
NP_566154,0.0
NP_566155,0.0
NP_566156,0.0
NP_566157,0.0
NP_566159,0.0
NP_566160,0.0
NP_566161,0.0
NP_566162,0.0
NP_566163,0.0
NP_566164,0.0
NP_566165,40.0
NP_566166,0.0
NP_566167,0.0
NP_566168,0.0
NP_566169,0.0
NP_566170,0.0
NP_566171,0.0
NP_566172,0.0
NP_566173,0.0
NP_566174,0.0
NP_566175,0.0
NP_566176,0.0
NP_566177,0.0
NP_566178,0.0
NP_566179,0.0
NP_566180,0.0
NP_566181,0.0
NP_566182,0.0
NP_566183,0.0
NP_566184,0.0
NP_566185,0.0
NP_566186,0.0
NP_566187,0.0
NP_566188,0.0
NP_566189,0.0
NP_566190,0.0
NP_566191,0.0
NP_566192,0.0
NP_566193,0.0
NP_566194,0.0
NP_566195,0.0
NP_566196,0.0
NP_566197,0.0
NP_566198,0.0
NP_566199,41.0
NP_566200,0.0
NP_566201,0.0
NP_566202,0.0
NP_566203,0.0
NP_566204,0.0
NP_566205,0.0
NP_566206,0.0
NP_566207,43.0
NP_566208,0.0
NP_566209,0.0
NP_566210,0.0
NP_566211,0.0
NP_566212,0.0
NP_566213,564.0
NP_566214,0.0
NP_566215,0.0
NP_566216,0.0
NP_566217,0.0
NP_566218,0.0
NP_566219,0.0
NP_566220,0.0
NP_566221,0.0
NP_566222,0.0
NP_566223,937.0
NP_566224,0.0
NP_566225,48.0
NP_566226,0.0
NP_566227,0.0
NP_566228,0.0
NP_566229,0.0
NP_566230,0.0
NP_566231,0.0
NP_566232,43.0
NP_566233,0.0
NP_566234,0.0
NP_566235,0.0
NP_566236,225.0
NP_566237,0.0
NP_566238,0.0
NP_566239,0.0
NP_566240,0.0
NP_566241,0.0
NP_566242,0.0
NP_566243,0.0
NP_566244,0.0
NP_566245,0.0
NP_566246,0.0
NP_566247,0.0
NP_566248,0.0
NP_566249,0.0
NP_566250,0.0
NP_566251,0.0
NP_566252,0.0
NP_566254,0.0
NP_566255,0.0
NP_566256,38.0
NP_566257,0.0
NP_566258,0.0
NP_566259,47.0
NP_566260,0.0
NP_566261,0.0
NP_566262,0.0
NP_566263,0.0
NP_566264,0.0
NP_566265,0.0
NP_566266,0.0
NP_566267,0.0
NP_566268,0.0
NP_566269,0.0
NP_566270,0.0
NP_566271,0.0
NP_566272,0.0
NP_566273,0.0
NP_566274,0.0
NP_566275,0.0
NP_566276,0.0
NP_566277,0.0
NP_566278,0.0
NP_566279,0.0
NP_566280,0.0
NP_566281,0.0
NP_566282,0.0
NP_566283,0.0
NP_566284,0.0
NP_566285,0.0
NP_566286,0.0
NP_566287,0.0
NP_566288,0.0
NP_566289,39.0
NP_566290,0.0
NP_566291,0.0
NP_566292,0.0
NP_566293,0.0
NP_566294,0.0
NP_566295,0.0
NP_566296,40.0
NP_566297,0.0
NP_566298,744.0
NP_566299,0.0
NP_566300,0.0
NP_566301,0.0
NP_566302,0.0
NP_566303,0.0
NP_566304,0.0
NP_566305,0.0
NP_566306,39.0
NP_566307,0.0
NP_566308,0.0
NP_566309,0.0
NP_566310,0.0
NP_566311,53.0
NP_566312,50.0
NP_566313,0.0
NP_566314,0.0
NP_566315,0.0
NP_566316,0.0
NP_566317,39.0
NP_566318,42.0
NP_566319,0.0
NP_566320,0.0
NP_566321,0.0
NP_566322,38.0
NP_566323,0.0
NP_566324,0.0
NP_566325,0.0
NP_566326,40.0
NP_566327,0.0
NP_566328,0.0
NP_566329,0.0
NP_566330,0.0
NP_566331,0.0
NP_566332,0.0
NP_566333,0.0
NP_566334,0.0
NP_566335,47.0
NP_566336,0.0
NP_566337,0.0
NP_566338,0.0
NP_566339,0.0
NP_566340,0.0
NP_566341,608.0
NP_566342,0.0
NP_566343,0.0
NP_566344,0.0
NP_566345,0.0
NP_566346,0.0
NP_566347,0.0
NP_566348,0.0
NP_566349,0.0
NP_566350,0.0
NP_566351,0.0
NP_566352,0.0
NP_566353,0.0
NP_566354,0.0
NP_566355,42.0
NP_566356,0.0
NP_566357,0.0
NP_566358,0.0
NP_566359,44.0
NP_566360,0.0
NP_566361,0.0
NP_566362,0.0
NP_566363,0.0
NP_566364,0.0
NP_566365,0.0
NP_566366,0.0
NP_566367,0.0
NP_566368,0.0
NP_566369,0.0
NP_566370,0.0
NP_566371,0.0
NP_566372,0.0
NP_566373,63.0
NP_566374,0.0
NP_566375,0.0
NP_566376,0.0
NP_566377,0.0
NP_566378,0.0
NP_566379,0.0
NP_566380,0.0
NP_566381,0.0
NP_566382,0.0
NP_566383,0.0
NP_566384,0.0
NP_566385,0.0
NP_566386,0.0
NP_566387,0.0
NP_566388,0.0
NP_566389,0.0
NP_566390,0.0
NP_566391,0.0
NP_566392,46.0
NP_566393,0.0
NP_566394,0.0
NP_566395,0.0
NP_566396,0.0
NP_566397,0.0
NP_566398,32.0
NP_566399,0.0
NP_566400,0.0
NP_566401,0.0
NP_566402,0.0
NP_566403,0.0
NP_566404,0.0
NP_566405,0.0
NP_566406,0.0
NP_566408,0.0
NP_566409,0.0
NP_566410,0.0
NP_566411,0.0
NP_566412,0.0
NP_566413,0.0
NP_566414,0.0
NP_566415,0.0
NP_566416,0.0
NP_566417,0.0
NP_566418,0.0
NP_566419,0.0
NP_566421,0.0
NP_566422,0.0
NP_566423,0.0
NP_566424,0.0
NP_566426,1875.0
NP_566427,0.0
NP_566428,0.0
NP_566429,0.0
NP_566430,0.0
NP_566431,0.0
NP_566432,0.0
NP_566433,0.0
NP_566434,0.0
NP_566435,0.0
NP_566436,0.0
NP_566437,0.0
NP_566438,0.0
NP_566439,0.0
NP_566440,0.0
NP_566441,0.0
NP_566442,0.0
NP_566443,0.0
NP_566444,472.0
NP_566445,0.0
NP_566446,0.0
NP_566447,0.0
NP_566448,0.0
NP_566449,0.0
NP_566450,0.0
NP_566451,0.0
NP_566452,0.0
NP_566453,0.0
NP_566454,0.0
NP_566455,0.0
NP_566456,0.0
NP_566457,0.0
NP_566458,0.0
NP_566459,0.0
NP_566460,0.0
NP_566461,0.0
NP_566462,0.0
NP_566463,0.0
NP_566464,0.0
NP_566465,0.0
NP_566466,0.0
NP_566467,0.0
NP_566468,0.0
NP_566469,0.0
NP_566470,0.0
NP_566471,0.0
NP_566472,0.0
NP_566473,46.0
NP_566474,44.0
NP_566475,0.0
NP_566476,0.0
NP_566477,0.0
NP_566478,0.0
NP_566479,0.0
NP_566480,0.0
NP_566481,0.0
NP_566482,0.0
NP_566483,0.0
NP_566484,0.0
NP_566485,0.0
NP_566486,0.0
NP_566487,0.0
NP_566488,0.0
NP_566489,0.0
NP_566490,0.0
NP_566491,0.0
NP_566492,0.0
NP_566493,0.0
NP_566494,0.0
NP_566495,0.0
NP_566496,0.0
NP_566497,0.0
NP_566498,0.0
NP_566499,0.0
NP_566500,0.0
NP_566501,0.0
NP_566502,0.0
NP_566503,42.0
NP_566504,0.0
NP_566506,0.0
NP_566507,0.0
NP_566508,0.0
NP_566509,0.0
NP_566510,0.0
NP_566511,0.0
NP_566512,0.0
NP_566513,0.0
NP_566514,0.0
NP_566515,0.0
NP_566516,0.0
NP_566517,0.0
NP_566518,0.0
NP_566519,0.0
NP_566520,0.0
NP_566521,0.0
NP_566522,0.0
NP_566523,0.0
NP_566524,0.0
NP_566525,0.0
NP_566526,0.0
NP_566527,0.0
NP_566528,0.0
NP_566529,0.0
NP_566530,615.0
NP_566531,0.0
NP_566532,0.0
NP_566533,0.0
NP_566534,0.0
NP_566535,0.0
NP_566536,0.0
NP_566538,0.0
NP_566539,0.0
NP_566540,0.0
NP_566541,0.0
NP_566542,0.0
NP_566543,44.0
NP_566544,0.0
NP_566545,0.0
NP_566546,0.0
NP_566547,0.0
NP_566548,0.0
NP_566549,0.0
NP_566550,0.0
NP_566552,0.0
NP_566553,0.0
NP_566554,0.0
NP_566556,0.0
NP_566557,0.0
NP_566558,0.0
NP_566559,0.0
NP_566561,0.0
NP_566562,0.0
NP_566563,0.0
NP_566564,0.0
NP_566565,0.0
NP_566566,0.0
NP_566567,0.0
NP_566568,0.0
NP_566569,0.0
NP_566570,0.0
NP_566571,0.0
NP_566572,0.0
NP_566573,0.0
NP_566574,0.0
NP_566575,0.0
NP_566576,0.0
NP_566577,0.0
NP_566578,0.0
NP_566579,0.0
NP_566580,0.0
NP_566581,0.0
NP_566584,0.0
NP_566585,0.0
NP_566586,0.0
NP_566587,0.0
NP_566588,0.0
NP_566589,504.0
NP_566590,0.0
NP_566591,0.0
NP_566592,0.0
NP_566593,36.0
NP_566594,0.0
NP_566595,863.0
NP_566596,0.0
NP_566597,0.0
NP_566598,0.0
NP_566599,0.0
NP_566600,0.0
NP_566601,0.0
NP_566602,0.0
NP_566603,0.0
NP_566604,0.0
NP_566605,0.0
NP_566606,0.0
NP_566607,53.0
NP_566608,0.0
NP_566609,0.0
NP_566610,0.0
NP_566611,0.0
NP_566612,38.0
NP_566614,0.0
NP_566615,0.0
NP_566616,0.0
NP_566617,0.0
NP_566618,0.0
NP_566619,0.0
NP_566620,0.0
NP_566621,0.0
NP_566622,0.0
NP_566623,0.0
NP_566624,35.0
NP_566625,0.0
NP_566626,0.0
NP_566627,0.0
NP_566628,0.0
NP_566629,0.0
NP_566630,379.0
NP_566631,0.0
NP_566632,0.0
NP_566633,0.0
NP_566634,0.0
NP_566635,0.0
NP_566636,0.0
NP_566637,0.0
NP_566638,0.0
NP_566639,0.0
NP_566641,0.0
NP_566642,0.0
NP_566643,0.0
NP_566644,0.0
NP_566645,0.0
NP_566646,0.0
NP_566647,0.0
NP_566648,0.0
NP_566649,0.0
NP_566650,0.0
NP_566651,0.0
NP_566652,0.0
NP_566653,0.0
NP_566654,0.0
NP_566655,0.0
NP_566656,0.0
NP_566657,0.0
NP_566658,0.0
NP_566659,0.0
NP_566660,0.0
NP_566661,0.0
NP_566662,31.0
NP_566663,0.0
NP_566664,0.0
NP_566665,0.0
NP_566666,0.0
NP_566667,0.0
NP_566668,0.0
NP_566669,0.0
NP_566670,0.0
NP_566671,0.0
NP_566672,0.0
NP_566673,0.0
NP_566674,0.0
NP_566675,0.0
NP_566676,0.0
NP_566677,0.0
NP_566678,0.0
NP_566679,0.0
NP_566680,0.0
NP_566681,0.0
NP_566682,0.0
NP_566683,0.0
NP_566684,0.0
NP_566685,0.0
NP_566686,39.0
NP_566687,0.0
NP_566688,47.0
NP_566689,3151.0
NP_566690,0.0
NP_566691,0.0
NP_566692,0.0
NP_566693,0.0
NP_566694,0.0
NP_566695,0.0
NP_566696,0.0
NP_566697,0.0
NP_566698,0.0
NP_566699,0.0
NP_566700,0.0
NP_566701,0.0
NP_566702,0.0
NP_566703,0.0
NP_566704,0.0
NP_566705,46.0
NP_566707,0.0
NP_566709,0.0
NP_566710,0.0
NP_566712,0.0
NP_566713,0.0
NP_566714,0.0
NP_566715,0.0
NP_566716,206.0
NP_566717,0.0
NP_566718,44.0
NP_566719,0.0
NP_566720,0.0
NP_566721,0.0
NP_566722,0.0
NP_566723,0.0
NP_566724,0.0
NP_566725,38.0
NP_566726,0.0
NP_566727,0.0
NP_566728,0.0
NP_566729,0.0
NP_566730,56.0
NP_566731,0.0
NP_566732,0.0
NP_566733,0.0
NP_566734,0.0
NP_566735,0.0
NP_566736,0.0
NP_566737,0.0
NP_566738,0.0
NP_566739,0.0
NP_566740,0.0
NP_566741,0.0
NP_566742,0.0
NP_566743,0.0
NP_566744,0.0
NP_566745,54.0
NP_566746,0.0
NP_566747,0.0
NP_566749,55.0
NP_566750,0.0
NP_566751,0.0
NP_566752,0.0
NP_566753,43.0
NP_566754,0.0
NP_566755,0.0
NP_566757,710.0
NP_566758,0.0
NP_566759,0.0
NP_566760,0.0
NP_566761,0.0
NP_566762,0.0
NP_566763,0.0
NP_566764,0.0
NP_566765,0.0
NP_566766,0.0
NP_566767,0.0
NP_566768,0.0
NP_566769,0.0
NP_566770,0.0
NP_566771,0.0
NP_566772,0.0
NP_566773,0.0
NP_566774,0.0
NP_566775,0.0
NP_566776,0.0
NP_566777,54.0
NP_566778,0.0
NP_566779,0.0
NP_566781,0.0
NP_566782,0.0
NP_566783,0.0
NP_566784,0.0
NP_566785,0.0
NP_566786,0.0
NP_566787,0.0
NP_566788,0.0
NP_566789,0.0
NP_566790,0.0
NP_566791,0.0
NP_566792,0.0
NP_566793,0.0
NP_566794,0.0
NP_566796,0.0
NP_566797,0.0
NP_566798,0.0
NP_566799,50.0
NP_566800,78.0
NP_566801,42.0
NP_566802,0.0
NP_566803,0.0
NP_566804,41.0
NP_566805,0.0
NP_566806,0.0
NP_566807,0.0
NP_566808,0.0
NP_566809,0.0
NP_566810,0.0
NP_566811,41.0
NP_566812,0.0
NP_566813,0.0
NP_566814,0.0
NP_566815,0.0
NP_566816,0.0
NP_566817,39.0
NP_566818,0.0
NP_566819,0.0
NP_566820,42.0
NP_566821,0.0
NP_566822,0.0
NP_566823,0.0
NP_566824,0.0
NP_566825,0.0
NP_566827,0.0
NP_566828,0.0
NP_566829,0.0
NP_566831,0.0
NP_566832,0.0
NP_566833,0.0
NP_566834,0.0
NP_566835,0.0
NP_566836,0.0
NP_566837,0.0
NP_566838,0.0
NP_566839,49.0
NP_566840,0.0
NP_566841,0.0
NP_566842,0.0
NP_566843,44.0
NP_566844,0.0
NP_566845,0.0
NP_566846,0.0
NP_566847,0.0
NP_566848,0.0
NP_566849,0.0
NP_566850,0.0
NP_566851,0.0
NP_566852,0.0
NP_566853,0.0
NP_566854,0.0
NP_566858,0.0
NP_566861,0.0
NP_566862,0.0
NP_566863,0.0
NP_566864,0.0
NP_566865,0.0
NP_566866,0.0
NP_566867,0.0
NP_566869,0.0
NP_566870,0.0
NP_566871,0.0
NP_566872,0.0
NP_566873,0.0
NP_566874,0.0
NP_566875,0.0
NP_566876,0.0
NP_566877,37.0
NP_566878,0.0
NP_566879,0.0
NP_566880,0.0
NP_566881,0.0
NP_566882,0.0
NP_566883,0.0
NP_566884,0.0
NP_566885,0.0
NP_566886,0.0
NP_566887,0.0
NP_566888,0.0
NP_566889,0.0
NP_566890,0.0
NP_566891,0.0
NP_566892,2928.0
NP_566893,0.0
NP_566894,0.0
NP_566895,0.0
NP_566896,40.0
NP_566897,0.0
NP_566898,0.0
NP_566899,0.0
NP_566900,0.0
NP_566901,0.0
NP_566902,0.0
NP_566903,0.0
NP_566904,0.0
NP_566905,0.0
NP_566906,0.0
NP_566907,0.0
NP_566909,0.0
NP_566910,0.0
NP_566911,532.0
NP_566912,55.0
NP_566913,0.0
NP_566914,0.0
NP_566915,295.0
NP_566916,0.0
NP_566917,0.0
NP_566918,0.0
NP_566919,0.0
NP_566920,0.0
NP_566921,45.0
NP_566922,0.0
NP_566923,0.0
NP_566924,0.0
NP_566925,0.0
NP_566926,0.0
NP_566927,0.0
NP_566928,54.0
NP_566929,0.0
NP_566930,0.0
NP_566931,0.0
NP_566932,0.0
NP_566933,0.0
NP_566934,0.0
NP_566935,0.0
NP_566937,0.0
NP_566938,0.0
NP_566939,0.0
NP_566940,0.0
NP_566941,0.0
NP_566942,0.0
NP_566943,0.0
NP_566944,41.0
NP_566945,0.0
NP_566946,0.0
NP_566947,0.0
NP_566948,0.0
NP_566949,0.0
NP_566950,0.0
NP_566951,0.0
NP_566952,0.0
NP_566953,0.0
NP_566954,0.0
NP_566955,0.0
NP_566956,0.0
NP_566957,0.0
NP_566958,0.0
NP_566959,0.0
NP_566960,0.0
NP_566961,0.0
NP_566962,0.0
NP_566963,0.0
NP_566964,0.0
NP_566965,0.0
NP_566966,0.0
NP_566967,0.0
NP_566968,0.0
NP_566969,0.0
NP_566970,0.0
NP_566971,0.0
NP_566972,0.0
NP_566973,126.0
NP_566974,0.0
NP_566975,0.0
NP_566976,0.0
NP_566977,0.0
NP_566978,0.0
NP_566979,0.0
NP_566980,0.0
NP_566981,0.0
NP_566982,0.0
NP_566983,0.0
NP_566984,0.0
NP_566985,0.0
NP_566986,0.0
NP_566987,0.0
NP_566988,0.0
NP_566989,0.0
NP_566990,0.0
NP_566991,0.0
NP_566992,0.0
NP_566993,0.0
NP_566994,0.0
NP_566995,0.0
NP_566996,0.0
NP_566997,0.0
NP_566998,0.0
NP_566999,0.0
NP_567000,0.0
NP_567001,0.0
NP_567002,0.0
NP_567003,0.0
NP_567004,0.0
NP_567005,77.0
NP_567006,41.0
NP_567007,0.0
NP_567008,0.0
NP_567009,48.0
NP_567010,0.0
NP_567011,0.0
NP_567012,0.0
NP_567013,0.0
NP_567015,0.0
NP_567016,0.0
NP_567017,0.0
NP_567018,0.0
NP_567019,0.0
NP_567020,0.0
NP_567021,0.0
NP_567022,0.0
NP_567023,0.0
NP_567024,0.0
NP_567025,0.0
NP_567026,0.0
NP_567027,0.0
NP_567028,0.0
NP_567029,0.0
NP_567030,0.0
NP_567031,0.0
NP_567032,0.0
NP_567033,40.0
NP_567034,0.0
NP_567035,0.0
NP_567036,0.0
NP_567037,0.0
NP_567038,0.0
NP_567039,0.0
NP_567041,0.0
NP_567042,0.0
NP_567043,0.0
NP_567044,0.0
NP_567046,0.0
NP_567047,0.0
NP_567048,38.0
NP_567049,0.0
NP_567050,0.0
NP_567051,0.0
NP_567052,0.0
NP_567053,0.0
NP_567054,0.0
NP_567055,0.0
NP_567057,0.0
NP_567059,0.0
NP_567060,0.0
NP_567061,0.0
NP_567062,0.0
NP_567063,0.0
NP_567064,0.0
NP_567065,0.0
NP_567066,0.0
NP_567067,0.0
NP_567068,0.0
NP_567069,0.0
NP_567070,0.0
NP_567071,0.0
NP_567072,277.0
NP_567073,186.0
NP_567074,0.0
NP_567075,0.0
NP_567076,0.0
NP_567077,0.0
NP_567078,0.0
NP_567079,0.0
NP_567080,0.0
NP_567081,0.0
NP_567082,507.0
NP_567083,0.0
NP_567084,0.0
NP_567085,0.0
NP_567086,0.0
NP_567087,43.0
NP_567088,0.0
NP_567089,0.0
NP_567090,0.0
NP_567091,0.0
NP_567092,0.0
NP_567093,0.0
NP_567094,0.0
NP_567096,0.0
NP_567097,0.0
NP_567098,0.0
NP_567099,0.0
NP_567100,0.0
NP_567101,0.0
NP_567103,0.0
NP_567104,0.0
NP_567105,0.0
NP_567106,38.0
NP_567107,50.0
NP_567108,0.0
NP_567109,0.0
NP_567110,0.0
NP_567111,0.0
NP_567112,0.0
NP_567113,0.0
NP_567114,0.0
NP_567115,0.0
NP_567116,0.0
NP_567117,0.0
NP_567118,0.0
NP_567119,0.0
NP_567120,0.0
NP_567121,0.0
NP_567122,0.0
NP_567123,0.0
NP_567124,0.0
NP_567125,0.0
NP_567126,0.0
NP_567127,263.0
NP_567129,0.0
NP_567130,0.0
NP_567131,0.0
NP_567132,0.0
NP_567133,0.0
NP_567134,0.0
NP_567135,0.0
NP_567136,0.0
NP_567137,0.0
NP_567138,0.0
NP_567139,44.0
NP_567140,0.0
NP_567141,0.0
NP_567142,0.0
NP_567143,0.0
NP_567144,0.0
NP_567145,0.0
NP_567146,0.0
NP_567147,0.0
NP_567148,0.0
NP_567149,0.0
NP_567150,0.0
NP_567151,0.0
NP_567152,0.0
NP_567153,0.0
NP_567154,0.0
NP_567155,0.0
NP_567156,0.0
NP_567157,0.0
NP_567158,0.0
NP_567159,0.0
NP_567160,0.0
NP_567161,0.0
NP_567162,0.0
NP_567163,0.0
NP_567164,0.0
NP_567165,0.0
NP_567166,0.0
NP_567167,0.0
NP_567168,0.0
NP_567169,0.0
NP_567170,415.0
NP_567171,0.0
NP_567172,564.0
NP_567173,0.0
NP_567174,0.0
NP_567175,0.0
NP_567176,0.0
NP_567177,0.0
NP_567178,0.0
NP_567179,0.0
NP_567180,0.0
NP_567181,0.0
NP_567182,0.0
NP_567183,0.0
NP_567184,43.0
NP_567185,0.0
NP_567186,0.0
NP_567187,0.0
NP_567189,48.0
NP_567190,0.0
NP_567191,0.0
NP_567192,0.0
NP_567193,0.0
NP_567194,0.0
NP_567195,0.0
NP_567196,0.0
NP_567197,0.0
NP_567198,0.0
NP_567200,0.0
NP_567201,48.0
NP_567202,0.0
NP_567204,448.0
NP_567205,0.0
NP_567206,0.0
NP_567207,0.0
NP_567208,0.0
NP_567209,0.0
NP_567210,0.0
NP_567211,0.0
NP_567212,0.0
NP_567213,0.0
NP_567214,0.0
NP_567215,36.0
NP_567216,0.0
NP_567217,0.0
NP_567218,0.0
NP_567219,0.0
NP_567220,44.0
NP_567221,0.0
NP_567222,0.0
NP_567223,0.0
NP_567224,0.0
NP_567225,0.0
NP_567226,0.0
NP_567227,0.0
NP_567228,0.0
NP_567229,0.0
NP_567230,0.0
NP_567231,0.0
NP_567232,0.0
NP_567233,407.0
NP_567234,400.0
NP_567236,40.0
NP_567238,45.0
NP_567239,0.0
NP_567241,0.0
NP_567242,48.0
NP_567243,0.0
NP_567244,0.0
NP_567245,0.0
NP_567246,0.0
NP_567247,0.0
NP_567248,0.0
NP_567249,0.0
NP_567250,0.0
NP_567251,0.0
NP_567252,0.0
NP_567253,0.0
NP_567254,0.0
NP_567255,71.0
NP_567256,0.0
NP_567257,0.0
NP_567258,0.0
NP_567259,0.0
NP_567261,0.0
NP_567262,0.0
NP_567263,0.0
NP_567264,0.0
NP_567265,0.0
NP_567266,0.0
NP_567268,0.0
NP_567269,0.0
NP_567270,0.0
NP_567271,0.0
NP_567272,0.0
NP_567273,0.0
NP_567274,0.0
NP_567275,0.0
NP_567276,0.0
NP_567277,380.0
NP_567278,0.0
NP_567279,0.0
NP_567280,0.0
NP_567281,0.0
NP_567282,0.0
NP_567283,0.0
NP_567284,0.0
NP_567285,0.0
NP_567286,0.0
NP_567287,0.0
NP_567288,0.0
NP_567289,0.0
NP_567290,0.0
NP_567291,0.0
NP_567292,0.0
NP_567293,0.0
NP_567294,55.0
NP_567296,0.0
NP_567299,0.0
NP_567300,0.0
NP_567301,0.0
NP_567306,0.0
NP_567311,0.0
NP_567314,0.0
NP_567315,0.0
NP_567316,0.0
NP_567317,0.0
NP_567323,0.0
NP_567329,0.0
NP_567330,39.0
NP_567334,0.0
NP_567335,0.0
NP_567336,0.0
NP_567337,0.0
NP_567338,0.0
NP_567339,0.0
NP_567340,0.0
NP_567341,0.0
NP_567342,0.0
NP_567343,0.0
NP_567344,0.0
NP_567345,0.0
NP_567346,0.0
NP_567347,0.0
NP_567348,0.0
NP_567349,0.0
NP_567350,0.0
NP_567351,0.0
NP_567352,0.0
NP_567353,0.0
NP_567354,0.0
NP_567355,0.0
NP_567356,0.0
NP_567357,0.0
NP_567358,0.0
NP_567359,0.0
NP_567360,52.0
NP_567361,0.0
NP_567362,0.0
NP_567363,41.0
NP_567364,0.0
NP_567365,0.0
NP_567366,0.0
NP_567367,0.0
NP_567368,0.0
NP_567369,0.0
NP_567372,0.0
NP_567374,0.0
NP_567375,0.0
NP_567376,0.0
NP_567377,0.0
NP_567378,1362.0
NP_567379,0.0
NP_567380,55.0
NP_567381,0.0
NP_567383,0.0
NP_567384,0.0
NP_567385,0.0
NP_567386,0.0
NP_567387,0.0
NP_567388,54.0
NP_567389,0.0
NP_567390,0.0
NP_567391,0.0
NP_567392,0.0
NP_567393,0.0
NP_567394,0.0
NP_567395,0.0
NP_567396,0.0
NP_567397,0.0
NP_567398,0.0
NP_567399,0.0
NP_567400,0.0
NP_567401,0.0
NP_567402,0.0
NP_567403,0.0
NP_567404,0.0
NP_567405,0.0
NP_567406,0.0
NP_567407,0.0
NP_567408,0.0
NP_567409,0.0
NP_567410,0.0
NP_567411,0.0
NP_567412,806.0
NP_567413,0.0
NP_567415,0.0
NP_567416,0.0
NP_567417,0.0
NP_567418,0.0
NP_567419,0.0
NP_567420,0.0
NP_567421,0.0
NP_567422,0.0
NP_567423,44.0
NP_567424,0.0
NP_567425,0.0
NP_567426,0.0
NP_567427,47.0
NP_567428,0.0
NP_567429,0.0
NP_567430,50.0
NP_567431,0.0
NP_567432,0.0
NP_567433,0.0
NP_567434,0.0
NP_567435,0.0
NP_567436,0.0
NP_567437,0.0
NP_567438,0.0
NP_567439,0.0
NP_567440,0.0
NP_567441,0.0
NP_567442,0.0
NP_567443,0.0
NP_567444,0.0
NP_567445,0.0
NP_567446,0.0
NP_567447,0.0
NP_567448,0.0
NP_567449,0.0
NP_567450,0.0
NP_567451,0.0
NP_567452,0.0
NP_567453,0.0
NP_567454,41.0
NP_567455,0.0
NP_567456,0.0
NP_567457,0.0
NP_567458,0.0
NP_567459,0.0
NP_567460,0.0
NP_567462,0.0
NP_567463,0.0
NP_567464,0.0
NP_567465,46.0
NP_567466,0.0
NP_567467,39.0
NP_567468,0.0
NP_567469,0.0
NP_567470,0.0
NP_567471,0.0
NP_567472,0.0
NP_567473,0.0
NP_567474,0.0
NP_567475,34.0
NP_567476,0.0
NP_567477,0.0
NP_567478,0.0
NP_567479,0.0
NP_567480,0.0
NP_567481,0.0
NP_567482,0.0
NP_567483,0.0
NP_567484,0.0
NP_567485,0.0
NP_567486,0.0
NP_567487,0.0
NP_567488,0.0
NP_567489,0.0
NP_567490,0.0
NP_567491,0.0
NP_567492,0.0
NP_567493,0.0
NP_567494,0.0
NP_567495,0.0
NP_567496,0.0
NP_567497,0.0
NP_567498,0.0
NP_567499,0.0
NP_567500,0.0
NP_567501,54.0
NP_567502,0.0
NP_567503,0.0
NP_567504,0.0
NP_567505,0.0
NP_567506,49.0
NP_567507,0.0
NP_567508,39.0
NP_567509,36.0
NP_567510,0.0
NP_567511,0.0
NP_567512,0.0
NP_567513,0.0
NP_567515,0.0
NP_567516,0.0
NP_567517,0.0
NP_567518,0.0
NP_567520,0.0
NP_567521,0.0
NP_567522,0.0
NP_567523,0.0
NP_567524,0.0
NP_567525,0.0
NP_567526,37.0
NP_567527,0.0
NP_567528,0.0
NP_567529,0.0
NP_567530,0.0
NP_567531,0.0
NP_567532,0.0
NP_567533,0.0
NP_567534,0.0
NP_567535,0.0
NP_567536,0.0
NP_567537,0.0
NP_567538,0.0
NP_567539,0.0
NP_567540,0.0
NP_567541,0.0
NP_567542,49.0
NP_567543,0.0
NP_567544,40.0
NP_567545,0.0
NP_567546,0.0
NP_567547,0.0
NP_567548,0.0
NP_567549,0.0
NP_567550,0.0
NP_567552,0.0
NP_567553,0.0
NP_567554,0.0
NP_567555,0.0
NP_567556,0.0
NP_567557,0.0
NP_567558,0.0
NP_567559,0.0
NP_567560,0.0
NP_567561,0.0
NP_567562,0.0
NP_567563,0.0
NP_567564,0.0
NP_567565,0.0
NP_567566,42.0
NP_567567,0.0
NP_567568,237.0
NP_567569,0.0
NP_567570,0.0
NP_567571,0.0
NP_567572,0.0
NP_567573,0.0
NP_567574,486.0
NP_567575,0.0
NP_567576,0.0
NP_567577,0.0
NP_567578,0.0
NP_567579,38.0
NP_567580,0.0
NP_567581,0.0
NP_567582,0.0
NP_567583,0.0
NP_567584,0.0
NP_567585,0.0
NP_567586,0.0
NP_567587,0.0
NP_567588,0.0
NP_567589,0.0
NP_567590,0.0
NP_567591,0.0
NP_567592,0.0
NP_567593,0.0
NP_567594,0.0
NP_567595,0.0
NP_567596,0.0
NP_567597,0.0
NP_567598,0.0
NP_567599,1006.0
NP_567600,0.0
NP_567601,0.0
NP_567602,0.0
NP_567605,0.0
NP_567606,0.0
NP_567607,0.0
NP_567608,0.0
NP_567609,0.0
NP_567610,0.0
NP_567611,0.0
NP_567612,0.0
NP_567614,0.0
NP_567615,0.0
NP_567616,0.0
NP_567617,0.0
NP_567618,0.0
NP_567619,0.0
NP_567620,0.0
NP_567621,44.0
NP_567622,38.0
NP_567623,0.0
NP_567624,38.0
NP_567625,0.0
NP_567626,0.0
NP_567627,0.0
NP_567628,0.0
NP_567629,0.0
NP_567630,0.0
NP_567631,0.0
NP_567633,0.0
NP_567635,0.0
NP_567636,0.0
NP_567637,0.0
NP_567638,0.0
NP_567639,0.0
NP_567640,0.0
NP_567641,0.0
NP_567642,0.0
NP_567643,0.0
NP_567644,283.0
NP_567645,0.0
NP_567646,0.0
NP_567647,0.0
NP_567648,0.0
NP_567649,0.0
NP_567650,0.0
NP_567651,42.0
NP_567652,0.0
NP_567653,0.0
NP_567654,0.0
NP_567655,0.0
NP_567656,0.0
NP_567657,0.0
NP_567658,0.0
NP_567659,0.0
NP_567660,0.0
NP_567661,0.0
NP_567662,0.0
NP_567663,0.0
NP_567664,0.0
NP_567665,0.0
NP_567666,0.0
NP_567667,0.0
NP_567668,0.0
NP_567669,0.0
NP_567670,43.0
NP_567671,0.0
NP_567672,0.0
NP_567673,0.0
NP_567674,0.0
NP_567675,0.0
NP_567676,248.0
NP_567677,505.0
NP_567678,509.0
NP_567679,507.0
NP_567680,491.0
NP_567681,0.0
NP_567682,0.0
NP_567683,0.0
NP_567684,0.0
NP_567685,0.0
NP_567686,0.0
NP_567687,0.0
NP_567688,0.0
NP_567689,0.0
NP_567690,0.0
NP_567691,40.0
NP_567692,0.0
NP_567693,0.0
NP_567694,0.0
NP_567695,0.0
NP_567696,0.0
NP_567697,0.0
NP_567698,0.0
NP_567699,0.0
NP_567700,0.0
NP_567701,0.0
NP_567702,0.0
NP_567703,0.0
NP_567704,0.0
NP_567705,0.0
NP_567706,0.0
NP_567707,0.0
NP_567708,0.0
NP_567709,0.0
NP_567710,0.0
NP_567711,0.0
NP_567712,0.0
NP_567713,0.0
NP_567714,0.0
NP_567715,0.0
NP_567716,0.0
NP_567717,0.0
NP_567718,0.0
NP_567719,0.0
NP_567720,0.0
NP_567721,0.0
NP_567722,46.0
NP_567723,0.0
NP_567724,0.0
NP_567725,0.0
NP_567726,0.0
NP_567727,0.0
NP_567728,0.0
NP_567729,0.0
NP_567730,0.0
NP_567731,0.0
NP_567732,0.0
NP_567733,0.0
NP_567734,0.0
NP_567735,0.0
NP_567736,0.0
NP_567737,0.0
NP_567738,0.0
NP_567739,0.0
NP_567740,0.0
NP_567741,0.0
NP_567742,0.0
NP_567743,0.0
NP_567744,0.0
NP_567745,0.0
NP_567746,0.0
NP_567747,0.0
NP_567748,1374.0
NP_567749,0.0
NP_567750,0.0
NP_567751,0.0
NP_567752,688.0
NP_567753,0.0
NP_567754,0.0
NP_567755,48.0
NP_567756,0.0
NP_567757,44.0
NP_567758,0.0
NP_567759,0.0
NP_567760,0.0
NP_567761,0.0
NP_567762,0.0
NP_567763,56.0
NP_567764,0.0
NP_567765,0.0
NP_567766,0.0
NP_567767,0.0
NP_567768,50.0
NP_567769,0.0
NP_567770,0.0
NP_567771,0.0
NP_567772,0.0
NP_567773,0.0
NP_567774,0.0
NP_567775,0.0
NP_567776,0.0
NP_567777,0.0
NP_567778,0.0
NP_567779,0.0
NP_567780,0.0
NP_567781,0.0
NP_567782,0.0
NP_567783,0.0
NP_567784,0.0
NP_567785,0.0
NP_567786,0.0
NP_567787,0.0
NP_567788,0.0
NP_567789,0.0
NP_567790,0.0
NP_567791,0.0
NP_567792,0.0
NP_567793,0.0
NP_567794,0.0
NP_567795,0.0
NP_567796,0.0
NP_567797,0.0
NP_567798,0.0
NP_567799,0.0
NP_567800,0.0
NP_567801,0.0
NP_567802,0.0
NP_567803,0.0
NP_567804,0.0
NP_567805,0.0
NP_567806,0.0
NP_567807,0.0
NP_567808,0.0
NP_567809,0.0
NP_567810,0.0
NP_567811,0.0
NP_567812,0.0
NP_567813,0.0
NP_567814,0.0
NP_567815,0.0
NP_567816,0.0
NP_567817,0.0
NP_567818,0.0
NP_567819,0.0
NP_567820,0.0
NP_567821,0.0
NP_567826,0.0
NP_567827,0.0
NP_567829,0.0
NP_567830,0.0
NP_567831,0.0
NP_567832,0.0
NP_567833,0.0
NP_567834,0.0
NP_567835,0.0
NP_567836,0.0
NP_567837,44.0
NP_567838,0.0
NP_567839,0.0
NP_567840,0.0
NP_567841,0.0
NP_567842,47.0
NP_567843,0.0
NP_567844,0.0
NP_567845,0.0
NP_567846,41.0
NP_567847,0.0
NP_567848,0.0
NP_567849,0.0
NP_567850,0.0
NP_567851,0.0
NP_567852,0.0
NP_567853,0.0
NP_567854,0.0
NP_567855,0.0
NP_567856,0.0
NP_567857,0.0
NP_567858,0.0
NP_567859,0.0
NP_567860,0.0
NP_567861,0.0
NP_567862,449.0
NP_567863,0.0
NP_567864,0.0
NP_567865,0.0
NP_567866,0.0
NP_567867,0.0
NP_567868,0.0
NP_567869,0.0
NP_567870,390.0
NP_567871,0.0
NP_567872,0.0
NP_567873,0.0
NP_567874,0.0
NP_567875,0.0
NP_567876,0.0
NP_567877,0.0
NP_567878,237.0
NP_567879,38.0
NP_567880,0.0
NP_567881,0.0
NP_567882,201.0
NP_567883,0.0
NP_567884,0.0
NP_567885,0.0
NP_567886,0.0
NP_567887,0.0
NP_567888,41.0
NP_567889,41.0
NP_567890,0.0
NP_567891,0.0
NP_567892,0.0
NP_567893,43.0
NP_567894,0.0
NP_567895,0.0
NP_567896,0.0
NP_567897,0.0
NP_567898,0.0
NP_567899,0.0
NP_567900,0.0
NP_567901,0.0
NP_567904,0.0
NP_567905,0.0
NP_567906,0.0
NP_567907,0.0
NP_567908,0.0
NP_567909,0.0
NP_567910,45.0
NP_567911,0.0
NP_567912,0.0
NP_567913,0.0
NP_567914,46.0
NP_567915,0.0
NP_567916,133.0
NP_567917,0.0
NP_567918,0.0
NP_567919,0.0
NP_567920,3197.0
NP_567921,0.0
NP_567922,0.0
NP_567923,0.0
NP_567924,0.0
NP_567926,0.0
NP_567928,0.0
NP_567929,0.0
NP_567930,0.0
NP_567931,0.0
NP_567932,0.0
NP_567933,0.0
NP_567934,0.0
NP_567935,0.0
NP_567936,0.0
NP_567937,0.0
NP_567938,0.0
NP_567939,0.0
NP_567940,0.0
NP_567941,0.0
NP_567942,0.0
NP_567943,0.0
NP_567944,0.0
NP_567945,257.0
NP_567946,0.0
NP_567947,0.0
NP_567948,0.0
NP_567949,0.0
NP_567950,0.0
NP_567951,0.0
NP_567952,0.0
NP_567953,0.0
NP_567954,0.0
NP_567955,0.0
NP_567956,68.0
NP_567957,0.0
NP_567958,0.0
NP_567959,0.0
NP_567960,36.0
NP_567961,518.0
NP_567962,40.0
NP_567963,0.0
NP_567964,0.0
NP_567965,0.0
NP_567966,0.0
NP_567967,0.0
NP_567968,0.0
NP_567969,0.0
NP_567970,0.0
NP_567971,752.0
NP_567972,0.0
NP_567973,0.0
NP_567974,0.0
NP_567975,0.0
NP_567976,0.0
NP_567977,0.0
NP_567978,0.0
NP_567979,0.0
NP_567980,0.0
NP_567981,56.0
NP_567982,0.0
NP_567983,0.0
NP_567984,41.0
NP_567985,53.0
NP_567986,0.0
NP_567987,0.0
NP_567988,0.0
NP_567989,0.0
NP_567990,0.0
NP_567991,0.0
NP_567992,0.0
NP_567993,0.0
NP_567994,0.0
NP_567995,0.0
NP_567996,0.0
NP_567997,0.0
NP_567998,0.0
NP_567999,0.0
NP_568000,0.0
NP_568001,0.0
NP_568002,0.0
NP_568004,0.0
NP_568005,0.0
NP_568006,0.0
NP_568008,0.0
NP_568009,0.0
NP_568010,0.0
NP_568011,0.0
NP_568012,0.0
NP_568013,0.0
NP_568014,0.0
NP_568015,0.0
NP_568016,0.0
NP_568017,0.0
NP_568018,0.0
NP_568019,0.0
NP_568020,0.0
NP_568021,0.0
NP_568022,0.0
NP_568023,0.0
NP_568024,0.0
NP_568025,0.0
NP_568026,0.0
NP_568027,0.0
NP_568028,0.0
NP_568029,0.0
NP_568030,0.0
NP_568031,0.0
NP_568032,0.0
NP_568033,0.0
NP_568034,0.0
NP_568035,0.0
NP_568036,0.0
NP_568037,0.0
NP_568038,0.0
NP_568039,0.0
NP_568040,0.0
NP_568041,182.0
NP_568042,0.0
NP_568043,0.0
NP_568044,0.0
NP_568045,0.0
NP_568046,0.0
NP_568047,0.0
NP_568048,0.0
NP_568049,0.0
NP_568050,0.0
NP_568051,40.0
NP_568052,0.0
NP_568053,0.0
NP_568054,0.0
NP_568055,0.0
NP_568056,0.0
NP_568057,0.0
NP_568058,0.0
NP_568059,0.0
NP_568060,0.0
NP_568061,0.0
NP_568062,0.0
NP_568063,0.0
NP_568064,0.0
NP_568065,0.0
NP_568066,0.0
NP_568067,0.0
NP_568068,0.0
NP_568069,0.0
NP_568070,0.0
NP_568071,0.0
NP_568072,41.0
NP_568073,0.0
NP_568074,0.0
NP_568075,0.0
NP_568076,0.0
NP_568077,0.0
NP_568078,0.0
NP_568079,0.0
NP_568080,0.0
NP_568081,0.0
NP_568082,0.0
NP_568083,0.0
NP_568084,0.0
NP_568085,0.0
NP_568086,0.0
NP_568087,0.0
NP_568088,0.0
NP_568089,0.0
NP_568090,0.0
NP_568091,0.0
NP_568092,0.0
NP_568093,0.0
NP_568094,90.0
NP_568095,0.0
NP_568096,0.0
NP_568097,0.0
NP_568098,0.0
NP_568099,0.0
NP_568100,0.0
NP_568101,0.0
NP_568102,0.0
NP_568103,0.0
NP_568104,0.0
NP_568105,0.0
NP_568106,0.0
NP_568107,0.0
NP_568108,0.0
NP_568109,61.0
NP_568110,0.0
NP_568111,0.0
NP_568112,0.0
NP_568113,0.0
NP_568114,0.0
NP_568115,0.0
NP_568117,0.0
NP_568118,0.0
NP_568119,0.0
NP_568120,0.0
NP_568121,0.0
NP_568122,0.0
NP_568123,0.0
NP_568124,0.0
NP_568125,38.0
NP_568126,0.0
NP_568127,0.0
NP_568128,0.0
NP_568129,0.0
NP_568130,0.0
NP_568131,0.0
NP_568132,0.0
NP_568133,0.0
NP_568134,49.0
NP_568135,0.0
NP_568136,0.0
NP_568137,0.0
NP_568138,0.0
NP_568139,0.0
NP_568140,0.0
NP_568141,0.0
NP_568142,0.0
NP_568143,0.0
NP_568144,0.0
NP_568145,0.0
NP_568146,0.0
NP_568147,0.0
NP_568148,0.0
NP_568149,0.0
NP_568150,0.0
NP_568151,0.0
NP_568152,0.0
NP_568153,0.0
NP_568154,0.0
NP_568155,0.0
NP_568156,0.0
NP_568157,0.0
NP_568158,0.0
NP_568159,0.0
NP_568160,0.0
NP_568161,0.0
NP_568162,0.0
NP_568163,0.0
NP_568164,0.0
NP_568165,0.0
NP_568166,0.0
NP_568167,0.0
NP_568168,45.0
NP_568169,0.0
NP_568170,0.0
NP_568171,0.0
NP_568172,0.0
NP_568173,0.0
NP_568174,0.0
NP_568175,0.0
NP_568176,0.0
NP_568177,0.0
NP_568178,0.0
NP_568179,0.0
NP_568180,50.0
NP_568181,0.0
NP_568182,0.0
NP_568183,0.0
NP_568184,0.0
NP_568185,0.0
NP_568186,0.0
NP_568187,0.0
NP_568190,0.0
NP_568191,0.0
NP_568192,0.0
NP_568193,0.0
NP_568194,0.0
NP_568195,0.0
NP_568196,0.0
NP_568197,0.0
NP_568199,0.0
NP_568200,0.0
NP_568201,0.0
NP_568202,0.0
NP_568203,0.0
NP_568204,0.0
NP_568205,0.0
NP_568206,0.0
NP_568207,0.0
NP_568208,0.0
NP_568209,0.0
NP_568210,0.0
NP_568211,0.0
NP_568213,0.0
NP_568214,0.0
NP_568215,0.0
NP_568216,0.0
NP_568217,0.0
NP_568218,0.0
NP_568219,0.0
NP_568220,0.0
NP_568221,144.0
NP_568222,0.0
NP_568223,0.0
NP_568224,0.0
NP_568225,38.0
NP_568226,0.0
NP_568227,0.0
NP_568228,0.0
NP_568229,0.0
NP_568230,0.0
NP_568231,464.0
NP_568232,0.0
NP_568233,40.0
NP_568234,0.0
NP_568235,0.0
NP_568236,0.0
NP_568237,0.0
NP_568238,0.0
NP_568239,0.0
NP_568240,0.0
NP_568241,0.0
NP_568242,0.0
NP_568243,53.0
NP_568244,49.0
NP_568245,49.0
NP_568246,0.0
NP_568247,0.0
NP_568248,0.0
NP_568249,0.0
NP_568250,0.0
NP_568251,0.0
NP_568252,0.0
NP_568253,0.0
NP_568254,0.0
NP_568255,0.0
NP_568256,0.0
NP_568257,0.0
NP_568258,0.0
NP_568259,0.0
NP_568260,0.0
NP_568261,0.0
NP_568262,0.0
NP_568263,0.0
NP_568264,0.0
NP_568265,0.0
NP_568266,0.0
NP_568267,0.0
NP_568268,0.0
NP_568269,0.0
NP_568270,0.0
NP_568271,0.0
NP_568272,0.0
NP_568273,46.0
NP_568274,0.0
NP_568275,0.0
NP_568276,52.0
NP_568277,0.0
NP_568278,0.0
NP_568279,0.0
NP_568280,0.0
NP_568281,0.0
NP_568282,0.0
NP_568283,0.0
NP_568284,0.0
NP_568285,0.0
NP_568286,0.0
NP_568287,42.0
NP_568288,0.0
NP_568289,0.0
NP_568290,0.0
NP_568291,0.0
NP_568292,0.0
NP_568293,0.0
NP_568294,0.0
NP_568295,0.0
NP_568296,0.0
NP_568297,48.0
NP_568298,0.0
NP_568299,0.0
NP_568300,0.0
NP_568301,0.0
NP_568302,0.0
NP_568303,0.0
NP_568304,0.0
NP_568305,0.0
NP_568306,0.0
NP_568307,233.0
NP_568308,38.0
NP_568309,0.0
NP_568310,0.0
NP_568311,0.0
NP_568312,0.0
NP_568313,47.0
NP_568314,43.0
NP_568315,0.0
NP_568316,0.0
NP_568317,0.0
NP_568318,0.0
NP_568319,0.0
NP_568320,483.0
NP_568321,0.0
NP_568322,0.0
NP_568323,0.0
NP_568324,0.0
NP_568325,0.0
NP_568326,0.0
NP_568327,0.0
NP_568328,35.0
NP_568329,0.0
NP_568330,0.0
NP_568332,0.0
NP_568333,0.0
NP_568334,0.0
NP_568335,0.0
NP_568336,0.0
NP_568337,0.0
NP_568338,0.0
NP_568339,0.0
NP_568340,0.0
NP_568341,0.0
NP_568342,0.0
NP_568343,0.0
NP_568344,0.0
NP_568345,0.0
NP_568346,0.0
NP_568347,0.0
NP_568348,0.0
NP_568349,0.0
NP_568350,0.0
NP_568351,0.0
NP_568352,0.0
NP_568353,0.0
NP_568354,0.0
NP_568355,0.0
NP_568356,0.0
NP_568357,45.0
NP_568358,0.0
NP_568359,0.0
NP_568360,0.0
NP_568361,0.0
NP_568362,0.0
NP_568363,0.0
NP_568364,0.0
NP_568365,0.0
NP_568366,0.0
NP_568367,0.0
NP_568368,0.0
NP_568369,0.0
NP_568370,0.0
NP_568371,0.0
NP_568372,0.0
NP_568373,0.0
NP_568374,0.0
NP_568375,0.0
NP_568376,0.0
NP_568377,59.0
NP_568378,0.0
NP_568379,0.0
NP_568380,54.0
NP_568381,0.0
NP_568382,0.0
NP_568383,0.0
NP_568384,0.0
NP_568385,0.0
NP_568386,34.0
NP_568387,0.0
NP_568388,44.0
NP_568389,0.0
NP_568390,0.0
NP_568391,0.0
NP_568392,0.0
NP_568393,0.0
NP_568394,0.0
NP_568395,0.0
NP_568396,0.0
NP_568397,0.0
NP_568398,0.0
NP_568399,0.0
NP_568400,0.0
NP_568401,0.0
NP_568402,0.0
NP_568404,0.0
NP_568405,0.0
NP_568406,0.0
NP_568407,0.0
NP_568408,0.0
NP_568409,0.0
NP_568410,0.0
NP_568411,0.0
NP_568412,0.0
NP_568413,0.0
NP_568414,0.0
NP_568415,0.0
NP_568416,0.0
NP_568417,36.0
NP_568418,0.0
NP_568419,0.0
NP_568420,0.0
NP_568421,0.0
NP_568422,0.0
NP_568423,0.0
NP_568424,51.0
NP_568425,0.0
NP_568426,0.0
NP_568427,0.0
NP_568428,0.0
NP_568429,0.0
NP_568430,0.0
NP_568431,0.0
NP_568432,0.0
NP_568433,0.0
NP_568434,0.0
NP_568435,0.0
NP_568436,0.0
NP_568437,0.0
NP_568438,406.0
NP_568439,0.0
NP_568440,0.0
NP_568441,0.0
NP_568442,0.0
NP_568443,0.0
NP_568444,120.0
NP_568445,38.0
NP_568446,0.0
NP_568447,0.0
NP_568448,0.0
NP_568449,0.0
NP_568450,0.0
NP_568451,52.0
NP_568452,0.0
NP_568453,0.0
NP_568454,0.0
NP_568455,44.0
NP_568456,0.0
NP_568457,0.0
NP_568458,48.0
NP_568459,43.0
NP_568460,0.0
NP_568461,0.0
NP_568462,49.0
NP_568463,0.0
NP_568464,0.0
NP_568465,0.0
NP_568466,238.0
NP_568467,0.0
NP_568468,0.0
NP_568469,0.0
NP_568470,0.0
NP_568471,0.0
NP_568472,0.0
NP_568473,0.0
NP_568474,0.0
NP_568475,0.0
NP_568476,0.0
NP_568477,0.0
NP_568478,0.0
NP_568479,0.0
NP_568480,0.0
NP_568481,0.0
NP_568482,0.0
NP_568483,0.0
NP_568484,0.0
NP_568485,0.0
NP_568486,456.0
NP_568487,0.0
NP_568488,0.0
NP_568489,0.0
NP_568490,0.0
NP_568491,46.0
NP_568492,0.0
NP_568493,0.0
NP_568494,0.0
NP_568495,0.0
NP_568496,0.0
NP_568497,0.0
NP_568498,0.0
NP_568499,0.0
NP_568500,0.0
NP_568501,0.0
NP_568502,47.0
NP_568503,0.0
NP_568504,0.0
NP_568505,0.0
NP_568506,61.0
NP_568507,52.0
NP_568508,0.0
NP_568509,0.0
NP_568512,0.0
NP_568521,0.0
NP_568522,0.0
NP_568523,0.0
NP_568524,0.0
NP_568525,0.0
NP_568526,39.0
NP_568527,0.0
NP_568528,0.0
NP_568529,0.0
NP_568530,0.0
NP_568531,0.0
NP_568532,60.0
NP_568533,0.0
NP_568534,0.0
NP_568535,0.0
NP_568537,39.0
NP_568538,0.0
NP_568541,0.0
NP_568542,0.0
NP_568543,0.0
NP_568544,0.0
NP_568545,0.0
NP_568546,0.0
NP_568547,0.0
NP_568548,0.0
NP_568549,0.0
NP_568550,0.0
NP_568551,0.0
NP_568552,0.0
NP_568553,0.0
NP_568555,0.0
NP_568556,0.0
NP_568557,0.0
NP_568558,0.0
NP_568559,0.0
NP_568561,0.0
NP_568563,0.0
NP_568564,0.0
NP_568565,0.0
NP_568566,0.0
NP_568567,0.0
NP_568568,0.0
NP_568569,0.0
NP_568570,0.0
NP_568572,0.0
NP_568573,0.0
NP_568574,0.0
NP_568575,0.0
NP_568576,0.0
NP_568577,0.0
NP_568578,0.0
NP_568579,0.0
NP_568580,45.0
NP_568581,0.0
NP_568582,0.0
NP_568584,0.0
NP_568585,0.0
NP_568586,0.0
NP_568587,0.0
NP_568588,0.0
NP_568589,0.0
NP_568590,0.0
NP_568591,0.0
NP_568592,0.0
NP_568593,0.0
NP_568594,0.0
NP_568595,0.0
NP_568596,0.0
NP_568597,0.0
NP_568598,0.0
NP_568599,0.0
NP_568600,0.0
NP_568601,0.0
NP_568602,0.0
NP_568603,0.0
NP_568604,0.0
NP_568605,0.0
NP_568606,0.0
NP_568607,0.0
NP_568608,0.0
NP_568609,0.0
NP_568610,0.0
NP_568611,0.0
NP_568612,0.0
NP_568613,0.0
NP_568614,33.0
NP_568615,0.0
NP_568616,44.0
NP_568617,0.0
NP_568618,0.0
NP_568619,0.0
NP_568620,0.0
NP_568621,0.0
NP_568622,0.0
NP_568623,0.0
NP_568624,0.0
NP_568625,0.0
NP_568626,0.0
NP_568627,0.0
NP_568628,0.0
NP_568629,0.0
NP_568630,0.0
NP_568631,0.0
NP_568632,0.0
NP_568633,0.0
NP_568634,0.0
NP_568635,0.0
NP_568636,0.0
NP_568637,0.0
NP_568638,0.0
NP_568639,0.0
NP_568640,0.0
NP_568641,0.0
NP_568642,0.0
NP_568643,0.0
NP_568644,0.0
NP_568645,0.0
NP_568646,459.0
NP_568647,0.0
NP_568648,0.0
NP_568649,0.0
NP_568650,0.0
NP_568651,0.0
NP_568652,0.0
NP_568653,0.0
NP_568654,0.0
NP_568655,0.0
NP_568656,0.0
NP_568657,0.0
NP_568658,0.0
NP_568659,0.0
NP_568660,0.0
NP_568661,0.0
NP_568662,0.0
NP_568663,0.0
NP_568664,875.0
NP_568665,0.0
NP_568666,0.0
NP_568667,0.0
NP_568668,0.0
NP_568669,0.0
NP_568670,0.0
NP_568671,0.0
NP_568672,0.0
NP_568673,0.0
NP_568674,0.0
NP_568675,0.0
NP_568676,0.0
NP_568677,0.0
NP_568678,0.0
NP_568679,0.0
NP_568680,0.0
NP_568681,0.0
NP_568682,0.0
NP_568683,0.0
NP_568684,0.0
NP_568685,0.0
NP_568686,0.0
NP_568687,0.0
NP_568688,0.0
NP_568689,0.0
NP_568690,0.0
NP_568691,0.0
NP_568692,0.0
NP_568693,0.0
NP_568694,0.0
NP_568695,0.0
NP_568696,439.0
NP_568697,0.0
NP_568698,0.0
NP_568699,0.0
NP_568700,0.0
NP_568701,0.0
NP_568702,0.0
NP_568703,0.0
NP_568704,0.0
NP_568705,0.0
NP_568706,73.0
NP_568707,0.0
NP_568708,0.0
NP_568709,0.0
NP_568710,0.0
NP_568711,0.0
NP_568712,0.0
NP_568713,0.0
NP_568714,0.0
NP_568715,0.0
NP_568716,0.0
NP_568717,0.0
NP_568718,52.0
NP_568719,0.0
NP_568720,0.0
NP_568721,0.0
NP_568722,0.0
NP_568723,0.0
NP_568725,0.0
NP_568726,0.0
NP_568727,0.0
NP_568728,0.0
NP_568729,0.0
NP_568730,0.0
NP_568731,0.0
NP_568732,0.0
NP_568733,0.0
NP_568734,0.0
NP_568735,0.0
NP_568736,35.0
NP_568737,0.0
NP_568738,0.0
NP_568739,0.0
NP_568740,0.0
NP_568741,0.0
NP_568742,0.0
NP_568743,0.0
NP_568744,0.0
NP_568745,0.0
NP_568746,0.0
NP_568748,0.0
NP_568749,0.0
NP_568750,0.0
NP_568751,0.0
NP_568752,0.0
NP_568753,0.0
NP_568754,0.0
NP_568755,0.0
NP_568756,0.0
NP_568757,0.0
NP_568758,0.0
NP_568759,0.0
NP_568760,0.0
NP_568761,0.0
NP_568762,0.0
NP_568763,0.0
NP_568764,0.0
NP_568765,0.0
NP_568766,0.0
NP_568767,0.0
NP_568768,0.0
NP_568769,0.0
NP_568770,0.0
NP_568771,0.0
NP_568772,0.0
NP_568773,0.0
NP_568774,0.0
NP_568775,0.0
NP_568776,0.0
NP_568777,195.0
NP_568778,0.0
NP_568779,0.0
NP_568780,0.0
NP_568781,0.0
NP_568782,0.0
NP_568783,0.0
NP_568784,0.0
NP_568785,0.0
NP_568786,0.0
NP_568787,0.0
NP_568788,0.0
NP_568789,0.0
NP_568790,0.0
NP_568791,0.0
NP_568792,0.0
NP_568793,0.0
NP_568795,0.0
NP_568796,0.0
NP_568797,0.0
NP_568798,0.0
NP_568799,48.0
NP_568800,0.0
NP_568801,0.0
NP_568802,0.0
NP_568803,0.0
NP_568804,0.0
NP_568805,0.0
NP_568806,0.0
NP_568807,0.0
NP_568808,0.0
NP_568809,564.0
NP_568810,0.0
NP_568811,0.0
NP_568812,46.0
NP_568813,0.0
NP_568814,0.0
NP_568815,0.0
NP_568816,0.0
NP_568817,0.0
NP_568818,0.0
NP_568819,59.0
NP_568820,0.0
NP_568821,0.0
NP_568822,571.0
NP_568823,0.0
NP_568824,0.0
NP_568825,0.0
NP_568826,0.0
NP_568827,0.0
NP_568828,0.0
NP_568829,0.0
NP_568830,0.0
NP_568831,0.0
NP_568832,0.0
NP_568833,0.0
NP_568834,0.0
NP_568836,49.0
NP_568838,0.0
NP_568839,0.0
NP_568840,0.0
NP_568841,0.0
NP_568842,0.0
NP_568843,596.0
NP_568844,0.0
NP_568845,0.0
NP_568846,0.0
NP_568847,0.0
NP_568848,0.0
NP_568849,0.0
NP_568850,0.0
NP_568851,0.0
NP_568852,0.0
NP_568853,0.0
NP_568854,0.0
NP_568855,0.0
NP_568856,0.0
NP_568857,0.0
NP_568858,0.0
NP_568859,0.0
NP_568860,0.0
NP_568861,0.0
NP_568863,0.0
NP_568864,0.0
NP_568866,0.0
NP_568867,0.0
NP_568868,0.0
NP_568870,0.0
NP_568871,0.0
NP_568872,0.0
NP_568873,0.0
NP_568874,0.0
NP_568875,0.0
NP_568876,0.0
NP_568877,0.0
NP_568878,0.0
NP_568879,0.0
NP_568880,0.0
NP_568881,0.0
NP_568882,0.0
NP_568883,0.0
NP_568884,0.0
NP_568885,0.0
NP_568888,0.0
NP_568890,0.0
NP_568891,0.0
NP_568892,0.0
NP_568893,188.0
NP_568894,0.0
NP_568895,0.0
NP_568896,0.0
NP_568897,0.0
NP_568898,0.0
NP_568899,0.0
NP_568900,0.0
NP_568901,0.0
NP_568902,0.0
NP_568903,0.0
NP_568904,0.0
NP_568905,0.0
NP_568906,0.0
NP_568907,0.0
NP_568908,0.0
NP_568910,0.0
NP_568911,0.0
NP_568912,0.0
NP_568913,0.0
NP_568914,0.0
NP_568915,0.0
NP_568916,0.0
NP_568917,0.0
NP_568918,0.0
NP_568919,0.0
NP_568920,0.0
NP_568921,0.0
NP_568922,0.0
NP_568923,0.0
NP_568924,0.0
NP_568925,0.0
NP_568926,0.0
NP_568927,57.0
NP_568928,0.0
NP_568929,0.0
NP_568930,0.0
NP_568931,0.0
NP_568932,0.0
NP_568933,0.0
NP_568934,0.0
NP_568935,0.0
NP_568936,0.0
NP_568937,0.0
NP_568938,0.0
NP_568939,0.0
NP_568940,0.0
NP_568941,0.0
NP_568942,0.0
NP_568943,0.0
NP_568944,0.0
NP_568945,0.0
NP_568946,54.0
NP_568947,0.0
NP_568948,43.0
NP_568949,0.0
NP_568950,0.0
NP_568951,0.0
NP_568952,0.0
NP_568953,0.0
NP_568954,0.0
NP_568955,0.0
NP_568956,0.0
NP_568957,0.0
NP_568958,0.0
NP_568959,0.0
NP_568960,0.0
NP_568961,0.0
NP_568962,0.0
NP_568963,0.0
NP_568964,0.0
NP_568965,0.0
NP_568966,0.0
NP_568967,0.0
NP_568968,0.0
NP_568969,0.0
NP_568970,0.0
NP_568971,330.0
NP_568972,0.0
NP_568973,0.0
NP_568974,0.0
NP_568975,0.0
NP_568976,0.0
NP_568977,1280.0
NP_568978,0.0
NP_568979,0.0
NP_568980,0.0
NP_568981,37.0
NP_568982,0.0
NP_568983,0.0
NP_568984,0.0
NP_568985,0.0
NP_568986,0.0
NP_568987,0.0
NP_568988,0.0
NP_568989,0.0
NP_568990,41.0
NP_568991,0.0
NP_568992,0.0
NP_568993,0.0
NP_568994,0.0
NP_568995,257.0
NP_568996,0.0
NP_568997,0.0
NP_568998,0.0
NP_568999,0.0
NP_569000,0.0
NP_569001,0.0
NP_569002,0.0
NP_569003,0.0
NP_569004,0.0
NP_569005,0.0
NP_569006,0.0
NP_569007,0.0
NP_569008,0.0
NP_569009,0.0
NP_569010,0.0
NP_569011,0.0
NP_569012,0.0
NP_569013,0.0
NP_569014,0.0
NP_569015,0.0
NP_569016,0.0
NP_569018,0.0
NP_569019,0.0
NP_569020,0.0
NP_569021,0.0
NP_569022,48.0
NP_569023,0.0
NP_569024,0.0
NP_569025,0.0
NP_569026,0.0
NP_569027,0.0
NP_569028,0.0
NP_569029,0.0
NP_569030,0.0
NP_569031,0.0
NP_569032,0.0
NP_569033,0.0
NP_569034,52.0
NP_569035,0.0
NP_569036,0.0
NP_569037,0.0
NP_569038,0.0
NP_569039,0.0
NP_569040,170.0
NP_569041,0.0
NP_569042,0.0
NP_569043,0.0
NP_569044,0.0
NP_569045,0.0
NP_569046,328.0
NP_569047,63.0
NP_569048,41.0
NP_569049,0.0
NP_569050,0.0
NP_569051,0.0
NP_569052,0.0
NP_671763,0.0
NP_671765,0.0
NP_671768,0.0
NP_671769,0.0
NP_671770,0.0
NP_671771,0.0
NP_671772,0.0
NP_671774,0.0
NP_671776,0.0
NP_671777,0.0
NP_671778,0.0
NP_671779,0.0
NP_671781,0.0
NP_671782,0.0
NP_671783,0.0
NP_671784,0.0
NP_671785,0.0
NP_671788,0.0
NP_671791,0.0
NP_671793,0.0
NP_671794,0.0
NP_671795,0.0
NP_671798,0.0
NP_671802,0.0
NP_671803,0.0
NP_671805,0.0
NP_671806,0.0
NP_671807,0.0
NP_671808,0.0
NP_671818,0.0
NP_671821,0.0
NP_671822,0.0
NP_671824,0.0
NP_671825,0.0
NP_671829,0.0
NP_671830,0.0
NP_671831,0.0
NP_671832,0.0
NP_671835,0.0
NP_671840,0.0
NP_671841,0.0
NP_671842,0.0
NP_671843,0.0
NP_671845,0.0
NP_671849,0.0
NP_671851,0.0
NP_671852,0.0
NP_671853,0.0
NP_671855,0.0
NP_671856,38.0
NP_671857,0.0
NP_671858,0.0
NP_671861,0.0
NP_671862,0.0
NP_680094,0.0
NP_680095,0.0
NP_680096,0.0
NP_680098,0.0
NP_680099,0.0
NP_680100,0.0
NP_680104,0.0
NP_680105,0.0
NP_680106,0.0
NP_680107,0.0
NP_680108,0.0
NP_680109,0.0
NP_680110,0.0
NP_680111,0.0
NP_680112,0.0
NP_680113,0.0
NP_680114,0.0
NP_680115,0.0
NP_680116,59.0
NP_680117,0.0
NP_680118,0.0
NP_680119,0.0
NP_680121,0.0
NP_680125,0.0
NP_680126,0.0
NP_680127,0.0
NP_680128,0.0
NP_680129,66.0
NP_680130,0.0
NP_680132,0.0
NP_680133,0.0
NP_680138,0.0
NP_680141,0.0
NP_680142,42.0
NP_680147,0.0
NP_680148,0.0
NP_680150,0.0
NP_680152,0.0
NP_680154,0.0
NP_680155,43.0
NP_680156,0.0
NP_680157,0.0
NP_680158,0.0
NP_680159,0.0
NP_680160,43.0
NP_680161,0.0
NP_680162,0.0
NP_680167,0.0
NP_680169,0.0
NP_680172,0.0
NP_680174,0.0
NP_680175,0.0
NP_680176,0.0
NP_680177,0.0
NP_680178,63.0
NP_680179,0.0
NP_680180,0.0
NP_680181,0.0
NP_680182,0.0
NP_680183,0.0
NP_680184,0.0
NP_680185,0.0
NP_680186,66.0
NP_680187,40.0
NP_680188,47.0
NP_680189,0.0
NP_680191,0.0
NP_680192,287.0
NP_680193,0.0
NP_680194,0.0
NP_680195,0.0
NP_680196,0.0
NP_680197,0.0
NP_680198,0.0
NP_680199,0.0
NP_680200,0.0
NP_680201,0.0
NP_680202,0.0
NP_680203,0.0
NP_680204,0.0
NP_680205,0.0
NP_680206,0.0
NP_680207,0.0
NP_680208,0.0
NP_680209,0.0
NP_680210,40.0
NP_680211,0.0
NP_680212,0.0
NP_680213,52.0
NP_680214,0.0
NP_680215,0.0
NP_680216,0.0
NP_680219,0.0
NP_680220,0.0
NP_680222,0.0
NP_680223,0.0
NP_680224,0.0
NP_680225,0.0
NP_680226,0.0
NP_680229,0.0
NP_680232,0.0
NP_680233,0.0
NP_680234,39.0
NP_680235,0.0
NP_680243,0.0
NP_680247,0.0
NP_680250,0.0
NP_680251,0.0
NP_680253,0.0
NP_680265,0.0
NP_680266,0.0
NP_680273,0.0
NP_680290,0.0
NP_680294,0.0
NP_680296,0.0
NP_680299,0.0
NP_680306,0.0
NP_680307,0.0
NP_680311,0.0
NP_680320,0.0
NP_680321,0.0
NP_680322,0.0
NP_680323,0.0
NP_680336,0.0
NP_680337,0.0
NP_680338,0.0
NP_680339,0.0
NP_680341,0.0
NP_680342,0.0
NP_680351,0.0
NP_680352,0.0
NP_680353,0.0
NP_680360,0.0
NP_680363,0.0
NP_680364,48.0
NP_680365,0.0
NP_680368,0.0
NP_680369,0.0
NP_680370,0.0
NP_680372,0.0
NP_680374,0.0
NP_680377,0.0
NP_680379,0.0
NP_680380,0.0
NP_680381,0.0
NP_680382,0.0
NP_680383,0.0
NP_680384,0.0
NP_680385,0.0
NP_680387,0.0
NP_680388,0.0
NP_680390,0.0
NP_680391,0.0
NP_680393,0.0
NP_680395,0.0
NP_680396,0.0
NP_680397,0.0
NP_680401,0.0
NP_680403,0.0
NP_680406,0.0
NP_680407,0.0
NP_680409,0.0
NP_680410,0.0
NP_680411,0.0
NP_680412,35.0
NP_680414,0.0
NP_680416,0.0
NP_680417,37.0
NP_680418,0.0
NP_680421,0.0
NP_680422,0.0
NP_680423,0.0
NP_680425,0.0
NP_680426,0.0
NP_680427,0.0
NP_680429,0.0
NP_680430,0.0
NP_680431,0.0
NP_680433,0.0
NP_680434,0.0
NP_680435,0.0
NP_680437,0.0
NP_680438,0.0
NP_680439,0.0
NP_680442,0.0
NP_680443,0.0
NP_680446,410.0
NP_680447,121.0
NP_680448,420.0
NP_680449,0.0
NP_680450,381.0
NP_680451,0.0
NP_680452,0.0
NP_680453,0.0
NP_680455,0.0
NP_680457,0.0
NP_680458,0.0
NP_680463,0.0
NP_680465,0.0
NP_680466,0.0
NP_680467,0.0
NP_680468,0.0
NP_680469,0.0
NP_680470,0.0
NP_680472,0.0
NP_680473,0.0
NP_680546,0.0
NP_680547,0.0
NP_680548,0.0
NP_680549,0.0
NP_680550,0.0
NP_680551,0.0
NP_680554,0.0
NP_680555,235.0
NP_680556,0.0
NP_680558,0.0
NP_680559,0.0
NP_680560,38.0
NP_680562,0.0
NP_680565,0.0
NP_680566,0.0
NP_680567,0.0
NP_680570,0.0
NP_680572,0.0
NP_680573,0.0
NP_680579,0.0
NP_680589,0.0
NP_680590,0.0
NP_680592,0.0
NP_680596,0.0
NP_680597,0.0
NP_680598,0.0
NP_680599,0.0
NP_680600,0.0
NP_680605,0.0
NP_680606,0.0
NP_680610,0.0
NP_680611,0.0
NP_680628,0.0
NP_680630,0.0
NP_680631,0.0
NP_680632,0.0
NP_680638,0.0
NP_680639,0.0
NP_680642,0.0
NP_680645,0.0
NP_680648,0.0
NP_680659,0.0
NP_680660,0.0
NP_680661,0.0
NP_680666,0.0
NP_680667,0.0
NP_680668,0.0
NP_680669,0.0
NP_680673,0.0
NP_680674,0.0
NP_680675,0.0
NP_680678,0.0
NP_680682,0.0
NP_680683,73.0
NP_680684,0.0
NP_680685,0.0
NP_680686,0.0
NP_680687,0.0
NP_680688,0.0
NP_680689,0.0
NP_680690,0.0
NP_680691,0.0
NP_680692,50.0
NP_680694,61.0
NP_680695,0.0
NP_680696,0.0
NP_680697,0.0
NP_680698,0.0
NP_680701,0.0
NP_680702,0.0
NP_680704,0.0
NP_680705,0.0
NP_680706,0.0
NP_680707,0.0
NP_680708,0.0
NP_680709,0.0
NP_680710,0.0
NP_680713,0.0
NP_680714,0.0
NP_680717,0.0
NP_680718,0.0
NP_680719,0.0
NP_680720,0.0
NP_680721,0.0
NP_680724,0.0
NP_680726,0.0
NP_680731,0.0
NP_680732,0.0
NP_680733,0.0
NP_680734,0.0
NP_680735,48.0
NP_680736,0.0
NP_680737,0.0
NP_680738,0.0
NP_680739,0.0
NP_680740,0.0
NP_680741,0.0
NP_680742,0.0
NP_680745,0.0
NP_680746,0.0
NP_680750,0.0
NP_680753,0.0
NP_680754,0.0
NP_680755,0.0
NP_680756,0.0
NP_680758,0.0
NP_680759,0.0
NP_680761,0.0
NP_680763,40.0
NP_680764,0.0
NP_680765,0.0
NP_680766,0.0
NP_680769,0.0
NP_680770,49.0
NP_680771,0.0
NP_680772,0.0
NP_680773,0.0
NP_680774,0.0
NP_680775,0.0
NP_680776,0.0
NP_680777,0.0
NP_680778,0.0
NP_683267,0.0
NP_683269,0.0
NP_683271,0.0
NP_683273,0.0
NP_683274,0.0
NP_683275,0.0
NP_683277,0.0
NP_683278,0.0
NP_683279,0.0
NP_683280,0.0
NP_683281,0.0
NP_683283,0.0
NP_683284,0.0
NP_683286,0.0
NP_683287,0.0
NP_683288,0.0
NP_683289,0.0
NP_683291,0.0
NP_683292,308.0
NP_683293,0.0
NP_683294,0.0
NP_683295,0.0
NP_683296,0.0
NP_683297,0.0
NP_683298,0.0
NP_683299,0.0
NP_683300,0.0
NP_683303,0.0
NP_683304,0.0
NP_683305,0.0
NP_683306,0.0
NP_683307,0.0
NP_683308,0.0
NP_683309,0.0
NP_683310,0.0
NP_683311,0.0
NP_683312,0.0
NP_683313,0.0
NP_683315,0.0
NP_683316,0.0
NP_683317,194.0
NP_683318,0.0
NP_683319,0.0
NP_683320,0.0
NP_683321,0.0
NP_683323,49.0
NP_683327,0.0
NP_683328,0.0
NP_683330,0.0
NP_683332,0.0
NP_683333,0.0
NP_683335,0.0
NP_683338,0.0
NP_683340,0.0
NP_683342,0.0
NP_683343,0.0
NP_683344,0.0
NP_683346,0.0
NP_683347,0.0
NP_683348,0.0
NP_683350,0.0
NP_683351,0.0
NP_683352,0.0
NP_683354,0.0
NP_683355,0.0
NP_683357,0.0
NP_683362,0.0
NP_683372,0.0
NP_683373,0.0
NP_683375,0.0
NP_683376,0.0
NP_683380,0.0
NP_683398,0.0
NP_683406,0.0
NP_683407,0.0
NP_683408,0.0
NP_683409,0.0
NP_683410,0.0
NP_683413,0.0
NP_683414,0.0
NP_683415,0.0
NP_683416,0.0
NP_683417,0.0
NP_683420,0.0
NP_683421,0.0
NP_683422,0.0
NP_683424,0.0
NP_683426,0.0
NP_683427,0.0
NP_683428,0.0
NP_683429,0.0
NP_683430,0.0
NP_683431,0.0
NP_683432,0.0
NP_683436,0.0
NP_683437,0.0
NP_683438,0.0
NP_683439,0.0
NP_683440,0.0
NP_683441,832.0
NP_683442,0.0
NP_683443,0.0
NP_683444,0.0
NP_683445,0.0
NP_683446,865.0
NP_683447,857.0
NP_683449,0.0
NP_683450,0.0
NP_683451,0.0
NP_683452,0.0
NP_683453,0.0
NP_683456,0.0
NP_683457,0.0
NP_683458,0.0
NP_683459,0.0
NP_683461,0.0
NP_683462,0.0
NP_683463,0.0
NP_683465,0.0
NP_683467,0.0
NP_683468,0.0
NP_683469,0.0
NP_683470,0.0
NP_683471,0.0
NP_683472,0.0
NP_683473,0.0
NP_683474,0.0
NP_683477,0.0
NP_683478,0.0
NP_683479,0.0
NP_683481,0.0
NP_683482,0.0
NP_683483,0.0
NP_683484,0.0
NP_683485,0.0
NP_683487,0.0
NP_683488,0.0
NP_683489,0.0
NP_683491,0.0
NP_683492,0.0
NP_683493,0.0
NP_683494,0.0
NP_683496,0.0
NP_683498,0.0
NP_683503,0.0
NP_683504,0.0
NP_683505,0.0
NP_683507,0.0
NP_683508,0.0
NP_683510,0.0
NP_683512,0.0
NP_683519,405.0
NP_683520,0.0
NP_683521,0.0
NP_683522,0.0
NP_683524,0.0
NP_683525,0.0
NP_683527,0.0
NP_683530,0.0
NP_683531,0.0
NP_683532,0.0
NP_683533,0.0
NP_683534,0.0
NP_683535,0.0
NP_683536,0.0
NP_683537,0.0
NP_683538,562.0
NP_683539,0.0
NP_683540,0.0
NP_683542,0.0
NP_683543,0.0
NP_683545,0.0
NP_683546,0.0
NP_683547,0.0
NP_683549,0.0
NP_683550,0.0
NP_683551,0.0
NP_683552,0.0
NP_683556,0.0
NP_683557,0.0
NP_683559,0.0
NP_683560,0.0
NP_683561,0.0
NP_683562,0.0
NP_683564,0.0
NP_683567,0.0
NP_683568,40.0
NP_683570,0.0
NP_683571,0.0
NP_683573,0.0
NP_683574,0.0
NP_683575,0.0
NP_683576,0.0
NP_683579,0.0
NP_683580,0.0
NP_683581,561.0
NP_683582,0.0
NP_683583,0.0
NP_683584,0.0
NP_683585,0.0
NP_683587,0.0
NP_683588,0.0
NP_683589,0.0
NP_683590,0.0
NP_683591,0.0
NP_683592,0.0
NP_683594,0.0
NP_683595,0.0
NP_683596,0.0
NP_683597,0.0
NP_683598,0.0
NP_683599,59.0
NP_683600,0.0
NP_683601,0.0
NP_683602,0.0
NP_683603,0.0
NP_683604,0.0
NP_683605,0.0
NP_683606,0.0
NP_683607,0.0
NP_683608,0.0
NP_683609,0.0
NP_683610,0.0
NP_683620,0.0
NP_683622,0.0
NP_683623,0.0
NP_683626,0.0
NP_683630,0.0
NP_683631,0.0
NP_683632,0.0
NP_683637,0.0
NP_683646,0.0
NP_683651,0.0
NP_683652,0.0
NP_683659,0.0
NP_683668,0.0
NP_683677,0.0
NP_683678,0.0
NP_683680,0.0
NP_683681,0.0
NP_849271,66.0
NP_849272,0.0
NP_849274,0.0
NP_849275,0.0
NP_849276,0.0
NP_849277,0.0
NP_849278,0.0
NP_849279,0.0
NP_849280,0.0
NP_849281,36.0
NP_849282,0.0
NP_849283,0.0
NP_849284,0.0
NP_849285,35.0
NP_849286,0.0
NP_849287,0.0
NP_849288,0.0
NP_849289,0.0
NP_849290,0.0
NP_849291,0.0
NP_849292,0.0
NP_849293,0.0
NP_849294,0.0
NP_849295,0.0
NP_849296,0.0
NP_849297,0.0
NP_849298,0.0
NP_849299,0.0
NP_849300,0.0
NP_849301,0.0
NP_849306,0.0
NP_849308,0.0
NP_849310,0.0
NP_849311,0.0
NP_849312,0.0
NP_849319,0.0
NP_849320,0.0
NP_849323,0.0
NP_849325,0.0
NP_849329,0.0
NP_849339,274.0
NP_849340,0.0
NP_849341,0.0
NP_849343,0.0
NP_849344,0.0
NP_849345,0.0
NP_849346,0.0
NP_849347,0.0
NP_849348,0.0
NP_849349,0.0
NP_849350,0.0
NP_849351,0.0
NP_849352,0.0
NP_849353,0.0
NP_849354,0.0
NP_849355,0.0
NP_849356,41.0
NP_849357,0.0
NP_849358,145.0
NP_849359,0.0
NP_849360,0.0
NP_849361,0.0
NP_849362,415.0
NP_849363,0.0
NP_849364,0.0
NP_849366,0.0
NP_849367,0.0
NP_849368,0.0
NP_849369,0.0
NP_849370,486.0
NP_849371,0.0
NP_849372,0.0
NP_849373,0.0
NP_849374,0.0
NP_849375,0.0
NP_849377,0.0
NP_849378,0.0
NP_849379,0.0
NP_849380,0.0
NP_849381,50.0
NP_849382,50.0
NP_849383,0.0
NP_849384,0.0
NP_849385,0.0
NP_849386,0.0
NP_849387,0.0
NP_849388,0.0
NP_849389,0.0
NP_849390,0.0
NP_849391,0.0
NP_849392,0.0
NP_849393,0.0
NP_849394,0.0
NP_849395,0.0
NP_849396,0.0
NP_849397,0.0
NP_849398,7231.0
NP_849399,1224.0
NP_849400,745.0
NP_849401,48.0
NP_849403,0.0
NP_849404,0.0
NP_849405,0.0
NP_849407,486.0
NP_849408,0.0
NP_849409,53.0
NP_849410,1583.0
NP_849411,0.0
NP_849412,0.0
NP_849413,0.0
NP_849414,0.0
NP_849415,0.0
NP_849416,0.0
NP_849418,0.0
NP_849419,0.0
NP_849420,0.0
NP_849421,0.0
NP_849423,0.0
NP_849424,248.0
NP_849425,507.0
NP_849426,493.0
NP_849427,255.0
NP_849428,0.0
NP_849429,0.0
NP_849430,0.0
NP_849431,0.0
NP_849432,0.0
NP_849433,0.0
NP_849434,0.0
NP_849435,0.0
NP_849437,0.0
NP_849438,0.0
NP_849439,0.0
NP_849440,0.0
NP_849441,0.0
NP_849442,212.0
NP_849443,0.0
NP_849444,0.0
NP_849445,0.0
NP_849446,182.0
NP_849448,0.0
NP_849450,713.0
NP_849451,0.0
NP_849452,0.0
NP_849453,0.0
NP_849454,0.0
NP_849455,0.0
NP_849456,0.0
NP_849457,0.0
NP_849458,0.0
NP_849459,0.0
NP_849460,0.0
NP_849461,0.0
NP_849462,0.0
NP_849463,0.0
NP_849464,0.0
NP_849465,0.0
NP_849466,0.0
NP_849467,0.0
NP_849468,0.0
NP_849469,0.0
NP_849470,0.0
NP_849471,0.0
NP_849472,0.0
NP_849473,0.0
NP_849474,0.0
NP_849475,0.0
NP_849476,0.0
NP_849477,0.0
NP_849478,0.0
NP_849480,0.0
NP_849481,0.0
NP_849483,0.0
NP_849484,0.0
NP_849485,0.0
NP_849486,46.0
NP_849487,0.0
NP_849488,0.0
NP_849489,0.0
NP_849490,0.0
NP_849491,0.0
NP_849492,0.0
NP_849493,36.0
NP_849494,0.0
NP_849495,0.0
NP_849497,0.0
NP_849498,0.0
NP_849499,0.0
NP_849500,0.0
NP_849501,0.0
NP_849502,0.0
NP_849503,0.0
NP_849504,0.0
NP_849505,0.0
NP_849506,0.0
NP_849507,0.0
NP_849508,0.0
NP_849509,0.0
NP_849510,0.0
NP_849511,0.0
NP_849512,0.0
NP_849513,0.0
NP_849514,40.0
NP_849515,0.0
NP_849516,0.0
NP_849517,0.0
NP_849518,0.0
NP_849519,0.0
NP_849520,0.0
NP_849521,0.0
NP_849522,0.0
NP_849523,0.0
NP_849524,0.0
NP_849525,0.0
NP_849526,0.0
NP_849527,0.0
NP_849528,0.0
NP_849529,0.0
NP_849530,0.0
NP_849535,0.0
NP_849536,43.0
NP_849537,0.0
NP_849538,1349.0
NP_849539,0.0
NP_849540,0.0
NP_849541,0.0
NP_849542,0.0
NP_849544,0.0
NP_849545,0.0
NP_849546,0.0
NP_849547,0.0
NP_849548,1006.0
NP_849549,1030.0
NP_849550,510.0
NP_849551,58.0
NP_849552,46.0
NP_849553,41.0
NP_849554,0.0
NP_849555,0.0
NP_849556,0.0
NP_849557,0.0
NP_849558,0.0
NP_849559,236.0
NP_849560,0.0
NP_849561,0.0
NP_849562,0.0
NP_849563,0.0
NP_849564,0.0
NP_849565,0.0
NP_849566,0.0
NP_849567,49.0
NP_849568,0.0
NP_849569,0.0
NP_849570,0.0
NP_849571,0.0
NP_849572,0.0
NP_849573,538.0
NP_849575,42.0
NP_849576,0.0
NP_849577,0.0
NP_849578,0.0
NP_849579,0.0
NP_849580,0.0
NP_849581,0.0
NP_849582,0.0
NP_849583,0.0
NP_849584,0.0
NP_849585,0.0
NP_849586,0.0
NP_849587,48.0
NP_849588,0.0
NP_849589,0.0
NP_849590,0.0
NP_849591,0.0
NP_849592,0.0
NP_849593,0.0
NP_849596,0.0
NP_849597,0.0
NP_849598,0.0
NP_849599,0.0
NP_849600,0.0
NP_849601,0.0
NP_849602,0.0
NP_849603,0.0
NP_849604,0.0
NP_849605,0.0
NP_849606,0.0
NP_849607,0.0
NP_849608,49.0
NP_849609,0.0
NP_849610,0.0
NP_849611,0.0
NP_849612,0.0
NP_849613,0.0
NP_849614,0.0
NP_849615,0.0
NP_849616,0.0
NP_849617,0.0
NP_849618,0.0
NP_849619,0.0
NP_849620,0.0
NP_849621,0.0
NP_849622,0.0
NP_849623,0.0
NP_849625,0.0
NP_849626,0.0
NP_849627,452.0
NP_849628,0.0
NP_849629,0.0
NP_849630,0.0
NP_849631,0.0
NP_849632,0.0
NP_849633,0.0
NP_849634,0.0
NP_849635,0.0
NP_849636,461.0
NP_849637,461.0
NP_849638,0.0
NP_849639,0.0
NP_849640,0.0
NP_849641,0.0
NP_849642,0.0
NP_849643,0.0
NP_849644,0.0
NP_849645,0.0
NP_849646,0.0
NP_849647,0.0
NP_849648,0.0
NP_849649,0.0
NP_849650,0.0
NP_849651,0.0
NP_849652,0.0
NP_849653,0.0
NP_849654,0.0
NP_849655,35.0
NP_849656,0.0
NP_849657,0.0
NP_849659,0.0
NP_849660,0.0
NP_849661,0.0
NP_849662,44.0
NP_849663,0.0
NP_849664,0.0
NP_849666,0.0
NP_849667,0.0
NP_849668,0.0
NP_849669,0.0
NP_849670,0.0
NP_849671,0.0
NP_849672,38.0
NP_849673,0.0
NP_849674,0.0
NP_849675,0.0
NP_849676,0.0
NP_849677,0.0
NP_849678,0.0
NP_849679,0.0
NP_849680,0.0
NP_849681,0.0
NP_849683,0.0
NP_849684,0.0
NP_849685,847.0
NP_849686,0.0
NP_849687,0.0
NP_849688,0.0
NP_849689,34.0
NP_849690,0.0
NP_849691,0.0
NP_849692,0.0
NP_849693,0.0
NP_849694,0.0
NP_849695,0.0
NP_849696,0.0
NP_849697,0.0
NP_849698,0.0
NP_849699,0.0
NP_849700,0.0
NP_849701,0.0
NP_849702,0.0
NP_849703,0.0
NP_849704,0.0
NP_849705,0.0
NP_849706,0.0
NP_849708,0.0
NP_849709,0.0
NP_849710,0.0
NP_849711,0.0
NP_849712,0.0
NP_849713,0.0
NP_849714,0.0
NP_849715,0.0
NP_849716,0.0
NP_849717,0.0
NP_849718,0.0
NP_849719,0.0
NP_849720,0.0
NP_849721,0.0
NP_849722,0.0
NP_849723,0.0
NP_849724,0.0
NP_849725,0.0
NP_849726,0.0
NP_849727,0.0
NP_849728,0.0
NP_849729,0.0
NP_849730,0.0
NP_849731,43.0
NP_849732,43.0
NP_849733,0.0
NP_849734,0.0
NP_849735,0.0
NP_849736,0.0
NP_849737,0.0
NP_849738,0.0
NP_849739,0.0
NP_849740,0.0
NP_849741,0.0
NP_849742,389.0
NP_849743,42.0
NP_849744,0.0
NP_849745,0.0
NP_849746,0.0
NP_849747,0.0
NP_849748,0.0
NP_849749,0.0
NP_849750,0.0
NP_849751,0.0
NP_849755,0.0
NP_849757,0.0
NP_849765,0.0
NP_849769,0.0
NP_849770,0.0
NP_849771,0.0
NP_849772,0.0
NP_849776,0.0
NP_849777,0.0
NP_849778,0.0
NP_849779,0.0
NP_849780,0.0
NP_849781,0.0
NP_849782,0.0
NP_849784,0.0
NP_849785,0.0
NP_849786,0.0
NP_849787,41.0
NP_849788,365.0
NP_849789,0.0
NP_849790,0.0
NP_849791,0.0
NP_849792,0.0
NP_849793,0.0
NP_849794,0.0
NP_849795,0.0
NP_849796,0.0
NP_849797,0.0
NP_849798,0.0
NP_849799,0.0
NP_849800,0.0
NP_849801,0.0
NP_849802,0.0
NP_849803,0.0
NP_849804,0.0
NP_849805,0.0
NP_849806,0.0
NP_849807,47.0
NP_849808,0.0
NP_849809,66.0
NP_849810,0.0
NP_849811,0.0
NP_849812,0.0
NP_849813,0.0
NP_849815,0.0
NP_849816,0.0
NP_849817,0.0
NP_849818,0.0
NP_849819,0.0
NP_849820,0.0
NP_849822,0.0
NP_849823,0.0
NP_849824,0.0
NP_849825,0.0
NP_849826,0.0
NP_849827,0.0
NP_849828,0.0
NP_849829,0.0
NP_849830,0.0
NP_849831,0.0
NP_849832,0.0
NP_849833,0.0
NP_849834,228.0
NP_849835,46.0
NP_849836,0.0
NP_849837,0.0
NP_849838,0.0
NP_849839,0.0
NP_849840,0.0
NP_849841,0.0
NP_849842,0.0
NP_849843,0.0
NP_849844,0.0
NP_849845,0.0
NP_849846,0.0
NP_849847,0.0
NP_849848,0.0
NP_849849,0.0
NP_849850,0.0
NP_849851,0.0
NP_849852,0.0
NP_849853,0.0
NP_849854,0.0
NP_849855,0.0
NP_849856,0.0
NP_849857,0.0
NP_849858,41.0
NP_849859,41.0
NP_849860,41.0
NP_849861,0.0
NP_849863,0.0
NP_849864,0.0
NP_849865,0.0
NP_849866,0.0
NP_849867,0.0
NP_849868,0.0
NP_849869,0.0
NP_849870,0.0
NP_849871,0.0
NP_849872,0.0
NP_849873,0.0
NP_849874,0.0
NP_849875,0.0
NP_849876,0.0
NP_849877,0.0
NP_849878,0.0
NP_849879,0.0
NP_849880,0.0
NP_849881,0.0
NP_849882,0.0
NP_849883,0.0
NP_849884,0.0
NP_849886,0.0
NP_849887,0.0
NP_849888,0.0
NP_849889,0.0
NP_849890,0.0
NP_849891,0.0
NP_849892,0.0
NP_849894,0.0
NP_849895,0.0
NP_849896,0.0
NP_849897,0.0
NP_849898,0.0
NP_849899,0.0
NP_849900,0.0
NP_849901,0.0
NP_849903,0.0
NP_849904,0.0
NP_849905,0.0
NP_849907,0.0
NP_849908,495.0
NP_849910,0.0
NP_849911,0.0
NP_849912,0.0
NP_849913,44.0
NP_849914,0.0
NP_849915,0.0
NP_849916,0.0
NP_849917,0.0
NP_849918,0.0
NP_849919,0.0
NP_849920,0.0
NP_849921,0.0
NP_849922,0.0
NP_849923,0.0
NP_849924,0.0
NP_849925,0.0
NP_849926,0.0
NP_849927,0.0
NP_849928,0.0
NP_849929,0.0
NP_849930,0.0
NP_849931,0.0
NP_849932,44.0
NP_849933,0.0
NP_849934,45.0
NP_849935,0.0
NP_849936,535.0
NP_849937,0.0
NP_849938,32.0
NP_849939,0.0
NP_849940,0.0
NP_849941,35.0
NP_849946,42.0
NP_849948,0.0
NP_849949,0.0
NP_849950,0.0
NP_849951,0.0
NP_849952,0.0
NP_849953,0.0
NP_849954,0.0
NP_849955,0.0
NP_849956,0.0
NP_849957,902.0
NP_849958,0.0
NP_849959,0.0
NP_849960,0.0
NP_849961,0.0
NP_849962,0.0
NP_849963,0.0
NP_849964,0.0
NP_849965,0.0
NP_849966,0.0
NP_849967,0.0
NP_849968,0.0
NP_849969,0.0
NP_849970,0.0
NP_849971,0.0
NP_849972,0.0
NP_849973,0.0
NP_849974,0.0
NP_849975,0.0
NP_849976,0.0
NP_849977,0.0
NP_849978,0.0
NP_849979,0.0
NP_849980,0.0
NP_849981,0.0
NP_849982,0.0
NP_849983,0.0
NP_849984,0.0
NP_849985,0.0
NP_849986,0.0
NP_849987,0.0
NP_849989,0.0
NP_849990,0.0
NP_849991,0.0
NP_849992,0.0
NP_849993,0.0
NP_849994,0.0
NP_849995,0.0
NP_849996,0.0
NP_849997,53.0
NP_849998,659.0
NP_849999,0.0
NP_850000,0.0
NP_850001,0.0
NP_850002,0.0
NP_850003,0.0
NP_850004,0.0
NP_850005,0.0
NP_850006,0.0
NP_850007,0.0
NP_850008,0.0
NP_850009,0.0
NP_850010,0.0
NP_850011,0.0
NP_850012,0.0
NP_850013,0.0
NP_850014,0.0
NP_850015,0.0
NP_850016,0.0
NP_850017,0.0
NP_850018,0.0
NP_850019,0.0
NP_850020,0.0
NP_850021,0.0
NP_850022,0.0
NP_850023,58.0
NP_850024,0.0
NP_850025,0.0
NP_850026,0.0
NP_850027,0.0
NP_850030,0.0
NP_850031,36.0
NP_850032,0.0
NP_850033,0.0
NP_850034,0.0
NP_850035,0.0
NP_850036,0.0
NP_850037,0.0
NP_850038,0.0
NP_850039,0.0
NP_850040,0.0
NP_850041,452.0
NP_850042,0.0
NP_850043,0.0
NP_850044,0.0
NP_850045,0.0
NP_850046,0.0
NP_850047,0.0
NP_850049,728.0
NP_850050,0.0
NP_850051,0.0
NP_850052,38.0
NP_850053,0.0
NP_850054,0.0
NP_850055,0.0
NP_850056,36.0
NP_850057,0.0
NP_850058,0.0
NP_850060,0.0
NP_850061,0.0
NP_850062,0.0
NP_850063,0.0
NP_850064,0.0
NP_850065,0.0
NP_850066,0.0
NP_850067,0.0
NP_850068,0.0
NP_850069,0.0
NP_850070,0.0
NP_850071,0.0
NP_850072,0.0
NP_850074,0.0
NP_850075,49.0
NP_850076,0.0
NP_850077,0.0
NP_850079,0.0
NP_850080,0.0
NP_850081,0.0
NP_850082,0.0
NP_850083,45.0
NP_850084,0.0
NP_850085,0.0
NP_850086,46.0
NP_850087,0.0
NP_850088,0.0
NP_850089,0.0
NP_850090,0.0
NP_850091,0.0
NP_850092,0.0
NP_850094,0.0
NP_850095,0.0
NP_850097,0.0
NP_850098,0.0
NP_850099,0.0
NP_850100,0.0
NP_850101,0.0
NP_850102,0.0
NP_850103,0.0
NP_850104,0.0
NP_850105,0.0
NP_850106,0.0
NP_850107,0.0
NP_850108,0.0
NP_850109,0.0
NP_850110,0.0
NP_850111,36.0
NP_850112,0.0
NP_850113,0.0
NP_850114,0.0
NP_850115,390.0
NP_850116,66.0
NP_850117,66.0
NP_850118,0.0
NP_850119,0.0
NP_850120,0.0
NP_850121,43.0
NP_850122,0.0
NP_850123,0.0
NP_850124,0.0
NP_850125,0.0
NP_850126,0.0
NP_850127,0.0
NP_850128,666.0
NP_850129,0.0
NP_850130,0.0
NP_850131,0.0
NP_850132,0.0
NP_850133,0.0
NP_850134,0.0
NP_850135,0.0
NP_850136,0.0
NP_850137,0.0
NP_850138,0.0
NP_850139,0.0
NP_850141,0.0
NP_850142,0.0
NP_850143,0.0
NP_850144,0.0
NP_850145,0.0
NP_850146,0.0
NP_850147,0.0
NP_850148,0.0
NP_850150,0.0
NP_850151,0.0
NP_850152,0.0
NP_850153,0.0
NP_850154,0.0
NP_850155,0.0
NP_850156,0.0
NP_850157,0.0
NP_850158,0.0
NP_850159,0.0
NP_850160,0.0
NP_850161,0.0
NP_850162,0.0
NP_850163,49.0
NP_850164,0.0
NP_850165,43.0
NP_850166,0.0
NP_850167,0.0
NP_850168,0.0
NP_850169,0.0
NP_850170,0.0
NP_850171,0.0
NP_850172,0.0
NP_850173,0.0
NP_850174,0.0
NP_850175,0.0
NP_850176,0.0
NP_850177,0.0
NP_850178,0.0
NP_850179,0.0
NP_850180,0.0
NP_850182,0.0
NP_850183,0.0
NP_850184,0.0
NP_850185,0.0
NP_850186,0.0
NP_850187,0.0
NP_850188,0.0
NP_850189,0.0
NP_850190,0.0
NP_850191,0.0
NP_850192,0.0
NP_850193,0.0
NP_850194,0.0
NP_850195,0.0
NP_850196,0.0
NP_850197,0.0
NP_850198,0.0
NP_850199,0.0
NP_850200,0.0
NP_850201,0.0
NP_850202,0.0
NP_850203,0.0
NP_850204,0.0
NP_850205,0.0
NP_850206,0.0
NP_850207,0.0
NP_850208,0.0
NP_850211,0.0
NP_850212,0.0
NP_850213,0.0
NP_850214,0.0
NP_850215,0.0
NP_850216,0.0
NP_850217,0.0
NP_850218,0.0
NP_850219,0.0
NP_850220,0.0
NP_850221,0.0
NP_850222,0.0
NP_850223,0.0
NP_850224,0.0
NP_850225,44.0
NP_850226,0.0
NP_850227,0.0
NP_850228,0.0
NP_850229,0.0
NP_850230,43.0
NP_850232,0.0
NP_850233,0.0
NP_850234,0.0
NP_850235,0.0
NP_850236,0.0
NP_850237,52.0
NP_850238,0.0
NP_850239,0.0
NP_850240,0.0
NP_850241,46.0
NP_850242,0.0
NP_850243,0.0
NP_850244,0.0
NP_850245,0.0
NP_850246,0.0
NP_850247,0.0
NP_850248,0.0
NP_850249,0.0
NP_850250,38.0
NP_850251,0.0
NP_850252,0.0
NP_850253,0.0
NP_850254,0.0
NP_850255,0.0
NP_850256,61.0
NP_850257,0.0
NP_850258,0.0
NP_850259,0.0
NP_850260,0.0
NP_850261,0.0
NP_850262,0.0
NP_850263,0.0
NP_850265,0.0
NP_850266,0.0
NP_850267,0.0
NP_850268,0.0
NP_850269,0.0
NP_850270,40.0
NP_850271,47.0
NP_850272,0.0
NP_850273,0.0
NP_850275,0.0
NP_850276,0.0
NP_850277,0.0
NP_850278,0.0
NP_850279,0.0
NP_850280,0.0
NP_850281,0.0
NP_850282,0.0
NP_850283,0.0
NP_850284,0.0
NP_850285,275.0
NP_850286,0.0
NP_850287,0.0
NP_850288,0.0
NP_850289,0.0
NP_850290,0.0
NP_850291,0.0
NP_850292,0.0
NP_850293,0.0
NP_850294,0.0
NP_850295,0.0
NP_850296,0.0
NP_850297,54.0
NP_850298,0.0
NP_850299,0.0
NP_850300,0.0
NP_850303,0.0
NP_850304,0.0
NP_850305,0.0
NP_850306,0.0
NP_850308,0.0
NP_850309,0.0
NP_850310,0.0
NP_850311,811.0
NP_850312,0.0
NP_850313,0.0
NP_850314,0.0
NP_850316,0.0
NP_850317,0.0
NP_850318,0.0
NP_850319,0.0
NP_850320,0.0
NP_850321,0.0
NP_850322,0.0
NP_850323,0.0
NP_850325,0.0
NP_850326,0.0
NP_850327,37.0
NP_850329,0.0
NP_850331,0.0
NP_850332,0.0
NP_850333,0.0
NP_850334,0.0
NP_850336,221.0
NP_850337,0.0
NP_850338,0.0
NP_850339,0.0
NP_850340,0.0
NP_850341,0.0
NP_850342,0.0
NP_850344,0.0
NP_850345,0.0
NP_850346,0.0
NP_850347,0.0
NP_850348,0.0
NP_850349,0.0
NP_850350,0.0
NP_850351,46.0
NP_850352,0.0
NP_850353,0.0
NP_850354,44.0
NP_850355,0.0
NP_850356,0.0
NP_850357,0.0
NP_850358,45.0
NP_850359,0.0
NP_850360,0.0
NP_850361,44.0
NP_850362,0.0
NP_850363,0.0
NP_850364,0.0
NP_850366,0.0
NP_850368,0.0
NP_850369,0.0
NP_850370,0.0
NP_850371,0.0
NP_850372,0.0
NP_850373,0.0
NP_850374,0.0
NP_850375,0.0
NP_850376,0.0
NP_850377,0.0
NP_850378,0.0
NP_850379,0.0
NP_850380,0.0
NP_850381,47.0
NP_850382,0.0
NP_850383,0.0
NP_850384,0.0
NP_850385,0.0
NP_850386,0.0
NP_850387,0.0
NP_850388,0.0
NP_850389,0.0
NP_850390,0.0
NP_850391,0.0
NP_850392,0.0
NP_850393,40.0
NP_850394,0.0
NP_850395,0.0
NP_850396,59.0
NP_850397,0.0
NP_850398,0.0
NP_850399,0.0
NP_850400,0.0
NP_850401,0.0
NP_850402,0.0
NP_850403,0.0
NP_850404,0.0
NP_850405,0.0
NP_850406,0.0
NP_850407,0.0
NP_850408,0.0
NP_850409,0.0
NP_850410,0.0
NP_850411,0.0
NP_850412,0.0
NP_850413,0.0
NP_850414,56.0
NP_850415,0.0
NP_850416,0.0
NP_850417,0.0
NP_850418,0.0
NP_850419,0.0
NP_850420,0.0
NP_850421,0.0
NP_850422,46.0
NP_850423,0.0
NP_850424,0.0
NP_850425,0.0
NP_850426,0.0
NP_850427,0.0
NP_850428,0.0
NP_850429,36.0
NP_850430,0.0
NP_850431,0.0
NP_850432,0.0
NP_850433,0.0
NP_850434,0.0
NP_850435,0.0
NP_850436,0.0
NP_850437,42.0
NP_850438,0.0
NP_850439,0.0
NP_850440,0.0
NP_850441,0.0
NP_850442,0.0
NP_850443,0.0
NP_850444,0.0
NP_850445,0.0
NP_850446,204.0
NP_850447,0.0
NP_850448,0.0
NP_850449,0.0
NP_850450,0.0
NP_850451,0.0
NP_850452,0.0
NP_850453,0.0
NP_850454,35.0
NP_850455,0.0
NP_850456,0.0
NP_850457,0.0
NP_850458,0.0
NP_850459,0.0
NP_850460,0.0
NP_850461,0.0
NP_850462,0.0
NP_850463,0.0
NP_850464,0.0
NP_850465,0.0
NP_850466,0.0
NP_850467,494.0
NP_850468,37.0
NP_850469,0.0
NP_850470,0.0
NP_850471,0.0
NP_850472,0.0
NP_850473,0.0
NP_850474,0.0
NP_850475,0.0
NP_850476,0.0
NP_850477,0.0
NP_850478,0.0
NP_850479,0.0
NP_850481,0.0
NP_850482,0.0
NP_850483,0.0
NP_850484,0.0
NP_850485,0.0
NP_850486,0.0
NP_850488,0.0
NP_850489,0.0
NP_850490,0.0
NP_850491,0.0
NP_850492,0.0
NP_850493,0.0
NP_850494,0.0
NP_850495,0.0
NP_850496,0.0
NP_850497,0.0
NP_850498,0.0
NP_850499,0.0
NP_850500,42.0
NP_850501,0.0
NP_850502,0.0
NP_850503,0.0
NP_850504,0.0
NP_850505,0.0
NP_850506,0.0
NP_850507,0.0
NP_850508,0.0
NP_850509,0.0
NP_850510,0.0
NP_850511,0.0
NP_850512,0.0
NP_850514,0.0
NP_850515,0.0
NP_850516,0.0
NP_850517,44.0
NP_850518,0.0
NP_850519,38.0
NP_850520,459.0
NP_850521,0.0
NP_850522,0.0
NP_850523,0.0
NP_850524,0.0
NP_850525,0.0
NP_850526,0.0
NP_850527,0.0
NP_850528,0.0
NP_850529,0.0
NP_850530,0.0
NP_850531,0.0
NP_850532,0.0
NP_850533,0.0
NP_850534,50.0
NP_850535,0.0
NP_850536,0.0
NP_850538,0.0
NP_850539,0.0
NP_850540,0.0
NP_850541,0.0
NP_850542,0.0
NP_850543,172.0
NP_850544,0.0
NP_850545,0.0
NP_850546,0.0
NP_850547,0.0
NP_850549,0.0
NP_850550,0.0
NP_850551,0.0
NP_850552,0.0
NP_850553,63.0
NP_850554,0.0
NP_850555,0.0
NP_850556,0.0
NP_850557,0.0
NP_850558,0.0
NP_850559,0.0
NP_850560,0.0
NP_850561,0.0
NP_850562,0.0
NP_850563,0.0
NP_850564,0.0
NP_850565,0.0
NP_850566,0.0
NP_850567,0.0
NP_850568,0.0
NP_850569,0.0
NP_850570,0.0
NP_850571,0.0
NP_850572,37.0
NP_850573,0.0
NP_850574,0.0
NP_850575,46.0
NP_850576,0.0
NP_850577,0.0
NP_850578,0.0
NP_850580,0.0
NP_850581,0.0
NP_850582,0.0
NP_850583,0.0
NP_850584,0.0
NP_850585,0.0
NP_850586,0.0
NP_850587,0.0
NP_850588,0.0
NP_850589,0.0
NP_850590,0.0
NP_850591,0.0
NP_850592,0.0
NP_850593,0.0
NP_850594,0.0
NP_850595,0.0
NP_850596,0.0
NP_850597,0.0
NP_850598,0.0
NP_850599,0.0
NP_850600,0.0
NP_850601,0.0
NP_850602,0.0
NP_850603,0.0
NP_850604,0.0
NP_850605,0.0
NP_850606,0.0
NP_850607,0.0
NP_850608,0.0
NP_850609,35.0
NP_850610,0.0
NP_850612,0.0
NP_850613,39.0
NP_850614,0.0
NP_850615,0.0
NP_850616,0.0
NP_850617,0.0
NP_850618,0.0
NP_850619,0.0
NP_850620,40.0
NP_850621,0.0
NP_850622,0.0
NP_850623,0.0
NP_850624,0.0
NP_850625,0.0
NP_850626,0.0
NP_850627,0.0
NP_850628,0.0
NP_850629,0.0
NP_850630,0.0
NP_850631,0.0
NP_850632,0.0
NP_850633,39.0
NP_850634,0.0
NP_850635,0.0
NP_850636,0.0
NP_850637,0.0
NP_850638,0.0
NP_850639,0.0
NP_850640,0.0
NP_850641,0.0
NP_850642,0.0
NP_850643,0.0
NP_850644,0.0
NP_850645,0.0
NP_850646,0.0
NP_850648,0.0
NP_850649,0.0
NP_850650,0.0
NP_850651,0.0
NP_850652,0.0
NP_850653,0.0
NP_850654,1526.0
NP_850655,1526.0
NP_850656,0.0
NP_850657,0.0
NP_850658,0.0
NP_850660,0.0
NP_850661,0.0
NP_850662,0.0
NP_850663,0.0
NP_850664,0.0
NP_850665,0.0
NP_850666,0.0
NP_850667,0.0
NP_850668,0.0
NP_850669,38.0
NP_850671,67.0
NP_850672,0.0
NP_850673,0.0
NP_850675,0.0
NP_850676,0.0
NP_850677,568.0
NP_850678,0.0
NP_850679,0.0
NP_850680,0.0
NP_850682,0.0
NP_850683,0.0
NP_850684,0.0
NP_850685,0.0
NP_850686,0.0
NP_850687,126.0
NP_850688,0.0
NP_850689,0.0
NP_850690,0.0
NP_850691,0.0
NP_850692,0.0
NP_850693,0.0
NP_850694,0.0
NP_850695,0.0
NP_850696,0.0
NP_850697,0.0
NP_850698,0.0
NP_850699,0.0
NP_850700,0.0
NP_850701,0.0
NP_850702,0.0
NP_850703,0.0
NP_850704,0.0
NP_850705,0.0
NP_850706,0.0
NP_850708,0.0
NP_850709,52.0
NP_850710,0.0
NP_850711,0.0
NP_850712,0.0
NP_850713,0.0
NP_850714,0.0
NP_850715,0.0
NP_850716,0.0
NP_850717,0.0
NP_850718,277.0
NP_850719,0.0
NP_850720,507.0
NP_850721,0.0
NP_850722,0.0
NP_850723,0.0
NP_850724,0.0
NP_850725,0.0
NP_850726,0.0
NP_850727,0.0
NP_850728,0.0
NP_850729,0.0
NP_850730,0.0
NP_850731,0.0
NP_850732,0.0
NP_850733,0.0
NP_850734,0.0
NP_850735,0.0
NP_850736,0.0
NP_850737,0.0
NP_850738,0.0
NP_850739,0.0
NP_850740,0.0
NP_850741,0.0
NP_850742,0.0
NP_850743,47.0
NP_850744,0.0
NP_850745,0.0
NP_850746,0.0
NP_850748,0.0
NP_850749,0.0
NP_850750,0.0
NP_850751,0.0
NP_850752,0.0
NP_850753,0.0
NP_850754,0.0
NP_850755,1266.0
NP_850756,0.0
NP_850757,0.0
NP_850758,0.0
NP_850759,0.0
NP_850760,209.0
NP_850761,0.0
NP_850762,0.0
NP_850763,49.0
NP_850764,0.0
NP_850765,0.0
NP_850766,0.0
NP_850767,0.0
NP_850768,0.0
NP_850769,0.0
NP_850770,0.0
NP_850771,0.0
NP_850772,0.0
NP_850773,0.0
NP_850774,0.0
NP_850775,0.0
NP_850776,0.0
NP_850778,0.0
NP_850779,0.0
NP_850780,0.0
NP_850781,0.0
NP_850782,32.0
NP_850783,0.0
NP_850784,0.0
NP_850785,0.0
NP_850786,0.0
NP_850787,0.0
NP_850788,0.0
NP_850789,0.0
NP_850790,0.0
NP_850791,0.0
NP_850792,0.0
NP_850793,0.0
NP_850794,0.0
NP_850795,0.0
NP_850796,0.0
NP_850797,0.0
NP_850798,0.0
NP_850799,0.0
NP_850800,0.0
NP_850801,0.0
NP_850802,0.0
NP_850803,0.0
NP_850805,53.0
NP_850806,483.0
NP_850808,0.0
NP_850809,0.0
NP_850810,0.0
NP_850811,0.0
NP_850812,0.0
NP_850813,0.0
NP_850815,0.0
NP_850816,0.0
NP_850817,0.0
NP_850818,0.0
NP_850819,0.0
NP_850821,0.0
NP_850822,0.0
NP_850823,0.0
NP_850824,0.0
NP_850825,0.0
NP_850826,0.0
NP_850827,0.0
NP_850828,35.0
NP_850829,0.0
NP_850830,0.0
NP_850831,0.0
NP_850832,0.0
NP_850833,0.0
NP_850834,0.0
NP_850835,0.0
NP_850836,0.0
NP_850837,0.0
NP_850838,0.0
NP_850839,0.0
NP_850840,0.0
NP_850841,45.0
NP_850842,0.0
NP_850843,0.0
NP_850844,0.0
NP_850845,0.0
NP_850846,0.0
NP_850847,0.0
NP_850848,0.0
NP_850849,0.0
NP_850850,0.0
NP_850851,0.0
NP_850852,0.0
NP_850853,0.0
NP_850854,0.0
NP_850856,0.0
NP_850857,0.0
NP_850858,0.0
NP_850859,0.0
NP_850860,0.0
NP_850861,173.0
NP_850862,0.0
NP_850863,0.0
NP_850864,0.0
NP_850867,0.0
NP_850868,0.0
NP_850869,0.0
NP_850870,0.0
NP_850871,0.0
NP_850872,0.0
NP_850873,0.0
NP_850874,0.0
NP_850875,0.0
NP_850876,0.0
NP_850877,44.0
NP_850878,0.0
NP_850879,0.0
NP_850880,0.0
NP_850881,0.0
NP_850882,0.0
NP_850883,0.0
NP_850884,0.0
NP_850885,0.0
NP_850886,0.0
NP_850888,0.0
NP_850896,0.0
NP_850897,0.0
NP_850901,0.0
NP_850902,0.0
NP_850903,0.0
NP_850904,0.0
NP_850917,0.0
NP_850918,0.0
NP_850920,0.0
NP_850921,0.0
NP_850923,0.0
NP_850924,0.0
NP_850925,0.0
NP_850926,0.0
NP_850927,0.0
NP_850928,0.0
NP_850929,0.0
NP_850932,0.0
NP_850933,0.0
NP_850934,0.0
NP_850935,0.0
NP_850936,0.0
NP_850937,0.0
NP_850938,0.0
NP_850939,0.0
NP_850940,0.0
NP_850941,0.0
NP_850942,1148.0
NP_850943,0.0
NP_850944,0.0
NP_850945,0.0
NP_850946,0.0
NP_850947,0.0
NP_850948,0.0
NP_850949,0.0
NP_850950,0.0
NP_850951,0.0
NP_850952,38.0
NP_850953,0.0
NP_850954,0.0
NP_850955,569.0
NP_850956,0.0
NP_850957,0.0
NP_850958,0.0
NP_850959,44.0
NP_850960,48.0
NP_850961,0.0
NP_850962,0.0
NP_850963,0.0
NP_850964,0.0
NP_850966,50.0
NP_850967,50.0
NP_850968,0.0
NP_850969,0.0
NP_850970,0.0
NP_850971,0.0
NP_850972,0.0
NP_850973,0.0
NP_850974,0.0
NP_850975,0.0
NP_850976,0.0
NP_850977,0.0
NP_850979,0.0
NP_850980,43.0
NP_850981,0.0
NP_850982,0.0
NP_850983,0.0
NP_850984,46.0
NP_850985,0.0
NP_850986,68.0
NP_850987,36.0
NP_850988,36.0
NP_850989,0.0
NP_850990,0.0
NP_850991,0.0
NP_850992,0.0
NP_850995,0.0
NP_850996,0.0
NP_850997,0.0
NP_850998,0.0
NP_850999,44.0
NP_851000,44.0
NP_851001,0.0
NP_851003,43.0
NP_851004,36.0
NP_851005,0.0
NP_851006,45.0
NP_851007,0.0
NP_851008,58.0
NP_851011,0.0
NP_851012,0.0
NP_851013,0.0
NP_851014,0.0
NP_851015,0.0
NP_851016,0.0
NP_851017,0.0
NP_851018,0.0
NP_851019,0.0
NP_851020,187.0
NP_851021,0.0
NP_851022,0.0
NP_851023,0.0
NP_851024,0.0
NP_851026,0.0
NP_851027,0.0
NP_851028,0.0
NP_851029,0.0
NP_851031,0.0
NP_851033,0.0
NP_851035,0.0
NP_851036,0.0
NP_851037,0.0
NP_851038,0.0
NP_851039,0.0
NP_851040,0.0
NP_851041,0.0
NP_851042,45.0
NP_851043,0.0
NP_851044,0.0
NP_851045,0.0
NP_851046,0.0
NP_851047,0.0
NP_851048,0.0
NP_851049,0.0
NP_851050,0.0
NP_851051,0.0
NP_851053,278.0
NP_851055,0.0
NP_851056,0.0
NP_851057,0.0
NP_851058,0.0
NP_851059,0.0
NP_851060,0.0
NP_851061,0.0
NP_851062,0.0
NP_851063,0.0
NP_851064,0.0
NP_851065,0.0
NP_851066,0.0
NP_851067,0.0
NP_851068,0.0
NP_851069,0.0
NP_851070,0.0
NP_851072,0.0
NP_851073,0.0
NP_851074,0.0
NP_851075,0.0
NP_851076,0.0
NP_851077,0.0
NP_851078,0.0
NP_851079,0.0
NP_851080,0.0
NP_851081,0.0
NP_851082,0.0
NP_851083,0.0
NP_851084,0.0
NP_851085,0.0
NP_851086,0.0
NP_851087,0.0
NP_851088,0.0
NP_851089,0.0
NP_851090,0.0
NP_851091,0.0
NP_851092,0.0
NP_851093,0.0
NP_851095,0.0
NP_851096,0.0
NP_851097,0.0
NP_851098,0.0
NP_851100,0.0
NP_851101,0.0
NP_851102,0.0
NP_851103,0.0
NP_851104,0.0
NP_851105,0.0
NP_851106,0.0
NP_851107,0.0
NP_851108,0.0
NP_851109,33.0
NP_851110,0.0
NP_851111,0.0
NP_851112,0.0
NP_851113,0.0
NP_851114,0.0
NP_851115,0.0
NP_851116,0.0
NP_851117,1646.0
NP_851118,0.0
NP_851119,0.0
NP_851120,0.0
NP_851121,0.0
NP_851122,0.0
NP_851123,0.0
NP_851124,721.0
NP_851125,0.0
NP_851126,1735.0
NP_851127,0.0
NP_851128,0.0
NP_851129,0.0
NP_851130,0.0
NP_851131,276.0
NP_851132,0.0
NP_851133,825.0
NP_851134,0.0
NP_851135,0.0
NP_851136,0.0
NP_851137,0.0
NP_851138,0.0
NP_851139,0.0
NP_851140,0.0
NP_851141,0.0
NP_851142,0.0
NP_851143,0.0
NP_851144,0.0
NP_851145,0.0
NP_851146,0.0
NP_851147,0.0
NP_851148,0.0
NP_851149,0.0
NP_851150,49.0
NP_851151,0.0
NP_851152,0.0
NP_851153,0.0
NP_851154,0.0
NP_851155,41.0
NP_851156,0.0
NP_851157,0.0
NP_851158,0.0
NP_851159,0.0
NP_851160,0.0
NP_851161,0.0
NP_851162,0.0
NP_851163,0.0
NP_851164,0.0
NP_851166,0.0
NP_851167,0.0
NP_851168,0.0
NP_851169,0.0
NP_851170,0.0
NP_851171,0.0
NP_851172,2543.0
NP_851173,0.0
NP_851174,0.0
NP_851175,0.0
NP_851176,0.0
NP_851177,0.0
NP_851178,0.0
NP_851179,0.0
NP_851180,0.0
NP_851181,0.0
NP_851182,0.0
NP_851183,0.0
NP_851184,0.0
NP_851185,0.0
NP_851186,0.0
NP_851187,0.0
NP_851188,0.0
NP_851189,187.0
NP_851190,0.0
NP_851191,40.0
NP_851192,0.0
NP_851193,36.0
NP_851194,0.0
NP_851195,0.0
NP_851196,0.0
NP_851197,0.0
NP_851198,0.0
NP_851199,0.0
NP_851200,0.0
NP_851201,0.0
NP_851202,0.0
NP_851203,0.0
NP_851204,0.0
NP_851205,0.0
NP_851206,0.0
NP_851207,0.0
NP_851208,0.0
NP_851209,0.0
NP_851210,116.0
NP_851211,116.0
NP_851212,116.0
NP_851213,0.0
NP_851214,0.0
NP_851215,0.0
NP_851216,0.0
NP_851217,0.0
NP_851218,0.0
NP_851219,0.0
NP_851220,0.0
NP_851221,0.0
NP_851222,0.0
NP_851223,0.0
NP_851224,0.0
NP_851225,0.0
NP_851226,0.0
NP_851227,0.0
NP_851228,0.0
NP_851229,0.0
NP_851230,432.0
NP_851231,0.0
NP_851232,0.0
NP_851233,0.0
NP_851234,0.0
NP_851235,0.0
NP_851236,0.0
NP_851237,0.0
NP_851238,0.0
NP_851239,0.0
NP_851240,0.0
NP_851241,0.0
NP_851242,0.0
NP_851243,0.0
NP_851244,0.0
NP_851245,49.0
NP_851246,0.0
NP_851247,0.0
NP_851248,76.0
NP_851249,0.0
NP_851250,0.0
NP_851251,0.0
NP_851252,0.0
NP_851253,0.0
NP_851254,0.0
NP_851255,0.0
NP_851256,0.0
NP_851257,0.0
NP_851258,0.0
NP_851259,0.0
NP_851260,0.0
NP_851261,0.0
NP_851262,736.0
NP_851263,0.0
NP_851264,40.0
NP_851265,40.0
NP_851266,0.0
NP_851267,0.0
NP_851268,0.0
NP_851269,0.0
NP_851270,0.0
NP_851271,0.0
NP_851272,0.0
NP_851273,0.0
NP_851274,0.0
NP_851275,0.0
NP_851276,48.0
NP_851277,0.0
NP_851278,0.0
NP_851279,0.0
NP_851280,0.0
NP_851281,0.0
NP_851282,0.0
NP_851283,0.0
NP_851284,0.0
NP_851285,0.0
NP_851286,0.0
NP_973385,0.0
NP_973386,0.0
NP_973387,0.0
NP_973389,0.0
NP_973390,0.0
NP_973391,39.0
NP_973392,0.0
NP_973393,0.0
NP_973394,0.0
NP_973395,0.0
NP_973396,0.0
NP_973397,0.0
NP_973398,0.0
NP_973399,0.0
NP_973400,0.0
NP_973402,0.0
NP_973403,1124.0
NP_973404,0.0
NP_973405,0.0
NP_973406,0.0
NP_973407,0.0
NP_973408,0.0
NP_973409,0.0
NP_973410,0.0
NP_973411,0.0
NP_973412,0.0
NP_973413,0.0
NP_973414,0.0
NP_973416,0.0
NP_973418,0.0
NP_973419,0.0
NP_973423,0.0
NP_973426,0.0
NP_973428,0.0
NP_973429,0.0
NP_973431,0.0
NP_973433,0.0
NP_973435,0.0
NP_973436,0.0
NP_973437,0.0
NP_973438,0.0
NP_973440,0.0
NP_973441,0.0
NP_973445,0.0
NP_973448,0.0
NP_973449,0.0
NP_973450,51.0
NP_973452,0.0
NP_973453,0.0
NP_973454,0.0
NP_973456,0.0
NP_973457,0.0
NP_973461,0.0
NP_973462,0.0
NP_973463,0.0
NP_973464,0.0
NP_973466,0.0
NP_973467,0.0
NP_973468,0.0
NP_973469,0.0
NP_973470,0.0
NP_973471,0.0
NP_973472,0.0
NP_973473,0.0
NP_973474,0.0
NP_973476,0.0
NP_973477,0.0
NP_973478,968.0
NP_973479,0.0
NP_973480,0.0
NP_973481,0.0
NP_973482,0.0
NP_973483,0.0
NP_973485,0.0
NP_973486,0.0
NP_973487,0.0
NP_973488,0.0
NP_973489,0.0
NP_973490,0.0
NP_973491,0.0
NP_973492,0.0
NP_973493,0.0
NP_973494,0.0
NP_973495,0.0
NP_973496,0.0
NP_973497,0.0
NP_973498,0.0
NP_973499,0.0
NP_973500,0.0
NP_973502,0.0
NP_973503,0.0
NP_973504,0.0
NP_973505,0.0
NP_973506,0.0
NP_973507,0.0
NP_973508,0.0
NP_973509,0.0
NP_973510,0.0
NP_973511,0.0
NP_973512,0.0
NP_973513,0.0
NP_973514,0.0
NP_973515,0.0
NP_973516,0.0
NP_973517,0.0
NP_973518,0.0
NP_973519,0.0
NP_973520,0.0
NP_973521,0.0
NP_973522,0.0
NP_973523,0.0
NP_973524,0.0
NP_973525,47.0
NP_973527,39.0
NP_973528,0.0
NP_973529,0.0
NP_973530,0.0
NP_973531,0.0
NP_973532,0.0
NP_973533,0.0
NP_973534,0.0
NP_973535,0.0
NP_973536,0.0
NP_973537,0.0
NP_973539,0.0
NP_973540,0.0
NP_973541,0.0
NP_973542,0.0
NP_973543,0.0
NP_973544,0.0
NP_973545,0.0
NP_973546,0.0
NP_973547,0.0
NP_973548,537.0
NP_973549,0.0
NP_973550,0.0
NP_973551,0.0
NP_973554,0.0
NP_973555,0.0
NP_973556,808.0
NP_973557,0.0
NP_973558,0.0
NP_973559,0.0
NP_973560,0.0
NP_973561,0.0
NP_973562,46.0
NP_973563,46.0
NP_973564,0.0
NP_973566,0.0
NP_973567,0.0
NP_973568,0.0
NP_973569,0.0
NP_973570,0.0
NP_973571,0.0
NP_973572,0.0
NP_973573,0.0
NP_973574,0.0
NP_973575,0.0
NP_973576,0.0
NP_973577,0.0
NP_973578,0.0
NP_973579,0.0
NP_973580,0.0
NP_973581,0.0
NP_973582,0.0
NP_973583,0.0
NP_973584,0.0
NP_973585,0.0
NP_973586,0.0
NP_973587,0.0
NP_973588,0.0
NP_973589,0.0
NP_973590,0.0
NP_973591,0.0
NP_973592,0.0
NP_973593,0.0
NP_973594,0.0
NP_973595,0.0
NP_973596,0.0
NP_973597,50.0
NP_973599,0.0
NP_973600,0.0
NP_973602,0.0
NP_973603,0.0
NP_973604,0.0
NP_973606,0.0
NP_973607,0.0
NP_973608,0.0
NP_973609,0.0
NP_973610,0.0
NP_973611,0.0
NP_973612,0.0
NP_973613,0.0
NP_973614,0.0
NP_973615,0.0
NP_973616,0.0
NP_973617,0.0
NP_973618,0.0
NP_973619,0.0
NP_973620,0.0
NP_973621,0.0
NP_973622,44.0
NP_973623,0.0
NP_973624,0.0
NP_973625,0.0
NP_973626,0.0
NP_973627,0.0
NP_973628,0.0
NP_973629,0.0
NP_973630,0.0
NP_973631,0.0
NP_973632,0.0
NP_973633,0.0
NP_973634,0.0
NP_973635,0.0
NP_973636,0.0
NP_973637,0.0
NP_973638,0.0
NP_973639,0.0
NP_973640,0.0
NP_973641,0.0
NP_973642,0.0
NP_973643,0.0
NP_973644,0.0
NP_973645,0.0
NP_973646,40.0
NP_973647,0.0
NP_973648,0.0
NP_973649,0.0
NP_973650,0.0
NP_973651,0.0
NP_973652,0.0
NP_973653,0.0
NP_973654,0.0
NP_973655,0.0
NP_973656,0.0
NP_973657,0.0
NP_973658,0.0
NP_973659,46.0
NP_973660,0.0
NP_973661,0.0
NP_973662,0.0
NP_973663,0.0
NP_973664,0.0
NP_973665,0.0
NP_973666,0.0
NP_973667,0.0
NP_973668,0.0
NP_973669,0.0
NP_973670,0.0
NP_973671,0.0
NP_973672,0.0
NP_973674,0.0
NP_973675,0.0
NP_973676,0.0
NP_973677,0.0
NP_973678,0.0
NP_973679,0.0
NP_973680,0.0
NP_973681,0.0
NP_973682,0.0
NP_973683,196.0
NP_973685,0.0
NP_973686,30.0
NP_973688,0.0
NP_973689,38.0
NP_973690,0.0
NP_973691,0.0
NP_973692,0.0
NP_973693,0.0
NP_973694,0.0
NP_973695,50.0
NP_973696,0.0
NP_973697,0.0
NP_973698,0.0
NP_973699,0.0
NP_973700,0.0
NP_973701,0.0
NP_973702,0.0
NP_973703,0.0
NP_973704,0.0
NP_973705,0.0
NP_973707,32.0
NP_973708,0.0
NP_973709,0.0
NP_973710,0.0
NP_973711,0.0
NP_973712,0.0
NP_973713,0.0
NP_973714,0.0
NP_973715,0.0
NP_973716,0.0
NP_973734,0.0
NP_973735,0.0
NP_973736,0.0
NP_973737,0.0
NP_973738,0.0
NP_973739,0.0
NP_973740,0.0
NP_973741,0.0
NP_973742,0.0
NP_973743,0.0
NP_973744,35.0
NP_973746,0.0
NP_973748,0.0
NP_973749,0.0
NP_973750,0.0
NP_973751,0.0
NP_973752,0.0
NP_973753,0.0
NP_973754,0.0
NP_973755,0.0
NP_973756,0.0
NP_973757,0.0
NP_973758,0.0
NP_973759,0.0
NP_973760,0.0
NP_973761,0.0
NP_973762,0.0
NP_973763,0.0
NP_973764,0.0
NP_973765,0.0
NP_973766,0.0
NP_973767,0.0
NP_973768,0.0
NP_973769,0.0
NP_973770,0.0
NP_973771,515.0
NP_973772,0.0
NP_973773,0.0
NP_973774,0.0
NP_973775,0.0
NP_973776,0.0
NP_973777,0.0
NP_973778,1252.0
NP_973779,0.0
NP_973781,0.0
NP_973782,0.0
NP_973783,0.0
NP_973784,0.0
NP_973785,0.0
NP_973786,0.0
NP_973787,0.0
NP_973788,0.0
NP_973789,0.0
NP_973790,0.0
NP_973791,0.0
NP_973792,0.0
NP_973793,0.0
NP_973794,0.0
NP_973795,0.0
NP_973796,0.0
NP_973797,0.0
NP_973798,0.0
NP_973799,49.0
NP_973800,0.0
NP_973801,452.0
NP_973802,0.0
NP_973803,0.0
NP_973804,0.0
NP_973805,0.0
NP_973806,0.0
NP_973807,0.0
NP_973808,0.0
NP_973809,0.0
NP_973810,0.0
NP_973811,0.0
NP_973812,0.0
NP_973813,0.0
NP_973814,0.0
NP_973815,0.0
NP_973816,0.0
NP_973817,0.0
NP_973818,0.0
NP_973819,0.0
NP_973820,0.0
NP_973821,0.0
NP_973822,0.0
NP_973823,0.0
NP_973824,0.0
NP_973825,0.0
NP_973826,0.0
NP_973827,0.0
NP_973828,44.0
NP_973829,0.0
NP_973830,0.0
NP_973831,0.0
NP_973832,0.0
NP_973833,0.0
NP_973834,0.0
NP_973835,0.0
NP_973836,0.0
NP_973837,0.0
NP_973838,0.0
NP_973839,0.0
NP_973840,0.0
NP_973841,0.0
NP_973842,0.0
NP_973843,0.0
NP_973844,0.0
NP_973846,0.0
NP_973847,0.0
NP_973848,0.0
NP_973849,0.0
NP_973850,0.0
NP_973851,0.0
NP_973852,0.0
NP_973853,0.0
NP_973854,0.0
NP_973855,0.0
NP_973856,0.0
NP_973857,42.0
NP_973858,0.0
NP_973860,0.0
NP_973861,0.0
NP_973862,0.0
NP_973863,0.0
NP_973864,0.0
NP_973865,0.0
NP_973866,0.0
NP_973867,0.0
NP_973868,0.0
NP_973869,0.0
NP_973870,0.0
NP_973872,0.0
NP_973873,0.0
NP_973874,0.0
NP_973876,0.0
NP_973877,0.0
NP_973878,0.0
NP_973879,0.0
NP_973880,0.0
NP_973881,0.0
NP_973882,0.0
NP_973883,0.0
NP_973884,0.0
NP_973885,0.0
NP_973887,0.0
NP_973888,0.0
NP_973889,0.0
NP_973890,0.0
NP_973891,0.0
NP_973892,0.0
NP_973893,0.0
NP_973894,0.0
NP_973895,0.0
NP_973896,0.0
NP_973898,0.0
NP_973899,0.0
NP_973900,0.0
NP_973901,0.0
NP_973902,0.0
NP_973904,0.0
NP_973905,0.0
NP_973906,0.0
NP_973907,0.0
NP_973908,0.0
NP_973909,0.0
NP_973910,0.0
NP_973911,0.0
NP_973912,0.0
NP_973913,0.0
NP_973914,0.0
NP_973915,0.0
NP_973916,0.0
NP_973917,0.0
NP_973918,0.0
NP_973919,0.0
NP_973920,0.0
NP_973921,0.0
NP_973922,0.0
NP_973923,0.0
NP_973924,0.0
NP_973925,0.0
NP_973926,0.0
NP_973927,0.0
NP_973928,0.0
NP_973929,40.0
NP_973930,0.0
NP_973931,0.0
NP_973932,0.0
NP_973933,0.0
NP_973935,0.0
NP_973936,0.0
NP_973937,0.0
NP_973938,0.0
NP_973939,0.0
NP_973940,0.0
NP_973941,0.0
NP_973942,0.0
NP_973943,0.0
NP_973944,0.0
NP_973945,0.0
NP_973946,0.0
NP_973947,0.0
NP_973948,0.0
NP_973949,0.0
NP_973950,0.0
NP_973951,0.0
NP_973952,0.0
NP_973953,0.0
NP_973954,0.0
NP_973955,0.0
NP_973956,0.0
NP_973957,0.0
NP_973958,0.0
NP_973960,0.0
NP_973961,0.0
NP_973963,0.0
NP_973966,0.0
NP_973967,0.0
NP_973968,0.0
NP_973969,0.0
NP_973970,0.0
NP_973971,0.0
NP_973972,0.0
NP_973973,0.0
NP_973974,0.0
NP_973975,0.0
NP_973976,36.0
NP_973977,0.0
NP_973978,0.0
NP_973979,0.0
NP_973980,0.0
NP_973981,0.0
NP_973982,0.0
NP_973983,0.0
NP_973984,0.0
NP_973985,0.0
NP_973987,0.0
NP_973988,0.0
NP_973989,0.0
NP_973990,0.0
NP_973991,0.0
NP_973992,70.0
NP_973993,0.0
NP_973994,0.0
NP_973995,0.0
NP_973996,0.0
NP_973997,153.0
NP_973998,0.0
NP_974000,0.0
NP_974001,0.0
NP_974002,0.0
NP_974003,0.0
NP_974004,0.0
NP_974006,0.0
NP_974008,0.0
NP_974009,0.0
NP_974010,0.0
NP_974011,0.0
NP_974012,0.0
NP_974013,0.0
NP_974014,0.0
NP_974015,0.0
NP_974016,0.0
NP_974017,0.0
NP_974018,0.0
NP_974020,0.0
NP_974021,0.0
NP_974022,0.0
NP_974023,0.0
NP_974024,0.0
NP_974025,0.0
NP_974026,0.0
NP_974027,0.0
NP_974028,0.0
NP_974029,0.0
NP_974030,0.0
NP_974031,0.0
NP_974032,0.0
NP_974033,0.0
NP_974034,0.0
NP_974035,0.0
NP_974036,0.0
NP_974037,0.0
NP_974038,0.0
NP_974040,0.0
NP_974041,603.0
NP_974042,0.0
NP_974043,0.0
NP_974044,0.0
NP_974045,44.0
NP_974046,0.0
NP_974048,0.0
NP_974049,1041.0
NP_974050,0.0
NP_974051,0.0
NP_974052,0.0
NP_974053,0.0
NP_974054,0.0
NP_974055,0.0
NP_974057,0.0
NP_974058,0.0
NP_974059,0.0
NP_974060,0.0
NP_974061,0.0
NP_974062,0.0
NP_974063,0.0
NP_974064,0.0
NP_974065,0.0
NP_974067,0.0
NP_974068,0.0
NP_974069,0.0
NP_974070,0.0
NP_974071,0.0
NP_974072,0.0
NP_974073,0.0
NP_974074,0.0
NP_974075,0.0
NP_974076,0.0
NP_974077,0.0
NP_974079,0.0
NP_974080,0.0
NP_974081,0.0
NP_974082,0.0
NP_974083,40.0
NP_974084,0.0
NP_974085,0.0
NP_974086,0.0
NP_974087,0.0
NP_974088,0.0
NP_974089,46.0
NP_974090,0.0
NP_974091,0.0
NP_974092,0.0
NP_974093,0.0
NP_974095,0.0
NP_974096,0.0
NP_974097,0.0
NP_974098,0.0
NP_974099,0.0
NP_974100,0.0
NP_974101,0.0
NP_974102,0.0
NP_974103,0.0
NP_974104,0.0
NP_974105,0.0
NP_974106,0.0
NP_974107,0.0
NP_974108,0.0
NP_974110,0.0
NP_974111,0.0
NP_974112,282.0
NP_974113,0.0
NP_974114,0.0
NP_974115,0.0
NP_974116,0.0
NP_974117,0.0
NP_974118,0.0
NP_974119,0.0
NP_974120,0.0
NP_974122,0.0
NP_974123,0.0
NP_974124,442.0
NP_974125,0.0
NP_974126,0.0
NP_974127,0.0
NP_974128,0.0
NP_974129,0.0
NP_974130,0.0
NP_974131,0.0
NP_974132,0.0
NP_974133,0.0
NP_974135,0.0
NP_974137,0.0
NP_974138,0.0
NP_974139,0.0
NP_974140,0.0
NP_974141,0.0
NP_974142,0.0
NP_974143,0.0
NP_974144,0.0
NP_974145,45.0
NP_974146,0.0
NP_974147,0.0
NP_974148,0.0
NP_974149,0.0
NP_974150,0.0
NP_974151,0.0
NP_974152,0.0
NP_974153,0.0
NP_974154,0.0
NP_974155,0.0
NP_974156,0.0
NP_974157,0.0
NP_974158,0.0
NP_974159,0.0
NP_974160,54.0
NP_974162,50.0
NP_974163,0.0
NP_974164,0.0
NP_974165,0.0
NP_974166,0.0
NP_974168,0.0
NP_974169,0.0
NP_974170,0.0
NP_974171,0.0
NP_974172,0.0
NP_974173,0.0
NP_974174,0.0
NP_974175,0.0
NP_974177,0.0
NP_974178,0.0
NP_974179,0.0
NP_974181,0.0
NP_974183,0.0
NP_974185,0.0
NP_974186,0.0
NP_974187,0.0
NP_974188,0.0
NP_974189,0.0
NP_974190,0.0
NP_974191,0.0
NP_974192,0.0
NP_974193,0.0
NP_974194,0.0
NP_974195,0.0
NP_974200,0.0
NP_974201,0.0
NP_974202,0.0
NP_974203,0.0
NP_974204,52.0
NP_974205,0.0
NP_974206,0.0
NP_974207,0.0
NP_974208,0.0
NP_974209,0.0
NP_974211,0.0
NP_974212,0.0
NP_974213,0.0
NP_974214,0.0
NP_974215,0.0
NP_974216,0.0
NP_974217,0.0
NP_974218,0.0
NP_974219,0.0
NP_974221,146.0
NP_974222,0.0
NP_974224,0.0
NP_974225,0.0
NP_974226,0.0
NP_974227,0.0
NP_974228,0.0
NP_974229,0.0
NP_974230,0.0
NP_974231,0.0
NP_974232,0.0
NP_974233,0.0
NP_974234,0.0
NP_974235,0.0
NP_974236,0.0
NP_974237,0.0
NP_974239,0.0
NP_974240,0.0
NP_974241,0.0
NP_974242,0.0
NP_974243,0.0
NP_974244,0.0
NP_974245,0.0
NP_974246,0.0
NP_974247,0.0
NP_974248,0.0
NP_974249,0.0
NP_974250,45.0
NP_974251,39.0
NP_974252,0.0
NP_974253,0.0
NP_974254,0.0
NP_974255,0.0
NP_974256,0.0
NP_974257,339.0
NP_974258,0.0
NP_974259,0.0
NP_974262,0.0
NP_974263,0.0
NP_974264,0.0
NP_974265,0.0
NP_974267,0.0
NP_974268,0.0
NP_974269,0.0
NP_974270,741.0
NP_974271,0.0
NP_974272,0.0
NP_974273,0.0
NP_974274,0.0
NP_974275,0.0
NP_974276,0.0
NP_974277,0.0
NP_974279,0.0
NP_974280,0.0
NP_974281,0.0
NP_974282,0.0
NP_974283,0.0
NP_974284,0.0
NP_974285,0.0
NP_974286,0.0
NP_974287,0.0
NP_974288,0.0
NP_974289,0.0
NP_974290,0.0
NP_974291,334.0
NP_974292,0.0
NP_974293,0.0
NP_974294,0.0
NP_974295,0.0
NP_974296,0.0
NP_974297,0.0
NP_974298,0.0
NP_974299,0.0
NP_974300,0.0
NP_974301,0.0
NP_974302,0.0
NP_974303,0.0
NP_974304,0.0
NP_974305,0.0
NP_974307,0.0
NP_974308,0.0
NP_974309,0.0
NP_974310,0.0
NP_974311,420.0
NP_974312,359.0
NP_974313,0.0
NP_974314,0.0
NP_974315,0.0
NP_974316,0.0
NP_974317,0.0
NP_974318,0.0
NP_974319,0.0
NP_974320,0.0
NP_974322,0.0
NP_974323,0.0
NP_974324,0.0
NP_974325,0.0
NP_974326,0.0
NP_974328,0.0
NP_974329,0.0
NP_974330,0.0
NP_974331,707.0
NP_974332,0.0
NP_974333,0.0
NP_974335,0.0
NP_974336,0.0
NP_974337,0.0
NP_974338,0.0
NP_974339,0.0
NP_974340,0.0
NP_974341,0.0
NP_974342,0.0
NP_974343,0.0
NP_974344,0.0
NP_974345,0.0
NP_974346,0.0
NP_974347,0.0
NP_974350,0.0
NP_974352,0.0
NP_974353,0.0
NP_974354,0.0
NP_974355,0.0
NP_974356,0.0
NP_974357,43.0
NP_974359,0.0
NP_974360,1484.0
NP_974361,0.0
NP_974362,0.0
NP_974364,0.0
NP_974365,0.0
NP_974366,0.0
NP_974367,0.0
NP_974368,0.0
NP_974369,0.0
NP_974370,0.0
NP_974371,0.0
NP_974372,0.0
NP_974373,0.0
NP_974374,44.0
NP_974375,0.0
NP_974376,0.0
NP_974377,0.0
NP_974379,0.0
NP_974380,0.0
NP_974381,222.0
NP_974382,0.0
NP_974383,0.0
NP_974384,0.0
NP_974385,0.0
NP_974386,0.0
NP_974387,0.0
NP_974388,0.0
NP_974389,0.0
NP_974390,0.0
NP_974393,0.0
NP_974396,0.0
NP_974397,0.0
NP_974399,0.0
NP_974400,0.0
NP_974401,0.0
NP_974402,0.0
NP_974403,45.0
NP_974404,0.0
NP_974405,0.0
NP_974406,0.0
NP_974407,0.0
NP_974408,0.0
NP_974409,0.0
NP_974410,0.0
NP_974411,0.0
NP_974412,0.0
NP_974413,0.0
NP_974414,0.0
NP_974415,0.0
NP_974416,0.0
NP_974417,0.0
NP_974418,0.0
NP_974419,0.0
NP_974420,0.0
NP_974421,0.0
NP_974422,0.0
NP_974423,0.0
NP_974424,0.0
NP_974425,0.0
NP_974426,0.0
NP_974427,0.0
NP_974428,0.0
NP_974431,0.0
NP_974432,0.0
NP_974433,0.0
NP_974434,0.0
NP_974436,0.0
NP_974437,0.0
NP_974438,0.0
NP_974439,0.0
NP_974440,0.0
NP_974441,0.0
NP_974442,47.0
NP_974443,49.0
NP_974444,0.0
NP_974445,0.0
NP_974446,0.0
NP_974447,0.0
NP_974448,0.0
NP_974449,38.0
NP_974450,0.0
NP_974451,0.0
NP_974452,0.0
NP_974453,0.0
NP_974454,0.0
NP_974455,0.0
NP_974456,62.0
NP_974457,0.0
NP_974458,0.0
NP_974459,0.0
NP_974460,0.0
NP_974461,0.0
NP_974462,0.0
NP_974463,0.0
NP_974464,0.0
NP_974465,0.0
NP_974466,0.0
NP_974467,0.0
NP_974468,0.0
NP_974469,0.0
NP_974470,0.0
NP_974471,470.0
NP_974472,0.0
NP_974473,0.0
NP_974474,0.0
NP_974475,0.0
NP_974476,0.0
NP_974477,0.0
NP_974478,0.0
NP_974480,0.0
NP_974481,0.0
NP_974482,0.0
NP_974483,191.0
NP_974484,0.0
NP_974486,0.0
NP_974488,0.0
NP_974489,0.0
NP_974490,0.0
NP_974491,0.0
NP_974492,0.0
NP_974493,0.0
NP_974495,0.0
NP_974496,0.0
NP_974497,0.0
NP_974498,0.0
NP_974499,0.0
NP_974500,0.0
NP_974501,0.0
NP_974502,0.0
NP_974503,0.0
NP_974504,0.0
NP_974505,0.0
NP_974506,0.0
NP_974507,0.0
NP_974511,0.0
NP_974512,0.0
NP_974513,0.0
NP_974514,0.0
NP_974516,0.0
NP_974517,0.0
NP_974518,0.0
NP_974520,45.0
NP_974521,0.0
NP_974523,0.0
NP_974524,0.0
NP_974525,0.0
NP_974526,0.0
NP_974527,0.0
NP_974528,0.0
NP_974529,0.0
NP_974530,0.0
NP_974531,0.0
NP_974532,0.0
NP_974533,0.0
NP_974535,0.0
NP_974536,419.0
NP_974537,0.0
NP_974538,0.0
NP_974539,0.0
NP_974540,0.0
NP_974541,0.0
NP_974542,0.0
NP_974543,0.0
NP_974544,0.0
NP_974546,0.0
NP_974547,0.0
NP_974548,0.0
NP_974549,0.0
NP_974550,0.0
NP_974551,0.0
NP_974552,0.0
NP_974553,0.0
NP_974554,0.0
NP_974555,0.0
NP_974556,0.0
NP_974557,0.0
NP_974558,0.0
NP_974559,0.0
NP_974560,0.0
NP_974561,0.0
NP_974562,0.0
NP_974563,0.0
NP_974564,0.0
NP_974565,0.0
NP_974566,0.0
NP_974567,0.0
NP_974568,0.0
NP_974569,0.0
NP_974570,0.0
NP_974571,0.0
NP_974572,0.0
NP_974573,0.0
NP_974574,0.0
NP_974576,0.0
NP_974577,0.0
NP_974578,0.0
NP_974579,0.0
NP_974580,0.0
NP_974581,0.0
NP_974582,0.0
NP_974583,0.0
NP_974584,0.0
NP_974585,0.0
NP_974586,0.0
NP_974587,0.0
NP_974588,0.0
NP_974589,0.0
NP_974590,49.0
NP_974591,0.0
NP_974592,0.0
NP_974593,0.0
NP_974594,0.0
NP_974595,0.0
NP_974596,0.0
NP_974597,0.0
NP_974599,0.0
NP_974600,0.0
NP_974601,0.0
NP_974602,0.0
NP_974603,0.0
NP_974604,0.0
NP_974605,0.0
NP_974606,0.0
NP_974607,0.0
NP_974608,0.0
NP_974609,0.0
NP_974610,254.0
NP_974611,0.0
NP_974612,0.0
NP_974613,0.0
NP_974614,0.0
NP_974615,0.0
NP_974616,0.0
NP_974617,0.0
NP_974618,0.0
NP_974619,194.0
NP_974621,0.0
NP_974622,0.0
NP_974623,0.0
NP_974624,0.0
NP_974625,0.0
NP_974626,0.0
NP_974627,0.0
NP_974628,0.0
NP_974629,0.0
NP_974630,0.0
NP_974631,0.0
NP_974632,0.0
NP_974633,0.0
NP_974634,0.0
NP_974635,0.0
NP_974636,41.0
NP_974638,0.0
NP_974639,0.0
NP_974640,0.0
NP_974642,0.0
NP_974643,0.0
NP_974644,0.0
NP_974646,0.0
NP_974647,0.0
NP_974648,0.0
NP_974649,50.0
NP_974650,0.0
NP_974652,0.0
NP_974653,0.0
NP_974655,0.0
NP_974656,0.0
NP_974658,0.0
NP_974659,43.0
NP_974660,0.0
NP_974661,0.0
NP_974662,0.0
NP_974664,0.0
NP_974665,0.0
NP_974666,0.0
NP_974668,0.0
NP_974669,0.0
NP_974670,0.0
NP_974671,0.0
NP_974672,0.0
NP_974673,0.0
NP_974674,0.0
NP_974675,0.0
NP_974676,0.0
NP_974677,0.0
NP_974679,0.0
NP_974680,0.0
NP_974682,0.0
NP_974683,0.0
NP_974684,0.0
NP_974685,0.0
NP_974686,56.0
NP_974687,0.0
NP_974688,0.0
NP_974689,60.0
NP_974690,0.0
NP_974691,0.0
NP_974692,0.0
NP_974693,0.0
NP_974695,0.0
NP_974698,0.0
NP_974699,0.0
NP_974700,0.0
NP_974701,0.0
NP_974702,0.0
NP_974703,0.0
NP_974704,0.0
NP_974705,0.0
NP_974706,0.0
NP_974707,0.0
NP_974708,0.0
NP_974709,0.0
NP_974710,0.0
NP_974711,0.0
NP_974712,0.0
NP_974713,512.0
NP_974715,0.0
NP_974716,0.0
NP_974717,0.0
NP_974718,0.0
NP_974719,0.0
NP_974720,0.0
NP_974721,0.0
NP_974722,0.0
NP_974723,0.0
NP_974724,0.0
NP_974725,0.0
NP_974726,0.0
NP_974727,0.0
NP_974728,0.0
NP_974729,0.0
NP_974730,0.0
NP_974731,0.0
NP_974732,0.0
NP_974733,0.0
NP_974734,0.0
NP_974735,0.0
NP_974736,0.0
NP_974738,0.0
NP_974739,0.0
NP_974740,0.0
NP_974741,0.0
NP_974742,0.0
NP_974743,0.0
NP_974744,0.0
NP_974745,0.0
NP_974746,660.0
NP_974747,0.0
NP_974748,0.0
NP_974749,0.0
NP_974751,0.0
NP_974752,0.0
NP_974753,0.0
NP_974754,0.0
NP_974755,0.0
NP_974756,0.0
NP_974757,0.0
NP_974758,0.0
NP_974759,42.0
NP_974760,39.0
NP_974761,0.0
NP_974762,0.0
NP_974763,0.0
NP_974764,0.0
NP_974766,0.0
NP_974767,0.0
NP_974768,0.0
NP_974769,0.0
NP_974770,0.0
NP_974771,0.0
NP_974772,0.0
NP_974773,0.0
NP_974774,0.0
NP_974775,42.0
NP_974776,42.0
NP_974777,0.0
NP_974778,0.0
NP_974779,0.0
NP_974780,0.0
NP_974781,0.0
NP_974782,0.0
NP_974783,0.0
NP_974784,0.0
NP_974785,0.0
NP_974786,0.0
NP_974787,35.0
NP_974788,0.0
NP_974789,0.0
NP_974790,0.0
NP_974791,0.0
NP_974792,0.0
NP_974793,0.0
NP_974796,0.0
NP_974797,0.0
NP_974798,0.0
NP_974799,0.0
NP_974800,0.0
NP_974801,51.0
NP_974802,0.0
NP_974803,0.0
NP_974804,0.0
NP_974805,0.0
NP_974806,0.0
NP_974807,0.0
NP_974808,0.0
NP_974809,0.0
NP_974810,0.0
NP_974811,0.0
NP_974812,0.0
NP_974813,0.0
NP_974814,0.0
NP_974815,0.0
NP_974816,0.0
NP_974817,0.0
NP_974818,0.0
NP_974819,0.0
NP_974820,0.0
NP_974821,0.0
NP_974823,0.0
NP_974824,0.0
NP_974825,0.0
NP_974826,0.0
NP_974827,0.0
NP_974828,0.0
NP_974830,0.0
NP_974831,0.0
NP_974832,49.0
NP_974833,0.0
NP_974834,0.0
NP_974835,0.0
NP_974836,0.0
NP_974837,0.0
NP_974838,0.0
NP_974839,51.0
NP_974840,0.0
NP_974841,0.0
NP_974842,0.0
NP_974843,0.0
NP_974844,0.0
NP_974846,52.0
NP_974850,0.0
NP_974851,0.0
NP_974852,0.0
NP_974854,0.0
NP_974855,0.0
NP_974856,0.0
NP_974857,0.0
NP_974859,0.0
NP_974860,0.0
NP_974861,64.0
NP_974862,0.0
NP_974863,0.0
NP_974864,0.0
NP_974865,0.0
NP_974867,299.0
NP_974868,0.0
NP_974869,0.0
NP_974870,0.0
NP_974871,0.0
NP_974872,33.0
NP_974873,44.0
NP_974874,0.0
NP_974875,0.0
NP_974876,0.0
NP_974877,0.0
NP_974878,0.0
NP_974879,0.0
NP_974880,0.0
NP_974881,0.0
NP_974882,0.0
NP_974883,0.0
NP_974884,0.0
NP_974885,0.0
NP_974886,0.0
NP_974887,0.0
NP_974888,0.0
NP_974889,0.0
NP_974890,0.0
NP_974891,0.0
NP_974892,0.0
NP_974893,0.0
NP_974894,1518.0
NP_974895,0.0
NP_974896,0.0
NP_974897,0.0
NP_974898,0.0
NP_974899,0.0
NP_974900,49.0
NP_974901,49.0
NP_974902,0.0
NP_974903,0.0
NP_974905,0.0
NP_974906,0.0
NP_974907,0.0
NP_974908,0.0
NP_974909,0.0
NP_974910,0.0
NP_974911,0.0
NP_974913,0.0
NP_974914,162.0
NP_974915,0.0
NP_974916,0.0
NP_974917,0.0
NP_974918,0.0
NP_974919,0.0
NP_974921,0.0
NP_974922,0.0
NP_974924,0.0
NP_974925,0.0
NP_974926,0.0
NP_974927,48.0
NP_974928,0.0
NP_974929,0.0
NP_974930,0.0
NP_974931,0.0
NP_974932,0.0
NP_974933,0.0
NP_974935,0.0
NP_974936,0.0
NP_974937,0.0
NP_974938,0.0
NP_974939,0.0
NP_974940,0.0
NP_974941,50.0
NP_974942,0.0
NP_974943,62.0
NP_974944,0.0
NP_974945,0.0
NP_974946,0.0
NP_974947,0.0
NP_974948,0.0
NP_974949,0.0
NP_974950,0.0
NP_974951,0.0
NP_974952,0.0
NP_974953,0.0
NP_974954,36.0
NP_974955,36.0
NP_974956,36.0
NP_974957,0.0
NP_974958,0.0
NP_974959,0.0
NP_974960,0.0
NP_974961,0.0
NP_974962,0.0
NP_974963,0.0
NP_974964,0.0
NP_974965,0.0
NP_974966,0.0
NP_974967,0.0
NP_974968,0.0
NP_974969,43.0
NP_974970,0.0
NP_974971,0.0
NP_974972,0.0
NP_974973,0.0
NP_974974,0.0
NP_974975,0.0
NP_974976,0.0
NP_974977,0.0
NP_974978,0.0
NP_974979,0.0
NP_974980,0.0
NP_974981,0.0
NP_974982,0.0
NP_974983,0.0
NP_974984,0.0
NP_974985,0.0
NP_974986,0.0
NP_974987,43.0
NP_974988,0.0
NP_974989,0.0
NP_974990,40.0
NP_974991,0.0
NP_974992,0.0
NP_974993,0.0
NP_974994,0.0
NP_974995,0.0
NP_974996,0.0
NP_974998,54.0
NP_974999,0.0
NP_975000,0.0
NP_975001,0.0
NP_975002,0.0
NP_975003,0.0
NP_975004,0.0
NP_975006,0.0
NP_975007,0.0
NP_975008,0.0
YP_009472097,0.0
YP_009472098,0.0
YP_009472099,0.0
YP_009472100,0.0
YP_009472101,0.0
YP_009472102,0.0
YP_009472103,0.0
YP_009472104,0.0
YP_009472105,0.0
YP_009472106,0.0
YP_009472107,0.0
YP_009472108,0.0
YP_009472109,0.0
YP_009472110,0.0
YP_009472111,0.0
YP_009472112,0.0
YP_009472113,0.0
YP_009472114,0.0
YP_009472115,0.0
YP_009472116,0.0
YP_009472117,0.0
YP_009472118,0.0
YP_009472119,0.0
YP_009472120,0.0
YP_009472121,0.0
YP_009472122,0.0
YP_009472123,0.0
YP_009472124,0.0
YP_009472125,0.0
YP_009472126,0.0
YP_009472127,0.0
YP_009472128,0.0
YP_009472129,0.0
