protein_id,z_max,best_category,pctl_max,description
NP_198651.1,1.6491673,NBS_LRR,98.97317816914556,NP_198651.1 Disease resistance protein (NBS-LRR class) family [Arabidopsis thaliana]
NP_567680.5,1.6227361,NBS_LRR,98.85286369199494,NP_567680.5 cysteine-rich RECEPTOR-like kinase [Arabidopsis thaliana]
NP_194460.1,1.6200746,NBS_LRR,98.82797104154996,NP_194460.1 S-locus lectin protein kinase family protein [Arabidopsis thaliana]
NP_198970.1,1.6186655,NBS_LRR,98.81967349140166,NP_198970.1 Disease resistance protein (TIR-NBS-LRR class) family [Arabidopsis thaliana]
NP_192927.5,1.6137807,NBS_LRR,98.80930155371628,NP_192927.5 S-locus lectin protein kinase family protein [Arabidopsis thaliana]
NP_176343.2,1.5925629,NBS_LRR,98.92131848071855,NP_176343.2 S-locus lectin protein kinase family protein [Arabidopsis thaliana]
NP_193869.1,1.5852439,NBS_LRR,98.6516481008982,NP_193869.1 receptor kinase 3 [Arabidopsis thaliana]
NP_194459.4,1.5843644,NBS_LRR,98.63505300060156,NP_194459.4 S-locus lectin protein kinase family protein [Arabidopsis thaliana]
NP_173063.1,1.5829192,NBS_LRR,98.63090422552742,NP_173063.1 wall associated kinase-like 1 [Arabidopsis thaliana]
NP_179957.1,1.5827861,RLK_defense,98.99599643205345,NP_179957.1 protein kinase family protein / peptidoglycan-binding LysM domain-containing protein [Arabidopsis thaliana]
NP_001329571.1,1.5814251,NBS_LRR,98.90161179911632,NP_001329571.1 G-type lectin S-receptor-like Serine/Threonine-kinase [Arabidopsis thaliana]
NP_192232.5,1.5814251,NBS_LRR,98.90161179911632,NP_192232.5 G-type lectin S-receptor-like Serine/Threonine-kinase [Arabidopsis thaliana]
NP_193870.1,1.5792754,RLK_defense,98.98562449436804,NP_193870.1 S-locus lectin protein kinase family protein [Arabidopsis thaliana]
NP_194061.2,1.5756575,NBS_LRR,98.82589665401292,NP_194061.2 cysteine-rich RLK (RECEPTOR-like protein kinase) 22 [Arabidopsis thaliana]
NP_180916.1,1.5756266,RLK_defense,98.96488061899724,NP_180916.1 Protein kinase superfamily protein [Arabidopsis thaliana]
NP_001329890.1,1.5745236,RLK_defense,98.9482855187006,NP_001329890.1 cysteine-rich RLK (RECEPTOR-like protein kinase) 5 [Arabidopsis thaliana]
NP_564775.1,1.5735993,NBS_LRR,98.906797767959,NP_564775.1 S-domain-1 29 [Arabidopsis thaliana]
NP_173064.1,1.5725188,RLK_defense,98.93583919347812,NP_173064.1 wall associated kinase-like 2 [Arabidopsis thaliana]
NP_199321.1,1.5717014,NBS_LRR,98.56244943680376,NP_199321.1 phloem protein 2-A6 [Arabidopsis thaliana]
NP_191532.1,1.5702217,RLK_defense,98.91924409318148,NP_191532.1 Concanavalin A-like lectin protein kinase family protein [Arabidopsis thaliana]
NP_176755.1,1.5669801,NBS_LRR,98.5313336237476,NP_176755.1 receptor kinase 1 [Arabidopsis thaliana]
NP_177436.1,1.5658978,NBS_LRR,98.52303607359929,NP_177436.1 toll/interleukin-1 receptor-like protein [Arabidopsis thaliana]
NP_173062.1,1.5656526,NBS_LRR,98.620532287842,NP_173062.1 wall associated kinase-like 6 [Arabidopsis thaliana]
NP_567679.2,1.5637852,RLK_defense,98.87983072997696,NP_567679.2 cysteine-rich RLK (RECEPTOR-like protein kinase) 10 [Arabidopsis thaliana]
NP_178085.1,1.5631598,RLK_defense,98.87568195490282,NP_178085.1 Wall-associated kinase family protein [Arabidopsis thaliana]
NP_001078435.1,1.5630347,RLK_defense,98.87360756736574,NP_001078435.1 cysteine-rich RLK (RECEPTOR-like protein kinase) 13 [Arabidopsis thaliana]
NP_173067.2,1.5629421,NBS_LRR,98.74706992760387,NP_173067.2 wall associated kinase-like 5 [Arabidopsis thaliana]
NP_001319018.1,1.5613647,NBS_LRR,98.8570124670691,NP_001319018.1 wall associated kinase-like 4 [Arabidopsis thaliana]
NP_200249.1,1.5608058,RLK_defense,98.85908685460618,NP_200249.1 protein kinase family protein [Arabidopsis thaliana]
NP_194062.1,1.5582358,RLK_defense,98.84456614184664,NP_194062.1 cysteine-rich RLK (RECEPTOR-like protein kinase) 23 [Arabidopsis thaliana]
NP_194046.2,1.5559484,RLK_defense,98.83004542908706,NP_194046.2 cysteine-rich RLK (RECEPTOR-like protein kinase) 7 [Arabidopsis thaliana]
NP_001329880.1,1.5556903,NBS_LRR,98.45665567241272,NP_001329880.1 disease resistance protein (TIR-NBS class) [Arabidopsis thaliana]
NP_001330009.1,1.5537941,RLK_defense,98.81863629763312,NP_001330009.1 Leucine-rich receptor-like protein kinase family protein [Arabidopsis thaliana]
NP_199445.1,1.5537941,RLK_defense,98.81863629763312,NP_199445.1 Leucine-rich receptor-like protein kinase family protein [Arabidopsis thaliana]
NP_178383.1,1.5520917,RLK_defense,98.80411558487356,NP_178383.1 protein kinase 2B [Arabidopsis thaliana]
NP_973403.1,1.5520917,RLK_defense,98.80411558487356,NP_973403.1 protein kinase 2B [Arabidopsis thaliana]
NP_001329689.1,1.5501422,RLK_defense,98.79270645341964,NP_001329689.1 cysteine-rich RLK (RECEPTOR-like protein kinase) 11 [Arabidopsis thaliana]
NP_192885.1,1.54187,RLK_defense,98.76159064036342,NP_192885.1 cysteine-rich RLK (RECEPTOR-like protein kinase) 30 [Arabidopsis thaliana]
NP_193055.2,1.5410366,RLK_defense,98.75951625282636,NP_193055.2 Protein kinase superfamily protein [Arabidopsis thaliana]
NP_174019.2,1.5385591,RLK_defense,98.7449955400668,NP_174019.2 Protein kinase superfamily protein [Arabidopsis thaliana]
NP_001318610.1,1.537997,RLK_defense,98.74188395876118,NP_001318610.1 EF-TU receptor [Arabidopsis thaliana]
NP_197548.1,1.537997,RLK_defense,98.74188395876118,NP_197548.1 EF-TU receptor [Arabidopsis thaliana]
NP_193501.2,1.5362263,RLK_defense,98.7346236023814,NP_193501.2 Protein kinase superfamily protein [Arabidopsis thaliana]
NP_177137.2,1.5355569,RLK_defense,98.73254921484433,NP_177137.2 Protein kinase superfamily protein [Arabidopsis thaliana]
NP_172889.1,1.5343904,RLK_defense,98.72840043977016,NP_172889.1 protein kinase 2A [Arabidopsis thaliana]
NP_196686.1,1.5314006,NBS_LRR,98.28863028190926,NP_196686.1 Disease resistance protein (TIR-NBS-LRR class) [Arabidopsis thaliana]
NP_181496.1,1.5259103,RLK_defense,98.68068952641732,NP_181496.1 botrytis-induced kinase1 [Arabidopsis thaliana]
NP_173814.2,1.5253077,RLK_defense,98.67861513888025,NP_173814.2 Protein kinase superfamily protein [Arabidopsis thaliana]
NP_178086.1,1.523467,NBS_LRR,98.43591179704192,NP_178086.1 WALL ASSOCIATED KINASE (WAK)-LIKE 10 [Arabidopsis thaliana]
NP_001329249.1,1.5228627,RLK_defense,98.65579687597236,NP_001329249.1 Concanavalin A-like lectin protein kinase family protein [Arabidopsis thaliana]
NP_001320081.1,1.5218261,RLK_defense,98.6516481008982,NP_001320081.1 Concanavalin A-like lectin protein kinase family protein [Arabidopsis thaliana]
NP_194839.2,1.518192,RLK_defense,98.63920177567572,NP_194839.2 wall-associated kinase [Arabidopsis thaliana]
NP_001320487.1,1.518015,NBS_LRR,98.60393718754536,NP_001320487.1 S-locus lectin protein kinase family protein [Arabidopsis thaliana]
NP_850755.1,1.5171329,RLK_defense,98.63194141929596,NP_850755.1 Protein kinase superfamily protein [Arabidopsis thaliana]
NP_195849.1,1.5171329,RLK_defense,98.63194141929596,NP_195849.1 Protein kinase superfamily protein [Arabidopsis thaliana]
NP_180459.2,1.5160265,RLK_defense,98.61845790030492,NP_180459.2 protein kinase 1B [Arabidopsis thaliana]
NP_001031440.1,1.5145156,RLK_defense,98.60808596261954,NP_001031440.1 protein kinase 1B [Arabidopsis thaliana]
NP_173233.1,1.5141046,NBS_LRR,98.47532516024644,NP_173233.1 Wall-associated kinase family protein [Arabidopsis thaliana]
NP_001031439.1,1.5131088,RLK_defense,98.6018628000083,NP_001031439.1 protein kinase 1B [Arabidopsis thaliana]
NP_001320608.1,1.5106183,RLK_defense,98.59563963739706,NP_001320608.1 Protein kinase superfamily protein [Arabidopsis thaliana]
NP_973778.1,1.5106151,RLK_defense,98.59356524985998,NP_973778.1 Protein kinase superfamily protein [Arabidopsis thaliana]
NP_172237.1,1.5106134,RLK_defense,98.5914908623229,NP_172237.1 Protein kinase superfamily protein [Arabidopsis thaliana]
NP_001328774.1,1.5080272,RLK_defense,98.57904453710044,NP_001328774.1 S-locus lectin protein kinase family protein [Arabidopsis thaliana]
NP_195952.1,1.5054555,RLK_defense,98.56348663057231,NP_195952.1 Protein kinase superfamily protein [Arabidopsis thaliana]
NP_001330499.1,1.5054555,RLK_defense,98.56348663057231,NP_001330499.1 Protein kinase superfamily protein [Arabidopsis thaliana]
NP_001326011.1,1.501581,RLK_defense,98.53859398012736,NP_001326011.1 Protein kinase superfamily protein [Arabidopsis thaliana]
NP_974270.1,1.501581,RLK_defense,98.53859398012736,NP_974270.1 Protein kinase superfamily protein [Arabidopsis thaliana]
NP_187594.1,1.5015761,RLK_defense,98.53548239882176,NP_187594.1 Protein kinase superfamily protein [Arabidopsis thaliana]
NP_001323365.1,1.5001156,RLK_defense,98.53340801128468,NP_001323365.1 Protein kinase superfamily protein [Arabidopsis thaliana]
NP_199518.1,1.4994658,RLK_defense,98.52718484867344,NP_199518.1 Protein kinase superfamily protein [Arabidopsis thaliana]
NP_192926.1,1.4980947,RLK_defense,98.52511046113636,NP_192926.1 Protein kinase superfamily protein [Arabidopsis thaliana]
NP_194052.2,1.4978607,RLK_defense,98.52303607359929,NP_194052.2 cysteine-rich RLK (RECEPTOR-like protein kinase) 13 [Arabidopsis thaliana]
NP_001325073.1,1.4970489,NBS_LRR,98.0314062273114,NP_001325073.1 receptor like protein 21 [Arabidopsis thaliana]
NP_176353.1,1.4968292,RLK_defense,98.51473852345094,NP_176353.1 Protein kinase superfamily protein [Arabidopsis thaliana]
NP_565408.1,1.4966861,RLK_defense,98.5105897483768,NP_565408.1 Protein kinase superfamily protein [Arabidopsis thaliana]
NP_001326412.1,1.4959892,RLK_defense,98.50436658576557,NP_001326412.1 Protein kinase superfamily protein [Arabidopsis thaliana]
NP_849382.1,1.4955628,NBS_LRR,98.01584832078328,NP_849382.1 ankyrin repeat family protein [Arabidopsis thaliana]
NP_849381.1,1.4955628,NBS_LRR,98.01584832078328,NP_849381.1 ankyrin repeat family protein [Arabidopsis thaliana]
NP_973478.1,1.4952159,RLK_defense,98.5002178106914,NP_973478.1 Protein kinase superfamily protein [Arabidopsis thaliana]
NP_191105.2,1.494142,RLK_defense,98.49399464808016,NP_191105.2 PBS1-like 1 [Arabidopsis thaliana]
NP_849362.1,1.494004,RLK_defense,98.49192026054308,NP_849362.1 Protein kinase superfamily protein [Arabidopsis thaliana]
NP_188224.1,1.4911838,RLK_defense,98.48777148546893,NP_188224.1 lectin protein kinase family protein [Arabidopsis thaliana]
NP_173489.2,1.491135,RLK_defense,98.48569709793183,NP_173489.2 Protein kinase superfamily protein [Arabidopsis thaliana]
NP_194840.3,1.4910815,RLK_defense,98.48362271039476,NP_194840.3 Wall-associated kinase family protein [Arabidopsis thaliana]
NP_180827.1,1.489004,NBS_LRR,97.95672827597652,NP_180827.1 receptor like protein 23 [Arabidopsis thaliana]
NP_001325830.1,1.4873611,NBS_LRR,97.9380587881428,NP_001325830.1 Protein kinase superfamily protein [Arabidopsis thaliana]
NP_172265.1,1.4869567,RLK_defense,98.46702761009811,NP_172265.1 Protein kinase superfamily protein [Arabidopsis thaliana]
NP_001318944.1,1.4863296,RLK_defense,98.46287883502396,NP_001318944.1 Protein kinase superfamily protein [Arabidopsis thaliana]
NP_001319972.1,1.4781687,NBS_LRR,97.88827348725287,NP_001319972.1 disease resistance protein (TIR-NBS class) [Arabidopsis thaliana]
NP_849399.1,1.4781654,NBS_LRR,97.8861990997158,NP_849399.1 disease resistance protein (TIR-NBS class) [Arabidopsis thaliana]
NP_177131.1,1.475468,NBS_LRR,98.13719999170245,NP_177131.1 Wall-associated kinase family protein [Arabidopsis thaliana]
NP_190235.1,1.473866,NBS_LRR,97.865455224345,NP_190235.1 plant U-box 13 [Arabidopsis thaliana]
NP_001329883.1,1.4738317,NBS_LRR,97.8623436430394,NP_001329883.1 disease resistance protein (TIR-NBS class) [Arabidopsis thaliana]
NP_001329873.1,1.4738317,NBS_LRR,97.8623436430394,NP_001329873.1 disease resistance protein (TIR-NBS class) [Arabidopsis thaliana]
NP_191333.1,1.4721822,NBS_LRR,97.85093451158544,NP_191333.1 Protein kinase superfamily protein [Arabidopsis thaliana]
NP_001329874.1,1.4713745,NBS_LRR,97.84574854274275,NP_001329874.1 disease resistance protein (TIR-NBS class) [Arabidopsis thaliana]
NP_001329877.1,1.4713745,NBS_LRR,97.84574854274275,NP_001329877.1 disease resistance protein (TIR-NBS class) [Arabidopsis thaliana]
NP_190662.2,1.4694798,NBS_LRR,97.83226502375176,NP_190662.2 cytochrome BC1 synthesi [Arabidopsis thaliana]
NP_001318308.1,1.4678254,NBS_LRR,97.82189308606634,NP_001318308.1 armadillo/beta-catenin repeat protein [Arabidopsis thaliana]
NP_001318322.1,1.4660243,RLK_defense,98.3882008836891,NP_001318322.1 Protein kinase superfamily protein [Arabidopsis thaliana]
NP_001324945.1,1.4660226,RLK_defense,98.372642977161,NP_001324945.1 Protein kinase superfamily protein [Arabidopsis thaliana]
NP_001324939.1,1.4660226,RLK_defense,98.372642977161,NP_001324939.1 Protein kinase superfamily protein [Arabidopsis thaliana]
NP_001324948.1,1.4660226,RLK_defense,98.372642977161,NP_001324948.1 Protein kinase superfamily protein [Arabidopsis thaliana]
NP_001324949.1,1.4660226,RLK_defense,98.372642977161,NP_001324949.1 Protein kinase superfamily protein [Arabidopsis thaliana]
NP_001324942.1,1.4660226,RLK_defense,98.372642977161,NP_001324942.1 Protein kinase superfamily protein [Arabidopsis thaliana]
NP_001324937.1,1.4660226,RLK_defense,98.372642977161,NP_001324937.1 Protein kinase superfamily protein [Arabidopsis thaliana]
NP_001324938.1,1.4660226,RLK_defense,98.372642977161,NP_001324938.1 Protein kinase superfamily protein [Arabidopsis thaliana]
NP_001324946.1,1.4660226,RLK_defense,98.372642977161,NP_001324946.1 Protein kinase superfamily protein [Arabidopsis thaliana]
NP_001324944.1,1.4660226,RLK_defense,98.372642977161,NP_001324944.1 Protein kinase superfamily protein [Arabidopsis thaliana]
NP_001324947.1,1.4660226,RLK_defense,98.372642977161,NP_001324947.1 Protein kinase superfamily protein [Arabidopsis thaliana]
NP_001324950.1,1.4660226,RLK_defense,98.372642977161,NP_001324950.1 Protein kinase superfamily protein [Arabidopsis thaliana]
NP_001324941.1,1.4660226,RLK_defense,98.372642977161,NP_001324941.1 Protein kinase superfamily protein [Arabidopsis thaliana]
NP_001324943.1,1.4660226,RLK_defense,98.372642977161,NP_001324943.1 Protein kinase superfamily protein [Arabidopsis thaliana]
NP_001324940.1,1.4660226,RLK_defense,98.372642977161,NP_001324940.1 Protein kinase superfamily protein [Arabidopsis thaliana]
NP_200457.1,1.4659917,RLK_defense,98.3570850706329,NP_200457.1 Protein kinase superfamily protein [Arabidopsis thaliana]
NP_189138.1,1.4656773,NBS_LRR,97.79700043562138,NP_189138.1 receptor like protein 42 [Arabidopsis thaliana]
NP_001326543.1,1.4651129,RLK_defense,98.35086190802166,NP_001326543.1 lectin protein kinase family protein [Arabidopsis thaliana]
NP_001329247.1,1.4642454,RLK_defense,98.34878752048458,NP_001329247.1 cysteine-rich RLK (RECEPTOR-like protein kinase) 13 [Arabidopsis thaliana]
NP_173372.1,1.4617702,NBS_LRR,98.32804364511378,NP_173372.1 Wall-associated kinase family protein [Arabidopsis thaliana]
NP_176919.2,1.4607795,NBS_LRR,98.08534030327546,NP_176919.2 lectin protein kinase family protein [Arabidopsis thaliana]
NP_001329248.1,1.4578738,RLK_defense,98.33322961395648,NP_001329248.1 cysteine-rich RLK (RECEPTOR-like protein kinase) 13 [Arabidopsis thaliana]
NP_849427.1,1.4578738,RLK_defense,98.33322961395648,NP_849427.1 cysteine-rich RLK (RECEPTOR-like protein kinase) 13 [Arabidopsis thaliana]
NP_177763.1,1.4537328,RLK_defense,98.31352293235425,NP_177763.1 Protein kinase superfamily protein [Arabidopsis thaliana]
NP_001322741.1,1.452452,NBS_LRR,97.77003339763934,NP_001322741.1 receptor like protein 1 [Arabidopsis thaliana]
NP_567430.1,1.4471928,NBS_LRR,97.66631402078536,NP_567430.1 ankyrin repeat family protein [Arabidopsis thaliana]
NP_566298.1,1.4453421,RLK_defense,98.26373763146432,NP_566298.1 Protein kinase superfamily protein [Arabidopsis thaliana]
NP_188689.1,1.4408599,RLK_defense,98.24299375609353,NP_188689.1 Protein kinase superfamily protein [Arabidopsis thaliana]
NP_195722.2,1.4391363,RLK_defense,98.23677059348228,NP_195722.2 Protein kinase superfamily protein [Arabidopsis thaliana]
NP_001326539.1,1.4350495,NBS_LRR,98.1620926421474,NP_001326539.1 lectin protein kinase family protein [Arabidopsis thaliana]
NP_001030879.1,1.4319336,NBS_LRR,97.52733005580102,NP_001030879.1 Protein kinase superfamily protein [Arabidopsis thaliana]
NP_001030880.1,1.4319321,NBS_LRR,97.52318128072687,NP_001030880.1 Protein kinase superfamily protein [Arabidopsis thaliana]
NP_001319784.1,1.4319321,NBS_LRR,97.52318128072687,NP_001319784.1 Protein kinase superfamily protein [Arabidopsis thaliana]
NP_191335.1,1.4319321,NBS_LRR,97.52318128072687,NP_191335.1 Protein kinase superfamily protein [Arabidopsis thaliana]
NP_180197.1,1.4299705,RLK_defense,98.21602671811148,NP_180197.1 root-specific kinase 1 [Arabidopsis thaliana]
NP_193421.3,1.4290057,NBS_LRR,97.49206546767068,NP_193421.3 Leucine-rich repeat (LRR) family protein [Arabidopsis thaliana]
NP_191323.1,1.4287753,NBS_LRR,97.48791669259651,NP_191323.1 Protein kinase superfamily protein [Arabidopsis thaliana]
NP_201356.2,1.4265898,RLK_defense,98.19113406766652,NP_201356.2 Protein kinase superfamily protein [Arabidopsis thaliana]
NP_189510.2,1.4263152,RLK_defense,98.18905968012945,NP_189510.2 Protein kinase superfamily protein [Arabidopsis thaliana]
NP_190723.1,1.425823,RLK_defense,98.33426680772504,NP_190723.1 Malectin/receptor-like protein kinase family protein [Arabidopsis thaliana]
NP_197926.2,1.4257548,RLK_defense,98.18076212998112,NP_197926.2 Protein kinase superfamily protein [Arabidopsis thaliana]
NP_190813.1,1.420111,NBS_LRR,97.40908996618748,NP_190813.1 plant U-box 22 [Arabidopsis thaliana]
NP_564898.1,1.4195093,NBS_LRR,97.52318128072687,NP_564898.1 Protein kinase superfamily protein [Arabidopsis thaliana]
NP_190260.1,1.4194272,RLK_defense,98.16624141722156,NP_190260.1 Protein kinase superfamily protein [Arabidopsis thaliana]
NP_568231.1,1.4174857,RLK_defense,98.15794386707324,NP_568231.1 ROP binding protein kinases 1 [Arabidopsis thaliana]
NP_001329881.1,1.413678,NBS_LRR,97.35308150268634,NP_001329881.1 disease resistance protein (TIR-NBS class) [Arabidopsis thaliana]
NP_178651.1,1.4085718,RLK_defense,98.13927437923952,NP_178651.1 Protein kinase superfamily protein [Arabidopsis thaliana]
NP_001326087.1,1.4059765,NBS_LRR,97.29914742672229,NP_001326087.1 receptor like protein 34 [Arabidopsis thaliana]
NP_001329653.1,1.4053586,NBS_LRR,98.80100400356795,NP_001329653.1 protein kinase family protein [Arabidopsis thaliana]
NP_568652.1,1.4051957,cell_death_HR,98.93376480594104,NP_568652.1 ThiF family protein [Arabidopsis thaliana]
NP_196820.1,1.4038216,RLK_defense,98.12682805401704,NP_196820.1 Protein kinase superfamily protein [Arabidopsis thaliana]
NP_189123.2,1.4027997,RLK_defense,98.1226792789429,NP_189123.2 Protein kinase superfamily protein [Arabidopsis thaliana]
NP_181137.2,1.4027773,NBS_LRR,97.26388283859193,NP_181137.2 plant U-box 23 [Arabidopsis thaliana]
NP_190821.1,1.4013174,NBS_LRR,97.25143651336944,NP_190821.1 Protein kinase superfamily protein [Arabidopsis thaliana]
NP_180426.1,1.3986328,RLK_defense,98.11853050386873,NP_180426.1 Protein kinase superfamily protein [Arabidopsis thaliana]
NP_850671.1,1.398584,NBS_LRR,97.22654386292449,NP_850671.1 RNI-like superfamily protein [Arabidopsis thaliana]
NP_190457.1,1.398584,NBS_LRR,97.22654386292449,NP_190457.1 RNI-like superfamily protein [Arabidopsis thaliana]
NP_001327846.1,1.398584,NBS_LRR,97.22654386292449,NP_001327846.1 RNI-like superfamily protein [Arabidopsis thaliana]
NP_001154651.1,1.3950685,RLK_defense,98.11438172879456,NP_001154651.1 Protein kinase superfamily protein [Arabidopsis thaliana]
NP_178731.2,1.3946104,RLK_defense,98.1123073412575,NP_178731.2 Protein kinase superfamily protein [Arabidopsis thaliana]
NP_001189514.1,1.3946072,RLK_defense,98.1102329537204,NP_001189514.1 Protein kinase superfamily protein [Arabidopsis thaliana]
NP_001077816.1,1.3928983,NBS_LRR,97.14771713651544,NP_001077816.1 toll/interleukin-1 receptor-like protein [Arabidopsis thaliana]
NP_200577.2,1.3927194,cell_death_HR,98.84249175430952,NP_200577.2 diacylglycerol kinase 4 [Arabidopsis thaliana]
NP_176760.2,1.3906374,NBS_LRR,97.13527081129295,NP_176760.2 Disease resistance protein (TIR-NBS-LRR class) family [Arabidopsis thaliana]
NP_191331.2,1.382859,NBS_LRR,97.08341112286595,NP_191331.2 Protein kinase superfamily protein [Arabidopsis thaliana]
NP_001330034.1,1.3802793,NBS_LRR,97.05644408488394,NP_001330034.1 RNI-like superfamily protein [Arabidopsis thaliana]
NP_001330033.1,1.3802793,NBS_LRR,97.05644408488394,NP_001330033.1 RNI-like superfamily protein [Arabidopsis thaliana]
NP_001330031.1,1.3802793,NBS_LRR,97.05644408488394,NP_001330031.1 RNI-like superfamily protein [Arabidopsis thaliana]
NP_001078069.1,1.3769181,cell_death_HR,98.65994565104651,NP_001078069.1 Auxin-responsive GH3 family protein [Arabidopsis thaliana]
NP_567845.4,1.3766291,cell_death_HR,98.65372248843528,NP_567845.4 diacylglycerol kinase 7 [Arabidopsis thaliana]
NP_851131.1,1.3741931,NBS_LRR,96.97554297093784,NP_851131.1 Toll-Interleukin-Resistance (TIR) domain family protein [Arabidopsis thaliana]
NP_566071.1,1.3740665,cell_death_HR,98.62156948161056,NP_566071.1 Auxin-responsive GH3 family protein [Arabidopsis thaliana]
NP_850453.1,1.3740665,cell_death_HR,98.62156948161056,NP_850453.1 Auxin-responsive GH3 family protein [Arabidopsis thaliana]
NP_001330035.1,1.3740263,NBS_LRR,96.97346858340076,NP_001330035.1 RNI-like superfamily protein [Arabidopsis thaliana]
NP_176191.1,1.3687415,cell_death_HR,98.56244943680376,NP_176191.1 aminophospholipid ATPase 3 [Arabidopsis thaliana]
NP_197012.1,1.3670498,RLK_defense,98.05837326529344,NP_197012.1 Protein kinase superfamily protein [Arabidopsis thaliana]
NP_192867.1,1.3643035,cell_death_HR,98.5002178106914,NP_192867.1 1-aminocyclopropane-1-carboxylic acid (acc) synthase 6 [Arabidopsis thaliana]
NP_001330029.1,1.364283,NBS_LRR,96.875972369158,NP_001330029.1 RNI-like superfamily protein [Arabidopsis thaliana]
NP_193829.2,1.358365,NBS_LRR,96.8054431928973,NP_193829.2 basic helix-loop-helix (bHLH) DNA-binding superfamily protein [Arabidopsis thaliana]
NP_001154317.1,1.3575444,NBS_LRR,97.70987615906404,NP_001154317.1 receptor like protein 1 [Arabidopsis thaliana]
NP_001190474.1,1.355666,NBS_LRR,96.77743896114671,NP_001190474.1 RNI-like superfamily protein [Arabidopsis thaliana]
NP_001330032.1,1.355666,NBS_LRR,96.77743896114671,NP_001330032.1 RNI-like superfamily protein [Arabidopsis thaliana]
NP_199363.3,1.355666,NBS_LRR,96.77743896114671,NP_199363.3 RNI-like superfamily protein [Arabidopsis thaliana]
NP_001330030.1,1.355666,NBS_LRR,96.77743896114671,NP_001330030.1 RNI-like superfamily protein [Arabidopsis thaliana]
NP_001030790.3,1.3555447,RLK_defense,98.0397037774597,NP_001030790.3 Protein kinase superfamily protein [Arabidopsis thaliana]
NP_001319837.1,1.3546181,NBS_LRR,97.98369531395856,NP_001319837.1 Protein kinase superfamily protein [Arabidopsis thaliana]
NP_189960.2,1.3521136,RLK_defense,98.03348061484849,NP_189960.2 Leucine-rich repeat (LRR) family protein [Arabidopsis thaliana]
NP_191329.1,1.3514793,NBS_LRR,96.74113717924784,NP_191329.1 Protein kinase superfamily protein [Arabidopsis thaliana]
NP_187187.1,1.3497252,NBS_LRR,96.98591490862324,NP_187187.1 receptor like protein 30 [Arabidopsis thaliana]
NP_172932.1,1.3494952,cell_death_HR,98.36538262078122,NP_172932.1 RNA-dependent RNA polymerase 1 [Arabidopsis thaliana]
NP_565963.2,1.3486973,cell_death_HR,98.35293629555872,NP_565963.2 phospholipase D beta 1 [Arabidopsis thaliana]
NP_186779.1,1.3467802,RLK_defense,98.01481112701474,NP_186779.1 Protein kinase superfamily protein [Arabidopsis thaliana]
NP_566402.2,1.343271,NBS_LRR,97.1726097869604,NP_566402.2 E3 ubiquitin-protein ligase PUB24-like protein [Arabidopsis thaliana]
NP_567980.1,1.3390733,RLK_defense,98.00651357686642,NP_567980.1 BR-signaling kinase 1 [Arabidopsis thaliana]
NP_850490.1,1.3347638,cell_death_HR,98.13305121662827,NP_850490.1 carbonic anhydrase 1 [Arabidopsis thaliana]
NP_195506.1,1.3332701,antimicrobial,98.90264899288483,NP_195506.1 serine transhydroxymethyltransferase 1 [Arabidopsis thaliana]
NP_197646.1,1.3326858,NBS_LRR,96.59385566411515,"NP_197646.1 transmembrane protein, putative (DUF247) [Arabidopsis thaliana]"
NP_191703.1,1.3312548,antimicrobial,98.87568195490282,NP_191703.1 cysteine synthase C1 [Arabidopsis thaliana]
NP_196702.1,1.3285072,RLK_defense,97.9795465388844,NP_196702.1 Protein kinase superfamily protein [Arabidopsis thaliana]
NP_173168.1,1.327591,RLK_defense,97.97539776381024,NP_173168.1 receptor like protein 3 [Arabidopsis thaliana]
NP_001330076.1,1.3266803,antimicrobial,98.81656191009604,NP_001330076.1 Auxin-responsive GH3 family protein [Arabidopsis thaliana]
NP_196836.1,1.3266803,antimicrobial,98.81656191009604,NP_196836.1 Auxin-responsive GH3 family protein [Arabidopsis thaliana]
NP_199088.1,1.3250742,antimicrobial,98.79685522849378,NP_199088.1 Sugar isomerase (SIS) family protein [Arabidopsis thaliana]
NP_001332180.1,1.3250725,antimicrobial,98.7947808409567,NP_001332180.1 Sugar isomerase (SIS) family protein [Arabidopsis thaliana]
NP_192922.1,1.3223766,cell_death_HR,97.95672827597652,NP_192922.1 phospholipase D gamma 1 [Arabidopsis thaliana]
NP_001331343.1,1.322354,NBS_LRR,96.5005082249466,NP_001331343.1 Disease resistance protein (TIR-NBS-LRR class) family [Arabidopsis thaliana]
NP_176599.2,1.3213252,cell_death_HR,97.94220756321695,NP_176599.2 cation/H+ exchanger 16 [Arabidopsis thaliana]
NP_192993.2,1.3207453,NBS_LRR,96.49221067479826,NP_192993.2 F-box and associated interaction domains-containing protein [Arabidopsis thaliana]
NP_001078377.1,1.3207437,NBS_LRR,96.48909909349264,NP_001078377.1 F-box and associated interaction domains-containing protein [Arabidopsis thaliana]
NP_001328191.1,1.3207437,NBS_LRR,96.48909909349264,NP_001328191.1 F-box and associated interaction domains-containing protein [Arabidopsis thaliana]
NP_849980.1,1.3190885,cell_death_HR,97.92353807538323,NP_849980.1 diacylglycerol kinase 3 [Arabidopsis thaliana]
NP_001326643.1,1.3186656,RLK_defense,97.94635633829112,NP_001326643.1 Concanavalin A-like lectin protein kinase family protein [Arabidopsis thaliana]
NP_192626.1,1.3176349,antimicrobial,98.7035077893252,NP_192626.1 Arginase/deacetylase superfamily protein [Arabidopsis thaliana]
NP_001078550.1,1.3132381,antimicrobial,98.65579687597236,NP_001078550.1 sirtuin 2 [Arabidopsis thaliana]
NP_564844.1,1.3131485,NBS_LRR,96.42997904868588,NP_564844.1 Protein kinase superfamily protein [Arabidopsis thaliana]
NP_850795.1,1.3129094,antimicrobial,98.64749932582406,NP_850795.1 sirtuin 2 [Arabidopsis thaliana]
NP_568207.1,1.3129078,antimicrobial,98.64542493828698,NP_568207.1 sirtuin 2 [Arabidopsis thaliana]
NP_193725.3,1.3101356,NBS_LRR,96.38849129794428,NP_193725.3 Toll-Interleukin-Resistance (TIR) domain family protein [Arabidopsis thaliana]
NP_001323949.1,1.3099157,cell_death_HR,97.79803762938992,NP_001323949.1 phosphatidic acid phosphatase 1 [Arabidopsis thaliana]
NP_973389.1,1.3099157,cell_death_HR,97.79803762938992,NP_973389.1 phosphatidic acid phosphatase 1 [Arabidopsis thaliana]
NP_197608.1,1.3091393,RLK_defense,97.90901736262369,NP_197608.1 Leucine-rich repeat (LRR) family protein [Arabidopsis thaliana]
NP_001319606.1,1.3063247,cell_death_HR,97.73995477835167,NP_001319606.1 MAP kinase kinase 5 [Arabidopsis thaliana]
NP_188759.1,1.3063247,cell_death_HR,97.73995477835167,NP_188759.1 MAP kinase kinase 5 [Arabidopsis thaliana]
NP_974577.1,1.3035164,NBS_LRR,96.33870599705438,NP_974577.1 Toll-Interleukin-Resistance (TIR) domain family protein [Arabidopsis thaliana]
NP_001329876.1,1.2985711,NBS_LRR,96.30136702138694,NP_001329876.1 disease resistance protein (TIR-NBS class) [Arabidopsis thaliana]
NP_001329871.1,1.2985694,NBS_LRR,96.29929263384986,NP_001329871.1 disease resistance protein (TIR-NBS class) [Arabidopsis thaliana]
NP_974578.1,1.2976131,NBS_LRR,96.2930694712386,NP_974578.1 Toll-Interleukin-Resistance (TIR) domain family protein [Arabidopsis thaliana]
NP_001330708.1,1.2975221,RLK_defense,97.8861990997158,NP_001330708.1 Protein kinase superfamily protein [Arabidopsis thaliana]
NP_568466.1,1.2947615,cell_death_HR,97.61652871989544,NP_568466.1 CBL-interacting protein kinase 25 [Arabidopsis thaliana]
NP_567917.4,1.2862384,PR_proteins,98.96073184392309,NP_567917.4 pectin methylesterase 44 [Arabidopsis thaliana]
NP_198818.1,1.2857887,PR_proteins,98.95658306884891,NP_198818.1 Pathogenesis-related thaumatin superfamily protein [Arabidopsis thaliana]
NP_568921.1,1.2807838,PR_proteins,98.8964258302736,NP_568921.1 aleurain-like protease [Arabidopsis thaliana]
NP_173820.1,1.279722,NBS_LRR,96.1416391810318,NP_173820.1 UDP-glucosyl transferase 74B1 [Arabidopsis thaliana]
NP_195526.1,1.2790215,antimicrobial,98.15794386707324,NP_195526.1 histone deacetylase 1 [Arabidopsis thaliana]
NP_176636.1,1.2780902,antimicrobial,98.151720704462,NP_176636.1 general control non-repressible 3 [Arabidopsis thaliana]
NP_189978.1,1.2773925,NBS_LRR,96.12711846827224,NP_189978.1 dicer-like 3 [Arabidopsis thaliana]
NP_175577.1,1.2759272,cell_death_HR,97.38212292820543,NP_175577.1 mitogen-activated protein kinase kinase 4 [Arabidopsis thaliana]
NP_198408.2,1.2735436,RLK_defense,97.84056257390006,NP_198408.2 Protein kinase superfamily protein [Arabidopsis thaliana]
NP_180255.1,1.2731514,PR_proteins,98.81345032879042,NP_180255.1 non-specific phospholipase C2 [Arabidopsis thaliana]
NP_191330.1,1.2729262,NBS_LRR,96.05658929201152,NP_191330.1 Protein kinase superfamily protein [Arabidopsis thaliana]
NP_191292.1,1.2683339,antimicrobial,98.01688551455184,NP_191292.1 autoinhibited Ca2+-ATPase 11 [Arabidopsis thaliana]
NP_850416.1,1.2676866,PR_proteins,98.76159064036342,NP_850416.1 beta glucosidase 28 [Arabidopsis thaliana]
NP_187742.1,1.2654012,NBS_LRR,95.96324185284296,NP_187742.1 UDP-Glycosyltransferase superfamily protein [Arabidopsis thaliana]
NP_564414.2,1.2647444,PR_proteins,98.73047482730723,NP_564414.2 Subtilase family protein [Arabidopsis thaliana]
NP_001030660.1,1.2646685,cell_death_HR,97.1829817246458,NP_001030660.1 phospholipase C 2 [Arabidopsis thaliana]
NP_187464.1,1.2646654,cell_death_HR,97.18090733710872,NP_187464.1 phospholipase C 2 [Arabidopsis thaliana]
NP_001320422.1,1.2646313,RLK_defense,97.81981869852926,NP_001320422.1 Protein kinase superfamily protein [Arabidopsis thaliana]
NP_001326421.1,1.2626549,NBS_LRR,95.9072333893418,NP_001326421.1 Disease resistance protein (TIR-NBS-LRR class) family [Arabidopsis thaliana]
NP_001326419.1,1.2626549,NBS_LRR,95.9072333893418,NP_001326419.1 Disease resistance protein (TIR-NBS-LRR class) family [Arabidopsis thaliana]
NP_190034.2,1.2626549,NBS_LRR,95.9072333893418,NP_190034.2 Disease resistance protein (TIR-NBS-LRR class) family [Arabidopsis thaliana]
NP_001326420.1,1.2626549,NBS_LRR,95.9072333893418,NP_001326420.1 Disease resistance protein (TIR-NBS-LRR class) family [Arabidopsis thaliana]
NP_001326422.1,1.2626549,NBS_LRR,95.9072333893418,NP_001326422.1 Disease resistance protein (TIR-NBS-LRR class) family [Arabidopsis thaliana]
NP_197963.1,1.2612358,NBS_LRR,95.8968614516564,NP_197963.1 receptor like protein 52 [Arabidopsis thaliana]
NP_563648.1,1.2601876,PR_proteins,98.65994565104651,NP_563648.1 Cysteine proteinases superfamily protein [Arabidopsis thaliana]
NP_564528.1,1.2597349,RLK_defense,97.81152114838096,NP_564528.1 receptor-like kinase 1 [Arabidopsis thaliana]
NP_181919.1,1.2591139,antimicrobial,97.8571576741967,NP_181919.1 HARMLESS TO OZONE LAYER 1 [Arabidopsis thaliana]
NP_181687.1,1.257997,antimicrobial,97.83848818636298,"NP_181687.1 autoinhibited Ca(2+)-ATPase, isoform 4 [Arabidopsis thaliana]"
NP_201249.2,1.2576274,antimicrobial,97.82811624867756,NP_201249.2 fatty acid amide hydrolase [Arabidopsis thaliana]
NP_564094.1,1.2561942,antimicrobial,97.80114921069554,NP_564094.1 chlorophyllase 1 [Arabidopsis thaliana]
NP_568052.1,1.255396,PR_proteins,98.61638351276784,NP_568052.1 Papain family cysteine protease [Arabidopsis thaliana]
NP_849848.1,1.254568,PR_proteins,98.61016035015662,NP_849848.1 Glycosyl hydrolase superfamily protein [Arabidopsis thaliana]
NP_197842.1,1.2535633,PR_proteins,98.59356524985998,NP_197842.1 beta glucosidase 31 [Arabidopsis thaliana]
NP_176801.1,1.2520472,PR_proteins,98.57489576202626,NP_176801.1 Glycosyl hydrolase superfamily protein [Arabidopsis thaliana]
NP_197843.2,1.2483602,PR_proteins,98.5313336237476,NP_197843.2 beta glucosidase 32 [Arabidopsis thaliana]
NP_001031940.1,1.247847,PR_proteins,98.5240732673678,NP_001031940.1 glucoside glucohydrolase 2 [Arabidopsis thaliana]
NP_851076.2,1.247847,PR_proteins,98.5240732673678,NP_851076.2 glucoside glucohydrolase 2 [Arabidopsis thaliana]
NP_187537.1,1.246869,PR_proteins,98.5002178106914,NP_187537.1 Glycosyl hydrolase superfamily protein [Arabidopsis thaliana]
NP_173535.1,1.2467059,NBS_LRR,95.71846412346756,NP_173535.1 O-methyltransferase family protein [Arabidopsis thaliana]
NP_190074.1,1.2446059,cell_death_HR,96.83655900595348,NP_190074.1 Pheophorbide a oxygenase family protein with Rieske 2Fe-2S domain-containing protein [Arabidopsis thaliana]
NP_568479.1,1.2444664,PR_proteins,98.46080444748688,NP_568479.1 glucoside glucohydrolase 2 [Arabidopsis thaliana]
NP_566880.1,1.2375356,PR_proteins,98.36953139585538,NP_566880.1 Cysteine proteinases superfamily protein [Arabidopsis thaliana]
NP_001331362.1,1.2364993,PR_proteins,98.35086190802166,NP_001331362.1 O-Glycosyl hydrolases family 17 protein [Arabidopsis thaliana]
NP_197298.1,1.2362072,NBS_LRR,95.5898520961686,NP_197298.1 Disease resistance protein (TIR-NBS-LRR class) family [Arabidopsis thaliana]
NP_187755.2,1.2345937,NBS_LRR,95.5691082207978,NP_187755.2 S-adenosyl-L-methionine-dependent methyltransferases superfamily protein [Arabidopsis thaliana]
NP_565477.1,1.2340355,antimicrobial,97.37175099052004,NP_565477.1 26S proteasome regulatory subunit S2 1A [Arabidopsis thaliana]
NP_181907.1,1.2326568,cell_death_HR,96.61667392702304,NP_181907.1 MAP kinase 6 [Arabidopsis thaliana]
NP_850491.1,1.2314163,cell_death_HR,96.59800443918934,NP_850491.1 carbonic anhydrase 1 [Arabidopsis thaliana]
NP_179323.1,1.2303629,NBS_LRR,95.51102536975958,NP_179323.1 F-box and associated interaction domains-containing protein [Arabidopsis thaliana]
NP_195579.2,1.2300315,PR_proteins,98.25958885639014,NP_195579.2 Pathogenesis-related thaumatin superfamily protein [Arabidopsis thaliana]
NP_001190808.1,1.2283078,antimicrobial,97.2586968697492,NP_001190808.1 glutamate-cysteine ligase [Arabidopsis thaliana]
NP_194041.1,1.2283078,antimicrobial,97.2586968697492,NP_194041.1 glutamate-cysteine ligase [Arabidopsis thaliana]
NP_564881.3,1.2279042,NBS_LRR,95.47576078162922,NP_564881.3 S-adenosyl-L-methionine-dependent methyltransferases superfamily protein [Arabidopsis thaliana]
NP_194177.2,1.2278391,cell_death_HR,96.54095878191964,NP_194177.2 CRT (chloroquine-resistance transporter)-like transporter 2 [Arabidopsis thaliana]
NP_001190820.1,1.2278391,cell_death_HR,96.54095878191964,NP_001190820.1 CRT (chloroquine-resistance transporter)-like transporter 2 [Arabidopsis thaliana]
NP_176763.1,1.2278123,antimicrobial,97.24106457568404,NP_176763.1 benzoyloxyglucosinolate 1 [Arabidopsis thaliana]
NP_178125.1,1.2276547,RLK_defense,97.75966145995396,NP_178125.1 Leucine-rich repeat (LRR) family protein [Arabidopsis thaliana]
NP_568785.1,1.2244915,antimicrobial,97.1829817246458,NP_568785.1 spermidine synthase 3 [Arabidopsis thaliana]
NP_001078749.1,1.2244915,antimicrobial,97.1829817246458,NP_001078749.1 spermidine synthase 3 [Arabidopsis thaliana]
NP_001078748.1,1.2244915,antimicrobial,97.1829817246458,NP_001078748.1 spermidine synthase 3 [Arabidopsis thaliana]
NP_851179.1,1.2244915,antimicrobial,97.1829817246458,NP_851179.1 spermidine synthase 3 [Arabidopsis thaliana]
NP_851178.1,1.2244915,antimicrobial,97.1829817246458,NP_851178.1 spermidine synthase 3 [Arabidopsis thaliana]
NP_179469.1,1.2215466,antimicrobial,97.1051921920053,NP_179469.1 phytochrome B [Arabidopsis thaliana]
NP_001319057.1,1.2204807,NBS_LRR,95.39071089260896,NP_001319057.1 O-methyltransferase family protein [Arabidopsis thaliana]
NP_199322.1,1.2200344,NBS_LRR,95.38033895492356,NP_199322.1 phloem protein 2-A7 [Arabidopsis thaliana]
NP_564244.1,1.2200034,antimicrobial,97.80322359823262,NP_564244.1 FAD-binding Berberine family protein [Arabidopsis thaliana]
NP_187014.1,1.2184539,PR_proteins,98.10608417864626,NP_187014.1 beta glucosidase 25 [Arabidopsis thaliana]
NP_850206.4,1.2179977,cell_death_HR,96.34181757836,NP_850206.4 MOS4-associated complex 3B [Arabidopsis thaliana]
NP_850207.4,1.2179977,cell_death_HR,96.34181757836,NP_850207.4 MOS4-associated complex 3B [Arabidopsis thaliana]
NP_974381.1,1.2142587,RLK_defense,97.734768809509,NP_974381.1 Leucine-rich repeat (LRR) family protein [Arabidopsis thaliana]
NP_195432.1,1.2121677,NBS_LRR,95.28284274068082,NP_195432.1 methyl esterase 9 [Arabidopsis thaliana]
NP_974096.1,1.2120059,NBS_LRR,95.28076835314371,NP_974096.1 S-adenosyl-L-methionine-dependent methyltransferases superfamily protein [Arabidopsis thaliana]
NP_001318594.1,1.2099373,RLK_defense,97.72647125936066,NP_001318594.1 Protein kinase superfamily protein [Arabidopsis thaliana]
NP_001190331.1,1.2099373,RLK_defense,97.72647125936066,NP_001190331.1 Protein kinase superfamily protein [Arabidopsis thaliana]
NP_197362.1,1.2099373,RLK_defense,97.72647125936066,NP_197362.1 Protein kinase superfamily protein [Arabidopsis thaliana]
NP_176802.1,1.209712,PR_proteins,97.96087705105067,NP_176802.1 Glycosyl hydrolase superfamily protein [Arabidopsis thaliana]
NP_174228.1,1.2090077,NBS_LRR,96.2868463086274,NP_174228.1 plant U-box 17 [Arabidopsis thaliana]
NP_181899.1,1.2088879,cell_death_HR,96.13956479349471,NP_181899.1 Plant stearoyl-acyl-carrier-protein desaturase family protein [Arabidopsis thaliana]
NP_194542.2,1.2086558,cell_death_HR,96.11674653058684,NP_194542.2 diacylglycerol kinase 6 [Arabidopsis thaliana]
NP_001031175.1,1.2081676,PR_proteins,97.92146368784616,NP_001031175.1 beta glucosidase 18 [Arabidopsis thaliana]
NP_195242.1,1.2054521,NBS_LRR,95.89478706411931,NP_195242.1 O-methyltransferase family protein [Arabidopsis thaliana]
NP_568991.2,1.2053535,PR_proteins,97.8861990997158,NP_568991.2 Plant invertase/pectin methylesterase inhibitor superfamily [Arabidopsis thaliana]
NP_001185169.1,1.2021596,PR_proteins,97.81255834214949,NP_001185169.1 Stabilizer of iron transporter SufD / Polynucleotidyl transferase [Arabidopsis thaliana]
NP_849784.1,1.2021596,PR_proteins,97.81255834214949,NP_849784.1 Stabilizer of iron transporter SufD / Polynucleotidyl transferase [Arabidopsis thaliana]
NP_565074.2,1.2021024,NBS_LRR,95.1625282635302,NP_565074.2 Calmodulin binding protein-like protein [Arabidopsis thaliana]
NP_175274.1,1.2006918,PR_proteins,97.79907482315846,NP_175274.1 Stabilizer of iron transporter SufD / Polynucleotidyl transferase [Arabidopsis thaliana]
NP_194183.1,1.1999432,antimicrobial,96.59800443918934,NP_194183.1 P450 reductase 1 [Arabidopsis thaliana]
NP_851077.1,1.1991724,PR_proteins,97.74928952226854,NP_851077.1 thioglucoside glucohydrolase 1 [Arabidopsis thaliana]
NP_196592.1,1.1981119,NBS_LRR,95.11689173771444,NP_196592.1 methyl esterase 5 [Arabidopsis thaliana]
NP_567094.1,1.1976669,antimicrobial,96.53369842553984,NP_567094.1 DYNAMIN-like 1E [Arabidopsis thaliana]
NP_180845.2,1.1963917,PR_proteins,97.70157860891572,NP_180845.2 beta glucosidase 33 [Arabidopsis thaliana]
NP_001322708.1,1.1959382,cell_death_HR,95.86470844483166,NP_001322708.1 bifunctional nuclease in basal defense response 1 [Arabidopsis thaliana]
NP_177671.1,1.1959382,cell_death_HR,95.86470844483166,NP_177671.1 bifunctional nuclease in basal defense response 1 [Arabidopsis thaliana]
NP_849890.1,1.1959382,cell_death_HR,95.86470844483166,NP_849890.1 bifunctional nuclease in basal defense response 1 [Arabidopsis thaliana]
NP_849891.1,1.1959382,cell_death_HR,95.86470844483166,NP_849891.1 bifunctional nuclease in basal defense response 1 [Arabidopsis thaliana]
NP_178429.1,1.1949306,NBS_LRR,95.07125521189867,NP_178429.1 Toll-Interleukin-Resistance (TIR) domain family protein [Arabidopsis thaliana]
NP_172647.2,1.1943874,PR_proteins,97.65594208309996,NP_172647.2 O-Glycosyl hydrolases family 17 protein [Arabidopsis thaliana]
NP_001030770.1,1.1932757,cell_death_HR,95.77136100566308,NP_001030770.1 Protein phosphatase 2A regulatory B subunit family protein [Arabidopsis thaliana]
NP_001326835.1,1.1932757,cell_death_HR,95.77136100566308,NP_001326835.1 Protein phosphatase 2A regulatory B subunit family protein [Arabidopsis thaliana]
NP_001326836.1,1.1932757,cell_death_HR,95.77136100566308,NP_001326836.1 Protein phosphatase 2A regulatory B subunit family protein [Arabidopsis thaliana]
NP_189231.1,1.1932757,cell_death_HR,95.77136100566308,NP_189231.1 Protein phosphatase 2A regulatory B subunit family protein [Arabidopsis thaliana]
NP_563685.2,1.1925042,RLK_defense,97.69535544630448,NP_563685.2 Leucine-rich repeat (LRR) family protein [Arabidopsis thaliana]
NP_001078155.1,1.1912675,antimicrobial,96.76602982969278,NP_001078155.1 Aldolase-type TIM barrel family protein [Arabidopsis thaliana]
NP_178197.1,1.188996,antimicrobial,96.35115232227685,NP_178197.1 cinnamoyl coa reductase [Arabidopsis thaliana]
NP_200668.1,1.1881262,PR_proteins,97.54599954363474,NP_200668.1 Pmr5/Cas1p GDSL/SGNH-like acyl-esterase family protein (DUF828) [Arabidopsis thaliana]
NP_173965.1,1.187511,antimicrobial,96.31588773414649,NP_173965.1 FAD-binding Berberine family protein [Arabidopsis thaliana]
NP_567432.1,1.1869868,cell_death_HR,95.66453004750348,NP_567432.1 AT-hook motif nuclear-localized protein 20 [Arabidopsis thaliana]
NP_973587.1,1.1836145,PR_proteins,97.49621424274484,NP_973587.1 beta glucosidase 33 [Arabidopsis thaliana]
NP_177871.1,1.1831391,cell_death_HR,95.60229842139108,NP_177871.1 replication factor C subunit 3 [Arabidopsis thaliana]
NP_173966.1,1.1826032,PR_proteins,97.4796191424482,NP_173966.1 FAD-binding Berberine family protein [Arabidopsis thaliana]
NP_197972.2,1.1797892,PR_proteins,97.43605700416953,NP_197972.2 thioglucoside glucohydrolase 1 [Arabidopsis thaliana]
NP_001331600.1,1.1792427,antimicrobial,96.13023004957786,NP_001331600.1 Stabilizer of iron transporter SufD / Polynucleotidyl transferase [Arabidopsis thaliana]
NP_001190464.1,1.1792427,antimicrobial,96.13023004957786,NP_001190464.1 Stabilizer of iron transporter SufD / Polynucleotidyl transferase [Arabidopsis thaliana]
NP_001331599.1,1.1792427,antimicrobial,96.13023004957786,NP_001331599.1 Stabilizer of iron transporter SufD / Polynucleotidyl transferase [Arabidopsis thaliana]
NP_199194.1,1.1792427,antimicrobial,96.13023004957786,NP_199194.1 Stabilizer of iron transporter SufD / Polynucleotidyl transferase [Arabidopsis thaliana]
NP_001078154.1,1.1792144,antimicrobial,96.12504408073517,NP_001078154.1 Aldolase-type TIM barrel family protein [Arabidopsis thaliana]
NP_001185204.1,1.1789595,PR_proteins,97.42361067894704,NP_001185204.1 beta glucosidase 18 [Arabidopsis thaliana]
NP_175649.1,1.1789578,PR_proteins,97.42153629140996,NP_175649.1 beta glucosidase 18 [Arabidopsis thaliana]
NP_850110.1,1.1787195,PR_proteins,97.41531312879872,NP_850110.1 Argonaute family protein [Arabidopsis thaliana]
NP_001327198.1,1.1772668,antimicrobial,96.07007281100256,NP_001327198.1 HOPM interactor 7 [Arabidopsis thaliana]
NP_001190006.1,1.1772668,antimicrobial,96.07007281100256,NP_001190006.1 HOPM interactor 7 [Arabidopsis thaliana]
NP_849368.1,1.1767006,antimicrobial,96.05451490447446,NP_849368.1 MutT/nudix family protein [Arabidopsis thaliana]
NP_849367.1,1.1767006,antimicrobial,96.05451490447446,NP_849367.1 MutT/nudix family protein [Arabidopsis thaliana]
NP_193008.1,1.1767006,antimicrobial,96.05451490447446,NP_193008.1 MutT/nudix family protein [Arabidopsis thaliana]
NP_190519.1,1.1753556,antimicrobial,96.00887837865872,NP_190519.1 RNA-dependent RNA polymerase 6 [Arabidopsis thaliana]
NP_001327617.1,1.1753556,antimicrobial,96.00887837865872,NP_001327617.1 RNA-dependent RNA polymerase 6 [Arabidopsis thaliana]
NP_001327619.1,1.1753556,antimicrobial,96.00887837865872,NP_001327619.1 RNA-dependent RNA polymerase 6 [Arabidopsis thaliana]
NP_001327618.1,1.1753556,antimicrobial,96.00887837865872,NP_001327618.1 RNA-dependent RNA polymerase 6 [Arabidopsis thaliana]
NP_001327620.1,1.1753556,antimicrobial,96.00887837865872,NP_001327620.1 RNA-dependent RNA polymerase 6 [Arabidopsis thaliana]
NP_179650.1,1.1730287,cell_death_HR,95.39071089260896,NP_179650.1 Tyrosine transaminase family protein [Arabidopsis thaliana]
NP_001118524.1,1.1723018,PR_proteins,97.29914742672229,NP_001118524.1 beta glucosidase 29 [Arabidopsis thaliana]
NP_180896.1,1.1722493,cell_death_HR,95.37204140477525,NP_180896.1 Caleosin-related family protein [Arabidopsis thaliana]
NP_187274.1,1.1720006,RLK_defense,97.6621652457112,NP_187274.1 MAP kinase kinase 8 [Arabidopsis thaliana]
NP_567957.1,1.1710672,PR_proteins,97.27840355135146,NP_567957.1 Cyclase family protein [Arabidopsis thaliana]
NP_197613.2,1.169727,antimicrobial,95.83048105046986,NP_197613.2 Argonaute family protein [Arabidopsis thaliana]
NP_189916.4,1.1693558,antimicrobial,95.82010911278444,NP_189916.4 HOPM interactor 7 [Arabidopsis thaliana]
NP_181977.1,1.1692379,PR_proteins,97.24936212583236,NP_181977.1 Glycosyl hydrolase superfamily protein [Arabidopsis thaliana]
NP_565492.1,1.1666538,cell_death_HR,95.28180554691228,NP_565492.1 diacylglycerol kinase 5 [Arabidopsis thaliana]
NP_973498.1,1.1666538,cell_death_HR,95.28180554691228,NP_973498.1 diacylglycerol kinase 5 [Arabidopsis thaliana]
NP_191332.2,1.1653949,NBS_LRR,94.62318750388948,NP_191332.2 Protein kinase superfamily protein [Arabidopsis thaliana]
NP_567934.1,1.1652342,antimicrobial,95.72468728607878,NP_567934.1 Pyridoxal phosphate (PLP)-dependent transferases superfamily protein [Arabidopsis thaliana]
NP_001328318.1,1.1645628,PR_proteins,97.13941958636713,NP_001328318.1 pectin methylesterase 44 [Arabidopsis thaliana]
NP_175561.1,1.1628085,antimicrobial,95.67490198518888,NP_175561.1 ABC-2 type transporter family protein [Arabidopsis thaliana]
NP_177152.2,1.1625186,PR_proteins,97.09793183562552,NP_177152.2 Pectin lyase-like superfamily protein [Arabidopsis thaliana]
NP_001331341.1,1.1617068,NBS_LRR,94.57755097807372,NP_001331341.1 Disease resistance protein (TIR-NBS-LRR class) family [Arabidopsis thaliana]
NP_199364.2,1.1612802,NBS_LRR,94.57236500923104,NP_199364.2 Leucine-rich repeat (LRR) family protein [Arabidopsis thaliana]
NP_001189613.1,1.1601515,antimicrobial,96.06799842346548,NP_001189613.1 Argonaute family protein [Arabidopsis thaliana]
NP_565633.1,1.1601515,antimicrobial,96.06799842346548,NP_565633.1 Argonaute family protein [Arabidopsis thaliana]
NP_186799.2,1.1599759,cell_death_HR,95.1002966374178,NP_186799.2 carbonic anhydrase 1 [Arabidopsis thaliana]
NP_566800.1,1.1593233,NBS_LRR,94.96131267243346,NP_566800.1 auxin signaling F-box 2 [Arabidopsis thaliana]
NP_192865.1,1.1565878,cell_death_HR,95.0193955234717,NP_192865.1 phosphatase-like protein [Arabidopsis thaliana]
NP_192139.1,1.1550062,PR_proteins,97.19750243740536,NP_192139.1 Plant invertase/pectin methylesterase inhibitor superfamily [Arabidopsis thaliana]
NP_173359.3,1.151383,antimicrobial,95.38863650507189,NP_173359.3 flavin-dependent monooxygenase 1 [Arabidopsis thaliana]
NP_850007.1,1.1506126,cell_death_HR,94.87211400833904,NP_850007.1 diacylglycerol kinase 5 [Arabidopsis thaliana]
NP_001031381.1,1.150611,cell_death_HR,94.87003962080196,NP_001031381.1 diacylglycerol kinase 5 [Arabidopsis thaliana]
NP_191573.1,1.1492366,PR_proteins,96.824112680731,NP_191573.1 Glycosyl hydrolase superfamily protein [Arabidopsis thaliana]
NP_173005.1,1.1481456,antimicrobial,95.27143360922688,NP_173005.1 pleiotropic drug resistance 12 [Arabidopsis thaliana]
NP_564383.1,1.1479715,cell_death_HR,94.81195676976373,NP_564383.1 ATP-binding cassette 14 [Arabidopsis thaliana]
NP_001324486.1,1.1478275,NBS_LRR,94.36285186798598,NP_001324486.1 cyclic nucleotide-gated channel 12 [Arabidopsis thaliana]
NP_850454.5,1.1478275,NBS_LRR,94.36285186798598,NP_850454.5 cyclic nucleotide-gated channel 12 [Arabidopsis thaliana]
NP_200648.1,1.1468507,PR_proteins,96.75980666708156,NP_200648.1 Peroxidase superfamily protein [Arabidopsis thaliana]
NP_179943.1,1.1467305,NBS_LRR,94.34107079884664,NP_179943.1 methyl esterase 1 [Arabidopsis thaliana]
NP_001078056.1,1.1449465,PR_proteins,96.71002136619164,NP_001078056.1 beta glucosidase 29 [Arabidopsis thaliana]
NP_194404.1,1.1441761,cell_death_HR,94.71031178044682,NP_194404.1 peroxygenase 1 [Arabidopsis thaliana]
NP_001324724.1,1.1439674,antimicrobial,95.13867280685378,NP_001324724.1 NAD-dependent glycerol-3-phosphate dehydrogenase family protein [Arabidopsis thaliana]
NP_565939.1,1.1439674,antimicrobial,95.13867280685378,NP_565939.1 NAD-dependent glycerol-3-phosphate dehydrogenase family protein [Arabidopsis thaliana]
NP_974961.1,1.1417625,PR_proteins,97.21824631277616,NP_974961.1 Pmr5/Cas1p GDSL/SGNH-like acyl-esterase family protein (DUF828) [Arabidopsis thaliana]
NP_850385.1,1.1415243,cell_death_HR,94.65015454187152,NP_850385.1 RmlC-like cupins superfamily protein [Arabidopsis thaliana]
NP_199430.1,1.139798,cell_death_HR,94.62941066650072,NP_199430.1 ornithine-delta-aminotransferase [Arabidopsis thaliana]
NP_001154440.1,1.1364846,RLK_defense,97.56466903146844,NP_001154440.1 ATP binding / protein kinase [Arabidopsis thaliana]
NP_173271.1,1.1356752,cell_death_HR,94.48212915136806,NP_173271.1 MAP kinase kinase 7 [Arabidopsis thaliana]
NP_563915.1,1.1347884,NBS_LRR,94.1709710208061,NP_563915.1 auxin signaling F-box 3 [Arabidopsis thaliana]
NP_188774.2,1.1332772,PR_proteins,96.44449976144544,NP_188774.2 beta glucosidase 19 [Arabidopsis thaliana]
NP_193426.1,1.1295587,NBS_LRR,94.08384674424876,NP_193426.1 Toll-Interleukin-Resistance (TIR) domain-containing protein [Arabidopsis thaliana]
NP_564126.1,1.1287388,PR_proteins,96.36359864749932,NP_564126.1 xylem cysteine peptidase 2 [Arabidopsis thaliana]
NP_001030958.1,1.1284931,cell_death_HR,94.31202937332752,NP_001030958.1 MOS4-associated complex 3A [Arabidopsis thaliana]
NP_179318.1,1.128208,antimicrobial,94.714460555521,NP_179318.1 homoserine kinase [Arabidopsis thaliana]
NP_001332152.1,1.1268172,NBS_LRR,94.04235899350716,NP_001332152.1 ENHANCED DOWNY MILDEW 2 [Arabidopsis thaliana]
NP_001190545.1,1.1268172,NBS_LRR,94.04235899350716,NP_001190545.1 ENHANCED DOWNY MILDEW 2 [Arabidopsis thaliana]
NP_200350.2,1.1268172,NBS_LRR,94.04235899350716,NP_200350.2 ENHANCED DOWNY MILDEW 2 [Arabidopsis thaliana]
NP_188603.1,1.1267529,PR_proteins,96.32625967183188,"NP_188603.1 CAP (Cysteine-rich secretory proteins, Antigen 5, and Pathogenesis-related 1 protein) superfamily protein [Arabidopsis thaliana]"
NP_566232.1,1.1263164,cell_death_HR,94.23216545314996,NP_566232.1 AT-hook motif nuclear-localized protein 19 [Arabidopsis thaliana]
NP_563708.1,1.1256984,cell_death_HR,94.20623560893648,NP_563708.1 MOS4-associated complex 3A [Arabidopsis thaliana]
NP_568522.1,1.1250896,cell_death_HR,94.18964050863984,NP_568522.1 RNA binding (RRM/RBD/RNP motifs) family protein [Arabidopsis thaliana]
NP_973489.1,1.1238537,cell_death_HR,94.15645030804654,NP_973489.1 Tyrosine transaminase family protein [Arabidopsis thaliana]
NP_196197.1,1.1229476,antimicrobial,94.5485095525546,NP_196197.1 RP non-ATPase subunit 8A [Arabidopsis thaliana]
NP_180853.2,1.1216781,antimicrobial,94.48420353890516,NP_180853.2 Argonaute family protein [Arabidopsis thaliana]
NP_180773.3,1.1192253,NBS_LRR,93.92204451635656,NP_180773.3 transmembrane receptor [Arabidopsis thaliana]
NP_174413.2,1.1177493,PR_proteins,96.12711846827224,NP_174413.2 Argonaute family protein [Arabidopsis thaliana]
NP_568295.2,1.1169113,PR_proteins,96.10637459290145,NP_568295.2 Myzus persicae-induced lipase 1 [Arabidopsis thaliana]
NP_567053.1,1.1165671,NBS_LRR,93.88366834692056,NP_567053.1 Protein kinase superfamily protein [Arabidopsis thaliana]
NP_001030878.1,1.1165671,NBS_LRR,93.88366834692056,NP_001030878.1 Protein kinase superfamily protein [Arabidopsis thaliana]
NP_850417.1,1.1164964,PR_proteins,96.0897794926048,NP_850417.1 beta glucosidase 29 [Arabidopsis thaliana]
NP_001031704.1,1.1149561,cell_death_HR,93.9178957412824,NP_001031704.1 phosphatase-like protein [Arabidopsis thaliana]
NP_198203.1,1.1149052,PR_proteins,96.06281245462276,NP_198203.1 beta glucosidase 24 [Arabidopsis thaliana]
NP_192851.1,1.1093198,antimicrobial,94.10251623208248,NP_192851.1 RNA-dependent RNA polymerase 2 [Arabidopsis thaliana]
NP_175314.1,1.1086242,cell_death_HR,93.71668015018568,NP_175314.1 Ribosomal protein S7e family protein [Arabidopsis thaliana]
NP_849786.1,1.1086227,cell_death_HR,93.71460576264856,NP_849786.1 Ribosomal protein S7e family protein [Arabidopsis thaliana]
NP_176196.1,1.1077955,antimicrobial,94.03198705582176,NP_176196.1 ABC-2 and Plant PDR ABC-type transporter family protein [Arabidopsis thaliana]
NP_179150.3,1.1060456,NBS_LRR,93.68556433712946,NP_179150.3 UDP-glucosyl transferase 73B5 [Arabidopsis thaliana]
NP_849400.2,1.1047901,NBS_LRR,93.66482046175868,NP_849400.2 disease resistance protein (TIR-NBS class) [Arabidopsis thaliana]
NP_175400.1,1.1036621,NBS_LRR,95.54421557035285,NP_175400.1 plant U-box 26 [Arabidopsis thaliana]
NP_188746.2,1.1029094,antimicrobial,95.79314207480242,NP_188746.2 ABC-2 type transporter family protein [Arabidopsis thaliana]
NP_001324429.1,1.1028205,RLK_defense,97.95154230713382,NP_001324429.1 CHASE domain containing histidine kinase protein [Arabidopsis thaliana]
NP_001324428.1,1.1028205,RLK_defense,97.95154230713382,NP_001324428.1 CHASE domain containing histidine kinase protein [Arabidopsis thaliana]
NP_565277.1,1.1028205,RLK_defense,97.95154230713382,NP_565277.1 CHASE domain containing histidine kinase protein [Arabidopsis thaliana]
NP_973396.1,1.1028205,RLK_defense,97.95154230713382,NP_973396.1 CHASE domain containing histidine kinase protein [Arabidopsis thaliana]
NP_181459.4,1.1021217,cell_death_HR,93.54658037214512,NP_181459.4 regulator of nonsense transcripts UPF2 [Arabidopsis thaliana]
NP_175368.2,1.101559,cell_death_HR,93.53205965938557,NP_175368.2 long-chain acyl-CoA synthetase 2 [Arabidopsis thaliana]
NP_566122.1,1.0998803,cell_death_HR,93.47812558342147,NP_566122.1 resistance to phytophthora 1 [Arabidopsis thaliana]
NP_850484.1,1.0998774,cell_death_HR,93.4760511958844,NP_850484.1 resistance to phytophthora 1 [Arabidopsis thaliana]
NP_195422.3,1.0998404,cell_death_HR,93.47397680834732,NP_195422.3 PATATIN-like protein 4 [Arabidopsis thaliana]
NP_567706.1,1.0963023,NBS_LRR,93.52065052793162,NP_567706.1 tryptophan aminotransferase related 2 [Arabidopsis thaliana]
NP_974608.1,1.0963023,NBS_LRR,93.52065052793162,NP_974608.1 tryptophan aminotransferase related 2 [Arabidopsis thaliana]
NP_001319973.1,1.0960244,NBS_LRR,93.5071670089406,NP_001319973.1 disease resistance protein (TIR-NBS class) [Arabidopsis thaliana]
NP_001329879.1,1.0943242,NBS_LRR,93.47916277719004,NP_001329879.1 disease resistance protein (TIR-NBS class) [Arabidopsis thaliana]
NP_001329872.1,1.0943242,NBS_LRR,93.47916277719004,NP_001329872.1 disease resistance protein (TIR-NBS class) [Arabidopsis thaliana]
NP_001031652.1,1.0943242,NBS_LRR,93.47916277719004,NP_001031652.1 disease resistance protein (TIR-NBS class) [Arabidopsis thaliana]
NP_001329878.1,1.0943242,NBS_LRR,93.47916277719004,NP_001329878.1 disease resistance protein (TIR-NBS class) [Arabidopsis thaliana]
NP_565356.1,1.0942541,antimicrobial,93.5901425104238,NP_565356.1 ARM repeat superfamily protein [Arabidopsis thaliana]
NP_567249.1,1.0941204,cell_death_HR,93.33706723090008,NP_567249.1 RNA-binding protein-defense related 1 [Arabidopsis thaliana]
NP_197532.3,1.093255,NBS_LRR,94.43960420685794,NP_197532.3 dicer-like 4 [Arabidopsis thaliana]
NP_190480.1,1.093068,PR_proteins,95.55251312050116,NP_190480.1 peroxidase CA [Arabidopsis thaliana]
NP_001320049.1,1.0920339,NBS_LRR,93.43041467006866,NP_001320049.1 Toll-Interleukin-Resistance (TIR) domain family protein [Arabidopsis thaliana]
NP_001326369.1,1.0919521,NBS_LRR,94.52672848341528,NP_001326369.1 glutamate receptor 3.6 [Arabidopsis thaliana]
NP_190716.3,1.0919521,NBS_LRR,94.52672848341528,NP_190716.3 glutamate receptor 3.6 [Arabidopsis thaliana]
NP_177722.1,1.0918567,PR_proteins,95.51517414483374,NP_177722.1 Glycosyl hydrolase superfamily protein [Arabidopsis thaliana]
NP_850932.2,1.09057,antimicrobial,93.4677536457361,NP_850932.2 Fatty acid hydroxylase superfamily [Arabidopsis thaliana]
NP_192046.1,1.0903187,cell_death_HR,93.25616611695396,NP_192046.1 MAP kinase 4 [Arabidopsis thaliana]
NP_198860.1,1.0899533,antimicrobial,97.15497749289524,NP_198860.1 mitogen-activated protein kinase kinase 3 [Arabidopsis thaliana]
NP_001318713.1,1.0899533,antimicrobial,97.15497749289524,NP_001318713.1 mitogen-activated protein kinase kinase 3 [Arabidopsis thaliana]
NP_191681.1,1.0893335,antimicrobial,93.41174518223494,NP_191681.1 NAD(P)-binding Rossmann-fold superfamily protein [Arabidopsis thaliana]
NP_193641.1,1.0879583,NBS_LRR,93.33291845582592,NP_193641.1 P-loop containing nucleoside triphosphate hydrolases superfamily protein [Arabidopsis thaliana]
NP_001331316.1,1.086911,antimicrobial,93.35366233119672,NP_001331316.1 PAZ domain-containing protein / piwi domain-containing protein [Arabidopsis thaliana]
NP_175911.1,1.0860083,cell_death_HR,93.1296284771921,NP_175911.1 DEA(D/H)-box RNA helicase family protein [Arabidopsis thaliana]
NP_001326520.1,1.0859891,antimicrobial,97.43294542286392,NP_001326520.1 Protein phosphatase 2A regulatory B subunit family protein [Arabidopsis thaliana]
NP_188802.1,1.0859891,antimicrobial,97.43294542286392,NP_188802.1 Protein phosphatase 2A regulatory B subunit family protein [Arabidopsis thaliana]
NP_198565.1,1.085104,NBS_LRR,96.48391312464994,NP_198565.1 ARM repeat superfamily protein [Arabidopsis thaliana]
NP_181679.4,1.0850158,PR_proteins,95.35752069201568,NP_181679.4 peroxidase superfamily protein [Arabidopsis thaliana]
NP_179549.1,1.0849749,NBS_LRR,93.26446366710228,NP_179549.1 ACC oxidase 1 [Arabidopsis thaliana]
NP_568445.1,1.084616,PR_proteins,96.17897815669924,NP_568445.1 NagB/RpiA/CoA transferase-like superfamily protein [Arabidopsis thaliana]
NP_197602.2,1.0826163,antimicrobial,93.1918601033045,NP_197602.2 PAZ domain-containing protein / piwi domain-containing protein [Arabidopsis thaliana]
NP_563647.1,1.0825334,PR_proteins,95.27039641545834,NP_563647.1 Cysteine proteinases superfamily protein [Arabidopsis thaliana]
NP_190481.1,1.0812271,PR_proteins,95.22890866471674,NP_190481.1 peroxidase CB [Arabidopsis thaliana]
NP_191819.1,1.0785414,PR_proteins,95.16875142614144,NP_191819.1 DNAJ heat shock family protein [Arabidopsis thaliana]
NP_186995.1,1.0781698,cell_death_HR,92.91389217333582,NP_186995.1 RGA-like 2 [Arabidopsis thaliana]
NP_001032116.1,1.0769938,NBS_LRR,93.1348144460348,NP_001032116.1 exocyst subunit exo70 family protein E2 [Arabidopsis thaliana]
NP_200909.1,1.0769938,NBS_LRR,93.1348144460348,NP_200909.1 exocyst subunit exo70 family protein E2 [Arabidopsis thaliana]
NP_179937.1,1.0768222,NBS_LRR,93.1296284771921,NP_179937.1 methyl esterase 7 [Arabidopsis thaliana]
NP_179409.1,1.0767018,cell_death_HR,92.8454373846122,NP_179409.1 MAP kinase 7 [Arabidopsis thaliana]
NP_197186.1,1.074067,cell_death_HR,92.73964362022112,NP_197186.1 binding partner of acd11 1 [Arabidopsis thaliana]
NP_198505.2,1.0737914,PR_proteins,95.04221378637958,NP_198505.2 beta glucosidase 42 [Arabidopsis thaliana]
NP_567724.1,1.072871,antimicrobial,94.1730454083432,NP_567724.1 fibrillarin 2 [Arabidopsis thaliana]
NP_565959.1,1.0725533,antimicrobial,94.54436077748043,NP_565959.1 amino-terminal glutamine amidohydrolase [Arabidopsis thaliana]
NP_172684.1,1.0701259,antimicrobial,92.78528014603688,NP_172684.1 Flavin-binding monooxygenase family protein [Arabidopsis thaliana]
NP_849925.1,1.0699704,RLK_defense,98.64335055074989,NP_849925.1 CHASE domain containing histidine kinase protein [Arabidopsis thaliana]
NP_177492.1,1.0693583,cell_death_HR,92.61518036799636,NP_177492.1 MAP kinase kinase 9 [Arabidopsis thaliana]
NP_565359.1,1.0684206,antimicrobial,92.72304851992448,NP_565359.1 AGD2-like defense response protein 1 [Arabidopsis thaliana]
NP_567953.1,1.068184,NBS_LRR,92.96160308668864,NP_567953.1 UDP-glucosyl transferase 73B3 [Arabidopsis thaliana]
NP_567132.4,1.0673815,cell_death_HR,92.70852780716493,NP_567132.4 Transducin/WD40 repeat-like superfamily protein [Arabidopsis thaliana]
NP_178052.1,1.0659918,cell_death_HR,92.50316344099406,NP_178052.1 metacaspase 4 [Arabidopsis thaliana]
NP_001328552.1,1.0659826,cell_death_HR,92.50108905345697,NP_001328552.1 diacylglycerol kinase 7 [Arabidopsis thaliana]
NP_201189.1,1.0656426,PR_proteins,94.78706411931876,NP_201189.1 Glycosyl hydrolases family 31 protein [Arabidopsis thaliana]
NP_001078596.1,1.0653461,cell_death_HR,92.47930798431764,NP_001078596.1 binding partner of acd11 1 [Arabidopsis thaliana]
NP_200647.1,1.0646613,PR_proteins,94.75179953118842,NP_200647.1 Peroxidase superfamily protein [Arabidopsis thaliana]
NP_973838.1,1.0582687,cell_death_HR,92.30817101250857,"NP_973838.1 Polynucleotidyl transferase, ribonuclease H-like superfamily protein [Arabidopsis thaliana]"
NP_173044.1,1.0582687,cell_death_HR,92.30817101250857,"NP_173044.1 Polynucleotidyl transferase, ribonuclease H-like superfamily protein [Arabidopsis thaliana]"
NP_568722.1,1.0573455,PR_proteins,94.51739373949842,NP_568722.1 Cysteine proteinases superfamily protein [Arabidopsis thaliana]
NP_190270.1,1.0552063,PR_proteins,94.45931088846018,"NP_190270.1 Serine protease inhibitor, potato inhibitor I-type family protein [Arabidopsis thaliana]"
NP_001078595.1,1.0542365,cell_death_HR,92.2106747982658,NP_001078595.1 binding partner of acd11 1 [Arabidopsis thaliana]
NP_564276.1,1.0538385,RLK_defense,97.00458439645696,NP_564276.1 histidine kinase 3 [Arabidopsis thaliana]
NP_001322306.1,1.0503513,PR_proteins,94.31825253593875,NP_001322306.1 ARGONAUTE 3 [Arabidopsis thaliana]
NP_567004.1,1.0502996,cell_death_HR,92.09658348372643,NP_567004.1 tryptophan synthase alpha chain [Arabidopsis thaliana]
NP_191571.4,1.0493016,PR_proteins,94.27883917273424,NP_191571.4 beta glucosidase 27 [Arabidopsis thaliana]
NP_189318.1,1.049142,NBS_LRR,92.54050241666148,NP_189318.1 Cytochrome P450 superfamily protein [Arabidopsis thaliana]
NP_001189957.1,1.048134,antimicrobial,92.02916588877132,NP_001189957.1 nuclear RNA polymerase D2A [Arabidopsis thaliana]
NP_189020.2,1.048134,antimicrobial,92.02916588877132,NP_189020.2 nuclear RNA polymerase D2A [Arabidopsis thaliana]
NP_567642.1,1.0476164,antimicrobial,92.007384819632,NP_567642.1 Ubiquitin-like superfamily protein [Arabidopsis thaliana]
NP_174510.1,1.0467067,RLK_defense,96.93198083265916,NP_174510.1 MAP kinase kinase 10 [Arabidopsis thaliana]
NP_564333.1,1.0462213,cell_death_HR,91.97004584396456,NP_564333.1 MAC/Perforin domain-containing protein [Arabidopsis thaliana]
NP_850045.2,1.045963,cell_death_HR,91.96174829381624,NP_850045.2 tetraspanin8 [Arabidopsis thaliana]
NP_568699.1,1.0449965,PR_proteins,94.1626734706578,NP_568699.1 Bifunctional inhibitor/lipid-transfer protein/seed storage 2S albumin superfamily protein [Arabidopsis thaliana]
NP_192787.1,1.0447477,NBS_LRR,92.42018793951084,NP_192787.1 2-oxoglutarate (2OG) and Fe(II)-dependent oxygenase superfamily protein [Arabidopsis thaliana]
NP_001031975.1,1.0443567,PR_proteins,94.13778082021284,NP_001031975.1 beta glucosidase 42 [Arabidopsis thaliana]
NP_563748.1,1.0435052,NBS_LRR,98.01688551455184,NP_563748.1 alpha/beta-Hydrolases superfamily protein [Arabidopsis thaliana]
NP_849429.1,1.0434712,cell_death_HR,91.8590661107308,NP_849429.1 phosphatase-like protein [Arabidopsis thaliana]
NP_194088.1,1.0434712,cell_death_HR,91.8590661107308,NP_194088.1 phosphatase-like protein [Arabidopsis thaliana]
NP_200925.1,1.0433304,PR_proteins,94.09421868193417,NP_200925.1 Ribosomal protein S19e family protein [Arabidopsis thaliana]
NP_680473.2,1.0425538,NBS_LRR,96.29099508370152,NP_680473.2 Phototropic-responsive NPH3 family protein [Arabidopsis thaliana]
NP_001320915.1,1.042475,cell_death_HR,91.82276432883192,NP_001320915.1 Seven transmembrane MLO family protein [Arabidopsis thaliana]
NP_001322169.1,1.0422825,NBS_LRR,96.03584541664074,NP_001322169.1 glutamate receptor 3.3 [Arabidopsis thaliana]
NP_174978.1,1.0422825,NBS_LRR,96.03584541664074,NP_174978.1 glutamate receptor 3.3 [Arabidopsis thaliana]
NP_001322170.1,1.0422825,NBS_LRR,96.03584541664074,NP_001322170.1 glutamate receptor 3.3 [Arabidopsis thaliana]
NP_001327206.1,1.0416574,antimicrobial,91.79787167838695,NP_001327206.1 Aldolase-type TIM barrel family protein [Arabidopsis thaliana]
NP_179896.1,1.0414866,cell_death_HR,91.7937229033128,NP_179896.1 natural resistance-associated macrophage protein 3 [Arabidopsis thaliana]
NP_175377.2,1.0413995,antimicrobial,91.7833509656274,NP_175377.2 elongator protein 2 [Arabidopsis thaliana]
NP_565456.2,1.0400922,antimicrobial,91.71489617690376,NP_565456.2 Transducin family protein / WD-40 repeat family protein [Arabidopsis thaliana]
NP_175170.1,1.0396962,NBS_LRR,92.28742713713775,NP_175170.1 Toll-Interleukin-Resistance (TIR) domain family protein [Arabidopsis thaliana]
NP_974613.1,1.0388548,cell_death_HR,91.7159333706723,NP_974613.1 Serine/Threonine-kinase [Arabidopsis thaliana]
NP_194233.1,1.0388548,cell_death_HR,91.7159333706723,NP_194233.1 Serine/Threonine-kinase [Arabidopsis thaliana]
NP_568553.1,1.0380478,cell_death_HR,91.6900035264588,NP_568553.1 ADP-ribosylation factor-like A1A [Arabidopsis thaliana]
NP_567135.1,1.03514,NBS_LRR,93.34121600597425,NP_567135.1 F-box/RNI-like superfamily protein [Arabidopsis thaliana]
NP_194773.1,1.0315534,antimicrobial,91.37262223328564,NP_194773.1 UDP-D-glucuronate 4-epimerase 1 [Arabidopsis thaliana]
NP_569051.1,1.0312809,cell_death_HR,91.4244819217126,NP_569051.1 ADP-ribosylation factor-like A1D [Arabidopsis thaliana]
NP_177213.1,1.0300803,NBS_LRR,92.06339328313317,NP_177213.1 uncharacterized protein AT1G70560 [Arabidopsis thaliana]
NP_190213.2,1.0277742,PR_proteins,94.714460555521,NP_190213.2 kinase-like protein [Arabidopsis thaliana]
NP_201534.1,1.0276113,antimicrobial,91.21911755554171,NP_201534.1 natural resistance associated macrophage protein 4 [Arabidopsis thaliana]
NP_567255.1,1.0272359,NBS_LRR,93.38062936917876,NP_567255.1 GRR1-like protein 1 [Arabidopsis thaliana]
NP_176428.1,1.0263873,NBS_LRR,92.55087435434687,NP_176428.1 ACC oxidase 2 [Arabidopsis thaliana]
NP_001190303.1,1.0261058,antimicrobial,95.35337191694153,NP_001190303.1 protein kinases;ubiquitin-protein ligase [Arabidopsis thaliana]
NP_178175.1,1.0255039,cell_death_HR,91.21496878046756,NP_178175.1 HOPW1-1-interacting 1 [Arabidopsis thaliana]
NP_190556.2,1.0250181,cell_death_HR,91.19422490509676,NP_190556.2 ADP-ribosylation factor-like A1C [Arabidopsis thaliana]
NP_176205.1,1.024885,NBS_LRR,96.19142448192171,NP_176205.1 Matrixin family protein [Arabidopsis thaliana]
NP_196857.2,1.0245814,antimicrobial,95.46953761901798,NP_196857.2 protein kinases;ubiquitin-protein ligase [Arabidopsis thaliana]
NP_001190942.2,1.0245154,cell_death_HR,91.16933225465182,NP_001190942.2 PATATIN-like protein 5 [Arabidopsis thaliana]
NP_001327270.1,1.0232962,antimicrobial,91.03968303358432,NP_001327270.1 Aldolase-type TIM barrel family protein [Arabidopsis thaliana]
NP_001327273.1,1.0232962,antimicrobial,91.03968303358432,NP_001327273.1 Aldolase-type TIM barrel family protein [Arabidopsis thaliana]
NP_194082.2,1.023108,NBS_LRR,91.8953678926297,NP_194082.2 Disease resistance protein (TIR-NBS-LRR class) family [Arabidopsis thaliana]
NP_191142.1,1.0216992,cell_death_HR,91.06146410272366,NP_191142.1 Nucleotide-diphospho-sugar transferases superfamily protein [Arabidopsis thaliana]
NP_001328329.1,1.0201097,cell_death_HR,90.98471176385172,NP_001328329.1 RNA-binding (RRM/RBD/RNP motifs) family protein [Arabidopsis thaliana]
NP_001190647.2,1.0201081,cell_death_HR,90.98263737631464,NP_001190647.2 RNA-binding (RRM/RBD/RNP motifs) family protein [Arabidopsis thaliana]
NP_001322307.1,1.0199786,PR_proteins,93.17111622793372,NP_001322307.1 ARGONAUTE 3 [Arabidopsis thaliana]
NP_001031472.1,1.0199683,cell_death_HR,91.12369572883608,NP_001031472.1 Caleosin-related family protein [Arabidopsis thaliana]
NP_001189776.1,1.0179636,cell_death_HR,90.8747692243865,NP_001189776.1 resistance to phytophthora 1 [Arabidopsis thaliana]
NP_179812.1,1.0167615,antimicrobial,90.78971933536624,NP_179812.1 myo-inositol-1-phosphate synthase 2 [Arabidopsis thaliana]
NP_565406.1,1.0151237,RLK_defense,96.51502893770612,NP_565406.1 lysm domain GPI-anchored protein 2 precursor [Arabidopsis thaliana]
NP_171723.2,1.0146221,antimicrobial,91.0075300267596,NP_171723.2 Fatty acid hydroxylase superfamily [Arabidopsis thaliana]
NP_200651.1,1.013601,cell_death_HR,90.70881822142012,NP_200651.1 exocyst subunit exo70 family protein B1 [Arabidopsis thaliana]
NP_199597.1,1.0113289,cell_death_HR,90.61339639471446,NP_199597.1 Gut esterase (DUF1350) [Arabidopsis thaliana]
NP_176808.3,1.0101042,antimicrobial,90.81876076088535,"NP_176808.3 Signal transduction histidine kinase, hybrid-type, ethylene sensor [Arabidopsis thaliana]"
NP_190966.1,1.0090841,PR_proteins,92.7883917273425,NP_190966.1 Bifunctional inhibitor/lipid-transfer protein/seed storage 2S albumin superfamily protein [Arabidopsis thaliana]
NP_850700.1,1.0090841,PR_proteins,92.7883917273425,NP_850700.1 Bifunctional inhibitor/lipid-transfer protein/seed storage 2S albumin superfamily protein [Arabidopsis thaliana]
NP_683568.1,1.0086976,PR_proteins,95.39071089260896,NP_683568.1 Legume lectin family protein [Arabidopsis thaliana]
NP_200352.2,1.0080595,PR_proteins,92.7520899454436,NP_200352.2 Bifunctional inhibitor/lipid-transfer protein/seed storage 2S albumin superfamily protein [Arabidopsis thaliana]
NP_197841.1,1.0079764,NBS_LRR,91.48049038521376,NP_197841.1 2-oxoglutarate (2OG) and Fe(II)-dependent oxygenase superfamily protein [Arabidopsis thaliana]
NP_174033.1,1.007584,antimicrobial,90.38106499056153,NP_174033.1 glutathione S-transferase tau 13 [Arabidopsis thaliana]
NP_001332026.1,1.0074811,NBS_LRR,91.4607837036115,NP_001332026.1 Disease resistance protein (TIR-NBS-LRR class) [Arabidopsis thaliana]
NP_001318538.1,1.0074811,NBS_LRR,91.4607837036115,NP_001318538.1 Disease resistance protein (TIR-NBS-LRR class) [Arabidopsis thaliana]
NP_172037.1,1.0045549,NBS_LRR,96.40301201070385,NP_172037.1 P-loop containing nucleoside triphosphate hydrolases superfamily protein [Arabidopsis thaliana]
NP_568824.1,1.0043591,PR_proteins,92.62555230568177,NP_568824.1 Bifunctional inhibitor/lipid-transfer protein/seed storage 2S albumin superfamily protein [Arabidopsis thaliana]
NP_172448.1,1.0017381,cell_death_HR,90.19644449976144,NP_172448.1 cell division cycle 5 [Arabidopsis thaliana]
NP_001184890.1,1.0009911,antimicrobial,90.67355363328976,NP_001184890.1 Fatty acid hydroxylase superfamily [Arabidopsis thaliana]
NP_973683.1,0.9995675,antimicrobial,95.40315721783143,NP_973683.1 Integrin-linked protein kinase family [Arabidopsis thaliana]
NP_180758.1,0.9989027,PR_proteins,92.45337814010414,NP_180758.1 PHYTOCYSTATIN 2 [Arabidopsis thaliana]
NP_001032078.1,0.9975765,PR_proteins,92.3869977389176,NP_001032078.1 Bifunctional inhibitor/lipid-transfer protein/seed storage 2S albumin superfamily protein [Arabidopsis thaliana]
NP_181913.3,0.9970301,antimicrobial,95.22890866471674,NP_181913.3 Integrin-linked protein kinase family [Arabidopsis thaliana]
NP_001189858.1,0.9968877,NBS_LRR,91.5593171116228,NP_001189858.1 2-oxoglutarate (2OG) and Fe(II)-dependent oxygenase superfamily protein [Arabidopsis thaliana]
NP_191890.1,0.9957674,cell_death_HR,89.97655942083101,NP_191890.1 Bax inhibitor-1 family protein [Arabidopsis thaliana]
NP_566632.1,0.99549484,NBS_LRR,93.78098616383512,NP_566632.1 plant U-box 25 [Arabidopsis thaliana]
NP_563835.1,0.9951033,cell_death_HR,89.96203870807145,NP_563835.1 soybean gene regulated by cold-2 [Arabidopsis thaliana]
NP_173514.1,0.9948389,cell_death_HR,89.95581554546021,NP_173514.1 Putative AT-hook DNA-binding family protein [Arabidopsis thaliana]
NP_193570.1,0.99478054,antimicrobial,89.8386126496152,NP_193570.1 Aldolase-type TIM barrel family protein [Arabidopsis thaliana]
NP_001329914.1,0.99478054,antimicrobial,89.8386126496152,NP_001329914.1 Aldolase-type TIM barrel family protein [Arabidopsis thaliana]
NP_001185452.1,0.9946698,cell_death_HR,89.95166677038604,"NP_001185452.1 Polynucleotidyl transferase, ribonuclease H-like superfamily protein [Arabidopsis thaliana]"
NP_567192.1,0.99437463,cell_death_HR,89.94129483270065,NP_567192.1 RNA-binding (RRM/RBD/RNP motifs) family protein [Arabidopsis thaliana]
NP_001031566.1,0.99437463,cell_death_HR,89.94129483270065,NP_001031566.1 RNA-binding (RRM/RBD/RNP motifs) family protein [Arabidopsis thaliana]
NP_001328330.1,0.99437463,cell_death_HR,89.94129483270065,NP_001328330.1 RNA-binding (RRM/RBD/RNP motifs) family protein [Arabidopsis thaliana]
NP_186857.1,0.9939261,PR_proteins,92.23556744871075,NP_186857.1 Ribosomal protein S19e family protein [Arabidopsis thaliana]
NP_173387.1,0.99389803,antimicrobial,89.80023648017922,NP_173387.1 dehydroascorbate reductase [Arabidopsis thaliana]
NP_177538.1,0.9931901,antimicrobial,93.5590266973676,NP_177538.1 Phosphoribulokinase / Uridine kinase family [Arabidopsis thaliana]
NP_001320870.1,0.993187,antimicrobial,93.55591511606198,NP_001320870.1 Phosphoribulokinase / Uridine kinase family [Arabidopsis thaliana]
NP_001320871.1,0.993187,antimicrobial,93.55591511606198,NP_001320871.1 Phosphoribulokinase / Uridine kinase family [Arabidopsis thaliana]
NP_564307.1,0.99023485,cell_death_HR,89.81475719293879,NP_564307.1 MAC/Perforin domain-containing protein [Arabidopsis thaliana]
NP_195423.1,0.98918796,cell_death_HR,89.77119505466011,NP_195423.1 PATATIN-like protein 5 [Arabidopsis thaliana]
NP_181250.1,0.98903614,PR_proteins,92.08206277096689,NP_181250.1 Peroxidase superfamily protein [Arabidopsis thaliana]
NP_001318872.1,0.98823327,antimicrobial,98.03659219615407,NP_001318872.1 diacylglycerol kinase 2 [Arabidopsis thaliana]
NP_201182.1,0.98823327,antimicrobial,98.03659219615407,NP_201182.1 diacylglycerol kinase 2 [Arabidopsis thaliana]
NP_192788.1,0.9874419,NBS_LRR,90.99508370153713,NP_192788.1 2-oxoglutarate (2OG) and Fe(II)-dependent oxygenase superfamily protein [Arabidopsis thaliana]
NP_001332434.1,0.9873325,cell_death_HR,89.69444271578816,NP_001332434.1 zinc finger B-box protein [Arabidopsis thaliana]
NP_199354.3,0.987331,cell_death_HR,89.68925674694546,NP_199354.3 zinc finger B-box protein [Arabidopsis thaliana]
NP_001078717.1,0.987331,cell_death_HR,89.68925674694546,NP_001078717.1 zinc finger B-box protein [Arabidopsis thaliana]
NP_680396.1,0.987331,cell_death_HR,89.68925674694546,NP_680396.1 zinc finger B-box protein [Arabidopsis thaliana]
NP_001332433.1,0.987331,cell_death_HR,89.68925674694546,NP_001332433.1 zinc finger B-box protein [Arabidopsis thaliana]
NP_175425.2,0.98718244,antimicrobial,91.32594851370132,NP_175425.2 target of rapamycin [Arabidopsis thaliana]
NP_188425.2,0.98569995,cell_death_HR,89.63843425228701,NP_188425.2 Calcium-dependent lipid-binding (CaLB domain) family protein [Arabidopsis thaliana]
NP_186817.1,0.98491424,PR_proteins,91.86632646711058,NP_186817.1 sieve element occlusion amino-terminus protein [Arabidopsis thaliana]
NP_001077983.1,0.98463875,antimicrobial,89.3438712220217,NP_001077983.1 glutathione S-transferase PHI 9 [Arabidopsis thaliana]
NP_177174.1,0.9833315,PR_proteins,95.60644719646524,NP_177174.1 matrix metalloproteinase [Arabidopsis thaliana]
NP_189154.1,0.9833124,NBS_LRR,90.88099238699772,"NP_189154.1 cytochrome P450, family 82, subfamily G, polypeptide 1 [Arabidopsis thaliana]"
NP_001190648.1,0.98296213,cell_death_HR,89.5160453875993,NP_001190648.1 RNA-binding (RRM/RBD/RNP motifs) family protein [Arabidopsis thaliana]
NP_001078575.1,0.980647,cell_death_HR,89.4351442736532,NP_001078575.1 CRT (chloroquine-resistance transporter)-like transporter 3 [Arabidopsis thaliana]
NP_001327272.1,0.9799493,antimicrobial,89.14680440599912,NP_001327272.1 Aldolase-type TIM barrel family protein [Arabidopsis thaliana]
NP_001327274.1,0.9799493,antimicrobial,89.14680440599912,NP_001327274.1 Aldolase-type TIM barrel family protein [Arabidopsis thaliana]
NP_001327271.1,0.9799493,antimicrobial,89.14680440599912,NP_001327271.1 Aldolase-type TIM barrel family protein [Arabidopsis thaliana]
NP_187728.1,0.97978455,NBS_LRR,90.94322401311013,NP_187728.1 2-oxoglutarate (2OG) and Fe(II)-dependent oxygenase superfamily protein [Arabidopsis thaliana]
NP_567564.1,0.9782173,antimicrobial,97.62482627004376,NP_567564.1 cellulose synthase family protein [Arabidopsis thaliana]
NP_566861.1,0.97821665,cell_death_HR,89.34801999709586,NP_566861.1 actin-related protein 6 [Arabidopsis thaliana]
NP_178161.1,0.9774281,cell_death_HR,89.31897857157675,NP_178161.1 Actin-like ATPase superfamily protein [Arabidopsis thaliana]
NP_177103.1,0.9769022,antimicrobial,92.138071234468,NP_177103.1 Argonaute family protein [Arabidopsis thaliana]
NP_191107.1,0.9737555,NBS_LRR,90.55531354367623,NP_191107.1 Calcium-dependent lipid-binding (CaLB domain) family protein [Arabidopsis thaliana]
NP_974359.1,0.97244763,NBS_LRR,90.51175140539756,"NP_974359.1 cytochrome P450, family 82, subfamily G, polypeptide 1 [Arabidopsis thaliana]"
NP_001326132.1,0.9720036,antimicrobial,88.8128280125293,NP_001326132.1 ARM repeat superfamily protein [Arabidopsis thaliana]
NP_187508.5,0.9720036,antimicrobial,88.8128280125293,NP_187508.5 ARM repeat superfamily protein [Arabidopsis thaliana]
NP_001319503.1,0.9720036,antimicrobial,88.8128280125293,NP_001319503.1 ARM repeat superfamily protein [Arabidopsis thaliana]
NP_173824.2,0.9715109,NBS_LRR,95.00280042317506,NP_173824.2 Matrixin family protein [Arabidopsis thaliana]
NP_001078324.1,0.9709024,antimicrobial,88.75059638641692,NP_001078324.1 cysteine synthase C1 [Arabidopsis thaliana]
NP_195955.1,0.97079283,RLK_defense,95.65830688489224,NP_195955.1 Legume lectin family protein [Arabidopsis thaliana]
NP_199891.4,0.9687504,antimicrobial,98.89020266766238,"NP_199891.4 Histidine kinase-, DNA gyrase B-, and HSP90-like ATPase family protein [Arabidopsis thaliana]"
NP_001078506.1,0.96812314,cell_death_HR,88.95803514012488,NP_001078506.1 Acyl transferase/acyl hydrolase/lysophospholipase superfamily protein [Arabidopsis thaliana]
NP_001320916.1,0.96787256,cell_death_HR,88.94247723359679,NP_001320916.1 Seven transmembrane MLO family protein [Arabidopsis thaliana]
NP_563882.1,0.96787256,cell_death_HR,88.94247723359679,NP_563882.1 Seven transmembrane MLO family protein [Arabidopsis thaliana]
NP_191052.2,0.967477,PR_proteins,91.21704316800464,NP_191052.2 Pectin lyase-like superfamily protein [Arabidopsis thaliana]
NP_200469.1,0.9671254,cell_death_HR,93.17111622793372,NP_200469.1 MAP kinase kinase 6 [Arabidopsis thaliana]
NP_001190152.1,0.9665795,antimicrobial,88.50996743211567,NP_001190152.1 cysteine synthase C1 [Arabidopsis thaliana]
NP_001331084.1,0.9660934,antimicrobial,97.34685834007507,NP_001331084.1 diacylglycerol kinase1 [Arabidopsis thaliana]
NP_173985.1,0.9658228,antimicrobial,88.46225651876284,NP_173985.1 Eukaryotic translation initiation factor 5A-1 (eIF-5A 1) protein [Arabidopsis thaliana]
NP_190555.2,0.9653023,cell_death_HR,88.84601821312258,NP_190555.2 ADP-ribosylation factor-like A1B [Arabidopsis thaliana]
NP_182167.2,0.96506166,NBS_LRR,90.30638703922666,NP_182167.2 cyclic nucleotide-gated channels [Arabidopsis thaliana]
NP_051066.1,0.9634349,antimicrobial,88.34816520422345,NP_051066.1 ATP synthase CF1 beta subunit (chloroplast) [Arabidopsis thaliana]
NP_181455.1,0.96231955,antimicrobial,98.79685522849378,NP_181455.1 PATATIN-like protein 6 [Arabidopsis thaliana]
NP_174980.3,0.9620615,antimicrobial,89.19866409442612,NP_174980.3 Seven transmembrane MLO family protein [Arabidopsis thaliana]
NP_199498.2,0.9619849,cell_death_HR,88.70392266683261,NP_199498.2 RNA-binding (RRM/RBD/RNP motifs) family protein [Arabidopsis thaliana]
NP_001330925.1,0.9619849,cell_death_HR,88.70392266683261,NP_001330925.1 RNA-binding (RRM/RBD/RNP motifs) family protein [Arabidopsis thaliana]
NP_001078806.1,0.961953,antimicrobial,92.72719729499866,NP_001078806.1 calcium-dependent protein kinase 28 [Arabidopsis thaliana]
NP_173944.1,0.9612357,antimicrobial,96.8656004314726,NP_173944.1 Phosphoribulokinase / Uridine kinase family [Arabidopsis thaliana]
NP_189586.1,0.960991,NBS_LRR,90.1611799116311,NP_189586.1 exocyst subunit exo70 family protein E1 [Arabidopsis thaliana]
NP_001331924.1,0.96068823,antimicrobial,88.2423714398324,NP_001331924.1 syntaxin of plants 41 [Arabidopsis thaliana]
NP_198050.1,0.96068823,antimicrobial,88.2423714398324,NP_198050.1 syntaxin of plants 41 [Arabidopsis thaliana]
NP_001031950.1,0.96068823,antimicrobial,88.2423714398324,NP_001031950.1 syntaxin of plants 41 [Arabidopsis thaliana]
NP_174414.1,0.9603962,PR_proteins,90.92870330035056,NP_174414.1 ARGONAUTE 3 [Arabidopsis thaliana]
NP_566256.1,0.95867467,antimicrobial,88.3751322422055,NP_566256.1 syntaxin of plants 43 [Arabidopsis thaliana]
NP_001319256.1,0.9578768,NBS_LRR,90.07509282884229,NP_001319256.1 Tetratricopeptide repeat (TPR)-like superfamily protein [Arabidopsis thaliana]
NP_176050.1,0.9578768,NBS_LRR,90.07509282884229,NP_176050.1 Tetratricopeptide repeat (TPR)-like superfamily protein [Arabidopsis thaliana]
NP_001031578.1,0.9571818,antimicrobial,89.97655942083101,NP_001031578.1 Seven transmembrane MLO family protein [Arabidopsis thaliana]
NP_192169.1,0.9571818,antimicrobial,89.97863380836807,NP_192169.1 Seven transmembrane MLO family protein [Arabidopsis thaliana]
NP_176768.1,0.9565573,antimicrobial,87.98307299769743,NP_176768.1 cytosolic NADP+-dependent isocitrate dehydrogenase [Arabidopsis thaliana]
NP_197366.1,0.95566684,cell_death_HR,88.60953803389549,NP_197366.1 CHY-type/CTCHY-type/RING-type Zinc finger protein [Arabidopsis thaliana]
NP_849294.1,0.954022,cell_death_HR,88.34401642914929,NP_849294.1 RNA-binding protein-defense related 1 [Arabidopsis thaliana]
NP_187531.1,0.9536776,cell_death_HR,88.3232725537785,NP_187531.1 Ribosomal protein L10 family protein [Arabidopsis thaliana]
NP_199660.1,0.9536186,PR_proteins,90.66110730806729,NP_199660.1 Bifunctional inhibitor/lipid-transfer protein/seed storage 2S albumin superfamily protein [Arabidopsis thaliana]
NP_198893.1,0.9535577,cell_death_HR,88.31497500363018,NP_198893.1 prohibitin 3 [Arabidopsis thaliana]
NP_567942.1,0.9528369,antimicrobial,87.7922293442861,NP_567942.1 zinc finger SWIM domain protein [Arabidopsis thaliana]
NP_850519.1,0.95270157,antimicrobial,88.03908146119858,NP_850519.1 syntaxin of plants 43 [Arabidopsis thaliana]
NP_193268.3,0.9523528,NBS_LRR,89.90810463210737,"NP_193268.3 cytochrome P450, family 705, subfamily A, polypeptide 1 [Arabidopsis thaliana]"
NP_001117268.1,0.9520692,antimicrobial,88.8750596386417,NP_001117268.1 Seven transmembrane MLO family protein [Arabidopsis thaliana]
NP_177096.1,0.95188516,antimicrobial,92.1422200095422,NP_177096.1 chorismate mutase 3 [Arabidopsis thaliana]
NP_563816.1,0.95153266,PR_proteins,90.56775986889872,NP_563816.1 calreticulin 3 [Arabidopsis thaliana]
NP_181620.1,0.9514527,PR_proteins,90.5594623187504,NP_181620.1 cystatin A [Arabidopsis thaliana]
NP_001031755.1,0.9512211,PR_proteins,90.55116476860206,NP_001031755.1 low-molecular-weight cysteine-rich 19 [Arabidopsis thaliana]
NP_190614.1,0.9508063,NBS_LRR,89.88736075673658,NP_190614.1 homolog of RPW8 1 [Arabidopsis thaliana]
NP_192590.1,0.9488987,RLK_defense,97.34270956500092,NP_192590.1 MAPK/ERK kinase kinase 1 [Arabidopsis thaliana]
NP_175900.1,0.94752765,antimicrobial,88.17806542618291,NP_175900.1 lipoxygenase 1 [Arabidopsis thaliana]
NP_564021.1,0.9461197,antimicrobial,96.87182359408384,NP_564021.1 lipoxygenase 3 [Arabidopsis thaliana]
NP_186770.3,0.94567627,cell_death_HR,87.97581264131765,NP_186770.3 RNA-binding (RRM/RBD/RNP motifs) family protein [Arabidopsis thaliana]
NP_001327068.1,0.94567627,cell_death_HR,87.97581264131765,NP_001327068.1 RNA-binding (RRM/RBD/RNP motifs) family protein [Arabidopsis thaliana]
NP_001329301.1,0.94477695,cell_death_HR,87.91669259651088,NP_001329301.1 RNA-binding protein-defense related 1 [Arabidopsis thaliana]
NP_001322619.1,0.94403535,antimicrobial,87.35660796149936,NP_001322619.1 Seven transmembrane MLO family protein [Arabidopsis thaliana]
NP_198044.2,0.9439206,NBS_LRR,96.46109486174208,NP_198044.2 Cam-binding protein 60-like G [Arabidopsis thaliana]
NP_190616.1,0.9428318,NBS_LRR,89.63428547721286,NP_190616.1 homolog of RPW8 3 [Arabidopsis thaliana]
NP_196136.1,0.941751,defense_signaling,98.73669798991848,NP_196136.1 Cellulose synthase family protein [Arabidopsis thaliana]
NP_001190797.1,0.9396764,cell_death_HR,87.70925384280291,NP_001190797.1 alpha/beta-Hydrolases superfamily protein [Arabidopsis thaliana]
NP_199512.2,0.9395365,cell_death_HR,98.2844815068351,NP_199512.2 RNA helicase [Arabidopsis thaliana]
NP_001320333.1,0.9395227,cell_death_HR,87.6957703238119,NP_001320333.1 lsd one like 1 [Arabidopsis thaliana]
NP_001320335.1,0.9395227,cell_death_HR,87.6957703238119,NP_001320335.1 lsd one like 1 [Arabidopsis thaliana]
NP_177282.2,0.93822217,cell_death_HR,87.74036965585911,NP_177282.2 WHIRLY 2 [Arabidopsis thaliana]
NP_001327204.1,0.9374393,antimicrobial,87.03507789325202,NP_001327204.1 Aldolase-type TIM barrel family protein [Arabidopsis thaliana]
NP_193773.2,0.93704885,defense_signaling,98.63920177567572,NP_193773.2 JUMONJI 14 [Arabidopsis thaliana]
NP_177396.1,0.9361069,antimicrobial,98.08119152820127,NP_177396.1 PLAT/LH2 domain-containing lipoxygenase family protein [Arabidopsis thaliana]
NP_201517.1,0.9354655,NBS_LRR,89.41854917335657,NP_201517.1 HXXXD-type acyl-transferase family protein [Arabidopsis thaliana]
NP_173302.2,0.9338657,defense_signaling,98.5707469869521,NP_173302.2 Protein kinase superfamily protein [Arabidopsis thaliana]
NP_200414.1,0.93380076,antimicrobial,86.86705250274856,NP_200414.1 heat shock protein 81-2 [Arabidopsis thaliana]
NP_190150.1,0.93374264,cell_death_HR,87.46655050096459,NP_190150.1 mitogen-activated protein kinase 3 [Arabidopsis thaliana]
NP_196409.1,0.931935,antimicrobial,97.99095567033834,NP_196409.1 diacylglycerol kinase1 [Arabidopsis thaliana]
NP_001331085.1,0.931935,antimicrobial,97.99095567033834,NP_001331085.1 diacylglycerol kinase1 [Arabidopsis thaliana]
NP_200412.1,0.9315921,antimicrobial,86.74881241313503,NP_200412.1 heat shock protein 81-3 [Arabidopsis thaliana]
NP_568373.1,0.931054,cell_death_HR,87.34831041135105,NP_568373.1 CRT (chloroquine-resistance transporter)-like transporter 1 [Arabidopsis thaliana]
NP_197747.1,0.9298986,defense_signaling,98.47636235401498,NP_197747.1 XS domain-containing protein / XS zinc finger domain-containing protein-like protein [Arabidopsis thaliana]
NP_001331491.1,0.9298986,defense_signaling,98.47636235401498,NP_001331491.1 XS domain-containing protein / XS zinc finger domain-containing protein-like protein [Arabidopsis thaliana]
NP_567116.1,0.92926705,antimicrobial,97.86960399941916,NP_567116.1 AUTOPHAGY 6 [Arabidopsis thaliana]
NP_850585.2,0.9286803,antimicrobial,87.55782355259609,NP_850585.2 Aldolase-type TIM barrel family protein [Arabidopsis thaliana]
NP_001189891.1,0.92762476,antimicrobial,87.72377455556247,NP_001189891.1 Aldolase-type TIM barrel family protein [Arabidopsis thaliana]
NP_190615.1,0.9263058,NBS_LRR,89.16339950629578,NP_190615.1 homolog of RPW8 2 [Arabidopsis thaliana]
NP_187734.1,0.92497265,cell_death_HR,87.09316074429024,NP_187734.1 Ribosomal protein L10 family protein [Arabidopsis thaliana]
NP_180923.1,0.9248653,PR_proteins,89.40817723567118,NP_180923.1 Seven transmembrane MLO family protein [Arabidopsis thaliana]
NP_001319073.1,0.92388535,RLK_defense,94.46345966353434,NP_001319073.1 formin homologue 4 [Arabidopsis thaliana]
NP_174346.1,0.9234969,antimicrobial,86.71147343746759,NP_174346.1 GTP binding protein [Arabidopsis thaliana]
NP_001031751.1,0.92289287,antimicrobial,92.94085921131786,NP_001031751.1 MAP kinase kinase 2 [Arabidopsis thaliana]
NP_180507.1,0.9227119,antimicrobial,86.32978613064492,NP_180507.1 glutathione S-transferase tau 4 [Arabidopsis thaliana]
NP_199216.2,0.9220418,antimicrobial,97.57089219407968,NP_199216.2 cellulose synthase A4 [Arabidopsis thaliana]
NP_001032149.1,0.92203224,defense_signaling,98.29796502582612,NP_001032149.1 bZIP transcription factor family protein [Arabidopsis thaliana]
NP_001032148.1,0.92203224,defense_signaling,98.29796502582612,NP_001032148.1 bZIP transcription factor family protein [Arabidopsis thaliana]
NP_201324.1,0.92203224,defense_signaling,98.29796502582612,NP_201324.1 bZIP transcription factor family protein [Arabidopsis thaliana]
NP_001318881.1,0.92203224,defense_signaling,98.29796502582612,NP_001318881.1 bZIP transcription factor family protein [Arabidopsis thaliana]
NP_001032147.1,0.92203224,defense_signaling,98.29796502582612,NP_001032147.1 bZIP transcription factor family protein [Arabidopsis thaliana]
NP_851273.1,0.92203224,defense_signaling,98.29796502582612,NP_851273.1 bZIP transcription factor family protein [Arabidopsis thaliana]
NP_177550.1,0.920499,NBS_LRR,89.00574605347771,NP_177550.1 sulfotransferase 16 [Arabidopsis thaliana]
NP_851280.1,0.92028934,antimicrobial,91.2574937249777,NP_851280.1 calcium-dependent protein kinase 28 [Arabidopsis thaliana]
NP_201422.1,0.92028934,antimicrobial,91.2574937249777,NP_201422.1 calcium-dependent protein kinase 28 [Arabidopsis thaliana]
NP_197809.1,0.919067,antimicrobial,87.56404671520734,NP_197809.1 alpha/beta-Hydrolases superfamily protein [Arabidopsis thaliana]
NP_001331221.1,0.919067,antimicrobial,87.56404671520734,NP_001331221.1 alpha/beta-Hydrolases superfamily protein [Arabidopsis thaliana]
NP_001331222.1,0.919067,antimicrobial,87.56404671520734,NP_001331222.1 alpha/beta-Hydrolases superfamily protein [Arabidopsis thaliana]
NP_199220.1,0.9189774,cell_death_HR,86.84423423984069,NP_199220.1 phytochelatin synthase 1 (PCS1) [Arabidopsis thaliana]
NP_001190408.1,0.91812366,NBS_LRR,96.72246769141412,NP_001190408.1 Cam-binding protein 60-like G [Arabidopsis thaliana]
NP_001321031.1,0.91677296,cell_death_HR,86.77370506357998,NP_001321031.1 Prolyl oligopeptidase family protein [Arabidopsis thaliana]
NP_191641.1,0.9152916,antimicrobial,85.96573111788744,NP_191641.1 N-terminal nucleophile aminohydrolases (Ntn hydrolases) superfamily protein [Arabidopsis thaliana]
NP_001190146.1,0.9152916,antimicrobial,85.96573111788744,NP_001190146.1 N-terminal nucleophile aminohydrolases (Ntn hydrolases) superfamily protein [Arabidopsis thaliana]
NP_196775.1,0.9151854,PR_proteins,88.94144003982825,NP_196775.1 cystatin-1 [Arabidopsis thaliana]
NP_172893.1,0.9150651,cell_death_HR,86.67724604310577,NP_172893.1 ssDNA-binding transcriptional regulator [Arabidopsis thaliana]
NP_567078.1,0.9149544,cell_death_HR,86.66583691165184,"NP_567078.1 Protein Transporter, Pam16 [Arabidopsis thaliana]"
NP_189162.1,0.91306096,RLK_defense,94.1834173460286,"NP_189162.1 AGC (cAMP-dependent, cGMP-dependent and protein kinase C) kinase family protein [Arabidopsis thaliana]"
NP_001322615.1,0.91288006,antimicrobial,85.82985873420871,NP_001322615.1 Seven transmembrane MLO family protein [Arabidopsis thaliana]
NP_001322617.1,0.91288006,antimicrobial,85.82985873420871,NP_001322617.1 Seven transmembrane MLO family protein [Arabidopsis thaliana]
NP_001322614.1,0.91288006,antimicrobial,85.82985873420871,NP_001322614.1 Seven transmembrane MLO family protein [Arabidopsis thaliana]
NP_181016.1,0.9124584,antimicrobial,85.81326363391209,NP_181016.1 Glycolipid transfer protein (GLTP) family protein [Arabidopsis thaliana]
NP_001322616.1,0.9119692,antimicrobial,85.7852594021615,NP_001322616.1 Seven transmembrane MLO family protein [Arabidopsis thaliana]
NP_001322618.1,0.9119692,antimicrobial,85.7852594021615,NP_001322618.1 Seven transmembrane MLO family protein [Arabidopsis thaliana]
NP_565119.1,0.9108586,PR_proteins,88.70703424813824,NP_565119.1 low-molecular-weight cysteine-rich 67 [Arabidopsis thaliana]
NP_566840.1,0.91068554,antimicrobial,85.70332109444686,NP_566840.1 AIG2-like (avirulence induced gene) family protein [Arabidopsis thaliana]
NP_178471.1,0.9100756,NBS_LRR,88.74437322380567,NP_178471.1 sulfotransferase 12 [Arabidopsis thaliana]
NP_001031681.1,0.90979177,defense_signaling,97.90486858754952,NP_001031681.1 JUMONJI 14 [Arabidopsis thaliana]
NP_181939.1,0.90818274,antimicrobial,85.59856452382434,NP_181939.1 Seven transmembrane MLO family protein [Arabidopsis thaliana]
NP_188879.2,0.90762585,antimicrobial,94.9260480843031,NP_188879.2 PLAT/LH2 domain-containing lipoxygenase family protein [Arabidopsis thaliana]
NP_973686.1,0.90711147,antimicrobial,85.55189080424005,NP_973686.1 Seven transmembrane MLO family protein [Arabidopsis thaliana]
NP_001030829.1,0.90675056,defense_signaling,97.80114921069554,NP_001030829.1 alpha/beta-Hydrolases superfamily protein [Arabidopsis thaliana]
NP_001329110.1,0.9049557,PR_proteins,90.04501420955464,NP_001329110.1 receptor Serine/Threonine kinase-like protein [Arabidopsis thaliana]
NP_195500.1,0.9036349,antimicrobial,94.03613583089592,NP_195500.1 phosphoenolpyruvate carboxykinase 1 [Arabidopsis thaliana]
NP_197231.1,0.9029191,antimicrobial,85.3527496006804,NP_197231.1 autophagy protein Apg5 family [Arabidopsis thaliana]
NP_564156.1,0.90251845,defense_signaling,97.65594208309996,NP_564156.1 transcription factor TGA3 [Arabidopsis thaliana]
NP_175797.2,0.9023899,PR_proteins,88.30356587217624,NP_175797.2 GDSL-motif lipase 2 [Arabidopsis thaliana]
NP_001326185.1,0.9018573,antimicrobial,85.30192710602195,NP_001326185.1 AIG2-like (avirulence induced gene) family protein [Arabidopsis thaliana]
NP_189535.1,0.9018573,antimicrobial,85.30192710602195,NP_189535.1 AIG2-like (avirulence induced gene) family protein [Arabidopsis thaliana]
NP_849511.1,0.90163267,cell_death_HR,86.06426452589872,NP_849511.1 Acyl transferase/acyl hydrolase/lysophospholipase superfamily protein [Arabidopsis thaliana]
NP_001031943.1,0.9011578,RLK_defense,93.85981289024416,NP_001031943.1 DEAD box RNA helicase (RH3) [Arabidopsis thaliana]
NP_201217.1,0.9002906,PR_proteins,88.21747878938744,NP_201217.1 Peroxidase superfamily protein [Arabidopsis thaliana]
NP_172598.1,0.899548,antimicrobial,91.27097724396872,NP_172598.1 Seven transmembrane MLO family protein [Arabidopsis thaliana]
NP_174764.1,0.8980567,NBS_LRR,88.37928101727964,NP_174764.1 MLP-like protein 168 [Arabidopsis thaliana]
NP_680225.2,0.8979201,RLK_defense,93.74987035077892,NP_680225.2 DEAD box RNA helicase (RH3) [Arabidopsis thaliana]
NP_001332003.1,0.89760023,defense_signaling,97.4433173605493,"NP_001332003.1 DNA-binding protein with MIZ/SP-RING zinc finger, PHD-finger and SAP domain-containing protein [Arabidopsis thaliana]"
NP_200849.2,0.89760023,defense_signaling,97.4433173605493,"NP_200849.2 DNA-binding protein with MIZ/SP-RING zinc finger, PHD-finger and SAP domain-containing protein [Arabidopsis thaliana]"
NP_001032108.1,0.8972579,defense_signaling,97.42153629140996,"NP_001032108.1 DNA-binding protein with MIZ/SP-RING zinc finger, PHD-finger and SAP domain-containing protein [Arabidopsis thaliana]"
NP_001322027.1,0.8966692,antimicrobial,86.8110440392474,NP_001322027.1 Seven transmembrane MLO family protein [Arabidopsis thaliana]
NP_974969.1,0.89665854,defense_signaling,97.39768083473356,"NP_974969.1 DNA-binding protein with MIZ/SP-RING zinc finger, PHD-finger and SAP domain-containing protein [Arabidopsis thaliana]"
NP_001119465.1,0.89665854,defense_signaling,97.39768083473356,"NP_001119465.1 DNA-binding protein with MIZ/SP-RING zinc finger, PHD-finger and SAP domain-containing protein [Arabidopsis thaliana]"
NP_565902.1,0.8965433,antimicrobial,93.44078660775406,NP_565902.1 Seven transmembrane MLO family protein [Arabidopsis thaliana]
NP_193209.2,0.893682,cell_death_HR,85.7095442570581,NP_193209.2 Bax inhibitor-1 family protein [Arabidopsis thaliana]
NP_173321.4,0.8935013,RLK_defense,93.59636567303504,NP_173321.4 isochorismate synthase 2 [Arabidopsis thaliana]
NP_849859.1,0.8933177,cell_death_HR,85.69709793183563,NP_849859.1 RNA-binding (RRM/RBD/RNP motifs) family protein [Arabidopsis thaliana]
NP_001032109.2,0.89314413,defense_signaling,97.25765967598066,"NP_001032109.2 DNA-binding protein with MIZ/SP-RING zinc finger, PHD-finger and SAP domain-containing protein [Arabidopsis thaliana]"
NP_193815.2,0.89254004,PR_proteins,89.9319600887838,NP_193815.2 FAD-binding Berberine family protein [Arabidopsis thaliana]
NP_194710.1,0.89175326,antimicrobial,90.8830667745348,NP_194710.1 MAP kinase kinase 2 [Arabidopsis thaliana]
NP_569003.1,0.8913649,defense_signaling,97.16638662434916,NP_569003.1 CPR5 protein [Arabidopsis thaliana]
NP_567223.1,0.89049006,antimicrobial,86.76540751343165,NP_567223.1 syntaxin of plants 42 [Arabidopsis thaliana]
NP_974619.1,0.8890837,antimicrobial,91.72423092082064,NP_974619.1 MAP kinase/ ERK kinase 1 [Arabidopsis thaliana]
NP_194337.1,0.8890837,antimicrobial,91.72423092082064,NP_194337.1 MAP kinase/ ERK kinase 1 [Arabidopsis thaliana]
NP_192199.1,0.88898575,cell_death_HR,85.49795672827598,NP_192199.1 ERD (early-responsive to dehydration stress) family protein [Arabidopsis thaliana]
NP_200169.1,0.88861704,defense_signaling,97.06474163503226,NP_200169.1 Ypt/Rab-GAP domain of gyp1p superfamily protein [Arabidopsis thaliana]
NP_195851.2,0.888565,defense_signaling,97.06163005372665,NP_195851.2 proteolysis 6 [Arabidopsis thaliana]
NP_001318457.1,0.888565,defense_signaling,97.06163005372665,NP_001318457.1 proteolysis 6 [Arabidopsis thaliana]
NP_567697.1,0.8868939,antimicrobial,86.39616653183147,NP_567697.1 Seven transmembrane MLO family protein [Arabidopsis thaliana]
NP_567536.1,0.88675827,cell_death_HR,85.41913000186695,NP_567536.1 RNA-binding (RRM/RBD/RNP motifs) family protein [Arabidopsis thaliana]
NP_177886.2,0.88669926,RLK_defense,93.40344763208662,NP_177886.2 Peptidoglycan-binding LysM domain-containing protein [Arabidopsis thaliana]
NP_195948.1,0.88438493,defense_signaling,96.85730288132427,NP_195948.1 NRAMP metal ion transporter family protein [Arabidopsis thaliana]
NP_001331492.1,0.88327134,defense_signaling,96.81477793681417,NP_001331492.1 XS domain-containing protein / XS zinc finger domain-containing protein-like protein [Arabidopsis thaliana]
NP_001331490.1,0.88327134,defense_signaling,96.81477793681417,NP_001331490.1 XS domain-containing protein / XS zinc finger domain-containing protein-like protein [Arabidopsis thaliana]
NP_001328189.1,0.88320345,antimicrobial,91.11124940361358,NP_001328189.1 MAP kinase/ ERK kinase 1 [Arabidopsis thaliana]
NP_564456.1,0.8831098,NBS_LRR,87.83164270749062,NP_564456.1 MLP-like protein 165 [Arabidopsis thaliana]
NP_565061.1,0.8830633,PR_proteins,87.33378969859149,NP_565061.1 kunitz trypsin inhibitor 1 [Arabidopsis thaliana]
NP_200471.3,0.88260686,PR_proteins,87.30474827307238,NP_200471.3 profilin [Arabidopsis thaliana]
NP_189124.1,0.8823039,NBS_LRR,87.79637811936027,NP_189124.1 proteolysis 1 [Arabidopsis thaliana]
NP_568762.6,0.8822172,cell_death_HR,85.23450951106686,NP_568762.6 cysteine and histidine-rich domain-containing protein RAR1 [Arabidopsis thaliana]
NP_172181.1,0.881972,NBS_LRR,87.76733669384114,NP_172181.1 exocyst subunit exo70 family protein B2 [Arabidopsis thaliana]
NP_178551.2,0.8808658,defense_signaling,96.68097994067251,NP_178551.2 ankyrin repeat family protein [Arabidopsis thaliana]
NP_001328763.1,0.8803435,antimicrobial,84.28651440662145,NP_001328763.1 Seven transmembrane MLO family protein [Arabidopsis thaliana]
NP_564997.1,0.8796162,PR_proteins,87.190656958533,NP_564997.1 Receptor-like protein kinase-related family protein [Arabidopsis thaliana]
NP_200187.1,0.8794809,defense_signaling,96.6363806086253,NP_200187.1 Seven transmembrane MLO family protein [Arabidopsis thaliana]
NP_001032070.1,0.8794809,defense_signaling,96.6363806086253,NP_001032070.1 Seven transmembrane MLO family protein [Arabidopsis thaliana]
NP_001320358.1,0.87422144,PR_proteins,91.51368058580704,NP_001320358.1 Seven transmembrane MLO family protein [Arabidopsis thaliana]
NP_565162.1,0.8740421,defense_signaling,96.4175327234634,NP_565162.1 bZIP transcription factor family protein [Arabidopsis thaliana]
NP_001331200.1,0.87205225,RLK_defense,92.84647457838074,NP_001331200.1 calcium-dependent protein kinase 28 [Arabidopsis thaliana]
NP_001119508.1,0.87205225,RLK_defense,92.84647457838074,NP_001119508.1 calcium-dependent protein kinase 28 [Arabidopsis thaliana]
NP_568015.1,0.87132585,cell_death_HR,84.75014002115874,NP_568015.1 Acyl transferase/acyl hydrolase/lysophospholipase superfamily protein [Arabidopsis thaliana]
NP_849512.3,0.87132585,cell_death_HR,84.75014002115874,NP_849512.3 Acyl transferase/acyl hydrolase/lysophospholipase superfamily protein [Arabidopsis thaliana]
NP_191075.2,0.87044185,NBS_LRR,87.40224448731512,NP_191075.2 exocyst subunit exo70 family protein H1 [Arabidopsis thaliana]
NP_563788.1,0.87037444,PR_proteins,92.12562490924554,NP_563788.1 CCCH-type zinc fingerfamily protein with RNA-binding domain-containing protein [Arabidopsis thaliana]
NP_564837.1,0.87020826,cell_death_HR,96.08770510506773,NP_564837.1 alpha/beta-Hydrolases superfamily protein [Arabidopsis thaliana]
NP_193611.1,0.86946106,RLK_defense,92.7728338208144,NP_193611.1 receptor like protein 51 [Arabidopsis thaliana]
NP_191336.2,0.86924684,NBS_LRR,87.37527744933308,NP_191336.2 Protein kinase superfamily protein [Arabidopsis thaliana]
NP_196805.2,0.8685386,defense_signaling,96.18727570684756,NP_196805.2 RNA helicase family protein [Arabidopsis thaliana]
NP_177278.3,0.86846346,antimicrobial,84.04899703362582,NP_177278.3 EMS-MUTAGENIZED BRI1 SUPPRESSOR 1 [Arabidopsis thaliana]
NP_001185370.1,0.86846346,antimicrobial,84.04899703362582,NP_001185370.1 EMS-MUTAGENIZED BRI1 SUPPRESSOR 1 [Arabidopsis thaliana]
NP_568219.1,0.8667928,antimicrobial,84.39645694608667,NP_568219.1 nuclear matrix protein-like protein [Arabidopsis thaliana]
NP_001322686.1,0.86677355,defense_signaling,96.09807704275312,"NP_001322686.1 Polynucleotidyl transferase, ribonuclease H-like superfamily protein [Arabidopsis thaliana]"
NP_563973.1,0.86622834,cell_death_HR,84.4856556101811,NP_563973.1 Lactoylglutathione lyase / glyoxalase I family protein [Arabidopsis thaliana]
NP_001031049.1,0.86622685,cell_death_HR,84.483581222644,NP_001031049.1 Lactoylglutathione lyase / glyoxalase I family protein [Arabidopsis thaliana]
NP_179566.1,0.8657703,antimicrobial,85.49588234073889,NP_179566.1 profilin 1 [Arabidopsis thaliana]
NP_171714.2,0.8631831,cell_death_HR,84.33837409504844,NP_171714.2 GRAM domain family protein [Arabidopsis thaliana]
NP_001318398.1,0.8627496,cell_death_HR,84.29273756923268,NP_001318398.1 RNA-binding (RRM/RBD/RNP motifs) family protein [Arabidopsis thaliana]
NP_001078035.1,0.8627496,cell_death_HR,84.29273756923268,NP_001078035.1 RNA-binding (RRM/RBD/RNP motifs) family protein [Arabidopsis thaliana]
NP_181639.1,0.8627496,cell_death_HR,84.29273756923268,NP_181639.1 RNA-binding (RRM/RBD/RNP motifs) family protein [Arabidopsis thaliana]
NP_196179.1,0.86118406,NBS_LRR,87.11183023212396,NP_196179.1 2-oxoglutarate (2OG) and Fe(II)-dependent oxygenase superfamily protein [Arabidopsis thaliana]
NP_176350.1,0.8608575,antimicrobial,94.00087124276556,NP_176350.1 Seven transmembrane MLO family protein [Arabidopsis thaliana]
NP_191272.1,0.85886955,cell_death_HR,84.13923289148879,NP_191272.1 Ankyrin repeat family protein / BTB/POZ domain-containing protein [Arabidopsis thaliana]
NP_181299.1,0.8579781,defense_signaling,95.74231958014396,NP_181299.1 myb-like HTH transcriptional regulator family protein [Arabidopsis thaliana]
NP_194664.1,0.85483253,antimicrobial,85.23036073599269,NP_194664.1 profilin 2 [Arabidopsis thaliana]
NP_974475.1,0.8543706,defense_signaling,95.59607525877983,NP_974475.1 AUTOPHAGY 6 [Arabidopsis thaliana]
NP_187748.1,0.85413486,cell_death_HR,83.9442404630033,NP_187748.1 protein phosphatase 2CA [Arabidopsis thaliana]
NP_193309.1,0.85409456,defense_signaling,95.58777770863152,NP_193309.1 Calcium-dependent lipid-binding (CaLB domain) family protein [Arabidopsis thaliana]
NP_189024.1,0.8536684,antimicrobial,82.94646005766796,NP_189024.1 UDP-D-glucuronate 4-epimerase 6 [Arabidopsis thaliana]
NP_187307.3,0.8529133,antimicrobial,82.91119546953763,NP_187307.3 O-acetyltransferase family protein [Arabidopsis thaliana]
NP_001118592.1,0.85258454,antimicrobial,82.89667475677807,NP_001118592.1 O-acetyltransferase family protein [Arabidopsis thaliana]
NP_198915.1,0.85201126,NBS_LRR,86.80482087663617,NP_198915.1 GDSL lipase 1 [Arabidopsis thaliana]
NP_181529.1,0.8516623,defense_signaling,95.46331445640676,NP_181529.1 ortholog of sugar beet HS1 PRO-1 2 [Arabidopsis thaliana]
NP_175983.5,0.8513768,defense_signaling,95.4570912937955,"NP_175983.5 Polynucleotidyl transferase, ribonuclease H-like superfamily protein [Arabidopsis thaliana]"
NP_001077597.1,0.8506732,antimicrobial,83.11552264193996,NP_001077597.1 Eukaryotic translation initiation factor 5A-1 (eIF-5A 1) protein [Arabidopsis thaliana]
NP_001078539.1,0.84960854,defense_signaling,95.36270666085838,NP_001078539.1 bZIP transcription factor family protein [Arabidopsis thaliana]
NP_196312.1,0.84960854,defense_signaling,95.36270666085838,NP_196312.1 bZIP transcription factor family protein [Arabidopsis thaliana]
NP_974744.1,0.84960854,defense_signaling,95.36270666085838,NP_974744.1 bZIP transcription factor family protein [Arabidopsis thaliana]
NP_001031845.1,0.84960854,defense_signaling,95.36270666085838,NP_001031845.1 bZIP transcription factor family protein [Arabidopsis thaliana]
NP_001331392.1,0.84960693,defense_signaling,95.35752069201568,NP_001331392.1 bZIP transcription factor family protein [Arabidopsis thaliana]
NP_001319285.1,0.8495296,defense_signaling,95.35129752940443,NP_001319285.1 Seven transmembrane MLO family protein [Arabidopsis thaliana]
NP_180643.1,0.8470126,antimicrobial,82.59381417636443,NP_180643.1 glutathione S-transferase PHI 9 [Arabidopsis thaliana]
NP_001185212.1,0.8455515,defense_signaling,95.17497458875268,NP_001185212.1 mitogen-activated protein kinase kinase kinase 3 [Arabidopsis thaliana]
NP_565416.1,0.8439473,defense_signaling,95.10237102495488,NP_565416.1 Seven transmembrane MLO family protein [Arabidopsis thaliana]
NP_564257.1,0.8437626,antimicrobial,94.88352313979298,NP_564257.1 Seven transmembrane MLO family protein [Arabidopsis thaliana]
NP_001319086.1,0.8437626,antimicrobial,94.88352313979298,NP_001319086.1 Seven transmembrane MLO family protein [Arabidopsis thaliana]
NP_568455.1,0.8428376,antimicrobial,84.2097620677495,NP_568455.1 vegetative storage protein 1 [Arabidopsis thaliana]
NP_199255.1,0.84222937,PR_proteins,85.29881552471633,NP_199255.1 plant defensin 1.2 [Arabidopsis thaliana]
NP_568454.1,0.8393736,antimicrobial,82.2287219698384,NP_568454.1 vegetative storage protein 2 [Arabidopsis thaliana]
NP_001190242.1,0.8384328,defense_signaling,94.8036592196154,NP_001190242.1 Emsy N Terminus (ENT)/ plant Tudor-like domains-containing protein [Arabidopsis thaliana]
NP_199073.1,0.83833957,NBS_LRR,86.30489348019998,"NP_199073.1 cytochrome P450, family 71, subfamily A, polypeptide 16 [Arabidopsis thaliana]"
NP_198649.2,0.8382674,PR_proteins,85.08100483332296,NP_198649.2 low-molecular-weight cysteine-rich 80 [Arabidopsis thaliana]
NP_172067.1,0.83823985,NBS_LRR,86.30281909266289,NP_172067.1 Mannose-binding lectin superfamily protein [Arabidopsis thaliana]
NP_567616.1,0.8378328,NBS_LRR,90.86336009293257,NP_567616.1 double-stranded RNA binding protein-related / DsRBD protein-like protein [Arabidopsis thaliana]
NP_001190782.1,0.8378328,NBS_LRR,90.86336009293257,NP_001190782.1 double-stranded RNA binding protein-related / DsRBD protein-like protein [Arabidopsis thaliana]
NP_191143.1,0.83706677,defense_signaling,94.7020142302985,NP_191143.1 Hs1pro-1 protein [Arabidopsis thaliana]
NP_181359.1,0.83572394,NBS_LRR,86.21362042856846,NP_181359.1 2-oxoglutarate (2OG) and Fe(II)-dependent oxygenase superfamily protein [Arabidopsis thaliana]
NP_974804.4,0.83525753,defense_signaling,94.610741178667,NP_974804.4 protein serine/threonine kinase [Arabidopsis thaliana]
NP_191233.1,0.8348769,PR_proteins,84.90468189267119,NP_191233.1 Ubiquitin-associated (UBA) protein [Arabidopsis thaliana]
NP_172946.1,0.83472997,NBS_LRR,86.19287655319768,NP_172946.1 Polyketide cyclase/dehydrase and lipid transport superfamily protein [Arabidopsis thaliana]
NP_001332264.1,0.8337418,cell_death_HR,82.90082353185223,NP_001332264.1 Emsy N Terminus (ENT)/ plant Tudor-like domains-containing protein [Arabidopsis thaliana]
NP_974745.1,0.83250976,defense_signaling,94.44375298193208,NP_974745.1 OCS-element binding factor 5 [Arabidopsis thaliana]
NP_196313.1,0.83250976,defense_signaling,94.44375298193208,NP_196313.1 OCS-element binding factor 5 [Arabidopsis thaliana]
NP_001190110.1,0.83236134,cell_death_HR,84.13093534134048,NP_001190110.1 UBP1-associated protein 2A [Arabidopsis thaliana]
NP_001325973.1,0.83236134,cell_death_HR,84.13093534134048,NP_001325973.1 UBP1-associated protein 2A [Arabidopsis thaliana]
NP_001319772.1,0.83236134,cell_death_HR,84.13093534134048,NP_001319772.1 UBP1-associated protein 2A [Arabidopsis thaliana]
NP_001325972.1,0.83236134,cell_death_HR,84.13093534134048,NP_001325972.1 UBP1-associated protein 2A [Arabidopsis thaliana]
NP_001325970.1,0.83236134,cell_death_HR,84.13093534134048,NP_001325970.1 UBP1-associated protein 2A [Arabidopsis thaliana]
NP_001190109.1,0.83236134,cell_death_HR,84.13093534134048,NP_001190109.1 UBP1-associated protein 2A [Arabidopsis thaliana]
NP_567042.1,0.83236134,cell_death_HR,84.13093534134048,NP_567042.1 UBP1-associated protein 2A [Arabidopsis thaliana]
NP_001325971.1,0.83236134,cell_death_HR,84.13093534134048,NP_001325971.1 UBP1-associated protein 2A [Arabidopsis thaliana]
NP_001325969.1,0.83236134,cell_death_HR,84.13093534134048,NP_001325969.1 UBP1-associated protein 2A [Arabidopsis thaliana]
NP_850711.1,0.83236134,cell_death_HR,84.13093534134048,NP_850711.1 UBP1-associated protein 2A [Arabidopsis thaliana]
NP_850710.1,0.8323598,cell_death_HR,84.13093534134048,NP_850710.1 UBP1-associated protein 2A [Arabidopsis thaliana]
NP_200357.2,0.8322345,PR_proteins,85.1805754351028,NP_200357.2 Bifunctional inhibitor/lipid-transfer protein/seed storage 2S albumin superfamily protein [Arabidopsis thaliana]
NP_198774.1,0.8316514,PR_proteins,84.75947476507561,NP_198774.1 Peroxidase superfamily protein [Arabidopsis thaliana]
NP_180172.1,0.831,PR_proteins,84.74080527724189,NP_180172.1 plant defensin 1.2b [Arabidopsis thaliana]
NP_200532.1,0.8304403,NBS_LRR,86.01447922500881,"NP_200532.1 cytochrome P450, family 81, subfamily F, polypeptide 2 [Arabidopsis thaliana]"
NP_001328538.1,0.82984793,cell_death_HR,87.74451843093327,NP_001328538.1 HOPW1-1-interacting 2 [Arabidopsis thaliana]
NP_194903.2,0.8298464,cell_death_HR,87.74244404339619,NP_194903.2 HOPW1-1-interacting 2 [Arabidopsis thaliana]
NP_565272.1,0.82931054,PR_proteins,84.67027610098118,NP_565272.1 plasmodesmata-located protein 6 [Arabidopsis thaliana]
NP_001185283.1,0.8291972,defense_signaling,94.24979774721514,NP_001185283.1 Seven transmembrane MLO family protein [Arabidopsis thaliana]
NP_001185281.1,0.8291972,defense_signaling,94.24979774721514,NP_001185281.1 Seven transmembrane MLO family protein [Arabidopsis thaliana]
NP_173391.2,0.8277578,PR_proteins,84.5821146306553,NP_173391.2 defensin-like protein [Arabidopsis thaliana]
NP_196296.1,0.82718134,defense_signaling,94.16889663326904,NP_196296.1 Emsy N Terminus (ENT)/ plant Tudor-like domains-containing protein [Arabidopsis thaliana]
NP_199566.1,0.82516366,PR_proteins,84.41927520899455,NP_199566.1 Cystatin/monellin superfamily protein [Arabidopsis thaliana]
NP_197783.2,0.8247473,cell_death_HR,82.41956562324974,NP_197783.2 Calcium-dependent lipid-binding (CaLB domain) family protein [Arabidopsis thaliana]
NP_174334.2,0.82378346,cell_death_HR,82.37600348497106,NP_174334.2 cleavage and polyadenylation specificity factor 30 [Arabidopsis thaliana]
NP_566842.1,0.8236313,cell_death_HR,82.91949301968594,NP_566842.1 pectin methylesterase 31 [Arabidopsis thaliana]
NP_177862.1,0.823516,cell_death_HR,82.3614827722115,NP_177862.1 amino acid permease 3 [Arabidopsis thaliana]
NP_001190150.2,0.8230756,NBS_LRR,87.08590038791047,NP_001190150.2 BON association protein 1 [Arabidopsis thaliana]
NP_567111.1,0.8230739,NBS_LRR,87.08590038791047,NP_567111.1 BON association protein 1 [Arabidopsis thaliana]
NP_173925.3,0.8229949,cell_death_HR,82.33866450930363,NP_173925.3 phytochrome and flowering time regulatory protein (PFT1) [Arabidopsis thaliana]
NP_001331305.1,0.8218558,cell_death_HR,82.29302798348787,NP_001331305.1 PYR1-like 1 [Arabidopsis thaliana]
NP_199491.2,0.8218527,cell_death_HR,82.2909535959508,NP_199491.2 PYR1-like 1 [Arabidopsis thaliana]
NP_199256.1,0.8215266,PR_proteins,84.1993901300641,NP_199256.1 plant defensin 1.2C [Arabidopsis thaliana]
NP_201414.1,0.82016325,cell_death_HR,83.48891239861432,NP_201414.1 RADIATION SENSITIVE 17 [Arabidopsis thaliana]
NP_850164.1,0.81936085,cell_death_HR,82.2494658452092,NP_850164.1 autophagy 9 (APG9) [Arabidopsis thaliana]
NP_001328190.1,0.8192882,antimicrobial,90.75652913477296,NP_001328190.1 MAP kinase/ ERK kinase 1 [Arabidopsis thaliana]
NP_567840.1,0.81923574,PR_proteins,84.07907565291349,NP_567840.1 low-molecular-weight cysteine-rich 59 [Arabidopsis thaliana]
NP_001325272.1,0.81745553,antimicrobial,81.10440392474122,NP_001325272.1 Glucose-1-phosphate adenylyltransferase family protein [Arabidopsis thaliana]
NP_181507.1,0.81745553,antimicrobial,81.10440392474122,NP_181507.1 Glucose-1-phosphate adenylyltransferase family protein [Arabidopsis thaliana]
NP_001189713.1,0.81745553,antimicrobial,81.10440392474122,NP_001189713.1 Glucose-1-phosphate adenylyltransferase family protein [Arabidopsis thaliana]
NP_566879.1,0.81593436,antimicrobial,91.30416744456198,NP_566879.1 Seven transmembrane MLO family protein [Arabidopsis thaliana]
NP_171935.1,0.81591237,antimicrobial,81.00172174165577,NP_171935.1 cryptochrome 2 [Arabidopsis thaliana]
NP_849588.1,0.81591237,antimicrobial,81.00172174165577,NP_849588.1 cryptochrome 2 [Arabidopsis thaliana]
NP_173228.1,0.8152688,PR_proteins,83.84674424876056,NP_173228.1 Kunitz family trypsin and protease inhibitor protein [Arabidopsis thaliana]
NP_176511.1,0.81433403,cell_death_HR,81.84081150040451,NP_176511.1 Calcium-dependent lipid-binding (CaLB domain) family protein [Arabidopsis thaliana]
NP_001030914.1,0.8138799,antimicrobial,93.45115854543944,NP_001030914.1 AUTOPHAGY 6 [Arabidopsis thaliana]
NP_849446.1,0.81281173,antimicrobial,88.08886676208849,NP_849446.1 MAP kinase/ ERK kinase 1 [Arabidopsis thaliana]
NP_565491.1,0.8110842,defense_signaling,93.40967079469786,NP_565491.1 photosystem II reaction center PSB29 protein [Arabidopsis thaliana]
NP_187125.1,0.81031764,defense_signaling,93.3661086564192,NP_187125.1 RNA polymerase II transcription mediator [Arabidopsis thaliana]
NP_179062.1,0.81008816,cell_death_HR,85.01669881967348,NP_179062.1 LURP-one-like protein (DUF567) [Arabidopsis thaliana]
NP_189516.1,0.81001365,NBS_LRR,85.25110461136349,NP_189516.1 Cytochrome P450 superfamily protein [Arabidopsis thaliana]
NP_191946.1,0.8097546,cell_death_HR,81.6167776463999,"NP_191946.1 cytochrome P450, family 86, subfamily A, polypeptide 2 [Arabidopsis thaliana]"
NP_190468.1,0.8096482,antimicrobial,80.66255937934325,NP_190468.1 AMP-dependent synthetase and ligase family protein [Arabidopsis thaliana]
NP_181668.1,0.80963624,cell_death_HR,81.61055448378866,NP_181668.1 Ankyrin repeat family protein / BTB/POZ domain-containing protein [Arabidopsis thaliana]
NP_199915.1,0.808827,defense_signaling,93.3038770303068,NP_199915.1 crumpled leaf [Arabidopsis thaliana]
NP_191355.1,0.80811405,defense_signaling,93.23749662912026,NP_191355.1 Emsy N Terminus (ENT) domain-containing protein [Arabidopsis thaliana]
NP_001078116.1,0.8076472,antimicrobial,80.51320347667351,NP_001078116.1 O-acetyltransferase family protein [Arabidopsis thaliana]
NP_196189.1,0.8071739,defense_signaling,93.16904184039664,NP_196189.1 arginine-tRNA protein transferase 1 [Arabidopsis thaliana]
NP_974293.1,0.80638194,PR_proteins,91.48049038521376,NP_974293.1 TGACG motif-binding factor 6 [Arabidopsis thaliana]
NP_849915.1,0.8046786,cell_death_HR,81.40415292384924,"NP_849915.1 Polynucleotidyl transferase, ribonuclease H-like superfamily protein [Arabidopsis thaliana]"
NP_178193.1,0.8046786,cell_death_HR,81.40415292384924,"NP_178193.1 Polynucleotidyl transferase, ribonuclease H-like superfamily protein [Arabidopsis thaliana]"
NP_001326457.1,0.8031658,defense_signaling,92.9470823739291,NP_001326457.1 ARM repeat superfamily protein [Arabidopsis thaliana]
NP_001319464.1,0.8031658,defense_signaling,92.9470823739291,NP_001319464.1 ARM repeat superfamily protein [Arabidopsis thaliana]
NP_187047.1,0.8031658,defense_signaling,92.9470823739291,NP_187047.1 ARM repeat superfamily protein [Arabidopsis thaliana]
NP_001326458.1,0.80316424,defense_signaling,92.94085921131786,NP_001326458.1 ARM repeat superfamily protein [Arabidopsis thaliana]
NP_974215.1,0.80316424,defense_signaling,92.94085921131786,NP_974215.1 ARM repeat superfamily protein [Arabidopsis thaliana]
NP_974214.1,0.80316424,defense_signaling,92.94085921131786,NP_974214.1 ARM repeat superfamily protein [Arabidopsis thaliana]
NP_194633.1,0.80138314,antimicrobial,85.11004625884208,NP_194633.1 regulatory particle AAA-ATPase 2A [Arabidopsis thaliana]
NP_680701.1,0.80036515,NBS_LRR,84.84037587902172,NP_680701.1 Calcium-dependent lipid-binding (CaLB domain) family protein [Arabidopsis thaliana]
NP_199079.1,0.7997283,antimicrobial,80.09417719418342,NP_199079.1 allene oxide synthase [Arabidopsis thaliana]
NP_564635.1,0.79889584,defense_signaling,92.67533760657166,NP_564635.1 mitogen-activated protein kinase kinase kinase 3 [Arabidopsis thaliana]
NP_201398.1,0.7988457,antimicrobial,91.65888771340262,NP_201398.1 Seven transmembrane MLO family protein [Arabidopsis thaliana]
NP_191156.1,0.7980911,NBS_LRR,84.76154915261269,NP_191156.1 jasmonate-regulated gene 21 [Arabidopsis thaliana]
NP_001185211.1,0.7966386,defense_signaling,92.49901466591989,NP_001185211.1 mitogen-activated protein kinase kinase kinase 3 [Arabidopsis thaliana]
NP_179335.3,0.7957726,defense_signaling,92.45752691517828,NP_179335.3 Seven transmembrane MLO family protein [Arabidopsis thaliana]
NP_001031181.1,0.79552656,defense_signaling,92.44404339618728,NP_001031181.1 mitogen-activated protein kinase kinase kinase 3 [Arabidopsis thaliana]
NP_849803.1,0.79552656,defense_signaling,92.44404339618728,NP_849803.1 mitogen-activated protein kinase kinase kinase 3 [Arabidopsis thaliana]
NP_566415.3,0.7929317,PR_proteins,92.26564606799842,NP_566415.3 TGACG motif-binding factor 6 [Arabidopsis thaliana]
NP_974292.1,0.7929317,PR_proteins,92.26564606799842,NP_974292.1 TGACG motif-binding factor 6 [Arabidopsis thaliana]
NP_001326020.1,0.7929317,PR_proteins,92.26564606799842,NP_001326020.1 TGACG motif-binding factor 6 [Arabidopsis thaliana]
NP_001326019.1,0.7929317,PR_proteins,92.26564606799842,NP_001326019.1 TGACG motif-binding factor 6 [Arabidopsis thaliana]
NP_178377.2,0.792788,cell_death_HR,80.80776650693883,NP_178377.2 ssDNA-binding transcriptional regulator [Arabidopsis thaliana]
NP_180171.1,0.79192364,PR_proteins,82.51083867488124,NP_180171.1 plant defensin 1.3 [Arabidopsis thaliana]
NP_850532.1,0.7914506,NBS_LRR,84.52092019831144,NP_850532.1 autophagocytosis-associated family protein [Arabidopsis thaliana]
NP_172948.1,0.7911989,NBS_LRR,84.49187877279233,NP_172948.1 Polyketide cyclase/dehydrase and lipid transport superfamily protein [Arabidopsis thaliana]
NP_195270.1,0.7908481,antimicrobial,82.1270769805215,NP_195270.1 ankyrin repeat-containing protein 2 [Arabidopsis thaliana]
NP_849497.1,0.7908481,antimicrobial,82.1270769805215,NP_849497.1 ankyrin repeat-containing protein 2 [Arabidopsis thaliana]
NP_849498.1,0.7908481,antimicrobial,82.1270769805215,NP_849498.1 ankyrin repeat-containing protein 2 [Arabidopsis thaliana]
NP_001154351.1,0.78869766,antimicrobial,79.5237206214865,NP_001154351.1 isochorismate synthase 2 [Arabidopsis thaliana]
NP_850533.1,0.7880356,NBS_LRR,84.37986184579003,NP_850533.1 autophagocytosis-associated family protein [Arabidopsis thaliana]
NP_196806.2,0.7856029,cell_death_HR,80.40740971228246,NP_196806.2 Emsy N Terminus (ENT)/ plant Tudor-like domains-containing protein [Arabidopsis thaliana]
NP_187733.1,0.7824848,defense_signaling,91.63814383803182,NP_187733.1 arginine-tRNA protein transferase 2 [Arabidopsis thaliana]
NP_175296.1,0.78239894,antimicrobial,79.20219055323916,NP_175296.1 receptor for activated C kinase 1B [Arabidopsis thaliana]
NP_001154662.2,0.7805951,defense_signaling,91.53442446117784,NP_001154662.2 dicer-like 3 [Arabidopsis thaliana]
NP_849697.1,0.7796092,cell_death_HR,80.10040035679465,NP_849697.1 lysm domain GPI-anchored protein 1 precursor [Arabidopsis thaliana]
NP_001078585.1,0.7783184,NBS_LRR,83.99195137635613,NP_001078585.1 senescence-associated gene 101 [Arabidopsis thaliana]
NP_850554.1,0.7775902,defense_signaling,91.34150642022942,NP_850554.1 NAC domain containing protein 52 [Arabidopsis thaliana]
NP_196291.1,0.7773038,PR_proteins,81.66448855975274,NP_196291.1 Peroxidase superfamily protein [Arabidopsis thaliana]
NP_001320706.1,0.77705276,cell_death_HR,79.92511460991142,NP_001320706.1 ERD (early-responsive to dehydration stress) family protein [Arabidopsis thaliana]
NP_172660.5,0.77705276,cell_death_HR,79.92511460991142,NP_172660.5 ERD (early-responsive to dehydration stress) family protein [Arabidopsis thaliana]
NP_200093.1,0.7766854,antimicrobial,78.92837139834464,NP_200093.1 NAD(P)-binding Rossmann-fold superfamily protein [Arabidopsis thaliana]
NP_191115.1,0.7766654,cell_death_HR,79.8825896654013,NP_191115.1 AT-hook protein of GA feedback 2 [Arabidopsis thaliana]
NP_565735.1,0.77561545,cell_death_HR,79.82243242682598,"NP_565735.1 Polynucleotidyl transferase, ribonuclease H-like superfamily protein [Arabidopsis thaliana]"
NP_565898.1,0.7755528,antimicrobial,78.8723629348435,NP_565898.1 Acyl-CoA N-acyltransferases (NAT) superfamily protein [Arabidopsis thaliana]
NP_565730.1,0.77415943,defense_signaling,91.07183604040908,NP_565730.1 Poly (ADP-ribose) glycohydrolase (PARG) [Arabidopsis thaliana]
NP_001185129.1,0.77393544,defense_signaling,91.06146410272366,NP_001185129.1 SUPPRESSOR OF AUXIN RESISTANCE1 [Arabidopsis thaliana]
NP_567063.1,0.77317864,NBS_LRR,83.75443400336052,NP_567063.1 RESTRICTED TEV MOVEMENT 3 [Arabidopsis thaliana]
NP_001319792.1,0.77317864,NBS_LRR,83.75443400336052,NP_001319792.1 RESTRICTED TEV MOVEMENT 3 [Arabidopsis thaliana]
NP_850175.1,0.7715504,defense_signaling,90.8830667745348,NP_850175.1 poly(ADP-ribose) glycohydrolase 2 [Arabidopsis thaliana]
NP_001185313.1,0.7711545,defense_signaling,90.86647167423818,NP_001185313.1 ILITYHIA [Arabidopsis thaliana]
NP_171791.1,0.77034426,antimicrobial,78.60684133009728,NP_171791.1 glutathione S-transferase 7 [Arabidopsis thaliana]
NP_973456.1,0.7693303,NBS_LRR,83.59159458169975,NP_973456.1 LURP-one-like protein (DUF567) [Arabidopsis thaliana]
NP_190571.1,0.76930827,PR_proteins,81.22056962681768,"NP_190571.1 Serine protease inhibitor, potato inhibitor I-type family protein [Arabidopsis thaliana]"
NP_199172.1,0.76837,antimicrobial,78.48030369033543,NP_199172.1 Acyl transferase/acyl hydrolase/lysophospholipase superfamily protein [Arabidopsis thaliana]
NP_563660.1,0.7681685,defense_signaling,90.61547078225152,NP_563660.1 alpha/beta-Hydrolases superfamily protein [Arabidopsis thaliana]
NP_188158.4,0.76744133,defense_signaling,90.57190864397286,NP_188158.4 silencing defective 5 [Arabidopsis thaliana]
NP_198593.1,0.76687,NBS_LRR,83.47231729831766,NP_198593.1 EF hand calcium-binding protein family [Arabidopsis thaliana]
NP_001318691.1,0.76687,NBS_LRR,83.47231729831766,NP_001318691.1 EF hand calcium-binding protein family [Arabidopsis thaliana]
NP_179232.1,0.76468104,NBS_LRR,83.3613375650839,NP_179232.1 SNF2 domain-containing protein / helicase domain-containing protein [Arabidopsis thaliana]
NP_001329993.1,0.76407534,cell_death_HR,79.16900035264588,NP_001329993.1 Calcium-dependent lipid-binding (CaLB domain) family protein [Arabidopsis thaliana]
NP_192985.1,0.7630116,cell_death_HR,79.11299188914474,NP_192985.1 Bifunctional inhibitor/lipid-transfer protein/seed storage 2S albumin superfamily protein [Arabidopsis thaliana]
NP_199836.1,0.7629503,RLK_defense,88.2423714398324,NP_199836.1 chloroplast RNA-binding protein 31B [Arabidopsis thaliana]
NP_199389.1,0.7620373,RLK_defense,88.18221420125708,NP_199389.1 receptor like protein 55 [Arabidopsis thaliana]
NP_176659.6,0.7619663,defense_signaling,90.1611799116311,NP_176659.6 ILITYHIA [Arabidopsis thaliana]
NP_172627.2,0.7618283,NBS_LRR,83.22650237517372,"NP_172627.2 cytochrome P450, family 71, subfamily A, polypeptide 18 [Arabidopsis thaliana]"
NP_568307.3,0.7608716,defense_signaling,90.08442757275914,NP_568307.3 senescence-associated gene 101 [Arabidopsis thaliana]
NP_567066.1,0.7606442,cell_death_HR,78.96985914908623,NP_567066.1 protein phosphatase 2A-4 [Arabidopsis thaliana]
NP_001318968.1,0.7604659,cell_death_HR,78.95015246748397,NP_001318968.1 NF-X-like 1 [Arabidopsis thaliana]
NP_172488.1,0.7604659,cell_death_HR,78.95015246748397,NP_172488.1 NF-X-like 1 [Arabidopsis thaliana]
NP_973578.1,0.75601166,defense_signaling,89.79401331756799,NP_973578.1 poly(ADP-ribose) glycohydrolase 2 [Arabidopsis thaliana]
NP_199488.1,0.7546764,RLK_defense,88.57012467069097,NP_199488.1 Basic helix-loop-helix (bHLH) DNA-binding family protein [Arabidopsis thaliana]
NP_567882.1,0.7527039,defense_signaling,89.55960752587798,NP_567882.1 WRKY DNA-binding protein 18 [Arabidopsis thaliana]
NP_200897.1,0.75169915,defense_signaling,89.45381376148693,NP_200897.1 myb domain protein 34 [Arabidopsis thaliana]
NP_180635.3,0.75091445,NBS_LRR,82.75146762918249,NP_180635.3 cytochrome P450 family 71 polypeptide [Arabidopsis thaliana]
NP_683292.1,0.7490721,NBS_LRR,82.68508722799594,NP_683292.1 Toll-Interleukin-Resistance (TIR) domain family protein [Arabidopsis thaliana]
NP_181972.2,0.7481027,defense_signaling,89.21525919472276,NP_181972.2 Emsy N Terminus (ENT) domain-containing protein [Arabidopsis thaliana]
NP_171792.1,0.74637645,antimicrobial,77.38295268322027,NP_171792.1 glutathione S-transferase 6 [Arabidopsis thaliana]
NP_001184893.1,0.74637485,antimicrobial,77.3808782956832,NP_001184893.1 glutathione S-transferase 6 [Arabidopsis thaliana]
NP_175806.3,0.7462616,antimicrobial,78.97193353662331,NP_175806.3 epithiospecifier protein [Arabidopsis thaliana]
NP_001325298.1,0.74363244,defense_signaling,88.90410106416081,NP_001325298.1 WRKY DNA-binding protein 60 [Arabidopsis thaliana]
NP_001325297.1,0.7436308,defense_signaling,88.90202667662372,NP_001325297.1 WRKY DNA-binding protein 60 [Arabidopsis thaliana]
NP_850963.1,0.74328905,PR_proteins,79.81828365175183,NP_850963.1 epithiospecifier protein [Arabidopsis thaliana]
NP_175899.1,0.7430858,PR_proteins,79.80168855145519,NP_175899.1 plant defensin 1.5 [Arabidopsis thaliana]
NP_850568.1,0.74231106,cell_death_HR,83.8820088368909,NP_850568.1 Emsy N Terminus (ENT)/ plant Tudor-like domains-containing protein [Arabidopsis thaliana]
NP_187821.1,0.7423095,cell_death_HR,83.87993444935383,NP_187821.1 Emsy N Terminus (ENT)/ plant Tudor-like domains-containing protein [Arabidopsis thaliana]
NP_001320978.1,0.74210954,NBS_LRR,82.75769079179372,NP_001320978.1 Mannose-binding lectin superfamily protein [Arabidopsis thaliana]
NP_001031753.1,0.7417417,RLK_defense,87.08901196921609,NP_001031753.1 low-molecular-weight cysteine-rich 61 [Arabidopsis thaliana]
NP_849739.1,0.7416878,NBS_LRR,82.33140415292385,NP_849739.1 WWE protein-protein interaction domain protein family [Arabidopsis thaliana]
NP_001320332.1,0.7416878,NBS_LRR,82.33140415292385,NP_001320332.1 WWE protein-protein interaction domain protein family [Arabidopsis thaliana]
NP_001320331.1,0.7416878,NBS_LRR,82.33140415292385,NP_001320331.1 WWE protein-protein interaction domain protein family [Arabidopsis thaliana]
NP_001320330.1,0.7416878,NBS_LRR,82.33140415292385,NP_001320330.1 WWE protein-protein interaction domain protein family [Arabidopsis thaliana]
NP_193065.1,0.74150467,NBS_LRR,82.32414379654406,"NP_193065.1 cytochrome P450, family 71, subfamily A, polypeptide 19 [Arabidopsis thaliana]"
NP_566599.1,0.74034834,defense_signaling,88.6800672101562,"NP_566599.1 modifier of snc1,4 [Arabidopsis thaliana]"
NP_564391.1,0.74008566,NBS_LRR,82.29510237102495,NP_564391.1 WWE protein-protein interaction domain protein family [Arabidopsis thaliana]
NP_193522.1,0.7394852,RLK_defense,87.85653535793557,NP_193522.1 Basic helix-loop-helix (bHLH) DNA-binding family protein [Arabidopsis thaliana]
NP_001319960.1,0.73873734,PR_proteins,79.55068765946855,NP_001319960.1 Cystatin/monellin superfamily protein [Arabidopsis thaliana]
NP_001329293.1,0.7387357,PR_proteins,79.54861327193147,NP_001329293.1 Cystatin/monellin superfamily protein [Arabidopsis thaliana]
NP_001325299.1,0.7349931,defense_signaling,88.2817848030369,NP_001325299.1 WRKY DNA-binding protein 60 [Arabidopsis thaliana]
NP_175615.1,0.73485845,cell_death_HR,77.59972618084511,NP_175615.1 myrosinase-binding protein 2 [Arabidopsis thaliana]
NP_849794.1,0.73485845,cell_death_HR,77.59972618084511,NP_849794.1 myrosinase-binding protein 2 [Arabidopsis thaliana]
NP_196657.1,0.7347309,cell_death_HR,77.58209388677993,"NP_196657.1 Polynucleotidyl transferase, ribonuclease H-like superfamily protein [Arabidopsis thaliana]"
NP_187630.1,0.7341857,NBS_LRR,84.44624224697658,NP_187630.1 Calcium-binding EF-hand family protein [Arabidopsis thaliana]
NP_182100.2,0.7304126,NBS_LRR,85.43987387723774,NP_182100.2 BON association protein 2 [Arabidopsis thaliana]
NP_001031979.1,0.72976047,PR_proteins,79.00304934967951,NP_001031979.1 low-molecular-weight cysteine-rich 58 [Arabidopsis thaliana]
NP_850479.1,0.7291399,cell_death_HR,78.33302217520277,NP_850479.1 glutathione S-transferase phi 8 [Arabidopsis thaliana]
NP_001323480.1,0.7291384,cell_death_HR,78.33094778766569,NP_001323480.1 glutathione S-transferase phi 8 [Arabidopsis thaliana]
NP_564680.4,0.72872937,defense_signaling,87.94158524695584,NP_564680.4 histone mono-ubiquitination 2 [Arabidopsis thaliana]
NP_001321340.1,0.72857755,PR_proteins,78.93459456095587,NP_001321340.1 plant defensin 1.5 [Arabidopsis thaliana]
NP_179064.1,0.7277495,PR_proteins,78.89518119775136,NP_179064.1 basic pathogenesis-related protein 1 [Arabidopsis thaliana]
NP_001190336.1,0.7272798,defense_signaling,87.85031219532434,NP_001190336.1 Telomerase activating protein Est1 [Arabidopsis thaliana]
NP_001190337.1,0.7272798,defense_signaling,87.85031219532434,NP_001190337.1 Telomerase activating protein Est1 [Arabidopsis thaliana]
NP_197441.3,0.7272798,defense_signaling,87.85031219532434,NP_197441.3 Telomerase activating protein Est1 [Arabidopsis thaliana]
NP_974086.1,0.72691256,NBS_LRR,82.08247764847428,NP_974086.1 Late embryogenesis abundant (LEA) hydroxyproline-rich glycoprotein family [Arabidopsis thaliana]
NP_197877.1,0.72674745,NBS_LRR,81.73709212355053,"NP_197877.1 cytochrome P450, family 71, subfamily A, polypeptide 15 [Arabidopsis thaliana]"
NP_197609.1,0.7266235,cell_death_HR,78.46370859003879,NP_197609.1 Plant L-ascorbate oxidase [Arabidopsis thaliana]
NP_567163.1,0.726398,defense_signaling,87.79430373182318,NP_567163.1 DNA-binding storekeeper protein-related transcriptional regulator [Arabidopsis thaliana]
NP_568760.1,0.7261125,defense_signaling,87.76733669384114,NP_568760.1 RPM1 interacting protein 3 [Arabidopsis thaliana]
NP_189533.1,0.7248411,defense_signaling,87.65739415437592,NP_189533.1 myb domain protein 30 [Arabidopsis thaliana]
NP_198706.1,0.724605,cell_death_HR,76.98155869479535,NP_198706.1 Thioredoxin superfamily protein [Arabidopsis thaliana]
NP_201531.1,0.721658,defense_signaling,87.46343891965897,NP_201531.1 myb domain protein r1 [Arabidopsis thaliana]
NP_180633.3,0.7214867,NBS_LRR,81.47157051880433,NP_180633.3 cytochrome P450 family 71 polypeptide [Arabidopsis thaliana]
NP_178199.1,0.7195301,defense_signaling,87.31719459829486,NP_178199.1 WRKY DNA-binding protein 40 [Arabidopsis thaliana]
NP_001190515.1,0.7185474,defense_signaling,87.25496297218245,NP_001190515.1 RPM1 interacting protein 3 [Arabidopsis thaliana]
NP_176302.2,0.7184961,PR_proteins,78.37243553840729,NP_176302.2 low-molecular-weight cysteine-rich 66 [Arabidopsis thaliana]
NP_849552.1,0.7183124,defense_signaling,87.24355384072852,NP_849552.1 RPM1 interacting protein 2 [Arabidopsis thaliana]
NP_194253.2,0.7183124,defense_signaling,87.24355384072852,NP_194253.2 RPM1 interacting protein 2 [Arabidopsis thaliana]
NP_001328533.1,0.7183108,defense_signaling,87.2404422594229,NP_001328533.1 RPM1 interacting protein 2 [Arabidopsis thaliana]
NP_196791.1,0.7180284,defense_signaling,87.22592154666334,NP_196791.1 myb domain protein 46 [Arabidopsis thaliana]
NP_567123.1,0.71787965,PR_proteins,82.62078121434647,"NP_567123.1 serine protease inhibitor, Kazal-type family protein [Arabidopsis thaliana]"
NP_189404.2,0.717612,defense_signaling,87.19480573360715,NP_189404.2 ARM repeat superfamily protein [Arabidopsis thaliana]
NP_567141.1,0.71687835,PR_proteins,78.27701371170161,"NP_567141.1 ribosome recycling factor, chloroplast precursor [Arabidopsis thaliana]"
NP_178322.1,0.7156571,PR_proteins,78.19196382268136,NP_178322.1 low-molecular-weight cysteine-rich 72 [Arabidopsis thaliana]
NP_198152.1,0.7137329,NBS_LRR,81.10855269981539,NP_198152.1 Polyketide cyclase/dehydrase and lipid transport superfamily protein [Arabidopsis thaliana]
NP_564955.1,0.7129067,defense_signaling,86.83593668969237,NP_564955.1 Protein kinase superfamily protein [Arabidopsis thaliana]
NP_001031460.1,0.7126147,NBS_LRR,83.25554380069285,NP_001031460.1 low-molecular-weight cysteine-rich 76 [Arabidopsis thaliana]
NP_180072.1,0.7124414,defense_signaling,86.78407700126539,NP_180072.1 WRKY DNA-binding protein 60 [Arabidopsis thaliana]
NP_201309.1,0.7106842,defense_signaling,86.63679548613273,NP_201309.1 senescence-associated family protein (DUF581) [Arabidopsis thaliana]
NP_849865.1,0.709834,defense_signaling,86.566266309872,NP_849865.1 Protein kinase superfamily protein [Arabidopsis thaliana]
NP_001031441.1,0.7087356,RLK_defense,85.18679859771402,NP_001031441.1 low-molecular-weight cysteine-rich 62 [Arabidopsis thaliana]
NP_193325.1,0.7083323,defense_signaling,86.44180305764722,NP_193325.1 pleiotropic regulatory locus 1 [Arabidopsis thaliana]
NP_001318330.1,0.7079493,RLK_defense,85.14738523450951,NP_001318330.1 low-molecular-weight cysteine-rich 75 [Arabidopsis thaliana]
NP_179571.1,0.70659876,defense_signaling,86.31111664281121,NP_179571.1 CCCH-type zinc finger family protein [Arabidopsis thaliana]
NP_566225.4,0.7042674,defense_signaling,86.13271931462235,NP_566225.4 Calcium-dependent lipid-binding (CaLB domain) family protein [Arabidopsis thaliana]
NP_001077494.1,0.70099723,PR_proteins,77.35702283900679,NP_001077494.1 copper/zinc superoxide dismutase 1 [Arabidopsis thaliana]
NP_172360.1,0.70099556,PR_proteins,77.35391125770117,NP_172360.1 copper/zinc superoxide dismutase 1 [Arabidopsis thaliana]
NP_198988.1,0.698616,NBS_LRR,80.38562864314312,NP_198988.1 Protein kinase family protein [Arabidopsis thaliana]
NP_001330018.1,0.698616,NBS_LRR,80.38562864314312,NP_001330018.1 Protein kinase family protein [Arabidopsis thaliana]
NP_182022.2,0.6976629,defense_signaling,85.67220528139067,NP_182022.2 histone mono-ubiquitination 1 [Arabidopsis thaliana]
NP_565585.1,0.69605994,cell_death_HR,75.41435891053166,NP_565585.1 stromal cell-derived factor 2-like protein precursor [Arabidopsis thaliana]
NP_568414.1,0.69457126,defense_signaling,85.46061775260854,NP_568414.1 NAC domain containing protein 89 [Arabidopsis thaliana]
NP_567341.1,0.69451445,defense_signaling,85.44817142738607,NP_567341.1 cryptochrome 1 [Arabidopsis thaliana]
NP_181730.1,0.6941911,defense_signaling,85.43157632708943,NP_181730.1 late embryogenesis abundant protein [Arabidopsis thaliana]
NP_001320110.1,0.6940239,defense_signaling,85.4253531644782,NP_001320110.1 WRKY DNA-binding protein 18 [Arabidopsis thaliana]
NP_564153.1,0.69353884,cell_death_HR,84.1890181923787,NP_564153.1 lysm domain GPI-anchored protein 1 precursor [Arabidopsis thaliana]
NP_187515.1,0.6933062,antimicrobial,84.80511129089136,NP_187515.1 BTB/POZ domain-containing protein [Arabidopsis thaliana]
NP_001031377.1,0.69134635,RLK_defense,84.09152197813596,NP_001031377.1 low-molecular-weight cysteine-rich 60 [Arabidopsis thaliana]
NP_177631.1,0.69067514,defense_signaling,85.16190594726906,NP_177631.1 Integrase-type DNA-binding superfamily protein [Arabidopsis thaliana]
NP_001324651.1,0.6899716,defense_signaling,85.11004625884208,NP_001324651.1 Calcium-dependent lipid-binding (CaLB domain) family protein [Arabidopsis thaliana]
NP_849612.1,0.68977374,RLK_defense,84.00647208911569,NP_849612.1 Late embryogenesis abundant (LEA) hydroxyproline-rich glycoprotein family [Arabidopsis thaliana]
NP_198094.1,0.6885993,defense_signaling,85.03744269504429,NP_198094.1 carbon/nitrogen insensitive 1 [Arabidopsis thaliana]
NP_565038.1,0.6874194,defense_signaling,84.9357977057274,NP_565038.1 thionin 2.1 [Arabidopsis thaliana]
NP_181532.2,0.6865172,defense_signaling,84.86630572323521,NP_181532.2 nuclear RNA polymerase D1B [Arabidopsis thaliana]
NP_001318177.1,0.6828198,defense_signaling,84.5613707552845,NP_001318177.1 plant UBX domain-containing protein 2 [Arabidopsis thaliana]
NP_565271.1,0.6828198,defense_signaling,84.5613707552845,NP_565271.1 plant UBX domain-containing protein 2 [Arabidopsis thaliana]
NP_567660.1,0.68241405,antimicrobial,74.22677204555355,NP_567660.1 Alkaline phytoceramidase (aPHC) [Arabidopsis thaliana]
NP_683533.1,0.68222606,RLK_defense,83.46505694193789,NP_683533.1 Late embryogenesis abundant (LEA) hydroxyproline-rich glycoprotein family [Arabidopsis thaliana]
NP_565534.1,0.6812077,defense_signaling,84.40994046507768,NP_565534.1 mediator of RNA polymerase II transcription subunit [Arabidopsis thaliana]
NP_001031485.1,0.6795578,defense_signaling,84.27614246893604,NP_001031485.1 transcription activator [Arabidopsis thaliana]
NP_567147.1,0.67922336,defense_signaling,84.24710104341693,NP_567147.1 Ggamma-subunit 1 [Arabidopsis thaliana]
NP_850741.1,0.6792202,defense_signaling,84.24502665587985,NP_850741.1 Ggamma-subunit 1 [Arabidopsis thaliana]
NP_001117207.1,0.6790322,RLK_defense,83.26384135084116,NP_001117207.1 late embryogenesis abundant hydroxyproline-rich glycoprotein family protein [Arabidopsis thaliana]
NP_175547.1,0.67876285,antimicrobial,78.51556827846579,NP_175547.1 dimeric A/B barrel domainS-protein 1 [Arabidopsis thaliana]
NP_174116.1,0.6785718,PR_proteins,76.12172506067584,NP_174116.1 glycosylphosphatidylinositol-anchored lipid protein transfer 1 [Arabidopsis thaliana]
NP_567018.5,0.6781318,defense_signaling,84.14960482917418,NP_567018.5 mitogen-activated protein kinase phosphatase 1 [Arabidopsis thaliana]
NP_198588.2,0.6777529,cell_death_HR,74.31700790341652,NP_198588.2 ALWAYS EARLY 4 [Arabidopsis thaliana]
NP_192387.2,0.67659354,antimicrobial,73.9311718215197,NP_192387.2 mediator 21 [Arabidopsis thaliana]
NP_001031003.1,0.6763159,PR_proteins,81.24131350218849,NP_001031003.1 SCR-like 3 [Arabidopsis thaliana]
NP_565919.1,0.6762669,NBS_LRR,79.45111705768872,NP_565919.1 RNI-like superfamily protein [Arabidopsis thaliana]
NP_177548.1,0.6762074,defense_signaling,83.97328188852241,NP_177548.1 myb domain protein 122 [Arabidopsis thaliana]
NP_566375.1,0.6757601,NBS_LRR,79.4220756321696,NP_566375.1 NAC domain containing protein 52 [Arabidopsis thaliana]
NP_568545.1,0.67572635,defense_signaling,83.92764536270666,NP_568545.1 HIT-type Zinc finger family protein [Arabidopsis thaliana]
NP_193067.3,0.6736888,NBS_LRR,79.31213309270439,"NP_193067.3 cytochrome P450, family 71, subfamily A, polypeptide 20 [Arabidopsis thaliana]"
NP_973566.1,0.6735338,defense_signaling,83.7492480345178,NP_973566.1 Late embryogenesis abundant (LEA) hydroxyproline-rich glycoprotein family [Arabidopsis thaliana]
NP_196130.1,0.67297935,NBS_LRR,80.56921194017467,NP_196130.1 Cystatin/monellin family protein [Arabidopsis thaliana]
NP_001030677.1,0.67250216,defense_signaling,83.66834692057171,NP_001030677.1 Emsy N Terminus (ENT)/ plant Tudor-like domains-containing protein [Arabidopsis thaliana]
NP_197878.1,0.67230415,NBS_LRR,79.2581990167403,"NP_197878.1 cytochrome P450, family 71, subfamily A, polypeptide 14 [Arabidopsis thaliana]"
NP_196386.1,0.6713286,defense_signaling,83.56877631879188,NP_196386.1 myb domain protein 29 [Arabidopsis thaliana]
NP_001030952.1,0.67084116,PR_proteins,75.66328541498123,NP_001030952.1 low-molecular-weight cysteine-rich 73 [Arabidopsis thaliana]
NP_567131.1,0.6704928,NBS_LRR,83.4131972535109,NP_567131.1 alpha/beta-Hydrolases superfamily protein [Arabidopsis thaliana]
NP_568613.1,0.67031527,antimicrobial,76.11965067313876,NP_568613.1 inositol-pentakisphosphate 2-kinase 1 [Arabidopsis thaliana]
NP_974317.1,0.66909665,cell_death_HR,73.77870433754434,NP_974317.1 RNA-binding (RRM/RBD/RNP motifs) family protein [Arabidopsis thaliana]
NP_188119.1,0.66909665,cell_death_HR,73.77870433754434,NP_188119.1 RNA-binding (RRM/RBD/RNP motifs) family protein [Arabidopsis thaliana]
NP_181056.2,0.66810447,defense_signaling,83.33851930217602,NP_181056.2 transcription activator [Arabidopsis thaliana]
NP_173506.1,0.667688,defense_signaling,83.30947787665691,NP_173506.1 RING/U-box superfamily protein [Arabidopsis thaliana]
NP_191356.1,0.6676407,defense_signaling,83.30740348911984,NP_191356.1 Emsy N Terminus (ENT)/ plant Tudor-like domains-containing protein [Arabidopsis thaliana]
NP_001077562.1,0.666516,defense_signaling,83.25346941315577,NP_001077562.1 Brassinosteroid signaling positive regulator (BZR1) family protein [Arabidopsis thaliana]
NP_973865.1,0.666516,defense_signaling,83.25346941315577,NP_973865.1 Brassinosteroid signaling positive regulator (BZR1) family protein [Arabidopsis thaliana]
NP_973864.1,0.666516,defense_signaling,83.25346941315577,NP_973864.1 Brassinosteroid signaling positive regulator (BZR1) family protein [Arabidopsis thaliana]
NP_564081.1,0.6665097,defense_signaling,83.2493206380816,NP_564081.1 Brassinosteroid signaling positive regulator (BZR1) family protein [Arabidopsis thaliana]
NP_001328008.1,0.6658814,RLK_defense,82.39156139149915,NP_001328008.1 31-kDa RNA binding protein [Arabidopsis thaliana]
NP_194208.1,0.6658814,RLK_defense,82.39156139149915,NP_194208.1 31-kDa RNA binding protein [Arabidopsis thaliana]
NP_850213.1,0.6654103,defense_signaling,83.1476756487647,NP_850213.1 Homeodomain-like superfamily protein [Arabidopsis thaliana]
NP_197771.1,0.66534877,defense_signaling,83.14145248615347,NP_197771.1 MD-2-related lipid recognition domain-containing protein [Arabidopsis thaliana]
NP_172949.1,0.6651814,NBS_LRR,78.911776298048,NP_172949.1 Polyketide cyclase/dehydrase and lipid transport superfamily protein [Arabidopsis thaliana]
NP_563622.1,0.6650548,antimicrobial,74.6966208227021,NP_563622.1 ORMDL family protein [Arabidopsis thaliana]
NP_568807.1,0.6640995,defense_signaling,83.03150994668825,NP_568807.1 ARF-GAP domain 5 [Arabidopsis thaliana]
NP_566933.1,0.66137886,NBS_LRR,78.72923019478499,NP_566933.1 homolog of RPW8 4 [Arabidopsis thaliana]
NP_194878.1,0.66073966,NBS_LRR,78.69500280042317,"NP_194878.1 cytochrome P450, family 83, subfamily B, polypeptide 1 [Arabidopsis thaliana]"
NP_187301.1,0.6607018,defense_signaling,82.75354201671956,NP_187301.1 myb domain protein 108 [Arabidopsis thaliana]
NP_001030736.1,0.6593402,PR_proteins,81.43215715559981,NP_001030736.1 low-molecular-weight cysteine-rich 56 [Arabidopsis thaliana]
NP_172088.2,0.65907395,defense_signaling,82.6062605015869,NP_172088.2 RNA-binding (RRM/RBD/RNP motifs) family protein [Arabidopsis thaliana]
NP_567652.1,0.65860826,RLK_defense,81.90096873897981,NP_567652.1 low-molecular-weight cysteine-rich 85 [Arabidopsis thaliana]
NP_849904.1,0.65830106,defense_signaling,82.53365693778912,NP_849904.1 topoisomerase II-associated protein [Arabidopsis thaliana]
NP_001320315.1,0.65830106,defense_signaling,82.53365693778912,NP_001320315.1 topoisomerase II-associated protein [Arabidopsis thaliana]
NP_565199.1,0.65830106,defense_signaling,82.53365693778912,NP_565199.1 topoisomerase II-associated protein [Arabidopsis thaliana]
NP_001331804.1,0.65820956,defense_signaling,82.52743377517788,NP_001331804.1 Seven transmembrane MLO family protein [Arabidopsis thaliana]
NP_001031604.1,0.6555411,RLK_defense,81.70597631049432,NP_001031604.1 low-molecular-weight cysteine-rich 36 [Arabidopsis thaliana]
NP_181186.1,0.6544018,defense_signaling,82.18723421909682,NP_181186.1 Integrase-type DNA-binding superfamily protein [Arabidopsis thaliana]
NP_172947.1,0.6535957,NBS_LRR,78.36206360072188,NP_172947.1 Polyketide cyclase/dehydrase and lipid transport superfamily protein [Arabidopsis thaliana]
NP_565265.1,0.6534044,antimicrobial,76.71499989628062,NP_565265.1 MLP-like protein 329 [Arabidopsis thaliana]
NP_001325615.1,0.6517959,defense_signaling,81.96527475262928,NP_001325615.1 Ggamma-subunit 1 [Arabidopsis thaliana]
NP_192161.1,0.6513893,antimicrobial,72.66164664882695,NP_192161.1 glutathione S-transferase PHI 2 [Arabidopsis thaliana]
NP_973394.1,0.65092814,PR_proteins,74.50370278175369,NP_973394.1 plasmodesmata-located protein 6 [Arabidopsis thaliana]
NP_001117208.1,0.6494685,RLK_defense,81.32636339120874,NP_001117208.1 late embryogenesis abundant hydroxyproline-rich glycoprotein family protein [Arabidopsis thaliana]
NP_192984.1,0.6490418,cell_death_HR,72.7259526624764,NP_192984.1 azelaic acid induced 1 [Arabidopsis thaliana]
NP_566249.1,0.6481711,defense_signaling,81.71116227933702,NP_566249.1 RING/U-box superfamily protein [Arabidopsis thaliana]
NP_001030978.1,0.6469597,defense_signaling,81.59810815856619,NP_001030978.1 RNA-binding (RRM/RBD/RNP motifs) family protein [Arabidopsis thaliana]
NP_001030786.1,0.64545584,RLK_defense,81.10025514966705,NP_001030786.1 Gamma-thionin family protein [Arabidopsis thaliana]
NP_187401.1,0.6448353,PR_proteins,74.1655776132097,NP_187401.1 Bifunctional inhibitor/lipid-transfer protein/seed storage 2S albumin superfamily protein [Arabidopsis thaliana]
NP_182274.1,0.6440463,defense_signaling,81.36370236687618,NP_182274.1 Integrase-type DNA-binding superfamily protein [Arabidopsis thaliana]
NP_190024.1,0.64396125,RLK_defense,80.98616383512768,NP_190024.1 Late embryogenesis abundant (LEA) hydroxyproline-rich glycoprotein family [Arabidopsis thaliana]
NP_201053.2,0.6434185,defense_signaling,81.29524757815255,NP_201053.2 myb domain protein 96 [Arabidopsis thaliana]
NP_001031996.1,0.6425744,PR_proteins,74.01829609807704,NP_001031996.1 low-molecular-weight cysteine-rich 57 [Arabidopsis thaliana]
NP_001318226.1,0.641495,NBS_LRR,77.74804488974631,NP_001318226.1 Leucine-rich repeat (LRR) family protein [Arabidopsis thaliana]
NP_564486.1,0.6403505,defense_signaling,81.03594913601759,NP_564486.1 VIRE2-interacting protein 1 [Arabidopsis thaliana]
NP_001031742.1,0.63936216,RLK_defense,80.63974111643537,NP_001031742.1 Defensin-like (DEFL) family protein [Arabidopsis thaliana]
NP_001031324.1,0.6388441,defense_signaling,80.9218578214782,NP_001031324.1 SCR-like 9 [Arabidopsis thaliana]
NP_974556.1,0.63734245,defense_signaling,80.76627875619722,NP_974556.1 SCR-like 10 [Arabidopsis thaliana]
NP_190988.1,0.6368652,RLK_defense,80.49660837637688,NP_190988.1 Late embryogenesis abundant (LEA) hydroxyproline-rich glycoprotein family [Arabidopsis thaliana]
NP_198507.1,0.6367225,defense_signaling,80.71441906777024,NP_198507.1 thionin 2.2 [Arabidopsis thaliana]
NP_188713.1,0.6360569,defense_signaling,80.6584106042691,NP_188713.1 Ethylene insensitive 3 family protein [Arabidopsis thaliana]
NP_001031976.1,0.63530564,RLK_defense,80.40740971228246,NP_001031976.1 Defensin-like (DEFL) family protein [Arabidopsis thaliana]
NP_001318625.1,0.6343114,RLK_defense,80.33688053602174,NP_001318625.1 Defensin-like (DEFL) family protein [Arabidopsis thaliana]
NP_173920.1,0.63205427,antimicrobial,71.65141991826913,NP_173920.1 ARM repeat superfamily protein [Arabidopsis thaliana]
NP_001031754.1,0.6282453,RLK_defense,79.9033335407721,NP_001031754.1 low-molecular-weight cysteine-rich 63 [Arabidopsis thaliana]
NP_194112.1,0.6273844,defense_signaling,79.91163109092041,NP_194112.1 WRKY family transcription factor [Arabidopsis thaliana]
NP_851248.1,0.6266273,defense_signaling,79.85769701495633,NP_851248.1 myb domain protein 96 [Arabidopsis thaliana]
NP_175616.1,0.6265857,NBS_LRR,76.93488497521108,NP_175616.1 myrosinase-binding protein 1 [Arabidopsis thaliana]
NP_196290.1,0.62651676,PR_proteins,73.04540834318668,NP_196290.1 peroxidase 2 [Arabidopsis thaliana]
NP_175856.1,0.6260781,RLK_defense,79.72701060012032,NP_175856.1 Late embryogenesis abundant (LEA) hydroxyproline-rich glycoprotein family [Arabidopsis thaliana]
NP_176012.1,0.6258891,defense_signaling,79.78301906362147,NP_176012.1 myb domain protein 72 [Arabidopsis thaliana]
NP_189276.1,0.6251504,NBS_LRR,76.85813263633912,NP_189276.1 Polyketide cyclase/dehydrase and lipid transport superfamily protein [Arabidopsis thaliana]
NP_001030632.1,0.6243258,PR_proteins,72.89190366544278,NP_001030632.1 Cysteine-rich protein [Arabidopsis thaliana]
NP_200950.1,0.62414134,defense_signaling,79.64403509863712,NP_200950.1 myb domain protein 28 [Arabidopsis thaliana]
NP_188550.3,0.62373126,defense_signaling,79.60462173543262,NP_188550.3 autophagy 2 [Arabidopsis thaliana]
NP_001327751.1,0.62373126,defense_signaling,79.60462173543262,NP_001327751.1 autophagy 2 [Arabidopsis thaliana]
NP_001327752.1,0.62373126,defense_signaling,79.60462173543262,NP_001327752.1 autophagy 2 [Arabidopsis thaliana]
NP_173292.1,0.6230577,defense_signaling,79.54031572178314,NP_173292.1 myb domain protein 51 [Arabidopsis thaliana]
NP_001327086.1,0.6203137,cell_death_HR,70.94820254319913,NP_001327086.1 ADP-ribosylation factor-like A1C [Arabidopsis thaliana]
NP_174617.1,0.61981934,defense_signaling,79.2291575912212,NP_174617.1 D111/G-patch domain-containing protein [Arabidopsis thaliana]
NP_177373.1,0.6179375,RLK_defense,79.11506627668182,NP_177373.1 Kunitz family trypsin and protease inhibitor protein [Arabidopsis thaliana]
NP_001117218.1,0.6166457,defense_signaling,78.94496649864128,NP_001117218.1 SPX (SYG1/Pho81/XPR1) domain-containing protein [Arabidopsis thaliana]
NP_850155.1,0.6166189,defense_signaling,78.93874333603004,NP_850155.1 Pleckstrin homology (PH) domain-containing protein [Arabidopsis thaliana]
NP_973558.1,0.6160679,cell_death_HR,70.69305287613832,NP_973558.1 senescence-associated gene 13 [Arabidopsis thaliana]
NP_178320.1,0.6152573,PR_proteins,72.37123239363578,NP_178320.1 Scorpion toxin-like knottin superfamily protein [Arabidopsis thaliana]
NP_193142.1,0.61515284,antimicrobial,75.35627605949344,NP_193142.1 Polyketide cyclase/dehydrase and lipid transport superfamily protein [Arabidopsis thaliana]
NP_187609.2,0.6139152,defense_signaling,78.71263509448835,NP_187609.2 ankyrin repeat 30A-like protein (DUF662) [Arabidopsis thaliana]
NP_567878.2,0.61319435,defense_signaling,78.63795714315349,NP_567878.2 WRKY DNA-binding protein 11 [Arabidopsis thaliana]
NP_177241.3,0.612896,NBS_LRR,76.31049432655009,NP_177241.3 MLP-like protein 31 [Arabidopsis thaliana]
NP_568439.1,0.6125429,defense_signaling,78.59024622980066,NP_568439.1 WRKY DNA-binding protein 30 [Arabidopsis thaliana]
NP_171932.1,0.61205393,defense_signaling,78.51764266600286,NP_171932.1 Ethylene-responsive element binding factor 14 [Arabidopsis thaliana]
NP_001031693.1,0.60966575,defense_signaling,78.30605513722074,NP_001031693.1 SCR-like 26 [Arabidopsis thaliana]
NP_001031783.1,0.6065394,defense_signaling,77.99904578173295,NP_001031783.1 SCR-like 22 [Arabidopsis thaliana]
NP_565574.1,0.60594946,defense_signaling,77.9513348683801,NP_565574.1 WRKY DNA-binding protein 17 [Arabidopsis thaliana]
NP_188294.1,0.6046797,defense_signaling,77.8496898790632,NP_188294.1 TOXICOS EN LEVADURA 2 [Arabidopsis thaliana]
NP_849559.1,0.6021843,defense_signaling,77.65262306304064,NP_849559.1 WRKY DNA-binding protein 11 [Arabidopsis thaliana]
NP_001154428.1,0.60075265,antimicrobial,72.40649698176614,NP_001154428.1 histone mono-ubiquitination 2 [Arabidopsis thaliana]
NP_564862.1,0.6007026,RLK_defense,77.90984711763852,NP_564862.1 Late embryogenesis abundant (LEA) hydroxyproline-rich glycoprotein family [Arabidopsis thaliana]
NP_974776.1,0.60048145,NBS_LRR,75.670545771361,NP_974776.1 jasmonate-zim-domain protein 10 [Arabidopsis thaliana]
NP_974775.1,0.60048145,NBS_LRR,75.670545771361,NP_974775.1 jasmonate-zim-domain protein 10 [Arabidopsis thaliana]
NP_189277.1,0.59996325,NBS_LRR,75.62698363308233,NP_189277.1 Polyketide cyclase/dehydrase and lipid transport superfamily protein [Arabidopsis thaliana]
NP_187582.1,0.5996447,defense_signaling,77.41614288381355,NP_187582.1 IQ-domain 1 [Arabidopsis thaliana]
NP_566728.1,0.5996125,RLK_defense,77.84139232891488,NP_566728.1 Plastid-lipid associated protein PAP / fibrillin family protein [Arabidopsis thaliana]
NP_001319993.1,0.59941643,cell_death_HR,69.78032235982326,NP_001319993.1 ENHANCED DISEASE RESISTANCE 2 [Arabidopsis thaliana]
NP_193639.2,0.59933496,cell_death_HR,69.77513639098056,NP_193639.2 ENHANCED DISEASE RESISTANCE 2 [Arabidopsis thaliana]
NP_563945.2,0.59921503,cell_death_HR,69.76165287198954,NP_563945.2 Ribosomal protein L16p/L10e family protein [Arabidopsis thaliana]
NP_001030802.1,0.59914947,RLK_defense,77.7999045781733,NP_001030802.1 low-molecular-weight cysteine-rich 30 [Arabidopsis thaliana]
NP_196429.1,0.5987219,defense_signaling,77.31449789449665,NP_196429.1 movement protein binding protein 2C [Arabidopsis thaliana]
NP_566712.1,0.5985149,PR_proteins,71.3381874001701,NP_566712.1 Bifunctional inhibitor/lipid-transfer protein/seed storage 2S albumin superfamily protein [Arabidopsis thaliana]
NP_182163.1,0.5982519,defense_signaling,77.2584894309955,NP_182163.1 WRKY DNA-binding protein 46 [Arabidopsis thaliana]
NP_565264.1,0.5981895,NBS_LRR,75.51807828738565,NP_565264.1 MLP-like protein 328 [Arabidopsis thaliana]
NP_001031858.1,0.5967313,defense_signaling,77.12987740369655,NP_001031858.1 Defensin-like (DEFL) family protein [Arabidopsis thaliana]
NP_189930.1,0.59623265,NBS_LRR,75.40191258530918,NP_189930.1 jasmonate-zim-domain protein 11 [Arabidopsis thaliana]
NP_683581.1,0.5961231,NBS_LRR,75.39568942269796,NP_683581.1 non-race specific disease resistance protein [Arabidopsis thaliana]
NP_182153.2,0.5954455,RLK_defense,77.4825232850001,NP_182153.2 Late embryogenesis abundant (LEA) hydroxyproline-rich glycoprotein family [Arabidopsis thaliana]
NP_001031694.1,0.59527004,RLK_defense,77.47837450992594,NP_001031694.1 SCR-like 14 [Arabidopsis thaliana]
NP_178319.1,0.5951429,cell_death_HR,69.53969340552202,NP_178319.1 low-molecular-weight cysteine-rich 69 [Arabidopsis thaliana]
NP_172849.1,0.5932879,defense_signaling,76.78552907254134,NP_172849.1 WRKY DNA-binding protein 4 [Arabidopsis thaliana]
NP_001032081.1,0.59248394,RLK_defense,77.29997718173709,NP_001032081.1 defensin-like protein [Arabidopsis thaliana]
NP_001119446.2,0.59181225,PR_proteins,70.89219407969797,NP_001119446.2 profilin [Arabidopsis thaliana]
NP_001030737.1,0.5915303,RLK_defense,77.22737361793929,NP_001030737.1 low-molecular-weight cysteine-rich 55 [Arabidopsis thaliana]
NP_188965.1,0.5913966,defense_signaling,76.61128051942664,NP_188965.1 ethylene response factor 1 [Arabidopsis thaliana]
NP_566494.1,0.59098285,RLK_defense,77.20248096749435,NP_566494.1 Leucine-rich repeat transmembrane protein kinase [Arabidopsis thaliana]
NP_567827.1,0.59085613,RLK_defense,77.19003464227187,NP_567827.1 low-molecular-weight cysteine-rich 24 [Arabidopsis thaliana]
NP_182235.1,0.59042364,antimicrobial,69.46916422926131,NP_182235.1 NAD(P)-binding Rossmann-fold superfamily protein [Arabidopsis thaliana]
NP_191523.1,0.59006053,defense_signaling,76.50652394880412,NP_191523.1 glycine-rich protein [Arabidopsis thaliana]
NP_001078314.1,0.59006053,defense_signaling,76.50652394880412,NP_001078314.1 glycine-rich protein [Arabidopsis thaliana]
NP_568287.1,0.5891066,NBS_LRR,75.04304354139441,NP_568287.1 jasmonate-zim-domain protein 10 [Arabidopsis thaliana]
NP_680202.1,0.588633,defense_signaling,76.3395357520692,NP_680202.1 uncharacterized protein AT5G22160 [Arabidopsis thaliana]
NP_001031052.1,0.58838516,RLK_defense,76.95977762565602,NP_001031052.1 Molecular chaperone Hsp40/DnaJ family protein [Arabidopsis thaliana]
NP_199211.2,0.5875154,PR_proteins,70.85692949156761,NP_199211.2 plasmodesmata-located protein 1 [Arabidopsis thaliana]
NP_565085.1,0.5849057,defense_signaling,76.03252639658142,NP_565085.1 RING/U-box superfamily protein [Arabidopsis thaliana]
NP_567557.1,0.584617,defense_signaling,76.01178252121062,NP_567557.1 negative regulator of systemic acquired resistance (SNI1) [Arabidopsis thaliana]
NP_001031747.1,0.5833247,RLK_defense,76.53037940548053,NP_001031747.1 low-molecular-weight cysteine-rich 25 [Arabidopsis thaliana]
NP_567626.1,0.5830633,defense_signaling,75.84583151824424,NP_567626.1 MYB-like 102 [Arabidopsis thaliana]
NP_175128.1,0.58280206,PR_proteins,70.33003505714937,NP_175128.1 thioredoxin H-type 5 [Arabidopsis thaliana]
NP_197649.2,0.5824671,defense_signaling,75.81264131765096,NP_197649.2 WRKY DNA-binding protein 38 [Arabidopsis thaliana]
NP_001030785.1,0.5824458,RLK_defense,76.48681726720186,NP_001030785.1 Gamma-thionin family protein [Arabidopsis thaliana]
NP_182011.1,0.58181715,defense_signaling,75.76493040429814,NP_182011.1 ethylene-responsive element binding factor 13 [Arabidopsis thaliana]
NP_001032027.1,0.58117265,PR_proteins,75.25877984525069,NP_001032027.1 low-molecular-weight cysteine-rich 3 [Arabidopsis thaliana]
NP_564349.1,0.5810095,NBS_LRR,74.55763685771775,NP_564349.1 jasmonate-zim-domain protein 8 [Arabidopsis thaliana]
NP_190522.1,0.5790473,defense_signaling,75.53052461260813,NP_190522.1 NAC domain containing protein 62 [Arabidopsis thaliana]
NP_001030759.1,0.5787028,RLK_defense,76.23581637521522,NP_001030759.1 Defensin-like (DEFL) family protein [Arabidopsis thaliana]
NP_001332642.1,0.57818604,defense_signaling,75.44962349866202,NP_001332642.1 Ataxia telangiectasia-mutated and RAD3-like protein [Arabidopsis thaliana]
NP_001332643.1,0.57818604,defense_signaling,75.44962349866202,NP_001332643.1 Ataxia telangiectasia-mutated and RAD3-like protein [Arabidopsis thaliana]
NP_198898.2,0.57818604,defense_signaling,75.44962349866202,NP_198898.2 Ataxia telangiectasia-mutated and RAD3-like protein [Arabidopsis thaliana]
NP_001031776.1,0.57683426,defense_signaling,75.32516024643724,NP_001031776.1 SCR-like 24 [Arabidopsis thaliana]
NP_001031655.1,0.57681376,defense_signaling,75.32308585890016,NP_001031655.1 Putative membrane lipoprotein [Arabidopsis thaliana]
NP_001031236.1,0.5766623,defense_signaling,75.31478830875184,NP_001031236.1 SCR-like 2 [Arabidopsis thaliana]
NP_001030911.1,0.5765093,PR_proteins,75.44754911112494,NP_001030911.1 low-molecular-weight cysteine-rich 53 [Arabidopsis thaliana]
NP_192588.1,0.57585156,defense_signaling,75.2276640321945,NP_192588.1 mitogen-activated protein kinase kinase kinase 9 [Arabidopsis thaliana]
NP_177244.1,0.5751374,NBS_LRR,74.30041280311987,NP_177244.1 Polyketide cyclase/dehydrase and lipid transport superfamily protein [Arabidopsis thaliana]
NP_001031162.1,0.57478154,PR_proteins,72.76329163814384,NP_001031162.1 low-molecular-weight cysteine-rich 16 [Arabidopsis thaliana]
NP_001031648.1,0.5733798,defense_signaling,75.03682037878316,NP_001031648.1 SCR-like 11 [Arabidopsis thaliana]
NP_197045.1,0.5729512,cell_death_HR,68.3178791461821,NP_197045.1 Cyclic nucleotide-regulated ion channel family protein [Arabidopsis thaliana]
NP_973529.1,0.5727773,PR_proteins,75.70477316572281,NP_973529.1 Protein of unknown function (PD694200) [Arabidopsis thaliana]
NP_180273.1,0.5717598,defense_signaling,74.89368763872467,NP_180273.1 ETHYLENE-INSENSITIVE3-like 1 [Arabidopsis thaliana]
NP_001031611.1,0.5694679,defense_signaling,74.7360341859066,NP_001031611.1 SCR-like 1 [Arabidopsis thaliana]
NP_194405.1,0.56926954,cell_death_HR,68.10629161739996,NP_194405.1 hydroxyproline-rich glycoprotein family protein [Arabidopsis thaliana]
NP_194658.2,0.56684357,RLK_defense,75.3448669280395,NP_194658.2 low-molecular-weight cysteine-rich 26 [Arabidopsis thaliana]
NP_564682.2,0.56676114,defense_signaling,74.51407471943908,NP_564682.2 Bifunctional inhibitor/lipid-transfer protein/seed storage 2S albumin superfamily protein [Arabidopsis thaliana]
NP_567653.1,0.5655358,RLK_defense,75.20795735059224,NP_567653.1 defensin-like protein [Arabidopsis thaliana]
NP_001032074.1,0.5655033,RLK_defense,75.20277138174953,NP_001032074.1 low-molecular-weight cysteine-rich 83 [Arabidopsis thaliana]
NP_849323.1,0.5648809,defense_signaling,74.36264442923228,NP_849323.1 zinc finger (C2H2 type) family protein [Arabidopsis thaliana]
NP_001077526.1,0.5640509,RLK_defense,75.09075445474723,NP_001077526.1 thionin-like protein [Arabidopsis thaliana]
NP_194657.1,0.56396484,RLK_defense,75.07830812952476,NP_194657.1 low-molecular-weight cysteine-rich 22 [Arabidopsis thaliana]
NP_567655.1,0.56359214,defense_signaling,74.24440433961873,NP_567655.1 defensin-like protein [Arabidopsis thaliana]
NP_001032001.1,0.56331295,defense_signaling,74.225734851785,NP_001032001.1 Defensin-like (DEFL) family protein [Arabidopsis thaliana]
NP_680116.2,0.5624801,defense_signaling,74.15728006306138,NP_680116.2 relative of early flowering 6 [Arabidopsis thaliana]
NP_001031214.1,0.56185704,defense_signaling,74.0846764992636,NP_001031214.1 SCR-like 7 [Arabidopsis thaliana]
NP_001031643.1,0.5618397,defense_signaling,74.07845333665234,NP_001031643.1 SCR-like 23 [Arabidopsis thaliana]
NP_175721.1,0.56057763,RLK_defense,74.82523285000103,NP_175721.1 Stigma-specific Stig1 family protein [Arabidopsis thaliana]
NP_175185.1,0.5604185,defense_signaling,74.34604932893564,NP_175185.1 Scorpion toxin-like knottin superfamily protein [Arabidopsis thaliana]
NP_199369.2,0.5589654,cell_death_HR,67.48397535627606,NP_199369.2 Pleckstrin homology (PH) domain-containing protein / lipid-binding START domain-containing protein [Arabidopsis thaliana]
NP_563667.1,0.55889314,defense_signaling,73.80255979422076,NP_563667.1 SPX (SYG1/Pho81/XPR1) domain-containing protein [Arabidopsis thaliana]
NP_001320287.1,0.55854774,defense_signaling,73.78803908146119,NP_001320287.1 tyrosylprotein sulfotransferase [Arabidopsis thaliana]
NP_563804.4,0.55854774,defense_signaling,73.78803908146119,NP_563804.4 tyrosylprotein sulfotransferase [Arabidopsis thaliana]
NP_177331.1,0.55746347,cell_death_HR,67.41344618001534,NP_177331.1 protein tyrosine phosphatase 1 [Arabidopsis thaliana]
NP_001031266.1,0.5574619,cell_death_HR,67.41137179247826,NP_001031266.1 protein tyrosine phosphatase 1 [Arabidopsis thaliana]
NP_001030810.1,0.5546137,defense_signaling,73.44576513784305,NP_001030810.1 Defensin-like (DEFL) family protein [Arabidopsis thaliana]
NP_849569.1,0.55419546,PR_proteins,68.64563237704068,NP_849569.1 60S acidic ribosomal protein family [Arabidopsis thaliana]
NP_001077439.1,0.55419546,PR_proteins,68.64563237704068,NP_001077439.1 60S acidic ribosomal protein family [Arabidopsis thaliana]
NP_171618.1,0.55419546,PR_proteins,68.64563237704068,NP_171618.1 60S acidic ribosomal protein family [Arabidopsis thaliana]
NP_001032113.1,0.5537642,RLK_defense,74.2568506648412,NP_001032113.1 Defensin-like (DEFL) family protein [Arabidopsis thaliana]
NP_199533.1,0.5537115,defense_signaling,73.38145912419358,NP_199533.1 ethylene responsive element binding factor 2 [Arabidopsis thaliana]
NP_179621.1,0.55274457,defense_signaling,73.28603729748792,NP_179621.1 RPM1 interacting protein 13 [Arabidopsis thaliana]
NP_001031047.1,0.55217826,defense_signaling,73.22484286514407,NP_001031047.1 S locus-related glycoprotein 1 (SLR1) binding pollen coat protein family [Arabidopsis thaliana]
NP_001323397.1,0.5515946,defense_signaling,73.17713195179122,NP_001323397.1 vascular related NAC-domain protein 7 [Arabidopsis thaliana]
NP_177338.1,0.5515946,defense_signaling,73.17713195179122,NP_177338.1 vascular related NAC-domain protein 7 [Arabidopsis thaliana]
NP_001030639.1,0.5511536,RLK_defense,74.04526313605908,NP_001030639.1 low-molecular-weight cysteine-rich 18 [Arabidopsis thaliana]
NP_001031623.1,0.5503267,RLK_defense,73.96851079718712,NP_001031623.1 low-molecular-weight cysteine-rich 37 [Arabidopsis thaliana]
NP_001032058.1,0.5491651,RLK_defense,73.89590723338935,NP_001032058.1 Defensin-like (DEFL) family protein [Arabidopsis thaliana]
NP_191837.1,0.5490519,defense_signaling,72.93546580372146,NP_191837.1 Calcium-dependent lipid-binding (CaLB domain) family protein [Arabidopsis thaliana]
NP_001190769.1,0.5488841,cell_death_HR,66.93633704648703,NP_001190769.1 ENHANCED DISEASE RESISTANCE 2 [Arabidopsis thaliana]
NP_001319894.1,0.5483705,defense_signaling,72.89397805297986,NP_001319894.1 low-molecular-weight cysteine-rich 2 [Arabidopsis thaliana]
NP_001032073.1,0.5477745,RLK_defense,73.77974153131288,NP_001032073.1 Cysteine-rich protein [Arabidopsis thaliana]
NP_191199.1,0.5477742,defense_signaling,72.84211836455286,NP_191199.1 WRKY DNA-binding protein 70 [Arabidopsis thaliana]
NP_567657.1,0.54724735,defense_signaling,72.93131702864729,NP_567657.1 defensin-like protein [Arabidopsis thaliana]
NP_001031041.1,0.54584825,defense_signaling,72.67201858651234,NP_001031041.1 Defensin-like (DEFL) family protein [Arabidopsis thaliana]
NP_001031141.1,0.54427874,defense_signaling,72.52681145891675,NP_001031141.1 Putative membrane lipoprotein [Arabidopsis thaliana]
NP_001319878.1,0.5437314,defense_signaling,72.49362125832349,NP_001319878.1 Chaperone DnaJ-domain superfamily protein [Arabidopsis thaliana]
NP_199323.2,0.5432347,cell_death_HR,66.6210301408509,NP_199323.2 SBP (S-ribonuclease binding protein) family protein [Arabidopsis thaliana]
NP_001319992.1,0.5430568,RLK_defense,73.35241769867447,NP_001319992.1 low-molecular-weight cysteine-rich 7 [Arabidopsis thaliana]
NP_001031630.1,0.54276764,defense_signaling,72.4106457568403,NP_001031630.1 Protein of unknown function (PD694200) [Arabidopsis thaliana]
NP_197847.3,0.54256886,defense_signaling,72.39405065654366,NP_197847.3 TCV-interacting protein [Arabidopsis thaliana]
NP_197590.1,0.54218245,defense_signaling,72.37952994378409,NP_197590.1 jasmonate-zim-domain protein 12 [Arabidopsis thaliana]
NP_001154409.1,0.5416682,defense_signaling,72.32352148028295,NP_001154409.1 Protein kinase superfamily protein [Arabidopsis thaliana]
NP_001031155.4,0.5416682,defense_signaling,72.32352148028295,NP_001031155.4 Protein kinase superfamily protein [Arabidopsis thaliana]
NP_564529.4,0.5416682,defense_signaling,72.32352148028295,NP_564529.4 Protein kinase superfamily protein [Arabidopsis thaliana]
NP_565043.1,0.54154676,defense_signaling,72.31314954259754,NP_565043.1 jasmonate-zim-domain protein 6 [Arabidopsis thaliana]
NP_850926.1,0.5406003,defense_signaling,72.21357894081773,NP_850926.1 Defensin-like (DEFL) family protein [Arabidopsis thaliana]
NP_001078200.1,0.53955454,defense_signaling,72.1243802767233,NP_001078200.1 jasmonate ZIM-domain protein [Arabidopsis thaliana]
NP_973540.1,0.5386851,RLK_defense,73.00599497998216,NP_973540.1 Late embryogenesis abundant (LEA) hydroxyproline-rich glycoprotein family [Arabidopsis thaliana]
NP_565634.1,0.5386835,RLK_defense,73.00392059244508,NP_565634.1 Late embryogenesis abundant (LEA) hydroxyproline-rich glycoprotein family [Arabidopsis thaliana]
NP_001031669.1,0.5385779,RLK_defense,72.98939987968552,NP_001031669.1 low-molecular-weight cysteine-rich 15 [Arabidopsis thaliana]
NP_181045.1,0.53796923,defense_signaling,71.95428049868276,NP_181045.1 RING/U-box superfamily protein [Arabidopsis thaliana]
NP_001031666.1,0.5378013,RLK_defense,72.94168896633269,NP_001031666.1 Defensin-like (DEFL) family protein [Arabidopsis thaliana]
NP_001031522.1,0.53687453,defense_signaling,71.86300744705126,NP_001031522.1 Molecular chaperone Hsp40/DnaJ family protein [Arabidopsis thaliana]
NP_001031673.1,0.53579015,RLK_defense,72.80581658265397,NP_001031673.1 low-molecular-weight cysteine-rich 38 [Arabidopsis thaliana]
NP_001318178.1,0.53553534,defense_signaling,71.74373016366917,NP_001318178.1 indeterminate(ID)-domain 4 [Arabidopsis thaliana]
NP_001118254.1,0.53553534,defense_signaling,71.74373016366917,NP_001118254.1 indeterminate(ID)-domain 4 [Arabidopsis thaliana]
NP_001031589.1,0.53545177,defense_signaling,71.73335822598378,NP_001031589.1 zinc finger (C2H2 type) family protein [Arabidopsis thaliana]
NP_850885.1,0.5350369,defense_signaling,71.69290766901072,NP_850885.1 D111/G-patch domain-containing protein [Arabidopsis thaliana]
NP_001190403.1,0.5350369,defense_signaling,71.69290766901072,NP_001190403.1 D111/G-patch domain-containing protein [Arabidopsis thaliana]
NP_850884.1,0.5350369,defense_signaling,71.69290766901072,NP_850884.1 D111/G-patch domain-containing protein [Arabidopsis thaliana]
NP_001031355.1,0.5345831,RLK_defense,72.73839898769889,NP_001031355.1 low-molecular-weight cysteine-rich 84 [Arabidopsis thaliana]
NP_001031591.1,0.53457,defense_signaling,71.63897359304666,NP_001031591.1 Molecular chaperone Hsp40/DnaJ family protein [Arabidopsis thaliana]
NP_198513.1,0.5345165,RLK_defense,72.73010143755056,NP_198513.1 NDR1/HIN1-like 25 [Arabidopsis thaliana]
NP_001325347.1,0.5339848,defense_signaling,71.59437426099944,NP_001325347.1 P-loop containing nucleoside triphosphate hydrolases superfamily protein [Arabidopsis thaliana]
NP_850116.1,0.5339848,defense_signaling,71.59437426099944,NP_850116.1 P-loop containing nucleoside triphosphate hydrolases superfamily protein [Arabidopsis thaliana]
NP_850117.1,0.5339848,defense_signaling,71.59437426099944,NP_850117.1 P-loop containing nucleoside triphosphate hydrolases superfamily protein [Arabidopsis thaliana]
NP_001077971.1,0.5339848,defense_signaling,71.59437426099944,NP_001077971.1 P-loop containing nucleoside triphosphate hydrolases superfamily protein [Arabidopsis thaliana]
NP_190814.1,0.5334394,RLK_defense,72.65957226128985,NP_190814.1 hydroxyproline-rich glycoprotein family protein [Arabidopsis thaliana]
NP_001031984.1,0.5313113,RLK_defense,72.50399319600888,NP_001031984.1 Defensin-like (DEFL) family protein [Arabidopsis thaliana]
NP_178317.2,0.53052086,defense_signaling,71.23965399215881,NP_178317.2 indeterminate(ID)-domain 4 [Arabidopsis thaliana]
NP_001325405.1,0.53052086,defense_signaling,71.23965399215881,NP_001325405.1 indeterminate(ID)-domain 4 [Arabidopsis thaliana]
NP_001325406.1,0.53052086,defense_signaling,71.23965399215881,NP_001325406.1 indeterminate(ID)-domain 4 [Arabidopsis thaliana]
NP_001325407.1,0.53052086,defense_signaling,71.23965399215881,NP_001325407.1 indeterminate(ID)-domain 4 [Arabidopsis thaliana]
NP_001030652.1,0.5302813,RLK_defense,72.44902192627627,NP_001030652.1 low-molecular-weight cysteine-rich 44 [Arabidopsis thaliana]
NP_567399.3,0.5287605,defense_signaling,71.0830377331093,NP_567399.3 embryo sac development arrest 21 [Arabidopsis thaliana]
NP_001031746.1,0.5283578,RLK_defense,72.2778849544672,NP_001031746.1 low-molecular-weight cysteine-rich 21 [Arabidopsis thaliana]
NP_001031436.1,0.527734,RLK_defense,72.20113261559524,NP_001031436.1 low-molecular-weight cysteine-rich 32 [Arabidopsis thaliana]
NP_001031977.1,0.52720207,defense_signaling,72.08496691351878,NP_001031977.1 Putative membrane lipoprotein [Arabidopsis thaliana]
NP_001185075.1,0.52717274,NBS_LRR,71.76239965150289,NP_001185075.1 MLP-like protein 423 [Arabidopsis thaliana]
NP_173813.1,0.52717274,NBS_LRR,71.76239965150289,NP_173813.1 MLP-like protein 423 [Arabidopsis thaliana]
NP_568271.2,0.52653104,cell_death_HR,65.67096064886843,NP_568271.2 annexin 8 [Arabidopsis thaliana]
NP_001031412.1,0.5264891,defense_signaling,70.87663617316987,NP_001031412.1 low-molecular-weight cysteine-rich 81 [Arabidopsis thaliana]
NP_194925.1,0.5258012,NBS_LRR,71.66386624349161,"NP_194925.1 cytochrome P450, family 82, subfamily C, polypeptide 2 [Arabidopsis thaliana]"
NP_001031775.1,0.5253534,defense_signaling,70.78017715269567,NP_001031775.1 SCR-like 25 [Arabidopsis thaliana]
NP_001154566.1,0.52451265,defense_signaling,70.69720165121248,NP_001154566.1 Calcium-dependent lipid-binding (CaLB domain) family protein [Arabidopsis thaliana]
NP_001031213.1,0.5239558,defense_signaling,70.64949073785965,NP_001031213.1 SCR-like 4 [Arabidopsis thaliana]
NP_200634.1,0.5236246,defense_signaling,70.62252369987762,"NP_200634.1 oxidoreductases, acting on NADH or NADPH, quinone or similar compound as acceptor [Arabidopsis thaliana]"
NP_197989.2,0.52359146,defense_signaling,70.62044931234053,NP_197989.2 WRKY DNA-binding protein 50 [Arabidopsis thaliana]
NP_197678.1,0.5234793,RLK_defense,71.86508183458834,NP_197678.1 Late embryogenesis abundant (LEA) hydroxyproline-rich glycoprotein family [Arabidopsis thaliana]
NP_001077455.1,0.5234668,defense_signaling,70.59763104943265,NP_001077455.1 TRAF-like superfamily protein [Arabidopsis thaliana]
NP_850000.1,0.5230126,defense_signaling,71.14112058414753,NP_850000.1 Molecular chaperone Hsp40/DnaJ family protein [Arabidopsis thaliana]
NP_564019.1,0.52274597,defense_signaling,70.54369697346858,NP_564019.1 jasmonate-zim-domain protein 5 [Arabidopsis thaliana]
NP_001154713.1,0.5219273,defense_signaling,70.48976289750452,NP_001154713.1 jasmonate-zim-domain protein 10 [Arabidopsis thaliana]
NP_001031130.1,0.5216835,PR_proteins,69.95249652540087,NP_001031130.1 Cysteine-rich protein [Arabidopsis thaliana]
NP_001032025.1,0.5205291,RLK_defense,71.62652726782419,NP_001032025.1 low-molecular-weight cysteine-rich 6 [Arabidopsis thaliana]
NP_001185403.1,0.5203913,cell_death_HR,65.34320741800983,NP_001185403.1 Walls Are Thin 1 [Arabidopsis thaliana]
NP_565111.1,0.52038974,cell_death_HR,65.34113303047275,NP_565111.1 Walls Are Thin 1 [Arabidopsis thaliana]
NP_001031288.1,0.5193935,RLK_defense,71.54562615387808,NP_001031288.1 Defensin-like (DEFL) family protein [Arabidopsis thaliana]
NP_001031316.1,0.5160453,defense_signaling,69.97738917584583,NP_001031316.1 Defensin-like (DEFL) family protein [Arabidopsis thaliana]
NP_195810.2,0.5157061,defense_signaling,69.94419897525256,NP_195810.2 WRKY DNA-binding protein 62 [Arabidopsis thaliana]
NP_001031134.1,0.51565564,PR_proteins,66.52145953907109,NP_001031134.1 Defensin-like (DEFL) family protein [Arabidopsis thaliana]
NP_568840.3,0.51515406,defense_signaling,69.89856244943681,NP_568840.3 calmodulin-binding protein [Arabidopsis thaliana]
NP_001031491.1,0.51432323,RLK_defense,71.09755844586886,NP_001031491.1 Defensin-like (DEFL) family protein [Arabidopsis thaliana]
NP_001031356.1,0.5139935,RLK_defense,71.07370298919244,NP_001031356.1 low-molecular-weight cysteine-rich 40 [Arabidopsis thaliana]
NP_001031237.1,0.5135971,RLK_defense,71.04051278859916,NP_001031237.1 Putative membrane lipoprotein [Arabidopsis thaliana]
NP_001031613.1,0.51314765,defense_signaling,69.73261144647043,NP_001031613.1 S locus-related glycoprotein 1 (SLR1) binding pollen coat protein family [Arabidopsis thaliana]
NP_194013.1,0.51204693,PR_proteins,69.54487937436473,NP_194013.1 A20/AN1-like zinc finger family protein [Arabidopsis thaliana]
NP_974594.1,0.51204693,PR_proteins,69.54487937436473,NP_974594.1 A20/AN1-like zinc finger family protein [Arabidopsis thaliana]
NP_001030910.1,0.5117727,RLK_defense,70.90671479245752,NP_001030910.1 low-molecular-weight cysteine-rich 52 [Arabidopsis thaliana]
NP_196250.1,0.511735,cell_death_HR,64.81838737112867,NP_196250.1 NDR1/HIN1-like 3 [Arabidopsis thaliana]
NP_001031618.1,0.5116265,RLK_defense,70.89634285477213,NP_001031618.1 Defensin-like (DEFL) family protein [Arabidopsis thaliana]
NP_974325.1,0.51034474,RLK_defense,70.7781027651586,NP_974325.1 Cysteine-rich protein [Arabidopsis thaliana]
NP_001030801.1,0.5101096,defense_signaling,69.44219719127928,NP_001030801.1 low-molecular-weight cysteine-rich 33 [Arabidopsis thaliana]
NP_200015.1,0.5100623,defense_signaling,69.4380484162051,NP_200015.1 Integrase-type DNA-binding superfamily protein [Arabidopsis thaliana]
NP_001031393.1,0.50951135,RLK_defense,70.7158711390462,NP_001031393.1 low-molecular-weight cysteine-rich 35 [Arabidopsis thaliana]
NP_851228.1,0.5093789,antimicrobial,65.59420830999647,NP_851228.1 actin depolymerizing factor 4 [Arabidopsis thaliana]
NP_001319225.1,0.50891995,RLK_defense,70.65675109423943,NP_001319225.1 Protein of unknown function (PD694200) [Arabidopsis thaliana]
NP_175520.1,0.50872356,cell_death_HR,64.66488269338477,NP_175520.1 Heavy metal transport/detoxification superfamily protein [Arabidopsis thaliana]
NP_001032016.1,0.5086647,defense_signaling,69.31877113282303,NP_001032016.1 SCR-like 27 [Arabidopsis thaliana]
NP_001030715.1,0.50825226,RLK_defense,70.62044931234053,NP_001030715.1 Cysteine-rich protein [Arabidopsis thaliana]
NP_001078406.1,0.5076265,antimicrobial,65.2145953907109,NP_001078406.1 Aldolase-type TIM barrel family protein [Arabidopsis thaliana]
NP_001030909.1,0.50739616,RLK_defense,70.52917626070902,NP_001030909.1 low-molecular-weight cysteine-rich 8 [Arabidopsis thaliana]
NP_001031656.1,0.50733817,defense_signaling,69.20779139958927,NP_001031656.1 Defensin-like (DEFL) family protein [Arabidopsis thaliana]
NP_001031470.1,0.5072402,RLK_defense,70.52710187317194,NP_001031470.1 low-molecular-weight cysteine-rich 49 [Arabidopsis thaliana]
NP_001030912.1,0.5071671,RLK_defense,70.5125811604124,NP_001030912.1 low-molecular-weight cysteine-rich 54 [Arabidopsis thaliana]
NP_001031257.1,0.50707126,RLK_defense,70.49806044765283,NP_001031257.1 Defensin-like (DEFL) family protein [Arabidopsis thaliana]
NP_001031142.1,0.506553,RLK_defense,70.45242392183708,NP_001031142.1 Defensin-like (DEFL) family protein [Arabidopsis thaliana]
NP_001032077.1,0.5063933,defense_signaling,69.15178293608813,NP_001032077.1 Protein of unknown function (PD694200) [Arabidopsis thaliana]
NP_177757.1,0.50584126,cell_death_HR,64.50515485302965,NP_177757.1 snRNP core protein SMD3 [Arabidopsis thaliana]
NP_001031995.1,0.5057164,RLK_defense,70.40367581471571,NP_001031995.1 Defensin-like (DEFL) family protein [Arabidopsis thaliana]
NP_195585.1,0.50435793,PR_proteins,65.89499450287303,NP_195585.1 rotamase CYP 1 [Arabidopsis thaliana]
NP_192913.1,0.50344044,defense_signaling,68.86966623104527,NP_192913.1 low-molecular-weight cysteine-rich 17 [Arabidopsis thaliana]
NP_201171.1,0.5027311,NBS_LRR,70.32381189453814,NP_201171.1 Scorpion toxin-like knottin superfamily protein [Arabidopsis thaliana]
NP_001031326.1,0.5019861,defense_signaling,68.73483104113511,NP_001031326.1 SCR-like 15 [Arabidopsis thaliana]
NP_001031854.1,0.501299,PR_proteins,65.71037401207293,NP_001031854.1 Defensin-like (DEFL) family protein [Arabidopsis thaliana]
NP_564768.1,0.50009644,defense_signaling,68.53983861264962,NP_564768.1 SCR-like 6 [Arabidopsis thaliana]
NP_001031605.1,0.4998819,defense_signaling,68.52739228742713,NP_001031605.1 S locus-related glycoprotein 1 (SLR1) binding pollen coat protein family [Arabidopsis thaliana]
NP_001031636.2,0.49961373,defense_signaling,68.50249963698218,NP_001031636.2 Defensin-like (DEFL) family protein [Arabidopsis thaliana]
NP_188478.1,0.49896318,PR_proteins,69.77202480967495,NP_188478.1 Eukaryotic aspartyl protease family protein [Arabidopsis thaliana]
NP_197013.1,0.49878222,cell_death_HR,64.09857489576203,NP_197013.1 voltage dependent anion channel 3 [Arabidopsis thaliana]
NP_001190314.1,0.49878067,cell_death_HR,64.09650050822495,NP_001190314.1 voltage dependent anion channel 3 [Arabidopsis thaliana]
NP_001031314.1,0.4981508,RLK_defense,69.73468583400751,NP_001031314.1 Cysteine-rich protein [Arabidopsis thaliana]
NP_001030751.1,0.49773982,defense_signaling,68.33447424647872,NP_001030751.1 SCR-like 13 [Arabidopsis thaliana]
NP_001030800.2,0.49710134,RLK_defense,69.62059451946813,NP_001030800.2 low-molecular-weight cysteine-rich 47 [Arabidopsis thaliana]
NP_001078034.1,0.49681863,defense_signaling,68.2349036446989,NP_001078034.1 low-molecular-weight cysteine-rich 51 [Arabidopsis thaliana]
NP_001031852.1,0.49650738,PR_proteins,65.43655485717842,NP_001031852.1 Defensin-like (DEFL) family protein [Arabidopsis thaliana]
NP_194659.2,0.49579194,RLK_defense,69.50235442985459,NP_194659.2 low-molecular-weight cysteine-rich 27 [Arabidopsis thaliana]
NP_001030967.1,0.49317962,defense_signaling,67.89677847615492,NP_001030967.1 Cysteine-rich protein [Arabidopsis thaliana]
NP_199169.1,0.49307394,defense_signaling,67.87499740701558,NP_199169.1 TRAF-like superfamily protein [Arabidopsis thaliana]
NP_851125.1,0.49307394,defense_signaling,67.87499740701558,NP_851125.1 TRAF-like superfamily protein [Arabidopsis thaliana]
NP_001030830.1,0.49271828,RLK_defense,69.26379986309043,NP_001030830.1 low-molecular-weight cysteine-rich 48 [Arabidopsis thaliana]
NP_001031815.1,0.49242404,defense_signaling,67.82417491235712,NP_001031815.1 low-molecular-weight cysteine-rich 45 [Arabidopsis thaliana]
NP_001031891.1,0.49185726,RLK_defense,69.20986578712635,NP_001031891.1 Defensin-like (DEFL) family protein [Arabidopsis thaliana]
NP_001031101.1,0.49143326,RLK_defense,69.17045242392183,NP_001031101.1 low-molecular-weight cysteine-rich 31 [Arabidopsis thaliana]
NP_564539.1,0.4912189,NBS_LRR,69.7035700209513,NP_564539.1 Eukaryotic aspartyl protease family protein [Arabidopsis thaliana]
NP_001031354.1,0.49050596,defense_signaling,67.6934884975211,NP_001031354.1 SCR-like 18 [Arabidopsis thaliana]
NP_201408.1,0.49007377,defense_signaling,67.66444707200199,NP_201408.1 RING/U-box superfamily protein [Arabidopsis thaliana]
NP_001332466.1,0.4900706,defense_signaling,67.66237268446491,NP_001332466.1 RING/U-box superfamily protein [Arabidopsis thaliana]
NP_001031309.1,0.48795062,defense_signaling,67.4694546435165,NP_001031309.1 Defensin-like (DEFL) family protein [Arabidopsis thaliana]
NP_001031200.1,0.48692217,defense_signaling,67.3574377165142,NP_001031200.1 defensin-like protein [Arabidopsis thaliana]
NP_565899.1,0.48629436,defense_signaling,67.30350364055013,NP_565899.1 hydroxyproline-rich glycoprotein family protein [Arabidopsis thaliana]
NP_189967.1,0.48590162,cell_death_HR,63.405729458377415,NP_189967.1 calmodulin 7 [Arabidopsis thaliana]
NP_180496.1,0.4855404,cell_death_HR,63.38291119546954,NP_180496.1 senescence-associated gene 13 [Arabidopsis thaliana]
NP_974058.1,0.48541734,defense_signaling,67.23712323936358,NP_974058.1 SCR-like 5 [Arabidopsis thaliana]
NP_001031276.1,0.48327053,defense_signaling,67.04420519841517,NP_001031276.1 low-molecular-weight cysteine-rich 65 [Arabidopsis thaliana]
NP_178321.1,0.48324066,cell_death_HR,63.25015039309644,NP_178321.1 low-molecular-weight cysteine-rich 68 [Arabidopsis thaliana]
NP_001077454.1,0.4828336,defense_signaling,67.0006430601365,NP_001077454.1 TRAF-like superfamily protein [Arabidopsis thaliana]
NP_001030836.1,0.48255914,defense_signaling,66.9778247972286,NP_001030836.1 Defensin-like (DEFL) family protein [Arabidopsis thaliana]
NP_566702.1,0.48233515,defense_signaling,66.96330408446906,NP_566702.1 pathogen and circadian controlled 1 [Arabidopsis thaliana]
NP_001031408.1,0.48231235,PR_proteins,66.8471383823926,NP_001031408.1 Defensin-like (DEFL) family protein [Arabidopsis thaliana]
NP_181880.1,0.48222238,PR_proteins,66.3472109859564,NP_181880.1 trypsin inhibitor protein 2 [Arabidopsis thaliana]
NP_001031398.1,0.48215532,defense_signaling,66.94774617794096,NP_001031398.1 Defensin-like (DEFL) family protein [Arabidopsis thaliana]
NP_197017.1,0.48112056,defense_signaling,66.84921276992968,NP_197017.1 WRKY DNA-binding protein 72 [Arabidopsis thaliana]
NP_001030745.1,0.48045126,RLK_defense,68.32825108386749,NP_001030745.1 low-molecular-weight cysteine-rich 42 [Arabidopsis thaliana]
NP_001031429.1,0.47806478,RLK_defense,68.12703549277076,NP_001031429.1 low-molecular-weight cysteine-rich 9 [Arabidopsis thaliana]
NP_569040.1,0.4779043,defense_signaling,66.55879851473853,NP_569040.1 mitogen-activated protein kinase kinase kinase 5 [Arabidopsis thaliana]
NP_177735.1,0.47789568,cell_death_HR,62.97633123820192,NP_177735.1 chloroplastic drought-induced stress protein of 32 kD [Arabidopsis thaliana]
NP_181259.1,0.47709817,RLK_defense,68.07725019188085,NP_181259.1 RNA-binding (RRM/RBD/RNP motifs) family protein [Arabidopsis thaliana]
NP_001031258.1,0.47603288,PR_proteins,66.71645196755658,NP_001031258.1 defensin-like protein [Arabidopsis thaliana]
NP_187354.1,0.47580165,defense_signaling,66.39077312423507,NP_187354.1 DEA(D/H)-box RNA helicase family protein [Arabidopsis thaliana]
NP_197854.1,0.47548777,defense_signaling,66.36173169871596,NP_197854.1 response to low sulfur 2 [Arabidopsis thaliana]
NP_001031411.1,0.4748774,RLK_defense,67.91129918891447,NP_001031411.1 Defensin-like (DEFL) family protein [Arabidopsis thaliana]
NP_200791.2,0.47444037,defense_signaling,66.25904951563051,NP_200791.2 DNA-binding protein [Arabidopsis thaliana]
NP_974964.1,0.47444037,defense_signaling,66.25904951563051,NP_974964.1 DNA-binding protein [Arabidopsis thaliana]
NP_001318842.1,0.4744388,defense_signaling,66.25593793432489,NP_001318842.1 DNA-binding protein [Arabidopsis thaliana]
NP_001117399.1,0.47435692,cell_death_HR,62.76681809695688,NP_001117399.1 lsd one like 1 [Arabidopsis thaliana]
NP_564405.1,0.47435385,cell_death_HR,62.76474370941979,NP_564405.1 lsd one like 1 [Arabidopsis thaliana]
NP_001031388.1,0.47420377,defense_signaling,66.30987201028896,NP_001031388.1 Defensin-like (DEFL) family protein [Arabidopsis thaliana]
NP_192034.1,0.47388986,defense_signaling,66.21548737735183,NP_192034.1 WRKY family transcription factor [Arabidopsis thaliana]
NP_565179.1,0.47345924,defense_signaling,66.18437156429565,NP_565179.1 VQ motif-containing protein [Arabidopsis thaliana]
NP_001321086.1,0.47345924,defense_signaling,66.18437156429565,NP_001321086.1 VQ motif-containing protein [Arabidopsis thaliana]
NP_001032024.1,0.47316837,RLK_defense,67.76401767378182,NP_001032024.1 low-molecular-weight cysteine-rich 20 [Arabidopsis thaliana]
NP_001030746.1,0.47198126,defense_signaling,67.38647914203332,NP_001030746.1 low-molecular-weight cysteine-rich 39 [Arabidopsis thaliana]
NP_001031322.1,0.47189605,defense_signaling,66.02982969278321,NP_001031322.1 Putative membrane lipoprotein [Arabidopsis thaliana]
NP_001031350.1,0.47152537,defense_signaling,66.00078826726408,NP_001031350.1 Defensin-like (DEFL) family protein [Arabidopsis thaliana]
NP_188272.1,0.47076142,PR_proteins,63.77911921505176,NP_188272.1 Calcium-dependent lipid-binding (CaLB domain) family protein [Arabidopsis thaliana]
NP_001032021.1,0.46997955,defense_signaling,65.88254817765055,NP_001032021.1 Defensin-like (DEFL) family protein [Arabidopsis thaliana]
NP_189094.1,0.46982828,RLK_defense,67.50057045657269,NP_189094.1 Defensin-like (DEFL) family protein [Arabidopsis thaliana]
NP_568144.1,0.4694811,defense_signaling,65.78920073848197,NP_568144.1 HSP20-like chaperones superfamily protein [Arabidopsis thaliana]
NP_001030636.1,0.46916404,defense_signaling,65.76845686311117,NP_001030636.1 Defensin-like (DEFL) family protein [Arabidopsis thaliana]
NP_001031925.1,0.46837536,defense_signaling,65.70000207438754,NP_001031925.1 Putative membrane lipoprotein [Arabidopsis thaliana]
NP_001031392.1,0.46791318,defense_signaling,65.6626630987201,NP_001031392.1 Defensin-like (DEFL) family protein [Arabidopsis thaliana]
NP_196637.1,0.46727255,NBS_LRR,68.33239985894166,NP_196637.1 Eukaryotic aspartyl protease family protein [Arabidopsis thaliana]
NP_001031399.1,0.46679324,defense_signaling,66.02982969278321,NP_001031399.1 Defensin-like (DEFL) family protein [Arabidopsis thaliana]
NP_001031997.2,0.4649546,RLK_defense,67.13755263758375,NP_001031997.2 low-molecular-weight cysteine-rich 28 [Arabidopsis thaliana]
NP_001031410.1,0.4645439,defense_signaling,65.35357935569523,NP_001031410.1 Defensin-like (DEFL) family protein [Arabidopsis thaliana]
NP_565375.1,0.46377257,defense_signaling,65.29134772958284,NP_565375.1 low-molecular-weight cysteine-rich 10 [Arabidopsis thaliana]
NP_001031275.1,0.46357068,defense_signaling,65.2851245669716,NP_001031275.1 low-molecular-weight cysteine-rich 64 [Arabidopsis thaliana]
NP_001031606.1,0.463062,RLK_defense,66.98197357230278,NP_001031606.1 low-molecular-weight cysteine-rich 13 [Arabidopsis thaliana]
NP_001031138.4,0.46258262,PR_proteins,63.28748936876387,NP_001031138.4 Defensin-like (DEFL) family protein [Arabidopsis thaliana]
NP_001032111.1,0.4609743,defense_signaling,65.10465285124567,NP_001032111.1 Defensin-like (DEFL) family protein [Arabidopsis thaliana]
NP_001031349.1,0.46049032,RLK_defense,66.78283236874313,NP_001031349.1 low-molecular-weight cysteine-rich 50 [Arabidopsis thaliana]
NP_851134.1,0.4597746,cell_death_HR,63.82890451594167,NP_851134.1 SBP (S-ribonuclease binding protein) family protein [Arabidopsis thaliana]
NP_191552.2,0.4595087,PR_proteins,63.10494326550086,NP_191552.2 defensin-like protein [Arabidopsis thaliana]
NP_001031264.4,0.45943794,defense_signaling,64.95944572365009,NP_001031264.4 TIFY domain/Divergent CCT motif family protein [Arabidopsis thaliana]
NP_001332071.1,0.45920134,defense_signaling,64.93455307320514,NP_001332071.1 movement protein binding protein 2C [Arabidopsis thaliana]
NP_001031607.1,0.45864767,defense_signaling,64.88269338477815,NP_001031607.1 low-molecular-weight cysteine-rich 34 [Arabidopsis thaliana]
NP_001031965.1,0.45804211,RLK_defense,66.61480697823967,NP_001031965.1 Defensin-like (DEFL) family protein [Arabidopsis thaliana]
NP_001031163.1,0.45795205,defense_signaling,64.78104839546124,NP_001031163.1 Defensin-like (DEFL) family protein [Arabidopsis thaliana]
NP_196187.1,0.45731795,defense_signaling,64.71259360673761,NP_196187.1 nuclear pore complex protein-like protein [Arabidopsis thaliana]
NP_001030803.1,0.45583436,RLK_defense,66.44263281266205,NP_001030803.1 Bifunctional inhibitor/lipid-transfer protein/seed storage 2S albumin superfamily protein [Arabidopsis thaliana]
NP_563806.1,0.45556706,defense_signaling,64.56012612276226,NP_563806.1 ATP-dependent helicase family protein [Arabidopsis thaliana]
NP_849608.1,0.45556706,defense_signaling,64.56012612276226,NP_849608.1 ATP-dependent helicase family protein [Arabidopsis thaliana]
NP_001031310.1,0.45477363,defense_signaling,64.48855975273301,NP_001031310.1 Cysteine-rich protein [Arabidopsis thaliana]
NP_001031254.1,0.45385402,defense_signaling,64.41388180139813,NP_001031254.1 Defensin-like (DEFL) family protein [Arabidopsis thaliana]
NP_001030667.1,0.4534376,defense_signaling,64.38069160080487,NP_001030667.1 Putative membrane lipoprotein [Arabidopsis thaliana]
NP_001031039.1,0.45303378,defense_signaling,64.33920385006327,NP_001031039.1 Defensin-like (DEFL) family protein [Arabidopsis thaliana]
NP_973531.1,0.45268834,defense_signaling,65.90951521563258,NP_973531.1 Putative membrane lipoprotein [Arabidopsis thaliana]
NP_566882.1,0.45261112,PR_proteins,62.7128840209928,NP_566882.1 actin depolymerizing factor 2 [Arabidopsis thaliana]
NP_200416.1,0.4518334,defense_signaling,64.22718692306097,NP_200416.1 late embryogenesis abundant (LEA) hydroxyproline-rich glycoprotein family protein [Arabidopsis thaliana]
NP_850378.1,0.4518114,PR_proteins,63.53019271060219,NP_850378.1 Defensin-like (DEFL) family protein [Arabidopsis thaliana]
NP_568916.2,0.45169947,antimicrobial,62.25029560022404,NP_568916.2 actin depolymerizing factor 4 [Arabidopsis thaliana]
NP_001318843.1,0.4516979,antimicrobial,62.24822121268695,NP_001318843.1 actin depolymerizing factor 4 [Arabidopsis thaliana]
NP_566395.1,0.45117065,cell_death_HR,61.36660650942809,NP_566395.1 NDR1/HIN1-like 2 [Arabidopsis thaliana]
NP_850162.1,0.45046267,defense_signaling,64.0819797954654,NP_850162.1 ethylene-responsive element binding factor 15 [Arabidopsis thaliana]
NP_001031226.1,0.4499295,defense_signaling,64.04464081979796,NP_001031226.1 Putative membrane lipoprotein [Arabidopsis thaliana]
NP_567530.4,0.449909,defense_signaling,64.04256643226087,NP_567530.4 ethylene responsive element binding factor 1 [Arabidopsis thaliana]
NP_001032082.1,0.44897678,defense_signaling,63.96581409338893,NP_001032082.1 Defensin-like (DEFL) family protein [Arabidopsis thaliana]
NP_001031619.1,0.44886005,defense_signaling,63.95336776816645,NP_001031619.1 low-molecular-weight cysteine-rich 11 [Arabidopsis thaliana]
NP_181881.2,0.44841173,RLK_defense,65.98004439189329,NP_181881.2 scorpion toxin-like knottin superfamily protein [Arabidopsis thaliana]
NP_001031253.1,0.44803035,defense_signaling,63.88283859190575,NP_001031253.1 Defensin-like (DEFL) family protein [Arabidopsis thaliana]
NP_001031961.1,0.4474057,defense_signaling,63.8143838031821,NP_001031961.1 Defensin-like (DEFL) family protein [Arabidopsis thaliana]
NP_001031209.1,0.44641984,defense_signaling,63.72933391416184,NP_001031209.1 Defensin-like (DEFL) family protein [Arabidopsis thaliana]
NP_192431.1,0.4461992,cell_death_HR,64.40350986371274,NP_192431.1 Late embryogenesis abundant (LEA) hydroxyproline-rich glycoprotein family [Arabidopsis thaliana]
NP_181007.1,0.4451719,NBS_LRR,67.0815441740826,NP_181007.1 jasmonate-zim-domain protein 7 [Arabidopsis thaliana]
NP_189958.1,0.44471264,RLK_defense,65.69792768685045,NP_189958.1 Bifunctional inhibitor/lipid-transfer protein/seed storage 2S albumin superfamily protein [Arabidopsis thaliana]
NP_181607.1,0.44275087,defense_signaling,63.37461364532122,NP_181607.1 WRKY DNA-binding protein 54 [Arabidopsis thaliana]
NP_196600.1,0.44155994,defense_signaling,63.26052233078183,NP_196600.1 RING/U-box superfamily protein [Arabidopsis thaliana]
NP_001031994.1,0.4413368,RLK_defense,65.41166220673347,NP_001031994.1 Defensin-like (DEFL) family protein [Arabidopsis thaliana]
NP_567759.1,0.4407051,cell_death_HR,60.798224324268254,NP_567759.1 GDP-L-galactose phosphorylase 1 [Arabidopsis thaliana]
NP_001032040.1,0.44037375,defense_signaling,63.11946397826041,NP_001032040.1 low-molecular-weight cysteine-rich 86 [Arabidopsis thaliana]
NP_174420.1,0.43962833,NBS_LRR,66.74341900553861,NP_174420.1 KAR-UP F-box 1 [Arabidopsis thaliana]
NP_001031317.1,0.4395027,RLK_defense,65.30171966726824,NP_001031317.1 Defensin-like (DEFL) family protein [Arabidopsis thaliana]
NP_568223.1,0.43948886,defense_signaling,63.05308357707386,NP_568223.1 elicitor peptide 4 precursor [Arabidopsis thaliana]
NP_974869.1,0.43920335,defense_signaling,63.02819092662892,NP_974869.1 uncharacterized protein AT5G42235 [Arabidopsis thaliana]
NP_001031043.1,0.43870804,defense_signaling,62.98462878835024,NP_001031043.1 Defensin-like (DEFL) family protein [Arabidopsis thaliana]
NP_200995.1,0.43860868,defense_signaling,62.98255440081317,NP_200995.1 Integrase-type DNA-binding superfamily protein [Arabidopsis thaliana]
NP_176112.3,0.4382976,NBS_LRR,66.66874105420375,NP_176112.3 jacalin lectin-like protein [Arabidopsis thaliana]
NP_174998.1,0.4382711,defense_signaling,62.96181052544236,NP_174998.1 basic region/leucine zipper motif 60 [Arabidopsis thaliana]
NP_001031087.1,0.43814018,defense_signaling,62.953512975294046,NP_001031087.1 Cysteine-rich protein [Arabidopsis thaliana]
NP_563691.1,0.43763387,NBS_LRR,66.62725330346215,NP_563691.1 Glutaredoxin family protein [Arabidopsis thaliana]
NP_177227.5,0.43630096,defense_signaling,62.76474370941979,NP_177227.5 TIFY domain/Divergent CCT motif family protein [Arabidopsis thaliana]
NP_001030653.1,0.43509743,defense_signaling,62.9991495011098,NP_001030653.1 low-molecular-weight cysteine-rich 43 [Arabidopsis thaliana]
NP_189266.1,0.43465263,defense_signaling,62.64028045719501,NP_189266.1 proline-rich receptor-like kinase [Arabidopsis thaliana]
NP_194235.1,0.43363777,PR_proteins,61.6010123011181,NP_194235.1 acyl carrier protein 4 [Arabidopsis thaliana]
NP_001326521.1,0.43238592,defense_signaling,62.45358557885784,NP_001326521.1 proline-rich receptor-like kinase [Arabidopsis thaliana]
NP_001318743.1,0.4323666,NBS_LRR,66.28394216607548,NP_001318743.1 Leucine-rich repeat (LRR) family protein [Arabidopsis thaliana]
NP_199365.1,0.4323666,NBS_LRR,66.28394216607548,NP_199365.1 Leucine-rich repeat (LRR) family protein [Arabidopsis thaliana]
NP_001332263.1,0.43203503,cell_death_HR,60.2941481527579,NP_001332263.1 Emsy N Terminus (ENT)/ plant Tudor-like domains-containing protein [Arabidopsis thaliana]
NP_181381.2,0.43148997,defense_signaling,62.391353952745455,NP_181381.2 WRKY DNA-binding protein 33 [Arabidopsis thaliana]
NP_568995.2,0.43074387,defense_signaling,62.31045283879935,NP_568995.2 WRKY DNA-binding protein 51 [Arabidopsis thaliana]
NP_199447.1,0.4307344,defense_signaling,62.30837845126227,NP_199447.1 WRKY DNA-binding protein 8 [Arabidopsis thaliana]
NP_001031311.1,0.4304142,defense_signaling,62.27311386313191,NP_001031311.1 Defensin-like (DEFL) family protein [Arabidopsis thaliana]
NP_172106.1,0.43004826,defense_signaling,62.23577488746448,NP_172106.1 octadecanoid-responsive AP2/ERF 59 [Arabidopsis thaliana]
NP_001031897.2,0.426231,defense_signaling,61.95365818242165,NP_001031897.2 Defensin-like (DEFL) family protein [Arabidopsis thaliana]
NP_001030760.1,0.42608058,RLK_defense,64.27074906133964,NP_001030760.1 defensin-like protein [Arabidopsis thaliana]
NP_001031745.1,0.42599937,RLK_defense,64.26037712365425,NP_001031745.1 low-molecular-weight cysteine-rich 23 [Arabidopsis thaliana]
NP_001031204.1,0.42529106,RLK_defense,64.20851743522725,NP_001031204.1 Defensin-like (DEFL) family protein [Arabidopsis thaliana]
NP_001031378.1,0.42503536,defense_signaling,61.847864418030575,NP_001031378.1 Defensin-like (DEFL) family protein [Arabidopsis thaliana]
NP_566616.1,0.4247262,defense_signaling,61.8250461551227,NP_566616.1 MAP kinase substrate 1 [Arabidopsis thaliana]
NP_001032020.1,0.42468518,defense_signaling,61.81674860497438,NP_001032020.1 Putative membrane lipoprotein [Arabidopsis thaliana]
NP_001119372.1,0.42393434,defense_signaling,61.75036820378783,NP_001119372.1 uncharacterized protein AT5G44585 [Arabidopsis thaliana]
NP_001030638.1,0.42331722,RLK_defense,64.05086398240918,NP_001030638.1 low-molecular-weight cysteine-rich 41 [Arabidopsis thaliana]
NP_001031376.1,0.42272764,defense_signaling,63.43062210882236,NP_001031376.1 Defensin-like (DEFL) family protein [Arabidopsis thaliana]
NP_181879.1,0.42231324,RLK_defense,63.98240919368556,NP_181879.1 trypsin inhibitor protein 1 [Arabidopsis thaliana]
NP_190815.1,0.42164326,cell_death_HR,59.71954280498682,NP_190815.1 Late embryogenesis abundant (LEA) hydroxyproline-rich glycoprotein family [Arabidopsis thaliana]
NP_001032047.1,0.42154145,defense_signaling,61.567822100524815,NP_001032047.1 Putative membrane lipoprotein [Arabidopsis thaliana]
NP_001030752.1,0.42131272,defense_signaling,61.54500383761694,NP_001030752.1 SCR-like 12 [Arabidopsis thaliana]
NP_001031218.2,0.42099568,defense_signaling,61.51803679963491,NP_001031218.2 Defensin-like (DEFL) family protein [Arabidopsis thaliana]
NP_199171.3,0.41976932,PR_proteins,65.35357935569523,"NP_199171.3 Serine protease inhibitor, potato inhibitor I-type family protein [Arabidopsis thaliana]"
NP_974727.1,0.41957763,defense_signaling,61.414317422780925,NP_974727.1 Putative membrane lipoprotein [Arabidopsis thaliana]
NP_680206.1,0.41900843,cell_death_HR,59.59507955276205,NP_680206.1 Late embryogenesis abundant (LEA) hydroxyproline-rich glycoprotein family [Arabidopsis thaliana]
NP_194048.1,0.41818687,RLK_defense,63.68992055095733,NP_194048.1 receptor-like protein kinase-related family protein [Arabidopsis thaliana]
NP_001032125.1,0.4178141,defense_signaling,63.62768892484494,NP_001032125.1 Putative membrane lipoprotein [Arabidopsis thaliana]
NP_001031259.1,0.41758224,defense_signaling,61.84993880556766,NP_001031259.1 Defensin-like (DEFL) family protein [Arabidopsis thaliana]
NP_001030783.1,0.41721785,defense_signaling,61.15501898064596,NP_001030783.1 SCR-like 19 [Arabidopsis thaliana]
NP_564075.1,0.41597015,defense_signaling,61.03159292218972,NP_564075.1 jasmonate-zim-domain protein 1 [Arabidopsis thaliana]
NP_001319041.1,0.41597015,defense_signaling,61.03159292218972,NP_001319041.1 jasmonate-zim-domain protein 1 [Arabidopsis thaliana]
NP_001031952.1,0.41485178,defense_signaling,60.94343145186384,NP_001031952.1 Defensin-like (DEFL) family protein [Arabidopsis thaliana]
NP_181635.2,0.41318607,defense_signaling,60.78992677411994,NP_181635.2 WW domain-containing protein [Arabidopsis thaliana]
NP_568576.2,0.4131214,defense_signaling,60.77955483643455,NP_568576.2 Defensin-like (DEFL) family protein [Arabidopsis thaliana]
NP_568845.1,0.41242263,defense_signaling,60.731843923081705,NP_568845.1 cotton fiber protein [Arabidopsis thaliana]
NP_001032023.1,0.4119857,defense_signaling,60.68413300972888,NP_001032023.1 Defensin-like (DEFL) family protein [Arabidopsis thaliana]
NP_001185368.1,0.4111994,NBS_LRR,64.9905615367063,NP_001185368.1 Polyketide cyclase/dehydrase and lipid transport superfamily protein [Arabidopsis thaliana]
NP_001032036.1,0.4093436,defense_signaling,60.41861140498269,NP_001032036.1 Putative membrane lipoprotein [Arabidopsis thaliana]
NP_001031901.1,0.40860853,defense_signaling,61.31059804592695,NP_001031901.1 Cysteine-rich protein [Arabidopsis thaliana]
NP_195273.1,0.40859908,defense_signaling,60.33563590349949,NP_195273.1 RING-H2 finger A3B [Arabidopsis thaliana]
NP_001031353.1,0.40795234,defense_signaling,60.25888356462754,NP_001031353.1 defensin-like protein [Arabidopsis thaliana]
NP_001319926.1,0.40776306,defense_signaling,60.88327421328853,NP_001319926.1 defensin-like protein [Arabidopsis thaliana]
NP_001031896.1,0.40590808,defense_signaling,60.08048623643869,NP_001031896.1 Putative membrane lipoprotein [Arabidopsis thaliana]
NP_565096.1,0.4053844,defense_signaling,60.043147260771256,NP_565096.1 TIFY domain/Divergent CCT motif family protein [Arabidopsis thaliana]
NP_567654.1,0.40504682,defense_signaling,59.98299002219595,NP_567654.1 Defensin-like (DEFL) family protein [Arabidopsis thaliana]
NP_001031414.1,0.40499634,defense_signaling,59.970543696973465,NP_001031414.1 SCR-like 17 [Arabidopsis thaliana]
NP_188139.1,0.40456888,defense_signaling,59.94979982160267,NP_188139.1 ethylene responsive element binding factor 4 [Arabidopsis thaliana]
NP_001031600.1,0.40435907,defense_signaling,59.91246084593524,NP_001031600.1 Putative membrane lipoprotein [Arabidopsis thaliana]
NP_001030763.1,0.402971,defense_signaling,60.38749559192649,NP_001030763.1 low-molecular-weight cysteine-rich 4 [Arabidopsis thaliana]
NP_001031903.1,0.40267032,PR_proteins,59.70294770469019,NP_001031903.1 Defensin-like (DEFL) family protein [Arabidopsis thaliana]
NP_001329303.1,0.40171856,defense_signaling,59.64901362872613,NP_001329303.1 bZIP transcription factor family protein [Arabidopsis thaliana]
NP_001031608.1,0.39922157,defense_signaling,59.47061630053727,NP_001031608.1 SCR-like 20 [Arabidopsis thaliana]
NP_001032022.1,0.3988493,defense_signaling,59.43535171240691,NP_001032022.1 Putative membrane lipoprotein [Arabidopsis thaliana]
NP_001032035.1,0.39775303,defense_signaling,59.3440786607754,NP_001032035.1 Defensin-like (DEFL) family protein [Arabidopsis thaliana]
NP_001032038.1,0.3967866,RLK_defense,61.90802165660588,NP_001032038.1 low-molecular-weight cysteine-rich 12 [Arabidopsis thaliana]
NP_177245.1,0.39656642,NBS_LRR,64.17325284709689,NP_177245.1 MLP-like protein 43 [Arabidopsis thaliana]
NP_181140.1,0.394268,cell_death_HR,58.33592631775469,NP_181140.1 NDR1/HIN1-like 12 [Arabidopsis thaliana]
NP_563851.1,0.39399168,PR_proteins,59.130416744456205,NP_563851.1 Eukaryotic aspartyl protease family protein [Arabidopsis thaliana]
NP_001319211.1,0.3925063,cell_death_HR,58.27162030410521,NP_001319211.1 purple acid phosphatase 5 [Arabidopsis thaliana]
NP_849467.1,0.3920382,defense_signaling,58.89393656522912,NP_849467.1 Putative interactor of JAZ [Arabidopsis thaliana]
NP_194620.1,0.3920382,defense_signaling,58.89393656522912,NP_194620.1 Putative interactor of JAZ [Arabidopsis thaliana]
NP_001078466.1,0.3920382,defense_signaling,58.89393656522912,NP_001078466.1 Putative interactor of JAZ [Arabidopsis thaliana]
NP_175008.1,0.39087567,defense_signaling,58.80266351359761,NP_175008.1 uncharacterized protein AT1G43160 [Arabidopsis thaliana]
NP_849290.1,0.3906564,defense_signaling,58.792291575912216,NP_849290.1 bZIP transcription factor family protein [Arabidopsis thaliana]
NP_196750.1,0.39065388,RLK_defense,61.43298691061464,NP_196750.1 harpin-induced protein [Arabidopsis thaliana]
NP_192173.1,0.39044502,defense_signaling,58.77154770054142,NP_192173.1 bZIP transcription factor family protein [Arabidopsis thaliana]
NP_001031603.1,0.38995764,defense_signaling,58.730059949799816,NP_001031603.1 Putative membrane lipoprotein [Arabidopsis thaliana]
NP_680294.1,0.38728404,PR_proteins,58.757026987781856,NP_680294.1 Defensin-like (DEFL) family protein [Arabidopsis thaliana]
NP_181190.3,0.38683125,defense_signaling,58.4769846702761,NP_181190.3 demeter-like 1 [Arabidopsis thaliana]
NP_001031902.1,0.3866546,defense_signaling,58.46246395751654,NP_001031902.1 Cysteine-rich protein [Arabidopsis thaliana]
NP_001328605.1,0.38561988,NBS_LRR,63.56545729873256,"NP_001328605.1 cytochrome P450, family 79, subfamily B, polypeptide 2 [Arabidopsis thaliana]"
NP_001031341.1,0.38475543,defense_signaling,58.29755014831871,NP_001031341.1 Defensin-like (DEFL) family protein [Arabidopsis thaliana]
NP_001032063.1,0.38391626,defense_signaling,58.23635571597487,NP_001032063.1 Defensin-like (DEFL) family protein [Arabidopsis thaliana]
NP_001031152.1,0.3812379,defense_signaling,60.45387599311304,NP_001031152.1 defensin-like protein [Arabidopsis thaliana]
NP_001031315.1,0.38026622,defense_signaling,57.97498288630282,NP_001031315.1 Putative membrane lipoprotein [Arabidopsis thaliana]
NP_001031365.1,0.37988135,defense_signaling,57.95631339846911,NP_001031365.1 Defensin-like (DEFL) family protein [Arabidopsis thaliana]
NP_001031198.1,0.37580544,RLK_defense,60.42898334266808,NP_001031198.1 Protein of unknown function (PD694200) [Arabidopsis thaliana]
NP_197538.2,0.37355053,cell_death_HR,57.234426535565376,NP_197538.2 phosphate transporter 4;5 [Arabidopsis thaliana]
NP_194723.1,0.37048334,defense_signaling,57.27591428630697,NP_194723.1 pathogenesis related homeodomain protein A [Arabidopsis thaliana]
NP_200968.1,0.3704013,defense_signaling,57.26761673615864,NP_200968.1 ethylene response factor 104 [Arabidopsis thaliana]
NP_001031212.1,0.36665502,defense_signaling,56.92326840500343,NP_001031212.1 SCR-like 8 [Arabidopsis thaliana]
NP_199234.1,0.36663294,defense_signaling,56.91911962992926,NP_199234.1 erf domain protein 9 [Arabidopsis thaliana]
NP_192697.1,0.36625016,cell_death_HR,56.87140871657643,NP_192697.1 NDR1/HIN1-like 22 [Arabidopsis thaliana]
NP_181142.1,0.36405653,cell_death_HR,56.74072230174041,NP_181142.1 Late embryogenesis abundant (LEA) hydroxyproline-rich glycoprotein family [Arabidopsis thaliana]
NP_196251.1,0.36322486,cell_death_HR,56.69716016346173,NP_196251.1 Late embryogenesis abundant (LEA) hydroxyproline-rich glycoprotein family [Arabidopsis thaliana]
NP_565670.1,0.3631745,RLK_defense,59.61789781566992,NP_565670.1 low-molecular-weight cysteine-rich 5 [Arabidopsis thaliana]
NP_001032034.1,0.36254913,defense_signaling,56.63077976227518,NP_001032034.1 low-molecular-weight cysteine-rich 1 [Arabidopsis thaliana]
NP_001031038.1,0.3619781,defense_signaling,56.5789200738482,NP_001031038.1 defensin-like protein [Arabidopsis thaliana]
NP_001031595.1,0.36178252,defense_signaling,56.566473748625725,NP_001031595.1 Defensin-like (DEFL) family protein [Arabidopsis thaliana]
NP_566000.1,0.3591483,defense_signaling,58.98520961686062,NP_566000.1 Scorpion toxin-like knottin superfamily protein [Arabidopsis thaliana]
NP_001077895.1,0.35864353,defense_signaling,56.27605949343456,NP_001077895.1 maternal effect embryo arrest 14 [Arabidopsis thaliana]
NP_564387.1,0.35858548,cell_death_HR,56.45238243408633,NP_564387.1 nuclear shuttle interacting [Arabidopsis thaliana]
NP_001031227.2,0.35680905,defense_signaling,56.118406040616506,NP_001031227.2 Defensin-like (DEFL) family protein [Arabidopsis thaliana]
NP_001077641.1,0.3567177,cell_death_HR,56.37563009521439,NP_001077641.1 nuclear shuttle interacting [Arabidopsis thaliana]
NP_189143.2,0.356481,cell_death_HR,56.35073744476943,NP_189143.2 RPM1 interacting protein 4 [Arabidopsis thaliana]
NP_171654.1,0.35640872,antimicrobial,57.414898251291305,NP_171654.1 Late embryogenesis abundant protein [Arabidopsis thaliana]
NP_001032012.2,0.35501873,defense_signaling,55.96282697533553,NP_001032012.2 defensin-like protein [Arabidopsis thaliana]
NP_683323.2,0.3541748,NBS_LRR,61.5491526126911,NP_683323.2 Galactose-binding protein [Arabidopsis thaliana]
NP_193705.1,0.3537093,cell_death_HR,56.98550003111581,NP_193705.1 SBP (S-ribonuclease binding protein) family protein [Arabidopsis thaliana]
NP_566723.1,0.35247913,defense_signaling,55.76783454685005,NP_566723.1 uncharacterized protein AT3G23170 [Arabidopsis thaliana]
NP_001327290.1,0.35096577,antimicrobial,57.15767419669343,NP_001327290.1 actin depolymerizing factor 2 [Arabidopsis thaliana]
NP_973950.1,0.3507855,cell_death_HR,55.96697575040969,NP_973950.1 nuclear shuttle interacting [Arabidopsis thaliana]
NP_176122.2,0.34825686,NBS_LRR,61.1923579563134,NP_176122.2 cytochrome p450 79c2 [Arabidopsis thaliana]
NP_567480.2,0.34709713,defense_signaling,55.39859356524987,NP_567480.2 RING/U-box superfamily protein [Arabidopsis thaliana]
NP_200184.1,0.3460273,RLK_defense,60.15101541269941,NP_200184.1 Late embryogenesis abundant (LEA) hydroxyproline-rich glycoprotein family [Arabidopsis thaliana]
NP_195098.1,0.34550872,PR_proteins,56.28850581865704,"NP_195098.1 CAP (Cysteine-rich secretory proteins, Antigen 5, and Pathogenesis-related 1 protein) superfamily protein [Arabidopsis thaliana]"
NP_001032039.1,0.34128606,defense_signaling,56.59758956168192,NP_001032039.1 low-molecular-weight cysteine-rich 46 [Arabidopsis thaliana]
NP_565383.1,0.33777168,defense_signaling,54.71300848424503,NP_565383.1 maternal effect embryo arrest 14 [Arabidopsis thaliana]
NP_001031413.1,0.33756012,RLK_defense,57.70946128155662,NP_001031413.1 low-molecular-weight cysteine-rich 14 [Arabidopsis thaliana]
NP_191359.1,0.33399543,defense_signaling,54.40496193498869,NP_191359.1 VQ motif-containing protein [Arabidopsis thaliana]
NP_001032033.1,0.33371624,defense_signaling,54.382143672080815,NP_001032033.1 Putative membrane lipoprotein [Arabidopsis thaliana]
NP_001323954.1,0.3330337,NBS_LRR,60.24851162694215,"NP_001323954.1 cytochrome P450, family 79, subfamily B, polypeptide 3 [Arabidopsis thaliana]"
NP_199112.1,0.33242497,PR_proteins,55.98979401331757,NP_199112.1 thioredoxin 3 [Arabidopsis thaliana]
NP_851241.1,0.32883742,defense_signaling,54.06476237890763,NP_851241.1 myb domain protein 28 [Arabidopsis thaliana]
NP_001031224.1,0.32575837,defense_signaling,53.81998464953222,NP_001031224.1 Defensin-like (DEFL) family protein [Arabidopsis thaliana]
NP_001032124.1,0.32553753,defense_signaling,55.07084033439127,NP_001032124.1 Putative membrane lipoprotein [Arabidopsis thaliana]
NP_566485.1,0.3249555,defense_signaling,53.76605057356816,NP_566485.1 uncharacterized protein AT3G14395 [Arabidopsis thaliana]
NP_569000.1,0.32465106,defense_signaling,53.74945547327151,NP_569000.1 elicitor peptide 2 precursor [Arabidopsis thaliana]
NP_001031442.1,0.32396814,antimicrobial,55.78857842222084,NP_001031442.1 senescence-associated gene 13 [Arabidopsis thaliana]
NP_186791.1,0.3236614,antimicrobial,55.769908934387125,NP_186791.1 Peroxidase superfamily protein [Arabidopsis thaliana]
NP_001332504.1,0.3233292,defense_signaling,53.63847574003775,NP_001332504.1 calmodulin binding protein [Arabidopsis thaliana]
NP_001318476.1,0.3233292,defense_signaling,53.63847574003775,NP_001318476.1 calmodulin binding protein [Arabidopsis thaliana]
NP_191525.2,0.32294136,cell_death_HR,54.46719356110109,NP_191525.2 C2 domain-containing protein / GRAM domain-containing protein [Arabidopsis thaliana]
NP_566438.1,0.31907266,NBS_LRR,59.35652498599788,NP_566438.1 SBP (S-ribonuclease binding protein) family protein [Arabidopsis thaliana]
NP_564789.1,0.31683987,defense_signaling,53.12506482461053,NP_564789.1 ankyrin repeat protein [Arabidopsis thaliana]
NP_850776.2,0.31571147,RLK_defense,56.20345592963677,NP_850776.2 late embryogenesis abundant (LEA) hydroxyproline-rich glycoprotein family protein [Arabidopsis thaliana]
NP_176352.1,0.31144783,antimicrobial,55.160038998485696,NP_176352.1 R-protein L3 B [Arabidopsis thaliana]
NP_174158.1,0.31122443,defense_signaling,52.62410023440579,NP_174158.1 ERF domain protein 12 [Arabidopsis thaliana]
NP_001031290.1,0.3103411,defense_signaling,52.56290580206194,NP_001031290.1 Defensin-like (DEFL) family protein [Arabidopsis thaliana]
NP_196138.1,0.30952874,defense_signaling,52.50482295102371,NP_196138.1 hypothetical protein (DUF3133) [Arabidopsis thaliana]
NP_680455.2,0.30852836,PR_proteins,54.32820959611675,NP_680455.2 Defensin-like (DEFL) family protein [Arabidopsis thaliana]
NP_177077.3,0.30658692,defense_signaling,52.29323542224158,NP_177077.3 Squamosa promoter-binding protein-like (SBP domain) transcription factor family protein [Arabidopsis thaliana]
NP_001031313.1,0.3062967,defense_signaling,52.26834277179663,NP_001031313.1 Defensin-like (DEFL) family protein [Arabidopsis thaliana]
NP_179708.2,0.30543676,cell_death_HR,53.50052896882196,"NP_179708.2 magnesium transporter, putative (DUF803) [Arabidopsis thaliana]"
NP_195941.2,0.29998875,defense_signaling,51.80990312610202,NP_195941.2 E3 ubiquitin-protein ligase [Arabidopsis thaliana]
NP_001077596.1,0.2996644,cell_death_HR,53.1997427759454,NP_001077596.1 phytochrome and flowering time regulatory protein (PFT1) [Arabidopsis thaliana]
NP_566002.2,0.29952502,defense_signaling,51.7808617005829,NP_566002.2 scorpion toxin-like knottin superfamily protein [Arabidopsis thaliana]
NP_188666.1,0.29764163,defense_signaling,51.648100898209805,NP_188666.1 ethylene response factor 7 [Arabidopsis thaliana]
NP_195614.2,0.2954047,cell_death_HR,53.04208932312735,NP_195614.2 MATE efflux family protein [Arabidopsis thaliana]
NP_188695.2,0.2937881,defense_signaling,51.29960379198042,NP_188695.2 Late embryogenesis abundant (LEA) hydroxyproline-rich glycoprotein family [Arabidopsis thaliana]
NP_001030645.1,0.29363537,RLK_defense,55.86740514862987,NP_001030645.1 S locus-related glycoprotein 1 (SLR1) binding pollen coat protein family [Arabidopsis thaliana]
NP_180912.2,0.29314768,defense_signaling,51.262264816312985,NP_180912.2 C-terminal domain phosphatase-like 3 [Arabidopsis thaliana]
NP_001117406.1,0.28717571,defense_signaling,50.75403986972846,NP_001117406.1 Smg-4/UPF3 family protein [Arabidopsis thaliana]
NP_849797.1,0.28711262,defense_signaling,50.74574231958015,NP_849797.1 TSK-associating protein 1 [Arabidopsis thaliana]
NP_195417.1,0.2842986,defense_signaling,50.55282427863174,NP_195417.1 accelerated cell death 2 (ACD2) [Arabidopsis thaliana]
NP_001078705.1,0.2818647,defense_signaling,50.3827245005912,NP_001078705.1 CAP-binding protein 20 [Arabidopsis thaliana]
NP_199233.1,0.28186312,defense_signaling,50.38065011305412,NP_199233.1 CAP-binding protein 20 [Arabidopsis thaliana]
NP_001078439.1,0.2817874,defense_signaling,50.37131536913726,NP_001078439.1 acyl-CoA-binding domain 3 [Arabidopsis thaliana]
NP_001078440.1,0.2817874,defense_signaling,50.37131536913726,NP_001078440.1 acyl-CoA-binding domain 3 [Arabidopsis thaliana]
NP_194154.1,0.2817874,defense_signaling,50.37131536913726,NP_194154.1 acyl-CoA-binding domain 3 [Arabidopsis thaliana]
NP_001078441.1,0.2817874,defense_signaling,50.37131536913726,NP_001078441.1 acyl-CoA-binding domain 3 [Arabidopsis thaliana]
NP_564607.1,0.28036302,defense_signaling,50.231294210384384,NP_564607.1 TSK-associating protein 1 [Arabidopsis thaliana]
NP_569001.1,0.27996552,defense_signaling,50.19602962225404,NP_569001.1 precursor of peptide 1 [Arabidopsis thaliana]
NP_565549.1,0.27973405,RLK_defense,53.660256809177085,NP_565549.1 uncharacterized protein AT2G23270 [Arabidopsis thaliana]
NP_001031635.5,0.27940714,defense_signaling,50.14831870890119,NP_001031635.5 Defensin-like (DEFL) family protein [Arabidopsis thaliana]
NP_201280.1,0.27880144,defense_signaling,50.10268218308545,NP_201280.1 Integrase-type DNA-binding superfamily protein [Arabidopsis thaliana]
NP_567529.1,0.2780585,defense_signaling,50.04252494451013,NP_567529.1 ethylene responsive element binding factor 6 [Arabidopsis thaliana]
NP_568777.1,0.27722406,defense_signaling,49.959549443026944,NP_568777.1 WRKY DNA-binding protein 27 [Arabidopsis thaliana]
NP_563653.2,0.27614987,defense_signaling,49.85790445371004,NP_563653.2 NIM1-interacting 1 [Arabidopsis thaliana]
NP_849432.1,0.27573502,defense_signaling,49.82471425311677,NP_849432.1 acyl-CoA-binding domain 3 [Arabidopsis thaliana]
NP_182113.2,0.27528703,defense_signaling,49.76455701454145,NP_182113.2 RHO guanyl-nucleotide exchange factor 4 [Arabidopsis thaliana]
NP_001078561.1,0.27272853,defense_signaling,49.526002447777294,NP_001078561.1 elicitor peptide 7 precursor [Arabidopsis thaliana]
NP_001323034.1,0.26248977,defense_signaling,48.80307839110503,NP_001323034.1 uncharacterized protein AT1G17780 [Arabidopsis thaliana]
NP_973852.1,0.26248977,defense_signaling,48.80307839110503,NP_973852.1 uncharacterized protein AT1G17780 [Arabidopsis thaliana]
NP_001323035.1,0.26248977,defense_signaling,48.80307839110503,NP_001323035.1 uncharacterized protein AT1G17780 [Arabidopsis thaliana]
NP_001031345.1,0.25850374,defense_signaling,48.565561018109406,NP_001031345.1 low-molecular-weight cysteine-rich 29 [Arabidopsis thaliana]
NP_001031319.1,0.2573915,RLK_defense,52.195739207998834,NP_001031319.1 low-molecular-weight cysteine-rich 82 [Arabidopsis thaliana]
NP_001031473.1,0.24885492,defense_signaling,47.9639886323563,NP_001031473.1 Cysteine-rich protein [Arabidopsis thaliana]
NP_175104.1,0.24751888,defense_signaling,47.88101313087312,NP_175104.1 Integrase-type DNA-binding superfamily protein [Arabidopsis thaliana]
NP_568022.1,0.2436965,RLK_defense,51.253967266164665,NP_568022.1 uncharacterized protein AT4G37290 [Arabidopsis thaliana]
NP_196688.2,0.24209271,defense_signaling,47.50140021158753,NP_196688.2 overexpressor of cationic peroxidase 3 [Arabidopsis thaliana]
NP_973768.1,0.24120866,PR_proteins,50.781006907710506,NP_973768.1 uncharacterized protein AT1G06135 [Arabidopsis thaliana]
NP_174660.2,0.23867454,defense_signaling,47.26699441989752,NP_174660.2 Smg-4/UPF3 family protein [Arabidopsis thaliana]
NP_001031395.1,0.23641099,defense_signaling,47.08859709170867,NP_001031395.1 Cysteine-rich protein [Arabidopsis thaliana]
NP_190421.1,0.23586695,NBS_LRR,54.037795340925584,"NP_190421.1 cytochrome P450, family 94, subfamily B, polypeptide 3 [Arabidopsis thaliana]"
NP_565003.3,0.23469889,cell_death_HR,50.023855456676415,NP_565003.3 MLP-like protein 34 [Arabidopsis thaliana]
NP_175283.2,0.23443927,defense_signaling,46.95998506440973,NP_175283.2 jasmonate-zim-domain protein 4 [Arabidopsis thaliana]
NP_175479.1,0.23302752,defense_signaling,46.86456323770407,NP_175479.1 ethylene responsive element binding factor 3 [Arabidopsis thaliana]
NP_683343.1,0.23220412,defense_signaling,46.82514987449956,NP_683343.1 VQ motif-containing protein-like protein [Arabidopsis thaliana]
NP_179791.1,0.2311741,defense_signaling,46.75047192316469,NP_179791.1 elicitor peptide 6 precursor [Arabidopsis thaliana]
NP_568679.1,0.22390713,defense_signaling,46.26299085195097,NP_568679.1 ethylene responsive element binding factor 5 [Arabidopsis thaliana]
NP_198508.1,0.22075552,defense_signaling,46.05762648578008,NP_198508.1 uncharacterized protein AT5G36920 [Arabidopsis thaliana]
NP_001318523.1,0.2169919,defense_signaling,45.80662559379344,NP_001318523.1 uncharacterized protein AT5G09976 [Arabidopsis thaliana]
NP_188745.1,0.2103401,defense_signaling,45.34403717302467,NP_188745.1 ABC transporter-like protein [Arabidopsis thaliana]
NP_181551.1,0.20586824,defense_signaling,45.04117659261103,NP_181551.1 Integrase-type DNA-binding superfamily protein [Arabidopsis thaliana]
NP_001077806.1,0.2031208,cell_death_HR,48.558300661729625,NP_001077806.1 MLP-like protein 28 [Arabidopsis thaliana]
NP_850917.2,0.20107932,defense_signaling,44.76113427510528,NP_850917.2 uncharacterized protein AT5G36925 [Arabidopsis thaliana]
NP_188696.1,0.20054014,RLK_defense,51.44895969465016,NP_188696.1 Late embryogenesis abundant (LEA) hydroxyproline-rich glycoprotein family [Arabidopsis thaliana]
NP_001077691.1,0.20047873,NBS_LRR,51.80782873856494,NP_001077691.1 Eukaryotic aspartyl protease family protein [Arabidopsis thaliana]
NP_198319.1,0.19895487,cell_death_HR,48.35812226440144,NP_198319.1 Eukaryotic aspartyl protease family protein [Arabidopsis thaliana]
NP_199763.1,0.19677308,defense_signaling,44.50183583297032,NP_199763.1 WRKY DNA-binding protein 48 [Arabidopsis thaliana]
NP_001078711.1,0.1951957,defense_signaling,44.38152135581969,NP_001078711.1 uncharacterized protein AT5G44572 [Arabidopsis thaliana]
NP_177240.3,0.19491807,cell_death_HR,48.16935299852719,NP_177240.3 MLP-like protein 28 [Arabidopsis thaliana]
NP_178407.2,0.18983419,defense_signaling,44.022652311904906,NP_178407.2 mediator subunit 8 [Arabidopsis thaliana]
NP_186777.1,0.18790361,cell_death_HR,47.83537660505736,NP_186777.1 voltage dependent anion channel 1 [Arabidopsis thaliana]
NP_191685.1,0.18771578,defense_signaling,43.87744518430933,NP_191685.1 Remorin family protein [Arabidopsis thaliana]
NP_851188.1,0.18566538,cell_death_HR,47.68394631485054,NP_851188.1 cyclic nucleotide-gated cation channel 4 [Arabidopsis thaliana]
NP_001332114.1,0.18566538,cell_death_HR,47.68394631485054,NP_001332114.1 cyclic nucleotide-gated cation channel 4 [Arabidopsis thaliana]
NP_200236.1,0.18566538,cell_death_HR,47.68394631485054,NP_200236.1 cyclic nucleotide-gated cation channel 4 [Arabidopsis thaliana]
NP_001032114.1,0.18170124,defense_signaling,43.4729396145788,NP_001032114.1 Putative membrane lipoprotein [Arabidopsis thaliana]
NP_849586.1,0.17808431,defense_signaling,46.36463584126786,NP_849586.1 Glutaredoxin family protein [Arabidopsis thaliana]
NP_566396.1,0.17055427,cell_death_HR,46.906050988445664,NP_566396.1 NDR1/HIN1-like 1 [Arabidopsis thaliana]
NP_191230.1,0.16962326,defense_signaling,42.772833820814405,NP_191230.1 sigma factor binding protein 1 [Arabidopsis thaliana]
NP_001325423.1,0.16962326,defense_signaling,42.772833820814405,NP_001325423.1 sigma factor binding protein 1 [Arabidopsis thaliana]
NP_001031342.1,0.16691963,defense_signaling,42.622440724376126,NP_001031342.1 SCR-like 16 [Arabidopsis thaliana]
NP_566377.1,0.15636699,defense_signaling,42.003236044557845,NP_566377.1 LOSS OF GIANT CELLS FROM ORGANS [Arabidopsis thaliana]
NP_850920.1,0.1447575,defense_signaling,41.290683925570974,NP_850920.1 uncharacterized protein AT5G44575 [Arabidopsis thaliana]
NP_194575.2,0.14214058,RLK_defense,44.68645632377041,NP_194575.2 uncharacterized protein AT4G28460 [Arabidopsis thaliana]
NP_179820.2,0.14194521,NBS_LRR,48.25232850001037,"NP_179820.2 cytochrome P450, family 79, subfamily B, polypeptide 3 [Arabidopsis thaliana]"
NP_974938.1,0.14040235,defense_signaling,41.027236708361855,NP_974938.1 defensin-like protein [Arabidopsis thaliana]
NP_001330338.1,0.13368273,defense_signaling,40.69533470242911,NP_001330338.1 myb domain protein 3r-4 [Arabidopsis thaliana]
NP_568249.1,0.13368273,defense_signaling,40.69533470242911,NP_568249.1 myb domain protein 3r-4 [Arabidopsis thaliana]
NP_001330337.1,0.13368273,defense_signaling,40.69533470242911,NP_001330337.1 myb domain protein 3r-4 [Arabidopsis thaliana]
NP_564911.1,0.13311644,defense_signaling,40.66525608314146,NP_564911.1 uncharacterized protein AT1G67865 [Arabidopsis thaliana]
NP_001321801.1,0.13311644,defense_signaling,40.66525608314146,NP_001321801.1 uncharacterized protein AT1G67865 [Arabidopsis thaliana]
NP_182147.1,0.12659399,defense_signaling,40.294977907772726,NP_182147.1 BCL-2-associated athanogene 6 [Arabidopsis thaliana]
NP_182106.1,0.12307486,defense_signaling,40.13110129234344,NP_182106.1 Remorin family protein [Arabidopsis thaliana]
NP_178443.1,0.12304014,PR_proteins,44.84203538905138,NP_178443.1 nodulin-related protein 1 [Arabidopsis thaliana]
NP_188465.1,0.11166096,defense_signaling,39.44344182380152,NP_188465.1 VQ motif-containing protein [Arabidopsis thaliana]
NP_195705.1,0.109481625,NBS_LRR,46.45798328043645,"NP_195705.1 cytochrome P450, family 79, subfamily B, polypeptide 2 [Arabidopsis thaliana]"
NP_973574.1,0.10858022,PR_proteins,44.12222291368473,NP_973574.1 uncharacterized protein AT2G31345 [Arabidopsis thaliana]
NP_191345.1,0.09936688,defense_signaling,38.7972701060012,NP_191345.1 UV-B-insensitive 4-like protein [Arabidopsis thaliana]
NP_001078174.1,0.098773785,defense_signaling,38.77030306801917,NP_001078174.1 jasmonate-zim-domain protein 3 [Arabidopsis thaliana]
NP_001327107.1,0.098772205,defense_signaling,38.76822868048209,NP_001327107.1 jasmonate-zim-domain protein 3 [Arabidopsis thaliana]
NP_001031308.1,0.09225291,defense_signaling,38.37824382351111,NP_001031308.1 Defensin-like (DEFL) family protein [Arabidopsis thaliana]
NP_001322856.1,0.087997146,defense_signaling,41.49397390420479,NP_001322856.1 zinc ion binding protein [Arabidopsis thaliana]
NP_565200.1,0.08256623,defense_signaling,37.8492750015558,NP_565200.1 zinc ion binding protein [Arabidopsis thaliana]
NP_199109.1,0.07540809,defense_signaling,37.47588524488145,NP_199109.1 GYF domain-containing protein [Arabidopsis thaliana]
NP_567231.1,0.06707615,cell_death_HR,42.12043894040284,NP_567231.1 senescence-associated gene 21 [Arabidopsis thaliana]
NP_564303.2,0.064582735,cell_death_HR,41.985603750492665,NP_564303.2 VQ motif-containing protein [Arabidopsis thaliana]
NP_974882.1,0.06392795,defense_signaling,36.90750305972162,NP_974882.1 uncharacterized protein AT5G44565 [Arabidopsis thaliana]
NP_190008.1,0.05968969,cell_death_HR,41.76986744663638,NP_190008.1 Late embryogenesis abundant (LEA) hydroxyproline-rich glycoprotein family [Arabidopsis thaliana]
NP_001326175.1,0.05631079,defense_signaling,36.53618769058436,NP_001326175.1 uncharacterized protein AT3G13437 [Arabidopsis thaliana]
NP_564183.1,0.04787406,RLK_defense,39.43410707988466,NP_564183.1 uncharacterized protein AT1G22885 [Arabidopsis thaliana]
NP_181755.1,0.04786709,defense_signaling,36.133756508390896,NP_181755.1 uv-b-insensitive 4 [Arabidopsis thaliana]
NP_001324441.1,0.047865514,defense_signaling,36.13168212085382,NP_001324441.1 uv-b-insensitive 4 [Arabidopsis thaliana]
NP_197880.3,0.047587894,defense_signaling,36.12131018316842,NP_197880.3 uncharacterized protein AT5G24980 [Arabidopsis thaliana]
NP_001117579.1,0.043638982,NBS_LRR,42.771796627045866,NP_001117579.1 MLP-like protein 28 [Arabidopsis thaliana]
NP_001078710.1,0.03794381,defense_signaling,35.6130852365839,NP_001078710.1 uncharacterized protein AT5G44568 [Arabidopsis thaliana]
NP_187679.1,0.036285985,defense_signaling,35.53425851017487,NP_187679.1 HSP20-like chaperones superfamily protein [Arabidopsis thaliana]
NP_974174.1,0.03111061,defense_signaling,38.99433692202377,NP_974174.1 zinc ion binding protein [Arabidopsis thaliana]
NP_194643.1,0.023776568,cell_death_HR,40.31779617068061,NP_194643.1 MATE efflux family protein [Arabidopsis thaliana]
NP_181781.1,0.018324392,defense_signaling,35.364158732134335,NP_181781.1 cold regulated 15b [Arabidopsis thaliana]
NP_564941.1,0.017360013,RLK_defense,37.67087767336694,NP_564941.1 Putative membrane lipoprotein [Arabidopsis thaliana]
NP_001119457.1,0.014279996,defense_signaling,34.519883004542905,"NP_001119457.1 oxidoreductases, acting on NADH or NADPH, quinone or similar compound as acceptor [Arabidopsis thaliana]"
NP_175402.2,0.001348382,RLK_defense,36.91165183479578,NP_175402.2 uncharacterized protein AT1G49800 [Arabidopsis thaliana]
NP_566590.1,-0.00279669,defense_signaling,34.56344514282158,NP_566590.1 jasmonate-zim-domain protein 3 [Arabidopsis thaliana]
NP_174441.1,-0.0038629968,defense_signaling,33.758582778434665,NP_174441.1 ECS1 [Arabidopsis thaliana]
NP_001078346.1,-0.011062016,cell_death_HR,38.87817121994731,NP_001078346.1 senescence-associated gene 21 [Arabidopsis thaliana]
NP_564855.1,-0.0291452,defense_signaling,32.67575248407908,NP_564855.1 uncharacterized protein AT1G65500 [Arabidopsis thaliana]
NP_849523.1,-0.03810329,PR_proteins,37.71858858671977,"NP_849523.1 cold, circadian rhythm, and RNA binding 1 [Arabidopsis thaliana]"
NP_001031616.1,-0.052868955,defense_signaling,31.69456717904039,NP_001031616.1 SCR-like 21 [Arabidopsis thaliana]
NP_173702.1,-0.058374,defense_signaling,33.5252141805132,NP_173702.1 uncharacterized protein AT1G22890 [Arabidopsis thaliana]
NP_001154758.1,-0.07587027,defense_signaling,30.732051361835417,NP_001154758.1 ORMDL family protein [Arabidopsis thaliana]
NP_001318482.1,-0.08184222,defense_signaling,31.56180637666729,NP_001318482.1 uncharacterized protein AT5G05300 [Arabidopsis thaliana]
NP_001078571.1,-0.08432028,defense_signaling,30.42296761881055,NP_001078571.1 uncharacterized protein AT5G11630 [Arabidopsis thaliana]
NP_190666.1,-0.09899397,cell_death_HR,35.68568880038169,NP_190666.1 dehydrin family protein [Arabidopsis thaliana]
NP_001331322.1,-0.09979908,defense_signaling,29.82969278320576,NP_001331322.1 uncharacterized protein AT5G44567 [Arabidopsis thaliana]
NP_569002.1,-0.110476345,defense_signaling,29.460451801605576,NP_569002.1 elicitor peptide 3 precursor [Arabidopsis thaliana]
NP_001332362.1,-0.111219294,defense_signaling,29.432447569855004,NP_001332362.1 uncharacterized protein AT5G11630 [Arabidopsis thaliana]
NP_196724.3,-0.111219294,defense_signaling,29.432447569855004,NP_196724.3 uncharacterized protein AT5G11630 [Arabidopsis thaliana]
NP_193063.2,-0.128692,NBS_LRR,34.086336009293255,NP_193063.2 Late embryogenesis abundant (LEA) hydroxyproline-rich glycoprotein family [Arabidopsis thaliana]
NP_564119.1,-0.16062212,cell_death_HR,33.4889123986143,NP_564119.1 Small nuclear ribonucleoprotein family protein [Arabidopsis thaliana]
NP_194319.1,-0.17138046,defense_signaling,27.1309145974651,NP_194319.1 60S acidic ribosomal protein family [Arabidopsis thaliana]
NP_199270.1,-0.17705113,defense_signaling,26.929699006368367,NP_199270.1 uncharacterized protein AT5G44570 [Arabidopsis thaliana]
NP_001078712.1,-0.19752707,defense_signaling,26.24100234405792,NP_001078712.1 uncharacterized protein AT5G44574 [Arabidopsis thaliana]
NP_001118398.1,-0.19855006,RLK_defense,27.78227228410812,NP_001118398.1 CLAVATA3 [Arabidopsis thaliana]
NP_001031312.1,-0.22673221,defense_signaling,25.278486526852944,NP_001031312.1 Defensin-like (DEFL) family protein [Arabidopsis thaliana]
NP_001331891.1,-0.23912251,defense_signaling,24.88227850727073,NP_001331891.1 uncharacterized protein AT5G44570 [Arabidopsis thaliana]
NP_973541.1,-0.24523658,RLK_defense,25.94021615118136,NP_973541.1 CLAVATA3 [Arabidopsis thaliana]
NP_568224.1,-0.33303165,defense_signaling,22.1503101209368,NP_568224.1 elicitor peptide 5 precursor [Arabidopsis thaliana]
NP_849742.2,-0.3525149,cell_death_HR,27.398510589748376,NP_849742.2 lsd one like 1 [Arabidopsis thaliana]
NP_179760.1,-0.45091856,cell_death_HR,24.6914348538594,"NP_179760.1 cold, circadian rhythm, and rna binding 2 [Arabidopsis thaliana]"
NP_188997.1,-0.47935757,cell_death_HR,23.98199431617815,NP_188997.1 MATE efflux family protein [Arabidopsis thaliana]
NP_195637.1,-0.4860984,cell_death_HR,23.791150662766817,"NP_195637.1 cold, circadian rhythm, and RNA binding 1 [Arabidopsis thaliana]"
NP_193978.2,-0.5104991,cell_death_HR,23.18335511440248,NP_193978.2 protease inhibitor/seed storage/lipid transfer protein (LTP) family protein [Arabidopsis thaliana]
NP_568153.2,-0.57722497,NBS_LRR,19.430788059825336,NP_568153.2 phenylalanine N-monooxygenase-like protein [Arabidopsis thaliana]
NP_001077807.1,-0.59594995,cell_death_HR,21.183645528657664,NP_001077807.1 MLP-like protein 28 [Arabidopsis thaliana]
NP_001319574.1,-0.6458166,cell_death_HR,19.97531478830875,NP_001319574.1 heat stable protein 1 [Arabidopsis thaliana]
NP_566569.1,-0.6458166,cell_death_HR,19.97531478830875,NP_566569.1 heat stable protein 1 [Arabidopsis thaliana]
NP_173468.1,-0.6803323,defense_signaling,17.634368452714337,NP_173468.1 cold-regulated 47 [Arabidopsis thaliana]
NP_564455.1,-0.6944462,PR_proteins,17.248532370817514,NP_564455.1 arabinogalactan protein 5 [Arabidopsis thaliana]
NP_189695.1,-0.70726126,defense_signaling,14.52901030970606,NP_189695.1 qua-quine starch [Arabidopsis thaliana]
NP_565741.4,-0.7473661,defense_signaling,13.813346609413571,NP_565741.4 early endosome antigen [Arabidopsis thaliana]
NP_193633.2,-0.7701292,defense_signaling,13.400543489534714,NP_193633.2 AtS40-3 [Arabidopsis thaliana]
NP_001031265.1,-0.7710237,cell_death_HR,17.520277138174954,NP_001031265.1 MLP-like protein 34 [Arabidopsis thaliana]
NP_850976.1,-0.7710268,cell_death_HR,17.518202750637872,NP_850976.1 MLP-like protein 34 [Arabidopsis thaliana]
NP_001031040.1,-0.80152845,defense_signaling,12.898541705561431,NP_001031040.1 Defensin-like (DEFL) family protein [Arabidopsis thaliana]
NP_851039.1,-0.9337269,defense_signaling,10.92787354533574,NP_851039.1 senescence-associated gene 101 [Arabidopsis thaliana]
NP_567945.1,-1.1549091,cell_death_HR,11.25355238865725,NP_567945.1 Protein kinase superfamily protein [Arabidopsis thaliana]
NP_566382.5,-1.1634988,defense_signaling,8.16271495840853,NP_566382.5 uncharacterized protein AT3G10930 [Arabidopsis thaliana]
NP_001030797.1,-1.1978997,defense_signaling,7.857779990457818,NP_001030797.1 Defensin-like (DEFL) family protein [Arabidopsis thaliana]
NP_849895.1,-1.2620951,cell_death_HR,10.046258842076876,NP_849895.1 extensin 4 [Arabidopsis thaliana]
NP_001031592.1,-1.2845056,defense_signaling,7.096479764349575,NP_001031592.1 Defensin-like (DEFL) family protein [Arabidopsis thaliana]
NP_001031123.1,-1.2987194,defense_signaling,6.986537224884352,NP_001031123.1 Defensin-like (DEFL) family protein [Arabidopsis thaliana]
NP_849875.1,-1.401869,cell_death_HR,8.643972867011016,NP_849875.1 MLP-like protein 28 [Arabidopsis thaliana]
NP_001030686.1,-1.4575582,defense_signaling,5.965938556641151,NP_001030686.1 Defensin-like (DEFL) family protein [Arabidopsis thaliana]
NP_849952.1,-2.0875726,cell_death_HR,4.839546124006887,NP_849952.1 golgi nucleotide sugar transporter 1 [Arabidopsis thaliana]
NP_001318219.1,-2.0875802,cell_death_HR,4.837471736469808,NP_001318219.1 golgi nucleotide sugar transporter 1 [Arabidopsis thaliana]
NP_567581.1,-2.3949263,cell_death_HR,3.930964382765988,"NP_567581.1 cytochrome P450, family 707, subfamily A, polypeptide 1 [Arabidopsis thaliana]"
NP_565143.1,-2.4417138,cell_death_HR,3.8210218433007657,NP_565143.1 extensin 4 [Arabidopsis thaliana]
NP_001189524.1,-2.9342442,cell_death_HR,2.1303960005808285,NP_001189524.1 golgi nucleotide sugar transporter 1 [Arabidopsis thaliana]
NP_565357.1,-2.9342456,cell_death_HR,2.128321613043749,NP_565357.1 golgi nucleotide sugar transporter 1 [Arabidopsis thaliana]
NP_851109.1,-4.2321157,cell_death_HR,0.1742485531146929,NP_851109.1 lysine histidine transporter 1 [Arabidopsis thaliana]
