protein_id,ESM2,blastp_default,blastp_filteroff,psiblast_default,psiblast_filteroff,interpro_domain,esm_only_vs_panel
NP_001030614.1,True,False,False,False,False,False,True
NP_001030632.1,False,False,False,False,False,False,False
NP_001030636.1,False,False,False,False,False,False,False
NP_001030638.1,False,False,False,False,False,False,False
NP_001030639.1,False,False,False,False,False,False,False
NP_001030645.1,False,False,False,False,False,False,False
NP_001030652.1,False,False,False,False,False,False,False
NP_001030653.1,False,False,False,False,False,False,False
NP_001030660.1,False,False,False,False,False,False,False
NP_001030667.1,False,False,False,False,False,False,False
NP_001030677.1,False,False,False,False,False,False,False
NP_001030686.1,False,False,False,False,False,False,False
NP_001030715.1,False,False,False,False,False,False,False
NP_001030736.1,False,False,False,False,False,False,False
NP_001030737.1,False,False,False,False,False,False,False
NP_001030745.1,False,False,False,False,False,False,False
NP_001030746.1,False,False,False,False,False,False,False
NP_001030751.1,False,False,False,False,False,False,False
NP_001030752.1,False,False,False,False,False,False,False
NP_001030759.1,False,False,False,False,False,False,False
NP_001030760.1,False,False,False,False,False,False,False
NP_001030763.1,False,False,False,False,False,False,False
NP_001030770.1,False,False,False,False,False,False,False
NP_001030783.1,False,False,False,False,False,False,False
NP_001030785.1,False,False,False,False,False,False,False
NP_001030786.1,False,False,False,False,False,False,False
NP_001030790.3,False,True,True,True,True,False,False
NP_001030797.1,False,False,False,False,False,False,False
NP_001030800.2,False,False,False,False,False,False,False
NP_001030801.1,False,False,False,False,False,False,False
NP_001030802.1,False,False,False,False,False,False,False
NP_001030803.1,False,False,False,False,False,False,False
NP_001030810.1,False,False,False,False,False,False,False
NP_001030829.1,False,True,True,True,True,False,False
NP_001030830.1,False,False,False,False,False,False,False
NP_001030836.1,False,False,False,False,False,False,False
NP_001030878.1,False,True,True,True,True,False,False
NP_001030879.1,False,True,True,False,False,False,False
NP_001030880.1,False,True,True,False,False,False,False
NP_001030909.1,False,False,False,False,False,False,False
NP_001030910.1,False,False,False,False,False,False,False
NP_001030911.1,False,False,False,False,False,False,False
NP_001030912.1,False,False,False,False,False,False,False
NP_001030914.1,False,False,False,False,False,False,False
NP_001030952.1,False,False,False,False,False,False,False
NP_001030958.1,False,False,False,False,False,False,False
NP_001030967.1,False,False,False,False,False,False,False
NP_001030978.1,False,False,False,False,False,False,False
NP_001031003.1,False,False,False,False,False,False,False
NP_001031038.1,False,False,False,False,False,False,False
NP_001031039.1,False,False,False,False,False,False,False
NP_001031040.1,False,False,False,False,False,False,False
NP_001031041.1,False,False,False,False,False,False,False
NP_001031043.1,False,False,False,False,False,False,False
NP_001031047.1,False,False,False,False,False,False,False
NP_001031049.1,False,False,False,False,False,False,False
NP_001031052.1,False,False,False,False,False,False,False
NP_001031087.1,False,False,False,False,False,False,False
NP_001031101.1,False,False,False,False,False,False,False
NP_001031123.1,False,False,False,False,False,False,False
NP_001031130.1,False,False,False,False,False,False,False
NP_001031134.1,False,False,False,False,False,False,False
NP_001031138.4,False,False,False,False,False,False,False
NP_001031141.1,False,False,False,False,False,False,False
NP_001031142.1,False,False,False,False,False,False,False
NP_001031152.1,False,False,False,False,False,False,False
NP_001031155.4,False,True,True,True,True,False,False
NP_001031162.1,False,False,False,False,False,False,False
NP_001031163.1,False,False,False,False,False,False,False
NP_001031175.1,False,False,False,False,False,False,False
NP_001031181.1,False,True,True,True,True,False,False
NP_001031198.1,False,False,False,False,False,False,False
NP_001031200.1,False,False,False,False,False,False,False
NP_001031204.1,False,False,False,False,False,False,False
NP_001031207.1,True,True,True,True,True,True,False
NP_001031209.1,False,False,False,False,False,False,False
NP_001031212.1,False,False,False,False,False,False,False
NP_001031213.1,False,False,False,False,False,False,False
NP_001031214.1,False,False,False,False,False,False,False
NP_001031216.1,True,True,True,True,True,True,False
NP_001031218.2,False,False,False,False,False,False,False
NP_001031224.1,False,False,False,False,False,False,False
NP_001031226.1,False,False,False,False,False,False,False
NP_001031227.2,False,False,False,False,False,False,False
NP_001031236.1,False,False,False,False,False,False,False
NP_001031237.1,False,False,False,False,False,False,False
NP_001031253.1,False,False,False,False,False,False,False
NP_001031254.1,False,False,False,False,False,False,False
NP_001031257.1,False,False,False,False,False,False,False
NP_001031258.1,False,False,False,False,False,False,False
NP_001031259.1,False,False,False,False,False,False,False
NP_001031264.4,False,False,False,False,False,False,False
NP_001031265.1,False,False,False,False,False,False,False
NP_001031266.1,False,False,False,False,False,False,False
NP_001031275.1,False,False,False,False,False,False,False
NP_001031276.1,False,False,False,False,False,False,False
NP_001031288.1,False,False,False,False,False,False,False
NP_001031290.1,False,False,False,False,False,False,False
NP_001031308.1,False,False,False,False,False,False,False
NP_001031309.1,False,False,False,False,False,False,False
NP_001031310.1,False,False,False,False,False,False,False
NP_001031311.1,False,False,False,False,False,False,False
NP_001031312.1,False,False,False,False,False,False,False
NP_001031313.1,False,False,False,False,False,False,False
NP_001031314.1,False,False,False,False,False,False,False
NP_001031315.1,False,False,False,False,False,False,False
NP_001031316.1,False,False,False,False,False,False,False
NP_001031317.1,False,False,False,False,False,False,False
NP_001031319.1,False,False,False,False,False,False,False
NP_001031322.1,False,False,False,False,False,False,False
NP_001031324.1,False,False,False,False,False,False,False
NP_001031326.1,False,False,False,False,False,False,False
NP_001031341.1,False,False,False,False,False,False,False
NP_001031342.1,False,False,False,False,False,False,False
NP_001031345.1,False,False,False,False,False,False,False
NP_001031349.1,False,False,False,False,False,False,False
NP_001031350.1,False,False,False,False,False,False,False
NP_001031353.1,False,False,False,False,False,False,False
NP_001031354.1,False,False,False,False,False,False,False
NP_001031355.1,False,False,False,False,False,False,False
NP_001031356.1,False,False,False,False,False,False,False
NP_001031365.1,False,False,False,False,False,False,False
NP_001031376.1,False,False,False,False,False,False,False
NP_001031377.1,False,False,False,False,False,False,False
NP_001031378.1,False,False,False,False,False,False,False
NP_001031381.1,False,False,False,False,False,False,False
NP_001031388.1,False,False,False,False,False,False,False
NP_001031392.1,False,False,False,False,False,False,False
NP_001031393.1,False,False,False,False,False,False,False
NP_001031395.1,False,False,False,False,False,False,False
NP_001031398.1,False,False,False,False,False,False,False
NP_001031399.1,False,False,False,False,False,False,False
NP_001031408.1,False,False,False,False,False,False,False
NP_001031410.1,False,False,False,False,False,False,False
NP_001031411.1,False,False,False,False,False,False,False
NP_001031412.1,False,False,False,False,False,False,False
NP_001031413.1,False,False,False,False,False,False,False
NP_001031414.1,False,False,False,False,False,False,False
NP_001031429.1,False,False,False,False,False,False,False
NP_001031436.1,False,False,False,False,False,False,False
NP_001031439.1,False,True,True,True,True,False,False
NP_001031440.1,False,True,True,True,True,False,False
NP_001031441.1,False,False,False,False,False,False,False
NP_001031442.1,False,False,False,False,False,False,False
NP_001031460.1,False,False,False,False,False,False,False
NP_001031470.1,False,False,False,False,False,False,False
NP_001031472.1,False,False,False,False,False,False,False
NP_001031473.1,False,False,False,False,False,False,False
NP_001031485.1,False,False,False,False,False,False,False
NP_001031491.1,False,False,False,False,False,False,False
NP_001031522.1,False,False,False,False,False,False,False
NP_001031566.1,False,False,False,False,False,False,False
NP_001031578.1,False,False,False,False,False,False,False
NP_001031589.1,False,False,False,False,False,False,False
NP_001031591.1,False,False,False,False,False,False,False
NP_001031592.1,False,False,False,False,False,False,False
NP_001031595.1,False,False,False,False,False,False,False
NP_001031600.1,False,False,False,False,False,False,False
NP_001031603.1,False,False,False,False,False,False,False
NP_001031604.1,False,False,False,False,False,False,False
NP_001031605.1,False,False,False,False,False,False,False
NP_001031606.1,False,False,False,False,False,False,False
NP_001031607.1,False,False,False,False,False,False,False
NP_001031608.1,False,False,False,False,False,False,False
NP_001031611.1,False,False,False,False,False,False,False
NP_001031613.1,False,False,False,False,False,False,False
NP_001031616.1,False,False,False,False,False,False,False
NP_001031618.1,False,False,False,False,False,False,False
NP_001031619.1,False,False,False,False,False,False,False
NP_001031623.1,False,False,False,False,False,False,False
NP_001031630.1,False,False,False,False,False,False,False
NP_001031635.5,False,False,False,False,False,False,False
NP_001031636.2,False,False,False,False,False,False,False
NP_001031643.1,False,False,False,False,False,False,False
NP_001031648.1,False,False,False,False,False,False,False
NP_001031652.1,False,True,True,True,True,True,False
NP_001031655.1,False,False,False,False,False,False,False
NP_001031656.1,False,False,False,False,False,False,False
NP_001031666.1,False,False,False,False,False,False,False
NP_001031669.1,False,False,False,False,False,False,False
NP_001031673.1,False,False,False,False,False,False,False
NP_001031678.1,True,True,True,True,True,False,False
NP_001031679.1,True,True,True,True,True,False,False
NP_001031680.2,True,True,True,True,True,False,False
NP_001031681.1,False,False,False,False,False,False,False
NP_001031693.1,False,False,False,False,False,False,False
NP_001031694.1,False,False,False,False,False,False,False
NP_001031704.1,False,False,False,False,False,False,False
NP_001031711.1,True,True,True,True,True,False,False
NP_001031742.1,False,False,False,False,False,False,False
NP_001031745.1,False,False,False,False,False,False,False
NP_001031746.1,False,False,False,False,False,False,False
NP_001031747.1,False,False,False,False,False,False,False
NP_001031751.1,False,True,True,True,True,False,False
NP_001031753.1,False,False,False,False,False,False,False
NP_001031754.1,False,False,False,False,False,False,False
NP_001031755.1,False,False,False,False,False,False,False
NP_001031775.1,False,False,False,False,False,False,False
NP_001031776.1,False,False,False,False,False,False,False
NP_001031781.1,True,True,True,True,True,True,False
NP_001031783.1,False,False,False,False,False,False,False
NP_001031815.1,False,False,False,False,False,False,False
NP_001031845.1,False,False,False,False,False,False,False
NP_001031852.1,False,False,False,False,False,False,False
NP_001031854.1,False,False,False,False,False,False,False
NP_001031858.1,False,False,False,False,False,False,False
NP_001031891.1,False,False,False,False,False,False,False
NP_001031896.1,False,False,False,False,False,False,False
NP_001031897.2,False,False,False,False,False,False,False
NP_001031901.1,False,False,False,False,False,False,False
NP_001031902.1,False,False,False,False,False,False,False
NP_001031903.1,False,False,False,False,False,False,False
NP_001031925.1,False,False,False,False,False,False,False
NP_001031936.1,True,True,True,True,True,True,False
NP_001031940.1,False,False,False,False,False,False,False
NP_001031943.1,False,False,False,False,False,False,False
NP_001031950.1,False,False,False,False,False,False,False
NP_001031952.1,False,False,False,False,False,False,False
NP_001031961.1,False,False,False,False,False,False,False
NP_001031965.1,False,False,False,False,False,False,False
NP_001031975.1,False,False,False,False,False,False,False
NP_001031976.1,False,False,False,False,False,False,False
NP_001031977.1,False,False,False,False,False,False,False
NP_001031979.1,False,False,False,False,False,False,False
NP_001031984.1,False,False,False,False,False,False,False
NP_001031994.1,False,False,False,False,False,False,False
NP_001031995.1,False,False,False,False,False,False,False
NP_001031996.1,False,False,False,False,False,False,False
NP_001031997.2,False,False,False,False,False,False,False
NP_001032001.1,False,False,False,False,False,False,False
NP_001032012.2,False,False,False,False,False,False,False
NP_001032016.1,False,False,False,False,False,False,False
NP_001032020.1,False,False,False,False,False,False,False
NP_001032021.1,False,False,False,False,False,False,False
NP_001032022.1,False,False,False,False,False,False,False
NP_001032023.1,False,False,False,False,False,False,False
NP_001032024.1,False,False,False,False,False,False,False
NP_001032025.1,False,False,False,False,False,False,False
NP_001032027.1,False,False,False,False,False,False,False
NP_001032033.1,False,False,False,False,False,False,False
NP_001032034.1,False,False,False,False,False,False,False
NP_001032035.1,False,False,False,False,False,False,False
NP_001032036.1,False,False,False,False,False,False,False
NP_001032038.1,False,False,False,False,False,False,False
NP_001032039.1,False,False,False,False,False,False,False
NP_001032040.1,False,False,False,False,False,False,False
NP_001032047.1,False,False,False,False,False,False,False
NP_001032058.1,False,False,False,False,False,False,False
NP_001032063.1,False,False,False,False,False,False,False
NP_001032070.1,False,False,False,False,False,False,False
NP_001032073.1,False,False,False,False,False,False,False
NP_001032074.1,False,False,False,False,False,False,False
NP_001032077.1,False,False,False,False,False,False,False
NP_001032078.1,False,False,False,False,False,False,False
NP_001032081.1,False,False,False,False,False,False,False
NP_001032082.1,False,False,False,False,False,False,False
NP_001032108.1,False,False,False,False,False,False,False
NP_001032109.2,False,False,False,False,False,False,False
NP_001032111.1,False,False,False,False,False,False,False
NP_001032113.1,False,False,False,False,False,False,False
NP_001032114.1,False,False,False,False,False,False,False
NP_001032116.1,False,False,False,False,False,False,False
NP_001032124.1,False,False,False,False,False,False,False
NP_001032125.1,False,False,False,False,False,False,False
NP_001032132.1,True,False,False,False,False,False,True
NP_001032147.1,False,False,False,False,False,False,False
NP_001032148.1,False,False,False,False,False,False,False
NP_001032149.1,False,False,False,False,False,False,False
NP_001077439.1,False,False,False,False,False,False,False
NP_001077454.1,False,False,False,False,False,False,False
NP_001077455.1,False,False,False,False,False,False,False
NP_001077494.1,False,False,False,False,False,False,False
NP_001077526.1,False,False,False,False,False,False,False
NP_001077562.1,False,False,False,False,False,False,False
NP_001077596.1,False,False,False,False,False,False,False
NP_001077597.1,False,False,False,False,False,False,False
NP_001077641.1,False,False,False,False,False,False,False
NP_001077691.1,False,False,False,False,False,False,False
NP_001077742.1,True,True,True,True,True,True,False
NP_001077806.1,False,False,False,False,False,False,False
NP_001077807.1,False,False,False,False,False,False,False
NP_001077816.1,False,True,True,True,True,False,False
NP_001077895.1,False,False,False,False,False,False,False
NP_001077971.1,False,False,False,False,False,False,False
NP_001077983.1,False,False,False,False,False,False,False
NP_001078034.1,False,False,False,False,False,False,False
NP_001078035.1,False,False,False,False,False,False,False
NP_001078056.1,False,False,False,False,False,False,False
NP_001078069.1,False,False,False,False,False,False,False
NP_001078116.1,False,False,False,False,False,False,False
NP_001078154.1,False,False,False,False,False,False,False
NP_001078155.1,False,False,False,False,False,False,False
NP_001078174.1,False,False,False,False,False,False,False
NP_001078200.1,False,False,False,False,False,False,False
NP_001078237.1,True,True,True,True,True,True,False
NP_001078314.1,False,False,False,False,False,False,False
NP_001078324.1,False,False,False,False,False,False,False
NP_001078346.1,False,False,False,False,False,False,False
NP_001078351.1,True,True,True,True,True,False,False
NP_001078377.1,False,False,False,False,False,False,False
NP_001078406.1,False,False,False,False,False,False,False
NP_001078413.1,True,True,True,True,True,False,False
NP_001078435.1,False,True,True,True,True,False,False
NP_001078439.1,False,False,False,False,False,False,False
NP_001078440.1,False,False,False,False,False,False,False
NP_001078441.1,False,False,False,False,False,False,False
NP_001078466.1,False,False,False,False,False,False,False
NP_001078506.1,False,False,False,False,False,False,False
NP_001078539.1,False,False,False,False,False,False,False
NP_001078550.1,False,False,False,False,False,False,False
NP_001078561.1,False,False,False,False,False,False,False
NP_001078571.1,False,False,False,False,False,False,False
NP_001078575.1,False,False,False,False,False,False,False
NP_001078585.1,False,True,True,True,True,False,False
NP_001078595.1,False,False,False,False,False,False,False
NP_001078596.1,False,False,False,False,False,False,False
NP_001078705.1,False,False,False,False,False,False,False
NP_001078710.1,False,False,False,False,False,False,False
NP_001078711.1,False,False,False,False,False,False,False
NP_001078712.1,False,False,False,False,False,False,False
NP_001078715.1,True,True,True,True,True,True,False
NP_001078717.1,False,False,False,False,False,False,False
NP_001078748.1,False,False,False,False,False,False,False
NP_001078749.1,False,False,False,False,False,False,False
NP_001078806.1,False,True,True,True,True,False,False
NP_001117207.1,False,False,False,False,False,False,False
NP_001117208.1,False,False,False,False,False,False,False
NP_001117218.1,False,False,False,False,False,False,False
NP_001117266.1,True,True,True,True,True,True,False
NP_001117268.1,False,False,False,False,False,False,False
NP_001117399.1,False,True,True,False,True,False,False
NP_001117406.1,False,False,False,False,False,False,False
NP_001117515.1,True,True,True,True,True,True,False
NP_001117579.1,False,False,False,False,False,False,False
NP_001118254.1,False,False,False,False,False,False,False
NP_001118361.1,True,False,False,False,False,False,True
NP_001118398.1,False,False,False,False,False,False,False
NP_001118524.1,False,False,False,False,False,False,False
NP_001118592.1,False,False,False,False,False,False,False
NP_001118772.1,True,True,True,True,True,True,False
NP_001118968.1,True,True,True,True,True,True,False
NP_001119271.1,True,True,True,True,True,True,False
NP_001119319.1,True,True,True,True,True,True,False
NP_001119372.1,False,False,False,False,False,False,False
NP_001119446.2,False,False,False,False,False,False,False
NP_001119457.1,False,False,False,False,False,False,False
NP_001119465.1,False,False,False,False,False,False,False
NP_001119508.1,False,True,True,True,True,False,False
NP_001154222.1,True,True,True,True,True,True,False
NP_001154317.1,False,True,True,True,True,False,False
NP_001154351.1,False,False,False,False,False,False,False
NP_001154409.1,False,True,True,True,True,False,False
NP_001154428.1,False,False,False,False,False,False,False
NP_001154440.1,False,False,False,False,False,False,False
NP_001154566.1,False,False,False,False,False,False,False
NP_001154651.1,False,True,True,True,True,False,False
NP_001154662.2,False,False,False,False,False,False,False
NP_001154713.1,False,False,False,False,False,False,False
NP_001154757.1,True,True,True,True,True,True,False
NP_001154758.1,False,False,False,False,False,False,False
NP_001154780.1,True,True,True,True,True,True,False
NP_001184890.1,False,False,False,False,False,False,False
NP_001184893.1,False,False,False,False,False,False,False
NP_001184967.1,True,True,True,True,True,True,False
NP_001184970.1,True,True,True,True,True,True,False
NP_001185075.1,False,False,False,False,False,False,False
NP_001185129.1,False,False,False,False,False,False,False
NP_001185169.1,False,False,False,False,False,False,False
NP_001185204.1,False,False,False,False,False,False,False
NP_001185211.1,False,True,True,True,True,False,False
NP_001185212.1,False,True,True,True,True,False,False
NP_001185265.1,True,True,True,True,True,True,False
NP_001185281.1,False,False,False,False,False,False,False
NP_001185283.1,False,False,False,False,False,False,False
NP_001185313.1,False,False,False,False,False,False,False
NP_001185368.1,False,False,False,False,False,False,False
NP_001185370.1,False,False,False,False,False,False,False
NP_001185403.1,False,False,False,False,False,False,False
NP_001185452.1,False,False,False,False,False,False,False
NP_001189514.1,False,True,True,True,True,False,False
NP_001189524.1,False,False,False,False,False,False,False
NP_001189613.1,False,False,False,False,False,False,False
NP_001189713.1,False,False,False,False,False,False,False
NP_001189776.1,False,False,False,False,False,False,False
NP_001189858.1,False,False,False,False,False,False,False
NP_001189891.1,False,False,False,False,False,False,False
NP_001189957.1,False,False,False,False,False,False,False
NP_001190006.1,False,False,False,False,False,False,False
NP_001190109.1,False,False,False,False,False,False,False
NP_001190110.1,False,False,False,False,False,False,False
NP_001190146.1,False,False,False,False,False,False,False
NP_001190150.2,False,False,False,False,False,False,False
NP_001190152.1,False,False,False,False,False,False,False
NP_001190223.1,True,True,True,True,True,False,False
NP_001190242.1,False,False,False,False,False,False,False
NP_001190300.1,True,False,False,False,False,False,True
NP_001190303.1,False,False,False,True,True,False,False
NP_001190314.1,False,False,False,False,False,False,False
NP_001190331.1,False,True,True,True,True,False,False
NP_001190336.1,False,False,False,False,False,False,False
NP_001190337.1,False,False,False,False,False,False,False
NP_001190382.1,True,False,False,False,False,False,True
NP_001190383.1,True,False,False,False,False,False,True
NP_001190403.1,False,False,False,False,False,False,False
NP_001190408.1,False,False,False,False,False,False,False
NP_001190464.1,False,False,False,False,False,False,False
NP_001190474.1,False,False,False,False,False,False,False
NP_001190515.1,False,False,False,False,False,False,False
NP_001190545.1,False,False,False,False,False,False,False
NP_001190647.2,False,False,False,False,False,False,False
NP_001190648.1,False,False,False,False,False,False,False
NP_001190769.1,False,False,False,False,False,False,False
NP_001190782.1,False,False,False,False,False,False,False
NP_001190797.1,False,False,False,False,False,False,False
NP_001190808.1,False,False,False,False,False,False,False
NP_001190820.1,False,False,False,False,False,False,False
NP_001190866.1,True,False,False,False,False,False,True
NP_001190942.2,False,False,False,False,False,False,False
NP_001318171.1,True,False,False,False,False,False,True
NP_001318177.1,False,False,False,False,False,False,False
NP_001318178.1,False,False,False,False,False,False,False
NP_001318219.1,False,False,False,False,False,False,False
NP_001318220.1,True,True,True,True,True,True,False
NP_001318226.1,False,True,True,True,True,False,False
NP_001318248.1,True,True,True,True,True,True,False
NP_001318308.1,False,False,False,False,False,False,False
NP_001318322.1,False,True,True,True,True,False,False
NP_001318330.1,False,False,False,False,False,False,False
NP_001318398.1,False,False,False,False,False,False,False
NP_001318417.1,True,True,True,True,True,False,False
NP_001318457.1,False,False,False,False,False,False,False
NP_001318476.1,False,False,False,False,False,False,False
NP_001318482.1,False,False,False,False,False,False,False
NP_001318523.1,False,False,False,False,False,False,False
NP_001318538.1,False,True,True,True,True,True,False
NP_001318593.1,True,True,True,True,True,True,False
NP_001318594.1,False,True,True,True,True,False,False
NP_001318610.1,False,True,True,True,True,True,False
NP_001318625.1,False,False,False,False,False,False,False
NP_001318691.1,False,False,False,False,False,False,False
NP_001318694.1,True,True,True,True,True,True,False
NP_001318713.1,False,True,True,True,True,False,False
NP_001318718.1,True,True,True,True,True,True,False
NP_001318736.1,True,True,True,True,True,True,False
NP_001318742.1,True,True,True,True,True,True,False
NP_001318743.1,False,False,False,False,False,False,False
NP_001318842.1,False,False,False,False,False,False,False
NP_001318843.1,False,False,False,False,False,False,False
NP_001318872.1,False,False,False,False,False,False,False
NP_001318881.1,False,False,False,False,False,False,False
NP_001318944.1,False,True,True,True,True,False,False
NP_001318968.1,False,False,False,False,False,False,False
NP_001319018.1,False,True,True,True,True,False,False
NP_001319029.1,True,True,True,True,True,True,False
NP_001319041.1,False,False,False,False,False,False,False
NP_001319042.1,True,False,False,False,False,False,True
NP_001319057.1,False,False,False,False,False,False,False
NP_001319073.1,False,False,False,False,False,False,False
NP_001319086.1,False,False,False,False,False,False,False
NP_001319211.1,False,False,False,False,False,False,False
NP_001319213.1,True,True,True,True,True,True,False
NP_001319225.1,False,False,False,False,False,False,False
NP_001319256.1,False,False,False,False,False,False,False
NP_001319265.1,True,True,True,True,True,True,False
NP_001319266.1,True,True,True,True,True,True,False
NP_001319267.1,True,True,True,True,True,True,False
NP_001319285.1,False,False,False,False,False,False,False
NP_001319464.1,False,False,False,False,False,False,False
NP_001319465.1,True,True,True,True,True,True,False
NP_001319503.1,False,False,False,False,False,False,False
NP_001319549.1,True,True,True,True,True,True,False
NP_001319561.1,True,True,True,True,True,True,False
NP_001319574.1,False,False,False,False,False,False,False
NP_001319606.1,False,True,True,True,True,False,False
NP_001319642.1,True,True,True,True,True,True,False
NP_001319672.1,True,False,False,False,False,False,True
NP_001319689.1,True,True,True,True,True,False,False
NP_001319772.1,False,False,False,False,False,False,False
NP_001319784.1,False,True,True,False,False,False,False
NP_001319792.1,False,False,False,False,False,False,False
NP_001319837.1,False,True,True,True,True,False,False
NP_001319878.1,False,False,False,False,False,False,False
NP_001319894.1,False,False,False,False,False,False,False
NP_001319904.1,True,True,True,True,True,False,False
NP_001319926.1,False,False,False,False,False,False,False
NP_001319937.1,True,True,True,True,True,True,False
NP_001319960.1,False,False,False,False,False,False,False
NP_001319970.1,True,True,True,True,True,True,False
NP_001319971.1,True,True,True,True,True,True,False
NP_001319972.1,False,True,True,True,True,True,False
NP_001319973.1,False,True,True,True,True,True,False
NP_001319992.1,False,False,False,False,False,False,False
NP_001319993.1,False,False,False,False,False,False,False
NP_001320019.1,True,True,True,True,True,False,False
NP_001320040.1,True,True,True,True,True,False,False
NP_001320041.1,True,True,True,True,True,False,False
NP_001320042.1,True,True,True,True,True,False,False
NP_001320043.1,True,True,True,True,True,False,False
NP_001320044.1,True,True,True,True,True,False,False
NP_001320049.1,False,True,True,True,True,False,False
NP_001320081.1,False,True,True,True,True,False,False
NP_001320090.1,True,False,False,False,False,False,True
NP_001320110.1,False,True,True,False,False,False,False
NP_001320123.1,True,True,True,True,True,True,False
NP_001320287.1,False,False,False,False,False,False,False
NP_001320315.1,False,False,False,False,False,False,False
NP_001320323.1,True,True,True,True,True,True,False
NP_001320330.1,False,False,False,False,False,False,False
NP_001320331.1,False,False,False,False,False,False,False
NP_001320332.1,False,False,False,False,False,False,False
NP_001320333.1,False,True,True,False,False,False,False
NP_001320335.1,False,True,True,False,False,False,False
NP_001320358.1,False,False,False,False,False,False,False
NP_001320422.1,False,True,True,True,True,False,False
NP_001320487.1,False,True,True,True,True,False,False
NP_001320608.1,False,True,True,True,True,False,False
NP_001320706.1,False,False,False,False,False,False,False
NP_001320870.1,False,False,False,False,False,False,False
NP_001320871.1,False,False,False,False,False,False,False
NP_001320915.1,False,False,False,False,False,False,False
NP_001320916.1,False,False,False,False,False,False,False
NP_001320978.1,False,False,False,False,False,False,False
NP_001321031.1,False,False,False,False,False,False,False
NP_001321086.1,False,False,False,False,False,False,False
NP_001321210.1,True,True,True,True,True,False,False
NP_001321340.1,False,False,False,False,False,False,False
NP_001321370.1,True,True,True,True,True,False,False
NP_001321385.1,True,True,True,True,True,True,False
NP_001321386.1,True,True,True,True,True,True,False
NP_001321801.1,False,False,False,False,False,False,False
NP_001321940.1,True,True,True,True,True,False,False
NP_001322027.1,False,False,False,False,False,False,False
NP_001322169.1,False,False,False,False,False,False,False
NP_001322170.1,False,False,False,False,False,False,False
NP_001322203.1,True,True,True,True,True,True,False
NP_001322204.1,True,True,True,True,True,True,False
NP_001322205.1,True,True,True,True,True,True,False
NP_001322306.1,False,False,False,False,False,False,False
NP_001322307.1,False,False,False,False,False,False,False
NP_001322571.1,True,True,True,True,True,True,False
NP_001322614.1,False,False,False,False,False,False,False
NP_001322615.1,False,False,False,False,False,False,False
NP_001322616.1,False,False,False,False,False,False,False
NP_001322617.1,False,False,False,False,False,False,False
NP_001322618.1,False,False,False,False,False,False,False
NP_001322619.1,False,False,False,False,False,False,False
NP_001322686.1,False,False,False,False,False,False,False
NP_001322708.1,False,False,False,False,False,False,False
NP_001322741.1,False,True,True,True,True,False,False
NP_001322856.1,False,False,False,False,False,False,False
NP_001322914.1,True,True,True,True,True,True,False
NP_001323034.1,False,False,False,False,False,False,False
NP_001323035.1,False,False,False,False,False,False,False
NP_001323155.1,True,True,True,True,True,True,False
NP_001323213.1,True,True,True,True,True,True,False
NP_001323309.1,True,True,True,True,True,True,False
NP_001323365.1,False,True,True,True,True,False,False
NP_001323381.1,True,True,True,True,True,True,False
NP_001323397.1,False,False,False,False,False,False,False
NP_001323480.1,False,False,False,False,False,False,False
NP_001323490.1,True,True,True,True,True,False,False
NP_001323949.1,False,False,False,False,False,False,False
NP_001323950.1,True,False,False,False,False,False,True
NP_001323954.1,False,False,False,False,False,False,False
NP_001324219.1,True,True,True,True,True,True,False
NP_001324220.1,True,True,True,True,True,True,False
NP_001324409.1,True,True,True,True,True,False,False
NP_001324410.1,True,True,True,True,True,False,False
NP_001324411.1,True,True,True,True,True,False,False
NP_001324412.1,True,True,True,True,True,False,False
NP_001324428.1,False,False,False,False,False,False,False
NP_001324429.1,False,False,False,False,False,False,False
NP_001324441.1,False,False,False,False,False,False,False
NP_001324486.1,False,False,False,False,False,False,False
NP_001324651.1,False,False,False,False,False,False,False
NP_001324724.1,False,False,False,False,False,False,False
NP_001324937.1,False,True,True,True,True,False,False
NP_001324938.1,False,True,True,True,True,False,False
NP_001324939.1,False,True,True,True,True,False,False
NP_001324940.1,False,True,True,True,True,False,False
NP_001324941.1,False,True,True,True,True,False,False
NP_001324942.1,False,True,True,True,True,False,False
NP_001324943.1,False,True,True,True,True,False,False
NP_001324944.1,False,True,True,True,True,False,False
NP_001324945.1,False,True,True,True,True,False,False
NP_001324946.1,False,True,True,True,True,False,False
NP_001324947.1,False,True,True,True,True,False,False
NP_001324948.1,False,True,True,True,True,False,False
NP_001324949.1,False,True,True,True,True,False,False
NP_001324950.1,False,True,True,True,True,False,False
NP_001325073.1,False,True,True,True,True,False,False
NP_001325272.1,False,False,False,False,False,False,False
NP_001325297.1,False,True,True,False,False,False,False
NP_001325298.1,False,True,True,False,False,False,False
NP_001325299.1,False,True,True,False,False,False,False
NP_001325347.1,False,False,False,False,False,False,False
NP_001325405.1,False,False,False,False,False,False,False
NP_001325406.1,False,False,False,False,False,False,False
NP_001325407.1,False,False,False,False,False,False,False
NP_001325423.1,False,False,False,False,False,False,False
NP_001325615.1,False,False,False,False,False,False,False
NP_001325830.1,False,True,True,True,True,False,False
NP_001325969.1,False,False,False,False,False,False,False
NP_001325970.1,False,False,False,False,False,False,False
NP_001325971.1,False,False,False,False,False,False,False
NP_001325972.1,False,False,False,False,False,False,False
NP_001325973.1,False,False,False,False,False,False,False
NP_001326011.1,False,True,True,True,True,False,False
NP_001326019.1,False,False,False,False,False,False,False
NP_001326020.1,False,False,False,False,False,False,False
NP_001326087.1,False,True,True,True,True,False,False
NP_001326132.1,False,False,False,False,False,False,False
NP_001326175.1,False,False,False,False,False,False,False
NP_001326185.1,False,False,False,False,False,False,False
NP_001326316.1,True,False,False,False,False,False,True
NP_001326369.1,False,False,False,False,False,False,False
NP_001326412.1,False,True,True,True,True,False,False
NP_001326419.1,False,True,True,True,True,True,False
NP_001326420.1,False,True,True,True,True,True,False
NP_001326421.1,False,True,True,True,True,True,False
NP_001326422.1,False,True,True,True,True,True,False
NP_001326457.1,False,False,False,False,False,False,False
NP_001326458.1,False,False,False,False,False,False,False
NP_001326498.1,True,True,True,True,True,True,False
NP_001326520.1,False,False,False,False,False,False,False
NP_001326521.1,False,False,False,False,False,False,False
NP_001326539.1,False,True,True,True,True,False,False
NP_001326543.1,False,True,True,True,True,False,False
NP_001326548.1,True,True,True,True,True,True,False
NP_001326549.1,True,True,True,True,True,True,False
NP_001326550.1,True,True,True,True,True,True,False
NP_001326585.1,True,True,True,True,True,False,False
NP_001326586.1,True,True,True,True,True,False,False
NP_001326643.1,False,True,True,False,False,False,False
NP_001326835.1,False,False,False,False,False,False,False
NP_001326836.1,False,False,False,False,False,False,False
NP_001326916.1,True,True,True,True,True,True,False
NP_001326917.1,True,True,True,True,True,True,False
NP_001327068.1,False,False,False,False,False,False,False
NP_001327086.1,False,False,False,False,False,False,False
NP_001327107.1,False,False,False,False,False,False,False
NP_001327198.1,False,False,False,False,False,False,False
NP_001327204.1,False,False,False,False,False,False,False
NP_001327206.1,False,False,False,False,False,False,False
NP_001327270.1,False,False,False,False,False,False,False
NP_001327271.1,False,False,False,False,False,False,False
NP_001327272.1,False,False,False,False,False,False,False
NP_001327273.1,False,False,False,False,False,False,False
NP_001327274.1,False,False,False,False,False,False,False
NP_001327290.1,False,False,False,False,False,False,False
NP_001327594.1,True,True,True,True,True,True,False
NP_001327617.1,False,False,False,False,False,False,False
NP_001327618.1,False,False,False,False,False,False,False
NP_001327619.1,False,False,False,False,False,False,False
NP_001327620.1,False,False,False,False,False,False,False
NP_001327751.1,False,False,False,False,False,False,False
NP_001327752.1,False,False,False,False,False,False,False
NP_001327784.1,True,True,True,True,True,False,False
NP_001327846.1,False,False,False,False,False,False,False
NP_001327866.1,True,True,True,True,True,False,False
NP_001327868.1,True,True,True,True,True,False,False
NP_001328008.1,False,False,False,False,False,False,False
NP_001328019.1,True,True,True,True,True,True,False
NP_001328020.1,True,True,True,True,True,True,False
NP_001328021.1,True,True,True,True,True,True,False
NP_001328022.1,True,True,True,True,True,True,False
NP_001328027.1,True,True,True,True,True,False,False
NP_001328177.1,True,True,True,True,True,False,False
NP_001328189.1,False,True,True,True,True,False,False
NP_001328190.1,False,True,True,True,True,False,False
NP_001328191.1,False,False,False,False,False,False,False
NP_001328289.1,True,True,True,True,True,False,False
NP_001328318.1,False,False,False,False,False,False,False
NP_001328329.1,False,False,False,False,False,False,False
NP_001328330.1,False,False,False,False,False,False,False
NP_001328443.1,True,False,False,False,False,False,True
NP_001328446.1,True,True,True,True,True,True,False
NP_001328447.1,True,True,True,True,True,True,False
NP_001328448.1,True,True,True,True,True,True,False
NP_001328449.1,True,True,True,True,True,True,False
NP_001328457.1,True,True,True,True,True,False,False
NP_001328533.1,False,False,False,False,False,False,False
NP_001328538.1,False,False,False,False,False,False,False
NP_001328552.1,False,False,False,False,False,False,False
NP_001328599.1,True,False,False,False,False,True,False
NP_001328605.1,False,False,False,False,False,False,False
NP_001328661.1,True,True,True,True,True,True,False
NP_001328763.1,False,False,False,False,False,False,False
NP_001328774.1,False,True,True,True,True,False,False
NP_001328966.1,True,True,True,True,True,True,False
NP_001328967.1,True,True,True,True,True,True,False
NP_001328968.1,True,True,True,True,True,True,False
NP_001328969.1,True,True,True,True,True,True,False
NP_001328970.1,True,True,True,True,True,True,False
NP_001329036.1,True,True,True,True,True,True,False
NP_001329037.1,True,True,True,True,True,True,False
NP_001329038.1,True,True,True,True,True,True,False
NP_001329039.1,True,True,True,True,True,True,False
NP_001329040.1,True,True,True,True,True,True,False
NP_001329041.1,True,True,True,True,True,True,False
NP_001329042.1,True,True,True,True,True,True,False
NP_001329043.1,True,True,True,True,True,True,False
NP_001329110.1,False,False,False,False,False,True,False
NP_001329118.1,True,True,True,True,True,True,False
NP_001329119.1,True,True,True,True,True,True,False
NP_001329203.1,True,True,True,True,True,False,False
NP_001329221.1,True,True,True,True,True,False,False
NP_001329222.1,True,True,True,True,True,False,False
NP_001329247.1,False,True,True,True,True,False,False
NP_001329248.1,False,True,True,True,True,False,False
NP_001329249.1,False,True,True,True,True,False,False
NP_001329293.1,False,False,False,False,False,False,False
NP_001329301.1,False,False,False,False,False,False,False
NP_001329303.1,False,False,False,False,False,False,False
NP_001329527.1,True,True,True,True,True,False,False
NP_001329528.1,True,True,True,True,True,False,False
NP_001329571.1,False,True,True,True,True,False,False
NP_001329614.1,True,True,True,True,True,True,False
NP_001329652.1,True,True,True,True,True,True,False
NP_001329653.1,False,True,True,True,True,True,False
NP_001329654.1,True,True,True,True,True,True,False
NP_001329655.1,True,True,True,True,True,True,False
NP_001329656.1,True,True,True,True,True,True,False
NP_001329657.1,True,True,True,True,True,True,False
NP_001329658.1,True,True,True,True,True,True,False
NP_001329659.1,True,True,True,True,True,True,False
NP_001329689.1,False,True,True,True,True,False,False
NP_001329719.1,True,True,True,True,True,True,False
NP_001329720.1,True,True,True,True,True,True,False
NP_001329721.1,True,True,True,True,True,True,False
NP_001329722.1,True,True,True,True,True,True,False
NP_001329871.1,False,True,True,True,True,True,False
NP_001329872.1,False,True,True,True,True,True,False
NP_001329873.1,False,True,True,True,True,True,False
NP_001329874.1,False,True,True,True,True,True,False
NP_001329875.1,True,True,True,True,True,True,False
NP_001329876.1,False,True,True,True,True,True,False
NP_001329877.1,False,True,True,True,True,True,False
NP_001329878.1,False,True,True,True,True,True,False
NP_001329879.1,False,True,True,True,True,True,False
NP_001329880.1,False,True,True,True,True,True,False
NP_001329881.1,False,True,True,True,True,True,False
NP_001329882.1,True,True,True,True,True,True,False
NP_001329883.1,False,True,True,True,True,True,False
NP_001329890.1,False,True,True,True,True,False,False
NP_001329914.1,False,False,False,False,False,False,False
NP_001329993.1,False,False,False,False,False,False,False
NP_001330009.1,False,True,True,True,True,True,False
NP_001330018.1,False,True,False,False,False,False,False
NP_001330029.1,False,False,False,False,False,False,False
NP_001330030.1,False,False,False,False,False,False,False
NP_001330031.1,False,False,False,False,False,False,False
NP_001330032.1,False,False,False,False,False,False,False
NP_001330033.1,False,False,False,False,False,False,False
NP_001330034.1,False,False,False,False,False,False,False
NP_001330035.1,False,False,False,False,False,False,False
NP_001330076.1,False,False,False,False,False,False,False
NP_001330137.1,True,True,True,True,True,True,False
NP_001330138.1,True,True,True,True,True,True,False
NP_001330139.1,True,True,True,True,True,True,False
NP_001330140.1,True,True,True,True,True,True,False
NP_001330323.1,True,True,True,True,True,True,False
NP_001330337.1,False,False,False,False,False,False,False
NP_001330338.1,False,False,False,False,False,False,False
NP_001330386.1,True,True,True,True,True,False,False
NP_001330499.1,False,True,True,True,True,False,False
NP_001330640.1,True,True,True,True,True,True,False
NP_001330641.1,True,True,True,True,True,True,False
NP_001330708.1,False,True,True,True,True,False,False
NP_001330712.1,True,True,True,True,True,True,False
NP_001330713.1,True,True,True,True,True,True,False
NP_001330714.1,True,True,True,True,True,True,False
NP_001330749.1,True,True,True,True,True,True,False
NP_001330750.1,True,True,True,True,True,True,False
NP_001330751.1,True,True,True,True,True,True,False
NP_001330752.1,True,True,True,True,True,True,False
NP_001330753.1,True,True,True,True,True,True,False
NP_001330754.1,True,True,True,True,True,True,False
NP_001330755.1,True,True,True,True,True,True,False
NP_001330914.1,True,True,True,True,True,True,False
NP_001330925.1,False,False,False,False,False,False,False
NP_001330960.1,True,True,True,True,True,True,False
NP_001331068.1,True,True,True,True,True,True,False
NP_001331069.1,True,True,True,True,True,True,False
NP_001331070.1,True,True,True,True,True,True,False
NP_001331071.1,True,True,True,True,True,True,False
NP_001331072.1,True,True,True,True,True,True,False
NP_001331084.1,False,False,False,False,False,False,False
NP_001331085.1,False,False,False,False,False,False,False
NP_001331200.1,False,True,True,True,True,False,False
NP_001331221.1,False,False,False,False,False,False,False
NP_001331222.1,False,False,False,False,False,False,False
NP_001331305.1,False,False,False,False,False,False,False
NP_001331309.1,True,True,True,True,True,True,False
NP_001331316.1,False,False,False,False,False,False,False
NP_001331322.1,False,False,False,False,False,False,False
NP_001331341.1,False,True,True,True,True,True,False
NP_001331342.1,True,True,True,True,True,True,False
NP_001331343.1,False,True,True,True,True,True,False
NP_001331362.1,False,True,True,True,True,True,False
NP_001331392.1,False,False,False,False,False,False,False
NP_001331467.1,True,True,True,True,True,True,False
NP_001331490.1,False,False,False,False,False,False,False
NP_001331491.1,False,False,False,False,False,False,False
NP_001331492.1,False,False,False,False,False,False,False
NP_001331502.1,True,True,True,True,True,True,False
NP_001331503.1,True,True,True,True,True,True,False
NP_001331514.1,True,True,True,True,True,True,False
NP_001331599.1,False,False,False,False,False,False,False
NP_001331600.1,False,False,False,False,False,False,False
NP_001331671.1,True,True,True,True,True,False,False
NP_001331726.1,True,True,True,True,True,True,False
NP_001331782.1,True,True,True,True,True,True,False
NP_001331804.1,False,False,False,False,False,False,False
NP_001331891.1,False,False,False,False,False,False,False
NP_001331924.1,False,False,False,False,False,False,False
NP_001331999.1,True,True,True,True,True,True,False
NP_001332003.1,False,False,False,False,False,False,False
NP_001332026.1,False,True,True,True,True,True,False
NP_001332071.1,False,False,False,False,False,False,False
NP_001332114.1,False,False,False,False,False,False,False
NP_001332152.1,False,False,False,False,False,False,False
NP_001332180.1,False,False,False,False,False,False,False
NP_001332263.1,False,False,False,False,False,False,False
NP_001332264.1,False,False,False,False,False,False,False
NP_001332362.1,False,False,False,False,False,False,False
NP_001332433.1,False,False,False,False,False,False,False
NP_001332434.1,False,False,False,False,False,False,False
NP_001332466.1,False,False,False,False,False,False,False
NP_001332491.1,True,True,True,True,True,True,False
NP_001332492.1,True,True,True,True,True,True,False
NP_001332504.1,False,False,False,False,False,False,False
NP_001332515.1,True,True,True,True,True,True,False
NP_001332592.1,True,True,True,True,True,True,False
NP_001332642.1,False,False,False,False,False,False,False
NP_001332643.1,False,False,False,False,False,False,False
NP_051066.1,False,False,False,False,False,False,False
NP_171612.1,True,False,False,False,False,False,True
NP_171618.1,False,False,False,False,False,False,False
NP_171654.1,False,False,False,False,False,False,False
NP_171714.2,False,False,False,False,False,False,False
NP_171723.2,False,False,False,False,False,False,False
NP_171791.1,False,False,False,False,False,False,False
NP_171792.1,False,False,False,False,False,False,False
NP_171932.1,False,False,False,False,False,False,False
NP_171935.1,False,False,False,False,False,False,False
NP_172037.1,False,False,False,False,False,False,False
NP_172067.1,False,False,False,False,False,False,False
NP_172088.2,False,False,False,False,False,False,False
NP_172106.1,False,False,False,False,False,False,False
NP_172181.1,False,False,False,False,False,False,False
NP_172237.1,False,True,True,True,True,False,False
NP_172265.1,False,True,True,True,True,False,False
NP_172360.1,False,False,False,False,False,False,False
NP_172362.3,True,False,False,False,False,False,True
NP_172383.3,True,False,False,False,False,False,True
NP_172448.1,False,False,False,False,False,False,False
NP_172468.3,True,True,True,True,True,True,False
NP_172488.1,False,False,False,False,False,False,False
NP_172561.2,True,True,True,True,True,True,False
NP_172598.1,False,False,False,False,False,False,False
NP_172601.3,True,True,True,True,True,False,False
NP_172627.2,False,False,False,False,False,False,False
NP_172647.2,False,True,True,True,True,True,False
NP_172660.5,False,False,False,False,False,False,False
NP_172684.1,False,False,False,False,False,False,False
NP_172685.1,True,True,True,True,True,True,False
NP_172686.1,True,True,True,True,True,True,False
NP_172692.1,True,True,True,True,True,True,False
NP_172849.1,False,True,True,True,True,False,False
NP_172889.1,False,True,True,True,True,False,False
NP_172893.1,False,False,False,False,False,False,False
NP_172932.1,False,False,False,False,False,False,False
NP_172946.1,False,False,False,False,False,False,False
NP_172947.1,False,False,False,False,False,False,False
NP_172948.1,False,False,False,False,False,False,False
NP_172949.1,False,False,False,False,False,False,False
NP_173005.1,False,False,False,False,False,False,False
NP_173006.1,True,True,True,True,True,False,False
NP_173044.1,False,False,False,False,False,False,False
NP_173062.1,False,True,True,True,True,False,False
NP_173063.1,False,True,True,True,True,False,False
NP_173064.1,False,True,True,True,True,False,False
NP_173067.2,False,True,True,True,True,False,False
NP_173168.1,False,True,True,True,True,False,False
NP_173203.2,True,True,True,True,True,True,False
NP_173204.1,True,True,True,True,True,True,False
NP_173205.1,True,True,True,True,True,True,False
NP_173217.1,True,True,True,True,True,True,False
NP_173228.1,False,False,False,False,False,False,False
NP_173233.1,False,True,True,True,True,False,False
NP_173271.1,False,True,True,True,True,False,False
NP_173292.1,False,False,False,False,False,False,False
NP_173302.2,False,True,True,True,True,False,False
NP_173321.4,False,False,False,False,False,False,False
NP_173344.2,True,False,False,False,False,False,True
NP_173357.1,True,False,False,False,False,False,True
NP_173359.3,False,False,False,False,False,False,False
NP_173372.1,False,True,True,True,True,False,False
NP_173387.1,False,False,False,False,False,False,False
NP_173391.2,False,False,False,False,False,False,False
NP_173468.1,False,False,False,False,False,False,False
NP_173489.2,False,True,True,True,True,False,False
NP_173506.1,False,False,False,False,False,False,False
NP_173514.1,False,False,False,False,False,False,False
NP_173535.1,False,False,False,False,False,False,False
NP_173702.1,False,False,False,False,False,False,False
NP_173813.1,False,False,False,False,False,False,False
NP_173814.2,False,True,True,True,True,False,False
NP_173820.1,False,False,False,False,False,False,False
NP_173824.2,False,False,False,False,False,False,False
NP_173920.1,False,False,False,False,False,False,False
NP_173925.3,False,False,False,False,False,False,False
NP_173944.1,False,False,False,False,False,False,False
NP_173965.1,False,False,False,False,False,False,False
NP_173966.1,False,False,False,False,False,False,False
NP_173985.1,False,False,False,False,False,False,False
NP_174019.2,False,True,True,True,True,False,False
NP_174033.1,False,False,False,False,False,False,False
NP_174037.3,True,True,True,True,True,True,False
NP_174116.1,False,False,False,False,False,False,False
NP_174158.1,False,False,False,False,False,False,False
NP_174166.1,True,True,True,True,True,True,False
NP_174228.1,False,False,False,False,False,False,False
NP_174334.2,False,False,False,False,False,False,False
NP_174346.1,False,False,False,False,False,False,False
NP_174413.2,False,False,False,False,False,False,False
NP_174414.1,False,False,False,False,False,False,False
NP_174420.1,False,False,False,False,False,False,False
NP_174439.2,True,True,True,True,True,True,False
NP_174441.1,False,False,False,False,False,False,False
NP_174510.1,False,True,True,True,True,False,False
NP_174563.2,True,True,True,True,True,True,False
NP_174617.1,False,False,False,False,False,False,False
NP_174620.2,True,True,True,True,True,True,False
NP_174660.2,False,False,False,False,False,False,False
NP_174764.1,False,False,False,False,False,False,False
NP_174978.1,False,False,False,False,False,False,False
NP_174980.3,False,False,False,False,False,False,False
NP_174998.1,False,False,False,False,False,False,False
NP_175008.1,False,False,False,False,False,False,False
NP_175104.1,False,False,False,False,False,False,False
NP_175128.1,False,False,False,False,False,False,False
NP_175170.1,False,True,True,True,True,False,False
NP_175185.1,False,False,False,False,False,False,False
NP_175274.1,False,False,False,False,False,False,False
NP_175283.2,False,False,False,False,False,False,False
NP_175296.1,False,False,False,False,False,False,False
NP_175314.1,False,False,False,False,False,False,False
NP_175368.2,False,False,False,False,False,False,False
NP_175377.2,False,False,False,False,False,False,False
NP_175400.1,False,False,False,False,False,False,False
NP_175402.2,False,False,False,False,False,False,False
NP_175425.2,False,False,False,False,False,False,False
NP_175479.1,False,False,False,False,False,False,False
NP_175520.1,False,False,False,False,False,False,False
NP_175547.1,False,False,False,False,False,False,False
NP_175561.1,False,False,False,False,False,False,False
NP_175577.1,False,True,True,True,True,False,False
NP_175591.1,True,True,True,True,True,True,False
NP_175606.2,True,True,True,True,True,False,False
NP_175615.1,False,False,False,False,False,False,False
NP_175616.1,False,False,False,False,False,False,False
NP_175649.1,False,False,False,False,False,False,False
NP_175675.4,True,True,True,True,True,True,False
NP_175721.1,False,False,False,False,False,False,False
NP_175797.2,False,False,False,False,False,False,False
NP_175806.3,False,False,False,False,False,False,False
NP_175856.1,False,False,False,False,False,False,False
NP_175899.1,False,False,False,False,False,False,False
NP_175900.1,False,False,False,False,False,False,False
NP_175911.1,False,False,False,False,False,False,False
NP_175983.5,False,False,False,False,False,False,False
NP_176012.1,False,False,False,False,False,False,False
NP_176043.1,True,True,True,True,True,True,False
NP_176044.1,True,True,True,True,True,True,False
NP_176050.1,False,False,False,False,False,False,False
NP_176078.4,True,True,True,True,True,False,False
NP_176112.3,False,False,False,False,False,False,False
NP_176122.2,False,False,False,False,False,False,False
NP_176135.1,True,True,True,True,True,True,False
NP_176137.1,True,True,True,True,True,True,False
NP_176151.2,True,True,True,True,True,True,False
NP_176153.1,True,True,True,True,True,True,False
NP_176191.1,False,False,False,False,False,False,False
NP_176196.1,False,False,False,False,False,False,False
NP_176205.1,False,False,False,False,False,False,False
NP_176279.1,True,True,True,True,True,True,False
NP_176302.2,False,False,False,False,False,False,False
NP_176313.1,True,True,True,True,True,True,False
NP_176325.2,True,True,True,True,True,True,False
NP_176326.2,True,True,True,True,True,True,False
NP_176341.3,True,True,True,True,True,False,False
NP_176343.2,False,True,True,True,True,False,False
NP_176350.1,False,False,False,False,False,False,False
NP_176352.1,False,False,False,False,False,False,False
NP_176353.1,False,True,True,True,True,False,False
NP_176428.1,False,False,False,False,False,False,False
NP_176511.1,False,False,False,False,False,False,False
NP_176561.2,True,True,True,True,True,True,False
NP_176572.1,True,True,True,True,True,True,False
NP_176590.2,True,True,True,True,True,True,False
NP_176599.2,False,False,False,False,False,False,False
NP_176610.1,True,True,True,True,True,False,False
NP_176636.1,False,False,False,False,False,False,False
NP_176659.6,False,False,False,False,False,False,False
NP_176755.1,False,True,True,True,True,False,False
NP_176760.2,False,True,True,True,True,True,False
NP_176763.1,False,False,False,False,False,False,False
NP_176768.1,False,False,False,False,False,False,False
NP_176799.2,True,True,True,True,True,True,False
NP_176801.1,False,False,False,False,False,False,False
NP_176802.1,False,False,False,False,False,False,False
NP_176808.3,False,False,False,False,False,False,False
NP_176870.2,True,True,True,True,True,False,False
NP_176919.2,False,True,True,True,True,False,False
NP_177077.3,False,False,False,False,False,False,False
NP_177096.1,False,False,False,False,False,False,False
NP_177103.1,False,False,False,False,False,False,False
NP_177131.1,False,True,True,True,True,False,False
NP_177137.2,False,True,True,True,True,False,False
NP_177152.2,False,False,False,False,False,False,False
NP_177168.1,True,True,True,True,True,False,False
NP_177170.1,True,True,True,True,True,False,False
NP_177174.1,False,False,False,False,False,False,False
NP_177213.1,False,False,False,False,False,False,False
NP_177227.5,False,False,False,False,False,False,False
NP_177240.3,False,False,False,False,False,False,False
NP_177241.3,False,False,False,False,False,False,False
NP_177244.1,False,False,False,False,False,False,False
NP_177245.1,False,False,False,False,False,False,False
NP_177278.3,False,False,False,False,False,False,False
NP_177282.2,False,False,False,False,False,False,False
NP_177331.1,False,False,False,False,False,False,False
NP_177338.1,False,False,False,False,False,False,False
NP_177373.1,False,False,False,False,False,False,False
NP_177396.1,False,False,False,False,False,False,False
NP_177429.2,True,True,True,True,True,True,False
NP_177436.1,False,True,True,True,True,False,False
NP_177451.1,True,True,True,True,True,True,False
NP_177492.1,False,True,True,True,True,False,False
NP_177538.1,False,False,False,False,False,False,False
NP_177548.1,False,False,False,False,False,False,False
NP_177550.1,False,False,False,False,False,False,False
NP_177631.1,False,False,False,False,False,False,False
NP_177640.1,True,False,False,False,False,True,False
NP_177671.1,False,False,False,False,False,False,False
NP_177722.1,False,False,False,False,False,False,False
NP_177735.1,False,False,False,False,False,False,False
NP_177757.1,False,False,False,False,False,False,False
NP_177763.1,False,True,True,True,True,False,False
NP_177862.1,False,False,False,False,False,False,False
NP_177871.1,False,False,False,False,False,False,False
NP_177886.2,False,False,False,False,False,False,False
NP_178052.1,False,True,True,True,True,False,False
NP_178085.1,False,True,True,True,True,False,False
NP_178086.1,False,True,True,True,True,False,False
NP_178125.1,False,True,True,True,True,False,False
NP_178161.1,False,False,False,False,False,False,False
NP_178175.1,False,False,False,False,False,False,False
NP_178183.2,True,False,False,False,False,False,True
NP_178193.1,False,False,False,False,False,False,False
NP_178197.1,False,False,False,False,False,False,False
NP_178199.1,False,True,True,False,False,False,False
NP_178317.2,False,False,False,False,False,False,False
NP_178319.1,False,False,False,False,False,False,False
NP_178320.1,False,False,False,False,False,False,False
NP_178321.1,False,False,False,False,False,False,False
NP_178322.1,False,False,False,False,False,False,False
NP_178330.1,True,True,True,True,True,True,False
NP_178377.2,False,False,False,False,False,False,False
NP_178383.1,False,True,True,True,True,False,False
NP_178407.2,False,False,False,False,False,False,False
NP_178429.1,False,True,True,True,True,False,False
NP_178443.1,False,False,False,False,False,False,False
NP_178471.1,False,False,False,False,False,False,False
NP_178551.2,False,False,False,False,False,False,False
NP_178637.2,True,True,True,True,True,True,False
NP_178651.1,False,True,True,True,True,False,False
NP_178731.2,False,True,True,True,True,False,False
NP_178999.2,True,True,True,True,True,True,False
NP_179000.3,True,True,True,True,True,True,False
NP_179062.1,False,False,False,False,False,False,False
NP_179064.1,False,True,True,True,True,True,False
NP_179150.3,False,False,False,False,False,False,False
NP_179232.1,False,False,False,False,False,False,False
NP_179297.2,True,True,True,True,True,True,False
NP_179298.2,True,True,True,True,True,True,False
NP_179318.1,False,False,False,False,False,False,False
NP_179323.1,False,False,False,False,False,False,False
NP_179335.3,False,False,False,False,False,False,False
NP_179409.1,False,True,True,True,True,False,False
NP_179469.1,False,False,False,False,False,False,False
NP_179509.1,True,True,True,True,True,True,False
NP_179534.1,True,True,True,True,True,True,False
NP_179549.1,False,False,False,False,False,False,False
NP_179566.1,False,False,False,False,False,False,False
NP_179571.1,False,False,False,False,False,False,False
NP_179589.1,True,True,True,True,True,True,False
NP_179621.1,False,False,False,False,False,False,False
NP_179650.1,False,False,False,False,False,False,False
NP_179708.2,False,False,False,False,False,False,False
NP_179760.1,False,False,False,False,False,False,False
NP_179791.1,False,False,False,False,False,False,False
NP_179812.1,False,False,False,False,False,False,False
NP_179820.2,False,False,False,False,False,False,False
NP_179896.1,False,False,False,False,False,False,False
NP_179937.1,False,False,False,False,False,False,False
NP_179943.1,False,False,False,False,False,False,False
NP_179957.1,False,True,True,True,True,False,False
NP_180072.1,False,True,True,False,False,False,False
NP_180171.1,False,False,False,False,False,False,False
NP_180172.1,False,False,False,False,False,False,False
NP_180197.1,False,True,True,True,True,False,False
NP_180201.1,True,True,True,True,True,True,False
NP_180255.1,False,False,False,False,False,False,False
NP_180273.1,False,False,False,False,False,False,False
NP_180426.1,False,True,True,True,True,False,False
NP_180459.2,False,True,True,True,True,False,False
NP_180485.1,True,True,True,True,True,False,False
NP_180488.1,True,True,True,True,True,False,False
NP_180496.1,False,False,False,False,False,False,False
NP_180507.1,False,False,False,False,False,False,False
NP_180633.3,False,False,False,False,False,False,False
NP_180635.3,False,False,False,False,False,False,False
NP_180643.1,False,False,False,False,False,False,False
NP_180747.1,True,True,True,True,True,True,False
NP_180758.1,False,False,False,False,False,False,False
NP_180773.3,False,True,True,True,True,False,False
NP_180827.1,False,True,True,True,True,False,False
NP_180845.2,False,False,False,False,False,False,False
NP_180853.2,False,False,False,False,False,False,False
NP_180896.1,False,False,False,False,False,False,False
NP_180912.2,False,False,False,False,False,False,False
NP_180916.1,False,True,True,True,True,False,False
NP_180923.1,False,False,False,False,False,False,False
NP_181007.1,False,False,False,False,False,False,False
NP_181016.1,False,False,False,False,False,False,False
NP_181045.1,False,False,False,False,False,False,False
NP_181056.2,False,False,False,False,False,False,False
NP_181137.2,False,False,False,False,False,False,False
NP_181140.1,False,False,False,True,True,False,False
NP_181142.1,False,False,False,False,False,False,False
NP_181186.1,False,False,False,False,False,False,False
NP_181190.3,False,False,False,False,False,False,False
NP_181241.1,True,True,True,True,True,False,False
NP_181250.1,False,False,False,False,False,False,False
NP_181259.1,False,False,False,False,False,False,False
NP_181299.1,False,False,False,False,False,False,False
NP_181307.1,True,True,True,True,True,False,False
NP_181359.1,False,False,False,False,False,False,False
NP_181381.2,False,True,True,True,True,False,False
NP_181455.1,False,False,False,False,False,False,False
NP_181459.4,False,False,False,False,False,False,False
NP_181496.1,False,True,True,True,True,False,False
NP_181507.1,False,False,False,False,False,False,False
NP_181529.1,False,False,False,False,False,False,False
NP_181532.2,False,False,False,False,False,False,False
NP_181551.1,False,False,False,False,False,False,False
NP_181607.1,False,False,False,False,False,False,False
NP_181620.1,False,False,False,False,False,False,False
NP_181635.2,False,False,False,False,False,False,False
NP_181639.1,False,False,False,False,False,False,False
NP_181668.1,False,True,True,True,True,False,False
NP_181679.4,False,False,False,False,False,False,False
NP_181687.1,False,False,False,False,False,False,False
NP_181730.1,False,False,False,False,False,False,False
NP_181755.1,False,False,False,False,False,False,False
NP_181781.1,False,False,False,False,False,False,False
NP_181879.1,False,False,False,False,False,False,False
NP_181880.1,False,False,False,False,False,False,False
NP_181881.2,False,False,False,False,False,False,False
NP_181885.1,True,True,True,True,True,True,False
NP_181897.1,True,True,True,True,True,False,False
NP_181898.1,True,True,True,True,True,False,False
NP_181899.1,False,False,False,False,False,False,False
NP_181907.1,False,True,True,True,True,False,False
NP_181913.3,False,True,True,True,True,False,False
NP_181919.1,False,False,False,False,False,False,False
NP_181939.1,False,False,False,False,False,False,False
NP_181972.2,False,False,False,False,False,False,False
NP_181977.1,False,False,False,False,False,False,False
NP_182011.1,False,False,False,False,False,False,False
NP_182022.2,False,False,False,False,False,False,False
NP_182100.2,False,False,False,False,False,False,False
NP_182106.1,False,False,False,False,False,False,False
NP_182113.2,False,False,False,False,False,False,False
NP_182147.1,False,False,False,False,False,False,False
NP_182153.2,False,False,False,False,False,False,False
NP_182163.1,False,False,False,False,False,False,False
NP_182167.2,False,False,False,False,False,False,False
NP_182235.1,False,False,False,False,False,False,False
NP_182274.1,False,False,False,False,False,False,False
NP_186770.3,False,False,False,False,False,False,False
NP_186777.1,False,False,False,False,False,False,False
NP_186779.1,False,True,True,True,True,False,False
NP_186791.1,False,False,False,False,False,False,False
NP_186799.2,False,False,False,False,False,False,False
NP_186817.1,False,False,False,False,False,False,False
NP_186857.1,False,False,False,False,False,False,False
NP_186995.1,False,False,False,False,False,False,False
NP_187014.1,False,False,False,False,False,False,False
NP_187047.1,False,False,False,False,False,False,False
NP_187051.3,True,True,True,True,True,True,False
NP_187123.1,True,False,True,False,False,False,False
NP_187125.1,False,False,False,False,False,False,False
NP_187187.1,False,True,True,True,True,False,False
NP_187274.1,False,True,True,True,False,False,False
NP_187301.1,False,False,False,False,False,False,False
NP_187307.3,False,False,False,False,False,False,False
NP_187354.1,False,False,False,False,False,False,False
NP_187360.1,True,True,True,True,True,True,False
NP_187401.1,False,False,False,False,False,False,False
NP_187464.1,False,False,False,False,False,False,False
NP_187499.1,True,True,True,True,True,False,False
NP_187508.5,False,False,False,False,False,False,False
NP_187515.1,False,False,False,False,False,False,False
NP_187531.1,False,False,False,False,False,False,False
NP_187537.1,False,False,False,False,False,False,False
NP_187582.1,False,False,False,False,False,False,False
NP_187594.1,False,True,True,True,True,False,False
NP_187609.2,False,False,False,False,False,False,False
NP_187630.1,False,False,False,False,False,False,False
NP_187650.4,True,False,False,False,False,False,True
NP_187679.1,False,False,False,False,False,False,False
NP_187728.1,False,False,False,False,False,False,False
NP_187733.1,False,False,False,False,False,False,False
NP_187734.1,False,False,False,False,False,False,False
NP_187742.1,False,False,False,False,False,False,False
NP_187748.1,False,False,False,False,False,False,False
NP_187755.2,False,False,False,False,False,False,False
NP_187788.1,True,False,False,False,False,False,True
NP_187821.1,False,False,False,False,False,False,False
NP_187965.1,True,True,True,True,True,True,False
NP_188048.1,True,False,False,False,False,False,True
NP_188064.1,True,True,True,True,True,True,False
NP_188065.1,True,True,True,True,True,True,False
NP_188102.5,True,True,True,True,True,True,False
NP_188119.1,False,False,False,False,False,False,False
NP_188139.1,False,False,False,False,False,False,False
NP_188158.4,False,False,False,False,False,False,False
NP_188191.1,True,True,True,True,True,True,False
NP_188224.1,False,True,True,True,True,False,False
NP_188272.1,False,False,False,False,False,False,False
NP_188294.1,False,False,False,False,False,False,False
NP_188425.2,False,False,False,False,False,False,False
NP_188465.1,False,False,False,False,False,False,False
NP_188478.1,False,False,False,False,False,False,False
NP_188550.3,False,False,False,False,False,False,False
NP_188603.1,False,True,True,True,True,True,False
NP_188666.1,False,False,False,False,False,False,False
NP_188689.1,False,True,True,True,True,False,False
NP_188695.2,False,True,True,True,True,False,False
NP_188696.1,False,True,True,True,True,False,False
NP_188713.1,False,False,False,False,False,False,False
NP_188745.1,False,False,False,False,False,False,False
NP_188746.2,False,False,False,False,False,False,False
NP_188759.1,False,True,True,True,True,False,False
NP_188774.2,False,False,False,False,False,False,False
NP_188802.1,False,False,False,False,False,False,False
NP_188879.2,False,False,False,False,False,False,False
NP_188965.1,False,False,False,False,False,False,False
NP_188997.1,False,False,False,False,False,False,False
NP_189020.2,False,False,False,False,False,False,False
NP_189024.1,False,False,False,False,False,False,False
NP_189076.1,True,True,True,True,True,True,False
NP_189094.1,False,False,False,False,False,False,False
NP_189123.2,False,True,True,True,True,False,False
NP_189124.1,False,False,False,False,False,False,False
NP_189138.1,False,True,True,True,True,False,False
NP_189143.2,False,False,False,False,False,False,False
NP_189154.1,False,False,False,False,False,False,False
NP_189162.1,False,False,False,False,False,False,False
NP_189183.2,True,True,True,True,True,True,False
NP_189231.1,False,False,False,False,False,False,False
NP_189266.1,False,False,False,False,False,False,False
NP_189276.1,False,False,False,False,False,False,False
NP_189277.1,False,False,False,False,False,False,False
NP_189318.1,False,False,False,False,False,False,False
NP_189404.2,False,False,False,False,False,False,False
NP_189486.1,True,True,True,True,True,True,False
NP_189510.2,False,True,True,True,True,False,False
NP_189516.1,False,False,False,False,False,False,False
NP_189533.1,False,False,False,False,False,False,False
NP_189535.1,False,False,False,False,False,False,False
NP_189586.1,False,False,False,False,False,False,False
NP_189695.1,False,False,False,False,False,False,False
NP_189701.3,True,False,False,False,False,False,True
NP_189916.4,False,False,False,False,False,False,False
NP_189930.1,False,False,False,False,False,False,False
NP_189958.1,False,False,False,False,False,False,False
NP_189960.2,False,True,True,True,True,False,False
NP_189967.1,False,False,False,False,False,False,False
NP_189978.1,False,False,False,False,False,False,False
NP_190008.1,False,False,False,True,True,False,False
NP_190024.1,False,False,False,False,False,False,False
NP_190026.1,True,True,True,True,True,True,False
NP_190034.2,False,True,True,True,True,True,False
NP_190049.1,True,True,True,True,True,True,False
NP_190053.3,True,True,True,True,True,True,False
NP_190058.1,True,False,False,False,False,False,True
NP_190074.1,False,False,False,False,False,False,False
NP_190119.1,True,True,True,True,True,False,False
NP_190127.1,True,True,True,True,True,False,False
NP_190128.1,True,True,True,True,True,False,False
NP_190129.2,True,True,True,True,True,False,False
NP_190130.1,True,True,True,True,True,False,False
NP_190150.1,False,True,True,True,True,False,False
NP_190172.1,True,True,True,True,True,False,False
NP_190213.2,False,False,False,False,False,False,False
NP_190235.1,False,False,False,False,False,False,False
NP_190237.1,True,True,True,True,True,True,False
NP_190255.1,True,True,True,True,True,True,False
NP_190257.1,True,True,True,True,True,True,False
NP_190260.1,False,True,True,True,True,False,False
NP_190270.1,False,False,False,False,False,False,False
NP_190391.1,True,True,True,True,True,False,False
NP_190392.1,True,True,True,True,True,False,False
NP_190421.1,False,False,False,False,False,False,False
NP_190457.1,False,False,False,False,False,False,False
NP_190468.1,False,False,False,False,False,False,False
NP_190480.1,False,False,False,False,False,False,False
NP_190481.1,False,False,False,False,False,False,False
NP_190519.1,False,False,False,False,False,False,False
NP_190522.1,False,False,False,False,False,False,False
NP_190555.2,False,False,False,False,False,False,False
NP_190556.2,False,False,False,False,False,False,False
NP_190571.1,False,False,False,False,False,False,False
NP_190614.1,False,False,False,False,False,False,False
NP_190615.1,False,False,False,False,False,False,False
NP_190616.1,False,False,False,False,False,False,False
NP_190662.2,False,False,False,False,False,False,False
NP_190664.1,True,True,True,True,True,True,False
NP_190666.1,False,False,False,False,False,False,False
NP_190716.3,False,False,False,False,False,False,False
NP_190723.1,False,True,True,True,True,False,False
NP_190724.1,True,True,True,True,True,True,False
NP_190725.1,True,True,True,True,True,True,False
NP_190808.1,True,False,False,False,False,False,True
NP_190811.1,True,True,True,True,True,False,False
NP_190813.1,False,False,False,False,False,False,False
NP_190814.1,False,False,False,False,False,False,False
NP_190815.1,False,False,False,True,True,False,False
NP_190821.1,False,True,True,True,True,False,False
NP_190894.1,True,True,True,True,True,False,False
NP_190906.1,True,True,True,True,True,False,False
NP_190949.1,True,True,True,True,True,False,False
NP_190966.1,False,False,False,False,False,False,False
NP_190988.1,False,False,False,False,False,False,False
NP_191010.1,True,True,True,True,True,True,False
NP_191052.2,False,False,False,False,False,False,False
NP_191075.2,False,False,False,False,False,False,False
NP_191103.1,True,True,True,True,True,True,False
NP_191105.2,False,True,True,True,True,False,False
NP_191107.1,False,False,False,False,False,False,False
NP_191114.1,True,True,True,True,True,False,False
NP_191115.1,False,False,False,False,False,False,False
NP_191142.1,False,False,False,False,False,False,False
NP_191143.1,False,False,False,False,False,False,False
NP_191156.1,False,False,False,False,False,False,False
NP_191199.1,False,False,False,False,False,False,False
NP_191230.1,False,False,False,False,False,False,False
NP_191233.1,False,False,False,False,False,False,False
NP_191272.1,False,True,True,True,True,False,False
NP_191286.1,True,True,True,True,True,True,False
NP_191292.1,False,False,False,False,False,False,False
NP_191323.1,False,True,True,False,False,False,False
NP_191329.1,False,True,True,True,True,False,False
NP_191330.1,False,True,True,True,True,False,False
NP_191331.2,False,True,True,True,True,False,False
NP_191332.2,False,True,True,True,True,False,False
NP_191333.1,False,True,True,True,True,False,False
NP_191335.1,False,True,False,False,False,False,False
NP_191336.2,False,True,True,False,False,False,False
NP_191345.1,False,False,False,False,False,False,False
NP_191355.1,False,False,False,False,False,False,False
NP_191356.1,False,False,False,False,False,False,False
NP_191359.1,False,False,False,False,False,False,False
NP_191523.1,False,False,False,False,False,False,False
NP_191525.2,False,False,False,False,False,False,False
NP_191532.1,False,True,True,True,True,False,False
NP_191533.1,True,True,True,True,True,False,False
NP_191534.1,True,True,True,True,True,False,False
NP_191552.2,False,False,False,False,False,False,False
NP_191571.4,False,False,False,False,False,False,False
NP_191573.1,False,False,False,False,False,False,False
NP_191641.1,False,False,False,False,False,False,False
NP_191681.1,False,False,False,False,False,False,False
NP_191685.1,False,False,False,False,False,False,False
NP_191703.1,False,False,False,False,False,False,False
NP_191819.1,False,False,False,False,False,False,False
NP_191837.1,False,False,False,False,False,False,False
NP_191890.1,False,False,False,False,True,False,False
NP_191946.1,False,False,False,False,False,False,False
NP_192008.3,True,False,False,False,False,False,True
NP_192034.1,False,True,True,False,False,False,False
NP_192046.1,False,True,True,True,True,False,False
NP_192124.1,True,False,False,False,False,False,True
NP_192139.1,False,False,False,False,False,False,False
NP_192161.1,False,False,False,False,False,False,False
NP_192169.1,False,False,False,False,False,False,False
NP_192173.1,False,False,False,False,False,False,False
NP_192199.1,False,False,False,False,False,False,False
NP_192232.5,False,True,True,True,True,False,False
NP_192358.1,True,True,True,True,True,False,False
NP_192359.1,True,True,True,True,True,False,False
NP_192360.1,True,True,True,True,True,False,False
NP_192363.1,True,True,True,True,True,False,False
NP_192366.1,True,True,True,True,True,False,False
NP_192387.2,False,False,False,False,False,False,False
NP_192429.1,True,True,True,True,True,False,False
NP_192431.1,False,False,False,True,True,False,False
NP_192588.1,False,True,True,True,True,False,False
NP_192590.1,False,True,True,True,True,False,False
NP_192625.4,True,True,True,True,True,True,False
NP_192626.1,False,False,False,False,False,False,False
NP_192697.1,False,False,False,True,True,False,False
NP_192787.1,False,False,False,False,False,False,False
NP_192788.1,False,False,False,False,False,False,False
NP_192851.1,False,False,False,False,False,False,False
NP_192865.1,False,False,False,False,False,False,False
NP_192867.1,False,False,False,False,False,False,False
NP_192885.1,False,True,True,True,True,False,False
NP_192886.1,True,True,True,True,True,False,False
NP_192887.1,True,True,True,True,True,False,False
NP_192888.1,True,True,True,True,True,False,False
NP_192902.1,True,False,False,False,False,True,False
NP_192913.1,False,False,False,False,False,False,False
NP_192922.1,False,False,False,False,False,False,False
NP_192926.1,False,True,True,True,True,False,False
NP_192927.5,False,True,True,True,True,False,False
NP_192938.1,True,True,True,True,True,True,False
NP_192939.2,True,True,True,True,True,True,False
NP_192984.1,False,False,False,False,False,False,False
NP_192985.1,False,False,False,False,False,False,False
NP_192993.2,False,False,False,False,False,False,False
NP_193008.1,False,False,False,False,False,False,False
NP_193055.2,False,True,True,True,True,False,False
NP_193063.2,False,False,False,False,False,False,False
NP_193065.1,False,False,False,False,False,False,False
NP_193067.3,False,False,False,False,False,False,False
NP_193142.1,False,False,False,False,False,False,False
NP_193144.1,True,True,True,True,True,True,False
NP_193173.5,True,True,True,True,True,True,False
NP_193209.2,False,False,False,False,True,False,False
NP_193268.3,False,False,False,False,False,False,False
NP_193309.1,False,False,False,False,False,False,False
NP_193325.1,False,False,False,False,False,False,False
NP_193361.4,True,True,True,True,True,True,False
NP_193420.2,True,True,True,True,True,True,False
NP_193421.3,False,True,True,True,True,False,False
NP_193424.2,True,True,True,True,True,True,False
NP_193425.1,True,True,True,True,True,True,False
NP_193426.1,False,True,True,True,True,False,False
NP_193427.4,True,True,True,True,True,True,False
NP_193428.2,True,True,True,True,True,True,False
NP_193432.4,True,True,True,True,True,True,False
NP_193451.2,True,True,True,True,True,True,False
NP_193501.2,False,True,True,True,True,False,False
NP_193522.1,False,False,False,False,False,False,False
NP_193570.1,False,False,False,False,False,False,False
NP_193611.1,False,True,True,False,True,False,False
NP_193633.2,False,False,False,False,False,False,False
NP_193639.2,False,False,False,False,False,False,False
NP_193640.4,True,True,True,True,True,True,False
NP_193641.1,False,True,True,False,False,True,False
NP_193685.6,True,True,True,True,True,True,False
NP_193686.5,True,True,True,True,True,True,False
NP_193687.3,True,True,True,True,True,True,False
NP_193701.2,True,True,True,True,True,False,False
NP_193705.1,False,False,False,False,False,False,False
NP_193725.3,False,True,True,True,True,False,False
NP_193773.2,False,False,False,False,False,False,False
NP_193815.2,False,False,False,False,False,False,False
NP_193829.2,False,False,False,False,False,False,False
NP_193855.2,True,True,True,True,True,False,False
NP_193869.1,False,True,True,True,True,False,False
NP_193870.1,False,True,True,True,True,False,False
NP_193872.2,True,True,True,True,True,False,False
NP_193978.2,False,False,False,False,False,False,False
NP_194013.1,False,False,False,False,False,False,False
NP_194041.1,False,False,False,False,False,False,False
NP_194046.2,False,True,True,True,True,False,False
NP_194048.1,False,False,False,False,False,False,False
NP_194050.2,True,True,True,True,True,False,False
NP_194052.2,False,True,True,True,True,False,False
NP_194054.3,True,True,True,True,True,False,False
NP_194058.2,True,True,True,True,True,False,False
NP_194060.3,True,True,True,True,True,False,False
NP_194061.2,False,True,True,True,True,False,False
NP_194062.1,False,True,True,True,True,False,False
NP_194082.2,False,True,True,True,True,False,False
NP_194088.1,False,False,False,False,False,False,False
NP_194112.1,False,False,False,False,False,False,False
NP_194149.2,True,False,False,False,False,True,False
NP_194154.1,False,False,False,False,False,False,False
NP_194177.2,False,False,False,False,False,False,False
NP_194183.1,False,False,False,False,False,False,False
NP_194208.1,False,False,False,False,False,False,False
NP_194227.2,True,False,False,False,False,False,True
NP_194233.1,False,False,False,False,False,False,False
NP_194235.1,False,False,False,False,False,False,False
NP_194241.3,True,True,True,True,True,False,False
NP_194253.2,False,False,False,False,False,False,False
NP_194309.1,True,True,True,True,True,True,False
NP_194319.1,False,False,False,False,False,False,False
NP_194337.1,False,True,True,True,True,False,False
NP_194339.1,True,True,True,True,True,True,False
NP_194342.1,True,True,True,True,True,False,False
NP_194404.1,False,False,False,False,False,False,False
NP_194405.1,False,False,False,False,False,False,False
NP_194456.1,True,False,False,False,False,False,True
NP_194459.4,False,True,True,True,True,False,False
NP_194460.1,False,True,True,True,True,False,False
NP_194542.2,False,False,False,False,False,False,False
NP_194575.2,False,False,False,False,False,False,False
NP_194578.1,True,True,True,True,True,True,False
NP_194620.1,False,False,False,False,False,False,False
NP_194633.1,False,False,False,False,False,False,False
NP_194634.1,True,True,True,True,True,False,False
NP_194643.1,False,False,False,False,False,False,False
NP_194657.1,False,False,False,False,False,False,False
NP_194658.2,False,False,False,False,False,False,False
NP_194659.2,False,False,False,False,False,False,False
NP_194664.1,False,False,False,False,False,False,False
NP_194709.2,True,False,False,False,False,False,True
NP_194710.1,False,True,True,True,True,False,False
NP_194723.1,False,False,False,False,False,False,False
NP_194761.1,True,True,True,True,True,True,False
NP_194773.1,False,False,False,False,False,False,False
NP_194839.2,False,True,True,True,True,False,False
NP_194840.3,False,True,True,True,True,False,False
NP_194847.3,True,False,False,False,False,False,True
NP_194878.1,False,False,False,False,False,False,False
NP_194903.2,False,False,False,False,False,False,False
NP_194925.1,False,False,False,False,False,False,False
NP_195098.1,False,True,True,True,True,True,False
NP_195099.1,True,True,True,True,True,True,False
NP_195165.2,True,False,False,False,False,False,True
NP_195242.1,False,False,False,False,False,False,False
NP_195270.1,False,False,False,False,False,False,False
NP_195273.1,False,False,False,False,False,False,False
NP_195350.5,True,False,False,False,False,False,True
NP_195351.2,True,False,False,False,False,False,True
NP_195417.1,False,False,False,False,False,False,False
NP_195422.3,False,False,False,False,False,False,False
NP_195423.1,False,False,False,False,False,False,False
NP_195432.1,False,False,False,False,False,False,False
NP_195462.3,True,False,False,False,False,False,True
NP_195500.1,False,False,False,False,False,False,False
NP_195506.1,False,False,False,False,False,False,False
NP_195526.1,False,False,False,False,False,False,False
NP_195579.2,False,False,False,False,False,True,False
NP_195585.1,False,False,False,False,False,False,False
NP_195594.1,True,True,True,True,True,False,False
NP_195614.2,False,False,False,False,False,False,False
NP_195637.1,False,False,False,False,False,False,False
NP_195705.1,False,False,False,False,False,False,False
NP_195722.2,False,True,True,True,True,False,False
NP_195774.1,True,True,True,True,True,False,False
NP_195776.2,True,True,True,True,True,False,False
NP_195810.2,False,False,False,False,False,False,False
NP_195849.1,False,True,True,True,True,False,False
NP_195851.2,False,False,False,False,False,False,False
NP_195870.1,True,False,False,False,False,False,True
NP_195934.1,True,True,True,True,True,False,False
NP_195941.2,False,False,False,False,False,False,False
NP_195948.1,False,False,False,False,False,False,False
NP_195952.1,False,True,True,True,True,False,False
NP_195955.1,False,False,False,False,False,False,False
NP_196043.2,True,True,True,True,True,False,False
NP_196092.1,True,True,True,True,True,True,False
NP_196130.1,False,False,False,False,False,False,False
NP_196136.1,False,False,False,False,False,False,False
NP_196138.1,False,False,False,False,False,False,False
NP_196179.1,False,False,False,False,False,False,False
NP_196187.1,False,False,False,False,False,False,False
NP_196189.1,False,False,False,False,False,False,False
NP_196197.1,False,False,False,False,False,False,False
NP_196250.1,False,False,False,False,False,False,False
NP_196251.1,False,False,False,False,True,False,False
NP_196290.1,False,False,False,False,False,False,False
NP_196291.1,False,False,False,False,False,False,False
NP_196296.1,False,False,False,False,False,False,False
NP_196312.1,False,False,False,False,False,False,False
NP_196313.1,False,False,False,False,False,False,False
NP_196356.1,True,False,False,False,False,False,True
NP_196386.1,False,False,False,False,False,False,False
NP_196409.1,False,False,False,False,False,False,False
NP_196429.1,False,False,False,False,False,False,False
NP_196591.2,True,True,True,True,True,True,False
NP_196592.1,False,False,False,False,False,False,False
NP_196600.1,False,False,False,False,False,False,False
NP_196615.1,True,True,True,True,True,False,False
NP_196633.2,True,False,False,False,False,False,True
NP_196637.1,False,False,False,False,False,False,False
NP_196657.1,False,False,False,False,False,False,False
NP_196686.1,False,True,True,True,True,True,False
NP_196688.2,False,False,False,False,False,False,False
NP_196702.1,False,True,True,True,True,False,False
NP_196724.3,False,False,False,False,False,False,False
NP_196750.1,False,False,False,False,False,False,False
NP_196775.1,False,False,False,False,False,False,False
NP_196791.1,False,False,False,False,False,False,False
NP_196805.2,False,False,False,False,False,False,False
NP_196806.2,False,False,False,False,False,False,False
NP_196817.2,True,False,False,False,False,False,True
NP_196820.1,False,True,True,True,True,False,False
NP_196836.1,False,False,False,False,False,False,False
NP_196857.2,False,False,False,True,True,False,False
NP_196966.2,True,False,False,False,False,False,True
NP_197012.1,False,True,True,True,True,False,False
NP_197013.1,False,False,False,False,False,False,False
NP_197017.1,False,True,True,False,True,False,False
NP_197042.2,True,False,False,False,False,False,True
NP_197045.1,False,False,False,False,False,False,False
NP_197104.1,True,True,True,True,True,False,False
NP_197186.1,False,False,False,False,False,False,False
NP_197231.1,False,False,False,False,False,False,False
NP_197270.1,True,True,True,True,True,True,False
NP_197290.1,True,True,True,True,True,True,False
NP_197291.2,True,True,True,True,True,True,False
NP_197298.1,False,True,True,True,True,True,False
NP_197323.1,True,True,True,True,True,True,False
NP_197336.4,True,True,True,True,True,True,False
NP_197337.1,True,True,True,True,True,True,False
NP_197362.1,False,True,True,True,True,False,False
NP_197366.1,False,False,False,False,False,False,False
NP_197441.3,False,False,False,False,False,False,False
NP_197532.3,False,False,False,False,False,False,False
NP_197533.1,True,True,True,True,True,True,False
NP_197534.1,True,True,True,True,True,True,False
NP_197538.2,False,False,False,False,False,False,False
NP_197548.1,False,True,True,True,True,True,False
NP_197590.1,False,False,False,False,False,False,False
NP_197602.2,False,False,False,False,False,False,False
NP_197608.1,False,True,True,True,True,False,False
NP_197609.1,False,False,False,False,False,False,False
NP_197613.2,False,False,False,False,False,False,False
NP_197646.1,False,False,False,False,False,False,False
NP_197649.2,False,False,False,False,False,False,False
NP_197655.1,True,False,False,False,False,False,True
NP_197661.1,True,True,True,True,True,True,False
NP_197678.1,False,False,False,False,False,False,False
NP_197747.1,False,False,False,False,False,False,False
NP_197771.1,False,False,False,False,False,False,False
NP_197783.2,False,False,False,False,False,False,False
NP_197797.1,True,False,False,False,False,False,True
NP_197809.1,False,False,False,False,False,False,False
NP_197841.1,False,False,False,False,False,False,False
NP_197842.1,False,False,False,False,False,False,False
NP_197843.2,False,False,False,False,False,False,False
NP_197847.3,False,False,False,False,False,False,False
NP_197854.1,False,False,False,False,False,False,False
NP_197877.1,False,False,False,False,False,False,False
NP_197878.1,False,False,False,False,False,False,False
NP_197880.3,False,False,False,False,False,False,False
NP_197926.2,False,True,True,True,True,False,False
NP_197963.1,False,True,True,True,True,False,False
NP_197972.2,False,False,False,False,False,False,False
NP_197985.2,True,True,True,True,True,True,False
NP_197989.2,False,True,True,False,False,False,False
NP_198044.2,False,False,False,False,False,False,False
NP_198050.1,False,False,False,False,False,False,False
NP_198094.1,False,False,False,False,False,False,False
NP_198152.1,False,False,False,False,False,False,False
NP_198203.1,False,False,False,False,False,False,False
NP_198319.1,False,False,False,False,False,False,False
NP_198395.1,True,True,True,True,True,True,False
NP_198408.2,False,True,True,True,True,False,False
NP_198505.2,False,False,False,False,False,False,False
NP_198507.1,False,False,False,False,False,False,False
NP_198508.1,False,False,False,False,False,False,False
NP_198509.2,True,True,True,True,True,True,False
NP_198513.1,False,False,False,True,True,False,False
NP_198565.1,False,False,False,False,False,False,False
NP_198588.2,False,False,False,False,False,False,False
NP_198593.1,False,False,False,False,False,False,False
NP_198649.2,False,False,False,False,False,False,False
NP_198650.1,True,True,True,True,True,True,False
NP_198651.1,False,True,True,True,True,True,False
NP_198706.1,False,False,False,False,False,False,False
NP_198774.1,False,False,False,False,False,False,False
NP_198818.1,False,False,False,False,False,True,False
NP_198822.3,True,True,True,True,True,True,False
NP_198825.3,True,True,True,True,True,True,False
NP_198826.1,True,True,True,True,True,True,False
NP_198860.1,False,True,True,True,True,False,False
NP_198893.1,False,False,False,False,False,False,False
NP_198898.2,False,False,False,False,False,False,False
NP_198907.1,True,True,True,True,True,True,False
NP_198915.1,False,False,False,False,False,False,False
NP_198969.1,True,True,True,True,True,True,False
NP_198970.1,False,True,True,True,True,True,False
NP_198988.1,False,True,False,False,False,False,False
NP_198989.2,True,True,True,True,True,True,False
NP_198990.3,True,True,True,True,True,True,False
NP_199027.1,True,True,True,True,True,False,False
NP_199073.1,False,False,False,False,False,False,False
NP_199079.1,False,False,False,False,False,False,False
NP_199088.1,False,False,False,False,False,False,False
NP_199109.1,False,False,False,False,False,False,False
NP_199112.1,False,False,False,False,False,False,False
NP_199160.1,True,True,True,True,True,True,False
NP_199169.1,False,False,False,False,False,False,False
NP_199171.3,False,False,False,False,False,False,False
NP_199172.1,False,False,False,False,False,False,False
NP_199194.1,False,False,False,False,False,False,False
NP_199211.2,False,False,False,False,False,False,False
NP_199216.2,False,False,False,False,False,False,False
NP_199220.1,False,False,False,False,False,False,False
NP_199233.1,False,False,False,False,False,False,False
NP_199234.1,False,False,False,False,False,False,False
NP_199255.1,False,False,False,False,False,False,False
NP_199256.1,False,False,False,False,False,False,False
NP_199264.1,True,True,True,True,True,True,False
NP_199270.1,False,False,False,False,False,False,False
NP_199300.1,True,True,True,True,True,True,False
NP_199318.2,True,True,True,True,True,True,False
NP_199319.1,True,True,True,True,True,True,False
NP_199320.1,True,True,True,True,True,False,False
NP_199321.1,False,True,True,True,True,False,False
NP_199322.1,False,False,False,False,False,False,False
NP_199323.2,False,False,False,False,False,False,False
NP_199324.2,True,True,True,True,True,False,False
NP_199338.1,True,True,True,True,True,True,False
NP_199339.2,True,True,True,True,True,True,False
NP_199354.3,False,False,False,False,False,False,False
NP_199363.3,False,False,False,False,False,False,False
NP_199364.2,False,True,True,True,True,False,False
NP_199365.1,False,False,False,False,False,False,False
NP_199369.2,False,False,False,False,False,False,False
NP_199389.1,False,True,True,False,True,False,False
NP_199430.1,False,False,False,False,False,False,False
NP_199438.1,True,True,True,True,True,True,False
NP_199439.5,True,True,True,True,True,True,False
NP_199445.1,False,True,True,True,True,True,False
NP_199447.1,False,True,True,True,True,False,False
NP_199459.2,True,True,True,True,True,True,False
NP_199463.1,True,True,True,True,True,True,False
NP_199464.2,True,True,True,True,True,True,False
NP_199488.1,False,False,False,False,False,False,False
NP_199491.2,False,False,False,False,False,False,False
NP_199498.2,False,False,False,False,False,False,False
NP_199512.2,False,False,False,False,False,False,False
NP_199518.1,False,True,True,True,True,False,False
NP_199533.1,False,False,False,False,False,False,False
NP_199539.1,True,True,True,True,True,True,False
NP_199566.1,False,False,False,False,False,False,False
NP_199597.1,False,False,False,False,False,False,False
NP_199602.1,True,False,False,False,False,False,True
NP_199660.1,False,False,False,False,False,False,False
NP_199673.1,True,True,True,True,True,True,False
NP_199763.1,False,True,True,False,True,False,False
NP_199836.1,False,False,False,False,False,False,False
NP_199891.4,False,False,False,False,False,False,False
NP_199915.1,False,False,False,False,False,False,False
NP_199919.1,True,False,False,False,False,False,True
NP_199976.2,True,True,True,True,True,True,False
NP_200015.1,False,False,False,False,False,False,False
NP_200093.1,False,False,False,False,False,False,False
NP_200169.1,False,False,False,False,False,False,False
NP_200184.1,False,False,False,False,False,False,False
NP_200187.1,False,False,False,False,False,False,False
NP_200236.1,False,False,False,False,False,False,False
NP_200249.1,False,True,True,True,True,False,False
NP_200350.2,False,False,False,False,False,False,False
NP_200352.2,False,False,False,False,False,False,False
NP_200357.2,False,False,False,False,False,False,False
NP_200394.1,True,True,True,True,True,False,False
NP_200412.1,False,False,False,False,False,False,False
NP_200414.1,False,False,False,False,False,False,False
NP_200416.1,False,False,False,False,False,False,False
NP_200457.1,False,True,True,True,True,False,False
NP_200469.1,False,True,True,True,True,False,False
NP_200471.3,False,False,False,False,False,False,False
NP_200532.1,False,False,False,False,False,False,False
NP_200577.2,False,False,False,False,False,False,False
NP_200617.2,True,True,True,True,True,True,False
NP_200634.1,False,False,False,False,False,False,False
NP_200647.1,False,False,False,False,False,False,False
NP_200648.1,False,False,False,False,False,False,False
NP_200651.1,False,False,False,False,False,False,False
NP_200656.2,True,True,True,True,True,True,False
NP_200668.1,False,False,False,False,False,False,False
NP_200734.1,True,True,True,True,True,False,False
NP_200735.1,True,True,True,True,True,False,False
NP_200791.2,False,False,False,False,False,False,False
NP_200809.4,True,False,False,False,False,False,True
NP_200835.1,True,True,True,True,True,False,False
NP_200836.1,True,True,True,True,True,False,False
NP_200839.1,True,True,True,True,True,False,False
NP_200840.1,True,True,True,True,True,False,False
NP_200849.2,False,False,False,False,False,False,False
NP_200868.2,True,False,False,False,False,False,True
NP_200897.1,False,False,False,False,False,False,False
NP_200909.1,False,False,False,False,False,False,False
NP_200925.1,False,False,False,False,False,False,False
NP_200950.1,False,False,False,False,False,False,False
NP_200968.1,False,False,False,False,False,False,False
NP_200995.1,False,False,False,False,False,False,False
NP_201053.2,False,False,False,False,False,False,False
NP_201107.2,True,True,True,True,True,True,False
NP_201171.1,False,False,False,False,False,False,False
NP_201182.1,False,False,False,False,False,False,False
NP_201189.1,False,False,False,False,False,False,False
NP_201202.2,True,False,False,False,False,False,True
NP_201217.1,False,False,False,False,False,False,False
NP_201249.2,False,False,False,False,False,False,False
NP_201280.1,False,False,False,False,False,False,False
NP_201284.1,True,True,True,True,True,True,False
NP_201309.1,False,False,False,False,False,False,False
NP_201324.1,False,False,False,False,False,False,False
NP_201356.2,False,True,True,True,True,False,False
NP_201363.1,True,True,True,True,True,False,False
NP_201372.2,True,True,True,True,True,True,False
NP_201398.1,False,False,False,False,False,False,False
NP_201408.1,False,False,False,False,False,False,False
NP_201414.1,False,False,False,False,False,False,False
NP_201422.1,False,True,True,True,True,False,False
NP_201517.1,False,False,False,False,False,False,False
NP_201531.1,False,False,False,False,False,False,False
NP_201534.1,False,False,False,False,False,False,False
NP_563622.1,False,False,False,False,False,False,False
NP_563647.1,False,False,False,False,False,False,False
NP_563648.1,False,False,False,False,False,False,False
NP_563653.2,False,False,False,False,False,False,False
NP_563660.1,False,False,False,False,False,False,False
NP_563667.1,False,False,False,False,False,False,False
NP_563685.2,False,True,True,True,True,False,False
NP_563691.1,False,False,False,False,False,False,False
NP_563708.1,False,False,False,False,False,False,False
NP_563748.1,False,False,False,True,False,False,False
NP_563788.1,False,False,False,False,False,False,False
NP_563804.4,False,False,False,False,False,False,False
NP_563806.1,False,False,False,False,False,False,False
NP_563816.1,False,False,False,False,False,False,False
NP_563824.1,True,True,True,True,True,False,False
NP_563835.1,False,False,False,False,False,False,False
NP_563851.1,False,False,False,False,False,False,False
NP_563882.1,False,False,False,False,False,False,False
NP_563915.1,False,False,False,False,False,False,False
NP_563945.2,False,False,False,False,False,False,False
NP_563973.1,False,False,False,False,False,False,False
NP_564001.1,True,False,False,False,False,False,True
NP_564019.1,False,False,False,False,False,False,False
NP_564021.1,False,False,False,False,False,False,False
NP_564075.1,False,False,False,False,False,False,False
NP_564081.1,False,False,False,False,False,False,False
NP_564094.1,False,False,False,False,False,False,False
NP_564119.1,False,False,False,False,False,False,False
NP_564126.1,False,False,False,False,False,False,False
NP_564137.1,True,True,True,True,True,False,False
NP_564153.1,False,False,False,False,False,False,False
NP_564156.1,False,False,False,False,False,False,False
NP_564183.1,False,False,False,False,False,False,False
NP_564244.1,False,False,False,False,False,False,False
NP_564257.1,False,False,False,False,False,False,False
NP_564276.1,False,False,False,False,False,False,False
NP_564303.2,False,False,False,False,False,False,False
NP_564307.1,False,False,False,False,False,False,False
NP_564333.1,False,False,False,False,False,False,False
NP_564349.1,False,False,False,False,False,False,False
NP_564383.1,False,False,False,False,False,False,False
NP_564387.1,False,False,False,False,False,False,False
NP_564391.1,False,False,False,False,False,False,False
NP_564405.1,False,True,True,False,True,False,False
NP_564414.2,False,False,False,False,False,False,False
NP_564455.1,False,False,False,False,False,False,False
NP_564456.1,False,False,False,False,False,False,False
NP_564486.1,False,False,False,False,False,False,False
NP_564497.1,True,False,False,False,False,False,True
NP_564528.1,False,True,True,True,True,True,False
NP_564529.4,False,True,True,True,True,False,False
NP_564539.1,False,False,False,False,False,False,False
NP_564607.1,False,False,False,False,False,False,False
NP_564635.1,False,True,True,True,True,False,False
NP_564680.4,False,False,False,False,False,False,False
NP_564682.2,False,False,False,False,False,False,False
NP_564768.1,False,False,False,False,False,False,False
NP_564775.1,False,True,True,True,True,False,False
NP_564789.1,False,False,False,False,False,False,False
NP_564837.1,False,False,False,False,False,False,False
NP_564844.1,False,True,True,True,True,False,False
NP_564855.1,False,False,False,False,False,False,False
NP_564862.1,False,False,False,True,True,False,False
NP_564881.3,False,False,False,False,False,False,False
NP_564898.1,False,True,True,True,True,False,False
NP_564911.1,False,False,False,False,False,False,False
NP_564941.1,False,False,False,False,False,False,False
NP_564955.1,False,True,True,True,True,False,False
NP_564997.1,False,False,False,False,False,False,False
NP_565003.3,False,False,False,False,False,False,False
NP_565038.1,False,False,False,False,False,False,False
NP_565043.1,False,False,False,False,False,False,False
NP_565061.1,False,False,False,False,False,False,False
NP_565074.2,False,False,False,False,False,False,False
NP_565085.1,False,False,False,False,False,False,False
NP_565096.1,False,False,False,False,False,False,False
NP_565111.1,False,False,False,False,False,False,False
NP_565119.1,False,False,False,False,False,False,False
NP_565143.1,False,False,False,False,False,False,False
NP_565162.1,False,False,False,False,False,False,False
NP_565179.1,False,False,False,False,False,False,False
NP_565199.1,False,False,False,False,False,False,False
NP_565200.1,False,False,False,False,False,False,False
NP_565206.1,True,False,False,False,False,False,True
NP_565255.1,True,False,False,False,False,False,True
NP_565264.1,False,False,False,False,False,False,False
NP_565265.1,False,False,False,False,False,False,False
NP_565271.1,False,False,False,False,False,False,False
NP_565272.1,False,False,False,False,False,False,False
NP_565277.1,False,False,False,False,False,False,False
NP_565356.1,False,False,False,False,False,False,False
NP_565357.1,False,False,False,False,False,False,False
NP_565359.1,False,False,False,False,False,False,False
NP_565375.1,False,False,False,False,False,False,False
NP_565383.1,False,False,False,False,False,False,False
NP_565406.1,False,False,False,False,False,False,False
NP_565408.1,False,True,True,True,True,False,False
NP_565416.1,False,False,False,False,False,False,False
NP_565419.1,True,False,False,True,False,False,False
NP_565456.2,False,False,False,False,False,False,False
NP_565477.1,False,False,False,False,False,False,False
NP_565491.1,False,False,False,False,False,False,False
NP_565492.1,False,False,False,False,False,False,False
NP_565534.1,False,False,False,False,False,False,False
NP_565549.1,False,False,False,False,False,False,False
NP_565574.1,False,True,True,False,False,False,False
NP_565585.1,False,False,False,False,False,False,False
NP_565633.1,False,False,False,False,False,False,False
NP_565634.1,False,False,False,False,True,False,False
NP_565670.1,False,False,False,False,False,False,False
NP_565730.1,False,False,False,False,False,False,False
NP_565735.1,False,False,False,False,False,False,False
NP_565741.4,False,False,False,False,False,False,False
NP_565898.1,False,False,False,False,False,False,False
NP_565899.1,False,False,False,False,False,False,False
NP_565902.1,False,False,False,False,False,False,False
NP_565919.1,False,False,False,False,False,False,False
NP_565939.1,False,False,False,False,False,False,False
NP_565959.1,False,False,False,False,False,False,False
NP_565963.2,False,False,False,False,False,False,False
NP_566000.1,False,False,False,False,False,False,False
NP_566002.2,False,False,False,False,False,False,False
NP_566038.1,True,False,False,False,False,False,True
NP_566071.1,False,False,False,False,False,False,False
NP_566122.1,False,False,False,False,False,False,False
NP_566223.1,True,True,True,True,True,True,False
NP_566225.4,False,False,False,False,False,False,False
NP_566232.1,False,False,False,False,False,False,False
NP_566249.1,False,False,False,False,False,False,False
NP_566256.1,False,False,False,False,False,False,False
NP_566298.1,False,True,True,True,True,False,False
NP_566375.1,False,False,False,False,False,False,False
NP_566377.1,False,False,False,False,False,False,False
NP_566382.5,False,False,False,False,False,False,False
NP_566395.1,False,False,False,False,False,False,False
NP_566396.1,False,False,False,True,True,False,False
NP_566402.2,False,False,False,False,False,False,False
NP_566415.3,False,False,False,False,False,False,False
NP_566438.1,False,False,False,False,False,False,False
NP_566485.1,False,False,False,False,False,False,False
NP_566494.1,False,False,False,False,False,True,False
NP_566569.1,False,False,False,False,False,False,False
NP_566590.1,False,False,False,False,False,False,False
NP_566599.1,False,False,False,False,False,False,False
NP_566616.1,False,False,False,False,False,False,False
NP_566632.1,False,False,False,False,False,False,False
NP_566689.2,True,True,True,True,True,False,False
NP_566702.1,False,False,False,False,False,False,False
NP_566712.1,False,False,False,False,False,False,False
NP_566723.1,False,False,False,False,False,False,False
NP_566728.1,False,False,False,False,False,False,False
NP_566800.1,False,False,False,False,False,False,False
NP_566840.1,False,False,False,False,False,False,False
NP_566842.1,False,False,False,False,False,False,False
NP_566861.1,False,False,False,False,False,False,False
NP_566879.1,False,False,False,False,False,False,False
NP_566880.1,False,False,False,False,False,False,False
NP_566882.1,False,False,False,False,False,False,False
NP_566933.1,False,False,False,False,False,False,False
NP_567004.1,False,False,False,False,False,False,False
NP_567018.5,False,False,False,False,False,False,False
NP_567042.1,False,False,False,False,False,False,False
NP_567053.1,False,True,True,True,True,False,False
NP_567063.1,False,False,False,False,False,False,False
NP_567066.1,False,False,False,False,False,False,False
NP_567078.1,False,False,False,False,False,False,False
NP_567094.1,False,False,False,False,False,False,False
NP_567111.1,False,False,False,False,False,False,False
NP_567116.1,False,False,False,False,False,False,False
NP_567123.1,False,False,False,False,False,False,False
NP_567131.1,False,False,False,False,False,False,False
NP_567132.4,False,False,False,False,False,False,False
NP_567135.1,False,False,False,False,False,False,False
NP_567141.1,False,False,False,False,False,False,False
NP_567147.1,False,False,False,False,False,False,False
NP_567163.1,False,False,False,False,False,False,False
NP_567192.1,False,False,False,False,False,False,False
NP_567204.3,True,True,True,True,True,False,False
NP_567215.1,True,False,False,False,False,False,True
NP_567223.1,False,False,False,False,False,False,False
NP_567231.1,False,False,False,False,False,False,False
NP_567233.1,True,True,True,True,True,False,False
NP_567234.1,True,True,True,True,True,False,False
NP_567249.1,False,False,False,False,False,False,False
NP_567255.1,False,False,False,False,False,False,False
NP_567277.1,True,True,True,True,True,False,False
NP_567341.1,False,False,False,False,False,False,False
NP_567399.3,False,False,False,False,False,False,False
NP_567430.1,False,False,False,False,False,False,False
NP_567432.1,False,False,False,False,False,False,False
NP_567480.2,False,False,False,False,False,False,False
NP_567529.1,False,False,False,False,False,False,False
NP_567530.4,False,False,False,False,False,False,False
NP_567536.1,False,False,False,False,False,False,False
NP_567557.1,False,False,False,False,False,False,False
NP_567564.1,False,False,False,False,False,False,False
NP_567581.1,False,False,False,False,False,False,False
NP_567599.3,True,True,True,True,True,False,False
NP_567616.1,False,False,False,False,False,False,False
NP_567626.1,False,False,False,False,False,False,False
NP_567642.1,False,False,False,False,False,False,False
NP_567652.1,False,False,False,False,False,False,False
NP_567653.1,False,False,False,False,False,False,False
NP_567654.1,False,False,False,False,False,False,False
NP_567655.1,False,False,False,False,False,False,False
NP_567657.1,False,False,False,False,False,False,False
NP_567660.1,False,False,False,False,False,False,False
NP_567677.1,True,True,True,True,True,False,False
NP_567678.1,True,True,True,True,True,False,False
NP_567679.2,False,True,True,True,True,False,False
NP_567680.5,False,True,True,True,True,False,False
NP_567697.1,False,False,False,False,False,False,False
NP_567706.1,False,False,False,False,False,False,False
NP_567724.1,False,False,False,False,False,False,False
NP_567759.1,False,False,False,False,False,False,False
NP_567827.1,False,False,False,False,False,False,False
NP_567840.1,False,False,False,False,False,False,False
NP_567845.4,False,False,False,False,False,False,False
NP_567878.2,False,True,True,True,False,False,False
NP_567882.1,False,True,True,False,False,False,False
NP_567917.4,False,False,False,False,False,False,False
NP_567920.1,True,True,True,True,True,True,False
NP_567934.1,False,False,False,False,False,False,False
NP_567942.1,False,False,False,False,False,False,False
NP_567945.1,False,True,True,True,True,False,False
NP_567953.1,False,False,False,False,False,False,False
NP_567957.1,False,False,False,False,False,False,False
NP_567980.1,False,True,True,True,True,False,False
NP_568000.1,True,False,False,False,False,False,True
NP_568015.1,False,False,False,False,False,False,False
NP_568022.1,False,False,False,False,False,False,False
NP_568052.1,False,False,False,False,False,False,False
NP_568144.1,False,False,False,False,False,False,False
NP_568153.2,False,False,False,False,False,False,False
NP_568180.1,True,False,False,False,False,False,True
NP_568207.1,False,False,False,False,False,False,False
NP_568219.1,False,False,False,False,False,False,False
NP_568223.1,False,False,False,False,False,False,False
NP_568224.1,False,False,False,False,False,False,False
NP_568231.1,False,True,True,True,True,False,False
NP_568249.1,False,False,False,False,False,False,False
NP_568271.2,False,False,False,False,False,False,False
NP_568287.1,False,False,False,False,False,False,False
NP_568295.2,False,False,False,False,False,False,False
NP_568307.3,False,True,True,True,True,False,False
NP_568373.1,False,False,False,False,False,False,False
NP_568414.1,False,False,False,False,False,False,False
NP_568439.1,False,False,False,False,False,False,False
NP_568444.1,True,False,False,False,False,False,True
NP_568445.1,False,False,False,False,False,False,False
NP_568454.1,False,False,False,False,False,False,False
NP_568455.1,False,False,False,False,False,False,False
NP_568466.1,False,True,True,True,True,False,False
NP_568479.1,False,False,False,False,False,False,False
NP_568522.1,False,False,False,False,False,False,False
NP_568545.1,False,False,False,False,False,False,False
NP_568553.1,False,False,False,False,False,False,False
NP_568576.2,False,False,False,False,False,False,False
NP_568613.1,False,False,False,False,False,False,False
NP_568651.1,True,False,False,False,False,False,True
NP_568652.1,False,False,False,False,False,False,False
NP_568679.1,False,False,False,False,False,False,False
NP_568699.1,False,False,False,False,False,False,False
NP_568722.1,False,False,False,False,False,False,False
NP_568760.1,False,False,False,False,False,False,False
NP_568762.6,False,False,False,False,False,False,False
NP_568777.1,False,True,True,False,True,False,False
NP_568785.1,False,False,False,False,False,False,False
NP_568807.1,False,False,False,False,False,False,False
NP_568822.1,True,True,True,True,True,True,False
NP_568824.1,False,False,False,False,False,False,False
NP_568840.3,False,False,False,False,False,False,False
NP_568845.1,False,False,False,False,False,False,False
NP_568916.2,False,False,False,False,False,False,False
NP_568921.1,False,False,False,False,False,False,False
NP_568944.1,True,False,False,False,False,False,True
NP_568991.2,False,False,False,False,False,False,False
NP_568995.2,False,True,True,False,False,False,False
NP_569000.1,False,False,False,False,False,False,False
NP_569001.1,False,False,False,False,False,False,False
NP_569002.1,False,False,False,False,False,False,False
NP_569003.1,False,False,False,False,False,False,False
NP_569040.1,False,True,True,True,True,False,False
NP_569051.1,False,False,False,False,False,False,False
NP_680116.2,False,False,False,False,False,False,False
NP_680202.1,False,False,False,False,False,False,False
NP_680206.1,False,False,False,False,True,False,False
NP_680225.2,False,False,False,False,False,False,False
NP_680294.1,False,False,False,False,False,False,False
NP_680396.1,False,False,False,False,False,False,False
NP_680450.1,True,True,True,True,True,True,False
NP_680455.2,False,False,False,False,False,False,False
NP_680473.2,False,False,False,False,False,False,False
NP_680701.1,False,False,False,False,False,False,False
NP_683292.1,False,True,True,True,True,False,False
NP_683323.2,False,False,False,False,False,False,False
NP_683343.1,False,False,False,False,False,False,False
NP_683441.1,True,True,True,True,True,True,False
NP_683446.1,True,True,True,True,True,True,False
NP_683447.2,True,True,True,True,True,True,False
NP_683533.1,False,False,False,False,False,False,False
NP_683568.1,False,False,False,False,False,False,False
NP_683581.1,False,True,True,True,True,False,False
NP_849281.1,True,False,False,False,False,False,True
NP_849290.1,False,False,False,False,False,False,False
NP_849294.1,False,False,False,False,False,False,False
NP_849323.1,False,False,False,False,False,False,False
NP_849362.1,False,True,True,True,True,False,False
NP_849367.1,False,False,False,False,False,False,False
NP_849368.1,False,False,False,False,False,False,False
NP_849381.1,False,False,False,False,False,False,False
NP_849382.1,False,False,False,False,False,False,False
NP_849398.1,True,True,True,True,True,True,False
NP_849399.1,False,True,True,True,True,True,False
NP_849400.2,False,True,True,True,True,True,False
NP_849425.1,True,True,True,True,True,False,False
NP_849426.1,True,True,True,True,True,False,False
NP_849427.1,False,True,True,True,True,False,False
NP_849429.1,False,False,False,False,False,False,False
NP_849432.1,False,False,False,False,False,False,False
NP_849446.1,False,True,True,True,True,False,False
NP_849467.1,False,False,False,False,False,False,False
NP_849497.1,False,False,False,False,False,False,False
NP_849498.1,False,False,False,False,False,False,False
NP_849511.1,False,False,False,False,False,False,False
NP_849512.3,False,False,False,False,False,False,False
NP_849523.1,False,False,False,False,False,False,False
NP_849538.2,True,True,True,True,True,True,False
NP_849548.1,True,True,True,True,True,False,False
NP_849549.1,True,True,True,True,True,False,False
NP_849550.2,True,True,True,True,True,False,False
NP_849552.1,False,False,False,False,False,False,False
NP_849558.1,True,False,False,False,False,False,True
NP_849559.1,False,True,True,True,False,False,False
NP_849569.1,False,False,False,False,False,False,False
NP_849586.1,False,False,False,False,False,False,False
NP_849588.1,False,False,False,False,False,False,False
NP_849608.1,False,False,False,False,False,False,False
NP_849612.1,False,False,False,False,False,False,False
NP_849697.1,False,False,False,False,False,False,False
NP_849739.1,False,False,False,False,False,False,False
NP_849742.2,False,True,True,True,True,False,False
NP_849784.1,False,False,False,False,False,False,False
NP_849786.1,False,False,False,False,False,False,False
NP_849794.1,False,False,False,False,False,False,False
NP_849797.1,False,False,False,False,False,False,False
NP_849803.1,False,True,True,True,True,False,False
NP_849848.1,False,False,False,False,False,False,False
NP_849859.1,False,False,False,False,False,False,False
NP_849865.1,False,True,True,True,True,False,False
NP_849875.1,False,False,False,False,False,False,False
NP_849890.1,False,False,False,False,False,False,False
NP_849891.1,False,False,False,False,False,False,False
NP_849895.1,False,False,False,False,False,False,False
NP_849904.1,False,False,False,False,False,False,False
NP_849915.1,False,False,False,False,False,False,False
NP_849925.1,False,False,False,False,False,False,False
NP_849952.1,False,False,False,False,False,False,False
NP_849979.1,True,False,False,False,False,False,True
NP_849980.1,False,False,False,False,False,False,False
NP_850000.1,False,False,False,False,False,False,False
NP_850007.1,False,False,False,False,False,False,False
NP_850023.1,True,False,False,False,False,False,True
NP_850045.2,False,False,False,False,False,False,False
NP_850110.1,False,False,False,False,False,False,False
NP_850116.1,False,False,False,False,False,False,False
NP_850117.1,False,False,False,False,False,False,False
NP_850155.1,False,False,False,False,False,False,False
NP_850162.1,False,False,False,False,False,False,False
NP_850164.1,False,False,False,False,False,False,False
NP_850175.1,False,False,False,False,False,False,False
NP_850176.1,True,False,False,False,False,False,True
NP_850206.4,False,False,False,False,False,False,False
NP_850207.4,False,False,False,False,False,False,False
NP_850213.1,False,False,False,False,False,False,False
NP_850378.1,False,False,False,False,False,False,False
NP_850385.1,False,False,False,False,False,False,False
NP_850416.1,False,False,False,False,False,False,False
NP_850417.1,False,False,False,False,False,False,False
NP_850453.1,False,False,False,False,False,False,False
NP_850454.5,False,False,False,False,False,False,False
NP_850479.1,False,False,False,False,False,False,False
NP_850484.1,False,False,False,False,False,False,False
NP_850490.1,False,False,False,False,False,False,False
NP_850491.1,False,False,False,False,False,False,False
NP_850519.1,False,False,False,False,False,False,False
NP_850532.1,False,False,False,False,False,False,False
NP_850533.1,False,False,False,False,False,False,False
NP_850554.1,False,False,False,False,False,False,False
NP_850568.1,False,False,False,False,False,False,False
NP_850585.2,False,False,False,False,False,False,False
NP_850654.1,True,True,True,True,True,True,False
NP_850655.1,True,True,True,True,True,True,False
NP_850671.1,False,False,False,False,False,False,False
NP_850677.1,True,True,True,True,True,True,False
NP_850700.1,False,False,False,False,False,False,False
NP_850710.1,False,False,False,False,False,False,False
NP_850711.1,False,False,False,False,False,False,False
NP_850741.1,False,False,False,False,False,False,False
NP_850755.1,False,True,True,True,True,False,False
NP_850776.2,False,False,False,False,False,False,False
NP_850795.1,False,False,False,False,False,False,False
NP_850884.1,False,False,False,False,False,False,False
NP_850885.1,False,False,False,False,False,False,False
NP_850917.2,False,False,False,False,False,False,False
NP_850920.1,False,False,False,False,False,False,False
NP_850926.1,False,False,False,False,False,False,False
NP_850932.2,False,False,False,False,False,False,False
NP_850942.1,True,True,True,True,True,True,False
NP_850963.1,False,False,False,False,False,False,False
NP_850976.1,False,False,False,False,False,False,False
NP_851039.1,False,False,False,False,False,False,False
NP_851076.2,False,False,False,False,False,False,False
NP_851077.1,False,False,False,False,False,False,False
NP_851109.1,False,False,False,False,False,False,False
NP_851117.2,True,True,True,True,True,True,False
NP_851124.1,True,True,True,True,True,True,False
NP_851125.1,False,False,False,False,False,False,False
NP_851131.1,False,True,True,True,True,False,False
NP_851133.1,True,True,True,True,True,True,False
NP_851134.1,False,False,False,False,False,False,False
NP_851178.1,False,False,False,False,False,False,False
NP_851179.1,False,False,False,False,False,False,False
NP_851188.1,False,False,False,False,False,False,False
NP_851228.1,False,False,False,False,False,False,False
NP_851233.1,True,False,False,False,False,False,True
NP_851241.1,False,False,False,False,False,False,False
NP_851248.1,False,False,False,False,False,False,False
NP_851273.1,False,False,False,False,False,False,False
NP_851280.1,False,True,True,True,True,False,False
NP_973389.1,False,False,False,False,False,False,False
NP_973394.1,False,False,False,False,False,False,False
NP_973396.1,False,False,False,False,False,False,False
NP_973403.1,False,True,True,True,True,False,False
NP_973456.1,False,False,False,False,False,False,False
NP_973478.1,False,True,True,True,True,False,False
NP_973489.1,False,False,False,False,False,False,False
NP_973498.1,False,False,False,False,False,False,False
NP_973529.1,False,False,False,False,False,False,False
NP_973531.1,False,False,False,False,False,False,False
NP_973540.1,False,False,False,False,True,False,False
NP_973541.1,False,False,False,False,False,False,False
NP_973558.1,False,False,False,False,False,False,False
NP_973566.1,False,False,False,False,False,False,False
NP_973574.1,False,False,False,False,False,False,False
NP_973578.1,False,False,False,False,False,False,False
NP_973587.1,False,False,False,False,False,False,False
NP_973683.1,False,True,True,True,True,False,False
NP_973686.1,False,False,False,False,False,False,False
NP_973768.1,False,False,False,False,False,False,False
NP_973778.1,False,True,True,True,True,False,False
NP_973799.1,True,False,False,False,False,False,True
NP_973838.1,False,False,False,False,False,False,False
NP_973852.1,False,False,False,False,False,False,False
NP_973864.1,False,False,False,False,False,False,False
NP_973865.1,False,False,False,False,False,False,False
NP_973950.1,False,False,False,False,False,False,False
NP_974058.1,False,False,False,False,False,False,False
NP_974086.1,False,False,False,False,False,False,False
NP_974096.1,False,False,False,False,False,False,False
NP_974174.1,False,False,False,False,False,False,False
NP_974214.1,False,False,False,False,False,False,False
NP_974215.1,False,False,False,False,False,False,False
NP_974270.1,False,True,True,True,True,False,False
NP_974288.1,True,False,False,False,False,False,True
NP_974292.1,False,False,False,False,False,False,False
NP_974293.1,False,False,False,False,False,False,False
NP_974302.1,True,True,True,True,True,True,False
NP_974303.1,True,True,True,True,True,True,False
NP_974317.1,False,False,False,False,False,False,False
NP_974325.1,False,False,False,False,False,False,False
NP_974359.1,False,False,False,False,False,False,False
NP_974381.1,False,True,True,True,True,False,False
NP_974475.1,False,False,False,False,False,False,False
NP_974556.1,False,False,False,False,False,False,False
NP_974577.1,False,True,True,True,True,False,False
NP_974578.1,False,True,True,True,True,False,False
NP_974594.1,False,False,False,False,False,False,False
NP_974608.1,False,False,False,False,False,False,False
NP_974613.1,False,False,False,False,False,False,False
NP_974619.1,False,True,True,True,True,False,False
NP_974727.1,False,False,False,False,False,False,False
NP_974744.1,False,False,False,False,False,False,False
NP_974745.1,False,False,False,False,False,False,False
NP_974753.1,True,False,False,False,False,False,True
NP_974775.1,False,False,False,False,False,False,False
NP_974776.1,False,False,False,False,False,False,False
NP_974804.4,False,False,False,False,False,False,False
NP_974869.1,False,False,False,False,False,False,False
NP_974882.1,False,False,False,False,False,False,False
NP_974938.1,False,False,False,False,False,False,False
NP_974961.1,False,False,False,False,False,False,False
NP_974964.1,False,False,False,False,False,False,False
NP_974969.1,False,False,False,False,False,False,False
NP_974977.1,True,False,False,False,False,False,True
